"time","kind","series","series_label","record","observed","predicted","unit","model","label"
1954,"index","F18_R1_G18","Index 18  / Region 1  / Group 18","1954",4.40903714715002,5.05322105333346,"geometric-mean-scaled index","reference","Reference"
1955,"index","F18_R1_G18","Index 18  / Region 1  / Group 18","1955",3.14529508758885,4.7659417472435,"geometric-mean-scaled index","reference","Reference"
1956,"index","F18_R1_G18","Index 18  / Region 1  / Group 18","1956",3.55845376339654,4.63099072156651,"geometric-mean-scaled index","reference","Reference"
1957,"index","F18_R1_G18","Index 18  / Region 1  / Group 18","1957",3.81367935187817,4.5100474659956,"geometric-mean-scaled index","reference","Reference"
1958,"index","F18_R1_G18","Index 18  / Region 1  / Group 18","1958",4.19937988018333,4.39191932226178,"geometric-mean-scaled index","reference","Reference"
1959,"index","F18_R1_G18","Index 18  / Region 1  / Group 18","1959",5.02003875847804,4.24193418019977,"geometric-mean-scaled index","reference","Reference"
1960,"index","F18_R1_G18","Index 18  / Region 1  / Group 18","1960",6.09415385779237,4.1145273038472,"geometric-mean-scaled index","reference","Reference"
1961,"index","F18_R1_G18","Index 18  / Region 1  / Group 18","1961",5.9871599837675,3.94514623503308,"geometric-mean-scaled index","reference","Reference"
1962,"index","F18_R1_G18","Index 18  / Region 1  / Group 18","1962",4.31836862588877,3.6763911719862,"geometric-mean-scaled index","reference","Reference"
1963,"index","F18_R1_G18","Index 18  / Region 1  / Group 18","1963",2.6756633141332,3.32872949217038,"geometric-mean-scaled index","reference","Reference"
1964,"index","F18_R1_G18","Index 18  / Region 1  / Group 18","1964",2.42251196662564,2.93850901564408,"geometric-mean-scaled index","reference","Reference"
1965,"index","F18_R1_G18","Index 18  / Region 1  / Group 18","1965",2.71599052736943,2.49224124235352,"geometric-mean-scaled index","reference","Reference"
1966,"index","F18_R1_G18","Index 18  / Region 1  / Group 18","1966",2.44814503331434,2.05224429404415,"geometric-mean-scaled index","reference","Reference"
1967,"index","F18_R1_G18","Index 18  / Region 1  / Group 18","1967",1.94746079529619,1.81394916878713,"geometric-mean-scaled index","reference","Reference"
1968,"index","F18_R1_G18","Index 18  / Region 1  / Group 18","1968",1.71471945569896,1.75189111558133,"geometric-mean-scaled index","reference","Reference"
1969,"index","F18_R1_G18","Index 18  / Region 1  / Group 18","1969",1.65433171113289,1.68863878871589,"geometric-mean-scaled index","reference","Reference"
1970,"index","F18_R1_G18","Index 18  / Region 1  / Group 18","1970",1.54780579698768,1.48902577968214,"geometric-mean-scaled index","reference","Reference"
1971,"index","F18_R1_G18","Index 18  / Region 1  / Group 18","1971",1.23412080025738,1.23260383007629,"geometric-mean-scaled index","reference","Reference"
1972,"index","F18_R1_G18","Index 18  / Region 1  / Group 18","1972",1.07338614840291,1.04233974183652,"geometric-mean-scaled index","reference","Reference"
1973,"index","F18_R1_G18","Index 18  / Region 1  / Group 18","1973",0.989103263951998,0.865759149532346,"geometric-mean-scaled index","reference","Reference"
1974,"index","F18_R1_G18","Index 18  / Region 1  / Group 18","1974",0.580301639759145,0.741152896876202,"geometric-mean-scaled index","reference","Reference"
1975,"index","F18_R1_G18","Index 18  / Region 1  / Group 18","1975",0.58813811691667,0.714651959542337,"geometric-mean-scaled index","reference","Reference"
1976,"index","F18_R1_G18","Index 18  / Region 1  / Group 18","1976",0.851064006357214,0.723886619442383,"geometric-mean-scaled index","reference","Reference"
1977,"index","F18_R1_G18","Index 18  / Region 1  / Group 18","1977",0.863018267252948,0.68080204987889,"geometric-mean-scaled index","reference","Reference"
1978,"index","F18_R1_G18","Index 18  / Region 1  / Group 18","1978",0.935245185300877,0.717707991048501,"geometric-mean-scaled index","reference","Reference"
1979,"index","F18_R1_G18","Index 18  / Region 1  / Group 18","1979",0.811891863308134,0.84200252906662,"geometric-mean-scaled index","reference","Reference"
1980,"index","F18_R1_G18","Index 18  / Region 1  / Group 18","1980",0.857986996795637,0.925982082342435,"geometric-mean-scaled index","reference","Reference"
1981,"index","F18_R1_G18","Index 18  / Region 1  / Group 18","1981",0.969775742290399,0.866004033834907,"geometric-mean-scaled index","reference","Reference"
1982,"index","F18_R1_G18","Index 18  / Region 1  / Group 18","1982",0.754187984251701,0.75326484098311,"geometric-mean-scaled index","reference","Reference"
1983,"index","F18_R1_G18","Index 18  / Region 1  / Group 18","1983",0.847323525052082,0.683537998912292,"geometric-mean-scaled index","reference","Reference"
1984,"index","F18_R1_G18","Index 18  / Region 1  / Group 18","1984",0.697012441179108,0.665233949904791,"geometric-mean-scaled index","reference","Reference"
1985,"index","F18_R1_G18","Index 18  / Region 1  / Group 18","1985",0.700113985527936,0.714680065592976,"geometric-mean-scaled index","reference","Reference"
1986,"index","F18_R1_G18","Index 18  / Region 1  / Group 18","1986",0.916792661518106,0.759397850118366,"geometric-mean-scaled index","reference","Reference"
1987,"index","F18_R1_G18","Index 18  / Region 1  / Group 18","1987",0.932698710694853,0.810227732442538,"geometric-mean-scaled index","reference","Reference"
1988,"index","F18_R1_G18","Index 18  / Region 1  / Group 18","1988",0.933673375591985,0.768286620435342,"geometric-mean-scaled index","reference","Reference"
1989,"index","F18_R1_G18","Index 18  / Region 1  / Group 18","1989",0.68771709247243,0.756447897743041,"geometric-mean-scaled index","reference","Reference"
1990,"index","F18_R1_G18","Index 18  / Region 1  / Group 18","1990",0.776975789161292,0.762326313200317,"geometric-mean-scaled index","reference","Reference"
1991,"index","F18_R1_G18","Index 18  / Region 1  / Group 18","1991",0.655727821196814,0.726725855174442,"geometric-mean-scaled index","reference","Reference"
1992,"index","F18_R1_G18","Index 18  / Region 1  / Group 18","1992",0.872502177541898,0.710642814150925,"geometric-mean-scaled index","reference","Reference"
1993,"index","F18_R1_G18","Index 18  / Region 1  / Group 18","1993",0.879147658089477,0.748778002661571,"geometric-mean-scaled index","reference","Reference"
1994,"index","F18_R1_G18","Index 18  / Region 1  / Group 18","1994",0.948738796667378,0.791911735198629,"geometric-mean-scaled index","reference","Reference"
1995,"index","F18_R1_G18","Index 18  / Region 1  / Group 18","1995",0.883131727989847,0.836215654689404,"geometric-mean-scaled index","reference","Reference"
1996,"index","F18_R1_G18","Index 18  / Region 1  / Group 18","1996",0.837306959406211,0.840659480310528,"geometric-mean-scaled index","reference","Reference"
1997,"index","F18_R1_G18","Index 18  / Region 1  / Group 18","1997",0.95208949005856,0.869397690889871,"geometric-mean-scaled index","reference","Reference"
1998,"index","F18_R1_G18","Index 18  / Region 1  / Group 18","1998",0.856547687420413,0.828472961427072,"geometric-mean-scaled index","reference","Reference"
1999,"index","F18_R1_G18","Index 18  / Region 1  / Group 18","1999",0.61266101448799,0.863092160930256,"geometric-mean-scaled index","reference","Reference"
2000,"index","F18_R1_G18","Index 18  / Region 1  / Group 18","2000",0.679263091965619,0.899022300858714,"geometric-mean-scaled index","reference","Reference"
2001,"index","F18_R1_G18","Index 18  / Region 1  / Group 18","2001",0.663388123597169,0.840805764508353,"geometric-mean-scaled index","reference","Reference"
2002,"index","F18_R1_G18","Index 18  / Region 1  / Group 18","2002",0.695863453728742,0.660991026225313,"geometric-mean-scaled index","reference","Reference"
2003,"index","F18_R1_G18","Index 18  / Region 1  / Group 18","2003",0.520428254256146,0.558948407853314,"geometric-mean-scaled index","reference","Reference"
2004,"index","F18_R1_G18","Index 18  / Region 1  / Group 18","2004",0.457969008695485,0.563614001029817,"geometric-mean-scaled index","reference","Reference"
2005,"index","F18_R1_G18","Index 18  / Region 1  / Group 18","2005",0.57000982730679,0.528677456117855,"geometric-mean-scaled index","reference","Reference"
2006,"index","F18_R1_G18","Index 18  / Region 1  / Group 18","2006",0.692547701969523,0.539135527117155,"geometric-mean-scaled index","reference","Reference"
2007,"index","F18_R1_G18","Index 18  / Region 1  / Group 18","2007",0.763296075617131,0.59905365951802,"geometric-mean-scaled index","reference","Reference"
2008,"index","F18_R1_G18","Index 18  / Region 1  / Group 18","2008",0.557991706511396,0.668116859865951,"geometric-mean-scaled index","reference","Reference"
2009,"index","F18_R1_G18","Index 18  / Region 1  / Group 18","2009",0.644374806432787,0.648431819999568,"geometric-mean-scaled index","reference","Reference"
2010,"index","F18_R1_G18","Index 18  / Region 1  / Group 18","2010",0.629833334064991,0.490158403224318,"geometric-mean-scaled index","reference","Reference"
2011,"index","F18_R1_G18","Index 18  / Region 1  / Group 18","2011",0.472776191924379,0.508143601450776,"geometric-mean-scaled index","reference","Reference"
2012,"index","F18_R1_G18","Index 18  / Region 1  / Group 18","2012",0.561037772817115,0.559347958686277,"geometric-mean-scaled index","reference","Reference"
2013,"index","F18_R1_G18","Index 18  / Region 1  / Group 18","2013",0.518607359493591,0.5552563127414,"geometric-mean-scaled index","reference","Reference"
2014,"index","F18_R1_G18","Index 18  / Region 1  / Group 18","2014",0.534249440170542,0.565275842604407,"geometric-mean-scaled index","reference","Reference"
2015,"index","F18_R1_G18","Index 18  / Region 1  / Group 18","2015",0.610459945494768,0.598364407342988,"geometric-mean-scaled index","reference","Reference"
2016,"index","F18_R1_G18","Index 18  / Region 1  / Group 18","2016",0.483833914957584,0.629982338302938,"geometric-mean-scaled index","reference","Reference"
2017,"index","F18_R1_G18","Index 18  / Region 1  / Group 18","2017",0.503585067785675,0.629918718035722,"geometric-mean-scaled index","reference","Reference"
2018,"index","F18_R1_G18","Index 18  / Region 1  / Group 18","2018",0.44199217333407,0.559084962493676,"geometric-mean-scaled index","reference","Reference"
2019,"index","F18_R1_G18","Index 18  / Region 1  / Group 18","2019",0.466975339471439,0.508427166405218,"geometric-mean-scaled index","reference","Reference"
2020,"index","F18_R1_G18","Index 18  / Region 1  / Group 18","2020",0.377731205082218,0.485781504561016,"geometric-mean-scaled index","reference","Reference"
2021,"index","F18_R1_G18","Index 18  / Region 1  / Group 18","2021",0.384903092509445,0.48217499435501,"geometric-mean-scaled index","reference","Reference"
2022,"index","F18_R1_G18","Index 18  / Region 1  / Group 18","2022",0.533173522636986,0.442247239021951,"geometric-mean-scaled index","reference","Reference"
1992,"index","F19_R1_G19","Index 19  / Region 1  / Group 19","1992",1.85927115000846,0.889474113208919,"geometric-mean-scaled index","reference","Reference"
1993,"index","F19_R1_G19","Index 19  / Region 1  / Group 19","1993",0.849266654622091,0.862185669570745,"geometric-mean-scaled index","reference","Reference"
1994,"index","F19_R1_G19","Index 19  / Region 1  / Group 19","1994",1.00123553533734,0.852972380582893,"geometric-mean-scaled index","reference","Reference"
1995,"index","F19_R1_G19","Index 19  / Region 1  / Group 19","1995",1.31046507492219,1.0058352433483,"geometric-mean-scaled index","reference","Reference"
1996,"index","F19_R1_G19","Index 19  / Region 1  / Group 19","1996",1.21306505673522,1.04477028639624,"geometric-mean-scaled index","reference","Reference"
1997,"index","F19_R1_G19","Index 19  / Region 1  / Group 19","1997",0.799390157141791,0.792935506212739,"geometric-mean-scaled index","reference","Reference"
1998,"index","F19_R1_G19","Index 19  / Region 1  / Group 19","1998",1.99291282185133,0.654449901188984,"geometric-mean-scaled index","reference","Reference"
1999,"index","F19_R1_G19","Index 19  / Region 1  / Group 19","1999",1.3696369541503,0.626726371854744,"geometric-mean-scaled index","reference","Reference"
2000,"index","F19_R1_G19","Index 19  / Region 1  / Group 19","2000",0.965612099781253,1.04891328206764,"geometric-mean-scaled index","reference","Reference"
2001,"index","F19_R1_G19","Index 19  / Region 1  / Group 19","2001",0.810369966030035,0.814153017677498,"geometric-mean-scaled index","reference","Reference"
2002,"index","F19_R1_G19","Index 19  / Region 1  / Group 19","2002",0.74171237247259,0.974653519530247,"geometric-mean-scaled index","reference","Reference"
2003,"index","F19_R1_G19","Index 19  / Region 1  / Group 19","2003",1.03600097632011,1.34901315257986,"geometric-mean-scaled index","reference","Reference"
2004,"index","F19_R1_G19","Index 19  / Region 1  / Group 19","2004",1.05045112419079,1.23481843885451,"geometric-mean-scaled index","reference","Reference"
2005,"index","F19_R1_G19","Index 19  / Region 1  / Group 19","2005",0.734713898314047,0.868120915069159,"geometric-mean-scaled index","reference","Reference"
2006,"index","F19_R1_G19","Index 19  / Region 1  / Group 19","2006",0.882670668461906,0.79835327687631,"geometric-mean-scaled index","reference","Reference"
2007,"index","F19_R1_G19","Index 19  / Region 1  / Group 19","2007",1.03363575876466,1.06793694275275,"geometric-mean-scaled index","reference","Reference"
2008,"index","F19_R1_G19","Index 19  / Region 1  / Group 19","2008",1.33647576097039,1.31495872399046,"geometric-mean-scaled index","reference","Reference"
2009,"index","F19_R1_G19","Index 19  / Region 1  / Group 19","2009",0.832547956398684,1.11886174856489,"geometric-mean-scaled index","reference","Reference"
2010,"index","F19_R1_G19","Index 19  / Region 1  / Group 19","2010",1.1710748925389,1.08660401459906,"geometric-mean-scaled index","reference","Reference"
2011,"index","F19_R1_G19","Index 19  / Region 1  / Group 19","2011",1.14908021933067,1.29869313827757,"geometric-mean-scaled index","reference","Reference"
2012,"index","F19_R1_G19","Index 19  / Region 1  / Group 19","2012",0.992144371207608,1.3374358476587,"geometric-mean-scaled index","reference","Reference"
2013,"index","F19_R1_G19","Index 19  / Region 1  / Group 19","2013",0.812541615693899,1.09807645630733,"geometric-mean-scaled index","reference","Reference"
2014,"index","F19_R1_G19","Index 19  / Region 1  / Group 19","2014",0.869128916645273,0.958284464734191,"geometric-mean-scaled index","reference","Reference"
2015,"index","F19_R1_G19","Index 19  / Region 1  / Group 19","2015",0.923487470227196,1.08501985750454,"geometric-mean-scaled index","reference","Reference"
2016,"index","F19_R1_G19","Index 19  / Region 1  / Group 19","2016",0.994049496935054,1.11593989144454,"geometric-mean-scaled index","reference","Reference"
2017,"index","F19_R1_G19","Index 19  / Region 1  / Group 19","2017",0.679637993540111,0.829040010565546,"geometric-mean-scaled index","reference","Reference"
2018,"index","F19_R1_G19","Index 19  / Region 1  / Group 19","2018",1.1614387047662,0.715644144213782,"geometric-mean-scaled index","reference","Reference"
2019,"index","F19_R1_G19","Index 19  / Region 1  / Group 19","2019",0.909406517143503,1.24955468821539,"geometric-mean-scaled index","reference","Reference"
2020,"index","F19_R1_G19","Index 19  / Region 1  / Group 19","2020",0.960523282163485,1.33381122032041,"geometric-mean-scaled index","reference","Reference"
2021,"index","F19_R1_G19","Index 19  / Region 1  / Group 19","2021",0.974737478989675,1.21249038233779,"geometric-mean-scaled index","reference","Reference"
2022,"index","F19_R1_G19","Index 19  / Region 1  / Group 19","2022",0.665420460916155,1.02756542231333,"geometric-mean-scaled index","reference","Reference"
1954,"index","F20_R2_G20","Index 20  / Region 2  / Group 20","1954",4.21096154805618,3.25878707108711,"geometric-mean-scaled index","reference","Reference"
1955,"index","F20_R2_G20","Index 20  / Region 2  / Group 20","1955",3.11733650195403,3.18595083960855,"geometric-mean-scaled index","reference","Reference"
1956,"index","F20_R2_G20","Index 20  / Region 2  / Group 20","1956",3.11471220345346,3.15932950183558,"geometric-mean-scaled index","reference","Reference"
1957,"index","F20_R2_G20","Index 20  / Region 2  / Group 20","1957",2.49122048423764,3.13208450629577,"geometric-mean-scaled index","reference","Reference"
1958,"index","F20_R2_G20","Index 20  / Region 2  / Group 20","1958",3.38277838084962,3.1057235746543,"geometric-mean-scaled index","reference","Reference"
1959,"index","F20_R2_G20","Index 20  / Region 2  / Group 20","1959",3.53910335426992,3.07613646676439,"geometric-mean-scaled index","reference","Reference"
1960,"index","F20_R2_G20","Index 20  / Region 2  / Group 20","1960",2.88806453309758,3.0243162274745,"geometric-mean-scaled index","reference","Reference"
1961,"index","F20_R2_G20","Index 20  / Region 2  / Group 20","1961",2.77519235560544,2.70737997157584,"geometric-mean-scaled index","reference","Reference"
1962,"index","F20_R2_G20","Index 20  / Region 2  / Group 20","1962",2.84542670742501,2.55447420786954,"geometric-mean-scaled index","reference","Reference"
1963,"index","F20_R2_G20","Index 20  / Region 2  / Group 20","1963",2.15624779216803,2.07393695136438,"geometric-mean-scaled index","reference","Reference"
1964,"index","F20_R2_G20","Index 20  / Region 2  / Group 20","1964",1.77294323917794,1.62499603331218,"geometric-mean-scaled index","reference","Reference"
1965,"index","F20_R2_G20","Index 20  / Region 2  / Group 20","1965",1.39305357413891,1.53902221589105,"geometric-mean-scaled index","reference","Reference"
1966,"index","F20_R2_G20","Index 20  / Region 2  / Group 20","1966",2.15604911541288,1.60762036046134,"geometric-mean-scaled index","reference","Reference"
1967,"index","F20_R2_G20","Index 20  / Region 2  / Group 20","1967",1.83466830687541,1.76238411541792,"geometric-mean-scaled index","reference","Reference"
1968,"index","F20_R2_G20","Index 20  / Region 2  / Group 20","1968",1.49027459282616,1.48929326509766,"geometric-mean-scaled index","reference","Reference"
1969,"index","F20_R2_G20","Index 20  / Region 2  / Group 20","1969",0.90397341842816,1.13745787512669,"geometric-mean-scaled index","reference","Reference"
1970,"index","F20_R2_G20","Index 20  / Region 2  / Group 20","1970",1.74296686069583,1.0937688084882,"geometric-mean-scaled index","reference","Reference"
1971,"index","F20_R2_G20","Index 20  / Region 2  / Group 20","1971",1.05128168838887,0.969960126516127,"geometric-mean-scaled index","reference","Reference"
1972,"index","F20_R2_G20","Index 20  / Region 2  / Group 20","1972",1.03629787461149,0.87109506694639,"geometric-mean-scaled index","reference","Reference"
1973,"index","F20_R2_G20","Index 20  / Region 2  / Group 20","1973",1.14631510743072,0.785203271582978,"geometric-mean-scaled index","reference","Reference"
1974,"index","F20_R2_G20","Index 20  / Region 2  / Group 20","1974",0.503606327140092,0.686269955205001,"geometric-mean-scaled index","reference","Reference"
1975,"index","F20_R2_G20","Index 20  / Region 2  / Group 20","1975",0.345168043176568,0.628392576859641,"geometric-mean-scaled index","reference","Reference"
1976,"index","F20_R2_G20","Index 20  / Region 2  / Group 20","1976",0.392881567888747,0.614590769546345,"geometric-mean-scaled index","reference","Reference"
1977,"index","F20_R2_G20","Index 20  / Region 2  / Group 20","1977",0.722292569399697,0.737136834626289,"geometric-mean-scaled index","reference","Reference"
1978,"index","F20_R2_G20","Index 20  / Region 2  / Group 20","1978",1.34450541165844,0.996894102319325,"geometric-mean-scaled index","reference","Reference"
1979,"index","F20_R2_G20","Index 20  / Region 2  / Group 20","1979",0.925834385511787,0.95506948494503,"geometric-mean-scaled index","reference","Reference"
1980,"index","F20_R2_G20","Index 20  / Region 2  / Group 20","1980",0.665679781043966,0.811794388620696,"geometric-mean-scaled index","reference","Reference"
1981,"index","F20_R2_G20","Index 20  / Region 2  / Group 20","1981",0.591226781169868,0.686234480228353,"geometric-mean-scaled index","reference","Reference"
1982,"index","F20_R2_G20","Index 20  / Region 2  / Group 20","1982",0.474104859767232,0.608688425111072,"geometric-mean-scaled index","reference","Reference"
1983,"index","F20_R2_G20","Index 20  / Region 2  / Group 20","1983",0.516419783951321,0.621456930505902,"geometric-mean-scaled index","reference","Reference"
1984,"index","F20_R2_G20","Index 20  / Region 2  / Group 20","1984",0.705603550009173,0.729589623308017,"geometric-mean-scaled index","reference","Reference"
1985,"index","F20_R2_G20","Index 20  / Region 2  / Group 20","1985",0.596630644214555,0.762055096188981,"geometric-mean-scaled index","reference","Reference"
1986,"index","F20_R2_G20","Index 20  / Region 2  / Group 20","1986",0.576521368772823,0.726178847220545,"geometric-mean-scaled index","reference","Reference"
1987,"index","F20_R2_G20","Index 20  / Region 2  / Group 20","1987",0.738069475063823,0.713085906467426,"geometric-mean-scaled index","reference","Reference"
1988,"index","F20_R2_G20","Index 20  / Region 2  / Group 20","1988",0.631881286279668,0.747497273192561,"geometric-mean-scaled index","reference","Reference"
1989,"index","F20_R2_G20","Index 20  / Region 2  / Group 20","1989",0.538572813890766,0.636049505781582,"geometric-mean-scaled index","reference","Reference"
1990,"index","F20_R2_G20","Index 20  / Region 2  / Group 20","1990",0.558798697122352,0.648936594873216,"geometric-mean-scaled index","reference","Reference"
1991,"index","F20_R2_G20","Index 20  / Region 2  / Group 20","1991",0.596239520556125,0.665845693980718,"geometric-mean-scaled index","reference","Reference"
1992,"index","F20_R2_G20","Index 20  / Region 2  / Group 20","1992",0.949703632796349,0.720337126320834,"geometric-mean-scaled index","reference","Reference"
1993,"index","F20_R2_G20","Index 20  / Region 2  / Group 20","1993",0.773853468646436,0.837918537093758,"geometric-mean-scaled index","reference","Reference"
1994,"index","F20_R2_G20","Index 20  / Region 2  / Group 20","1994",0.810781379423954,0.744954462977618,"geometric-mean-scaled index","reference","Reference"
1995,"index","F20_R2_G20","Index 20  / Region 2  / Group 20","1995",1.07726297359609,0.861144524928125,"geometric-mean-scaled index","reference","Reference"
1996,"index","F20_R2_G20","Index 20  / Region 2  / Group 20","1996",0.935003854840217,0.841072765720328,"geometric-mean-scaled index","reference","Reference"
1997,"index","F20_R2_G20","Index 20  / Region 2  / Group 20","1997",0.800397864000986,0.845982042090175,"geometric-mean-scaled index","reference","Reference"
1998,"index","F20_R2_G20","Index 20  / Region 2  / Group 20","1998",1.04349083940237,0.893047962798107,"geometric-mean-scaled index","reference","Reference"
1999,"index","F20_R2_G20","Index 20  / Region 2  / Group 20","1999",0.765213765192612,0.981620867199346,"geometric-mean-scaled index","reference","Reference"
2000,"index","F20_R2_G20","Index 20  / Region 2  / Group 20","2000",0.767097814359868,0.885761073010969,"geometric-mean-scaled index","reference","Reference"
2001,"index","F20_R2_G20","Index 20  / Region 2  / Group 20","2001",0.841773334723493,0.823707691177151,"geometric-mean-scaled index","reference","Reference"
2002,"index","F20_R2_G20","Index 20  / Region 2  / Group 20","2002",0.547333871289332,0.645209752997771,"geometric-mean-scaled index","reference","Reference"
2003,"index","F20_R2_G20","Index 20  / Region 2  / Group 20","2003",0.588325890023659,0.823404920836567,"geometric-mean-scaled index","reference","Reference"
2004,"index","F20_R2_G20","Index 20  / Region 2  / Group 20","2004",0.635814586790303,0.658630957236077,"geometric-mean-scaled index","reference","Reference"
2005,"index","F20_R2_G20","Index 20  / Region 2  / Group 20","2005",0.834789610625378,0.756439549293717,"geometric-mean-scaled index","reference","Reference"
2006,"index","F20_R2_G20","Index 20  / Region 2  / Group 20","2006",0.92372528101704,0.892652968226209,"geometric-mean-scaled index","reference","Reference"
2007,"index","F20_R2_G20","Index 20  / Region 2  / Group 20","2007",0.84623569961814,0.98383671312678,"geometric-mean-scaled index","reference","Reference"
2008,"index","F20_R2_G20","Index 20  / Region 2  / Group 20","2008",0.610796174186906,0.852993696038953,"geometric-mean-scaled index","reference","Reference"
2009,"index","F20_R2_G20","Index 20  / Region 2  / Group 20","2009",1.05927374250753,0.797513032529362,"geometric-mean-scaled index","reference","Reference"
2010,"index","F20_R2_G20","Index 20  / Region 2  / Group 20","2010",0.847323881897912,0.81454928404635,"geometric-mean-scaled index","reference","Reference"
2011,"index","F20_R2_G20","Index 20  / Region 2  / Group 20","2011",1.12583979197944,0.946123839881451,"geometric-mean-scaled index","reference","Reference"
2012,"index","F20_R2_G20","Index 20  / Region 2  / Group 20","2012",0.945525297290097,0.846508424621268,"geometric-mean-scaled index","reference","Reference"
2013,"index","F20_R2_G20","Index 20  / Region 2  / Group 20","2013",0.87877457395759,0.838926798742716,"geometric-mean-scaled index","reference","Reference"
2014,"index","F20_R2_G20","Index 20  / Region 2  / Group 20","2014",1.04373534993691,0.904835622026256,"geometric-mean-scaled index","reference","Reference"
2015,"index","F20_R2_G20","Index 20  / Region 2  / Group 20","2015",1.22377077691567,0.920891078819022,"geometric-mean-scaled index","reference","Reference"
2016,"index","F20_R2_G20","Index 20  / Region 2  / Group 20","2016",1.13572929605611,0.829970977424712,"geometric-mean-scaled index","reference","Reference"
2017,"index","F20_R2_G20","Index 20  / Region 2  / Group 20","2017",0.734357067400453,0.754803033634295,"geometric-mean-scaled index","reference","Reference"
2018,"index","F20_R2_G20","Index 20  / Region 2  / Group 20","2018",0.64550184014846,0.74924581649755,"geometric-mean-scaled index","reference","Reference"
2019,"index","F20_R2_G20","Index 20  / Region 2  / Group 20","2019",0.713722524698996,0.786628616369426,"geometric-mean-scaled index","reference","Reference"
2020,"index","F20_R2_G20","Index 20  / Region 2  / Group 20","2020",0.772716002092201,0.67500161219348,"geometric-mean-scaled index","reference","Reference"
2021,"index","F20_R2_G20","Index 20  / Region 2  / Group 20","2021",0.751048561936257,0.499071074345567,"geometric-mean-scaled index","reference","Reference"
2022,"index","F20_R2_G20","Index 20  / Region 2  / Group 20","2022",1.00202993070836,0.735854953519355,"geometric-mean-scaled index","reference","Reference"
1954,"index","F18_R1_G18","Index 18  / Region 1  / Group 18","1954",4.40903714715002,5.15952452573847,"geometric-mean-scaled index","trial-1","Trial 1"
1955,"index","F18_R1_G18","Index 18  / Region 1  / Group 18","1955",3.14529508758885,4.86620178963325,"geometric-mean-scaled index","trial-1","Trial 1"
1956,"index","F18_R1_G18","Index 18  / Region 1  / Group 18","1956",3.55845376339654,4.72841182964433,"geometric-mean-scaled index","trial-1","Trial 1"
1957,"index","F18_R1_G18","Index 18  / Region 1  / Group 18","1957",3.81367935187817,4.60492431806414,"geometric-mean-scaled index","trial-1","Trial 1"
1958,"index","F18_R1_G18","Index 18  / Region 1  / Group 18","1958",4.19937988018333,4.48431113919429,"geometric-mean-scaled index","trial-1","Trial 1"
1959,"index","F18_R1_G18","Index 18  / Region 1  / Group 18","1959",5.02003875847804,4.33117079350235,"geometric-mean-scaled index","trial-1","Trial 1"
1960,"index","F18_R1_G18","Index 18  / Region 1  / Group 18","1960",6.09415385779237,4.20108368740688,"geometric-mean-scaled index","trial-1","Trial 1"
1961,"index","F18_R1_G18","Index 18  / Region 1  / Group 18","1961",5.9871599837675,4.02813938722319,"geometric-mean-scaled index","trial-1","Trial 1"
1962,"index","F18_R1_G18","Index 18  / Region 1  / Group 18","1962",4.31836862588877,3.75373058448696,"geometric-mean-scaled index","trial-1","Trial 1"
1963,"index","F18_R1_G18","Index 18  / Region 1  / Group 18","1963",2.6756633141332,3.39875522426877,"geometric-mean-scaled index","trial-1","Trial 1"
1964,"index","F18_R1_G18","Index 18  / Region 1  / Group 18","1964",2.42251196662564,3.0003257675256,"geometric-mean-scaled index","trial-1","Trial 1"
1965,"index","F18_R1_G18","Index 18  / Region 1  / Group 18","1965",2.71599052736943,2.54466995966808,"geometric-mean-scaled index","trial-1","Trial 1"
1966,"index","F18_R1_G18","Index 18  / Region 1  / Group 18","1966",2.44814503331434,2.09541689472354,"geometric-mean-scaled index","trial-1","Trial 1"
1967,"index","F18_R1_G18","Index 18  / Region 1  / Group 18","1967",1.94746079529619,1.8521088086234,"geometric-mean-scaled index","trial-1","Trial 1"
1968,"index","F18_R1_G18","Index 18  / Region 1  / Group 18","1968",1.71471945569896,1.78874525413894,"geometric-mean-scaled index","trial-1","Trial 1"
1969,"index","F18_R1_G18","Index 18  / Region 1  / Group 18","1969",1.65433171113289,1.72416230232903,"geometric-mean-scaled index","trial-1","Trial 1"
1970,"index","F18_R1_G18","Index 18  / Region 1  / Group 18","1970",1.54780579698768,1.52035007941298,"geometric-mean-scaled index","trial-1","Trial 1"
1971,"index","F18_R1_G18","Index 18  / Region 1  / Group 18","1971",1.23412080025738,1.2585338390456,"geometric-mean-scaled index","trial-1","Trial 1"
1972,"index","F18_R1_G18","Index 18  / Region 1  / Group 18","1972",1.07338614840291,1.0642672080632,"geometric-mean-scaled index","trial-1","Trial 1"
1973,"index","F18_R1_G18","Index 18  / Region 1  / Group 18","1973",0.989103263951998,0.883971929636432,"geometric-mean-scaled index","trial-1","Trial 1"
1974,"index","F18_R1_G18","Index 18  / Region 1  / Group 18","1974",0.580301639759145,0.756744363326893,"geometric-mean-scaled index","trial-1","Trial 1"
1975,"index","F18_R1_G18","Index 18  / Region 1  / Group 18","1975",0.58813811691667,0.729685931747111,"geometric-mean-scaled index","trial-1","Trial 1"
1976,"index","F18_R1_G18","Index 18  / Region 1  / Group 18","1976",0.851064006357214,0.739114859106169,"geometric-mean-scaled index","trial-1","Trial 1"
1977,"index","F18_R1_G18","Index 18  / Region 1  / Group 18","1977",0.863018267252948,0.69512392916316,"geometric-mean-scaled index","trial-1","Trial 1"
1978,"index","F18_R1_G18","Index 18  / Region 1  / Group 18","1978",0.935245185300877,0.732806252299303,"geometric-mean-scaled index","trial-1","Trial 1"
1979,"index","F18_R1_G18","Index 18  / Region 1  / Group 18","1979",0.811891863308134,0.859715546500231,"geometric-mean-scaled index","trial-1","Trial 1"
1980,"index","F18_R1_G18","Index 18  / Region 1  / Group 18","1980",0.857986996795637,0.945461758711014,"geometric-mean-scaled index","trial-1","Trial 1"
1981,"index","F18_R1_G18","Index 18  / Region 1  / Group 18","1981",0.969775742290399,0.884221965514874,"geometric-mean-scaled index","trial-1","Trial 1"
1982,"index","F18_R1_G18","Index 18  / Region 1  / Group 18","1982",0.754187984251701,0.76911110367219,"geometric-mean-scaled index","trial-1","Trial 1"
1983,"index","F18_R1_G18","Index 18  / Region 1  / Group 18","1983",0.847323525052082,0.69791743373975,"geometric-mean-scaled index","trial-1","Trial 1"
1984,"index","F18_R1_G18","Index 18  / Region 1  / Group 18","1984",0.697012441179108,0.679228326578642,"geometric-mean-scaled index","trial-1","Trial 1"
1985,"index","F18_R1_G18","Index 18  / Region 1  / Group 18","1985",0.700113985527936,0.729714629058403,"geometric-mean-scaled index","trial-1","Trial 1"
1986,"index","F18_R1_G18","Index 18  / Region 1  / Group 18","1986",0.916792661518106,0.775373131538369,"geometric-mean-scaled index","trial-1","Trial 1"
1987,"index","F18_R1_G18","Index 18  / Region 1  / Group 18","1987",0.932698710694853,0.827272310640966,"geometric-mean-scaled index","trial-1","Trial 1"
1988,"index","F18_R1_G18","Index 18  / Region 1  / Group 18","1988",0.933673375591985,0.784448892913154,"geometric-mean-scaled index","trial-1","Trial 1"
1989,"index","F18_R1_G18","Index 18  / Region 1  / Group 18","1989",0.68771709247243,0.772361121679784,"geometric-mean-scaled index","trial-1","Trial 1"
1990,"index","F18_R1_G18","Index 18  / Region 1  / Group 18","1990",0.776975789161292,0.778363200038158,"geometric-mean-scaled index","trial-1","Trial 1"
1991,"index","F18_R1_G18","Index 18  / Region 1  / Group 18","1991",0.655727821196814,0.742013823200417,"geometric-mean-scaled index","trial-1","Trial 1"
1992,"index","F18_R1_G18","Index 18  / Region 1  / Group 18","1992",0.872502177541898,0.725592446867681,"geometric-mean-scaled index","trial-1","Trial 1"
1993,"index","F18_R1_G18","Index 18  / Region 1  / Group 18","1993",0.879147658089477,0.764529876744124,"geometric-mean-scaled index","trial-1","Trial 1"
1994,"index","F18_R1_G18","Index 18  / Region 1  / Group 18","1994",0.948738796667378,0.808571003891092,"geometric-mean-scaled index","trial-1","Trial 1"
1995,"index","F18_R1_G18","Index 18  / Region 1  / Group 18","1995",0.883131727989847,0.853806934950986,"geometric-mean-scaled index","trial-1","Trial 1"
1996,"index","F18_R1_G18","Index 18  / Region 1  / Group 18","1996",0.837306959406211,0.858344244330153,"geometric-mean-scaled index","trial-1","Trial 1"
1997,"index","F18_R1_G18","Index 18  / Region 1  / Group 18","1997",0.95208949005856,0.887687014168441,"geometric-mean-scaled index","trial-1","Trial 1"
1998,"index","F18_R1_G18","Index 18  / Region 1  / Group 18","1998",0.856547687420413,0.845901360395541,"geometric-mean-scaled index","trial-1","Trial 1"
1999,"index","F18_R1_G18","Index 18  / Region 1  / Group 18","1999",0.61266101448799,0.881248836196205,"geometric-mean-scaled index","trial-1","Trial 1"
2000,"index","F18_R1_G18","Index 18  / Region 1  / Group 18","2000",0.679263091965619,0.91793483038041,"geometric-mean-scaled index","trial-1","Trial 1"
2001,"index","F18_R1_G18","Index 18  / Region 1  / Group 18","2001",0.663388123597169,0.858493605875678,"geometric-mean-scaled index","trial-1","Trial 1"
2002,"index","F18_R1_G18","Index 18  / Region 1  / Group 18","2002",0.695863453728742,0.674896145469988,"geometric-mean-scaled index","trial-1","Trial 1"
2003,"index","F18_R1_G18","Index 18  / Region 1  / Group 18","2003",0.520428254256146,0.570706879533642,"geometric-mean-scaled index","trial-1","Trial 1"
2004,"index","F18_R1_G18","Index 18  / Region 1  / Group 18","2004",0.457969008695485,0.575470621742269,"geometric-mean-scaled index","trial-1","Trial 1"
2005,"index","F18_R1_G18","Index 18  / Region 1  / Group 18","2005",0.57000982730679,0.539799124608985,"geometric-mean-scaled index","trial-1","Trial 1"
2006,"index","F18_R1_G18","Index 18  / Region 1  / Group 18","2006",0.692547701969523,0.55047719969086,"geometric-mean-scaled index","trial-1","Trial 1"
2007,"index","F18_R1_G18","Index 18  / Region 1  / Group 18","2007",0.763296075617131,0.611655816338705,"geometric-mean-scaled index","trial-1","Trial 1"
2008,"index","F18_R1_G18","Index 18  / Region 1  / Group 18","2008",0.557991706511396,0.682171883666905,"geometric-mean-scaled index","trial-1","Trial 1"
2009,"index","F18_R1_G18","Index 18  / Region 1  / Group 18","2009",0.644374806432787,0.662072734053463,"geometric-mean-scaled index","trial-1","Trial 1"
2010,"index","F18_R1_G18","Index 18  / Region 1  / Group 18","2010",0.629833334064991,0.500469755081144,"geometric-mean-scaled index","trial-1","Trial 1"
2011,"index","F18_R1_G18","Index 18  / Region 1  / Group 18","2011",0.472776191924379,0.518833303869191,"geometric-mean-scaled index","trial-1","Trial 1"
2012,"index","F18_R1_G18","Index 18  / Region 1  / Group 18","2012",0.561037772817115,0.571114835627428,"geometric-mean-scaled index","trial-1","Trial 1"
2013,"index","F18_R1_G18","Index 18  / Region 1  / Group 18","2013",0.518607359493591,0.566937114648982,"geometric-mean-scaled index","trial-1","Trial 1"
2014,"index","F18_R1_G18","Index 18  / Region 1  / Group 18","2014",0.534249440170542,0.577167423103519,"geometric-mean-scaled index","trial-1","Trial 1"
2015,"index","F18_R1_G18","Index 18  / Region 1  / Group 18","2015",0.610459945494768,0.610952064521011,"geometric-mean-scaled index","trial-1","Trial 1"
2016,"index","F18_R1_G18","Index 18  / Region 1  / Group 18","2016",0.483833914957584,0.643235134768522,"geometric-mean-scaled index","trial-1","Trial 1"
2017,"index","F18_R1_G18","Index 18  / Region 1  / Group 18","2017",0.503585067785675,0.643170176136083,"geometric-mean-scaled index","trial-1","Trial 1"
2018,"index","F18_R1_G18","Index 18  / Region 1  / Group 18","2018",0.44199217333407,0.570846306843197,"geometric-mean-scaled index","trial-1","Trial 1"
2019,"index","F18_R1_G18","Index 18  / Region 1  / Group 18","2019",0.466975339471439,0.51912283411567,"geometric-mean-scaled index","trial-1","Trial 1"
2020,"index","F18_R1_G18","Index 18  / Region 1  / Group 18","2020",0.377731205082218,0.496000780587126,"geometric-mean-scaled index","trial-1","Trial 1"
2021,"index","F18_R1_G18","Index 18  / Region 1  / Group 18","2021",0.384903092509445,0.492318401038751,"geometric-mean-scaled index","trial-1","Trial 1"
2022,"index","F18_R1_G18","Index 18  / Region 1  / Group 18","2022",0.533173522636986,0.45155069451566,"geometric-mean-scaled index","trial-1","Trial 1"
1992,"index","F19_R1_G19","Index 19  / Region 1  / Group 19","1992",1.85927115000846,0.908185779658995,"geometric-mean-scaled index","trial-1","Trial 1"
1993,"index","F19_R1_G19","Index 19  / Region 1  / Group 19","1993",0.849266654622091,0.880323275182269,"geometric-mean-scaled index","trial-1","Trial 1"
1994,"index","F19_R1_G19","Index 19  / Region 1  / Group 19","1994",1.00123553533734,0.870916168310469,"geometric-mean-scaled index","trial-1","Trial 1"
1995,"index","F19_R1_G19","Index 19  / Region 1  / Group 19","1995",1.31046507492219,1.02699477266766,"geometric-mean-scaled index","trial-1","Trial 1"
1996,"index","F19_R1_G19","Index 19  / Region 1  / Group 19","1996",1.21306505673522,1.06674888344103,"geometric-mean-scaled index","trial-1","Trial 1"
1997,"index","F19_R1_G19","Index 19  / Region 1  / Group 19","1997",0.799390157141791,0.809616311745289,"geometric-mean-scaled index","trial-1","Trial 1"
1998,"index","F19_R1_G19","Index 19  / Region 1  / Group 19","1998",1.99291282185133,0.668217416260507,"geometric-mean-scaled index","trial-1","Trial 1"
1999,"index","F19_R1_G19","Index 19  / Region 1  / Group 19","1999",1.3696369541503,0.639910673287986,"geometric-mean-scaled index","trial-1","Trial 1"
2000,"index","F19_R1_G19","Index 19  / Region 1  / Group 19","2000",0.965612099781253,1.07097903437863,"geometric-mean-scaled index","trial-1","Trial 1"
2001,"index","F19_R1_G19","Index 19  / Region 1  / Group 19","2001",0.810369966030035,0.831280171216733,"geometric-mean-scaled index","trial-1","Trial 1"
2002,"index","F19_R1_G19","Index 19  / Region 1  / Group 19","2002",0.74171237247259,0.995157085953387,"geometric-mean-scaled index","trial-1","Trial 1"
2003,"index","F19_R1_G19","Index 19  / Region 1  / Group 19","2003",1.03600097632011,1.37739203823037,"geometric-mean-scaled index","trial-1","Trial 1"
2004,"index","F19_R1_G19","Index 19  / Region 1  / Group 19","2004",1.05045112419079,1.26079503604956,"geometric-mean-scaled index","trial-1","Trial 1"
2005,"index","F19_R1_G19","Index 19  / Region 1  / Group 19","2005",0.734713898314047,0.886383379102549,"geometric-mean-scaled index","trial-1","Trial 1"
2006,"index","F19_R1_G19","Index 19  / Region 1  / Group 19","2006",0.882670668461906,0.815148054829253,"geometric-mean-scaled index","trial-1","Trial 1"
2007,"index","F19_R1_G19","Index 19  / Region 1  / Group 19","2007",1.03363575876466,1.09040289152602,"geometric-mean-scaled index","trial-1","Trial 1"
2008,"index","F19_R1_G19","Index 19  / Region 1  / Group 19","2008",1.33647576097039,1.34262121430191,"geometric-mean-scaled index","trial-1","Trial 1"
2009,"index","F19_R1_G19","Index 19  / Region 1  / Group 19","2009",0.832547956398684,1.14239899100061,"geometric-mean-scaled index","trial-1","Trial 1"
2010,"index","F19_R1_G19","Index 19  / Region 1  / Group 19","2010",1.1710748925389,1.10946265835558,"geometric-mean-scaled index","trial-1","Trial 1"
2011,"index","F19_R1_G19","Index 19  / Region 1  / Group 19","2011",1.14908021933067,1.32601345312831,"geometric-mean-scaled index","trial-1","Trial 1"
2012,"index","F19_R1_G19","Index 19  / Region 1  / Group 19","2012",0.992144371207608,1.36557118415487,"geometric-mean-scaled index","trial-1","Trial 1"
2013,"index","F19_R1_G19","Index 19  / Region 1  / Group 19","2013",0.812541615693899,1.12117644323441,"geometric-mean-scaled index","trial-1","Trial 1"
2014,"index","F19_R1_G19","Index 19  / Region 1  / Group 19","2014",0.869128916645273,0.97844367904084,"geometric-mean-scaled index","trial-1","Trial 1"
2015,"index","F19_R1_G19","Index 19  / Region 1  / Group 19","2015",0.923487470227196,1.10784517570531,"geometric-mean-scaled index","trial-1","Trial 1"
2016,"index","F19_R1_G19","Index 19  / Region 1  / Group 19","2016",0.994049496935054,1.13941566743054,"geometric-mean-scaled index","trial-1","Trial 1"
2017,"index","F19_R1_G19","Index 19  / Region 1  / Group 19","2017",0.679637993540111,0.846480338418939,"geometric-mean-scaled index","trial-1","Trial 1"
2018,"index","F19_R1_G19","Index 19  / Region 1  / Group 19","2018",1.1614387047662,0.730698988783871,"geometric-mean-scaled index","trial-1","Trial 1"
2019,"index","F19_R1_G19","Index 19  / Region 1  / Group 19","2019",0.909406517143503,1.27584128856699,"geometric-mean-scaled index","trial-1","Trial 1"
2020,"index","F19_R1_G19","Index 19  / Region 1  / Group 19","2020",0.960523282163485,1.36187030634818,"geometric-mean-scaled index","trial-1","Trial 1"
2021,"index","F19_R1_G19","Index 19  / Region 1  / Group 19","2021",0.974737478989675,1.23799726924018,"geometric-mean-scaled index","trial-1","Trial 1"
2022,"index","F19_R1_G19","Index 19  / Region 1  / Group 19","2022",0.665420460916155,1.04918208451004,"geometric-mean-scaled index","trial-1","Trial 1"
1954,"index","F20_R2_G20","Index 20  / Region 2  / Group 20","1954",4.21096154805618,3.32734144023678,"geometric-mean-scaled index","trial-1","Trial 1"
1955,"index","F20_R2_G20","Index 20  / Region 2  / Group 20","1955",3.11733650195403,3.25297296937242,"geometric-mean-scaled index","trial-1","Trial 1"
1956,"index","F20_R2_G20","Index 20  / Region 2  / Group 20","1956",3.11471220345346,3.22579160451663,"geometric-mean-scaled index","trial-1","Trial 1"
1957,"index","F20_R2_G20","Index 20  / Region 2  / Group 20","1957",2.49122048423764,3.19797346214613,"geometric-mean-scaled index","trial-1","Trial 1"
1958,"index","F20_R2_G20","Index 20  / Region 2  / Group 20","1958",3.38277838084962,3.17105798152694,"geometric-mean-scaled index","trial-1","Trial 1"
1959,"index","F20_R2_G20","Index 20  / Region 2  / Group 20","1959",3.53910335426992,3.14084845631668,"geometric-mean-scaled index","trial-1","Trial 1"
1960,"index","F20_R2_G20","Index 20  / Region 2  / Group 20","1960",2.88806453309758,3.08793808633209,"geometric-mean-scaled index","trial-1","Trial 1"
1961,"index","F20_R2_G20","Index 20  / Region 2  / Group 20","1961",2.77519235560544,2.76433451384912,"geometric-mean-scaled index","trial-1","Trial 1"
1962,"index","F20_R2_G20","Index 20  / Region 2  / Group 20","1962",2.84542670742501,2.6082121060536,"geometric-mean-scaled index","trial-1","Trial 1"
1963,"index","F20_R2_G20","Index 20  / Region 2  / Group 20","1963",2.15624779216803,2.11756589558673,"geometric-mean-scaled index","trial-1","Trial 1"
1964,"index","F20_R2_G20","Index 20  / Region 2  / Group 20","1964",1.77294323917794,1.65918070862369,"geometric-mean-scaled index","trial-1","Trial 1"
1965,"index","F20_R2_G20","Index 20  / Region 2  / Group 20","1965",1.39305357413891,1.57139827938223,"geometric-mean-scaled index","trial-1","Trial 1"
1966,"index","F20_R2_G20","Index 20  / Region 2  / Group 20","1966",2.15604911541288,1.6414395076592,"geometric-mean-scaled index","trial-1","Trial 1"
1967,"index","F20_R2_G20","Index 20  / Region 2  / Group 20","1967",1.83466830687541,1.79945899284818,"geometric-mean-scaled index","trial-1","Trial 1"
1968,"index","F20_R2_G20","Index 20  / Region 2  / Group 20","1968",1.49027459282616,1.5206231918589,"geometric-mean-scaled index","trial-1","Trial 1"
1969,"index","F20_R2_G20","Index 20  / Region 2  / Group 20","1969",0.90397341842816,1.16138632008569,"geometric-mean-scaled index","trial-1","Trial 1"
1970,"index","F20_R2_G20","Index 20  / Region 2  / Group 20","1970",1.74296686069583,1.11677817639897,"geometric-mean-scaled index","trial-1","Trial 1"
1971,"index","F20_R2_G20","Index 20  / Region 2  / Group 20","1971",1.05128168838887,0.990364959088225,"geometric-mean-scaled index","trial-1","Trial 1"
1972,"index","F20_R2_G20","Index 20  / Region 2  / Group 20","1972",1.03629787461149,0.889420097542507,"geometric-mean-scaled index","trial-1","Trial 1"
1973,"index","F20_R2_G20","Index 20  / Region 2  / Group 20","1973",1.14631510743072,0.801721415838311,"geometric-mean-scaled index","trial-1","Trial 1"
1974,"index","F20_R2_G20","Index 20  / Region 2  / Group 20","1974",0.503606327140092,0.700706861581262,"geometric-mean-scaled index","trial-1","Trial 1"
1975,"index","F20_R2_G20","Index 20  / Region 2  / Group 20","1975",0.345168043176568,0.641611929872043,"geometric-mean-scaled index","trial-1","Trial 1"
1976,"index","F20_R2_G20","Index 20  / Region 2  / Group 20","1976",0.392881567888747,0.627519777048946,"geometric-mean-scaled index","trial-1","Trial 1"
1977,"index","F20_R2_G20","Index 20  / Region 2  / Group 20","1977",0.722292569399697,0.752643816080568,"geometric-mean-scaled index","trial-1","Trial 1"
1978,"index","F20_R2_G20","Index 20  / Region 2  / Group 20","1978",1.34450541165844,1.01786553887002,"geometric-mean-scaled index","trial-1","Trial 1"
1979,"index","F20_R2_G20","Index 20  / Region 2  / Group 20","1979",0.925834385511787,0.975161066446446,"geometric-mean-scaled index","trial-1","Trial 1"
1980,"index","F20_R2_G20","Index 20  / Region 2  / Group 20","1980",0.665679781043966,0.828871924212051,"geometric-mean-scaled index","trial-1","Trial 1"
1981,"index","F20_R2_G20","Index 20  / Region 2  / Group 20","1981",0.591226781169868,0.700670640325525,"geometric-mean-scaled index","trial-1","Trial 1"
1982,"index","F20_R2_G20","Index 20  / Region 2  / Group 20","1982",0.474104859767232,0.621493266324057,"geometric-mean-scaled index","trial-1","Trial 1"
1983,"index","F20_R2_G20","Index 20  / Region 2  / Group 20","1983",0.516419783951321,0.634530379889115,"geometric-mean-scaled index","trial-1","Trial 1"
1984,"index","F20_R2_G20","Index 20  / Region 2  / Group 20","1984",0.705603550009173,0.744937835778782,"geometric-mean-scaled index","trial-1","Trial 1"
1985,"index","F20_R2_G20","Index 20  / Region 2  / Group 20","1985",0.596630644214555,0.778086277495682,"geometric-mean-scaled index","trial-1","Trial 1"
1986,"index","F20_R2_G20","Index 20  / Region 2  / Group 20","1986",0.576521368772823,0.741455307963479,"geometric-mean-scaled index","trial-1","Trial 1"
1987,"index","F20_R2_G20","Index 20  / Region 2  / Group 20","1987",0.738069475063823,0.72808693396662,"geometric-mean-scaled index","trial-1","Trial 1"
1988,"index","F20_R2_G20","Index 20  / Region 2  / Group 20","1988",0.631881286279668,0.763222204857925,"geometric-mean-scaled index","trial-1","Trial 1"
1989,"index","F20_R2_G20","Index 20  / Region 2  / Group 20","1989",0.538572813890766,0.649429935881997,"geometric-mean-scaled index","trial-1","Trial 1"
1990,"index","F20_R2_G20","Index 20  / Region 2  / Group 20","1990",0.558798697122352,0.662588127762362,"geometric-mean-scaled index","trial-1","Trial 1"
1991,"index","F20_R2_G20","Index 20  / Region 2  / Group 20","1991",0.596239520556125,0.679852939776819,"geometric-mean-scaled index","trial-1","Trial 1"
1992,"index","F20_R2_G20","Index 20  / Region 2  / Group 20","1992",0.949703632796349,0.735490696097806,"geometric-mean-scaled index","trial-1","Trial 1"
1993,"index","F20_R2_G20","Index 20  / Region 2  / Group 20","1993",0.773853468646436,0.855545640508685,"geometric-mean-scaled index","trial-1","Trial 1"
1994,"index","F20_R2_G20","Index 20  / Region 2  / Group 20","1994",0.810781379423954,0.760625902117588,"geometric-mean-scaled index","trial-1","Trial 1"
1995,"index","F20_R2_G20","Index 20  / Region 2  / Group 20","1995",1.07726297359609,0.879260228214455,"geometric-mean-scaled index","trial-1","Trial 1"
1996,"index","F20_R2_G20","Index 20  / Region 2  / Group 20","1996",0.935003854840217,0.858766223931972,"geometric-mean-scaled index","trial-1","Trial 1"
1997,"index","F20_R2_G20","Index 20  / Region 2  / Group 20","1997",0.800397864000986,0.86377877564236,"geometric-mean-scaled index","trial-1","Trial 1"
1998,"index","F20_R2_G20","Index 20  / Region 2  / Group 20","1998",1.04349083940237,0.911834811516518,"geometric-mean-scaled index","trial-1","Trial 1"
1999,"index","F20_R2_G20","Index 20  / Region 2  / Group 20","1999",0.765213765192612,1.0022710041451,"geometric-mean-scaled index","trial-1","Trial 1"
2000,"index","F20_R2_G20","Index 20  / Region 2  / Group 20","2000",0.767097814359868,0.904394629071245,"geometric-mean-scaled index","trial-1","Trial 1"
2001,"index","F20_R2_G20","Index 20  / Region 2  / Group 20","2001",0.841773334723493,0.841035844229368,"geometric-mean-scaled index","trial-1","Trial 1"
2002,"index","F20_R2_G20","Index 20  / Region 2  / Group 20","2002",0.547333871289332,0.658782885154338,"geometric-mean-scaled index","trial-1","Trial 1"
2003,"index","F20_R2_G20","Index 20  / Region 2  / Group 20","2003",0.588325890023659,0.840726704577368,"geometric-mean-scaled index","trial-1","Trial 1"
2004,"index","F20_R2_G20","Index 20  / Region 2  / Group 20","2004",0.635814586790303,0.672486428241337,"geometric-mean-scaled index","trial-1","Trial 1"
2005,"index","F20_R2_G20","Index 20  / Region 2  / Group 20","2005",0.834789610625378,0.772352597606012,"geometric-mean-scaled index","trial-1","Trial 1"
2006,"index","F20_R2_G20","Index 20  / Region 2  / Group 20","2006",0.92372528101704,0.911431507532834,"geometric-mean-scaled index","trial-1","Trial 1"
2007,"index","F20_R2_G20","Index 20  / Region 2  / Group 20","2007",0.84623569961814,1.0045334643239,"geometric-mean-scaled index","trial-1","Trial 1"
2008,"index","F20_R2_G20","Index 20  / Region 2  / Group 20","2008",0.610796174186906,0.870937932174973,"geometric-mean-scaled index","trial-1","Trial 1"
2009,"index","F20_R2_G20","Index 20  / Region 2  / Group 20","2009",1.05927374250753,0.814290134451353,"geometric-mean-scaled index","trial-1","Trial 1"
2010,"index","F20_R2_G20","Index 20  / Region 2  / Group 20","2010",0.847323881897912,0.831684773751877,"geometric-mean-scaled index","trial-1","Trial 1"
2011,"index","F20_R2_G20","Index 20  / Region 2  / Group 20","2011",1.12583979197944,0.966027233863833,"geometric-mean-scaled index","trial-1","Trial 1"
2012,"index","F20_R2_G20","Index 20  / Region 2  / Group 20","2012",0.945525297290097,0.864316231564124,"geometric-mean-scaled index","trial-1","Trial 1"
2013,"index","F20_R2_G20","Index 20  / Region 2  / Group 20","2013",0.87877457395759,0.85657511273071,"geometric-mean-scaled index","trial-1","Trial 1"
2014,"index","F20_R2_G20","Index 20  / Region 2  / Group 20","2014",1.04373534993691,0.923870445075148,"geometric-mean-scaled index","trial-1","Trial 1"
2015,"index","F20_R2_G20","Index 20  / Region 2  / Group 20","2015",1.22377077691567,0.940263656893888,"geometric-mean-scaled index","trial-1","Trial 1"
2016,"index","F20_R2_G20","Index 20  / Region 2  / Group 20","2016",1.13572929605611,0.8474308898181,"geometric-mean-scaled index","trial-1","Trial 1"
2017,"index","F20_R2_G20","Index 20  / Region 2  / Group 20","2017",0.734357067400453,0.770681654935501,"geometric-mean-scaled index","trial-1","Trial 1"
2018,"index","F20_R2_G20","Index 20  / Region 2  / Group 20","2018",0.64550184014846,0.765007531874335,"geometric-mean-scaled index","trial-1","Trial 1"
2019,"index","F20_R2_G20","Index 20  / Region 2  / Group 20","2019",0.713722524698996,0.803176745281787,"geometric-mean-scaled index","trial-1","Trial 1"
2020,"index","F20_R2_G20","Index 20  / Region 2  / Group 20","2020",0.772716002092201,0.689201468977464,"geometric-mean-scaled index","trial-1","Trial 1"
2021,"index","F20_R2_G20","Index 20  / Region 2  / Group 20","2021",0.751048561936257,0.509569920056035,"geometric-mean-scaled index","trial-1","Trial 1"
2022,"index","F20_R2_G20","Index 20  / Region 2  / Group 20","2022",1.00202993070836,0.751334968329697,"geometric-mean-scaled index","trial-1","Trial 1"
1954,"index","F18_R1_G18","Index 18  / Region 1  / Group 18","1954",4.40903714715002,5.1680930758579,"geometric-mean-scaled index","trial-2","Trial 2"
1955,"index","F18_R1_G18","Index 18  / Region 1  / Group 18","1955",3.14529508758885,4.87428321142274,"geometric-mean-scaled index","trial-2","Trial 2"
1956,"index","F18_R1_G18","Index 18  / Region 1  / Group 18","1956",3.55845376339654,4.73626442023586,"geometric-mean-scaled index","trial-2","Trial 2"
1957,"index","F18_R1_G18","Index 18  / Region 1  / Group 18","1957",3.81367935187817,4.61257182988788,"geometric-mean-scaled index","trial-2","Trial 2"
1958,"index","F18_R1_G18","Index 18  / Region 1  / Group 18","1958",4.19937988018333,4.49175834572574,"geometric-mean-scaled index","trial-2","Trial 2"
1959,"index","F18_R1_G18","Index 18  / Region 1  / Group 18","1959",5.02003875847804,4.33836367607026,"geometric-mean-scaled index","trial-2","Trial 2"
1960,"index","F18_R1_G18","Index 18  / Region 1  / Group 18","1960",6.09415385779237,4.20806053109701,"geometric-mean-scaled index","trial-2","Trial 2"
1961,"index","F18_R1_G18","Index 18  / Region 1  / Group 18","1961",5.9871599837675,4.03482901803224,"geometric-mean-scaled index","trial-2","Trial 2"
1962,"index","F18_R1_G18","Index 18  / Region 1  / Group 18","1962",4.31836862588877,3.75996449780349,"geometric-mean-scaled index","trial-2","Trial 2"
1963,"index","F18_R1_G18","Index 18  / Region 1  / Group 18","1963",2.6756633141332,3.40439962121611,"geometric-mean-scaled index","trial-2","Trial 2"
1964,"index","F18_R1_G18","Index 18  / Region 1  / Group 18","1964",2.42251196662564,3.00530848280981,"geometric-mean-scaled index","trial-2","Trial 2"
1965,"index","F18_R1_G18","Index 18  / Region 1  / Group 18","1965",2.71599052736943,2.54889595607105,"geometric-mean-scaled index","trial-2","Trial 2"
1966,"index","F18_R1_G18","Index 18  / Region 1  / Group 18","1966",2.44814503331434,2.09889680543895,"geometric-mean-scaled index","trial-2","Trial 2"
1967,"index","F18_R1_G18","Index 18  / Region 1  / Group 18","1967",1.94746079529619,1.8551846515764,"geometric-mean-scaled index","trial-2","Trial 2"
1968,"index","F18_R1_G18","Index 18  / Region 1  / Group 18","1968",1.71471945569896,1.79171586766825,"geometric-mean-scaled index","trial-2","Trial 2"
1969,"index","F18_R1_G18","Index 18  / Region 1  / Group 18","1969",1.65433171113289,1.72702566135133,"geometric-mean-scaled index","trial-2","Trial 2"
1970,"index","F18_R1_G18","Index 18  / Region 1  / Group 18","1970",1.54780579698768,1.52287496243069,"geometric-mean-scaled index","trial-2","Trial 2"
1971,"index","F18_R1_G18","Index 18  / Region 1  / Group 18","1971",1.23412080025738,1.26062391735089,"geometric-mean-scaled index","trial-2","Trial 2"
1972,"index","F18_R1_G18","Index 18  / Region 1  / Group 18","1972",1.07338614840291,1.06603466296477,"geometric-mean-scaled index","trial-2","Trial 2"
1973,"index","F18_R1_G18","Index 18  / Region 1  / Group 18","1973",0.989103263951998,0.88543996370536,"geometric-mean-scaled index","trial-2","Trial 2"
1974,"index","F18_R1_G18","Index 18  / Region 1  / Group 18","1974",0.580301639759145,0.75800110742655,"geometric-mean-scaled index","trial-2","Trial 2"
1975,"index","F18_R1_G18","Index 18  / Region 1  / Group 18","1975",0.58813811691667,0.730897739239531,"geometric-mean-scaled index","trial-2","Trial 2"
1976,"index","F18_R1_G18","Index 18  / Region 1  / Group 18","1976",0.851064006357214,0.740342325451695,"geometric-mean-scaled index","trial-2","Trial 2"
1977,"index","F18_R1_G18","Index 18  / Region 1  / Group 18","1977",0.863018267252948,0.696278338682203,"geometric-mean-scaled index","trial-2","Trial 2"
1978,"index","F18_R1_G18","Index 18  / Region 1  / Group 18","1978",0.935245185300877,0.734023241785317,"geometric-mean-scaled index","trial-2","Trial 2"
1979,"index","F18_R1_G18","Index 18  / Region 1  / Group 18","1979",0.811891863308134,0.861143297393145,"geometric-mean-scaled index","trial-2","Trial 2"
1980,"index","F18_R1_G18","Index 18  / Region 1  / Group 18","1980",0.857986996795637,0.947031910461451,"geometric-mean-scaled index","trial-2","Trial 2"
1981,"index","F18_R1_G18","Index 18  / Region 1  / Group 18","1981",0.969775742290399,0.885690414824576,"geometric-mean-scaled index","trial-2","Trial 2"
1982,"index","F18_R1_G18","Index 18  / Region 1  / Group 18","1982",0.754187984251701,0.770388385523714,"geometric-mean-scaled index","trial-2","Trial 2"
1983,"index","F18_R1_G18","Index 18  / Region 1  / Group 18","1983",0.847323525052082,0.699076482501005,"geometric-mean-scaled index","trial-2","Trial 2"
1984,"index","F18_R1_G18","Index 18  / Region 1  / Group 18","1984",0.697012441179108,0.680356337876929,"geometric-mean-scaled index","trial-2","Trial 2"
1985,"index","F18_R1_G18","Index 18  / Region 1  / Group 18","1985",0.700113985527936,0.730926484209159,"geometric-mean-scaled index","trial-2","Trial 2"
1986,"index","F18_R1_G18","Index 18  / Region 1  / Group 18","1986",0.916792661518106,0.776660812894606,"geometric-mean-scaled index","trial-2","Trial 2"
1987,"index","F18_R1_G18","Index 18  / Region 1  / Group 18","1987",0.932698710694853,0.828646182248858,"geometric-mean-scaled index","trial-2","Trial 2"
1988,"index","F18_R1_G18","Index 18  / Region 1  / Group 18","1988",0.933673375591985,0.785751646611004,"geometric-mean-scaled index","trial-2","Trial 2"
1989,"index","F18_R1_G18","Index 18  / Region 1  / Group 18","1989",0.68771709247243,0.773643800916677,"geometric-mean-scaled index","trial-2","Trial 2"
1990,"index","F18_R1_G18","Index 18  / Region 1  / Group 18","1990",0.776975789161292,0.779655847075181,"geometric-mean-scaled index","trial-2","Trial 2"
1991,"index","F18_R1_G18","Index 18  / Region 1  / Group 18","1991",0.655727821196814,0.743246103927388,"geometric-mean-scaled index","trial-2","Trial 2"
1992,"index","F18_R1_G18","Index 18  / Region 1  / Group 18","1992",0.872502177541898,0.726797456208415,"geometric-mean-scaled index","trial-2","Trial 2"
1993,"index","F18_R1_G18","Index 18  / Region 1  / Group 18","1993",0.879147658089477,0.765799550438667,"geometric-mean-scaled index","trial-2","Trial 2"
1994,"index","F18_R1_G18","Index 18  / Region 1  / Group 18","1994",0.948738796667378,0.809913817775858,"geometric-mean-scaled index","trial-2","Trial 2"
1995,"index","F18_R1_G18","Index 18  / Region 1  / Group 18","1995",0.883131727989847,0.855224873266415,"geometric-mean-scaled index","trial-2","Trial 2"
1996,"index","F18_R1_G18","Index 18  / Region 1  / Group 18","1996",0.837306959406211,0.859769717867603,"geometric-mean-scaled index","trial-2","Trial 2"
1997,"index","F18_R1_G18","Index 18  / Region 1  / Group 18","1997",0.95208949005856,0.889161217970229,"geometric-mean-scaled index","trial-2","Trial 2"
1998,"index","F18_R1_G18","Index 18  / Region 1  / Group 18","1998",0.856547687420413,0.847306169727579,"geometric-mean-scaled index","trial-2","Trial 2"
1999,"index","F18_R1_G18","Index 18  / Region 1  / Group 18","1999",0.61266101448799,0.882712347956439,"geometric-mean-scaled index","trial-2","Trial 2"
2000,"index","F18_R1_G18","Index 18  / Region 1  / Group 18","2000",0.679263091965619,0.919459267479457,"geometric-mean-scaled index","trial-2","Trial 2"
2001,"index","F18_R1_G18","Index 18  / Region 1  / Group 18","2001",0.663388123597169,0.859919327461544,"geometric-mean-scaled index","trial-2","Trial 2"
2002,"index","F18_R1_G18","Index 18  / Region 1  / Group 18","2002",0.695863453728742,0.676016962207852,"geometric-mean-scaled index","trial-2","Trial 2"
2003,"index","F18_R1_G18","Index 18  / Region 1  / Group 18","2003",0.520428254256146,0.571654666578047,"geometric-mean-scaled index","trial-2","Trial 2"
2004,"index","F18_R1_G18","Index 18  / Region 1  / Group 18","2004",0.457969008695485,0.5764263200513,"geometric-mean-scaled index","trial-2","Trial 2"
2005,"index","F18_R1_G18","Index 18  / Region 1  / Group 18","2005",0.57000982730679,0.540695582379573,"geometric-mean-scaled index","trial-2","Trial 2"
2006,"index","F18_R1_G18","Index 18  / Region 1  / Group 18","2006",0.692547701969523,0.551391390805104,"geometric-mean-scaled index","trial-2","Trial 2"
2007,"index","F18_R1_G18","Index 18  / Region 1  / Group 18","2007",0.763296075617131,0.612671608296276,"geometric-mean-scaled index","trial-2","Trial 2"
2008,"index","F18_R1_G18","Index 18  / Region 1  / Group 18","2008",0.557991706511396,0.683304783403325,"geometric-mean-scaled index","trial-2","Trial 2"
2009,"index","F18_R1_G18","Index 18  / Region 1  / Group 18","2009",0.644374806432787,0.663172254634506,"geometric-mean-scaled index","trial-2","Trial 2"
2010,"index","F18_R1_G18","Index 18  / Region 1  / Group 18","2010",0.629833334064991,0.501300897594039,"geometric-mean-scaled index","trial-2","Trial 2"
2011,"index","F18_R1_G18","Index 18  / Region 1  / Group 18","2011",0.472776191924379,0.519694943182204,"geometric-mean-scaled index","trial-2","Trial 2"
2012,"index","F18_R1_G18","Index 18  / Region 1  / Group 18","2012",0.561037772817115,0.572063300174618,"geometric-mean-scaled index","trial-2","Trial 2"
2013,"index","F18_R1_G18","Index 18  / Region 1  / Group 18","2013",0.518607359493591,0.567878641151511,"geometric-mean-scaled index","trial-2","Trial 2"
2014,"index","F18_R1_G18","Index 18  / Region 1  / Group 18","2014",0.534249440170542,0.57812593933258,"geometric-mean-scaled index","trial-2","Trial 2"
2015,"index","F18_R1_G18","Index 18  / Region 1  / Group 18","2015",0.610459945494768,0.611966687740514,"geometric-mean-scaled index","trial-2","Trial 2"
2016,"index","F18_R1_G18","Index 18  / Region 1  / Group 18","2016",0.483833914957584,0.64430337128205,"geometric-mean-scaled index","trial-2","Trial 2"
2017,"index","F18_R1_G18","Index 18  / Region 1  / Group 18","2017",0.503585067785675,0.644238304771202,"geometric-mean-scaled index","trial-2","Trial 2"
2018,"index","F18_R1_G18","Index 18  / Region 1  / Group 18","2018",0.44199217333407,0.571794325437987,"geometric-mean-scaled index","trial-2","Trial 2"
2019,"index","F18_R1_G18","Index 18  / Region 1  / Group 18","2019",0.466975339471439,0.519984954258731,"geometric-mean-scaled index","trial-2","Trial 2"
2020,"index","F18_R1_G18","Index 18  / Region 1  / Group 18","2020",0.377731205082218,0.496824501363437,"geometric-mean-scaled index","trial-2","Trial 2"
2021,"index","F18_R1_G18","Index 18  / Region 1  / Group 18","2021",0.384903092509445,0.493136006396177,"geometric-mean-scaled index","trial-2","Trial 2"
2022,"index","F18_R1_G18","Index 18  / Region 1  / Group 18","2022",0.533173522636986,0.452300595933536,"geometric-mean-scaled index","trial-2","Trial 2"
1992,"index","F19_R1_G19","Index 19  / Region 1  / Group 19","1992",1.85927115000846,0.909694026268142,"geometric-mean-scaled index","trial-2","Trial 2"
1993,"index","F19_R1_G19","Index 19  / Region 1  / Group 19","1993",0.849266654622091,0.881785249840411,"geometric-mean-scaled index","trial-2","Trial 2"
1994,"index","F19_R1_G19","Index 19  / Region 1  / Group 19","1994",1.00123553533734,0.872362520353328,"geometric-mean-scaled index","trial-2","Trial 2"
1995,"index","F19_R1_G19","Index 19  / Region 1  / Group 19","1995",1.31046507492219,1.02870032831298,"geometric-mean-scaled index","trial-2","Trial 2"
1996,"index","F19_R1_G19","Index 19  / Region 1  / Group 19","1996",1.21306505673522,1.06852045972234,"geometric-mean-scaled index","trial-2","Trial 2"
1997,"index","F19_R1_G19","Index 19  / Region 1  / Group 19","1997",0.799390157141791,0.810960861598688,"geometric-mean-scaled index","trial-2","Trial 2"
1998,"index","F19_R1_G19","Index 19  / Region 1  / Group 19","1998",1.99291282185133,0.669327141467421,"geometric-mean-scaled index","trial-2","Trial 2"
1999,"index","F19_R1_G19","Index 19  / Region 1  / Group 19","1999",1.3696369541503,0.640973388786026,"geometric-mean-scaled index","trial-2","Trial 2"
2000,"index","F19_R1_G19","Index 19  / Region 1  / Group 19","2000",0.965612099781253,1.07275763577633,"geometric-mean-scaled index","trial-2","Trial 2"
2001,"index","F19_R1_G19","Index 19  / Region 1  / Group 19","2001",0.810369966030035,0.832660698777911,"geometric-mean-scaled index","trial-2","Trial 2"
2002,"index","F19_R1_G19","Index 19  / Region 1  / Group 19","2002",0.74171237247259,0.996809767964133,"geometric-mean-scaled index","trial-2","Trial 2"
2003,"index","F19_R1_G19","Index 19  / Region 1  / Group 19","2003",1.03600097632011,1.37967950728973,"geometric-mean-scaled index","trial-2","Trial 2"
2004,"index","F19_R1_G19","Index 19  / Region 1  / Group 19","2004",1.05045112419079,1.2628888695807,"geometric-mean-scaled index","trial-2","Trial 2"
2005,"index","F19_R1_G19","Index 19  / Region 1  / Group 19","2005",0.734713898314047,0.887855417925308,"geometric-mean-scaled index","trial-2","Trial 2"
2006,"index","F19_R1_G19","Index 19  / Region 1  / Group 19","2006",0.882670668461906,0.816501791385347,"geometric-mean-scaled index","trial-2","Trial 2"
2007,"index","F19_R1_G19","Index 19  / Region 1  / Group 19","2007",1.03363575876466,1.09221375060418,"geometric-mean-scaled index","trial-2","Trial 2"
2008,"index","F19_R1_G19","Index 19  / Region 1  / Group 19","2008",1.33647576097039,1.34485093859313,"geometric-mean-scaled index","trial-2","Trial 2"
2009,"index","F19_R1_G19","Index 19  / Region 1  / Group 19","2009",0.832547956398684,1.14429620128848,"geometric-mean-scaled index","trial-2","Trial 2"
2010,"index","F19_R1_G19","Index 19  / Region 1  / Group 19","2010",1.1710748925389,1.1113051704604,"geometric-mean-scaled index","trial-2","Trial 2"
2011,"index","F19_R1_G19","Index 19  / Region 1  / Group 19","2011",1.14908021933067,1.32821559649936,"geometric-mean-scaled index","trial-2","Trial 2"
2012,"index","F19_R1_G19","Index 19  / Region 1  / Group 19","2012",0.992144371207608,1.36783902202922,"geometric-mean-scaled index","trial-2","Trial 2"
2013,"index","F19_R1_G19","Index 19  / Region 1  / Group 19","2013",0.812541615693899,1.12303840871178,"geometric-mean-scaled index","trial-2","Trial 2"
2014,"index","F19_R1_G19","Index 19  / Region 1  / Group 19","2014",0.869128916645273,0.980068604682936,"geometric-mean-scaled index","trial-2","Trial 2"
2015,"index","F19_R1_G19","Index 19  / Region 1  / Group 19","2015",0.923487470227196,1.10968500161664,"geometric-mean-scaled index","trial-2","Trial 2"
2016,"index","F19_R1_G19","Index 19  / Region 1  / Group 19","2016",0.994049496935054,1.1413079232391,"geometric-mean-scaled index","trial-2","Trial 2"
2017,"index","F19_R1_G19","Index 19  / Region 1  / Group 19","2017",0.679637993540111,0.847886109274115,"geometric-mean-scaled index","trial-2","Trial 2"
2018,"index","F19_R1_G19","Index 19  / Region 1  / Group 19","2018",1.1614387047662,0.731912478685193,"geometric-mean-scaled index","trial-2","Trial 2"
2019,"index","F19_R1_G19","Index 19  / Region 1  / Group 19","2019",0.909406517143503,1.2779601097822,"geometric-mean-scaled index","trial-2","Trial 2"
2020,"index","F19_R1_G19","Index 19  / Region 1  / Group 19","2020",0.960523282163485,1.36413199808313,"geometric-mean-scaled index","trial-2","Trial 2"
2021,"index","F19_R1_G19","Index 19  / Region 1  / Group 19","2021",0.974737478989675,1.24005324195555,"geometric-mean-scaled index","trial-2","Trial 2"
2022,"index","F19_R1_G19","Index 19  / Region 1  / Group 19","2022",0.665420460916155,1.05092448717344,"geometric-mean-scaled index","trial-2","Trial 2"
1954,"index","F20_R2_G20","Index 20  / Region 2  / Group 20","1954",4.21096154805618,3.33286723854492,"geometric-mean-scaled index","trial-2","Trial 2"
1955,"index","F20_R2_G20","Index 20  / Region 2  / Group 20","1955",3.11733650195403,3.25837526211978,"geometric-mean-scaled index","trial-2","Trial 2"
1956,"index","F20_R2_G20","Index 20  / Region 2  / Group 20","1956",3.11471220345346,3.23114875649841,"geometric-mean-scaled index","trial-2","Trial 2"
1957,"index","F20_R2_G20","Index 20  / Region 2  / Group 20","1957",2.49122048423764,3.20328441585016,"geometric-mean-scaled index","trial-2","Trial 2"
1958,"index","F20_R2_G20","Index 20  / Region 2  / Group 20","1958",3.38277838084962,3.17632423602593,"geometric-mean-scaled index","trial-2","Trial 2"
1959,"index","F20_R2_G20","Index 20  / Region 2  / Group 20","1959",3.53910335426992,3.14606454110922,"geometric-mean-scaled index","trial-2","Trial 2"
1960,"index","F20_R2_G20","Index 20  / Region 2  / Group 20","1960",2.88806453309758,3.09306630156324,"geometric-mean-scaled index","trial-2","Trial 2"
1961,"index","F20_R2_G20","Index 20  / Region 2  / Group 20","1961",2.77519235560544,2.76892531261567,"geometric-mean-scaled index","trial-2","Trial 2"
1962,"index","F20_R2_G20","Index 20  / Region 2  / Group 20","1962",2.84542670742501,2.61254362847225,"geometric-mean-scaled index","trial-2","Trial 2"
1963,"index","F20_R2_G20","Index 20  / Region 2  / Group 20","1963",2.15624779216803,2.12108258969624,"geometric-mean-scaled index","trial-2","Trial 2"
1964,"index","F20_R2_G20","Index 20  / Region 2  / Group 20","1964",1.77294323917794,1.6619361511045,"geometric-mean-scaled index","trial-2","Trial 2"
1965,"index","F20_R2_G20","Index 20  / Region 2  / Group 20","1965",1.39305357413891,1.57400793940948,"geometric-mean-scaled index","trial-2","Trial 2"
1966,"index","F20_R2_G20","Index 20  / Region 2  / Group 20","1966",2.15604911541288,1.64416548688834,"geometric-mean-scaled index","trial-2","Trial 2"
1967,"index","F20_R2_G20","Index 20  / Region 2  / Group 20","1967",1.83466830687541,1.80244739894862,"geometric-mean-scaled index","trial-2","Trial 2"
1968,"index","F20_R2_G20","Index 20  / Region 2  / Group 20","1968",1.49027459282616,1.52314852844121,"geometric-mean-scaled index","trial-2","Trial 2"
1969,"index","F20_R2_G20","Index 20  / Region 2  / Group 20","1969",0.90397341842816,1.16331506310107,"geometric-mean-scaled index","trial-2","Trial 2"
1970,"index","F20_R2_G20","Index 20  / Region 2  / Group 20","1970",1.74296686069583,1.11863283756572,"geometric-mean-scaled index","trial-2","Trial 2"
1971,"index","F20_R2_G20","Index 20  / Region 2  / Group 20","1971",1.05128168838887,0.992009682695243,"geometric-mean-scaled index","trial-2","Trial 2"
1972,"index","F20_R2_G20","Index 20  / Region 2  / Group 20","1972",1.03629787461149,0.890897179518762,"geometric-mean-scaled index","trial-2","Trial 2"
1973,"index","F20_R2_G20","Index 20  / Region 2  / Group 20","1973",1.14631510743072,0.803052854442616,"geometric-mean-scaled index","trial-2","Trial 2"
1974,"index","F20_R2_G20","Index 20  / Region 2  / Group 20","1974",0.503606327140092,0.701870542814393,"geometric-mean-scaled index","trial-2","Trial 2"
1975,"index","F20_R2_G20","Index 20  / Region 2  / Group 20","1975",0.345168043176568,0.642677470689012,"geometric-mean-scaled index","trial-2","Trial 2"
1976,"index","F20_R2_G20","Index 20  / Region 2  / Group 20","1976",0.392881567888747,0.628561914678828,"geometric-mean-scaled index","trial-2","Trial 2"
1977,"index","F20_R2_G20","Index 20  / Region 2  / Group 20","1977",0.722292569399697,0.753893750299891,"geometric-mean-scaled index","trial-2","Trial 2"
1978,"index","F20_R2_G20","Index 20  / Region 2  / Group 20","1978",1.34450541165844,1.01955593337074,"geometric-mean-scaled index","trial-2","Trial 2"
1979,"index","F20_R2_G20","Index 20  / Region 2  / Group 20","1979",0.925834385511787,0.976780540572536,"geometric-mean-scaled index","trial-2","Trial 2"
1980,"index","F20_R2_G20","Index 20  / Region 2  / Group 20","1980",0.665679781043966,0.830248452337804,"geometric-mean-scaled index","trial-2","Trial 2"
1981,"index","F20_R2_G20","Index 20  / Region 2  / Group 20","1981",0.591226781169868,0.70183426140512,"geometric-mean-scaled index","trial-2","Trial 2"
1982,"index","F20_R2_G20","Index 20  / Region 2  / Group 20","1982",0.474104859767232,0.622525395578374,"geometric-mean-scaled index","trial-2","Trial 2"
1983,"index","F20_R2_G20","Index 20  / Region 2  / Group 20","1983",0.516419783951321,0.635584160200703,"geometric-mean-scaled index","trial-2","Trial 2"
1984,"index","F20_R2_G20","Index 20  / Region 2  / Group 20","1984",0.705603550009173,0.746174972485834,"geometric-mean-scaled index","trial-2","Trial 2"
1985,"index","F20_R2_G20","Index 20  / Region 2  / Group 20","1985",0.596630644214555,0.779378464640582,"geometric-mean-scaled index","trial-2","Trial 2"
1986,"index","F20_R2_G20","Index 20  / Region 2  / Group 20","1986",0.576521368772823,0.742686661150367,"geometric-mean-scaled index","trial-2","Trial 2"
1987,"index","F20_R2_G20","Index 20  / Region 2  / Group 20","1987",0.738069475063823,0.729296085963838,"geometric-mean-scaled index","trial-2","Trial 2"
1988,"index","F20_R2_G20","Index 20  / Region 2  / Group 20","1988",0.631881286279668,0.764489706869391,"geometric-mean-scaled index","trial-2","Trial 2"
1989,"index","F20_R2_G20","Index 20  / Region 2  / Group 20","1989",0.538572813890766,0.650508460255105,"geometric-mean-scaled index","trial-2","Trial 2"
1990,"index","F20_R2_G20","Index 20  / Region 2  / Group 20","1990",0.558798697122352,0.663688504270497,"geometric-mean-scaled index","trial-2","Trial 2"
1991,"index","F20_R2_G20","Index 20  / Region 2  / Group 20","1991",0.596239520556125,0.680981988385709,"geometric-mean-scaled index","trial-2","Trial 2"
1992,"index","F20_R2_G20","Index 20  / Region 2  / Group 20","1992",0.949703632796349,0.736712143706098,"geometric-mean-scaled index","trial-2","Trial 2"
1993,"index","F20_R2_G20","Index 20  / Region 2  / Group 20","1993",0.773853468646436,0.856966466335481,"geometric-mean-scaled index","trial-2","Trial 2"
1994,"index","F20_R2_G20","Index 20  / Region 2  / Group 20","1994",0.810781379423954,0.761889092384814,"geometric-mean-scaled index","trial-2","Trial 2"
1995,"index","F20_R2_G20","Index 20  / Region 2  / Group 20","1995",1.07726297359609,0.88072043744418,"geometric-mean-scaled index","trial-2","Trial 2"
1996,"index","F20_R2_G20","Index 20  / Region 2  / Group 20","1996",0.935003854840217,0.860192398261394,"geometric-mean-scaled index","trial-2","Trial 2"
1997,"index","F20_R2_G20","Index 20  / Region 2  / Group 20","1997",0.800397864000986,0.865213274440508,"geometric-mean-scaled index","trial-2","Trial 2"
1998,"index","F20_R2_G20","Index 20  / Region 2  / Group 20","1998",1.04349083940237,0.913349118163213,"geometric-mean-scaled index","trial-2","Trial 2"
1999,"index","F20_R2_G20","Index 20  / Region 2  / Group 20","1999",0.765213765192612,1.00393550041591,"geometric-mean-scaled index","trial-2","Trial 2"
2000,"index","F20_R2_G20","Index 20  / Region 2  / Group 20","2000",0.767097814359868,0.90589657962275,"geometric-mean-scaled index","trial-2","Trial 2"
2001,"index","F20_R2_G20","Index 20  / Region 2  / Group 20","2001",0.841773334723493,0.842432573278249,"geometric-mean-scaled index","trial-2","Trial 2"
2002,"index","F20_R2_G20","Index 20  / Region 2  / Group 20","2002",0.547333871289332,0.659876942201863,"geometric-mean-scaled index","trial-2","Trial 2"
2003,"index","F20_R2_G20","Index 20  / Region 2  / Group 20","2003",0.588325890023659,0.842122920230375,"geometric-mean-scaled index","trial-2","Trial 2"
2004,"index","F20_R2_G20","Index 20  / Region 2  / Group 20","2004",0.635814586790303,0.673603243102139,"geometric-mean-scaled index","trial-2","Trial 2"
2005,"index","F20_R2_G20","Index 20  / Region 2  / Group 20","2005",0.834789610625378,0.773635262686765,"geometric-mean-scaled index","trial-2","Trial 2"
2006,"index","F20_R2_G20","Index 20  / Region 2  / Group 20","2006",0.92372528101704,0.912945144402619,"geometric-mean-scaled index","trial-2","Trial 2"
2007,"index","F20_R2_G20","Index 20  / Region 2  / Group 20","2007",0.84623569961814,1.00620171791835,"geometric-mean-scaled index","trial-2","Trial 2"
2008,"index","F20_R2_G20","Index 20  / Region 2  / Group 20","2008",0.610796174186906,0.872384320361621,"geometric-mean-scaled index","trial-2","Trial 2"
2009,"index","F20_R2_G20","Index 20  / Region 2  / Group 20","2009",1.05927374250753,0.815642446237835,"geometric-mean-scaled index","trial-2","Trial 2"
2010,"index","F20_R2_G20","Index 20  / Region 2  / Group 20","2010",0.847323881897912,0.833065973246501,"geometric-mean-scaled index","trial-2","Trial 2"
2011,"index","F20_R2_G20","Index 20  / Region 2  / Group 20","2011",1.12583979197944,0.967631539208017,"geometric-mean-scaled index","trial-2","Trial 2"
2012,"index","F20_R2_G20","Index 20  / Region 2  / Group 20","2012",0.945525297290097,0.865751622928628,"geometric-mean-scaled index","trial-2","Trial 2"
2013,"index","F20_R2_G20","Index 20  / Region 2  / Group 20","2013",0.87877457395759,0.857997648227512,"geometric-mean-scaled index","trial-2","Trial 2"
2014,"index","F20_R2_G20","Index 20  / Region 2  / Group 20","2014",1.04373534993691,0.925404739596473,"geometric-mean-scaled index","trial-2","Trial 2"
2015,"index","F20_R2_G20","Index 20  / Region 2  / Group 20","2015",1.22377077691567,0.941825176027943,"geometric-mean-scaled index","trial-2","Trial 2"
2016,"index","F20_R2_G20","Index 20  / Region 2  / Group 20","2016",1.13572929605611,0.848838239277519,"geometric-mean-scaled index","trial-2","Trial 2"
2017,"index","F20_R2_G20","Index 20  / Region 2  / Group 20","2017",0.734357067400453,0.771961545040392,"geometric-mean-scaled index","trial-2","Trial 2"
2018,"index","F20_R2_G20","Index 20  / Region 2  / Group 20","2018",0.64550184014846,0.766277998822578,"geometric-mean-scaled index","trial-2","Trial 2"
2019,"index","F20_R2_G20","Index 20  / Region 2  / Group 20","2019",0.713722524698996,0.80451060078773,"geometric-mean-scaled index","trial-2","Trial 2"
2020,"index","F20_R2_G20","Index 20  / Region 2  / Group 20","2020",0.772716002092201,0.690346042920248,"geometric-mean-scaled index","trial-2","Trial 2"
2021,"index","F20_R2_G20","Index 20  / Region 2  / Group 20","2021",0.751048561936257,0.510416175438206,"geometric-mean-scaled index","trial-2","Trial 2"
2022,"index","F20_R2_G20","Index 20  / Region 2  / Group 20","2022",1.00202993070836,0.752582728913157,"geometric-mean-scaled index","trial-2","Trial 2"
1954,"index","F18_R1_G18","Index 18  / Region 1  / Group 18","1954",4.40903714715002,5.07104881822783,"geometric-mean-scaled index","trial-3","Trial 3"
1955,"index","F18_R1_G18","Index 18  / Region 1  / Group 18","1955",3.14529508758885,4.78275599068809,"geometric-mean-scaled index","trial-3","Trial 3"
1956,"index","F18_R1_G18","Index 18  / Region 1  / Group 18","1956",3.55845376339654,4.64732885776532,"geometric-mean-scaled index","trial-3","Trial 3"
1957,"index","F18_R1_G18","Index 18  / Region 1  / Group 18","1957",3.81367935187817,4.52595891436439,"geometric-mean-scaled index","trial-3","Trial 3"
1958,"index","F18_R1_G18","Index 18  / Region 1  / Group 18","1958",4.19937988018333,4.40741401451568,"geometric-mean-scaled index","trial-3","Trial 3"
1959,"index","F18_R1_G18","Index 18  / Region 1  / Group 18","1959",5.02003875847804,4.25689972484225,"geometric-mean-scaled index","trial-3","Trial 3"
1960,"index","F18_R1_G18","Index 18  / Region 1  / Group 18","1960",6.09415385779237,4.12904335700424,"geometric-mean-scaled index","trial-3","Trial 3"
1961,"index","F18_R1_G18","Index 18  / Region 1  / Group 18","1961",5.9871599837675,3.95906471174521,"geometric-mean-scaled index","trial-3","Trial 3"
1962,"index","F18_R1_G18","Index 18  / Region 1  / Group 18","1962",4.31836862588877,3.68936148078175,"geometric-mean-scaled index","trial-3","Trial 3"
1963,"index","F18_R1_G18","Index 18  / Region 1  / Group 18","1963",2.6756633141332,3.34047325048948,"geometric-mean-scaled index","trial-3","Trial 3"
1964,"index","F18_R1_G18","Index 18  / Region 1  / Group 18","1964",2.42251196662564,2.94887607604337,"geometric-mean-scaled index","trial-3","Trial 3"
1965,"index","F18_R1_G18","Index 18  / Region 1  / Group 18","1965",2.71599052736943,2.50103386995873,"geometric-mean-scaled index","trial-3","Trial 3"
1966,"index","F18_R1_G18","Index 18  / Region 1  / Group 18","1966",2.44814503331434,2.05948461232706,"geometric-mean-scaled index","trial-3","Trial 3"
1967,"index","F18_R1_G18","Index 18  / Region 1  / Group 18","1967",1.94746079529619,1.82034878182012,"geometric-mean-scaled index","trial-3","Trial 3"
1968,"index","F18_R1_G18","Index 18  / Region 1  / Group 18","1968",1.71471945569896,1.7580717877901,"geometric-mean-scaled index","trial-3","Trial 3"
1969,"index","F18_R1_G18","Index 18  / Region 1  / Group 18","1969",1.65433171113289,1.69459630670274,"geometric-mean-scaled index","trial-3","Trial 3"
1970,"index","F18_R1_G18","Index 18  / Region 1  / Group 18","1970",1.54780579698768,1.49427906293289,"geometric-mean-scaled index","trial-3","Trial 3"
1971,"index","F18_R1_G18","Index 18  / Region 1  / Group 18","1971",1.23412080025738,1.23695245663717,"geometric-mean-scaled index","trial-3","Trial 3"
1972,"index","F18_R1_G18","Index 18  / Region 1  / Group 18","1972",1.07338614840291,1.04601711665574,"geometric-mean-scaled index","trial-3","Trial 3"
1973,"index","F18_R1_G18","Index 18  / Region 1  / Group 18","1973",0.989103263951998,0.868813547986344,"geometric-mean-scaled index","trial-3","Trial 3"
1974,"index","F18_R1_G18","Index 18  / Region 1  / Group 18","1974",0.580301639759145,0.743767684445721,"geometric-mean-scaled index","trial-3","Trial 3"
1975,"index","F18_R1_G18","Index 18  / Region 1  / Group 18","1975",0.58813811691667,0.717173251799602,"geometric-mean-scaled index","trial-3","Trial 3"
1976,"index","F18_R1_G18","Index 18  / Region 1  / Group 18","1976",0.851064006357214,0.726440491581636,"geometric-mean-scaled index","trial-3","Trial 3"
1977,"index","F18_R1_G18","Index 18  / Region 1  / Group 18","1977",0.863018267252948,0.683203919648042,"geometric-mean-scaled index","trial-3","Trial 3"
1978,"index","F18_R1_G18","Index 18  / Region 1  / Group 18","1978",0.935245185300877,0.720240064985536,"geometric-mean-scaled index","trial-3","Trial 3"
1979,"index","F18_R1_G18","Index 18  / Region 1  / Group 18","1979",0.811891863308134,0.844973114158828,"geometric-mean-scaled index","trial-3","Trial 3"
1980,"index","F18_R1_G18","Index 18  / Region 1  / Group 18","1980",0.857986996795637,0.929248947315521,"geometric-mean-scaled index","trial-3","Trial 3"
1981,"index","F18_R1_G18","Index 18  / Region 1  / Group 18","1981",0.969775742290399,0.869059296240774,"geometric-mean-scaled index","trial-3","Trial 3"
1982,"index","F18_R1_G18","Index 18  / Region 1  / Group 18","1982",0.754187984251701,0.755922359493878,"geometric-mean-scaled index","trial-3","Trial 3"
1983,"index","F18_R1_G18","Index 18  / Region 1  / Group 18","1983",0.847323525052082,0.685949521110185,"geometric-mean-scaled index","trial-3","Trial 3"
1984,"index","F18_R1_G18","Index 18  / Region 1  / Group 18","1984",0.697012441179108,0.667580895414098,"geometric-mean-scaled index","trial-3","Trial 3"
1985,"index","F18_R1_G18","Index 18  / Region 1  / Group 18","1985",0.700113985527936,0.717201457008394,"geometric-mean-scaled index","trial-3","Trial 3"
1986,"index","F18_R1_G18","Index 18  / Region 1  / Group 18","1986",0.916792661518106,0.7620770058866,"geometric-mean-scaled index","trial-3","Trial 3"
1987,"index","F18_R1_G18","Index 18  / Region 1  / Group 18","1987",0.932698710694853,0.813086216045854,"geometric-mean-scaled index","trial-3","Trial 3"
1988,"index","F18_R1_G18","Index 18  / Region 1  / Group 18","1988",0.933673375591985,0.770997135787045,"geometric-mean-scaled index","trial-3","Trial 3"
1989,"index","F18_R1_G18","Index 18  / Region 1  / Group 18","1989",0.68771709247243,0.7591166460787,"geometric-mean-scaled index","trial-3","Trial 3"
1990,"index","F18_R1_G18","Index 18  / Region 1  / Group 18","1990",0.776975789161292,0.765015800586894,"geometric-mean-scaled index","trial-3","Trial 3"
1991,"index","F18_R1_G18","Index 18  / Region 1  / Group 18","1991",0.655727821196814,0.72928974413793,"geometric-mean-scaled index","trial-3","Trial 3"
1992,"index","F18_R1_G18","Index 18  / Region 1  / Group 18","1992",0.872502177541898,0.713149962142442,"geometric-mean-scaled index","trial-3","Trial 3"
1993,"index","F18_R1_G18","Index 18  / Region 1  / Group 18","1993",0.879147658089477,0.751419691605837,"geometric-mean-scaled index","trial-3","Trial 3"
1994,"index","F18_R1_G18","Index 18  / Region 1  / Group 18","1994",0.948738796667378,0.794705599959977,"geometric-mean-scaled index","trial-3","Trial 3"
1995,"index","F18_R1_G18","Index 18  / Region 1  / Group 18","1995",0.883131727989847,0.839165823687643,"geometric-mean-scaled index","trial-3","Trial 3"
1996,"index","F18_R1_G18","Index 18  / Region 1  / Group 18","1996",0.837306959406211,0.843625327126454,"geometric-mean-scaled index","trial-3","Trial 3"
1997,"index","F18_R1_G18","Index 18  / Region 1  / Group 18","1997",0.95208949005856,0.872464926118511,"geometric-mean-scaled index","trial-3","Trial 3"
1998,"index","F18_R1_G18","Index 18  / Region 1  / Group 18","1998",0.856547687420413,0.831395814201921,"geometric-mean-scaled index","trial-3","Trial 3"
1999,"index","F18_R1_G18","Index 18  / Region 1  / Group 18","1999",0.61266101448799,0.866137150247928,"geometric-mean-scaled index","trial-3","Trial 3"
2000,"index","F18_R1_G18","Index 18  / Region 1  / Group 18","2000",0.679263091965619,0.902194051717293,"geometric-mean-scaled index","trial-3","Trial 3"
2001,"index","F18_R1_G18","Index 18  / Region 1  / Group 18","2001",0.663388123597169,0.843772127414958,"geometric-mean-scaled index","trial-3","Trial 3"
2002,"index","F18_R1_G18","Index 18  / Region 1  / Group 18","2002",0.695863453728742,0.663323002699024,"geometric-mean-scaled index","trial-3","Trial 3"
2003,"index","F18_R1_G18","Index 18  / Region 1  / Group 18","2003",0.520428254256146,0.560920377948846,"geometric-mean-scaled index","trial-3","Trial 3"
2004,"index","F18_R1_G18","Index 18  / Region 1  / Group 18","2004",0.457969008695485,0.565602431339016,"geometric-mean-scaled index","trial-3","Trial 3"
2005,"index","F18_R1_G18","Index 18  / Region 1  / Group 18","2005",0.57000982730679,0.530542630289565,"geometric-mean-scaled index","trial-3","Trial 3"
2006,"index","F18_R1_G18","Index 18  / Region 1  / Group 18","2006",0.692547701969523,0.541037597365459,"geometric-mean-scaled index","trial-3","Trial 3"
2007,"index","F18_R1_G18","Index 18  / Region 1  / Group 18","2007",0.763296075617131,0.601167120949507,"geometric-mean-scaled index","trial-3","Trial 3"
2008,"index","F18_R1_G18","Index 18  / Region 1  / Group 18","2008",0.557991706511396,0.670473976282182,"geometric-mean-scaled index","trial-3","Trial 3"
2009,"index","F18_R1_G18","Index 18  / Region 1  / Group 18","2009",0.644374806432787,0.650719487591183,"geometric-mean-scaled index","trial-3","Trial 3"
2010,"index","F18_R1_G18","Index 18  / Region 1  / Group 18","2010",0.629833334064991,0.491887682169659,"geometric-mean-scaled index","trial-3","Trial 3"
2011,"index","F18_R1_G18","Index 18  / Region 1  / Group 18","2011",0.472776191924379,0.509936332179083,"geometric-mean-scaled index","trial-3","Trial 3"
2012,"index","F18_R1_G18","Index 18  / Region 1  / Group 18","2012",0.561037772817115,0.561321338397229,"geometric-mean-scaled index","trial-3","Trial 3"
2013,"index","F18_R1_G18","Index 18  / Region 1  / Group 18","2013",0.518607359493591,0.557215257124633,"geometric-mean-scaled index","trial-3","Trial 3"
2014,"index","F18_R1_G18","Index 18  / Region 1  / Group 18","2014",0.534249440170542,0.567270135891017,"geometric-mean-scaled index","trial-3","Trial 3"
2015,"index","F18_R1_G18","Index 18  / Region 1  / Group 18","2015",0.610459945494768,0.600475437092663,"geometric-mean-scaled index","trial-3","Trial 3"
2016,"index","F18_R1_G18","Index 18  / Region 1  / Group 18","2016",0.483833914957584,0.63220491611941,"geometric-mean-scaled index","trial-3","Trial 3"
2017,"index","F18_R1_G18","Index 18  / Region 1  / Group 18","2017",0.503585067785675,0.632141071399878,"geometric-mean-scaled index","trial-3","Trial 3"
2018,"index","F18_R1_G18","Index 18  / Region 1  / Group 18","2018",0.44199217333407,0.561057414354007,"geometric-mean-scaled index","trial-3","Trial 3"
2019,"index","F18_R1_G18","Index 18  / Region 1  / Group 18","2019",0.466975339471439,0.510220897550742,"geometric-mean-scaled index","trial-3","Trial 3"
2020,"index","F18_R1_G18","Index 18  / Region 1  / Group 18","2020",0.377731205082218,0.48749534180699,"geometric-mean-scaled index","trial-3","Trial 3"
2021,"index","F18_R1_G18","Index 18  / Region 1  / Group 18","2021",0.384903092509445,0.483876107832251,"geometric-mean-scaled index","trial-3","Trial 3"
2022,"index","F18_R1_G18","Index 18  / Region 1  / Group 18","2022",0.533173522636986,0.443807487370331,"geometric-mean-scaled index","trial-3","Trial 3"
1992,"index","F19_R1_G19","Index 19  / Region 1  / Group 19","1992",1.85927115000846,0.892612178059546,"geometric-mean-scaled index","trial-3","Trial 3"
1993,"index","F19_R1_G19","Index 19  / Region 1  / Group 19","1993",0.849266654622091,0.865227460786718,"geometric-mean-scaled index","trial-3","Trial 3"
1994,"index","F19_R1_G19","Index 19  / Region 1  / Group 19","1994",1.00123553533734,0.85598166731346,"geometric-mean-scaled index","trial-3","Trial 3"
1995,"index","F19_R1_G19","Index 19  / Region 1  / Group 19","1995",1.31046507492219,1.0093838302895,"geometric-mean-scaled index","trial-3","Trial 3"
1996,"index","F19_R1_G19","Index 19  / Region 1  / Group 19","1996",1.21306505673522,1.04845623617716,"geometric-mean-scaled index","trial-3","Trial 3"
1997,"index","F19_R1_G19","Index 19  / Region 1  / Group 19","1997",0.799390157141791,0.795732982838431,"geometric-mean-scaled index","trial-3","Trial 3"
1998,"index","F19_R1_G19","Index 19  / Region 1  / Group 19","1998",1.99291282185133,0.656758800572248,"geometric-mean-scaled index","trial-3","Trial 3"
1999,"index","F19_R1_G19","Index 19  / Region 1  / Group 19","1999",1.3696369541503,0.62893746262093,"geometric-mean-scaled index","trial-3","Trial 3"
2000,"index","F19_R1_G19","Index 19  / Region 1  / Group 19","2000",0.965612099781253,1.05261384833813,"geometric-mean-scaled index","trial-3","Trial 3"
2001,"index","F19_R1_G19","Index 19  / Region 1  / Group 19","2001",0.810369966030035,0.817025349687914,"geometric-mean-scaled index","trial-3","Trial 3"
2002,"index","F19_R1_G19","Index 19  / Region 1  / Group 19","2002",0.74171237247259,0.978092097343539,"geometric-mean-scaled index","trial-3","Trial 3"
2003,"index","F19_R1_G19","Index 19  / Region 1  / Group 19","2003",1.03600097632011,1.35377247125398,"geometric-mean-scaled index","trial-3","Trial 3"
2004,"index","F19_R1_G19","Index 19  / Region 1  / Group 19","2004",1.05045112419079,1.2391748785556,"geometric-mean-scaled index","trial-3","Trial 3"
2005,"index","F19_R1_G19","Index 19  / Region 1  / Group 19","2005",0.734713898314047,0.871183645832447,"geometric-mean-scaled index","trial-3","Trial 3"
2006,"index","F19_R1_G19","Index 19  / Region 1  / Group 19","2006",0.882670668461906,0.801169867397995,"geometric-mean-scaled index","trial-3","Trial 3"
2007,"index","F19_R1_G19","Index 19  / Region 1  / Group 19","2007",1.03363575876466,1.07170462450197,"geometric-mean-scaled index","trial-3","Trial 3"
2008,"index","F19_R1_G19","Index 19  / Region 1  / Group 19","2008",1.33647576097039,1.31959789863366,"geometric-mean-scaled index","trial-3","Trial 3"
2009,"index","F19_R1_G19","Index 19  / Region 1  / Group 19","2009",0.832547956398684,1.12280909303927,"geometric-mean-scaled index","trial-3","Trial 3"
2010,"index","F19_R1_G19","Index 19  / Region 1  / Group 19","2010",1.1710748925389,1.09043755378151,"geometric-mean-scaled index","trial-3","Trial 3"
2011,"index","F19_R1_G19","Index 19  / Region 1  / Group 19","2011",1.14908021933067,1.30327492793109,"geometric-mean-scaled index","trial-3","Trial 3"
2012,"index","F19_R1_G19","Index 19  / Region 1  / Group 19","2012",0.992144371207608,1.34215432159873,"geometric-mean-scaled index","trial-3","Trial 3"
2013,"index","F19_R1_G19","Index 19  / Region 1  / Group 19","2013",0.812541615693899,1.10195047026644,"geometric-mean-scaled index","trial-3","Trial 3"
2014,"index","F19_R1_G19","Index 19  / Region 1  / Group 19","2014",0.869128916645273,0.961665292518864,"geometric-mean-scaled index","trial-3","Trial 3"
2015,"index","F19_R1_G19","Index 19  / Region 1  / Group 19","2015",0.923487470227196,1.08884780778045,"geometric-mean-scaled index","trial-3","Trial 3"
2016,"index","F19_R1_G19","Index 19  / Region 1  / Group 19","2016",0.994049496935054,1.11987692760641,"geometric-mean-scaled index","trial-3","Trial 3"
2017,"index","F19_R1_G19","Index 19  / Region 1  / Group 19","2017",0.679637993540111,0.83196486388987,"geometric-mean-scaled index","trial-3","Trial 3"
2018,"index","F19_R1_G19","Index 19  / Region 1  / Group 19","2018",1.1614387047662,0.718168936898768,"geometric-mean-scaled index","trial-3","Trial 3"
2019,"index","F19_R1_G19","Index 19  / Region 1  / Group 19","2019",0.909406517143503,1.2539631174072,"geometric-mean-scaled index","trial-3","Trial 3"
2020,"index","F19_R1_G19","Index 19  / Region 1  / Group 19","2020",0.960523282163485,1.33851690657446,"geometric-mean-scaled index","trial-3","Trial 3"
2021,"index","F19_R1_G19","Index 19  / Region 1  / Group 19","2021",0.974737478989675,1.21676804865099,"geometric-mean-scaled index","trial-3","Trial 3"
2022,"index","F19_R1_G19","Index 19  / Region 1  / Group 19","2022",0.665420460916155,1.0311906733303,"geometric-mean-scaled index","trial-3","Trial 3"
1954,"index","F20_R2_G20","Index 20  / Region 2  / Group 20","1954",4.21096154805618,3.27028407253054,"geometric-mean-scaled index","trial-3","Trial 3"
1955,"index","F20_R2_G20","Index 20  / Region 2  / Group 20","1955",3.11733650195403,3.19719087481265,"geometric-mean-scaled index","trial-3","Trial 3"
1956,"index","F20_R2_G20","Index 20  / Region 2  / Group 20","1956",3.11471220345346,3.17047561695465,"geometric-mean-scaled index","trial-3","Trial 3"
1957,"index","F20_R2_G20","Index 20  / Region 2  / Group 20","1957",2.49122048423764,3.14313450106509,"geometric-mean-scaled index","trial-3","Trial 3"
1958,"index","F20_R2_G20","Index 20  / Region 2  / Group 20","1958",3.38277838084962,3.11668056805147,"geometric-mean-scaled index","trial-3","Trial 3"
1959,"index","F20_R2_G20","Index 20  / Region 2  / Group 20","1959",3.53910335426992,3.08698907683896,"geometric-mean-scaled index","trial-3","Trial 3"
1960,"index","F20_R2_G20","Index 20  / Region 2  / Group 20","1960",2.88806453309758,3.03498601573442,"geometric-mean-scaled index","trial-3","Trial 3"
1961,"index","F20_R2_G20","Index 20  / Region 2  / Group 20","1961",2.77519235560544,2.71693160866109,"geometric-mean-scaled index","trial-3","Trial 3"
1962,"index","F20_R2_G20","Index 20  / Region 2  / Group 20","1962",2.84542670742501,2.56348639338962,"geometric-mean-scaled index","trial-3","Trial 3"
1963,"index","F20_R2_G20","Index 20  / Region 2  / Group 20","1963",2.15624779216803,2.08125380134668,"geometric-mean-scaled index","trial-3","Trial 3"
1964,"index","F20_R2_G20","Index 20  / Region 2  / Group 20","1964",1.77294323917794,1.63072901964514,"geometric-mean-scaled index","trial-3","Trial 3"
1965,"index","F20_R2_G20","Index 20  / Region 2  / Group 20","1965",1.39305357413891,1.54445188657882,"geometric-mean-scaled index","trial-3","Trial 3"
1966,"index","F20_R2_G20","Index 20  / Region 2  / Group 20","1966",2.15604911541288,1.61329204541698,"geometric-mean-scaled index","trial-3","Trial 3"
1967,"index","F20_R2_G20","Index 20  / Region 2  / Group 20","1967",1.83466830687541,1.76860180693223,"geometric-mean-scaled index","trial-3","Trial 3"
1968,"index","F20_R2_G20","Index 20  / Region 2  / Group 20","1968",1.49027459282616,1.49454749203701,"geometric-mean-scaled index","trial-3","Trial 3"
1969,"index","F20_R2_G20","Index 20  / Region 2  / Group 20","1969",0.90397341842816,1.14147082673933,"geometric-mean-scaled index","trial-3","Trial 3"
1970,"index","F20_R2_G20","Index 20  / Region 2  / Group 20","1970",1.74296686069583,1.09762762506494,"geometric-mean-scaled index","trial-3","Trial 3"
1971,"index","F20_R2_G20","Index 20  / Region 2  / Group 20","1971",1.05128168838887,0.97338214603792,"geometric-mean-scaled index","trial-3","Trial 3"
1972,"index","F20_R2_G20","Index 20  / Region 2  / Group 20","1972",1.03629787461149,0.874168290518099,"geometric-mean-scaled index","trial-3","Trial 3"
1973,"index","F20_R2_G20","Index 20  / Region 2  / Group 20","1973",1.14631510743072,0.787973468883339,"geometric-mean-scaled index","trial-3","Trial 3"
1974,"index","F20_R2_G20","Index 20  / Region 2  / Group 20","1974",0.503606327140092,0.688691115745245,"geometric-mean-scaled index","trial-3","Trial 3"
1975,"index","F20_R2_G20","Index 20  / Region 2  / Group 20","1975",0.345168043176568,0.630609545997421,"geometric-mean-scaled index","trial-3","Trial 3"
1976,"index","F20_R2_G20","Index 20  / Region 2  / Group 20","1976",0.392881567888747,0.616759045905143,"geometric-mean-scaled index","trial-3","Trial 3"
1977,"index","F20_R2_G20","Index 20  / Region 2  / Group 20","1977",0.722292569399697,0.739737453527381,"geometric-mean-scaled index","trial-3","Trial 3"
1978,"index","F20_R2_G20","Index 20  / Region 2  / Group 20","1978",1.34450541165844,1.00041114491318,"geometric-mean-scaled index","trial-3","Trial 3"
1979,"index","F20_R2_G20","Index 20  / Region 2  / Group 20","1979",0.925834385511787,0.958438970280359,"geometric-mean-scaled index","trial-3","Trial 3"
1980,"index","F20_R2_G20","Index 20  / Region 2  / Group 20","1980",0.665679781043966,0.814658399387324,"geometric-mean-scaled index","trial-3","Trial 3"
1981,"index","F20_R2_G20","Index 20  / Region 2  / Group 20","1981",0.591226781169868,0.688655515612872,"geometric-mean-scaled index","trial-3","Trial 3"
1982,"index","F20_R2_G20","Index 20  / Region 2  / Group 20","1982",0.474104859767232,0.610835877997513,"geometric-mean-scaled index","trial-3","Trial 3"
1983,"index","F20_R2_G20","Index 20  / Region 2  / Group 20","1983",0.516419783951321,0.623649430681949,"geometric-mean-scaled index","trial-3","Trial 3"
1984,"index","F20_R2_G20","Index 20  / Region 2  / Group 20","1984",0.705603550009173,0.732163615646057,"geometric-mean-scaled index","trial-3","Trial 3"
1985,"index","F20_R2_G20","Index 20  / Region 2  / Group 20","1985",0.596630644214555,0.764743626721887,"geometric-mean-scaled index","trial-3","Trial 3"
1986,"index","F20_R2_G20","Index 20  / Region 2  / Group 20","1986",0.576521368772823,0.728740806339862,"geometric-mean-scaled index","trial-3","Trial 3"
1987,"index","F20_R2_G20","Index 20  / Region 2  / Group 20","1987",0.738069475063823,0.715601673689127,"geometric-mean-scaled index","trial-3","Trial 3"
1988,"index","F20_R2_G20","Index 20  / Region 2  / Group 20","1988",0.631881286279668,0.750134443723002,"geometric-mean-scaled index","trial-3","Trial 3"
1989,"index","F20_R2_G20","Index 20  / Region 2  / Group 20","1989",0.538572813890766,0.638293488566141,"geometric-mean-scaled index","trial-3","Trial 3"
1990,"index","F20_R2_G20","Index 20  / Region 2  / Group 20","1990",0.558798697122352,0.651226043310687,"geometric-mean-scaled index","trial-3","Trial 3"
1991,"index","F20_R2_G20","Index 20  / Region 2  / Group 20","1991",0.596239520556125,0.668194797723248,"geometric-mean-scaled index","trial-3","Trial 3"
1992,"index","F20_R2_G20","Index 20  / Region 2  / Group 20","1992",0.949703632796349,0.72287847584764,"geometric-mean-scaled index","trial-3","Trial 3"
1993,"index","F20_R2_G20","Index 20  / Region 2  / Group 20","1993",0.773853468646436,0.840874713861463,"geometric-mean-scaled index","trial-3","Trial 3"
1994,"index","F20_R2_G20","Index 20  / Region 2  / Group 20","1994",0.810781379423954,0.747582662473108,"geometric-mean-scaled index","trial-3","Trial 3"
1995,"index","F20_R2_G20","Index 20  / Region 2  / Group 20","1995",1.07726297359609,0.86418264298559,"geometric-mean-scaled index","trial-3","Trial 3"
1996,"index","F20_R2_G20","Index 20  / Region 2  / Group 20","1996",0.935003854840217,0.844040070607262,"geometric-mean-scaled index","trial-3","Trial 3"
1997,"index","F20_R2_G20","Index 20  / Region 2  / Group 20","1997",0.800397864000986,0.848966666905132,"geometric-mean-scaled index","trial-3","Trial 3"
1998,"index","F20_R2_G20","Index 20  / Region 2  / Group 20","1998",1.04349083940237,0.896198636190805,"geometric-mean-scaled index","trial-3","Trial 3"
1999,"index","F20_R2_G20","Index 20  / Region 2  / Group 20","1999",0.765213765192612,0.985084025816618,"geometric-mean-scaled index","trial-3","Trial 3"
2000,"index","F20_R2_G20","Index 20  / Region 2  / Group 20","2000",0.767097814359868,0.88888603825503,"geometric-mean-scaled index","trial-3","Trial 3"
2001,"index","F20_R2_G20","Index 20  / Region 2  / Group 20","2001",0.841773334723493,0.826613732077599,"geometric-mean-scaled index","trial-3","Trial 3"
2002,"index","F20_R2_G20","Index 20  / Region 2  / Group 20","2002",0.547333871289332,0.647486053136354,"geometric-mean-scaled index","trial-3","Trial 3"
2003,"index","F20_R2_G20","Index 20  / Region 2  / Group 20","2003",0.588325890023659,0.826309893563192,"geometric-mean-scaled index","trial-3","Trial 3"
2004,"index","F20_R2_G20","Index 20  / Region 2  / Group 20","2004",0.635814586790303,0.660954607385917,"geometric-mean-scaled index","trial-3","Trial 3"
2005,"index","F20_R2_G20","Index 20  / Region 2  / Group 20","2005",0.834789610625378,0.759108268176045,"geometric-mean-scaled index","trial-3","Trial 3"
2006,"index","F20_R2_G20","Index 20  / Region 2  / Group 20","2006",0.92372528101704,0.895802248077978,"geometric-mean-scaled index","trial-3","Trial 3"
2007,"index","F20_R2_G20","Index 20  / Region 2  / Group 20","2007",0.84623569961814,0.987307689248931,"geometric-mean-scaled index","trial-3","Trial 3"
2008,"index","F20_R2_G20","Index 20  / Region 2  / Group 20","2008",0.610796174186906,0.856003057970453,"geometric-mean-scaled index","trial-3","Trial 3"
2009,"index","F20_R2_G20","Index 20  / Region 2  / Group 20","2009",1.05927374250753,0.800326658668822,"geometric-mean-scaled index","trial-3","Trial 3"
2010,"index","F20_R2_G20","Index 20  / Region 2  / Group 20","2010",0.847323881897912,0.817423014084595,"geometric-mean-scaled index","trial-3","Trial 3"
2011,"index","F20_R2_G20","Index 20  / Region 2  / Group 20","2011",1.12583979197944,0.949461764979193,"geometric-mean-scaled index","trial-3","Trial 3"
2012,"index","F20_R2_G20","Index 20  / Region 2  / Group 20","2012",0.945525297290097,0.849494906513901,"geometric-mean-scaled index","trial-3","Trial 3"
2013,"index","F20_R2_G20","Index 20  / Region 2  / Group 20","2013",0.87877457395759,0.841886532657721,"geometric-mean-scaled index","trial-3","Trial 3"
2014,"index","F20_R2_G20","Index 20  / Region 2  / Group 20","2014",1.04373534993691,0.908027882283086,"geometric-mean-scaled index","trial-3","Trial 3"
2015,"index","F20_R2_G20","Index 20  / Region 2  / Group 20","2015",1.22377077691567,0.924139982730651,"geometric-mean-scaled index","trial-3","Trial 3"
2016,"index","F20_R2_G20","Index 20  / Region 2  / Group 20","2016",1.13572929605611,0.832899115200302,"geometric-mean-scaled index","trial-3","Trial 3"
2017,"index","F20_R2_G20","Index 20  / Region 2  / Group 20","2017",0.734357067400453,0.757465978889047,"geometric-mean-scaled index","trial-3","Trial 3"
2018,"index","F20_R2_G20","Index 20  / Region 2  / Group 20","2018",0.64550184014846,0.751889155889124,"geometric-mean-scaled index","trial-3","Trial 3"
2019,"index","F20_R2_G20","Index 20  / Region 2  / Group 20","2019",0.713722524698996,0.78940384228648,"geometric-mean-scaled index","trial-3","Trial 3"
2020,"index","F20_R2_G20","Index 20  / Region 2  / Group 20","2020",0.772716002092201,0.677383018017309,"geometric-mean-scaled index","trial-3","Trial 3"
2021,"index","F20_R2_G20","Index 20  / Region 2  / Group 20","2021",0.751048561936257,0.50083179719642,"geometric-mean-scaled index","trial-3","Trial 3"
2022,"index","F20_R2_G20","Index 20  / Region 2  / Group 20","2022",1.00202993070836,0.738451049943643,"geometric-mean-scaled index","trial-3","Trial 3"
1954,"index","F18_R1_G18","Index 18  / Region 1  / Group 18","1954",4.40903714715002,4.95761379577083,"geometric-mean-scaled index","trial-4","Trial 4"
1955,"index","F18_R1_G18","Index 18  / Region 1  / Group 18","1955",3.14529508758885,4.67576983207335,"geometric-mean-scaled index","trial-4","Trial 4"
1956,"index","F18_R1_G18","Index 18  / Region 1  / Group 18","1956",3.55845376339654,4.54337208822077,"geometric-mean-scaled index","trial-4","Trial 4"
1957,"index","F18_R1_G18","Index 18  / Region 1  / Group 18","1957",3.81367935187817,4.42471708659003,"geometric-mean-scaled index","trial-4","Trial 4"
1958,"index","F18_R1_G18","Index 18  / Region 1  / Group 18","1958",4.19937988018333,4.30882393470481,"geometric-mean-scaled index","trial-4","Trial 4"
1959,"index","F18_R1_G18","Index 18  / Region 1  / Group 18","1959",5.02003875847804,4.1616765208871,"geometric-mean-scaled index","trial-4","Trial 4"
1960,"index","F18_R1_G18","Index 18  / Region 1  / Group 18","1960",6.09415385779237,4.0366801905831,"geometric-mean-scaled index","trial-4","Trial 4"
1961,"index","F18_R1_G18","Index 18  / Region 1  / Group 18","1961",5.9871599837675,3.87050382215738,"geometric-mean-scaled index","trial-4","Trial 4"
1962,"index","F18_R1_G18","Index 18  / Region 1  / Group 18","1962",4.31836862588877,3.60683362166902,"geometric-mean-scaled index","trial-4","Trial 4"
1963,"index","F18_R1_G18","Index 18  / Region 1  / Group 18","1963",2.6756633141332,3.26574972252339,"geometric-mean-scaled index","trial-4","Trial 4"
1964,"index","F18_R1_G18","Index 18  / Region 1  / Group 18","1964",2.42251196662564,2.88291224175597,"geometric-mean-scaled index","trial-4","Trial 4"
1965,"index","F18_R1_G18","Index 18  / Region 1  / Group 18","1965",2.71599052736943,2.44508788257546,"geometric-mean-scaled index","trial-4","Trial 4"
1966,"index","F18_R1_G18","Index 18  / Region 1  / Group 18","1966",2.44814503331434,2.0134157039763,"geometric-mean-scaled index","trial-4","Trial 4"
1967,"index","F18_R1_G18","Index 18  / Region 1  / Group 18","1967",1.94746079529619,1.77962913735464,"geometric-mean-scaled index","trial-4","Trial 4"
1968,"index","F18_R1_G18","Index 18  / Region 1  / Group 18","1968",1.71471945569896,1.71874522638684,"geometric-mean-scaled index","trial-4","Trial 4"
1969,"index","F18_R1_G18","Index 18  / Region 1  / Group 18","1969",1.65433171113289,1.65668963749154,"geometric-mean-scaled index","trial-4","Trial 4"
1970,"index","F18_R1_G18","Index 18  / Region 1  / Group 18","1970",1.54780579698768,1.46085331904111,"geometric-mean-scaled index","trial-4","Trial 4"
1971,"index","F18_R1_G18","Index 18  / Region 1  / Group 18","1971",1.23412080025738,1.2092828887181,"geometric-mean-scaled index","trial-4","Trial 4"
1972,"index","F18_R1_G18","Index 18  / Region 1  / Group 18","1972",1.07338614840291,1.022618608897,"geometric-mean-scaled index","trial-4","Trial 4"
1973,"index","F18_R1_G18","Index 18  / Region 1  / Group 18","1973",0.989103263951998,0.849378932414803,"geometric-mean-scaled index","trial-4","Trial 4"
1974,"index","F18_R1_G18","Index 18  / Region 1  / Group 18","1974",0.580301639759145,0.727130237832187,"geometric-mean-scaled index","trial-4","Trial 4"
1975,"index","F18_R1_G18","Index 18  / Region 1  / Group 18","1975",0.58813811691667,0.701130699885878,"geometric-mean-scaled index","trial-4","Trial 4"
1976,"index","F18_R1_G18","Index 18  / Region 1  / Group 18","1976",0.851064006357214,0.710190639444533,"geometric-mean-scaled index","trial-4","Trial 4"
1977,"index","F18_R1_G18","Index 18  / Region 1  / Group 18","1977",0.863018267252948,0.667921232624913,"geometric-mean-scaled index","trial-4","Trial 4"
1978,"index","F18_R1_G18","Index 18  / Region 1  / Group 18","1978",0.935245185300877,0.704128911085302,"geometric-mean-scaled index","trial-4","Trial 4"
1979,"index","F18_R1_G18","Index 18  / Region 1  / Group 18","1979",0.811891863308134,0.82607178869029,"geometric-mean-scaled index","trial-4","Trial 4"
1980,"index","F18_R1_G18","Index 18  / Region 1  / Group 18","1980",0.857986996795637,0.908462443579255,"geometric-mean-scaled index","trial-4","Trial 4"
1981,"index","F18_R1_G18","Index 18  / Region 1  / Group 18","1981",0.969775742290399,0.849619183491083,"geometric-mean-scaled index","trial-4","Trial 4"
1982,"index","F18_R1_G18","Index 18  / Region 1  / Group 18","1982",0.754187984251701,0.739013023201016,"geometric-mean-scaled index","trial-4","Trial 4"
1983,"index","F18_R1_G18","Index 18  / Region 1  / Group 18","1983",0.847323525052082,0.670605417331926,"geometric-mean-scaled index","trial-4","Trial 4"
1984,"index","F18_R1_G18","Index 18  / Region 1  / Group 18","1984",0.697012441179108,0.652647682073504,"geometric-mean-scaled index","trial-4","Trial 4"
1985,"index","F18_R1_G18","Index 18  / Region 1  / Group 18","1985",0.700113985527936,0.701158274168286,"geometric-mean-scaled index","trial-4","Trial 4"
1986,"index","F18_R1_G18","Index 18  / Region 1  / Group 18","1986",0.916792661518106,0.74502999542084,"geometric-mean-scaled index","trial-4","Trial 4"
1987,"index","F18_R1_G18","Index 18  / Region 1  / Group 18","1987",0.932698710694853,0.794898173200533,"geometric-mean-scaled index","trial-4","Trial 4"
1988,"index","F18_R1_G18","Index 18  / Region 1  / Group 18","1988",0.933673375591985,0.753750589648913,"geometric-mean-scaled index","trial-4","Trial 4"
1989,"index","F18_R1_G18","Index 18  / Region 1  / Group 18","1989",0.68771709247243,0.742135856328482,"geometric-mean-scaled index","trial-4","Trial 4"
1990,"index","F18_R1_G18","Index 18  / Region 1  / Group 18","1990",0.776975789161292,0.747903051798595,"geometric-mean-scaled index","trial-4","Trial 4"
1991,"index","F18_R1_G18","Index 18  / Region 1  / Group 18","1991",0.655727821196814,0.712976156659422,"geometric-mean-scaled index","trial-4","Trial 4"
1992,"index","F18_R1_G18","Index 18  / Region 1  / Group 18","1992",0.872502177541898,0.697197407775374,"geometric-mean-scaled index","trial-4","Trial 4"
1993,"index","F18_R1_G18","Index 18  / Region 1  / Group 18","1993",0.879147658089477,0.734611076140422,"geometric-mean-scaled index","trial-4","Trial 4"
1994,"index","F18_R1_G18","Index 18  / Region 1  / Group 18","1994",0.948738796667378,0.77692871576708,"geometric-mean-scaled index","trial-4","Trial 4"
1995,"index","F18_R1_G18","Index 18  / Region 1  / Group 18","1995",0.883131727989847,0.820394402337292,"geometric-mean-scaled index","trial-4","Trial 4"
1996,"index","F18_R1_G18","Index 18  / Region 1  / Group 18","1996",0.837306959406211,0.824754150500446,"geometric-mean-scaled index","trial-4","Trial 4"
1997,"index","F18_R1_G18","Index 18  / Region 1  / Group 18","1997",0.95208949005856,0.852948632342861,"geometric-mean-scaled index","trial-4","Trial 4"
1998,"index","F18_R1_G18","Index 18  / Region 1  / Group 18","1998",0.856547687420413,0.812798201314493,"geometric-mean-scaled index","trial-4","Trial 4"
1999,"index","F18_R1_G18","Index 18  / Region 1  / Group 18","1999",0.61266101448799,0.846762403403438,"geometric-mean-scaled index","trial-4","Trial 4"
2000,"index","F18_R1_G18","Index 18  / Region 1  / Group 18","2000",0.679263091965619,0.88201274284303,"geometric-mean-scaled index","trial-4","Trial 4"
2001,"index","F18_R1_G18","Index 18  / Region 1  / Group 18","2001",0.663388123597169,0.824897666992123,"geometric-mean-scaled index","trial-4","Trial 4"
2002,"index","F18_R1_G18","Index 18  / Region 1  / Group 18","2002",0.695863453728742,0.648485034774727,"geometric-mean-scaled index","trial-4","Trial 4"
2003,"index","F18_R1_G18","Index 18  / Region 1  / Group 18","2003",0.520428254256146,0.548373069108019,"geometric-mean-scaled index","trial-4","Trial 4"
2004,"index","F18_R1_G18","Index 18  / Region 1  / Group 18","2004",0.457969008695485,0.552950388970571,"geometric-mean-scaled index","trial-4","Trial 4"
2005,"index","F18_R1_G18","Index 18  / Region 1  / Group 18","2005",0.57000982730679,0.518674845667779,"geometric-mean-scaled index","trial-4","Trial 4"
2006,"index","F18_R1_G18","Index 18  / Region 1  / Group 18","2006",0.692547701969523,0.52893504931137,"geometric-mean-scaled index","trial-4","Trial 4"
2007,"index","F18_R1_G18","Index 18  / Region 1  / Group 18","2007",0.763296075617131,0.587719526909355,"geometric-mean-scaled index","trial-4","Trial 4"
2008,"index","F18_R1_G18","Index 18  / Region 1  / Group 18","2008",0.557991706511396,0.655476047198355,"geometric-mean-scaled index","trial-4","Trial 4"
2009,"index","F18_R1_G18","Index 18  / Region 1  / Group 18","2009",0.644374806432787,0.63616344951425,"geometric-mean-scaled index","trial-4","Trial 4"
2010,"index","F18_R1_G18","Index 18  / Region 1  / Group 18","2010",0.629833334064991,0.48088457565791,"geometric-mean-scaled index","trial-4","Trial 4"
2011,"index","F18_R1_G18","Index 18  / Region 1  / Group 18","2011",0.472776191924379,0.498529492811958,"geometric-mean-scaled index","trial-4","Trial 4"
2012,"index","F18_R1_G18","Index 18  / Region 1  / Group 18","2012",0.561037772817115,0.548765060414298,"geometric-mean-scaled index","trial-4","Trial 4"
2013,"index","F18_R1_G18","Index 18  / Region 1  / Group 18","2013",0.518607359493591,0.544750828665945,"geometric-mean-scaled index","trial-4","Trial 4"
2014,"index","F18_R1_G18","Index 18  / Region 1  / Group 18","2014",0.534249440170542,0.5545807883989,"geometric-mean-scaled index","trial-4","Trial 4"
2015,"index","F18_R1_G18","Index 18  / Region 1  / Group 18","2015",0.610459945494768,0.587043315428473,"geometric-mean-scaled index","trial-4","Trial 4"
2016,"index","F18_R1_G18","Index 18  / Region 1  / Group 18","2016",0.483833914957584,0.618063033162248,"geometric-mean-scaled index","trial-4","Trial 4"
2017,"index","F18_R1_G18","Index 18  / Region 1  / Group 18","2017",0.503585067785675,0.618000616594457,"geometric-mean-scaled index","trial-4","Trial 4"
2018,"index","F18_R1_G18","Index 18  / Region 1  / Group 18","2018",0.44199217333407,0.548507040126067,"geometric-mean-scaled index","trial-4","Trial 4"
2019,"index","F18_R1_G18","Index 18  / Region 1  / Group 18","2019",0.466975339471439,0.498807692699773,"geometric-mean-scaled index","trial-4","Trial 4"
2020,"index","F18_R1_G18","Index 18  / Region 1  / Group 18","2020",0.377731205082218,0.47659048819036,"geometric-mean-scaled index","trial-4","Trial 4"
2021,"index","F18_R1_G18","Index 18  / Region 1  / Group 18","2021",0.384903092509445,0.473052213382436,"geometric-mean-scaled index","trial-4","Trial 4"
2022,"index","F18_R1_G18","Index 18  / Region 1  / Group 18","2022",0.533173522636986,0.433879893671079,"geometric-mean-scaled index","trial-4","Trial 4"
1992,"index","F19_R1_G19","Index 19  / Region 1  / Group 19","1992",1.85927115000846,0.872645207499211,"geometric-mean-scaled index","trial-4","Trial 4"
1993,"index","F19_R1_G19","Index 19  / Region 1  / Group 19","1993",0.849266654622091,0.845873062916998,"geometric-mean-scaled index","trial-4","Trial 4"
1994,"index","F19_R1_G19","Index 19  / Region 1  / Group 19","1994",1.00123553533734,0.836834089931546,"geometric-mean-scaled index","trial-4","Trial 4"
1995,"index","F19_R1_G19","Index 19  / Region 1  / Group 19","1995",1.31046507492219,0.986804777797429,"geometric-mean-scaled index","trial-4","Trial 4"
1996,"index","F19_R1_G19","Index 19  / Region 1  / Group 19","1996",1.21306505673522,1.02500316740203,"geometric-mean-scaled index","trial-4","Trial 4"
1997,"index","F19_R1_G19","Index 19  / Region 1  / Group 19","1997",0.799390157141791,0.777933116969738,"geometric-mean-scaled index","trial-4","Trial 4"
1998,"index","F19_R1_G19","Index 19  / Region 1  / Group 19","1998",1.99291282185133,0.642067668232138,"geometric-mean-scaled index","trial-4","Trial 4"
1999,"index","F19_R1_G19","Index 19  / Region 1  / Group 19","1999",1.3696369541503,0.61486866980237,"geometric-mean-scaled index","trial-4","Trial 4"
2000,"index","F19_R1_G19","Index 19  / Region 1  / Group 19","2000",0.965612099781253,1.02906777733688,"geometric-mean-scaled index","trial-4","Trial 4"
2001,"index","F19_R1_G19","Index 19  / Region 1  / Group 19","2001",0.810369966030035,0.798749191793978,"geometric-mean-scaled index","trial-4","Trial 4"
2002,"index","F19_R1_G19","Index 19  / Region 1  / Group 19","2002",0.74171237247259,0.956213014139218,"geometric-mean-scaled index","trial-4","Trial 4"
2003,"index","F19_R1_G19","Index 19  / Region 1  / Group 19","2003",1.03600097632011,1.32348973957797,"geometric-mean-scaled index","trial-4","Trial 4"
2004,"index","F19_R1_G19","Index 19  / Region 1  / Group 19","2004",1.05045112419079,1.21145559696008,"geometric-mean-scaled index","trial-4","Trial 4"
2005,"index","F19_R1_G19","Index 19  / Region 1  / Group 19","2005",0.734713898314047,0.851696013200326,"geometric-mean-scaled index","trial-4","Trial 4"
2006,"index","F19_R1_G19","Index 19  / Region 1  / Group 19","2006",0.882670668461906,0.783248383074379,"geometric-mean-scaled index","trial-4","Trial 4"
2007,"index","F19_R1_G19","Index 19  / Region 1  / Group 19","2007",1.03363575876466,1.04773150917508,"geometric-mean-scaled index","trial-4","Trial 4"
2008,"index","F19_R1_G19","Index 19  / Region 1  / Group 19","2008",1.33647576097039,1.29007962290189,"geometric-mean-scaled index","trial-4","Trial 4"
2009,"index","F19_R1_G19","Index 19  / Region 1  / Group 19","2009",0.832547956398684,1.09769281448443,"geometric-mean-scaled index","trial-4","Trial 4"
2010,"index","F19_R1_G19","Index 19  / Region 1  / Group 19","2010",1.1710748925389,1.06604539885756,"geometric-mean-scaled index","trial-4","Trial 4"
2011,"index","F19_R1_G19","Index 19  / Region 1  / Group 19","2011",1.14908021933067,1.27412178308537,"geometric-mean-scaled index","trial-4","Trial 4"
2012,"index","F19_R1_G19","Index 19  / Region 1  / Group 19","2012",0.992144371207608,1.31213147798814,"geometric-mean-scaled index","trial-4","Trial 4"
2013,"index","F19_R1_G19","Index 19  / Region 1  / Group 19","2013",0.812541615693899,1.07730078125302,"geometric-mean-scaled index","trial-4","Trial 4"
2014,"index","F19_R1_G19","Index 19  / Region 1  / Group 19","2014",0.869128916645273,0.940153662881049,"geometric-mean-scaled index","trial-4","Trial 4"
2015,"index","F19_R1_G19","Index 19  / Region 1  / Group 19","2015",0.923487470227196,1.06449121411409,"geometric-mean-scaled index","trial-4","Trial 4"
2016,"index","F19_R1_G19","Index 19  / Region 1  / Group 19","2016",0.994049496935054,1.09482623908306,"geometric-mean-scaled index","trial-4","Trial 4"
2017,"index","F19_R1_G19","Index 19  / Region 1  / Group 19","2017",0.679637993540111,0.813354521847893,"geometric-mean-scaled index","trial-4","Trial 4"
2018,"index","F19_R1_G19","Index 19  / Region 1  / Group 19","2018",1.1614387047662,0.702104112361444,"geometric-mean-scaled index","trial-4","Trial 4"
2019,"index","F19_R1_G19","Index 19  / Region 1  / Group 19","2019",0.909406517143503,1.22591303556376,"geometric-mean-scaled index","trial-4","Trial 4"
2020,"index","F19_R1_G19","Index 19  / Region 1  / Group 19","2020",0.960523282163485,1.30857542882521,"geometric-mean-scaled index","trial-4","Trial 4"
2021,"index","F19_R1_G19","Index 19  / Region 1  / Group 19","2021",0.974737478989675,1.18954998866553,"geometric-mean-scaled index","trial-4","Trial 4"
2022,"index","F19_R1_G19","Index 19  / Region 1  / Group 19","2022",0.665420460916155,1.00812382042086,"geometric-mean-scaled index","trial-4","Trial 4"
1954,"index","F20_R2_G20","Index 20  / Region 2  / Group 20","1954",4.21096154805618,3.19713061641021,"geometric-mean-scaled index","trial-4","Trial 4"
1955,"index","F20_R2_G20","Index 20  / Region 2  / Group 20","1955",3.11733650195403,3.12567245097495,"geometric-mean-scaled index","trial-4","Trial 4"
1956,"index","F20_R2_G20","Index 20  / Region 2  / Group 20","1956",3.11471220345346,3.09955479057335,"geometric-mean-scaled index","trial-4","Trial 4"
1957,"index","F20_R2_G20","Index 20  / Region 2  / Group 20","1957",2.49122048423764,3.07282527204878,"geometric-mean-scaled index","trial-4","Trial 4"
1958,"index","F20_R2_G20","Index 20  / Region 2  / Group 20","1958",3.38277838084962,3.04696309087843,"geometric-mean-scaled index","trial-4","Trial 4"
1959,"index","F20_R2_G20","Index 20  / Region 2  / Group 20","1959",3.53910335426992,3.01793577291551,"geometric-mean-scaled index","trial-4","Trial 4"
1960,"index","F20_R2_G20","Index 20  / Region 2  / Group 20","1960",2.88806453309758,2.96709597578568,"geometric-mean-scaled index","trial-4","Trial 4"
1961,"index","F20_R2_G20","Index 20  / Region 2  / Group 20","1961",2.77519235560544,2.65615617361996,"geometric-mean-scaled index","trial-4","Trial 4"
1962,"index","F20_R2_G20","Index 20  / Region 2  / Group 20","1962",2.84542670742501,2.50614339650165,"geometric-mean-scaled index","trial-4","Trial 4"
1963,"index","F20_R2_G20","Index 20  / Region 2  / Group 20","1963",2.15624779216803,2.03469793486678,"geometric-mean-scaled index","trial-4","Trial 4"
1964,"index","F20_R2_G20","Index 20  / Region 2  / Group 20","1964",1.77294323917794,1.59425100699028,"geometric-mean-scaled index","trial-4","Trial 4"
1965,"index","F20_R2_G20","Index 20  / Region 2  / Group 20","1965",1.39305357413891,1.50990381955803,"geometric-mean-scaled index","trial-4","Trial 4"
1966,"index","F20_R2_G20","Index 20  / Region 2  / Group 20","1966",2.15604911541288,1.57720408295371,"geometric-mean-scaled index","trial-4","Trial 4"
1967,"index","F20_R2_G20","Index 20  / Region 2  / Group 20","1967",1.83466830687541,1.72903969801194,"geometric-mean-scaled index","trial-4","Trial 4"
1968,"index","F20_R2_G20","Index 20  / Region 2  / Group 20","1968",1.49027459282616,1.46111574361588,"geometric-mean-scaled index","trial-4","Trial 4"
1969,"index","F20_R2_G20","Index 20  / Region 2  / Group 20","1969",0.90397341842816,1.1159371011716,"geometric-mean-scaled index","trial-4","Trial 4"
1970,"index","F20_R2_G20","Index 20  / Region 2  / Group 20","1970",1.74296686069583,1.07307463439936,"geometric-mean-scaled index","trial-4","Trial 4"
1971,"index","F20_R2_G20","Index 20  / Region 2  / Group 20","1971",1.05128168838887,0.951608420413712,"geometric-mean-scaled index","trial-4","Trial 4"
1972,"index","F20_R2_G20","Index 20  / Region 2  / Group 20","1972",1.03629787461149,0.854613893938503,"geometric-mean-scaled index","trial-4","Trial 4"
1973,"index","F20_R2_G20","Index 20  / Region 2  / Group 20","1973",1.14631510743072,0.770347176701529,"geometric-mean-scaled index","trial-4","Trial 4"
1974,"index","F20_R2_G20","Index 20  / Region 2  / Group 20","1974",0.503606327140092,0.673285684841151,"geometric-mean-scaled index","trial-4","Trial 4"
1975,"index","F20_R2_G20","Index 20  / Region 2  / Group 20","1975",0.345168043176568,0.616503350104633,"geometric-mean-scaled index","trial-4","Trial 4"
1976,"index","F20_R2_G20","Index 20  / Region 2  / Group 20","1976",0.392881567888747,0.602962673846698,"geometric-mean-scaled index","trial-4","Trial 4"
1977,"index","F20_R2_G20","Index 20  / Region 2  / Group 20","1977",0.722292569399697,0.723190159730575,"geometric-mean-scaled index","trial-4","Trial 4"
1978,"index","F20_R2_G20","Index 20  / Region 2  / Group 20","1978",1.34450541165844,0.978032803714499,"geometric-mean-scaled index","trial-4","Trial 4"
1979,"index","F20_R2_G20","Index 20  / Region 2  / Group 20","1979",0.925834385511787,0.936999510710058,"geometric-mean-scaled index","trial-4","Trial 4"
1980,"index","F20_R2_G20","Index 20  / Region 2  / Group 20","1980",0.665679781043966,0.796435188146068,"geometric-mean-scaled index","trial-4","Trial 4"
1981,"index","F20_R2_G20","Index 20  / Region 2  / Group 20","1981",0.591226781169868,0.673250881053274,"geometric-mean-scaled index","trial-4","Trial 4"
1982,"index","F20_R2_G20","Index 20  / Region 2  / Group 20","1982",0.474104859767232,0.597172002136344,"geometric-mean-scaled index","trial-4","Trial 4"
1983,"index","F20_R2_G20","Index 20  / Region 2  / Group 20","1983",0.516419783951321,0.609698926612571,"geometric-mean-scaled index","trial-4","Trial 4"
1984,"index","F20_R2_G20","Index 20  / Region 2  / Group 20","1984",0.705603550009173,0.71578574212126,"geometric-mean-scaled index","trial-4","Trial 4"
1985,"index","F20_R2_G20","Index 20  / Region 2  / Group 20","1985",0.596630644214555,0.747636966230033,"geometric-mean-scaled index","trial-4","Trial 4"
1986,"index","F20_R2_G20","Index 20  / Region 2  / Group 20","1986",0.576521368772823,0.712439498130137,"geometric-mean-scaled index","trial-4","Trial 4"
1987,"index","F20_R2_G20","Index 20  / Region 2  / Group 20","1987",0.738069475063823,0.699594276632839,"geometric-mean-scaled index","trial-4","Trial 4"
1988,"index","F20_R2_G20","Index 20  / Region 2  / Group 20","1988",0.631881286279668,0.733354578152861,"geometric-mean-scaled index","trial-4","Trial 4"
1989,"index","F20_R2_G20","Index 20  / Region 2  / Group 20","1989",0.538572813890766,0.62401540945371,"geometric-mean-scaled index","trial-4","Trial 4"
1990,"index","F20_R2_G20","Index 20  / Region 2  / Group 20","1990",0.558798697122352,0.636658674015799,"geometric-mean-scaled index","trial-4","Trial 4"
1991,"index","F20_R2_G20","Index 20  / Region 2  / Group 20","1991",0.596239520556125,0.653247851913352,"geometric-mean-scaled index","trial-4","Trial 4"
1992,"index","F20_R2_G20","Index 20  / Region 2  / Group 20","1992",0.949703632796349,0.706708302954271,"geometric-mean-scaled index","trial-4","Trial 4"
1993,"index","F20_R2_G20","Index 20  / Region 2  / Group 20","1993",0.773853468646436,0.822065066100325,"geometric-mean-scaled index","trial-4","Trial 4"
1994,"index","F20_R2_G20","Index 20  / Region 2  / Group 20","1994",0.810781379423954,0.730859878065812,"geometric-mean-scaled index","trial-4","Trial 4"
1995,"index","F20_R2_G20","Index 20  / Region 2  / Group 20","1995",1.07726297359609,0.844851616795966,"geometric-mean-scaled index","trial-4","Trial 4"
1996,"index","F20_R2_G20","Index 20  / Region 2  / Group 20","1996",0.935003854840217,0.825159616524511,"geometric-mean-scaled index","trial-4","Trial 4"
1997,"index","F20_R2_G20","Index 20  / Region 2  / Group 20","1997",0.800397864000986,0.829976009079187,"geometric-mean-scaled index","trial-4","Trial 4"
1998,"index","F20_R2_G20","Index 20  / Region 2  / Group 20","1998",1.04349083940237,0.876151439631226,"geometric-mean-scaled index","trial-4","Trial 4"
1999,"index","F20_R2_G20","Index 20  / Region 2  / Group 20","1999",0.765213765192612,0.963048539155776,"geometric-mean-scaled index","trial-4","Trial 4"
2000,"index","F20_R2_G20","Index 20  / Region 2  / Group 20","2000",0.767097814359868,0.869002418253436,"geometric-mean-scaled index","trial-4","Trial 4"
2001,"index","F20_R2_G20","Index 20  / Region 2  / Group 20","2001",0.841773334723493,0.808123090274972,"geometric-mean-scaled index","trial-4","Trial 4"
2002,"index","F20_R2_G20","Index 20  / Region 2  / Group 20","2002",0.547333871289332,0.633002344221128,"geometric-mean-scaled index","trial-4","Trial 4"
2003,"index","F20_R2_G20","Index 20  / Region 2  / Group 20","2003",0.588325890023659,0.807826048368119,"geometric-mean-scaled index","trial-4","Trial 4"
2004,"index","F20_R2_G20","Index 20  / Region 2  / Group 20","2004",0.635814586790303,0.646169618437994,"geometric-mean-scaled index","trial-4","Trial 4"
2005,"index","F20_R2_G20","Index 20  / Region 2  / Group 20","2005",0.834789610625378,0.742127665832339,"geometric-mean-scaled index","trial-4","Trial 4"
2006,"index","F20_R2_G20","Index 20  / Region 2  / Group 20","2006",0.92372528101704,0.875763918381269,"geometric-mean-scaled index","trial-4","Trial 4"
2007,"index","F20_R2_G20","Index 20  / Region 2  / Group 20","2007",0.84623569961814,0.965222461140033,"geometric-mean-scaled index","trial-4","Trial 4"
2008,"index","F20_R2_G20","Index 20  / Region 2  / Group 20","2008",0.610796174186906,0.836855002097847,"geometric-mean-scaled index","trial-4","Trial 4"
2009,"index","F20_R2_G20","Index 20  / Region 2  / Group 20","2009",1.05927374250753,0.782424036202892,"geometric-mean-scaled index","trial-4","Trial 4"
2010,"index","F20_R2_G20","Index 20  / Region 2  / Group 20","2010",0.847323881897912,0.799137960778411,"geometric-mean-scaled index","trial-4","Trial 4"
2011,"index","F20_R2_G20","Index 20  / Region 2  / Group 20","2011",1.12583979197944,0.928223117809136,"geometric-mean-scaled index","trial-4","Trial 4"
2012,"index","F20_R2_G20","Index 20  / Region 2  / Group 20","2012",0.945525297290097,0.830492432419954,"geometric-mean-scaled index","trial-4","Trial 4"
2013,"index","F20_R2_G20","Index 20  / Region 2  / Group 20","2013",0.87877457395759,0.823054251375987,"geometric-mean-scaled index","trial-4","Trial 4"
2014,"index","F20_R2_G20","Index 20  / Region 2  / Group 20","2014",1.04373534993691,0.887716075611432,"geometric-mean-scaled index","trial-4","Trial 4"
2015,"index","F20_R2_G20","Index 20  / Region 2  / Group 20","2015",1.22377077691567,0.903467762160095,"geometric-mean-scaled index","trial-4","Trial 4"
2016,"index","F20_R2_G20","Index 20  / Region 2  / Group 20","2016",1.13572929605611,0.814267874756007,"geometric-mean-scaled index","trial-4","Trial 4"
2017,"index","F20_R2_G20","Index 20  / Region 2  / Group 20","2017",0.734357067400453,0.740522113151284,"geometric-mean-scaled index","trial-4","Trial 4"
2018,"index","F20_R2_G20","Index 20  / Region 2  / Group 20","2018",0.64550184014846,0.735070038909441,"geometric-mean-scaled index","trial-4","Trial 4"
2019,"index","F20_R2_G20","Index 20  / Region 2  / Group 20","2019",0.713722524698996,0.771745553875701,"geometric-mean-scaled index","trial-4","Trial 4"
2020,"index","F20_R2_G20","Index 20  / Region 2  / Group 20","2020",0.772716002092201,0.662230539582358,"geometric-mean-scaled index","trial-4","Trial 4"
2021,"index","F20_R2_G20","Index 20  / Region 2  / Group 20","2021",0.751048561936257,0.489628618485549,"geometric-mean-scaled index","trial-4","Trial 4"
2022,"index","F20_R2_G20","Index 20  / Region 2  / Group 20","2022",1.00202993070836,0.721932531894151,"geometric-mean-scaled index","trial-4","Trial 4"
1954,"index","F18_R1_G18","Index 18  / Region 1  / Group 18","1954",4.40903714715002,4.93207964500145,"geometric-mean-scaled index","trial-5","Trial 5"
1955,"index","F18_R1_G18","Index 18  / Region 1  / Group 18","1955",3.14529508758885,4.65168731641694,"geometric-mean-scaled index","trial-5","Trial 5"
1956,"index","F18_R1_G18","Index 18  / Region 1  / Group 18","1956",3.55845376339654,4.51997148610026,"geometric-mean-scaled index","trial-5","Trial 5"
1957,"index","F18_R1_G18","Index 18  / Region 1  / Group 18","1957",3.81367935187817,4.40192761611994,"geometric-mean-scaled index","trial-5","Trial 5"
1958,"index","F18_R1_G18","Index 18  / Region 1  / Group 18","1958",4.19937988018333,4.28663137099981,"geometric-mean-scaled index","trial-5","Trial 5"
1959,"index","F18_R1_G18","Index 18  / Region 1  / Group 18","1959",5.02003875847804,4.14024183877685,"geometric-mean-scaled index","trial-5","Trial 5"
1960,"index","F18_R1_G18","Index 18  / Region 1  / Group 18","1960",6.09415385779237,4.01588930108662,"geometric-mean-scaled index","trial-5","Trial 5"
1961,"index","F18_R1_G18","Index 18  / Region 1  / Group 18","1961",5.9871599837675,3.85056882273635,"geometric-mean-scaled index","trial-5","Trial 5"
1962,"index","F18_R1_G18","Index 18  / Region 1  / Group 18","1962",4.31836862588877,3.58825665353683,"geometric-mean-scaled index","trial-5","Trial 5"
1963,"index","F18_R1_G18","Index 18  / Region 1  / Group 18","1963",2.6756633141332,3.24892950432465,"geometric-mean-scaled index","trial-5","Trial 5"
1964,"index","F18_R1_G18","Index 18  / Region 1  / Group 18","1964",2.42251196662564,2.86806382498364,"geometric-mean-scaled index","trial-5","Trial 5"
1965,"index","F18_R1_G18","Index 18  / Region 1  / Group 18","1965",2.71599052736943,2.43249447671329,"geometric-mean-scaled index","trial-5","Trial 5"
1966,"index","F18_R1_G18","Index 18  / Region 1  / Group 18","1966",2.44814503331434,2.00304562226671,"geometric-mean-scaled index","trial-5","Trial 5"
1967,"index","F18_R1_G18","Index 18  / Region 1  / Group 18","1967",1.94746079529619,1.77046317151326,"geometric-mean-scaled index","trial-5","Trial 5"
1968,"index","F18_R1_G18","Index 18  / Region 1  / Group 18","1968",1.71471945569896,1.70989284264889,"geometric-mean-scaled index","trial-5","Trial 5"
1969,"index","F18_R1_G18","Index 18  / Region 1  / Group 18","1969",1.65433171113289,1.64815687057496,"geometric-mean-scaled index","trial-5","Trial 5"
1970,"index","F18_R1_G18","Index 18  / Region 1  / Group 18","1970",1.54780579698768,1.45332920553873,"geometric-mean-scaled index","trial-5","Trial 5"
1971,"index","F18_R1_G18","Index 18  / Region 1  / Group 18","1971",1.23412080025738,1.20305448673372,"geometric-mean-scaled index","trial-5","Trial 5"
1972,"index","F18_R1_G18","Index 18  / Region 1  / Group 18","1972",1.07338614840291,1.01735161981419,"geometric-mean-scaled index","trial-5","Trial 5"
1973,"index","F18_R1_G18","Index 18  / Region 1  / Group 18","1973",0.989103263951998,0.845004212919889,"geometric-mean-scaled index","trial-5","Trial 5"
1974,"index","F18_R1_G18","Index 18  / Region 1  / Group 18","1974",0.580301639759145,0.723385159274915,"geometric-mean-scaled index","trial-5","Trial 5"
1975,"index","F18_R1_G18","Index 18  / Region 1  / Group 18","1975",0.58813811691667,0.697519531743819,"geometric-mean-scaled index","trial-5","Trial 5"
1976,"index","F18_R1_G18","Index 18  / Region 1  / Group 18","1976",0.851064006357214,0.706532808155204,"geometric-mean-scaled index","trial-5","Trial 5"
1977,"index","F18_R1_G18","Index 18  / Region 1  / Group 18","1977",0.863018267252948,0.664481109582158,"geometric-mean-scaled index","trial-5","Trial 5"
1978,"index","F18_R1_G18","Index 18  / Region 1  / Group 18","1978",0.935245185300877,0.700502300680098,"geometric-mean-scaled index","trial-5","Trial 5"
1979,"index","F18_R1_G18","Index 18  / Region 1  / Group 18","1979",0.811891863308134,0.821817112455377,"geometric-mean-scaled index","trial-5","Trial 5"
1980,"index","F18_R1_G18","Index 18  / Region 1  / Group 18","1980",0.857986996795637,0.903783414925903,"geometric-mean-scaled index","trial-5","Trial 5"
1981,"index","F18_R1_G18","Index 18  / Region 1  / Group 18","1981",0.969775742290399,0.845243226584895,"geometric-mean-scaled index","trial-5","Trial 5"
1982,"index","F18_R1_G18","Index 18  / Region 1  / Group 18","1982",0.754187984251701,0.735206742451385,"geometric-mean-scaled index","trial-5","Trial 5"
1983,"index","F18_R1_G18","Index 18  / Region 1  / Group 18","1983",0.847323525052082,0.667151469417,"geometric-mean-scaled index","trial-5","Trial 5"
1984,"index","F18_R1_G18","Index 18  / Region 1  / Group 18","1984",0.697012441179108,0.649286225332448,"geometric-mean-scaled index","trial-5","Trial 5"
1985,"index","F18_R1_G18","Index 18  / Region 1  / Group 18","1985",0.700113985527936,0.697546964005102,"geometric-mean-scaled index","trial-5","Trial 5"
1986,"index","F18_R1_G18","Index 18  / Region 1  / Group 18","1986",0.916792661518106,0.741192724303229,"geometric-mean-scaled index","trial-5","Trial 5"
1987,"index","F18_R1_G18","Index 18  / Region 1  / Group 18","1987",0.932698710694853,0.790804056426428,"geometric-mean-scaled index","trial-5","Trial 5"
1988,"index","F18_R1_G18","Index 18  / Region 1  / Group 18","1988",0.933673375591985,0.749868403179484,"geometric-mean-scaled index","trial-5","Trial 5"
1989,"index","F18_R1_G18","Index 18  / Region 1  / Group 18","1989",0.68771709247243,0.738313491451449,"geometric-mean-scaled index","trial-5","Trial 5"
1990,"index","F18_R1_G18","Index 18  / Region 1  / Group 18","1990",0.776975789161292,0.744050983026761,"geometric-mean-scaled index","trial-5","Trial 5"
1991,"index","F18_R1_G18","Index 18  / Region 1  / Group 18","1991",0.655727821196814,0.70930397858564,"geometric-mean-scaled index","trial-5","Trial 5"
1992,"index","F18_R1_G18","Index 18  / Region 1  / Group 18","1992",0.872502177541898,0.693606498023319,"geometric-mean-scaled index","trial-5","Trial 5"
1993,"index","F18_R1_G18","Index 18  / Region 1  / Group 18","1993",0.879147658089477,0.730827467584422,"geometric-mean-scaled index","trial-5","Trial 5"
1994,"index","F18_R1_G18","Index 18  / Region 1  / Group 18","1994",0.948738796667378,0.772927150541814,"geometric-mean-scaled index","trial-5","Trial 5"
1995,"index","F18_R1_G18","Index 18  / Region 1  / Group 18","1995",0.883131727989847,0.816168967436029,"geometric-mean-scaled index","trial-5","Trial 5"
1996,"index","F18_R1_G18","Index 18  / Region 1  / Group 18","1996",0.837306959406211,0.820506260750642,"geometric-mean-scaled index","trial-5","Trial 5"
1997,"index","F18_R1_G18","Index 18  / Region 1  / Group 18","1997",0.95208949005856,0.848555527136611,"geometric-mean-scaled index","trial-5","Trial 5"
1998,"index","F18_R1_G18","Index 18  / Region 1  / Group 18","1998",0.856547687420413,0.80861189058671,"geometric-mean-scaled index","trial-5","Trial 5"
1999,"index","F18_R1_G18","Index 18  / Region 1  / Group 18","1999",0.61266101448799,0.842401160320569,"geometric-mean-scaled index","trial-5","Trial 5"
2000,"index","F18_R1_G18","Index 18  / Region 1  / Group 18","2000",0.679263091965619,0.877469943164791,"geometric-mean-scaled index","trial-5","Trial 5"
2001,"index","F18_R1_G18","Index 18  / Region 1  / Group 18","2001",0.663388123597169,0.820649038061759,"geometric-mean-scaled index","trial-5","Trial 5"
2002,"index","F18_R1_G18","Index 18  / Region 1  / Group 18","2002",0.695863453728742,0.645145017715764,"geometric-mean-scaled index","trial-5","Trial 5"
2003,"index","F18_R1_G18","Index 18  / Region 1  / Group 18","2003",0.520428254256146,0.545548677938942,"geometric-mean-scaled index","trial-5","Trial 5"
2004,"index","F18_R1_G18","Index 18  / Region 1  / Group 18","2004",0.457969008695485,0.550102422351629,"geometric-mean-scaled index","trial-5","Trial 5"
2005,"index","F18_R1_G18","Index 18  / Region 1  / Group 18","2005",0.57000982730679,0.516003414964391,"geometric-mean-scaled index","trial-5","Trial 5"
2006,"index","F18_R1_G18","Index 18  / Region 1  / Group 18","2006",0.692547701969523,0.526210773510007,"geometric-mean-scaled index","trial-5","Trial 5"
2007,"index","F18_R1_G18","Index 18  / Region 1  / Group 18","2007",0.763296075617131,0.58469248211958,"geometric-mean-scaled index","trial-5","Trial 5"
2008,"index","F18_R1_G18","Index 18  / Region 1  / Group 18","2008",0.557991706511396,0.652100022985022,"geometric-mean-scaled index","trial-5","Trial 5"
2009,"index","F18_R1_G18","Index 18  / Region 1  / Group 18","2009",0.644374806432787,0.632886894683029,"geometric-mean-scaled index","trial-5","Trial 5"
2010,"index","F18_R1_G18","Index 18  / Region 1  / Group 18","2010",0.629833334064991,0.47840778344227,"geometric-mean-scaled index","trial-5","Trial 5"
2011,"index","F18_R1_G18","Index 18  / Region 1  / Group 18","2011",0.472776191924379,0.495961820589628,"geometric-mean-scaled index","trial-5","Trial 5"
2012,"index","F18_R1_G18","Index 18  / Region 1  / Group 18","2012",0.561037772817115,0.545938650297089,"geometric-mean-scaled index","trial-5","Trial 5"
2013,"index","F18_R1_G18","Index 18  / Region 1  / Group 18","2013",0.518607359493591,0.541945093817708,"geometric-mean-scaled index","trial-5","Trial 5"
2014,"index","F18_R1_G18","Index 18  / Region 1  / Group 18","2014",0.534249440170542,0.551724424420557,"geometric-mean-scaled index","trial-5","Trial 5"
2015,"index","F18_R1_G18","Index 18  / Region 1  / Group 18","2015",0.610459945494768,0.584019753460598,"geometric-mean-scaled index","trial-5","Trial 5"
2016,"index","F18_R1_G18","Index 18  / Region 1  / Group 18","2016",0.483833914957584,0.614879704382744,"geometric-mean-scaled index","trial-5","Trial 5"
2017,"index","F18_R1_G18","Index 18  / Region 1  / Group 18","2017",0.503585067785675,0.614817609290993,"geometric-mean-scaled index","trial-5","Trial 5"
2018,"index","F18_R1_G18","Index 18  / Region 1  / Group 18","2018",0.44199217333407,0.545681958940318,"geometric-mean-scaled index","trial-5","Trial 5"
2019,"index","F18_R1_G18","Index 18  / Region 1  / Group 18","2019",0.466975339471439,0.496238587611114,"geometric-mean-scaled index","trial-5","Trial 5"
2020,"index","F18_R1_G18","Index 18  / Region 1  / Group 18","2020",0.377731205082218,0.474135812638367,"geometric-mean-scaled index","trial-5","Trial 5"
2021,"index","F18_R1_G18","Index 18  / Region 1  / Group 18","2021",0.384903092509445,0.470615761686945,"geometric-mean-scaled index","trial-5","Trial 5"
2022,"index","F18_R1_G18","Index 18  / Region 1  / Group 18","2022",0.533173522636986,0.431645198699428,"geometric-mean-scaled index","trial-5","Trial 5"
1992,"index","F19_R1_G19","Index 19  / Region 1  / Group 19","1992",1.85927115000846,0.868150655237906,"geometric-mean-scaled index","trial-5","Trial 5"
1993,"index","F19_R1_G19","Index 19  / Region 1  / Group 19","1993",0.849266654622091,0.841516400375293,"geometric-mean-scaled index","trial-5","Trial 5"
1994,"index","F19_R1_G19","Index 19  / Region 1  / Group 19","1994",1.00123553533734,0.832523982548939,"geometric-mean-scaled index","trial-5","Trial 5"
1995,"index","F19_R1_G19","Index 19  / Region 1  / Group 19","1995",1.31046507492219,0.981722247569336,"geometric-mean-scaled index","trial-5","Trial 5"
1996,"index","F19_R1_G19","Index 19  / Region 1  / Group 19","1996",1.21306505673522,1.01972389666943,"geometric-mean-scaled index","trial-5","Trial 5"
1997,"index","F19_R1_G19","Index 19  / Region 1  / Group 19","1997",0.799390157141791,0.773926378583997,"geometric-mean-scaled index","trial-5","Trial 5"
1998,"index","F19_R1_G19","Index 19  / Region 1  / Group 19","1998",1.99291282185133,0.638760703768959,"geometric-mean-scaled index","trial-5","Trial 5"
1999,"index","F19_R1_G19","Index 19  / Region 1  / Group 19","1999",1.3696369541503,0.611701793566167,"geometric-mean-scaled index","trial-5","Trial 5"
2000,"index","F19_R1_G19","Index 19  / Region 1  / Group 19","2000",0.965612099781253,1.02376757186286,"geometric-mean-scaled index","trial-5","Trial 5"
2001,"index","F19_R1_G19","Index 19  / Region 1  / Group 19","2001",0.810369966030035,0.794635240378968,"geometric-mean-scaled index","trial-5","Trial 5"
2002,"index","F19_R1_G19","Index 19  / Region 1  / Group 19","2002",0.74171237247259,0.951288046548661,"geometric-mean-scaled index","trial-5","Trial 5"
2003,"index","F19_R1_G19","Index 19  / Region 1  / Group 19","2003",1.03600097632011,1.31667311610864,"geometric-mean-scaled index","trial-5","Trial 5"
2004,"index","F19_R1_G19","Index 19  / Region 1  / Group 19","2004",1.05045112419079,1.20521600445903,"geometric-mean-scaled index","trial-5","Trial 5"
2005,"index","F19_R1_G19","Index 19  / Region 1  / Group 19","2005",0.734713898314047,0.847309359599094,"geometric-mean-scaled index","trial-5","Trial 5"
2006,"index","F19_R1_G19","Index 19  / Region 1  / Group 19","2006",0.882670668461906,0.779214268452471,"geometric-mean-scaled index","trial-5","Trial 5"
2007,"index","F19_R1_G19","Index 19  / Region 1  / Group 19","2007",1.03363575876466,1.04233517629737,"geometric-mean-scaled index","trial-5","Trial 5"
2008,"index","F19_R1_G19","Index 19  / Region 1  / Group 19","2008",1.33647576097039,1.2834350779751,"geometric-mean-scaled index","trial-5","Trial 5"
2009,"index","F19_R1_G19","Index 19  / Region 1  / Group 19","2009",0.832547956398684,1.09203915629762,"geometric-mean-scaled index","trial-5","Trial 5"
2010,"index","F19_R1_G19","Index 19  / Region 1  / Group 19","2010",1.1710748925389,1.06055474043542,"geometric-mean-scaled index","trial-5","Trial 5"
2011,"index","F19_R1_G19","Index 19  / Region 1  / Group 19","2011",1.14908021933067,1.26755942888675,"geometric-mean-scaled index","trial-5","Trial 5"
2012,"index","F19_R1_G19","Index 19  / Region 1  / Group 19","2012",0.992144371207608,1.30537335515559,"geometric-mean-scaled index","trial-5","Trial 5"
2013,"index","F19_R1_G19","Index 19  / Region 1  / Group 19","2013",0.812541615693899,1.0717521520726,"geometric-mean-scaled index","trial-5","Trial 5"
2014,"index","F19_R1_G19","Index 19  / Region 1  / Group 19","2014",0.869128916645273,0.935311408852536,"geometric-mean-scaled index","trial-5","Trial 5"
2015,"index","F19_R1_G19","Index 19  / Region 1  / Group 19","2015",0.923487470227196,1.05900856050823,"geometric-mean-scaled index","trial-5","Trial 5"
2016,"index","F19_R1_G19","Index 19  / Region 1  / Group 19","2016",0.994049496935054,1.08918734517026,"geometric-mean-scaled index","trial-5","Trial 5"
2017,"index","F19_R1_G19","Index 19  / Region 1  / Group 19","2017",0.679637993540111,0.809165345795589,"geometric-mean-scaled index","trial-5","Trial 5"
2018,"index","F19_R1_G19","Index 19  / Region 1  / Group 19","2018",1.1614387047662,0.698487930666103,"geometric-mean-scaled index","trial-5","Trial 5"
2019,"index","F19_R1_G19","Index 19  / Region 1  / Group 19","2019",0.909406517143503,1.21959898013917,"geometric-mean-scaled index","trial-5","Trial 5"
2020,"index","F19_R1_G19","Index 19  / Region 1  / Group 19","2020",0.960523282163485,1.30183562139583,"geometric-mean-scaled index","trial-5","Trial 5"
2021,"index","F19_R1_G19","Index 19  / Region 1  / Group 19","2021",0.974737478989675,1.1834232208273,"geometric-mean-scaled index","trial-5","Trial 5"
2022,"index","F19_R1_G19","Index 19  / Region 1  / Group 19","2022",0.665420460916155,1.00293148663181,"geometric-mean-scaled index","trial-5","Trial 5"
1954,"index","F20_R2_G20","Index 20  / Region 2  / Group 20","1954",4.21096154805618,3.18066382037651,"geometric-mean-scaled index","trial-5","Trial 5"
1955,"index","F20_R2_G20","Index 20  / Region 2  / Group 20","1955",3.11733650195403,3.10957369965895,"geometric-mean-scaled index","trial-5","Trial 5"
1956,"index","F20_R2_G20","Index 20  / Region 2  / Group 20","1956",3.11471220345346,3.08359055806134,"geometric-mean-scaled index","trial-5","Trial 5"
1957,"index","F20_R2_G20","Index 20  / Region 2  / Group 20","1957",2.49122048423764,3.05699870971119,"geometric-mean-scaled index","trial-5","Trial 5"
1958,"index","F20_R2_G20","Index 20  / Region 2  / Group 20","1958",3.38277838084962,3.03126973150106,"geometric-mean-scaled index","trial-5","Trial 5"
1959,"index","F20_R2_G20","Index 20  / Region 2  / Group 20","1959",3.53910335426992,3.00239191851047,"geometric-mean-scaled index","trial-5","Trial 5"
1960,"index","F20_R2_G20","Index 20  / Region 2  / Group 20","1960",2.88806453309758,2.95181397135493,"geometric-mean-scaled index","trial-5","Trial 5"
1961,"index","F20_R2_G20","Index 20  / Region 2  / Group 20","1961",2.77519235560544,2.64247566218882,"geometric-mean-scaled index","trial-5","Trial 5"
1962,"index","F20_R2_G20","Index 20  / Region 2  / Group 20","1962",2.84542670742501,2.49323552469636,"geometric-mean-scaled index","trial-5","Trial 5"
1963,"index","F20_R2_G20","Index 20  / Region 2  / Group 20","1963",2.15624779216803,2.02421823919478,"geometric-mean-scaled index","trial-5","Trial 5"
1964,"index","F20_R2_G20","Index 20  / Region 2  / Group 20","1964",1.77294323917794,1.58603982974782,"geometric-mean-scaled index","trial-5","Trial 5"
1965,"index","F20_R2_G20","Index 20  / Region 2  / Group 20","1965",1.39305357413891,1.50212707183946,"geometric-mean-scaled index","trial-5","Trial 5"
1966,"index","F20_R2_G20","Index 20  / Region 2  / Group 20","1966",2.15604911541288,1.56908070575911,"geometric-mean-scaled index","trial-5","Trial 5"
1967,"index","F20_R2_G20","Index 20  / Region 2  / Group 20","1967",1.83466830687541,1.72013429267904,"geometric-mean-scaled index","trial-5","Trial 5"
1968,"index","F20_R2_G20","Index 20  / Region 2  / Group 20","1968",1.49027459282616,1.4535902784978,"geometric-mean-scaled index","trial-5","Trial 5"
1969,"index","F20_R2_G20","Index 20  / Region 2  / Group 20","1969",0.90397341842816,1.11018947593004,"geometric-mean-scaled index","trial-5","Trial 5"
1970,"index","F20_R2_G20","Index 20  / Region 2  / Group 20","1970",1.74296686069583,1.06754777195499,"geometric-mean-scaled index","trial-5","Trial 5"
1971,"index","F20_R2_G20","Index 20  / Region 2  / Group 20","1971",1.05128168838887,0.946707168746836,"geometric-mean-scaled index","trial-5","Trial 5"
1972,"index","F20_R2_G20","Index 20  / Region 2  / Group 20","1972",1.03629787461149,0.850212211815534,"geometric-mean-scaled index","trial-5","Trial 5"
1973,"index","F20_R2_G20","Index 20  / Region 2  / Group 20","1973",1.14631510743072,0.766379509641332,"geometric-mean-scaled index","trial-5","Trial 5"
1974,"index","F20_R2_G20","Index 20  / Region 2  / Group 20","1974",0.503606327140092,0.66981793222955,"geometric-mean-scaled index","trial-5","Trial 5"
1975,"index","F20_R2_G20","Index 20  / Region 2  / Group 20","1975",0.345168043176568,0.613328054460421,"geometric-mean-scaled index","trial-5","Trial 5"
1976,"index","F20_R2_G20","Index 20  / Region 2  / Group 20","1976",0.392881567888747,0.599857119348798,"geometric-mean-scaled index","trial-5","Trial 5"
1977,"index","F20_R2_G20","Index 20  / Region 2  / Group 20","1977",0.722292569399697,0.719465374514501,"geometric-mean-scaled index","trial-5","Trial 5"
1978,"index","F20_R2_G20","Index 20  / Region 2  / Group 20","1978",1.34450541165844,0.972995453469762,"geometric-mean-scaled index","trial-5","Trial 5"
1979,"index","F20_R2_G20","Index 20  / Region 2  / Group 20","1979",0.925834385511787,0.932173502117435,"geometric-mean-scaled index","trial-5","Trial 5"
1980,"index","F20_R2_G20","Index 20  / Region 2  / Group 20","1980",0.665679781043966,0.792333154988604,"geometric-mean-scaled index","trial-5","Trial 5"
1981,"index","F20_R2_G20","Index 20  / Region 2  / Group 20","1981",0.591226781169868,0.669783307698308,"geometric-mean-scaled index","trial-5","Trial 5"
1982,"index","F20_R2_G20","Index 20  / Region 2  / Group 20","1982",0.474104859767232,0.594096272447435,"geometric-mean-scaled index","trial-5","Trial 5"
1983,"index","F20_R2_G20","Index 20  / Region 2  / Group 20","1983",0.516419783951321,0.606558677097909,"geometric-mean-scaled index","trial-5","Trial 5"
1984,"index","F20_R2_G20","Index 20  / Region 2  / Group 20","1984",0.705603550009173,0.712099093299707,"geometric-mean-scaled index","trial-5","Trial 5"
1985,"index","F20_R2_G20","Index 20  / Region 2  / Group 20","1985",0.596630644214555,0.743786267929822,"geometric-mean-scaled index","trial-5","Trial 5"
1986,"index","F20_R2_G20","Index 20  / Region 2  / Group 20","1986",0.576521368772823,0.708770084111878,"geometric-mean-scaled index","trial-5","Trial 5"
1987,"index","F20_R2_G20","Index 20  / Region 2  / Group 20","1987",0.738069475063823,0.695991021826631,"geometric-mean-scaled index","trial-5","Trial 5"
1988,"index","F20_R2_G20","Index 20  / Region 2  / Group 20","1988",0.631881286279668,0.729577441179839,"geometric-mean-scaled index","trial-5","Trial 5"
1989,"index","F20_R2_G20","Index 20  / Region 2  / Group 20","1989",0.538572813890766,0.620801423007046,"geometric-mean-scaled index","trial-5","Trial 5"
1990,"index","F20_R2_G20","Index 20  / Region 2  / Group 20","1990",0.558798697122352,0.633379568534687,"geometric-mean-scaled index","trial-5","Trial 5"
1991,"index","F20_R2_G20","Index 20  / Region 2  / Group 20","1991",0.596239520556125,0.649883304002267,"geometric-mean-scaled index","trial-5","Trial 5"
1992,"index","F20_R2_G20","Index 20  / Region 2  / Group 20","1992",0.949703632796349,0.703068407411581,"geometric-mean-scaled index","trial-5","Trial 5"
1993,"index","F20_R2_G20","Index 20  / Region 2  / Group 20","1993",0.773853468646436,0.817831026458522,"geometric-mean-scaled index","trial-5","Trial 5"
1994,"index","F20_R2_G20","Index 20  / Region 2  / Group 20","1994",0.810781379423954,0.727095590025921,"geometric-mean-scaled index","trial-5","Trial 5"
1995,"index","F20_R2_G20","Index 20  / Region 2  / Group 20","1995",1.07726297359609,0.840500215204455,"geometric-mean-scaled index","trial-5","Trial 5"
1996,"index","F20_R2_G20","Index 20  / Region 2  / Group 20","1996",0.935003854840217,0.820909638425146,"geometric-mean-scaled index","trial-5","Trial 5"
1997,"index","F20_R2_G20","Index 20  / Region 2  / Group 20","1997",0.800397864000986,0.825701224187941,"geometric-mean-scaled index","trial-5","Trial 5"
1998,"index","F20_R2_G20","Index 20  / Region 2  / Group 20","1998",1.04349083940237,0.871638828548968,"geometric-mean-scaled index","trial-5","Trial 5"
1999,"index","F20_R2_G20","Index 20  / Region 2  / Group 20","1999",0.765213765192612,0.958088365247513,"geometric-mean-scaled index","trial-5","Trial 5"
2000,"index","F20_R2_G20","Index 20  / Region 2  / Group 20","2000",0.767097814359868,0.864526628149422,"geometric-mean-scaled index","trial-5","Trial 5"
2001,"index","F20_R2_G20","Index 20  / Region 2  / Group 20","2001",0.841773334723493,0.803960858669739,"geometric-mean-scaled index","trial-5","Trial 5"
2002,"index","F20_R2_G20","Index 20  / Region 2  / Group 20","2002",0.547333871289332,0.629742070637796,"geometric-mean-scaled index","trial-5","Trial 5"
2003,"index","F20_R2_G20","Index 20  / Region 2  / Group 20","2003",0.588325890023659,0.803665346674886,"geometric-mean-scaled index","trial-5","Trial 5"
2004,"index","F20_R2_G20","Index 20  / Region 2  / Group 20","2004",0.635814586790303,0.642841526912619,"geometric-mean-scaled index","trial-5","Trial 5"
2005,"index","F20_R2_G20","Index 20  / Region 2  / Group 20","2005",0.834789610625378,0.738305343140392,"geometric-mean-scaled index","trial-5","Trial 5"
2006,"index","F20_R2_G20","Index 20  / Region 2  / Group 20","2006",0.92372528101704,0.871253303224154,"geometric-mean-scaled index","trial-5","Trial 5"
2007,"index","F20_R2_G20","Index 20  / Region 2  / Group 20","2007",0.84623569961814,0.960251090463728,"geometric-mean-scaled index","trial-5","Trial 5"
2008,"index","F20_R2_G20","Index 20  / Region 2  / Group 20","2008",0.610796174186906,0.832544787007293,"geometric-mean-scaled index","trial-5","Trial 5"
2009,"index","F20_R2_G20","Index 20  / Region 2  / Group 20","2009",1.05927374250753,0.778394167373047,"geometric-mean-scaled index","trial-5","Trial 5"
2010,"index","F20_R2_G20","Index 20  / Region 2  / Group 20","2010",0.847323881897912,0.795022007011812,"geometric-mean-scaled index","trial-5","Trial 5"
2011,"index","F20_R2_G20","Index 20  / Region 2  / Group 20","2011",1.12583979197944,0.923442311958955,"geometric-mean-scaled index","trial-5","Trial 5"
2012,"index","F20_R2_G20","Index 20  / Region 2  / Group 20","2012",0.945525297290097,0.826214987694364,"geometric-mean-scaled index","trial-5","Trial 5"
2013,"index","F20_R2_G20","Index 20  / Region 2  / Group 20","2013",0.87877457395759,0.81881511694322,"geometric-mean-scaled index","trial-5","Trial 5"
2014,"index","F20_R2_G20","Index 20  / Region 2  / Group 20","2014",1.04373534993691,0.883143900962733,"geometric-mean-scaled index","trial-5","Trial 5"
2015,"index","F20_R2_G20","Index 20  / Region 2  / Group 20","2015",1.22377077691567,0.898814458574014,"geometric-mean-scaled index","trial-5","Trial 5"
2016,"index","F20_R2_G20","Index 20  / Region 2  / Group 20","2016",1.13572929605611,0.810073994486751,"geometric-mean-scaled index","trial-5","Trial 5"
2017,"index","F20_R2_G20","Index 20  / Region 2  / Group 20","2017",0.734357067400453,0.736708059845762,"geometric-mean-scaled index","trial-5","Trial 5"
2018,"index","F20_R2_G20","Index 20  / Region 2  / Group 20","2018",0.64550184014846,0.731284066469317,"geometric-mean-scaled index","trial-5","Trial 5"
2019,"index","F20_R2_G20","Index 20  / Region 2  / Group 20","2019",0.713722524698996,0.767770684484893,"geometric-mean-scaled index","trial-5","Trial 5"
2020,"index","F20_R2_G20","Index 20  / Region 2  / Group 20","2020",0.772716002092201,0.658819726409253,"geometric-mean-scaled index","trial-5","Trial 5"
2021,"index","F20_R2_G20","Index 20  / Region 2  / Group 20","2021",0.751048561936257,0.487106790146263,"geometric-mean-scaled index","trial-5","Trial 5"
2022,"index","F20_R2_G20","Index 20  / Region 2  / Group 20","2022",1.00202993070836,0.718214224080334,"geometric-mean-scaled index","trial-5","Trial 5"
1954,"index","F18_R1_G18","Index 18  / Region 1  / Group 18","1954",4.40903714715002,5.0179223463803,"geometric-mean-scaled index","trial-6","Trial 6"
1955,"index","F18_R1_G18","Index 18  / Region 1  / Group 18","1955",3.14529508758885,4.73264979755117,"geometric-mean-scaled index","trial-6","Trial 6"
1956,"index","F18_R1_G18","Index 18  / Region 1  / Group 18","1956",3.55845376339654,4.59864145707598,"geometric-mean-scaled index","trial-6","Trial 6"
1957,"index","F18_R1_G18","Index 18  / Region 1  / Group 18","1957",3.81367935187817,4.4785430370053,"geometric-mean-scaled index","trial-6","Trial 6"
1958,"index","F18_R1_G18","Index 18  / Region 1  / Group 18","1958",4.19937988018333,4.3612400641248,"geometric-mean-scaled index","trial-6","Trial 6"
1959,"index","F18_R1_G18","Index 18  / Region 1  / Group 18","1959",5.02003875847804,4.21230262639259,"geometric-mean-scaled index","trial-6","Trial 6"
1960,"index","F18_R1_G18","Index 18  / Region 1  / Group 18","1960",6.09415385779237,4.08578573643576,"geometric-mean-scaled index","trial-6","Trial 6"
1961,"index","F18_R1_G18","Index 18  / Region 1  / Group 18","1961",5.9871599837675,3.91758786001484,"geometric-mean-scaled index","trial-6","Trial 6"
1962,"index","F18_R1_G18","Index 18  / Region 1  / Group 18","1962",4.31836862588877,3.65071015521383,"geometric-mean-scaled index","trial-6","Trial 6"
1963,"index","F18_R1_G18","Index 18  / Region 1  / Group 18","1963",2.6756633141332,3.30547702693477,"geometric-mean-scaled index","trial-6","Trial 6"
1964,"index","F18_R1_G18","Index 18  / Region 1  / Group 18","1964",2.42251196662564,2.91798239162987,"geometric-mean-scaled index","trial-6","Trial 6"
1965,"index","F18_R1_G18","Index 18  / Region 1  / Group 18","1965",2.71599052736943,2.47483197164442,"geometric-mean-scaled index","trial-6","Trial 6"
1966,"index","F18_R1_G18","Index 18  / Region 1  / Group 18","1966",2.44814503331434,2.037908572498,"geometric-mean-scaled index","trial-6","Trial 6"
1967,"index","F18_R1_G18","Index 18  / Region 1  / Group 18","1967",1.94746079529619,1.80127803101953,"geometric-mean-scaled index","trial-6","Trial 6"
1968,"index","F18_R1_G18","Index 18  / Region 1  / Group 18","1968",1.71471945569896,1.73965347736007,"geometric-mean-scaled index","trial-6","Trial 6"
1969,"index","F18_R1_G18","Index 18  / Region 1  / Group 18","1969",1.65433171113289,1.67684299250521,"geometric-mean-scaled index","trial-6","Trial 6"
1970,"index","F18_R1_G18","Index 18  / Region 1  / Group 18","1970",1.54780579698768,1.47862435768062,"geometric-mean-scaled index","trial-6","Trial 6"
1971,"index","F18_R1_G18","Index 18  / Region 1  / Group 18","1971",1.23412080025738,1.22399361474472,"geometric-mean-scaled index","trial-6","Trial 6"
1972,"index","F18_R1_G18","Index 18  / Region 1  / Group 18","1972",1.07338614840291,1.03505859488007,"geometric-mean-scaled index","trial-6","Trial 6"
1973,"index","F18_R1_G18","Index 18  / Region 1  / Group 18","1973",0.989103263951998,0.859711486430175,"geometric-mean-scaled index","trial-6","Trial 6"
1974,"index","F18_R1_G18","Index 18  / Region 1  / Group 18","1974",0.580301639759145,0.735975656728146,"geometric-mean-scaled index","trial-6","Trial 6"
1975,"index","F18_R1_G18","Index 18  / Region 1  / Group 18","1975",0.58813811691667,0.709659838709478,"geometric-mean-scaled index","trial-6","Trial 6"
1976,"index","F18_R1_G18","Index 18  / Region 1  / Group 18","1976",0.851064006357214,0.718829990932107,"geometric-mean-scaled index","trial-6","Trial 6"
1977,"index","F18_R1_G18","Index 18  / Region 1  / Group 18","1977",0.863018267252948,0.676046383780346,"geometric-mean-scaled index","trial-6","Trial 6"
1978,"index","F18_R1_G18","Index 18  / Region 1  / Group 18","1978",0.935245185300877,0.712694522651497,"geometric-mean-scaled index","trial-6","Trial 6"
1979,"index","F18_R1_G18","Index 18  / Region 1  / Group 18","1979",0.811891863308134,0.836120815163022,"geometric-mean-scaled index","trial-6","Trial 6"
1980,"index","F18_R1_G18","Index 18  / Region 1  / Group 18","1980",0.857986996795637,0.91951373872091,"geometric-mean-scaled index","trial-6","Trial 6"
1981,"index","F18_R1_G18","Index 18  / Region 1  / Group 18","1981",0.969775742290399,0.859954660121001,"geometric-mean-scaled index","trial-6","Trial 6"
1982,"index","F18_R1_G18","Index 18  / Region 1  / Group 18","1982",0.754187984251701,0.748002994212634,"geometric-mean-scaled index","trial-6","Trial 6"
1983,"index","F18_R1_G18","Index 18  / Region 1  / Group 18","1983",0.847323525052082,0.678763221149692,"geometric-mean-scaled index","trial-6","Trial 6"
1984,"index","F18_R1_G18","Index 18  / Region 1  / Group 18","1984",0.697012441179108,0.660587033016504,"geometric-mean-scaled index","trial-6","Trial 6"
1985,"index","F18_R1_G18","Index 18  / Region 1  / Group 18","1985",0.700113985527936,0.709687748428463,"geometric-mean-scaled index","trial-6","Trial 6"
1986,"index","F18_R1_G18","Index 18  / Region 1  / Group 18","1986",0.916792661518106,0.754093161902816,"geometric-mean-scaled index","trial-6","Trial 6"
1987,"index","F18_R1_G18","Index 18  / Region 1  / Group 18","1987",0.932698710694853,0.804567977804663,"geometric-mean-scaled index","trial-6","Trial 6"
1988,"index","F18_R1_G18","Index 18  / Region 1  / Group 18","1988",0.933673375591985,0.76291984071513,"geometric-mean-scaled index","trial-6","Trial 6"
1989,"index","F18_R1_G18","Index 18  / Region 1  / Group 18","1989",0.68771709247243,0.751163816087806,"geometric-mean-scaled index","trial-6","Trial 6"
1990,"index","F18_R1_G18","Index 18  / Region 1  / Group 18","1990",0.776975789161292,0.757001168535492,"geometric-mean-scaled index","trial-6","Trial 6"
1991,"index","F18_R1_G18","Index 18  / Region 1  / Group 18","1991",0.655727821196814,0.721649393502502,"geometric-mean-scaled index","trial-6","Trial 6"
1992,"index","F18_R1_G18","Index 18  / Region 1  / Group 18","1992",0.872502177541898,0.705678698751989,"geometric-mean-scaled index","trial-6","Trial 6"
1993,"index","F18_R1_G18","Index 18  / Region 1  / Group 18","1993",0.879147658089477,0.743547498195219,"geometric-mean-scaled index","trial-6","Trial 6"
1994,"index","F18_R1_G18","Index 18  / Region 1  / Group 18","1994",0.948738796667378,0.786379924898126,"geometric-mean-scaled index","trial-6","Trial 6"
1995,"index","F18_R1_G18","Index 18  / Region 1  / Group 18","1995",0.883131727989847,0.830374364345485,"geometric-mean-scaled index","trial-6","Trial 6"
1996,"index","F18_R1_G18","Index 18  / Region 1  / Group 18","1996",0.837306959406211,0.834787148122863,"geometric-mean-scaled index","trial-6","Trial 6"
1997,"index","F18_R1_G18","Index 18  / Region 1  / Group 18","1997",0.95208949005856,0.863324611166546,"geometric-mean-scaled index","trial-6","Trial 6"
1998,"index","F18_R1_G18","Index 18  / Region 1  / Group 18","1998",0.856547687420413,0.822685756795535,"geometric-mean-scaled index","trial-6","Trial 6"
1999,"index","F18_R1_G18","Index 18  / Region 1  / Group 18","1999",0.61266101448799,0.857063127776808,"geometric-mean-scaled index","trial-6","Trial 6"
2000,"index","F18_R1_G18","Index 18  / Region 1  / Group 18","2000",0.679263091965619,0.892742281756554,"geometric-mean-scaled index","trial-6","Trial 6"
2001,"index","F18_R1_G18","Index 18  / Region 1  / Group 18","2001",0.663388123597169,0.834932410468887,"geometric-mean-scaled index","trial-6","Trial 6"
2002,"index","F18_R1_G18","Index 18  / Region 1  / Group 18","2002",0.695863453728742,0.656373747802869,"geometric-mean-scaled index","trial-6","Trial 6"
2003,"index","F18_R1_G18","Index 18  / Region 1  / Group 18","2003",0.520428254256146,0.555043936657118,"geometric-mean-scaled index","trial-6","Trial 6"
2004,"index","F18_R1_G18","Index 18  / Region 1  / Group 18","2004",0.457969008695485,0.559676938857576,"geometric-mean-scaled index","trial-6","Trial 6"
2005,"index","F18_R1_G18","Index 18  / Region 1  / Group 18","2005",0.57000982730679,0.524984439248162,"geometric-mean-scaled index","trial-6","Trial 6"
2006,"index","F18_R1_G18","Index 18  / Region 1  / Group 18","2006",0.692547701969523,0.535369456569501,"geometric-mean-scaled index","trial-6","Trial 6"
2007,"index","F18_R1_G18","Index 18  / Region 1  / Group 18","2007",0.763296075617131,0.594869037599967,"geometric-mean-scaled index","trial-6","Trial 6"
2008,"index","F18_R1_G18","Index 18  / Region 1  / Group 18","2008",0.557991706511396,0.663449804734588,"geometric-mean-scaled index","trial-6","Trial 6"
2009,"index","F18_R1_G18","Index 18  / Region 1  / Group 18","2009",0.644374806432787,0.643902272498738,"geometric-mean-scaled index","trial-6","Trial 6"
2010,"index","F18_R1_G18","Index 18  / Region 1  / Group 18","2010",0.629833334064991,0.486734456863485,"geometric-mean-scaled index","trial-6","Trial 6"
2011,"index","F18_R1_G18","Index 18  / Region 1  / Group 18","2011",0.472776191924379,0.504594021511876,"geometric-mean-scaled index","trial-6","Trial 6"
2012,"index","F18_R1_G18","Index 18  / Region 1  / Group 18","2012",0.561037772817115,0.555440696472705,"geometric-mean-scaled index","trial-6","Trial 6"
2013,"index","F18_R1_G18","Index 18  / Region 1  / Group 18","2013",0.518607359493591,0.551377632260081,"geometric-mean-scaled index","trial-6","Trial 6"
2014,"index","F18_R1_G18","Index 18  / Region 1  / Group 18","2014",0.534249440170542,0.561327171824879,"geometric-mean-scaled index","trial-6","Trial 6"
2015,"index","F18_R1_G18","Index 18  / Region 1  / Group 18","2015",0.610459945494768,0.594184600118432,"geometric-mean-scaled index","trial-6","Trial 6"
2016,"index","F18_R1_G18","Index 18  / Region 1  / Group 18","2016",0.483833914957584,0.625581667580102,"geometric-mean-scaled index","trial-6","Trial 6"
2017,"index","F18_R1_G18","Index 18  / Region 1  / Group 18","2017",0.503585067785675,0.625518491725102,"geometric-mean-scaled index","trial-6","Trial 6"
2018,"index","F18_R1_G18","Index 18  / Region 1  / Group 18","2018",0.44199217333407,0.555179537410409,"geometric-mean-scaled index","trial-6","Trial 6"
2019,"index","F18_R1_G18","Index 18  / Region 1  / Group 18","2019",0.466975339471439,0.504875605655243,"geometric-mean-scaled index","trial-6","Trial 6"
2020,"index","F18_R1_G18","Index 18  / Region 1  / Group 18","2020",0.377731205082218,0.482388132533197,"geometric-mean-scaled index","trial-6","Trial 6"
2021,"index","F18_R1_G18","Index 18  / Region 1  / Group 18","2021",0.384903092509445,0.478806815198341,"geometric-mean-scaled index","trial-6","Trial 6"
2022,"index","F18_R1_G18","Index 18  / Region 1  / Group 18","2022",0.533173522636986,0.43915797070649,"geometric-mean-scaled index","trial-6","Trial 6"
1992,"index","F19_R1_G19","Index 19  / Region 1  / Group 19","1992",1.85927115000846,0.883260791896986,"geometric-mean-scaled index","trial-6","Trial 6"
1993,"index","F19_R1_G19","Index 19  / Region 1  / Group 19","1993",0.849266654622091,0.856162968610668,"geometric-mean-scaled index","trial-6","Trial 6"
1994,"index","F19_R1_G19","Index 19  / Region 1  / Group 19","1994",1.00123553533734,0.847014038016131,"geometric-mean-scaled index","trial-6","Trial 6"
1995,"index","F19_R1_G19","Index 19  / Region 1  / Group 19","1995",1.31046507492219,0.998809094457641,"geometric-mean-scaled index","trial-6","Trial 6"
1996,"index","F19_R1_G19","Index 19  / Region 1  / Group 19","1996",1.21306505673522,1.03747216114432,"geometric-mean-scaled index","trial-6","Trial 6"
1997,"index","F19_R1_G19","Index 19  / Region 1  / Group 19","1997",0.799390157141791,0.787396544475038,"geometric-mean-scaled index","trial-6","Trial 6"
1998,"index","F19_R1_G19","Index 19  / Region 1  / Group 19","1998",1.99291282185133,0.64987831505931,"geometric-mean-scaled index","trial-6","Trial 6"
1999,"index","F19_R1_G19","Index 19  / Region 1  / Group 19","1999",1.3696369541503,0.622348445319089,"geometric-mean-scaled index","trial-6","Trial 6"
2000,"index","F19_R1_G19","Index 19  / Region 1  / Group 19","2000",0.965612099781253,1.04158621638573,"geometric-mean-scaled index","trial-6","Trial 6"
2001,"index","F19_R1_G19","Index 19  / Region 1  / Group 19","2001",0.810369966030035,0.808465843401385,"geometric-mean-scaled index","trial-6","Trial 6"
2002,"index","F19_R1_G19","Index 19  / Region 1  / Group 19","2002",0.74171237247259,0.967845187061975,"geometric-mean-scaled index","trial-6","Trial 6"
2003,"index","F19_R1_G19","Index 19  / Region 1  / Group 19","2003",1.03600097632011,1.33958977302724,"geometric-mean-scaled index","trial-6","Trial 6"
2004,"index","F19_R1_G19","Index 19  / Region 1  / Group 19","2004",1.05045112419079,1.22619275362257,"geometric-mean-scaled index","trial-6","Trial 6"
2005,"index","F19_R1_G19","Index 19  / Region 1  / Group 19","2005",0.734713898314047,0.862056754119635,"geometric-mean-scaled index","trial-6","Trial 6"
2006,"index","F19_R1_G19","Index 19  / Region 1  / Group 19","2006",0.882670668461906,0.792776469911382,"geometric-mean-scaled index","trial-6","Trial 6"
2007,"index","F19_R1_G19","Index 19  / Region 1  / Group 19","2007",1.03363575876466,1.06047698943014,"geometric-mean-scaled index","trial-6","Trial 6"
2008,"index","F19_R1_G19","Index 19  / Region 1  / Group 19","2008",1.33647576097039,1.30577322781609,"geometric-mean-scaled index","trial-6","Trial 6"
2009,"index","F19_R1_G19","Index 19  / Region 1  / Group 19","2009",0.832547956398684,1.11104606574262,"geometric-mean-scaled index","trial-6","Trial 6"
2010,"index","F19_R1_G19","Index 19  / Region 1  / Group 19","2010",1.1710748925389,1.07901366454696,"geometric-mean-scaled index","trial-6","Trial 6"
2011,"index","F19_R1_G19","Index 19  / Region 1  / Group 19","2011",1.14908021933067,1.28962126352158,"geometric-mean-scaled index","trial-6","Trial 6"
2012,"index","F19_R1_G19","Index 19  / Region 1  / Group 19","2012",0.992144371207608,1.32809334006664,"geometric-mean-scaled index","trial-6","Trial 6"
2013,"index","F19_R1_G19","Index 19  / Region 1  / Group 19","2013",0.812541615693899,1.09040596680484,"geometric-mean-scaled index","trial-6","Trial 6"
2014,"index","F19_R1_G19","Index 19  / Region 1  / Group 19","2014",0.869128916645273,0.951590476455941,"geometric-mean-scaled index","trial-6","Trial 6"
2015,"index","F19_R1_G19","Index 19  / Region 1  / Group 19","2015",0.923487470227196,1.07744057340354,"geometric-mean-scaled index","trial-6","Trial 6"
2016,"index","F19_R1_G19","Index 19  / Region 1  / Group 19","2016",0.994049496935054,1.10814461892634,"geometric-mean-scaled index","trial-6","Trial 6"
2017,"index","F19_R1_G19","Index 19  / Region 1  / Group 19","2017",0.679637993540111,0.82324884487607,"geometric-mean-scaled index","trial-6","Trial 6"
2018,"index","F19_R1_G19","Index 19  / Region 1  / Group 19","2018",1.1614387047662,0.710645092586566,"geometric-mean-scaled index","trial-6","Trial 6"
2019,"index","F19_R1_G19","Index 19  / Region 1  / Group 19","2019",0.909406517143503,1.24082606457203,"geometric-mean-scaled index","trial-6","Trial 6"
2020,"index","F19_R1_G19","Index 19  / Region 1  / Group 19","2020",0.960523282163485,1.32449403215468,"geometric-mean-scaled index","trial-6","Trial 6"
2021,"index","F19_R1_G19","Index 19  / Region 1  / Group 19","2021",0.974737478989675,1.20402066723173,"geometric-mean-scaled index","trial-6","Trial 6"
2022,"index","F19_R1_G19","Index 19  / Region 1  / Group 19","2022",0.665420460916155,1.02038747970314,"geometric-mean-scaled index","trial-6","Trial 6"
1954,"index","F20_R2_G20","Index 20  / Region 2  / Group 20","1954",4.21096154805618,3.23602318076231,"geometric-mean-scaled index","trial-6","Trial 6"
1955,"index","F20_R2_G20","Index 20  / Region 2  / Group 20","1955",3.11733650195403,3.16369573858139,"geometric-mean-scaled index","trial-6","Trial 6"
1956,"index","F20_R2_G20","Index 20  / Region 2  / Group 20","1956",3.11471220345346,3.13726036116733,"geometric-mean-scaled index","trial-6","Trial 6"
1957,"index","F20_R2_G20","Index 20  / Region 2  / Group 20","1957",2.49122048423764,3.11020568247758,"geometric-mean-scaled index","trial-6","Trial 6"
1958,"index","F20_R2_G20","Index 20  / Region 2  / Group 20","1958",3.38277838084962,3.0840288921573,"geometric-mean-scaled index","trial-6","Trial 6"
1959,"index","F20_R2_G20","Index 20  / Region 2  / Group 20","1959",3.53910335426992,3.05464846167967,"geometric-mean-scaled index","trial-6","Trial 6"
1960,"index","F20_R2_G20","Index 20  / Region 2  / Group 20","1960",2.88806453309758,3.00319020683923,"geometric-mean-scaled index","trial-6","Trial 6"
1961,"index","F20_R2_G20","Index 20  / Region 2  / Group 20","1961",2.77519235560544,2.68846787348655,"geometric-mean-scaled index","trial-6","Trial 6"
1962,"index","F20_R2_G20","Index 20  / Region 2  / Group 20","1962",2.84542670742501,2.53663021578383,"geometric-mean-scaled index","trial-6","Trial 6"
1963,"index","F20_R2_G20","Index 20  / Region 2  / Group 20","1963",2.15624779216803,2.05944969820191,"geometric-mean-scaled index","trial-6","Trial 6"
1964,"index","F20_R2_G20","Index 20  / Region 2  / Group 20","1964",1.77294323917794,1.6136448064067,"geometric-mean-scaled index","trial-6","Trial 6"
1965,"index","F20_R2_G20","Index 20  / Region 2  / Group 20","1965",1.39305357413891,1.52827154941124,"geometric-mean-scaled index","trial-6","Trial 6"
1966,"index","F20_R2_G20","Index 20  / Region 2  / Group 20","1966",2.15604911541288,1.59639050936301,"geometric-mean-scaled index","trial-6","Trial 6"
1967,"index","F20_R2_G20","Index 20  / Region 2  / Group 20","1967",1.83466830687541,1.75007317952723,"geometric-mean-scaled index","trial-6","Trial 6"
1968,"index","F20_R2_G20","Index 20  / Region 2  / Group 20","1968",1.49027459282616,1.47888997460687,"geometric-mean-scaled index","trial-6","Trial 6"
1969,"index","F20_R2_G20","Index 20  / Region 2  / Group 20","1969",0.90397341842816,1.12951229115522,"geometric-mean-scaled index","trial-6","Trial 6"
1970,"index","F20_R2_G20","Index 20  / Region 2  / Group 20","1970",1.74296686069583,1.08612840957475,"geometric-mean-scaled index","trial-6","Trial 6"
1971,"index","F20_R2_G20","Index 20  / Region 2  / Group 20","1971",1.05128168838887,0.963184579216537,"geometric-mean-scaled index","trial-6","Trial 6"
1972,"index","F20_R2_G20","Index 20  / Region 2  / Group 20","1972",1.03629787461149,0.865010130393653,"geometric-mean-scaled index","trial-6","Trial 6"
1973,"index","F20_R2_G20","Index 20  / Region 2  / Group 20","1973",1.14631510743072,0.779718322500058,"geometric-mean-scaled index","trial-6","Trial 6"
1974,"index","F20_R2_G20","Index 20  / Region 2  / Group 20","1974",0.503606327140092,0.681476093669187,"geometric-mean-scaled index","trial-6","Trial 6"
1975,"index","F20_R2_G20","Index 20  / Region 2  / Group 20","1975",0.345168043176568,0.624003011236448,"geometric-mean-scaled index","trial-6","Trial 6"
1976,"index","F20_R2_G20","Index 20  / Region 2  / Group 20","1976",0.392881567888747,0.610297614894814,"geometric-mean-scaled index","trial-6","Trial 6"
1977,"index","F20_R2_G20","Index 20  / Region 2  / Group 20","1977",0.722292569399697,0.731987648229092,"geometric-mean-scaled index","trial-6","Trial 6"
1978,"index","F20_R2_G20","Index 20  / Region 2  / Group 20","1978",1.34450541165844,0.989930410763047,"geometric-mean-scaled index","trial-6","Trial 6"
1979,"index","F20_R2_G20","Index 20  / Region 2  / Group 20","1979",0.925834385511787,0.948397954546267,"geometric-mean-scaled index","trial-6","Trial 6"
1980,"index","F20_R2_G20","Index 20  / Region 2  / Group 20","1980",0.665679781043966,0.806123690282408,"geometric-mean-scaled index","trial-6","Trial 6"
1981,"index","F20_R2_G20","Index 20  / Region 2  / Group 20","1981",0.591226781169868,0.681440866498996,"geometric-mean-scaled index","trial-6","Trial 6"
1982,"index","F20_R2_G20","Index 20  / Region 2  / Group 20","1982",0.474104859767232,0.604436500622314,"geometric-mean-scaled index","trial-6","Trial 6"
1983,"index","F20_R2_G20","Index 20  / Region 2  / Group 20","1983",0.516419783951321,0.61711581305974,"geometric-mean-scaled index","trial-6","Trial 6"
1984,"index","F20_R2_G20","Index 20  / Region 2  / Group 20","1984",0.705603550009173,0.724493157106082,"geometric-mean-scaled index","trial-6","Trial 6"
1985,"index","F20_R2_G20","Index 20  / Region 2  / Group 20","1985",0.596630644214555,0.756731846080064,"geometric-mean-scaled index","trial-6","Trial 6"
1986,"index","F20_R2_G20","Index 20  / Region 2  / Group 20","1986",0.576521368772823,0.721106206611104,"geometric-mean-scaled index","trial-6","Trial 6"
1987,"index","F20_R2_G20","Index 20  / Region 2  / Group 20","1987",0.738069475063823,0.70810472512207,"geometric-mean-scaled index","trial-6","Trial 6"
1988,"index","F20_R2_G20","Index 20  / Region 2  / Group 20","1988",0.631881286279668,0.742275715117775,"geometric-mean-scaled index","trial-6","Trial 6"
1989,"index","F20_R2_G20","Index 20  / Region 2  / Group 20","1989",0.538572813890766,0.631606453543153,"geometric-mean-scaled index","trial-6","Trial 6"
1990,"index","F20_R2_G20","Index 20  / Region 2  / Group 20","1990",0.558798697122352,0.644403521324316,"geometric-mean-scaled index","trial-6","Trial 6"
1991,"index","F20_R2_G20","Index 20  / Region 2  / Group 20","1991",0.596239520556125,0.661194503823037,"geometric-mean-scaled index","trial-6","Trial 6"
1992,"index","F20_R2_G20","Index 20  / Region 2  / Group 20","1992",0.949703632796349,0.715305292395281,"geometric-mean-scaled index","trial-6","Trial 6"
1993,"index","F20_R2_G20","Index 20  / Region 2  / Group 20","1993",0.773853468646436,0.832065351456454,"geometric-mean-scaled index","trial-6","Trial 6"
1994,"index","F20_R2_G20","Index 20  / Region 2  / Group 20","1994",0.810781379423954,0.739750667417408,"geometric-mean-scaled index","trial-6","Trial 6"
1995,"index","F20_R2_G20","Index 20  / Region 2  / Group 20","1995",1.07726297359609,0.855129096766774,"geometric-mean-scaled index","trial-6","Trial 6"
1996,"index","F20_R2_G20","Index 20  / Region 2  / Group 20","1996",0.935003854840217,0.835197546573946,"geometric-mean-scaled index","trial-6","Trial 6"
1997,"index","F20_R2_G20","Index 20  / Region 2  / Group 20","1997",0.800397864000986,0.840072529746226,"geometric-mean-scaled index","trial-6","Trial 6"
1998,"index","F20_R2_G20","Index 20  / Region 2  / Group 20","1998",1.04349083940237,0.886809676762088,"geometric-mean-scaled index","trial-6","Trial 6"
1999,"index","F20_R2_G20","Index 20  / Region 2  / Group 20","1999",0.765213765192612,0.974763865108072,"geometric-mean-scaled index","trial-6","Trial 6"
2000,"index","F20_R2_G20","Index 20  / Region 2  / Group 20","2000",0.767097814359868,0.879573688723455,"geometric-mean-scaled index","trial-6","Trial 6"
2001,"index","F20_R2_G20","Index 20  / Region 2  / Group 20","2001",0.841773334723493,0.817953773804638,"geometric-mean-scaled index","trial-6","Trial 6"
2002,"index","F20_R2_G20","Index 20  / Region 2  / Group 20","2002",0.547333871289332,0.640702712883354,"geometric-mean-scaled index","trial-6","Trial 6"
2003,"index","F20_R2_G20","Index 20  / Region 2  / Group 20","2003",0.588325890023659,0.817653118432192,"geometric-mean-scaled index","trial-6","Trial 6"
2004,"index","F20_R2_G20","Index 20  / Region 2  / Group 20","2004",0.635814586790303,0.654030164809943,"geometric-mean-scaled index","trial-6","Trial 6"
2005,"index","F20_R2_G20","Index 20  / Region 2  / Group 20","2005",0.834789610625378,0.751155525955635,"geometric-mean-scaled index","trial-6","Trial 6"
2006,"index","F20_R2_G20","Index 20  / Region 2  / Group 20","2006",0.92372528101704,0.886417441380317,"geometric-mean-scaled index","trial-6","Trial 6"
2007,"index","F20_R2_G20","Index 20  / Region 2  / Group 20","2007",0.84623569961814,0.976964232493162,"geometric-mean-scaled index","trial-6","Trial 6"
2008,"index","F20_R2_G20","Index 20  / Region 2  / Group 20","2008",0.610796174186906,0.847035204575471,"geometric-mean-scaled index","trial-6","Trial 6"
2009,"index","F20_R2_G20","Index 20  / Region 2  / Group 20","2009",1.05927374250753,0.791942094996754,"geometric-mean-scaled index","trial-6","Trial 6"
2010,"index","F20_R2_G20","Index 20  / Region 2  / Group 20","2010",0.847323881897912,0.808859341696116,"geometric-mean-scaled index","trial-6","Trial 6"
2011,"index","F20_R2_G20","Index 20  / Region 2  / Group 20","2011",1.12583979197944,0.939514798279492,"geometric-mean-scaled index","trial-6","Trial 6"
2012,"index","F20_R2_G20","Index 20  / Region 2  / Group 20","2012",0.945525297290097,0.84059523529139,"geometric-mean-scaled index","trial-6","Trial 6"
2013,"index","F20_R2_G20","Index 20  / Region 2  / Group 20","2013",0.87877457395759,0.833066570007138,"geometric-mean-scaled index","trial-6","Trial 6"
2014,"index","F20_R2_G20","Index 20  / Region 2  / Group 20","2014",1.04373534993691,0.898514994623341,"geometric-mean-scaled index","trial-6","Trial 6"
2015,"index","F20_R2_G20","Index 20  / Region 2  / Group 20","2015",1.22377077691567,0.914458297829642,"geometric-mean-scaled index","trial-6","Trial 6"
2016,"index","F20_R2_G20","Index 20  / Region 2  / Group 20","2016",1.13572929605611,0.824173308571017,"geometric-mean-scaled index","trial-6","Trial 6"
2017,"index","F20_R2_G20","Index 20  / Region 2  / Group 20","2017",0.734357067400453,0.74953044199217,"geometric-mean-scaled index","trial-6","Trial 6"
2018,"index","F20_R2_G20","Index 20  / Region 2  / Group 20","2018",0.64550184014846,0.744012044170297,"geometric-mean-scaled index","trial-6","Trial 6"
2019,"index","F20_R2_G20","Index 20  / Region 2  / Group 20","2019",0.713722524698996,0.781133710700916,"geometric-mean-scaled index","trial-6","Trial 6"
2020,"index","F20_R2_G20","Index 20  / Region 2  / Group 20","2020",0.772716002092201,0.670286464399577,"geometric-mean-scaled index","trial-6","Trial 6"
2021,"index","F20_R2_G20","Index 20  / Region 2  / Group 20","2021",0.751048561936257,0.495584869523694,"geometric-mean-scaled index","trial-6","Trial 6"
2022,"index","F20_R2_G20","Index 20  / Region 2  / Group 20","2022",1.00202993070836,0.730714721558361,"geometric-mean-scaled index","trial-6","Trial 6"
1954,"index","F18_R1_G18","Index 18  / Region 1  / Group 18","1954",4.40903714715002,5.13621851614355,"geometric-mean-scaled index","trial-7","Trial 7"
1955,"index","F18_R1_G18","Index 18  / Region 1  / Group 18","1955",3.14529508758885,4.84422074369883,"geometric-mean-scaled index","trial-7","Trial 7"
1956,"index","F18_R1_G18","Index 18  / Region 1  / Group 18","1956",3.55845376339654,4.70705319263801,"geometric-mean-scaled index","trial-7","Trial 7"
1957,"index","F18_R1_G18","Index 18  / Region 1  / Group 18","1957",3.81367935187817,4.58412348461421,"geometric-mean-scaled index","trial-7","Trial 7"
1958,"index","F18_R1_G18","Index 18  / Region 1  / Group 18","1958",4.19937988018333,4.46405512569628,"geometric-mean-scaled index","trial-7","Trial 7"
1959,"index","F18_R1_G18","Index 18  / Region 1  / Group 18","1959",5.02003875847804,4.31160652792574,"geometric-mean-scaled index","trial-7","Trial 7"
1960,"index","F18_R1_G18","Index 18  / Region 1  / Group 18","1960",6.09415385779237,4.18210703631446,"geometric-mean-scaled index","trial-7","Trial 7"
1961,"index","F18_R1_G18","Index 18  / Region 1  / Group 18","1961",5.9871599837675,4.00994394019314,"geometric-mean-scaled index","trial-7","Trial 7"
1962,"index","F18_R1_G18","Index 18  / Region 1  / Group 18","1962",4.31836862588877,3.73677466527727,"geometric-mean-scaled index","trial-7","Trial 7"
1963,"index","F18_R1_G18","Index 18  / Region 1  / Group 18","1963",2.6756633141332,3.38340275884828,"geometric-mean-scaled index","trial-7","Trial 7"
1964,"index","F18_R1_G18","Index 18  / Region 1  / Group 18","1964",2.42251196662564,2.98677304173139,"geometric-mean-scaled index","trial-7","Trial 7"
1965,"index","F18_R1_G18","Index 18  / Region 1  / Group 18","1965",2.71599052736943,2.53317546977854,"geometric-mean-scaled index","trial-7","Trial 7"
1966,"index","F18_R1_G18","Index 18  / Region 1  / Group 18","1966",2.44814503331434,2.08595171900625,"geometric-mean-scaled index","trial-7","Trial 7"
1967,"index","F18_R1_G18","Index 18  / Region 1  / Group 18","1967",1.94746079529619,1.84374267615339,"geometric-mean-scaled index","trial-7","Trial 7"
1968,"index","F18_R1_G18","Index 18  / Region 1  / Group 18","1968",1.71471945569896,1.78066534021512,"geometric-mean-scaled index","trial-7","Trial 7"
1969,"index","F18_R1_G18","Index 18  / Region 1  / Group 18","1969",1.65433171113289,1.71637411507247,"geometric-mean-scaled index","trial-7","Trial 7"
1970,"index","F18_R1_G18","Index 18  / Region 1  / Group 18","1970",1.54780579698768,1.51348252924209,"geometric-mean-scaled index","trial-7","Trial 7"
1971,"index","F18_R1_G18","Index 18  / Region 1  / Group 18","1971",1.23412080025738,1.25284893502353,"geometric-mean-scaled index","trial-7","Trial 7"
1972,"index","F18_R1_G18","Index 18  / Region 1  / Group 18","1972",1.07338614840291,1.05945982287898,"geometric-mean-scaled index","trial-7","Trial 7"
1973,"index","F18_R1_G18","Index 18  / Region 1  / Group 18","1973",0.989103263951998,0.879978953506369,"geometric-mean-scaled index","trial-7","Trial 7"
1974,"index","F18_R1_G18","Index 18  / Region 1  / Group 18","1974",0.580301639759145,0.753326084897434,"geometric-mean-scaled index","trial-7","Trial 7"
1975,"index","F18_R1_G18","Index 18  / Region 1  / Group 18","1975",0.58813811691667,0.726389878546523,"geometric-mean-scaled index","trial-7","Trial 7"
1976,"index","F18_R1_G18","Index 18  / Region 1  / Group 18","1976",0.851064006357214,0.73577621464152,"geometric-mean-scaled index","trial-7","Trial 7"
1977,"index","F18_R1_G18","Index 18  / Region 1  / Group 18","1977",0.863018267252948,0.691983995457658,"geometric-mean-scaled index","trial-7","Trial 7"
1978,"index","F18_R1_G18","Index 18  / Region 1  / Group 18","1978",0.935245185300877,0.729496104346307,"geometric-mean-scaled index","trial-7","Trial 7"
1979,"index","F18_R1_G18","Index 18  / Region 1  / Group 18","1979",0.811891863308134,0.855832138508722,"geometric-mean-scaled index","trial-7","Trial 7"
1980,"index","F18_R1_G18","Index 18  / Region 1  / Group 18","1980",0.857986996795637,0.941191027811252,"geometric-mean-scaled index","trial-7","Trial 7"
1981,"index","F18_R1_G18","Index 18  / Region 1  / Group 18","1981",0.969775742290399,0.880227859951556,"geometric-mean-scaled index","trial-7","Trial 7"
1982,"index","F18_R1_G18","Index 18  / Region 1  / Group 18","1982",0.754187984251701,0.765636963628408,"geometric-mean-scaled index","trial-7","Trial 7"
1983,"index","F18_R1_G18","Index 18  / Region 1  / Group 18","1983",0.847323525052082,0.694764881537303,"geometric-mean-scaled index","trial-7","Trial 7"
1984,"index","F18_R1_G18","Index 18  / Region 1  / Group 18","1984",0.697012441179108,0.676160194657297,"geometric-mean-scaled index","trial-7","Trial 7"
1985,"index","F18_R1_G18","Index 18  / Region 1  / Group 18","1985",0.700113985527936,0.726418446229627,"geometric-mean-scaled index","trial-7","Trial 7"
1986,"index","F18_R1_G18","Index 18  / Region 1  / Group 18","1986",0.916792661518106,0.771870705383957,"geometric-mean-scaled index","trial-7","Trial 7"
1987,"index","F18_R1_G18","Index 18  / Region 1  / Group 18","1987",0.932698710694853,0.823535451495665,"geometric-mean-scaled index","trial-7","Trial 7"
1988,"index","F18_R1_G18","Index 18  / Region 1  / Group 18","1988",0.933673375591985,0.780905470775367,"geometric-mean-scaled index","trial-7","Trial 7"
1989,"index","F18_R1_G18","Index 18  / Region 1  / Group 18","1989",0.68771709247243,0.768872301029196,"geometric-mean-scaled index","trial-7","Trial 7"
1990,"index","F18_R1_G18","Index 18  / Region 1  / Group 18","1990",0.776975789161292,0.7748472674909,"geometric-mean-scaled index","trial-7","Trial 7"
1991,"index","F18_R1_G18","Index 18  / Region 1  / Group 18","1991",0.655727821196814,0.738662083869244,"geometric-mean-scaled index","trial-7","Trial 7"
1992,"index","F18_R1_G18","Index 18  / Region 1  / Group 18","1992",0.872502177541898,0.72231488428525,"geometric-mean-scaled index","trial-7","Trial 7"
1993,"index","F18_R1_G18","Index 18  / Region 1  / Group 18","1993",0.879147658089477,0.761076430490673,"geometric-mean-scaled index","trial-7","Trial 7"
1994,"index","F18_R1_G18","Index 18  / Region 1  / Group 18","1994",0.948738796667378,0.80491862013347,"geometric-mean-scaled index","trial-7","Trial 7"
1995,"index","F18_R1_G18","Index 18  / Region 1  / Group 18","1995",0.883131727989847,0.849950216658649,"geometric-mean-scaled index","trial-7","Trial 7"
1996,"index","F18_R1_G18","Index 18  / Region 1  / Group 18","1996",0.837306959406211,0.854467030626776,"geometric-mean-scaled index","trial-7","Trial 7"
1997,"index","F18_R1_G18","Index 18  / Region 1  / Group 18","1997",0.95208949005856,0.883677256686663,"geometric-mean-scaled index","trial-7","Trial 7"
1998,"index","F18_R1_G18","Index 18  / Region 1  / Group 18","1998",0.856547687420413,0.842080352253534,"geometric-mean-scaled index","trial-7","Trial 7"
1999,"index","F18_R1_G18","Index 18  / Region 1  / Group 18","1999",0.61266101448799,0.877268160510017,"geometric-mean-scaled index","trial-7","Trial 7"
2000,"index","F18_R1_G18","Index 18  / Region 1  / Group 18","2000",0.679263091965619,0.913788440949052,"geometric-mean-scaled index","trial-7","Trial 7"
2001,"index","F18_R1_G18","Index 18  / Region 1  / Group 18","2001",0.663388123597169,0.854615717493541,"geometric-mean-scaled index","trial-7","Trial 7"
2002,"index","F18_R1_G18","Index 18  / Region 1  / Group 18","2002",0.695863453728742,0.671847582377899,"geometric-mean-scaled index","trial-7","Trial 7"
2003,"index","F18_R1_G18","Index 18  / Region 1  / Group 18","2003",0.520428254256146,0.568128948186684,"geometric-mean-scaled index","trial-7","Trial 7"
2004,"index","F18_R1_G18","Index 18  / Region 1  / Group 18","2004",0.457969008695485,0.572871172167989,"geometric-mean-scaled index","trial-7","Trial 7"
2005,"index","F18_R1_G18","Index 18  / Region 1  / Group 18","2005",0.57000982730679,0.537360806210709,"geometric-mean-scaled index","trial-7","Trial 7"
2006,"index","F18_R1_G18","Index 18  / Region 1  / Group 18","2006",0.692547701969523,0.547990647522384,"geometric-mean-scaled index","trial-7","Trial 7"
2007,"index","F18_R1_G18","Index 18  / Region 1  / Group 18","2007",0.763296075617131,0.60889291517344,"geometric-mean-scaled index","trial-7","Trial 7"
2008,"index","F18_R1_G18","Index 18  / Region 1  / Group 18","2008",0.557991706511396,0.679090455448702,"geometric-mean-scaled index","trial-7","Trial 7"
2009,"index","F18_R1_G18","Index 18  / Region 1  / Group 18","2009",0.644374806432787,0.659082095397632,"geometric-mean-scaled index","trial-7","Trial 7"
2010,"index","F18_R1_G18","Index 18  / Region 1  / Group 18","2010",0.629833334064991,0.498209090778512,"geometric-mean-scaled index","trial-7","Trial 7"
2011,"index","F18_R1_G18","Index 18  / Region 1  / Group 18","2011",0.472776191924379,0.516489689860222,"geometric-mean-scaled index","trial-7","Trial 7"
2012,"index","F18_R1_G18","Index 18  / Region 1  / Group 18","2012",0.561037772817115,0.568535061508217,"geometric-mean-scaled index","trial-7","Trial 7"
2013,"index","F18_R1_G18","Index 18  / Region 1  / Group 18","2013",0.518607359493591,0.564376211649527,"geometric-mean-scaled index","trial-7","Trial 7"
2014,"index","F18_R1_G18","Index 18  / Region 1  / Group 18","2014",0.534249440170542,0.574560308933672,"geometric-mean-scaled index","trial-7","Trial 7"
2015,"index","F18_R1_G18","Index 18  / Region 1  / Group 18","2015",0.610459945494768,0.608192342262355,"geometric-mean-scaled index","trial-7","Trial 7"
2016,"index","F18_R1_G18","Index 18  / Region 1  / Group 18","2016",0.483833914957584,0.640329587145302,"geometric-mean-scaled index","trial-7","Trial 7"
2017,"index","F18_R1_G18","Index 18  / Region 1  / Group 18","2017",0.503585067785675,0.640264921936512,"geometric-mean-scaled index","trial-7","Trial 7"
2018,"index","F18_R1_G18","Index 18  / Region 1  / Group 18","2018",0.44199217333407,0.568267745691265,"geometric-mean-scaled index","trial-7","Trial 7"
2019,"index","F18_R1_G18","Index 18  / Region 1  / Group 18","2019",0.466975339471439,0.516777912274038,"geometric-mean-scaled index","trial-7","Trial 7"
2020,"index","F18_R1_G18","Index 18  / Region 1  / Group 18","2020",0.377731205082218,0.493760303021067,"geometric-mean-scaled index","trial-7","Trial 7"
2021,"index","F18_R1_G18","Index 18  / Region 1  / Group 18","2021",0.384903092509445,0.490094557093224,"geometric-mean-scaled index","trial-7","Trial 7"
2022,"index","F18_R1_G18","Index 18  / Region 1  / Group 18","2022",0.533173522636986,0.449511001755896,"geometric-mean-scaled index","trial-7","Trial 7"
1992,"index","F19_R1_G19","Index 19  / Region 1  / Group 19","1992",1.85927115000846,0.904083427516057,"geometric-mean-scaled index","trial-7","Trial 7"
1993,"index","F19_R1_G19","Index 19  / Region 1  / Group 19","1993",0.849266654622091,0.876346780333629,"geometric-mean-scaled index","trial-7","Trial 7"
1994,"index","F19_R1_G19","Index 19  / Region 1  / Group 19","1994",1.00123553533734,0.866982166160899,"geometric-mean-scaled index","trial-7","Trial 7"
1995,"index","F19_R1_G19","Index 19  / Region 1  / Group 19","1995",1.31046507492219,1.02235575023327,"geometric-mean-scaled index","trial-7","Trial 7"
1996,"index","F19_R1_G19","Index 19  / Region 1  / Group 19","1996",1.21306505673522,1.06193028831879,"geometric-mean-scaled index","trial-7","Trial 7"
1997,"index","F19_R1_G19","Index 19  / Region 1  / Group 19","1997",0.799390157141791,0.805959206243491,"geometric-mean-scaled index","trial-7","Trial 7"
1998,"index","F19_R1_G19","Index 19  / Region 1  / Group 19","1998",1.99291282185133,0.665199021554334,"geometric-mean-scaled index","trial-7","Trial 7"
1999,"index","F19_R1_G19","Index 19  / Region 1  / Group 19","1999",1.3696369541503,0.637020142539049,"geometric-mean-scaled index","trial-7","Trial 7"
2000,"index","F19_R1_G19","Index 19  / Region 1  / Group 19","2000",0.965612099781253,1.06614133130606,"geometric-mean-scaled index","trial-7","Trial 7"
2001,"index","F19_R1_G19","Index 19  / Region 1  / Group 19","2001",0.810369966030035,0.827525208225513,"geometric-mean-scaled index","trial-7","Trial 7"
2002,"index","F19_R1_G19","Index 19  / Region 1  / Group 19","2002",0.74171237247259,0.990661877048384,"geometric-mean-scaled index","trial-7","Trial 7"
2003,"index","F19_R1_G19","Index 19  / Region 1  / Group 19","2003",1.03600097632011,1.37117024164837,"geometric-mean-scaled index","trial-7","Trial 7"
2004,"index","F19_R1_G19","Index 19  / Region 1  / Group 19","2004",1.05045112419079,1.25509991800897,"geometric-mean-scaled index","trial-7","Trial 7"
2005,"index","F19_R1_G19","Index 19  / Region 1  / Group 19","2005",0.734713898314047,0.882379510250857,"geometric-mean-scaled index","trial-7","Trial 7"
2006,"index","F19_R1_G19","Index 19  / Region 1  / Group 19","2006",0.882670668461906,0.811465961975084,"geometric-mean-scaled index","trial-7","Trial 7"
2007,"index","F19_R1_G19","Index 19  / Region 1  / Group 19","2007",1.03363575876466,1.08547744924438,"geometric-mean-scaled index","trial-7","Trial 7"
2008,"index","F19_R1_G19","Index 19  / Region 1  / Group 19","2008",1.33647576097039,1.33655648047872,"geometric-mean-scaled index","trial-7","Trial 7"
2009,"index","F19_R1_G19","Index 19  / Region 1  / Group 19","2009",0.832547956398684,1.13723867793055,"geometric-mean-scaled index","trial-7","Trial 7"
2010,"index","F19_R1_G19","Index 19  / Region 1  / Group 19","2010",1.1710748925389,1.1044511214917,"geometric-mean-scaled index","trial-7","Trial 7"
2011,"index","F19_R1_G19","Index 19  / Region 1  / Group 19","2011",1.14908021933067,1.32002373796998,"geometric-mean-scaled index","trial-7","Trial 7"
2012,"index","F19_R1_G19","Index 19  / Region 1  / Group 19","2012",0.992144371207608,1.35940278337265,"geometric-mean-scaled index","trial-7","Trial 7"
2013,"index","F19_R1_G19","Index 19  / Region 1  / Group 19","2013",0.812541615693899,1.11611199421139,"geometric-mean-scaled index","trial-7","Trial 7"
2014,"index","F19_R1_G19","Index 19  / Region 1  / Group 19","2014",0.869128916645273,0.97402396601146,"geometric-mean-scaled index","trial-7","Trial 7"
2015,"index","F19_R1_G19","Index 19  / Region 1  / Group 19","2015",0.923487470227196,1.10284094514765,"geometric-mean-scaled index","trial-7","Trial 7"
2016,"index","F19_R1_G19","Index 19  / Region 1  / Group 19","2016",0.994049496935054,1.13426883028591,"geometric-mean-scaled index","trial-7","Trial 7"
2017,"index","F19_R1_G19","Index 19  / Region 1  / Group 19","2017",0.679637993540111,0.842656714984127,"geometric-mean-scaled index","trial-7","Trial 7"
2018,"index","F19_R1_G19","Index 19  / Region 1  / Group 19","2018",1.1614387047662,0.727398359518783,"geometric-mean-scaled index","trial-7","Trial 7"
2019,"index","F19_R1_G19","Index 19  / Region 1  / Group 19","2019",0.909406517143503,1.27007820532849,"geometric-mean-scaled index","trial-7","Trial 7"
2020,"index","F19_R1_G19","Index 19  / Region 1  / Group 19","2020",0.960523282163485,1.35571862274469,"geometric-mean-scaled index","trial-7","Trial 7"
2021,"index","F19_R1_G19","Index 19  / Region 1  / Group 19","2021",0.974737478989675,1.23240513064457,"geometric-mean-scaled index","trial-7","Trial 7"
2022,"index","F19_R1_G19","Index 19  / Region 1  / Group 19","2022",0.665420460916155,1.0444428401075,"geometric-mean-scaled index","trial-7","Trial 7"
1954,"index","F20_R2_G20","Index 20  / Region 2  / Group 20","1954",4.21096154805618,3.31231155693167,"geometric-mean-scaled index","trial-7","Trial 7"
1955,"index","F20_R2_G20","Index 20  / Region 2  / Group 20","1955",3.11733650195403,3.23827901475354,"geometric-mean-scaled index","trial-7","Trial 7"
1956,"index","F20_R2_G20","Index 20  / Region 2  / Group 20","1956",3.11471220345346,3.21122043042665,"geometric-mean-scaled index","trial-7","Trial 7"
1957,"index","F20_R2_G20","Index 20  / Region 2  / Group 20","1957",2.49122048423764,3.18352794496305,"geometric-mean-scaled index","trial-7","Trial 7"
1958,"index","F20_R2_G20","Index 20  / Region 2  / Group 20","1958",3.38277838084962,3.15673404385112,"geometric-mean-scaled index","trial-7","Trial 7"
1959,"index","F20_R2_G20","Index 20  / Region 2  / Group 20","1959",3.53910335426992,3.12666097762675,"geometric-mean-scaled index","trial-7","Trial 7"
1960,"index","F20_R2_G20","Index 20  / Region 2  / Group 20","1960",2.88806453309758,3.07398960826796,"geometric-mean-scaled index","trial-7","Trial 7"
1961,"index","F20_R2_G20","Index 20  / Region 2  / Group 20","1961",2.77519235560544,2.75184778054996,"geometric-mean-scaled index","trial-7","Trial 7"
1962,"index","F20_R2_G20","Index 20  / Region 2  / Group 20","1962",2.84542670742501,2.59643059090312,"geometric-mean-scaled index","trial-7","Trial 7"
1963,"index","F20_R2_G20","Index 20  / Region 2  / Group 20","1963",2.15624779216803,2.10800067095523,"geometric-mean-scaled index","trial-7","Trial 7"
1964,"index","F20_R2_G20","Index 20  / Region 2  / Group 20","1964",1.77294323917794,1.65168604873362,"geometric-mean-scaled index","trial-7","Trial 7"
1965,"index","F20_R2_G20","Index 20  / Region 2  / Group 20","1965",1.39305357413891,1.56430014016532,"geometric-mean-scaled index","trial-7","Trial 7"
1966,"index","F20_R2_G20","Index 20  / Region 2  / Group 20","1966",2.15604911541288,1.6340249862776,"geometric-mean-scaled index","trial-7","Trial 7"
1967,"index","F20_R2_G20","Index 20  / Region 2  / Group 20","1967",1.83466830687541,1.79133068405853,"geometric-mean-scaled index","trial-7","Trial 7"
1968,"index","F20_R2_G20","Index 20  / Region 2  / Group 20","1968",1.49027459282616,1.51375440801594,"geometric-mean-scaled index","trial-7","Trial 7"
1969,"index","F20_R2_G20","Index 20  / Region 2  / Group 20","1969",0.90397341842816,1.15614023964082,"geometric-mean-scaled index","trial-7","Trial 7"
1970,"index","F20_R2_G20","Index 20  / Region 2  / Group 20","1970",1.74296686069583,1.11173359472004,"geometric-mean-scaled index","trial-7","Trial 7"
1971,"index","F20_R2_G20","Index 20  / Region 2  / Group 20","1971",1.05128168838887,0.985891396626444,"geometric-mean-scaled index","trial-7","Trial 7"
1972,"index","F20_R2_G20","Index 20  / Region 2  / Group 20","1972",1.03629787461149,0.885402511576235,"geometric-mean-scaled index","trial-7","Trial 7"
1973,"index","F20_R2_G20","Index 20  / Region 2  / Group 20","1973",1.14631510743072,0.798099972250482,"geometric-mean-scaled index","trial-7","Trial 7"
1974,"index","F20_R2_G20","Index 20  / Region 2  / Group 20","1974",0.503606327140092,0.697541709296827,"geometric-mean-scaled index","trial-7","Trial 7"
1975,"index","F20_R2_G20","Index 20  / Region 2  / Group 20","1975",0.345168043176568,0.63871371440292,"geometric-mean-scaled index","trial-7","Trial 7"
1976,"index","F20_R2_G20","Index 20  / Region 2  / Group 20","1976",0.392881567888747,0.624685217028551,"geometric-mean-scaled index","trial-7","Trial 7"
1977,"index","F20_R2_G20","Index 20  / Region 2  / Group 20","1977",0.722292569399697,0.749244060170575,"geometric-mean-scaled index","trial-7","Trial 7"
1978,"index","F20_R2_G20","Index 20  / Region 2  / Group 20","1978",1.34450541165844,1.01326775395846,"geometric-mean-scaled index","trial-7","Trial 7"
1979,"index","F20_R2_G20","Index 20  / Region 2  / Group 20","1979",0.925834385511787,0.970756181256383,"geometric-mean-scaled index","trial-7","Trial 7"
1980,"index","F20_R2_G20","Index 20  / Region 2  / Group 20","1980",0.665679781043966,0.825127839476669,"geometric-mean-scaled index","trial-7","Trial 7"
1981,"index","F20_R2_G20","Index 20  / Region 2  / Group 20","1981",0.591226781169868,0.697505651655572,"geometric-mean-scaled index","trial-7","Trial 7"
1982,"index","F20_R2_G20","Index 20  / Region 2  / Group 20","1982",0.474104859767232,0.618685928563403,"geometric-mean-scaled index","trial-7","Trial 7"
1983,"index","F20_R2_G20","Index 20  / Region 2  / Group 20","1983",0.516419783951321,0.631664152381485,"geometric-mean-scaled index","trial-7","Trial 7"
1984,"index","F20_R2_G20","Index 20  / Region 2  / Group 20","1984",0.705603550009173,0.741572888434958,"geometric-mean-scaled index","trial-7","Trial 7"
1985,"index","F20_R2_G20","Index 20  / Region 2  / Group 20","1985",0.596630644214555,0.774571595831019,"geometric-mean-scaled index","trial-7","Trial 7"
1986,"index","F20_R2_G20","Index 20  / Region 2  / Group 20","1986",0.576521368772823,0.738106091492969,"geometric-mean-scaled index","trial-7","Trial 7"
1987,"index","F20_R2_G20","Index 20  / Region 2  / Group 20","1987",0.738069475063823,0.724798103574534,"geometric-mean-scaled index","trial-7","Trial 7"
1988,"index","F20_R2_G20","Index 20  / Region 2  / Group 20","1988",0.631881286279668,0.759774665469219,"geometric-mean-scaled index","trial-7","Trial 7"
1989,"index","F20_R2_G20","Index 20  / Region 2  / Group 20","1989",0.538572813890766,0.646496405817087,"geometric-mean-scaled index","trial-7","Trial 7"
1990,"index","F20_R2_G20","Index 20  / Region 2  / Group 20","1990",0.558798697122352,0.659595161029464,"geometric-mean-scaled index","trial-7","Trial 7"
1991,"index","F20_R2_G20","Index 20  / Region 2  / Group 20","1991",0.596239520556125,0.676781986424717,"geometric-mean-scaled index","trial-7","Trial 7"
1992,"index","F20_R2_G20","Index 20  / Region 2  / Group 20","1992",0.949703632796349,0.732168422284644,"geometric-mean-scaled index","trial-7","Trial 7"
1993,"index","F20_R2_G20","Index 20  / Region 2  / Group 20","1993",0.773853468646436,0.851681068335975,"geometric-mean-scaled index","trial-7","Trial 7"
1994,"index","F20_R2_G20","Index 20  / Region 2  / Group 20","1994",0.810781379423954,0.757190090448419,"geometric-mean-scaled index","trial-7","Trial 7"
1995,"index","F20_R2_G20","Index 20  / Region 2  / Group 20","1995",1.07726297359609,0.875288535239071,"geometric-mean-scaled index","trial-7","Trial 7"
1996,"index","F20_R2_G20","Index 20  / Region 2  / Group 20","1996",0.935003854840217,0.854887104110968,"geometric-mean-scaled index","trial-7","Trial 7"
1997,"index","F20_R2_G20","Index 20  / Region 2  / Group 20","1997",0.800397864000986,0.859877013700425,"geometric-mean-scaled index","trial-7","Trial 7"
1998,"index","F20_R2_G20","Index 20  / Region 2  / Group 20","1998",1.04349083940237,0.907715976387394,"geometric-mean-scaled index","trial-7","Trial 7"
1999,"index","F20_R2_G20","Index 20  / Region 2  / Group 20","1999",0.765213765192612,0.997743661068663,"geometric-mean-scaled index","trial-7","Trial 7"
2000,"index","F20_R2_G20","Index 20  / Region 2  / Group 20","2000",0.767097814359868,0.900309401876844,"geometric-mean-scaled index","trial-7","Trial 7"
2001,"index","F20_R2_G20","Index 20  / Region 2  / Group 20","2001",0.841773334723493,0.837236814036276,"geometric-mean-scaled index","trial-7","Trial 7"
2002,"index","F20_R2_G20","Index 20  / Region 2  / Group 20","2002",0.547333871289332,0.655807107024826,"geometric-mean-scaled index","trial-7","Trial 7"
2003,"index","F20_R2_G20","Index 20  / Region 2  / Group 20","2003",0.588325890023659,0.836929070794286,"geometric-mean-scaled index","trial-7","Trial 7"
2004,"index","F20_R2_G20","Index 20  / Region 2  / Group 20","2004",0.635814586790303,0.669448750046213,"geometric-mean-scaled index","trial-7","Trial 7"
2005,"index","F20_R2_G20","Index 20  / Region 2  / Group 20","2005",0.834789610625378,0.768863815459388,"geometric-mean-scaled index","trial-7","Trial 7"
2006,"index","F20_R2_G20","Index 20  / Region 2  / Group 20","2006",0.92372528101704,0.907314494161989,"geometric-mean-scaled index","trial-7","Trial 7"
2007,"index","F20_R2_G20","Index 20  / Region 2  / Group 20","2007",0.84623569961814,0.999995901523076,"geometric-mean-scaled index","trial-7","Trial 7"
2008,"index","F20_R2_G20","Index 20  / Region 2  / Group 20","2008",0.610796174186906,0.867003831716183,"geometric-mean-scaled index","trial-7","Trial 7"
2009,"index","F20_R2_G20","Index 20  / Region 2  / Group 20","2009",1.05927374250753,0.810611916896247,"geometric-mean-scaled index","trial-7","Trial 7"
2010,"index","F20_R2_G20","Index 20  / Region 2  / Group 20","2010",0.847323881897912,0.827927983136711,"geometric-mean-scaled index","trial-7","Trial 7"
2011,"index","F20_R2_G20","Index 20  / Region 2  / Group 20","2011",1.12583979197944,0.961663606969713,"geometric-mean-scaled index","trial-7","Trial 7"
2012,"index","F20_R2_G20","Index 20  / Region 2  / Group 20","2012",0.945525297290097,0.860412041888237,"geometric-mean-scaled index","trial-7","Trial 7"
2013,"index","F20_R2_G20","Index 20  / Region 2  / Group 20","2013",0.87877457395759,0.852705890344717,"geometric-mean-scaled index","trial-7","Trial 7"
2014,"index","F20_R2_G20","Index 20  / Region 2  / Group 20","2014",1.04373534993691,0.919697243969122,"geometric-mean-scaled index","trial-7","Trial 7"
2015,"index","F20_R2_G20","Index 20  / Region 2  / Group 20","2015",1.22377077691567,0.936016406260616,"geometric-mean-scaled index","trial-7","Trial 7"
2016,"index","F20_R2_G20","Index 20  / Region 2  / Group 20","2016",1.13572929605611,0.843602972662051,"geometric-mean-scaled index","trial-7","Trial 7"
2017,"index","F20_R2_G20","Index 20  / Region 2  / Group 20","2017",0.734357067400453,0.767200420578545,"geometric-mean-scaled index","trial-7","Trial 7"
2018,"index","F20_R2_G20","Index 20  / Region 2  / Group 20","2018",0.64550184014846,0.761551928012175,"geometric-mean-scaled index","trial-7","Trial 7"
2019,"index","F20_R2_G20","Index 20  / Region 2  / Group 20","2019",0.713722524698996,0.799548727847512,"geometric-mean-scaled index","trial-7","Trial 7"
2020,"index","F20_R2_G20","Index 20  / Region 2  / Group 20","2020",0.772716002092201,0.686088287526597,"geometric-mean-scaled index","trial-7","Trial 7"
2021,"index","F20_R2_G20","Index 20  / Region 2  / Group 20","2021",0.751048561936257,0.507268149536898,"geometric-mean-scaled index","trial-7","Trial 7"
2022,"index","F20_R2_G20","Index 20  / Region 2  / Group 20","2022",1.00202993070836,0.747941124595931,"geometric-mean-scaled index","trial-7","Trial 7"
1954,"index","F18_R1_G18","Index 18  / Region 1  / Group 18","1954",4.40903714715002,5.17820720136162,"geometric-mean-scaled index","trial-8","Trial 8"
1955,"index","F18_R1_G18","Index 18  / Region 1  / Group 18","1955",3.14529508758885,4.88382234150755,"geometric-mean-scaled index","trial-8","Trial 8"
1956,"index","F18_R1_G18","Index 18  / Region 1  / Group 18","1956",3.55845376339654,4.74553344307696,"geometric-mean-scaled index","trial-8","Trial 8"
1957,"index","F18_R1_G18","Index 18  / Region 1  / Group 18","1957",3.81367935187817,4.62159878232424,"geometric-mean-scaled index","trial-8","Trial 8"
1958,"index","F18_R1_G18","Index 18  / Region 1  / Group 18","1958",4.19937988018333,4.50054886226139,"geometric-mean-scaled index","trial-8","Trial 8"
1959,"index","F18_R1_G18","Index 18  / Region 1  / Group 18","1959",5.02003875847804,4.34685399427013,"geometric-mean-scaled index","trial-8","Trial 8"
1960,"index","F18_R1_G18","Index 18  / Region 1  / Group 18","1960",6.09415385779237,4.21629584182266,"geometric-mean-scaled index","trial-8","Trial 8"
1961,"index","F18_R1_G18","Index 18  / Region 1  / Group 18","1961",5.9871599837675,4.04272530907721,"geometric-mean-scaled index","trial-8","Trial 8"
1962,"index","F18_R1_G18","Index 18  / Region 1  / Group 18","1962",4.31836862588877,3.76732287008165,"geometric-mean-scaled index","trial-8","Trial 8"
1963,"index","F18_R1_G18","Index 18  / Region 1  / Group 18","1963",2.6756633141332,3.41106214151681,"geometric-mean-scaled index","trial-8","Trial 8"
1964,"index","F18_R1_G18","Index 18  / Region 1  / Group 18","1964",2.42251196662564,3.01118996882919,"geometric-mean-scaled index","trial-8","Trial 8"
1965,"index","F18_R1_G18","Index 18  / Region 1  / Group 18","1965",2.71599052736943,2.55388422799596,"geometric-mean-scaled index","trial-8","Trial 8"
1966,"index","F18_R1_G18","Index 18  / Region 1  / Group 18","1966",2.44814503331434,2.10300441445411,"geometric-mean-scaled index","trial-8","Trial 8"
1967,"index","F18_R1_G18","Index 18  / Region 1  / Group 18","1967",1.94746079529619,1.85881530801451,"geometric-mean-scaled index","trial-8","Trial 8"
1968,"index","F18_R1_G18","Index 18  / Region 1  / Group 18","1968",1.71471945569896,1.795222313641,"geometric-mean-scaled index","trial-8","Trial 8"
1969,"index","F18_R1_G18","Index 18  / Region 1  / Group 18","1969",1.65433171113289,1.7304055064955,"geometric-mean-scaled index","trial-8","Trial 8"
1970,"index","F18_R1_G18","Index 18  / Region 1  / Group 18","1970",1.54780579698768,1.52585527804623,"geometric-mean-scaled index","trial-8","Trial 8"
1971,"index","F18_R1_G18","Index 18  / Region 1  / Group 18","1971",1.23412080025738,1.26309099917893,"geometric-mean-scaled index","trial-8","Trial 8"
1972,"index","F18_R1_G18","Index 18  / Region 1  / Group 18","1972",1.07338614840291,1.06812092732075,"geometric-mean-scaled index","trial-8","Trial 8"
1973,"index","F18_R1_G18","Index 18  / Region 1  / Group 18","1973",0.989103263951998,0.887172798386833,"geometric-mean-scaled index","trial-8","Trial 8"
1974,"index","F18_R1_G18","Index 18  / Region 1  / Group 18","1974",0.580301639759145,0.759484540139534,"geometric-mean-scaled index","trial-8","Trial 8"
1975,"index","F18_R1_G18","Index 18  / Region 1  / Group 18","1975",0.58813811691667,0.732328129783306,"geometric-mean-scaled index","trial-8","Trial 8"
1976,"index","F18_R1_G18","Index 18  / Region 1  / Group 18","1976",0.851064006357214,0.741791199356524,"geometric-mean-scaled index","trial-8","Trial 8"
1977,"index","F18_R1_G18","Index 18  / Region 1  / Group 18","1977",0.863018267252948,0.697640977938034,"geometric-mean-scaled index","trial-8","Trial 8"
1978,"index","F18_R1_G18","Index 18  / Region 1  / Group 18","1978",0.935245185300877,0.735459749038784,"geometric-mean-scaled index","trial-8","Trial 8"
1979,"index","F18_R1_G18","Index 18  / Region 1  / Group 18","1979",0.811891863308134,0.862828582711865,"geometric-mean-scaled index","trial-8","Trial 8"
1980,"index","F18_R1_G18","Index 18  / Region 1  / Group 18","1980",0.857986996795637,0.948885282577209,"geometric-mean-scaled index","trial-8","Trial 8"
1981,"index","F18_R1_G18","Index 18  / Region 1  / Group 18","1981",0.969775742290399,0.887423739646999,"geometric-mean-scaled index","trial-8","Trial 8"
1982,"index","F18_R1_G18","Index 18  / Region 1  / Group 18","1982",0.754187984251701,0.771896060541062,"geometric-mean-scaled index","trial-8","Trial 8"
1983,"index","F18_R1_G18","Index 18  / Region 1  / Group 18","1983",0.847323525052082,0.7004445978149,"geometric-mean-scaled index","trial-8","Trial 8"
1984,"index","F18_R1_G18","Index 18  / Region 1  / Group 18","1984",0.697012441179108,0.681687817261595,"geometric-mean-scaled index","trial-8","Trial 8"
1985,"index","F18_R1_G18","Index 18  / Region 1  / Group 18","1985",0.700113985527936,0.73235693100777,"geometric-mean-scaled index","trial-8","Trial 8"
1986,"index","F18_R1_G18","Index 18  / Region 1  / Group 18","1986",0.916792661518106,0.778180763255433,"geometric-mean-scaled index","trial-8","Trial 8"
1987,"index","F18_R1_G18","Index 18  / Region 1  / Group 18","1987",0.932698710694853,0.830267869660913,"geometric-mean-scaled index","trial-8","Trial 8"
1988,"index","F18_R1_G18","Index 18  / Region 1  / Group 18","1988",0.933673375591985,0.787289388027795,"geometric-mean-scaled index","trial-8","Trial 8"
1989,"index","F18_R1_G18","Index 18  / Region 1  / Group 18","1989",0.68771709247243,0.775157846887366,"geometric-mean-scaled index","trial-8","Trial 8"
1990,"index","F18_R1_G18","Index 18  / Region 1  / Group 18","1990",0.776975789161292,0.781181658814885,"geometric-mean-scaled index","trial-8","Trial 8"
1991,"index","F18_R1_G18","Index 18  / Region 1  / Group 18","1991",0.655727821196814,0.744700660620724,"geometric-mean-scaled index","trial-8","Trial 8"
1992,"index","F18_R1_G18","Index 18  / Region 1  / Group 18","1992",0.872502177541898,0.728219822365522,"geometric-mean-scaled index","trial-8","Trial 8"
1993,"index","F18_R1_G18","Index 18  / Region 1  / Group 18","1993",0.879147658089477,0.767298244957156,"geometric-mean-scaled index","trial-8","Trial 8"
1994,"index","F18_R1_G18","Index 18  / Region 1  / Group 18","1994",0.948738796667378,0.811498845344044,"geometric-mean-scaled index","trial-8","Trial 8"
1995,"index","F18_R1_G18","Index 18  / Region 1  / Group 18","1995",0.883131727989847,0.856898576037467,"geometric-mean-scaled index","trial-8","Trial 8"
1996,"index","F18_R1_G18","Index 18  / Region 1  / Group 18","1996",0.837306959406211,0.861452315046712,"geometric-mean-scaled index","trial-8","Trial 8"
1997,"index","F18_R1_G18","Index 18  / Region 1  / Group 18","1997",0.95208949005856,0.890901335266801,"geometric-mean-scaled index","trial-8","Trial 8"
1998,"index","F18_R1_G18","Index 18  / Region 1  / Group 18","1998",0.856547687420413,0.848964375339381,"geometric-mean-scaled index","trial-8","Trial 8"
1999,"index","F18_R1_G18","Index 18  / Region 1  / Group 18","1999",0.61266101448799,0.884439844605565,"geometric-mean-scaled index","trial-8","Trial 8"
2000,"index","F18_R1_G18","Index 18  / Region 1  / Group 18","2000",0.679263091965619,0.921258679040036,"geometric-mean-scaled index","trial-8","Trial 8"
2001,"index","F18_R1_G18","Index 18  / Region 1  / Group 18","2001",0.663388123597169,0.861602217431474,"geometric-mean-scaled index","trial-8","Trial 8"
2002,"index","F18_R1_G18","Index 18  / Region 1  / Group 18","2002",0.695863453728742,0.677339949293815,"geometric-mean-scaled index","trial-8","Trial 8"
2003,"index","F18_R1_G18","Index 18  / Region 1  / Group 18","2003",0.520428254256146,0.572773413271981,"geometric-mean-scaled index","trial-8","Trial 8"
2004,"index","F18_R1_G18","Index 18  / Region 1  / Group 18","2004",0.457969008695485,0.577554405025598,"geometric-mean-scaled index","trial-8","Trial 8"
2005,"index","F18_R1_G18","Index 18  / Region 1  / Group 18","2005",0.57000982730679,0.541753741143207,"geometric-mean-scaled index","trial-8","Trial 8"
2006,"index","F18_R1_G18","Index 18  / Region 1  / Group 18","2006",0.692547701969523,0.55247048161218,"geometric-mean-scaled index","trial-8","Trial 8"
2007,"index","F18_R1_G18","Index 18  / Region 1  / Group 18","2007",0.763296075617131,0.613870626473372,"geometric-mean-scaled index","trial-8","Trial 8"
2008,"index","F18_R1_G18","Index 18  / Region 1  / Group 18","2008",0.557991706511396,0.684642032991364,"geometric-mean-scaled index","trial-8","Trial 8"
2009,"index","F18_R1_G18","Index 18  / Region 1  / Group 18","2009",0.644374806432787,0.664470104211808,"geometric-mean-scaled index","trial-8","Trial 8"
2010,"index","F18_R1_G18","Index 18  / Region 1  / Group 18","2010",0.629833334064991,0.502281959683861,"geometric-mean-scaled index","trial-8","Trial 8"
2011,"index","F18_R1_G18","Index 18  / Region 1  / Group 18","2011",0.472776191924379,0.520712003014881,"geometric-mean-scaled index","trial-8","Trial 8"
2012,"index","F18_R1_G18","Index 18  / Region 1  / Group 18","2012",0.561037772817115,0.573182846577733,"geometric-mean-scaled index","trial-8","Trial 8"
2013,"index","F18_R1_G18","Index 18  / Region 1  / Group 18","2013",0.518607359493591,0.568989998041409,"geometric-mean-scaled index","trial-8","Trial 8"
2014,"index","F18_R1_G18","Index 18  / Region 1  / Group 18","2014",0.534249440170542,0.579257350516849,"geometric-mean-scaled index","trial-8","Trial 8"
2015,"index","F18_R1_G18","Index 18  / Region 1  / Group 18","2015",0.610459945494768,0.613164326365256,"geometric-mean-scaled index","trial-8","Trial 8"
2016,"index","F18_R1_G18","Index 18  / Region 1  / Group 18","2016",0.483833914957584,0.645564293843615,"geometric-mean-scaled index","trial-8","Trial 8"
2017,"index","F18_R1_G18","Index 18  / Region 1  / Group 18","2017",0.503585067785675,0.645499099995499,"geometric-mean-scaled index","trial-8","Trial 8"
2018,"index","F18_R1_G18","Index 18  / Region 1  / Group 18","2018",0.44199217333407,0.572913345448832,"geometric-mean-scaled index","trial-8","Trial 8"
2019,"index","F18_R1_G18","Index 18  / Region 1  / Group 18","2019",0.466975339471439,0.521002581652477,"geometric-mean-scaled index","trial-8","Trial 8"
2020,"index","F18_R1_G18","Index 18  / Region 1  / Group 18","2020",0.377731205082218,0.49779680300088,"geometric-mean-scaled index","trial-8","Trial 8"
2021,"index","F18_R1_G18","Index 18  / Region 1  / Group 18","2021",0.384903092509445,0.494101089529528,"geometric-mean-scaled index","trial-8","Trial 8"
2022,"index","F18_R1_G18","Index 18  / Region 1  / Group 18","2022",0.533173522636986,0.45318576284627,"geometric-mean-scaled index","trial-8","Trial 8"
1992,"index","F19_R1_G19","Index 19  / Region 1  / Group 19","1992",1.85927115000846,0.91147432693545,"geometric-mean-scaled index","trial-8","Trial 8"
1993,"index","F19_R1_G19","Index 19  / Region 1  / Group 19","1993",0.849266654622091,0.883510932128503,"geometric-mean-scaled index","trial-8","Trial 8"
1994,"index","F19_R1_G19","Index 19  / Region 1  / Group 19","1994",1.00123553533734,0.874069762054685,"geometric-mean-scaled index","trial-8","Trial 8"
1995,"index","F19_R1_G19","Index 19  / Region 1  / Group 19","1995",1.31046507492219,1.03071352816707,"geometric-mean-scaled index","trial-8","Trial 8"
1996,"index","F19_R1_G19","Index 19  / Region 1  / Group 19","1996",1.21306505673522,1.07061158886307,"geometric-mean-scaled index","trial-8","Trial 8"
1997,"index","F19_R1_G19","Index 19  / Region 1  / Group 19","1997",0.799390157141791,0.812547938265541,"geometric-mean-scaled index","trial-8","Trial 8"
1998,"index","F19_R1_G19","Index 19  / Region 1  / Group 19","1998",1.99291282185133,0.670637036357564,"geometric-mean-scaled index","trial-8","Trial 8"
1999,"index","F19_R1_G19","Index 19  / Region 1  / Group 19","1999",1.3696369541503,0.642227794464015,"geometric-mean-scaled index","trial-8","Trial 8"
2000,"index","F19_R1_G19","Index 19  / Region 1  / Group 19","2000",0.965612099781253,1.0748570572078,"geometric-mean-scaled index","trial-8","Trial 8"
2001,"index","F19_R1_G19","Index 19  / Region 1  / Group 19","2001",0.810369966030035,0.834290242728812,"geometric-mean-scaled index","trial-8","Trial 8"
2002,"index","F19_R1_G19","Index 19  / Region 1  / Group 19","2002",0.74171237247259,0.998760556958941,"geometric-mean-scaled index","trial-8","Trial 8"
2003,"index","F19_R1_G19","Index 19  / Region 1  / Group 19","2003",1.03600097632011,1.38237958476257,"geometric-mean-scaled index","trial-8","Trial 8"
2004,"index","F19_R1_G19","Index 19  / Region 1  / Group 19","2004",1.05045112419079,1.2653603839936,"geometric-mean-scaled index","trial-8","Trial 8"
2005,"index","F19_R1_G19","Index 19  / Region 1  / Group 19","2005",0.734713898314047,0.889592979728907,"geometric-mean-scaled index","trial-8","Trial 8"
2006,"index","F19_R1_G19","Index 19  / Region 1  / Group 19","2006",0.882670668461906,0.81809971183122,"geometric-mean-scaled index","trial-8","Trial 8"
2007,"index","F19_R1_G19","Index 19  / Region 1  / Group 19","2007",1.03363575876466,1.09435124828241,"geometric-mean-scaled index","trial-8","Trial 8"
2008,"index","F19_R1_G19","Index 19  / Region 1  / Group 19","2008",1.33647576097039,1.3474828554292,"geometric-mean-scaled index","trial-8","Trial 8"
2009,"index","F19_R1_G19","Index 19  / Region 1  / Group 19","2009",0.832547956398684,1.14653562600924,"geometric-mean-scaled index","trial-8","Trial 8"
2010,"index","F19_R1_G19","Index 19  / Region 1  / Group 19","2010",1.1710748925389,1.1134800306655,"geometric-mean-scaled index","trial-8","Trial 8"
2011,"index","F19_R1_G19","Index 19  / Region 1  / Group 19","2011",1.14908021933067,1.33081495743227,"geometric-mean-scaled index","trial-8","Trial 8"
2012,"index","F19_R1_G19","Index 19  / Region 1  / Group 19","2012",0.992144371207608,1.37051592728898,"geometric-mean-scaled index","trial-8","Trial 8"
2013,"index","F19_R1_G19","Index 19  / Region 1  / Group 19","2013",0.812541615693899,1.1252362312441,"geometric-mean-scaled index","trial-8","Trial 8"
2014,"index","F19_R1_G19","Index 19  / Region 1  / Group 19","2014",0.869128916645273,0.981986630679087,"geometric-mean-scaled index","trial-8","Trial 8"
2015,"index","F19_R1_G19","Index 19  / Region 1  / Group 19","2015",0.923487470227196,1.11185669109885,"geometric-mean-scaled index","trial-8","Trial 8"
2016,"index","F19_R1_G19","Index 19  / Region 1  / Group 19","2016",0.994049496935054,1.14354149980295,"geometric-mean-scaled index","trial-8","Trial 8"
2017,"index","F19_R1_G19","Index 19  / Region 1  / Group 19","2017",0.679637993540111,0.84954544984639,"geometric-mean-scaled index","trial-8","Trial 8"
2018,"index","F19_R1_G19","Index 19  / Region 1  / Group 19","2018",1.1614387047662,0.733344855106923,"geometric-mean-scaled index","trial-8","Trial 8"
2019,"index","F19_R1_G19","Index 19  / Region 1  / Group 19","2019",0.909406517143503,1.28046111910021,"geometric-mean-scaled index","trial-8","Trial 8"
2020,"index","F19_R1_G19","Index 19  / Region 1  / Group 19","2020",0.960523282163485,1.36680164857698,"geometric-mean-scaled index","trial-8","Trial 8"
2021,"index","F19_R1_G19","Index 19  / Region 1  / Group 19","2021",0.974737478989675,1.24248006630572,"geometric-mean-scaled index","trial-8","Trial 8"
2022,"index","F19_R1_G19","Index 19  / Region 1  / Group 19","2022",0.665420460916155,1.0529811804261,"geometric-mean-scaled index","trial-8","Trial 8"
1954,"index","F20_R2_G20","Index 20  / Region 2  / Group 20","1954",4.21096154805618,3.33938976765635,"geometric-mean-scaled index","trial-8","Trial 8"
1955,"index","F20_R2_G20","Index 20  / Region 2  / Group 20","1955",3.11733650195403,3.26475200802114,"geometric-mean-scaled index","trial-8","Trial 8"
1956,"index","F20_R2_G20","Index 20  / Region 2  / Group 20","1956",3.11471220345346,3.23747221924661,"geometric-mean-scaled index","trial-8","Trial 8"
1957,"index","F20_R2_G20","Index 20  / Region 2  / Group 20","1957",2.49122048423764,3.2095533471814,"geometric-mean-scaled index","trial-8","Trial 8"
1958,"index","F20_R2_G20","Index 20  / Region 2  / Group 20","1958",3.38277838084962,3.18254040541222,"geometric-mean-scaled index","trial-8","Trial 8"
1959,"index","F20_R2_G20","Index 20  / Region 2  / Group 20","1959",3.53910335426992,3.15222149129269,"geometric-mean-scaled index","trial-8","Trial 8"
1960,"index","F20_R2_G20","Index 20  / Region 2  / Group 20","1960",2.88806453309758,3.09911953247572,"geometric-mean-scaled index","trial-8","Trial 8"
1961,"index","F20_R2_G20","Index 20  / Region 2  / Group 20","1961",2.77519235560544,2.77434418911638,"geometric-mean-scaled index","trial-8","Trial 8"
1962,"index","F20_R2_G20","Index 20  / Region 2  / Group 20","1962",2.84542670742501,2.6176564609531,"geometric-mean-scaled index","trial-8","Trial 8"
1963,"index","F20_R2_G20","Index 20  / Region 2  / Group 20","1963",2.15624779216803,2.12523361700961,"geometric-mean-scaled index","trial-8","Trial 8"
1964,"index","F20_R2_G20","Index 20  / Region 2  / Group 20","1964",1.77294323917794,1.66518861396938,"geometric-mean-scaled index","trial-8","Trial 8"
1965,"index","F20_R2_G20","Index 20  / Region 2  / Group 20","1965",1.39305357413891,1.57708832391676,"geometric-mean-scaled index","trial-8","Trial 8"
1966,"index","F20_R2_G20","Index 20  / Region 2  / Group 20","1966",2.15604911541288,1.64738317198789,"geometric-mean-scaled index","trial-8","Trial 8"
1967,"index","F20_R2_G20","Index 20  / Region 2  / Group 20","1967",1.83466830687541,1.80597484687559,"geometric-mean-scaled index","trial-8","Trial 8"
1968,"index","F20_R2_G20","Index 20  / Region 2  / Group 20","1968",1.49027459282616,1.52612937943429,"geometric-mean-scaled index","trial-8","Trial 8"
1969,"index","F20_R2_G20","Index 20  / Region 2  / Group 20","1969",0.90397341842816,1.16559170835027,"geometric-mean-scaled index","trial-8","Trial 8"
1970,"index","F20_R2_G20","Index 20  / Region 2  / Group 20","1970",1.74296686069583,1.12082203825264,"geometric-mean-scaled index","trial-8","Trial 8"
1971,"index","F20_R2_G20","Index 20  / Region 2  / Group 20","1971",1.05128168838887,0.993951077767742,"geometric-mean-scaled index","trial-8","Trial 8"
1972,"index","F20_R2_G20","Index 20  / Region 2  / Group 20","1972",1.03629787461149,0.892640694148299,"geometric-mean-scaled index","trial-8","Trial 8"
1973,"index","F20_R2_G20","Index 20  / Region 2  / Group 20","1973",1.14631510743072,0.804624454883385,"geometric-mean-scaled index","trial-8","Trial 8"
1974,"index","F20_R2_G20","Index 20  / Region 2  / Group 20","1974",0.503606327140092,0.703244126194799,"geometric-mean-scaled index","trial-8","Trial 8"
1975,"index","F20_R2_G20","Index 20  / Region 2  / Group 20","1975",0.345168043176568,0.643935211310467,"geometric-mean-scaled index","trial-8","Trial 8"
1976,"index","F20_R2_G20","Index 20  / Region 2  / Group 20","1976",0.392881567888747,0.629792030700078,"geometric-mean-scaled index","trial-8","Trial 8"
1977,"index","F20_R2_G20","Index 20  / Region 2  / Group 20","1977",0.722292569399697,0.755369144781973,"geometric-mean-scaled index","trial-8","Trial 8"
1978,"index","F20_R2_G20","Index 20  / Region 2  / Group 20","1978",1.34450541165844,1.02155123734782,"geometric-mean-scaled index","trial-8","Trial 8"
1979,"index","F20_R2_G20","Index 20  / Region 2  / Group 20","1979",0.925834385511787,0.978692131720748,"geometric-mean-scaled index","trial-8","Trial 8"
1980,"index","F20_R2_G20","Index 20  / Region 2  / Group 20","1980",0.665679781043966,0.831873275444308,"geometric-mean-scaled index","trial-8","Trial 8"
1981,"index","F20_R2_G20","Index 20  / Region 2  / Group 20","1981",0.591226781169868,0.703207773781634,"geometric-mean-scaled index","trial-8","Trial 8"
1982,"index","F20_R2_G20","Index 20  / Region 2  / Group 20","1982",0.474104859767232,0.623743697936268,"geometric-mean-scaled index","trial-8","Trial 8"
1983,"index","F20_R2_G20","Index 20  / Region 2  / Group 20","1983",0.516419783951321,0.636828018983834,"geometric-mean-scaled index","trial-8","Trial 8"
1984,"index","F20_R2_G20","Index 20  / Region 2  / Group 20","1984",0.705603550009173,0.747635261069782,"geometric-mean-scaled index","trial-8","Trial 8"
1985,"index","F20_R2_G20","Index 20  / Region 2  / Group 20","1985",0.596630644214555,0.78090373353388,"geometric-mean-scaled index","trial-8","Trial 8"
1986,"index","F20_R2_G20","Index 20  / Region 2  / Group 20","1986",0.576521368772823,0.744140122996073,"geometric-mean-scaled index","trial-8","Trial 8"
1987,"index","F20_R2_G20","Index 20  / Region 2  / Group 20","1987",0.738069475063823,0.730723342020287,"geometric-mean-scaled index","trial-8","Trial 8"
1988,"index","F20_R2_G20","Index 20  / Region 2  / Group 20","1988",0.631881286279668,0.765985837981599,"geometric-mean-scaled index","trial-8","Trial 8"
1989,"index","F20_R2_G20","Index 20  / Region 2  / Group 20","1989",0.538572813890766,0.651781526376725,"geometric-mean-scaled index","trial-8","Trial 8"
1990,"index","F20_R2_G20","Index 20  / Region 2  / Group 20","1990",0.558798697122352,0.664987364165054,"geometric-mean-scaled index","trial-8","Trial 8"
1991,"index","F20_R2_G20","Index 20  / Region 2  / Group 20","1991",0.596239520556125,0.682314692188681,"geometric-mean-scaled index","trial-8","Trial 8"
1992,"index","F20_R2_G20","Index 20  / Region 2  / Group 20","1992",0.949703632796349,0.738153913227697,"geometric-mean-scaled index","trial-8","Trial 8"
1993,"index","F20_R2_G20","Index 20  / Region 2  / Group 20","1993",0.773853468646436,0.858643577460566,"geometric-mean-scaled index","trial-8","Trial 8"
1994,"index","F20_R2_G20","Index 20  / Region 2  / Group 20","1994",0.810781379423954,0.763380134010263,"geometric-mean-scaled index","trial-8","Trial 8"
1995,"index","F20_R2_G20","Index 20  / Region 2  / Group 20","1995",1.07726297359609,0.882444035859931,"geometric-mean-scaled index","trial-8","Trial 8"
1996,"index","F20_R2_G20","Index 20  / Region 2  / Group 20","1996",0.935003854840217,0.861875822639721,"geometric-mean-scaled index","trial-8","Trial 8"
1997,"index","F20_R2_G20","Index 20  / Region 2  / Group 20","1997",0.800397864000986,0.866906524836105,"geometric-mean-scaled index","trial-8","Trial 8"
1998,"index","F20_R2_G20","Index 20  / Region 2  / Group 20","1998",1.04349083940237,0.91513657196372,"geometric-mean-scaled index","trial-8","Trial 8"
1999,"index","F20_R2_G20","Index 20  / Region 2  / Group 20","1999",0.765213765192612,1.00590023469988,"geometric-mean-scaled index","trial-8","Trial 8"
2000,"index","F20_R2_G20","Index 20  / Region 2  / Group 20","2000",0.767097814359868,0.907669448564004,"geometric-mean-scaled index","trial-8","Trial 8"
2001,"index","F20_R2_G20","Index 20  / Region 2  / Group 20","2001",0.841773334723493,0.844081241103982,"geometric-mean-scaled index","trial-8","Trial 8"
2002,"index","F20_R2_G20","Index 20  / Region 2  / Group 20","2002",0.547333871289332,0.661168342746025,"geometric-mean-scaled index","trial-8","Trial 8"
2003,"index","F20_R2_G20","Index 20  / Region 2  / Group 20","2003",0.588325890023659,0.843770982055066,"geometric-mean-scaled index","trial-8","Trial 8"
2004,"index","F20_R2_G20","Index 20  / Region 2  / Group 20","2004",0.635814586790303,0.674921506461651,"geometric-mean-scaled index","trial-8","Trial 8"
2005,"index","F20_R2_G20","Index 20  / Region 2  / Group 20","2005",0.834789610625378,0.775149291947862,"geometric-mean-scaled index","trial-8","Trial 8"
2006,"index","F20_R2_G20","Index 20  / Region 2  / Group 20","2006",0.92372528101704,0.914731807613395,"geometric-mean-scaled index","trial-8","Trial 8"
2007,"index","F20_R2_G20","Index 20  / Region 2  / Group 20","2007",0.84623569961814,1.00817088726335,"geometric-mean-scaled index","trial-8","Trial 8"
2008,"index","F20_R2_G20","Index 20  / Region 2  / Group 20","2008",0.610796174186906,0.8740916047263,"geometric-mean-scaled index","trial-8","Trial 8"
2009,"index","F20_R2_G20","Index 20  / Region 2  / Group 20","2009",1.05927374250753,0.817238684917426,"geometric-mean-scaled index","trial-8","Trial 8"
2010,"index","F20_R2_G20","Index 20  / Region 2  / Group 20","2010",0.847323881897912,0.834696310332661,"geometric-mean-scaled index","trial-8","Trial 8"
2011,"index","F20_R2_G20","Index 20  / Region 2  / Group 20","2011",1.12583979197944,0.969525225464293,"geometric-mean-scaled index","trial-8","Trial 8"
2012,"index","F20_R2_G20","Index 20  / Region 2  / Group 20","2012",0.945525297290097,0.867445926889649,"geometric-mean-scaled index","trial-8","Trial 8"
2013,"index","F20_R2_G20","Index 20  / Region 2  / Group 20","2013",0.87877457395759,0.859676777408953,"geometric-mean-scaled index","trial-8","Trial 8"
2014,"index","F20_R2_G20","Index 20  / Region 2  / Group 20","2014",1.04373534993691,0.927215786638513,"geometric-mean-scaled index","trial-8","Trial 8"
2015,"index","F20_R2_G20","Index 20  / Region 2  / Group 20","2015",1.22377077691567,0.943668358395809,"geometric-mean-scaled index","trial-8","Trial 8"
2016,"index","F20_R2_G20","Index 20  / Region 2  / Group 20","2016",1.13572929605611,0.850499443199042,"geometric-mean-scaled index","trial-8","Trial 8"
2017,"index","F20_R2_G20","Index 20  / Region 2  / Group 20","2017",0.734357067400453,0.773472298781856,"geometric-mean-scaled index","trial-8","Trial 8"
2018,"index","F20_R2_G20","Index 20  / Region 2  / Group 20","2018",0.64550184014846,0.767777629680048,"geometric-mean-scaled index","trial-8","Trial 8"
2019,"index","F20_R2_G20","Index 20  / Region 2  / Group 20","2019",0.713722524698996,0.806085054085302,"geometric-mean-scaled index","trial-8","Trial 8"
2020,"index","F20_R2_G20","Index 20  / Region 2  / Group 20","2020",0.772716002092201,0.691697072481172,"geometric-mean-scaled index","trial-8","Trial 8"
2021,"index","F20_R2_G20","Index 20  / Region 2  / Group 20","2021",0.751048561936257,0.511415076421942,"geometric-mean-scaled index","trial-8","Trial 8"
2022,"index","F20_R2_G20","Index 20  / Region 2  / Group 20","2022",1.00202993070836,0.754055557683931,"geometric-mean-scaled index","trial-8","Trial 8"
