"time","kind","series","series_label","record","observed","predicted","unit","model","label"
1954,"index","F18_R1_G18","Index 18  / Region 1  / Group 18","1954",4.40903714715002,5.05322105333346,"geometric-mean-scaled index","reference","Reference"
1955,"index","F18_R1_G18","Index 18  / Region 1  / Group 18","1955",3.14529508758885,4.7659417472435,"geometric-mean-scaled index","reference","Reference"
1956,"index","F18_R1_G18","Index 18  / Region 1  / Group 18","1956",3.55845376339654,4.63099072156651,"geometric-mean-scaled index","reference","Reference"
1957,"index","F18_R1_G18","Index 18  / Region 1  / Group 18","1957",3.81367935187817,4.5100474659956,"geometric-mean-scaled index","reference","Reference"
1958,"index","F18_R1_G18","Index 18  / Region 1  / Group 18","1958",4.19937988018333,4.39191932226178,"geometric-mean-scaled index","reference","Reference"
1959,"index","F18_R1_G18","Index 18  / Region 1  / Group 18","1959",5.02003875847804,4.24193418019977,"geometric-mean-scaled index","reference","Reference"
1960,"index","F18_R1_G18","Index 18  / Region 1  / Group 18","1960",6.09415385779237,4.1145273038472,"geometric-mean-scaled index","reference","Reference"
1961,"index","F18_R1_G18","Index 18  / Region 1  / Group 18","1961",5.9871599837675,3.94514623503308,"geometric-mean-scaled index","reference","Reference"
1962,"index","F18_R1_G18","Index 18  / Region 1  / Group 18","1962",4.31836862588877,3.6763911719862,"geometric-mean-scaled index","reference","Reference"
1963,"index","F18_R1_G18","Index 18  / Region 1  / Group 18","1963",2.6756633141332,3.32872949217038,"geometric-mean-scaled index","reference","Reference"
1964,"index","F18_R1_G18","Index 18  / Region 1  / Group 18","1964",2.42251196662564,2.93850901564408,"geometric-mean-scaled index","reference","Reference"
1965,"index","F18_R1_G18","Index 18  / Region 1  / Group 18","1965",2.71599052736943,2.49224124235352,"geometric-mean-scaled index","reference","Reference"
1966,"index","F18_R1_G18","Index 18  / Region 1  / Group 18","1966",2.44814503331434,2.05224429404415,"geometric-mean-scaled index","reference","Reference"
1967,"index","F18_R1_G18","Index 18  / Region 1  / Group 18","1967",1.94746079529619,1.81394916878713,"geometric-mean-scaled index","reference","Reference"
1968,"index","F18_R1_G18","Index 18  / Region 1  / Group 18","1968",1.71471945569896,1.75189111558133,"geometric-mean-scaled index","reference","Reference"
1969,"index","F18_R1_G18","Index 18  / Region 1  / Group 18","1969",1.65433171113289,1.68863878871589,"geometric-mean-scaled index","reference","Reference"
1970,"index","F18_R1_G18","Index 18  / Region 1  / Group 18","1970",1.54780579698768,1.48902577968214,"geometric-mean-scaled index","reference","Reference"
1971,"index","F18_R1_G18","Index 18  / Region 1  / Group 18","1971",1.23412080025738,1.23260383007629,"geometric-mean-scaled index","reference","Reference"
1972,"index","F18_R1_G18","Index 18  / Region 1  / Group 18","1972",1.07338614840291,1.04233974183652,"geometric-mean-scaled index","reference","Reference"
1973,"index","F18_R1_G18","Index 18  / Region 1  / Group 18","1973",0.989103263951998,0.865759149532346,"geometric-mean-scaled index","reference","Reference"
1974,"index","F18_R1_G18","Index 18  / Region 1  / Group 18","1974",0.580301639759145,0.741152896876202,"geometric-mean-scaled index","reference","Reference"
1975,"index","F18_R1_G18","Index 18  / Region 1  / Group 18","1975",0.58813811691667,0.714651959542337,"geometric-mean-scaled index","reference","Reference"
1976,"index","F18_R1_G18","Index 18  / Region 1  / Group 18","1976",0.851064006357214,0.723886619442383,"geometric-mean-scaled index","reference","Reference"
1977,"index","F18_R1_G18","Index 18  / Region 1  / Group 18","1977",0.863018267252948,0.68080204987889,"geometric-mean-scaled index","reference","Reference"
1978,"index","F18_R1_G18","Index 18  / Region 1  / Group 18","1978",0.935245185300877,0.717707991048501,"geometric-mean-scaled index","reference","Reference"
1979,"index","F18_R1_G18","Index 18  / Region 1  / Group 18","1979",0.811891863308134,0.84200252906662,"geometric-mean-scaled index","reference","Reference"
1980,"index","F18_R1_G18","Index 18  / Region 1  / Group 18","1980",0.857986996795637,0.925982082342435,"geometric-mean-scaled index","reference","Reference"
1981,"index","F18_R1_G18","Index 18  / Region 1  / Group 18","1981",0.969775742290399,0.866004033834907,"geometric-mean-scaled index","reference","Reference"
1982,"index","F18_R1_G18","Index 18  / Region 1  / Group 18","1982",0.754187984251701,0.75326484098311,"geometric-mean-scaled index","reference","Reference"
1983,"index","F18_R1_G18","Index 18  / Region 1  / Group 18","1983",0.847323525052082,0.683537998912292,"geometric-mean-scaled index","reference","Reference"
1984,"index","F18_R1_G18","Index 18  / Region 1  / Group 18","1984",0.697012441179108,0.665233949904791,"geometric-mean-scaled index","reference","Reference"
1985,"index","F18_R1_G18","Index 18  / Region 1  / Group 18","1985",0.700113985527936,0.714680065592976,"geometric-mean-scaled index","reference","Reference"
1986,"index","F18_R1_G18","Index 18  / Region 1  / Group 18","1986",0.916792661518106,0.759397850118366,"geometric-mean-scaled index","reference","Reference"
1987,"index","F18_R1_G18","Index 18  / Region 1  / Group 18","1987",0.932698710694853,0.810227732442538,"geometric-mean-scaled index","reference","Reference"
1988,"index","F18_R1_G18","Index 18  / Region 1  / Group 18","1988",0.933673375591985,0.768286620435342,"geometric-mean-scaled index","reference","Reference"
1989,"index","F18_R1_G18","Index 18  / Region 1  / Group 18","1989",0.68771709247243,0.756447897743041,"geometric-mean-scaled index","reference","Reference"
1990,"index","F18_R1_G18","Index 18  / Region 1  / Group 18","1990",0.776975789161292,0.762326313200317,"geometric-mean-scaled index","reference","Reference"
1991,"index","F18_R1_G18","Index 18  / Region 1  / Group 18","1991",0.655727821196814,0.726725855174442,"geometric-mean-scaled index","reference","Reference"
1992,"index","F18_R1_G18","Index 18  / Region 1  / Group 18","1992",0.872502177541898,0.710642814150925,"geometric-mean-scaled index","reference","Reference"
1993,"index","F18_R1_G18","Index 18  / Region 1  / Group 18","1993",0.879147658089477,0.748778002661571,"geometric-mean-scaled index","reference","Reference"
1994,"index","F18_R1_G18","Index 18  / Region 1  / Group 18","1994",0.948738796667378,0.791911735198629,"geometric-mean-scaled index","reference","Reference"
1995,"index","F18_R1_G18","Index 18  / Region 1  / Group 18","1995",0.883131727989847,0.836215654689404,"geometric-mean-scaled index","reference","Reference"
1996,"index","F18_R1_G18","Index 18  / Region 1  / Group 18","1996",0.837306959406211,0.840659480310528,"geometric-mean-scaled index","reference","Reference"
1997,"index","F18_R1_G18","Index 18  / Region 1  / Group 18","1997",0.95208949005856,0.869397690889871,"geometric-mean-scaled index","reference","Reference"
1998,"index","F18_R1_G18","Index 18  / Region 1  / Group 18","1998",0.856547687420413,0.828472961427072,"geometric-mean-scaled index","reference","Reference"
1999,"index","F18_R1_G18","Index 18  / Region 1  / Group 18","1999",0.61266101448799,0.863092160930256,"geometric-mean-scaled index","reference","Reference"
2000,"index","F18_R1_G18","Index 18  / Region 1  / Group 18","2000",0.679263091965619,0.899022300858714,"geometric-mean-scaled index","reference","Reference"
2001,"index","F18_R1_G18","Index 18  / Region 1  / Group 18","2001",0.663388123597169,0.840805764508353,"geometric-mean-scaled index","reference","Reference"
2002,"index","F18_R1_G18","Index 18  / Region 1  / Group 18","2002",0.695863453728742,0.660991026225313,"geometric-mean-scaled index","reference","Reference"
2003,"index","F18_R1_G18","Index 18  / Region 1  / Group 18","2003",0.520428254256146,0.558948407853314,"geometric-mean-scaled index","reference","Reference"
2004,"index","F18_R1_G18","Index 18  / Region 1  / Group 18","2004",0.457969008695485,0.563614001029817,"geometric-mean-scaled index","reference","Reference"
2005,"index","F18_R1_G18","Index 18  / Region 1  / Group 18","2005",0.57000982730679,0.528677456117855,"geometric-mean-scaled index","reference","Reference"
2006,"index","F18_R1_G18","Index 18  / Region 1  / Group 18","2006",0.692547701969523,0.539135527117155,"geometric-mean-scaled index","reference","Reference"
2007,"index","F18_R1_G18","Index 18  / Region 1  / Group 18","2007",0.763296075617131,0.59905365951802,"geometric-mean-scaled index","reference","Reference"
2008,"index","F18_R1_G18","Index 18  / Region 1  / Group 18","2008",0.557991706511396,0.668116859865951,"geometric-mean-scaled index","reference","Reference"
2009,"index","F18_R1_G18","Index 18  / Region 1  / Group 18","2009",0.644374806432787,0.648431819999568,"geometric-mean-scaled index","reference","Reference"
2010,"index","F18_R1_G18","Index 18  / Region 1  / Group 18","2010",0.629833334064991,0.490158403224318,"geometric-mean-scaled index","reference","Reference"
2011,"index","F18_R1_G18","Index 18  / Region 1  / Group 18","2011",0.472776191924379,0.508143601450776,"geometric-mean-scaled index","reference","Reference"
2012,"index","F18_R1_G18","Index 18  / Region 1  / Group 18","2012",0.561037772817115,0.559347958686277,"geometric-mean-scaled index","reference","Reference"
2013,"index","F18_R1_G18","Index 18  / Region 1  / Group 18","2013",0.518607359493591,0.5552563127414,"geometric-mean-scaled index","reference","Reference"
2014,"index","F18_R1_G18","Index 18  / Region 1  / Group 18","2014",0.534249440170542,0.565275842604407,"geometric-mean-scaled index","reference","Reference"
2015,"index","F18_R1_G18","Index 18  / Region 1  / Group 18","2015",0.610459945494768,0.598364407342988,"geometric-mean-scaled index","reference","Reference"
2016,"index","F18_R1_G18","Index 18  / Region 1  / Group 18","2016",0.483833914957584,0.629982338302938,"geometric-mean-scaled index","reference","Reference"
2017,"index","F18_R1_G18","Index 18  / Region 1  / Group 18","2017",0.503585067785675,0.629918718035722,"geometric-mean-scaled index","reference","Reference"
2018,"index","F18_R1_G18","Index 18  / Region 1  / Group 18","2018",0.44199217333407,0.559084962493676,"geometric-mean-scaled index","reference","Reference"
2019,"index","F18_R1_G18","Index 18  / Region 1  / Group 18","2019",0.466975339471439,0.508427166405218,"geometric-mean-scaled index","reference","Reference"
2020,"index","F18_R1_G18","Index 18  / Region 1  / Group 18","2020",0.377731205082218,0.485781504561016,"geometric-mean-scaled index","reference","Reference"
2021,"index","F18_R1_G18","Index 18  / Region 1  / Group 18","2021",0.384903092509445,0.48217499435501,"geometric-mean-scaled index","reference","Reference"
2022,"index","F18_R1_G18","Index 18  / Region 1  / Group 18","2022",0.533173522636986,0.442247239021951,"geometric-mean-scaled index","reference","Reference"
1992,"index","F19_R1_G19","Index 19  / Region 1  / Group 19","1992",1.85927115000846,0.889474113208919,"geometric-mean-scaled index","reference","Reference"
1993,"index","F19_R1_G19","Index 19  / Region 1  / Group 19","1993",0.849266654622091,0.862185669570745,"geometric-mean-scaled index","reference","Reference"
1994,"index","F19_R1_G19","Index 19  / Region 1  / Group 19","1994",1.00123553533734,0.852972380582893,"geometric-mean-scaled index","reference","Reference"
1995,"index","F19_R1_G19","Index 19  / Region 1  / Group 19","1995",1.31046507492219,1.0058352433483,"geometric-mean-scaled index","reference","Reference"
1996,"index","F19_R1_G19","Index 19  / Region 1  / Group 19","1996",1.21306505673522,1.04477028639624,"geometric-mean-scaled index","reference","Reference"
1997,"index","F19_R1_G19","Index 19  / Region 1  / Group 19","1997",0.799390157141791,0.792935506212739,"geometric-mean-scaled index","reference","Reference"
1998,"index","F19_R1_G19","Index 19  / Region 1  / Group 19","1998",1.99291282185133,0.654449901188984,"geometric-mean-scaled index","reference","Reference"
1999,"index","F19_R1_G19","Index 19  / Region 1  / Group 19","1999",1.3696369541503,0.626726371854744,"geometric-mean-scaled index","reference","Reference"
2000,"index","F19_R1_G19","Index 19  / Region 1  / Group 19","2000",0.965612099781253,1.04891328206764,"geometric-mean-scaled index","reference","Reference"
2001,"index","F19_R1_G19","Index 19  / Region 1  / Group 19","2001",0.810369966030035,0.814153017677498,"geometric-mean-scaled index","reference","Reference"
2002,"index","F19_R1_G19","Index 19  / Region 1  / Group 19","2002",0.74171237247259,0.974653519530247,"geometric-mean-scaled index","reference","Reference"
2003,"index","F19_R1_G19","Index 19  / Region 1  / Group 19","2003",1.03600097632011,1.34901315257986,"geometric-mean-scaled index","reference","Reference"
2004,"index","F19_R1_G19","Index 19  / Region 1  / Group 19","2004",1.05045112419079,1.23481843885451,"geometric-mean-scaled index","reference","Reference"
2005,"index","F19_R1_G19","Index 19  / Region 1  / Group 19","2005",0.734713898314047,0.868120915069159,"geometric-mean-scaled index","reference","Reference"
2006,"index","F19_R1_G19","Index 19  / Region 1  / Group 19","2006",0.882670668461906,0.79835327687631,"geometric-mean-scaled index","reference","Reference"
2007,"index","F19_R1_G19","Index 19  / Region 1  / Group 19","2007",1.03363575876466,1.06793694275275,"geometric-mean-scaled index","reference","Reference"
2008,"index","F19_R1_G19","Index 19  / Region 1  / Group 19","2008",1.33647576097039,1.31495872399046,"geometric-mean-scaled index","reference","Reference"
2009,"index","F19_R1_G19","Index 19  / Region 1  / Group 19","2009",0.832547956398684,1.11886174856489,"geometric-mean-scaled index","reference","Reference"
2010,"index","F19_R1_G19","Index 19  / Region 1  / Group 19","2010",1.1710748925389,1.08660401459906,"geometric-mean-scaled index","reference","Reference"
2011,"index","F19_R1_G19","Index 19  / Region 1  / Group 19","2011",1.14908021933067,1.29869313827757,"geometric-mean-scaled index","reference","Reference"
2012,"index","F19_R1_G19","Index 19  / Region 1  / Group 19","2012",0.992144371207608,1.3374358476587,"geometric-mean-scaled index","reference","Reference"
2013,"index","F19_R1_G19","Index 19  / Region 1  / Group 19","2013",0.812541615693899,1.09807645630733,"geometric-mean-scaled index","reference","Reference"
2014,"index","F19_R1_G19","Index 19  / Region 1  / Group 19","2014",0.869128916645273,0.958284464734191,"geometric-mean-scaled index","reference","Reference"
2015,"index","F19_R1_G19","Index 19  / Region 1  / Group 19","2015",0.923487470227196,1.08501985750454,"geometric-mean-scaled index","reference","Reference"
2016,"index","F19_R1_G19","Index 19  / Region 1  / Group 19","2016",0.994049496935054,1.11593989144454,"geometric-mean-scaled index","reference","Reference"
2017,"index","F19_R1_G19","Index 19  / Region 1  / Group 19","2017",0.679637993540111,0.829040010565546,"geometric-mean-scaled index","reference","Reference"
2018,"index","F19_R1_G19","Index 19  / Region 1  / Group 19","2018",1.1614387047662,0.715644144213782,"geometric-mean-scaled index","reference","Reference"
2019,"index","F19_R1_G19","Index 19  / Region 1  / Group 19","2019",0.909406517143503,1.24955468821539,"geometric-mean-scaled index","reference","Reference"
2020,"index","F19_R1_G19","Index 19  / Region 1  / Group 19","2020",0.960523282163485,1.33381122032041,"geometric-mean-scaled index","reference","Reference"
2021,"index","F19_R1_G19","Index 19  / Region 1  / Group 19","2021",0.974737478989675,1.21249038233779,"geometric-mean-scaled index","reference","Reference"
2022,"index","F19_R1_G19","Index 19  / Region 1  / Group 19","2022",0.665420460916155,1.02756542231333,"geometric-mean-scaled index","reference","Reference"
1954,"index","F20_R2_G20","Index 20  / Region 2  / Group 20","1954",4.21096154805618,3.25878707108711,"geometric-mean-scaled index","reference","Reference"
1955,"index","F20_R2_G20","Index 20  / Region 2  / Group 20","1955",3.11733650195403,3.18595083960855,"geometric-mean-scaled index","reference","Reference"
1956,"index","F20_R2_G20","Index 20  / Region 2  / Group 20","1956",3.11471220345346,3.15932950183558,"geometric-mean-scaled index","reference","Reference"
1957,"index","F20_R2_G20","Index 20  / Region 2  / Group 20","1957",2.49122048423764,3.13208450629577,"geometric-mean-scaled index","reference","Reference"
1958,"index","F20_R2_G20","Index 20  / Region 2  / Group 20","1958",3.38277838084962,3.1057235746543,"geometric-mean-scaled index","reference","Reference"
1959,"index","F20_R2_G20","Index 20  / Region 2  / Group 20","1959",3.53910335426992,3.07613646676439,"geometric-mean-scaled index","reference","Reference"
1960,"index","F20_R2_G20","Index 20  / Region 2  / Group 20","1960",2.88806453309758,3.0243162274745,"geometric-mean-scaled index","reference","Reference"
1961,"index","F20_R2_G20","Index 20  / Region 2  / Group 20","1961",2.77519235560544,2.70737997157584,"geometric-mean-scaled index","reference","Reference"
1962,"index","F20_R2_G20","Index 20  / Region 2  / Group 20","1962",2.84542670742501,2.55447420786954,"geometric-mean-scaled index","reference","Reference"
1963,"index","F20_R2_G20","Index 20  / Region 2  / Group 20","1963",2.15624779216803,2.07393695136438,"geometric-mean-scaled index","reference","Reference"
1964,"index","F20_R2_G20","Index 20  / Region 2  / Group 20","1964",1.77294323917794,1.62499603331218,"geometric-mean-scaled index","reference","Reference"
1965,"index","F20_R2_G20","Index 20  / Region 2  / Group 20","1965",1.39305357413891,1.53902221589105,"geometric-mean-scaled index","reference","Reference"
1966,"index","F20_R2_G20","Index 20  / Region 2  / Group 20","1966",2.15604911541288,1.60762036046134,"geometric-mean-scaled index","reference","Reference"
1967,"index","F20_R2_G20","Index 20  / Region 2  / Group 20","1967",1.83466830687541,1.76238411541792,"geometric-mean-scaled index","reference","Reference"
1968,"index","F20_R2_G20","Index 20  / Region 2  / Group 20","1968",1.49027459282616,1.48929326509766,"geometric-mean-scaled index","reference","Reference"
1969,"index","F20_R2_G20","Index 20  / Region 2  / Group 20","1969",0.90397341842816,1.13745787512669,"geometric-mean-scaled index","reference","Reference"
1970,"index","F20_R2_G20","Index 20  / Region 2  / Group 20","1970",1.74296686069583,1.0937688084882,"geometric-mean-scaled index","reference","Reference"
1971,"index","F20_R2_G20","Index 20  / Region 2  / Group 20","1971",1.05128168838887,0.969960126516127,"geometric-mean-scaled index","reference","Reference"
1972,"index","F20_R2_G20","Index 20  / Region 2  / Group 20","1972",1.03629787461149,0.87109506694639,"geometric-mean-scaled index","reference","Reference"
1973,"index","F20_R2_G20","Index 20  / Region 2  / Group 20","1973",1.14631510743072,0.785203271582978,"geometric-mean-scaled index","reference","Reference"
1974,"index","F20_R2_G20","Index 20  / Region 2  / Group 20","1974",0.503606327140092,0.686269955205001,"geometric-mean-scaled index","reference","Reference"
1975,"index","F20_R2_G20","Index 20  / Region 2  / Group 20","1975",0.345168043176568,0.628392576859641,"geometric-mean-scaled index","reference","Reference"
1976,"index","F20_R2_G20","Index 20  / Region 2  / Group 20","1976",0.392881567888747,0.614590769546345,"geometric-mean-scaled index","reference","Reference"
1977,"index","F20_R2_G20","Index 20  / Region 2  / Group 20","1977",0.722292569399697,0.737136834626289,"geometric-mean-scaled index","reference","Reference"
1978,"index","F20_R2_G20","Index 20  / Region 2  / Group 20","1978",1.34450541165844,0.996894102319325,"geometric-mean-scaled index","reference","Reference"
1979,"index","F20_R2_G20","Index 20  / Region 2  / Group 20","1979",0.925834385511787,0.95506948494503,"geometric-mean-scaled index","reference","Reference"
1980,"index","F20_R2_G20","Index 20  / Region 2  / Group 20","1980",0.665679781043966,0.811794388620696,"geometric-mean-scaled index","reference","Reference"
1981,"index","F20_R2_G20","Index 20  / Region 2  / Group 20","1981",0.591226781169868,0.686234480228353,"geometric-mean-scaled index","reference","Reference"
1982,"index","F20_R2_G20","Index 20  / Region 2  / Group 20","1982",0.474104859767232,0.608688425111072,"geometric-mean-scaled index","reference","Reference"
1983,"index","F20_R2_G20","Index 20  / Region 2  / Group 20","1983",0.516419783951321,0.621456930505902,"geometric-mean-scaled index","reference","Reference"
1984,"index","F20_R2_G20","Index 20  / Region 2  / Group 20","1984",0.705603550009173,0.729589623308017,"geometric-mean-scaled index","reference","Reference"
1985,"index","F20_R2_G20","Index 20  / Region 2  / Group 20","1985",0.596630644214555,0.762055096188981,"geometric-mean-scaled index","reference","Reference"
1986,"index","F20_R2_G20","Index 20  / Region 2  / Group 20","1986",0.576521368772823,0.726178847220545,"geometric-mean-scaled index","reference","Reference"
1987,"index","F20_R2_G20","Index 20  / Region 2  / Group 20","1987",0.738069475063823,0.713085906467426,"geometric-mean-scaled index","reference","Reference"
1988,"index","F20_R2_G20","Index 20  / Region 2  / Group 20","1988",0.631881286279668,0.747497273192561,"geometric-mean-scaled index","reference","Reference"
1989,"index","F20_R2_G20","Index 20  / Region 2  / Group 20","1989",0.538572813890766,0.636049505781582,"geometric-mean-scaled index","reference","Reference"
1990,"index","F20_R2_G20","Index 20  / Region 2  / Group 20","1990",0.558798697122352,0.648936594873216,"geometric-mean-scaled index","reference","Reference"
1991,"index","F20_R2_G20","Index 20  / Region 2  / Group 20","1991",0.596239520556125,0.665845693980718,"geometric-mean-scaled index","reference","Reference"
1992,"index","F20_R2_G20","Index 20  / Region 2  / Group 20","1992",0.949703632796349,0.720337126320834,"geometric-mean-scaled index","reference","Reference"
1993,"index","F20_R2_G20","Index 20  / Region 2  / Group 20","1993",0.773853468646436,0.837918537093758,"geometric-mean-scaled index","reference","Reference"
1994,"index","F20_R2_G20","Index 20  / Region 2  / Group 20","1994",0.810781379423954,0.744954462977618,"geometric-mean-scaled index","reference","Reference"
1995,"index","F20_R2_G20","Index 20  / Region 2  / Group 20","1995",1.07726297359609,0.861144524928125,"geometric-mean-scaled index","reference","Reference"
1996,"index","F20_R2_G20","Index 20  / Region 2  / Group 20","1996",0.935003854840217,0.841072765720328,"geometric-mean-scaled index","reference","Reference"
1997,"index","F20_R2_G20","Index 20  / Region 2  / Group 20","1997",0.800397864000986,0.845982042090175,"geometric-mean-scaled index","reference","Reference"
1998,"index","F20_R2_G20","Index 20  / Region 2  / Group 20","1998",1.04349083940237,0.893047962798107,"geometric-mean-scaled index","reference","Reference"
1999,"index","F20_R2_G20","Index 20  / Region 2  / Group 20","1999",0.765213765192612,0.981620867199346,"geometric-mean-scaled index","reference","Reference"
2000,"index","F20_R2_G20","Index 20  / Region 2  / Group 20","2000",0.767097814359868,0.885761073010969,"geometric-mean-scaled index","reference","Reference"
2001,"index","F20_R2_G20","Index 20  / Region 2  / Group 20","2001",0.841773334723493,0.823707691177151,"geometric-mean-scaled index","reference","Reference"
2002,"index","F20_R2_G20","Index 20  / Region 2  / Group 20","2002",0.547333871289332,0.645209752997771,"geometric-mean-scaled index","reference","Reference"
2003,"index","F20_R2_G20","Index 20  / Region 2  / Group 20","2003",0.588325890023659,0.823404920836567,"geometric-mean-scaled index","reference","Reference"
2004,"index","F20_R2_G20","Index 20  / Region 2  / Group 20","2004",0.635814586790303,0.658630957236077,"geometric-mean-scaled index","reference","Reference"
2005,"index","F20_R2_G20","Index 20  / Region 2  / Group 20","2005",0.834789610625378,0.756439549293717,"geometric-mean-scaled index","reference","Reference"
2006,"index","F20_R2_G20","Index 20  / Region 2  / Group 20","2006",0.92372528101704,0.892652968226209,"geometric-mean-scaled index","reference","Reference"
2007,"index","F20_R2_G20","Index 20  / Region 2  / Group 20","2007",0.84623569961814,0.98383671312678,"geometric-mean-scaled index","reference","Reference"
2008,"index","F20_R2_G20","Index 20  / Region 2  / Group 20","2008",0.610796174186906,0.852993696038953,"geometric-mean-scaled index","reference","Reference"
2009,"index","F20_R2_G20","Index 20  / Region 2  / Group 20","2009",1.05927374250753,0.797513032529362,"geometric-mean-scaled index","reference","Reference"
2010,"index","F20_R2_G20","Index 20  / Region 2  / Group 20","2010",0.847323881897912,0.81454928404635,"geometric-mean-scaled index","reference","Reference"
2011,"index","F20_R2_G20","Index 20  / Region 2  / Group 20","2011",1.12583979197944,0.946123839881451,"geometric-mean-scaled index","reference","Reference"
2012,"index","F20_R2_G20","Index 20  / Region 2  / Group 20","2012",0.945525297290097,0.846508424621268,"geometric-mean-scaled index","reference","Reference"
2013,"index","F20_R2_G20","Index 20  / Region 2  / Group 20","2013",0.87877457395759,0.838926798742716,"geometric-mean-scaled index","reference","Reference"
2014,"index","F20_R2_G20","Index 20  / Region 2  / Group 20","2014",1.04373534993691,0.904835622026256,"geometric-mean-scaled index","reference","Reference"
2015,"index","F20_R2_G20","Index 20  / Region 2  / Group 20","2015",1.22377077691567,0.920891078819022,"geometric-mean-scaled index","reference","Reference"
2016,"index","F20_R2_G20","Index 20  / Region 2  / Group 20","2016",1.13572929605611,0.829970977424712,"geometric-mean-scaled index","reference","Reference"
2017,"index","F20_R2_G20","Index 20  / Region 2  / Group 20","2017",0.734357067400453,0.754803033634295,"geometric-mean-scaled index","reference","Reference"
2018,"index","F20_R2_G20","Index 20  / Region 2  / Group 20","2018",0.64550184014846,0.74924581649755,"geometric-mean-scaled index","reference","Reference"
2019,"index","F20_R2_G20","Index 20  / Region 2  / Group 20","2019",0.713722524698996,0.786628616369426,"geometric-mean-scaled index","reference","Reference"
2020,"index","F20_R2_G20","Index 20  / Region 2  / Group 20","2020",0.772716002092201,0.67500161219348,"geometric-mean-scaled index","reference","Reference"
2021,"index","F20_R2_G20","Index 20  / Region 2  / Group 20","2021",0.751048561936257,0.499071074345567,"geometric-mean-scaled index","reference","Reference"
2022,"index","F20_R2_G20","Index 20  / Region 2  / Group 20","2022",1.00202993070836,0.735854953519355,"geometric-mean-scaled index","reference","Reference"
1954,"index","F18_R1_G18","Index 18  / Region 1  / Group 18","1954",4.40903714715002,5.12901936913346,"geometric-mean-scaled index","peel-1","Peel 1"
1955,"index","F18_R1_G18","Index 18  / Region 1  / Group 18","1955",3.14529508758885,4.83743087345215,"geometric-mean-scaled index","peel-1","Peel 1"
1956,"index","F18_R1_G18","Index 18  / Region 1  / Group 18","1956",3.55845376339654,4.70045558239,"geometric-mean-scaled index","peel-1","Peel 1"
1957,"index","F18_R1_G18","Index 18  / Region 1  / Group 18","1957",3.81367935187817,4.57769817798553,"geometric-mean-scaled index","peel-1","Peel 1"
1958,"index","F18_R1_G18","Index 18  / Region 1  / Group 18","1958",4.19937988018333,4.45779811209571,"geometric-mean-scaled index","peel-1","Peel 1"
1959,"index","F18_R1_G18","Index 18  / Region 1  / Group 18","1959",5.02003875847804,4.30556319290277,"geometric-mean-scaled index","peel-1","Peel 1"
1960,"index","F18_R1_G18","Index 18  / Region 1  / Group 18","1960",6.09415385779237,4.17624521340491,"geometric-mean-scaled index","peel-1","Peel 1"
1961,"index","F18_R1_G18","Index 18  / Region 1  / Group 18","1961",5.9871599837675,4.00432342855857,"geometric-mean-scaled index","peel-1","Peel 1"
1962,"index","F18_R1_G18","Index 18  / Region 1  / Group 18","1962",4.31836862588877,3.73153703956599,"geometric-mean-scaled index","peel-1","Peel 1"
1963,"index","F18_R1_G18","Index 18  / Region 1  / Group 18","1963",2.6756633141332,3.37866043455293,"geometric-mean-scaled index","peel-1","Peel 1"
1964,"index","F18_R1_G18","Index 18  / Region 1  / Group 18","1964",2.42251196662564,2.98258665087874,"geometric-mean-scaled index","peel-1","Peel 1"
1965,"index","F18_R1_G18","Index 18  / Region 1  / Group 18","1965",2.71599052736943,2.52962486098883,"geometric-mean-scaled index","peel-1","Peel 1"
1966,"index","F18_R1_G18","Index 18  / Region 1  / Group 18","1966",2.44814503331434,2.08302795845481,"geometric-mean-scaled index","peel-1","Peel 1"
1967,"index","F18_R1_G18","Index 18  / Region 1  / Group 18","1967",1.94746079529619,1.84115840631894,"geometric-mean-scaled index","peel-1","Peel 1"
1968,"index","F18_R1_G18","Index 18  / Region 1  / Group 18","1968",1.71471945569896,1.77816948231505,"geometric-mean-scaled index","peel-1","Peel 1"
1969,"index","F18_R1_G18","Index 18  / Region 1  / Group 18","1969",1.65433171113289,1.71396837054663,"geometric-mean-scaled index","peel-1","Peel 1"
1970,"index","F18_R1_G18","Index 18  / Region 1  / Group 18","1970",1.54780579698768,1.51136116637737,"geometric-mean-scaled index","peel-1","Peel 1"
1971,"index","F18_R1_G18","Index 18  / Region 1  / Group 18","1971",1.23412080025738,1.25109288752744,"geometric-mean-scaled index","peel-1","Peel 1"
1972,"index","F18_R1_G18","Index 18  / Region 1  / Group 18","1972",1.07338614840291,1.05797483796406,"geometric-mean-scaled index","peel-1","Peel 1"
1973,"index","F18_R1_G18","Index 18  / Region 1  / Group 18","1973",0.989103263951998,0.878745536775331,"geometric-mean-scaled index","peel-1","Peel 1"
1974,"index","F18_R1_G18","Index 18  / Region 1  / Group 18","1974",0.580301639759145,0.752270190329345,"geometric-mean-scaled index","peel-1","Peel 1"
1975,"index","F18_R1_G18","Index 18  / Region 1  / Group 18","1975",0.58813811691667,0.725371738935472,"geometric-mean-scaled index","peel-1","Peel 1"
1976,"index","F18_R1_G18","Index 18  / Region 1  / Group 18","1976",0.851064006357214,0.734744918734019,"geometric-mean-scaled index","peel-1","Peel 1"
1977,"index","F18_R1_G18","Index 18  / Region 1  / Group 18","1977",0.863018267252948,0.691014080627073,"geometric-mean-scaled index","peel-1","Peel 1"
1978,"index","F18_R1_G18","Index 18  / Region 1  / Group 18","1978",0.935245185300877,0.728473610914228,"geometric-mean-scaled index","peel-1","Peel 1"
1979,"index","F18_R1_G18","Index 18  / Region 1  / Group 18","1979",0.811891863308134,0.854632567002619,"geometric-mean-scaled index","peel-1","Peel 1"
1980,"index","F18_R1_G18","Index 18  / Region 1  / Group 18","1980",0.857986996795637,0.939871813577571,"geometric-mean-scaled index","peel-1","Peel 1"
1981,"index","F18_R1_G18","Index 18  / Region 1  / Group 18","1981",0.969775742290399,0.878994094342431,"geometric-mean-scaled index","peel-1","Peel 1"
1982,"index","F18_R1_G18","Index 18  / Region 1  / Group 18","1982",0.754187984251701,0.764563813597856,"geometric-mean-scaled index","peel-1","Peel 1"
1983,"index","F18_R1_G18","Index 18  / Region 1  / Group 18","1983",0.847323525052082,0.693791068895976,"geometric-mean-scaled index","peel-1","Peel 1"
1984,"index","F18_R1_G18","Index 18  / Region 1  / Group 18","1984",0.697012441179108,0.675212459153363,"geometric-mean-scaled index","peel-1","Peel 1"
1985,"index","F18_R1_G18","Index 18  / Region 1  / Group 18","1985",0.700113985527936,0.725400266576871,"geometric-mean-scaled index","peel-1","Peel 1"
1986,"index","F18_R1_G18","Index 18  / Region 1  / Group 18","1986",0.916792661518106,0.770788817870142,"geometric-mean-scaled index","peel-1","Peel 1"
1987,"index","F18_R1_G18","Index 18  / Region 1  / Group 18","1987",0.932698710694853,0.822381148429176,"geometric-mean-scaled index","peel-1","Peel 1"
1988,"index","F18_R1_G18","Index 18  / Region 1  / Group 18","1988",0.933673375591985,0.779810919741873,"geometric-mean-scaled index","peel-1","Peel 1"
1989,"index","F18_R1_G18","Index 18  / Region 1  / Group 18","1989",0.68771709247243,0.767794616209187,"geometric-mean-scaled index","peel-1","Peel 1"
1990,"index","F18_R1_G18","Index 18  / Region 1  / Group 18","1990",0.776975789161292,0.773761207898322,"geometric-mean-scaled index","peel-1","Peel 1"
1991,"index","F18_R1_G18","Index 18  / Region 1  / Group 18","1991",0.655727821196814,0.737626743002059,"geometric-mean-scaled index","peel-1","Peel 1"
1992,"index","F18_R1_G18","Index 18  / Region 1  / Group 18","1992",0.872502177541898,0.721302456363189,"geometric-mean-scaled index","peel-1","Peel 1"
1993,"index","F18_R1_G18","Index 18  / Region 1  / Group 18","1993",0.879147658089477,0.760009672701494,"geometric-mean-scaled index","peel-1","Peel 1"
1994,"index","F18_R1_G18","Index 18  / Region 1  / Group 18","1994",0.948738796667378,0.803790411226608,"geometric-mean-scaled index","peel-1","Peel 1"
1995,"index","F18_R1_G18","Index 18  / Region 1  / Group 18","1995",0.883131727989847,0.848758889509745,"geometric-mean-scaled index","peel-1","Peel 1"
1996,"index","F18_R1_G18","Index 18  / Region 1  / Group 18","1996",0.837306959406211,0.853269372515186,"geometric-mean-scaled index","peel-1","Peel 1"
1997,"index","F18_R1_G18","Index 18  / Region 1  / Group 18","1997",0.95208949005856,0.882438656253219,"geometric-mean-scaled index","peel-1","Peel 1"
1998,"index","F18_R1_G18","Index 18  / Region 1  / Group 18","1998",0.856547687420413,0.840900055848478,"geometric-mean-scaled index","peel-1","Peel 1"
1999,"index","F18_R1_G18","Index 18  / Region 1  / Group 18","1999",0.61266101448799,0.87603854334421,"geometric-mean-scaled index","peel-1","Peel 1"
2000,"index","F18_R1_G18","Index 18  / Region 1  / Group 18","2000",0.679263091965619,0.912507635371595,"geometric-mean-scaled index","peel-1","Peel 1"
2001,"index","F18_R1_G18","Index 18  / Region 1  / Group 18","2001",0.663388123597169,0.853417850975978,"geometric-mean-scaled index","peel-1","Peel 1"
2002,"index","F18_R1_G18","Index 18  / Region 1  / Group 18","2002",0.695863453728742,0.670905891618693,"geometric-mean-scaled index","peel-1","Peel 1"
2003,"index","F18_R1_G18","Index 18  / Region 1  / Group 18","2003",0.520428254256146,0.567332633971113,"geometric-mean-scaled index","peel-1","Peel 1"
2004,"index","F18_R1_G18","Index 18  / Region 1  / Group 18","2004",0.457969008695485,0.572068211045264,"geometric-mean-scaled index","peel-1","Peel 1"
2005,"index","F18_R1_G18","Index 18  / Region 1  / Group 18","2005",0.57000982730679,0.536607617959623,"geometric-mean-scaled index","peel-1","Peel 1"
2006,"index","F18_R1_G18","Index 18  / Region 1  / Group 18","2006",0.692547701969523,0.547222560023913,"geometric-mean-scaled index","peel-1","Peel 1"
2007,"index","F18_R1_G18","Index 18  / Region 1  / Group 18","2007",0.763296075617131,0.60803946441079,"geometric-mean-scaled index","peel-1","Peel 1"
2008,"index","F18_R1_G18","Index 18  / Region 1  / Group 18","2008",0.557991706511396,0.678138612763941,"geometric-mean-scaled index","peel-1","Peel 1"
2009,"index","F18_R1_G18","Index 18  / Region 1  / Group 18","2009",0.644374806432787,0.658158297299562,"geometric-mean-scaled index","peel-1","Peel 1"
2010,"index","F18_R1_G18","Index 18  / Region 1  / Group 18","2010",0.629833334064991,0.497510779272683,"geometric-mean-scaled index","peel-1","Peel 1"
2011,"index","F18_R1_G18","Index 18  / Region 1  / Group 18","2011",0.472776191924379,0.515765755472537,"geometric-mean-scaled index","peel-1","Peel 1"
2012,"index","F18_R1_G18","Index 18  / Region 1  / Group 18","2012",0.561037772817115,0.567738178066572,"geometric-mean-scaled index","peel-1","Peel 1"
2013,"index","F18_R1_G18","Index 18  / Region 1  / Group 18","2013",0.518607359493591,0.56358515743252,"geometric-mean-scaled index","peel-1","Peel 1"
2014,"index","F18_R1_G18","Index 18  / Region 1  / Group 18","2014",0.534249440170542,0.573754980243473,"geometric-mean-scaled index","peel-1","Peel 1"
2015,"index","F18_R1_G18","Index 18  / Region 1  / Group 18","2015",0.610459945494768,0.607339873453133,"geometric-mean-scaled index","peel-1","Peel 1"
2016,"index","F18_R1_G18","Index 18  / Region 1  / Group 18","2016",0.483833914957584,0.639432073377482,"geometric-mean-scaled index","peel-1","Peel 1"
2017,"index","F18_R1_G18","Index 18  / Region 1  / Group 18","2017",0.503585067785675,0.639367498806258,"geometric-mean-scaled index","peel-1","Peel 1"
2018,"index","F18_R1_G18","Index 18  / Region 1  / Group 18","2018",0.44199217333407,0.567471236931081,"geometric-mean-scaled index","peel-1","Peel 1"
2019,"index","F18_R1_G18","Index 18  / Region 1  / Group 18","2019",0.466975339471439,0.516053573901296,"geometric-mean-scaled index","peel-1","Peel 1"
2020,"index","F18_R1_G18","Index 18  / Region 1  / Group 18","2020",0.377731205082218,0.493068227129431,"geometric-mean-scaled index","peel-1","Peel 1"
2021,"index","F18_R1_G18","Index 18  / Region 1  / Group 18","2021",0.384903092509445,0.489407619270335,"geometric-mean-scaled index","peel-1","Peel 1"
1992,"index","F19_R1_G19","Index 19  / Region 1  / Group 19","1992",1.85927115000846,0.902816224907052,"geometric-mean-scaled index","peel-1","Peel 1"
1993,"index","F19_R1_G19","Index 19  / Region 1  / Group 19","1993",0.849266654622091,0.875118454614306,"geometric-mean-scaled index","peel-1","Peel 1"
1994,"index","F19_R1_G19","Index 19  / Region 1  / Group 19","1994",1.00123553533734,0.865766966291636,"geometric-mean-scaled index","peel-1","Peel 1"
1995,"index","F19_R1_G19","Index 19  / Region 1  / Group 19","1995",1.31046507492219,1.02092277199852,"geometric-mean-scaled index","peel-1","Peel 1"
1996,"index","F19_R1_G19","Index 19  / Region 1  / Group 19","1996",1.21306505673522,1.06044184069218,"geometric-mean-scaled index","peel-1","Peel 1"
1997,"index","F19_R1_G19","Index 19  / Region 1  / Group 19","1997",0.799390157141791,0.80482953880593,"geometric-mean-scaled index","peel-1","Peel 1"
1998,"index","F19_R1_G19","Index 19  / Region 1  / Group 19","1998",1.99291282185133,0.664266649706819,"geometric-mean-scaled index","peel-1","Peel 1"
1999,"index","F19_R1_G19","Index 19  / Region 1  / Group 19","1999",1.3696369541503,0.636127267432565,"geometric-mean-scaled index","peel-1","Peel 1"
2000,"index","F19_R1_G19","Index 19  / Region 1  / Group 19","2000",0.965612099781253,1.06464698129866,"geometric-mean-scaled index","peel-1","Peel 1"
2001,"index","F19_R1_G19","Index 19  / Region 1  / Group 19","2001",0.810369966030035,0.826365312942661,"geometric-mean-scaled index","peel-1","Peel 1"
2002,"index","F19_R1_G19","Index 19  / Region 1  / Group 19","2002",0.74171237247259,0.9892733223232,"geometric-mean-scaled index","peel-1","Peel 1"
2003,"index","F19_R1_G19","Index 19  / Region 1  / Group 19","2003",1.03600097632011,1.36924834986856,"geometric-mean-scaled index","peel-1","Peel 1"
2004,"index","F19_R1_G19","Index 19  / Region 1  / Group 19","2004",1.05045112419079,1.25334071543733,"geometric-mean-scaled index","peel-1","Peel 1"
2005,"index","F19_R1_G19","Index 19  / Region 1  / Group 19","2005",0.734713898314047,0.881142728795197,"geometric-mean-scaled index","peel-1","Peel 1"
2006,"index","F19_R1_G19","Index 19  / Region 1  / Group 19","2006",0.882670668461906,0.810328576029455,"geometric-mean-scaled index","peel-1","Peel 1"
2007,"index","F19_R1_G19","Index 19  / Region 1  / Group 19","2007",1.03363575876466,1.08395599689404,"geometric-mean-scaled index","peel-1","Peel 1"
2008,"index","F19_R1_G19","Index 19  / Region 1  / Group 19","2008",1.33647576097039,1.33468310485032,"geometric-mean-scaled index","peel-1","Peel 1"
2009,"index","F19_R1_G19","Index 19  / Region 1  / Group 19","2009",0.832547956398684,1.13564467479336,"geometric-mean-scaled index","peel-1","Peel 1"
2010,"index","F19_R1_G19","Index 19  / Region 1  / Group 19","2010",1.1710748925389,1.10290307481805,"geometric-mean-scaled index","peel-1","Peel 1"
2011,"index","F19_R1_G19","Index 19  / Region 1  / Group 19","2011",1.14908021933067,1.31817353535173,"geometric-mean-scaled index","peel-1","Peel 1"
2012,"index","F19_R1_G19","Index 19  / Region 1  / Group 19","2012",0.992144371207608,1.35749738537358,"geometric-mean-scaled index","peel-1","Peel 1"
2013,"index","F19_R1_G19","Index 19  / Region 1  / Group 19","2013",0.812541615693899,1.11454760315194,"geometric-mean-scaled index","peel-1","Peel 1"
2014,"index","F19_R1_G19","Index 19  / Region 1  / Group 19","2014",0.869128916645273,0.972658731705203,"geometric-mean-scaled index","peel-1","Peel 1"
2015,"index","F19_R1_G19","Index 19  / Region 1  / Group 19","2015",0.923487470227196,1.10129515536711,"geometric-mean-scaled index","peel-1","Peel 1"
2016,"index","F19_R1_G19","Index 19  / Region 1  / Group 19","2016",0.994049496935054,1.1326789898162,"geometric-mean-scaled index","peel-1","Peel 1"
2017,"index","F19_R1_G19","Index 19  / Region 1  / Group 19","2017",0.679637993540111,0.841475610724029,"geometric-mean-scaled index","peel-1","Peel 1"
2018,"index","F19_R1_G19","Index 19  / Region 1  / Group 19","2018",1.1614387047662,0.726378806376988,"geometric-mean-scaled index","peel-1","Peel 1"
2019,"index","F19_R1_G19","Index 19  / Region 1  / Group 19","2019",0.909406517143503,1.26829800853862,"geometric-mean-scaled index","peel-1","Peel 1"
2020,"index","F19_R1_G19","Index 19  / Region 1  / Group 19","2020",0.960523282163485,1.35381838862522,"geometric-mean-scaled index","peel-1","Peel 1"
2021,"index","F19_R1_G19","Index 19  / Region 1  / Group 19","2021",0.974737478989675,1.23067773807285,"geometric-mean-scaled index","peel-1","Peel 1"
1954,"index","F20_R2_G20","Index 20  / Region 2  / Group 20","1954",4.21096154805618,3.30766887715342,"geometric-mean-scaled index","peel-1","Peel 1"
1955,"index","F20_R2_G20","Index 20  / Region 2  / Group 20","1955",3.11733650195403,3.23374010220268,"geometric-mean-scaled index","peel-1","Peel 1"
1956,"index","F20_R2_G20","Index 20  / Region 2  / Group 20","1956",3.11471220345346,3.20671944436311,"geometric-mean-scaled index","peel-1","Peel 1"
1957,"index","F20_R2_G20","Index 20  / Region 2  / Group 20","1957",2.49122048423764,3.17906577389021,"geometric-mean-scaled index","peel-1","Peel 1"
1958,"index","F20_R2_G20","Index 20  / Region 2  / Group 20","1958",3.38277838084962,3.15230942827412,"geometric-mean-scaled index","peel-1","Peel 1"
1959,"index","F20_R2_G20","Index 20  / Region 2  / Group 20","1959",3.53910335426992,3.12227851376585,"geometric-mean-scaled index","peel-1","Peel 1"
1960,"index","F20_R2_G20","Index 20  / Region 2  / Group 20","1960",2.88806453309758,3.06968097088662,"geometric-mean-scaled index","peel-1","Peel 1"
1961,"index","F20_R2_G20","Index 20  / Region 2  / Group 20","1961",2.77519235560544,2.74799067114948,"geometric-mean-scaled index","peel-1","Peel 1"
1962,"index","F20_R2_G20","Index 20  / Region 2  / Group 20","1962",2.84542670742501,2.59279132098758,"geometric-mean-scaled index","peel-1","Peel 1"
1963,"index","F20_R2_G20","Index 20  / Region 2  / Group 20","1963",2.15624779216803,2.10504600563485,"geometric-mean-scaled index","peel-1","Peel 1"
1964,"index","F20_R2_G20","Index 20  / Region 2  / Group 20","1964",1.77294323917794,1.64937097381187,"geometric-mean-scaled index","peel-1","Peel 1"
1965,"index","F20_R2_G20","Index 20  / Region 2  / Group 20","1965",1.39305357413891,1.56210754912942,"geometric-mean-scaled index","peel-1","Peel 1"
1966,"index","F20_R2_G20","Index 20  / Region 2  / Group 20","1966",2.15604911541288,1.63173466586826,"geometric-mean-scaled index","peel-1","Peel 1"
1967,"index","F20_R2_G20","Index 20  / Region 2  / Group 20","1967",1.83466830687541,1.78881987714919,"geometric-mean-scaled index","peel-1","Peel 1"
1968,"index","F20_R2_G20","Index 20  / Region 2  / Group 20","1968",1.49027459282616,1.51163266407412,"geometric-mean-scaled index","peel-1","Peel 1"
1969,"index","F20_R2_G20","Index 20  / Region 2  / Group 20","1969",0.90397341842816,1.15451974325359,"geometric-mean-scaled index","peel-1","Peel 1"
1970,"index","F20_R2_G20","Index 20  / Region 2  / Group 20","1970",1.74296686069583,1.11017534061553,"geometric-mean-scaled index","peel-1","Peel 1"
1971,"index","F20_R2_G20","Index 20  / Region 2  / Group 20","1971",1.05128168838887,0.984509528413869,"geometric-mean-scaled index","peel-1","Peel 1"
1972,"index","F20_R2_G20","Index 20  / Region 2  / Group 20","1972",1.03629787461149,0.884161492950585,"geometric-mean-scaled index","peel-1","Peel 1"
1973,"index","F20_R2_G20","Index 20  / Region 2  / Group 20","1973",1.14631510743072,0.796981320656723,"geometric-mean-scaled index","peel-1","Peel 1"
1974,"index","F20_R2_G20","Index 20  / Region 2  / Group 20","1974",0.503606327140092,0.696564004533076,"geometric-mean-scaled index","peel-1","Peel 1"
1975,"index","F20_R2_G20","Index 20  / Region 2  / Group 20","1975",0.345168043176568,0.637818465512536,"geometric-mean-scaled index","peel-1","Peel 1"
1976,"index","F20_R2_G20","Index 20  / Region 2  / Group 20","1976",0.392881567888747,0.62380963108954,"geometric-mean-scaled index","peel-1","Peel 1"
1977,"index","F20_R2_G20","Index 20  / Region 2  / Group 20","1977",0.722292569399697,0.748193887145683,"geometric-mean-scaled index","peel-1","Peel 1"
1978,"index","F20_R2_G20","Index 20  / Region 2  / Group 20","1978",1.34450541165844,1.01184751385411,"geometric-mean-scaled index","peel-1","Peel 1"
1979,"index","F20_R2_G20","Index 20  / Region 2  / Group 20","1979",0.925834385511787,0.969395527219205,"geometric-mean-scaled index","peel-1","Peel 1"
1980,"index","F20_R2_G20","Index 20  / Region 2  / Group 20","1980",0.665679781043966,0.823971304450007,"geometric-mean-scaled index","peel-1","Peel 1"
1981,"index","F20_R2_G20","Index 20  / Region 2  / Group 20","1981",0.591226781169868,0.696527997431778,"geometric-mean-scaled index","peel-1","Peel 1"
1982,"index","F20_R2_G20","Index 20  / Region 2  / Group 20","1982",0.474104859767232,0.617818751487738,"geometric-mean-scaled index","peel-1","Peel 1"
1983,"index","F20_R2_G20","Index 20  / Region 2  / Group 20","1983",0.516419783951321,0.630778784463491,"geometric-mean-scaled index","peel-1","Peel 1"
1984,"index","F20_R2_G20","Index 20  / Region 2  / Group 20","1984",0.705603550009173,0.740533467657637,"geometric-mean-scaled index","peel-1","Peel 1"
1985,"index","F20_R2_G20","Index 20  / Region 2  / Group 20","1985",0.596630644214555,0.773485922631816,"geometric-mean-scaled index","peel-1","Peel 1"
1986,"index","F20_R2_G20","Index 20  / Region 2  / Group 20","1986",0.576521368772823,0.737071529928853,"geometric-mean-scaled index","peel-1","Peel 1"
1987,"index","F20_R2_G20","Index 20  / Region 2  / Group 20","1987",0.738069475063823,0.723782195064437,"geometric-mean-scaled index","peel-1","Peel 1"
1988,"index","F20_R2_G20","Index 20  / Region 2  / Group 20","1988",0.631881286279668,0.758709732290449,"geometric-mean-scaled index","peel-1","Peel 1"
1989,"index","F20_R2_G20","Index 20  / Region 2  / Group 20","1989",0.538572813890766,0.645590248368306,"geometric-mean-scaled index","peel-1","Peel 1"
1990,"index","F20_R2_G20","Index 20  / Region 2  / Group 20","1990",0.558798697122352,0.658670643796314,"geometric-mean-scaled index","peel-1","Peel 1"
1991,"index","F20_R2_G20","Index 20  / Region 2  / Group 20","1991",0.596239520556125,0.675833379390429,"geometric-mean-scaled index","peel-1","Peel 1"
1992,"index","F20_R2_G20","Index 20  / Region 2  / Group 20","1992",0.949703632796349,0.731142183215647,"geometric-mean-scaled index","peel-1","Peel 1"
1993,"index","F20_R2_G20","Index 20  / Region 2  / Group 20","1993",0.773853468646436,0.850487315150165,"geometric-mean-scaled index","peel-1","Peel 1"
1994,"index","F20_R2_G20","Index 20  / Region 2  / Group 20","1994",0.810781379423954,0.756128779922282,"geometric-mean-scaled index","peel-1","Peel 1"
1995,"index","F20_R2_G20","Index 20  / Region 2  / Group 20","1995",1.07726297359609,0.874061692802047,"geometric-mean-scaled index","peel-1","Peel 1"
1996,"index","F20_R2_G20","Index 20  / Region 2  / Group 20","1996",0.935003854840217,0.853688857206133,"geometric-mean-scaled index","peel-1","Peel 1"
1997,"index","F20_R2_G20","Index 20  / Region 2  / Group 20","1997",0.800397864000986,0.858671772721528,"geometric-mean-scaled index","peel-1","Peel 1"
1998,"index","F20_R2_G20","Index 20  / Region 2  / Group 20","1998",1.04349083940237,0.906443682240079,"geometric-mean-scaled index","peel-1","Peel 1"
1999,"index","F20_R2_G20","Index 20  / Region 2  / Group 20","1999",0.765213765192612,0.996345180207336,"geometric-mean-scaled index","peel-1","Peel 1"
2000,"index","F20_R2_G20","Index 20  / Region 2  / Group 20","2000",0.767097814359868,0.899047489106134,"geometric-mean-scaled index","peel-1","Peel 1"
2001,"index","F20_R2_G20","Index 20  / Region 2  / Group 20","2001",0.841773334723493,0.836063306544809,"geometric-mean-scaled index","peel-1","Peel 1"
2002,"index","F20_R2_G20","Index 20  / Region 2  / Group 20","2002",0.547333871289332,0.654887899292737,"geometric-mean-scaled index","peel-1","Peel 1"
2003,"index","F20_R2_G20","Index 20  / Region 2  / Group 20","2003",0.588325890023659,0.835755994649116,"geometric-mean-scaled index","peel-1","Peel 1"
2004,"index","F20_R2_G20","Index 20  / Region 2  / Group 20","2004",0.635814586790303,0.668510421594618,"geometric-mean-scaled index","peel-1","Peel 1"
2005,"index","F20_R2_G20","Index 20  / Region 2  / Group 20","2005",0.834789610625378,0.767786142533122,"geometric-mean-scaled index","peel-1","Peel 1"
2006,"index","F20_R2_G20","Index 20  / Region 2  / Group 20","2006",0.92372528101704,0.906042762749602,"geometric-mean-scaled index","peel-1","Peel 1"
2007,"index","F20_R2_G20","Index 20  / Region 2  / Group 20","2007",0.84623569961814,0.998594263823682,"geometric-mean-scaled index","peel-1","Peel 1"
2008,"index","F20_R2_G20","Index 20  / Region 2  / Group 20","2008",0.610796174186906,0.865788601479537,"geometric-mean-scaled index","peel-1","Peel 1"
2009,"index","F20_R2_G20","Index 20  / Region 2  / Group 20","2009",1.05927374250753,0.809475728017303,"geometric-mean-scaled index","peel-1","Peel 1"
2010,"index","F20_R2_G20","Index 20  / Region 2  / Group 20","2010",0.847323881897912,0.826767523307046,"geometric-mean-scaled index","peel-1","Peel 1"
2011,"index","F20_R2_G20","Index 20  / Region 2  / Group 20","2011",1.12583979197944,0.960315697479673,"geometric-mean-scaled index","peel-1","Peel 1"
2012,"index","F20_R2_G20","Index 20  / Region 2  / Group 20","2012",0.945525297290097,0.859206050990587,"geometric-mean-scaled index","peel-1","Peel 1"
2013,"index","F20_R2_G20","Index 20  / Region 2  / Group 20","2013",0.87877457395759,0.851510700723857,"geometric-mean-scaled index","peel-1","Peel 1"
2014,"index","F20_R2_G20","Index 20  / Region 2  / Group 20","2014",1.04373534993691,0.91840815635665,"geometric-mean-scaled index","peel-1","Peel 1"
2015,"index","F20_R2_G20","Index 20  / Region 2  / Group 20","2015",1.22377077691567,0.934704445001307,"geometric-mean-scaled index","peel-1","Peel 1"
2016,"index","F20_R2_G20","Index 20  / Region 2  / Group 20","2016",1.13572929605611,0.842420542086082,"geometric-mean-scaled index","peel-1","Peel 1"
2017,"index","F20_R2_G20","Index 20  / Region 2  / Group 20","2017",0.734357067400453,0.766125079138809,"geometric-mean-scaled index","peel-1","Peel 1"
2018,"index","F20_R2_G20","Index 20  / Region 2  / Group 20","2018",0.64550184014846,0.760484503745013,"geometric-mean-scaled index","peel-1","Peel 1"
2019,"index","F20_R2_G20","Index 20  / Region 2  / Group 20","2019",0.713722524698996,0.798428045614967,"geometric-mean-scaled index","peel-1","Peel 1"
2020,"index","F20_R2_G20","Index 20  / Region 2  / Group 20","2020",0.772716002092201,0.685126636376382,"geometric-mean-scaled index","peel-1","Peel 1"
2021,"index","F20_R2_G20","Index 20  / Region 2  / Group 20","2021",0.751048561936257,0.506557140460751,"geometric-mean-scaled index","peel-1","Peel 1"
1954,"index","F18_R1_G18","Index 18  / Region 1  / Group 18","1954",4.40903714715002,5.20481768493346,"geometric-mean-scaled index","peel-2","Peel 2"
1955,"index","F18_R1_G18","Index 18  / Region 1  / Group 18","1955",3.14529508758885,4.9089199996608,"geometric-mean-scaled index","peel-2","Peel 2"
1956,"index","F18_R1_G18","Index 18  / Region 1  / Group 18","1956",3.55845376339654,4.7699204432135,"geometric-mean-scaled index","peel-2","Peel 2"
1957,"index","F18_R1_G18","Index 18  / Region 1  / Group 18","1957",3.81367935187817,4.64534888997546,"geometric-mean-scaled index","peel-2","Peel 2"
1958,"index","F18_R1_G18","Index 18  / Region 1  / Group 18","1958",4.19937988018333,4.52367690192963,"geometric-mean-scaled index","peel-2","Peel 2"
1959,"index","F18_R1_G18","Index 18  / Region 1  / Group 18","1959",5.02003875847804,4.36919220560577,"geometric-mean-scaled index","peel-2","Peel 2"
1960,"index","F18_R1_G18","Index 18  / Region 1  / Group 18","1960",6.09415385779237,4.23796312296262,"geometric-mean-scaled index","peel-2","Peel 2"
1961,"index","F18_R1_G18","Index 18  / Region 1  / Group 18","1961",5.9871599837675,4.06350062208407,"geometric-mean-scaled index","peel-2","Peel 2"
1962,"index","F18_R1_G18","Index 18  / Region 1  / Group 18","1962",4.31836862588877,3.78668290714579,"geometric-mean-scaled index","peel-2","Peel 2"
1963,"index","F18_R1_G18","Index 18  / Region 1  / Group 18","1963",2.6756633141332,3.42859137693549,"geometric-mean-scaled index","peel-2","Peel 2"
1964,"index","F18_R1_G18","Index 18  / Region 1  / Group 18","1964",2.42251196662564,3.0266642861134,"geometric-mean-scaled index","peel-2","Peel 2"
1965,"index","F18_R1_G18","Index 18  / Region 1  / Group 18","1965",2.71599052736943,2.56700847962413,"geometric-mean-scaled index","peel-2","Peel 2"
1966,"index","F18_R1_G18","Index 18  / Region 1  / Group 18","1966",2.44814503331434,2.11381162286548,"geometric-mean-scaled index","peel-2","Peel 2"
1967,"index","F18_R1_G18","Index 18  / Region 1  / Group 18","1967",1.94746079529619,1.86836764385075,"geometric-mean-scaled index","peel-2","Peel 2"
1968,"index","F18_R1_G18","Index 18  / Region 1  / Group 18","1968",1.71471945569896,1.80444784904877,"geometric-mean-scaled index","peel-2","Peel 2"
1969,"index","F18_R1_G18","Index 18  / Region 1  / Group 18","1969",1.65433171113289,1.73929795237737,"geometric-mean-scaled index","peel-2","Peel 2"
1970,"index","F18_R1_G18","Index 18  / Region 1  / Group 18","1970",1.54780579698768,1.53369655307261,"geometric-mean-scaled index","peel-2","Peel 2"
1971,"index","F18_R1_G18","Index 18  / Region 1  / Group 18","1971",1.23412080025738,1.26958194497858,"geometric-mean-scaled index","peel-2","Peel 2"
1972,"index","F18_R1_G18","Index 18  / Region 1  / Group 18","1972",1.07338614840291,1.07360993409161,"geometric-mean-scaled index","peel-2","Peel 2"
1973,"index","F18_R1_G18","Index 18  / Region 1  / Group 18","1973",0.989103263951998,0.891731924018317,"geometric-mean-scaled index","peel-2","Peel 2"
1974,"index","F18_R1_G18","Index 18  / Region 1  / Group 18","1974",0.580301639759145,0.763387483782488,"geometric-mean-scaled index","peel-2","Peel 2"
1975,"index","F18_R1_G18","Index 18  / Region 1  / Group 18","1975",0.58813811691667,0.736091518328607,"geometric-mean-scaled index","peel-2","Peel 2"
1976,"index","F18_R1_G18","Index 18  / Region 1  / Group 18","1976",0.851064006357214,0.745603218025654,"geometric-mean-scaled index","peel-2","Peel 2"
1977,"index","F18_R1_G18","Index 18  / Region 1  / Group 18","1977",0.863018267252948,0.701226111375257,"geometric-mean-scaled index","peel-2","Peel 2"
1978,"index","F18_R1_G18","Index 18  / Region 1  / Group 18","1978",0.935245185300877,0.739239230779956,"geometric-mean-scaled index","peel-2","Peel 2"
1979,"index","F18_R1_G18","Index 18  / Region 1  / Group 18","1979",0.811891863308134,0.867262604938619,"geometric-mean-scaled index","peel-2","Peel 2"
1980,"index","F18_R1_G18","Index 18  / Region 1  / Group 18","1980",0.857986996795637,0.953761544812708,"geometric-mean-scaled index","peel-2","Peel 2"
1981,"index","F18_R1_G18","Index 18  / Region 1  / Group 18","1981",0.969775742290399,0.891984154849955,"geometric-mean-scaled index","peel-2","Peel 2"
1982,"index","F18_R1_G18","Index 18  / Region 1  / Group 18","1982",0.754187984251701,0.775862786212603,"geometric-mean-scaled index","peel-2","Peel 2"
1983,"index","F18_R1_G18","Index 18  / Region 1  / Group 18","1983",0.847323525052082,0.70404413887966,"geometric-mean-scaled index","peel-2","Peel 2"
1984,"index","F18_R1_G18","Index 18  / Region 1  / Group 18","1984",0.697012441179108,0.685190968401935,"geometric-mean-scaled index","peel-2","Peel 2"
1985,"index","F18_R1_G18","Index 18  / Region 1  / Group 18","1985",0.700113985527936,0.736120467560765,"geometric-mean-scaled index","peel-2","Peel 2"
1986,"index","F18_R1_G18","Index 18  / Region 1  / Group 18","1986",0.916792661518106,0.782179785621917,"geometric-mean-scaled index","peel-2","Peel 2"
1987,"index","F18_R1_G18","Index 18  / Region 1  / Group 18","1987",0.932698710694853,0.834534564415815,"geometric-mean-scaled index","peel-2","Peel 2"
1988,"index","F18_R1_G18","Index 18  / Region 1  / Group 18","1988",0.933673375591985,0.791335219048403,"geometric-mean-scaled index","peel-2","Peel 2"
1989,"index","F18_R1_G18","Index 18  / Region 1  / Group 18","1989",0.68771709247243,0.779141334675333,"geometric-mean-scaled index","peel-2","Peel 2"
1990,"index","F18_R1_G18","Index 18  / Region 1  / Group 18","1990",0.776975789161292,0.785196102596326,"geometric-mean-scaled index","peel-2","Peel 2"
1991,"index","F18_R1_G18","Index 18  / Region 1  / Group 18","1991",0.655727821196814,0.748527630829676,"geometric-mean-scaled index","peel-2","Peel 2"
1992,"index","F18_R1_G18","Index 18  / Region 1  / Group 18","1992",0.872502177541898,0.731962098575453,"geometric-mean-scaled index","peel-2","Peel 2"
1993,"index","F18_R1_G18","Index 18  / Region 1  / Group 18","1993",0.879147658089477,0.771241342741418,"geometric-mean-scaled index","peel-2","Peel 2"
1994,"index","F18_R1_G18","Index 18  / Region 1  / Group 18","1994",0.948738796667378,0.815669087254588,"geometric-mean-scaled index","peel-2","Peel 2"
1995,"index","F18_R1_G18","Index 18  / Region 1  / Group 18","1995",0.883131727989847,0.861302124330086,"geometric-mean-scaled index","peel-2","Peel 2"
1996,"index","F18_R1_G18","Index 18  / Region 1  / Group 18","1996",0.837306959406211,0.865879264719844,"geometric-mean-scaled index","peel-2","Peel 2"
1997,"index","F18_R1_G18","Index 18  / Region 1  / Group 18","1997",0.95208949005856,0.895479621616567,"geometric-mean-scaled index","peel-2","Peel 2"
1998,"index","F18_R1_G18","Index 18  / Region 1  / Group 18","1998",0.856547687420413,0.853327150269884,"geometric-mean-scaled index","peel-2","Peel 2"
1999,"index","F18_R1_G18","Index 18  / Region 1  / Group 18","1999",0.61266101448799,0.888984925758164,"geometric-mean-scaled index","peel-2","Peel 2"
2000,"index","F18_R1_G18","Index 18  / Region 1  / Group 18","2000",0.679263091965619,0.925992969884475,"geometric-mean-scaled index","peel-2","Peel 2"
2001,"index","F18_R1_G18","Index 18  / Region 1  / Group 18","2001",0.663388123597169,0.866029937443604,"geometric-mean-scaled index","peel-2","Peel 2"
2002,"index","F18_R1_G18","Index 18  / Region 1  / Group 18","2002",0.695863453728742,0.680820757012073,"geometric-mean-scaled index","peel-2","Peel 2"
2003,"index","F18_R1_G18","Index 18  / Region 1  / Group 18","2003",0.520428254256146,0.575716860088913,"geometric-mean-scaled index","peel-2","Peel 2"
2004,"index","F18_R1_G18","Index 18  / Region 1  / Group 18","2004",0.457969008695485,0.580522421060712,"geometric-mean-scaled index","peel-2","Peel 2"
2005,"index","F18_R1_G18","Index 18  / Region 1  / Group 18","2005",0.57000982730679,0.54453777980139,"geometric-mean-scaled index","peel-2","Peel 2"
2006,"index","F18_R1_G18","Index 18  / Region 1  / Group 18","2006",0.692547701969523,0.55530959293067,"geometric-mean-scaled index","peel-2","Peel 2"
2007,"index","F18_R1_G18","Index 18  / Region 1  / Group 18","2007",0.763296075617131,0.617025269303561,"geometric-mean-scaled index","peel-2","Peel 2"
2008,"index","F18_R1_G18","Index 18  / Region 1  / Group 18","2008",0.557991706511396,0.68816036566193,"geometric-mean-scaled index","peel-2","Peel 2"
2009,"index","F18_R1_G18","Index 18  / Region 1  / Group 18","2009",0.644374806432787,0.667884774599555,"geometric-mean-scaled index","peel-2","Peel 2"
2010,"index","F18_R1_G18","Index 18  / Region 1  / Group 18","2010",0.629833334064991,0.504863155321047,"geometric-mean-scaled index","peel-2","Peel 2"
2011,"index","F18_R1_G18","Index 18  / Region 1  / Group 18","2011",0.472776191924379,0.523387909494299,"geometric-mean-scaled index","peel-2","Peel 2"
2012,"index","F18_R1_G18","Index 18  / Region 1  / Group 18","2012",0.561037772817115,0.576128397446866,"geometric-mean-scaled index","peel-2","Peel 2"
2013,"index","F18_R1_G18","Index 18  / Region 1  / Group 18","2013",0.518607359493591,0.571914002123642,"geometric-mean-scaled index","peel-2","Peel 2"
2014,"index","F18_R1_G18","Index 18  / Region 1  / Group 18","2014",0.534249440170542,0.58223411788254,"geometric-mean-scaled index","peel-2","Peel 2"
2015,"index","F18_R1_G18","Index 18  / Region 1  / Group 18","2015",0.610459945494768,0.616315339563278,"geometric-mean-scaled index","peel-2","Peel 2"
2016,"index","F18_R1_G18","Index 18  / Region 1  / Group 18","2016",0.483833914957584,0.648881808452026,"geometric-mean-scaled index","peel-2","Peel 2"
2017,"index","F18_R1_G18","Index 18  / Region 1  / Group 18","2017",0.503585067785675,0.648816279576794,"geometric-mean-scaled index","peel-2","Peel 2"
2018,"index","F18_R1_G18","Index 18  / Region 1  / Group 18","2018",0.44199217333407,0.575857511368486,"geometric-mean-scaled index","peel-2","Peel 2"
2019,"index","F18_R1_G18","Index 18  / Region 1  / Group 18","2019",0.466975339471439,0.523679981397374,"geometric-mean-scaled index","peel-2","Peel 2"
2020,"index","F18_R1_G18","Index 18  / Region 1  / Group 18","2020",0.377731205082218,0.500354949697846,"geometric-mean-scaled index","peel-2","Peel 2"
1992,"index","F19_R1_G19","Index 19  / Region 1  / Group 19","1992",1.85927115000846,0.916158336605186,"geometric-mean-scaled index","peel-2","Peel 2"
1993,"index","F19_R1_G19","Index 19  / Region 1  / Group 19","1993",0.849266654622091,0.888051239657867,"geometric-mean-scaled index","peel-2","Peel 2"
1994,"index","F19_R1_G19","Index 19  / Region 1  / Group 19","1994",1.00123553533734,0.87856155200038,"geometric-mean-scaled index","peel-2","Peel 2"
1995,"index","F19_R1_G19","Index 19  / Region 1  / Group 19","1995",1.31046507492219,1.03601030064874,"geometric-mean-scaled index","peel-2","Peel 2"
1996,"index","F19_R1_G19","Index 19  / Region 1  / Group 19","1996",1.21306505673522,1.07611339498812,"geometric-mean-scaled index","peel-2","Peel 2"
1997,"index","F19_R1_G19","Index 19  / Region 1  / Group 19","1997",0.799390157141791,0.816723571399121,"geometric-mean-scaled index","peel-2","Peel 2"
1998,"index","F19_R1_G19","Index 19  / Region 1  / Group 19","1998",1.99291282185133,0.674083398224654,"geometric-mean-scaled index","peel-2","Peel 2"
1999,"index","F19_R1_G19","Index 19  / Region 1  / Group 19","1999",1.3696369541503,0.645528163010386,"geometric-mean-scaled index","peel-2","Peel 2"
2000,"index","F19_R1_G19","Index 19  / Region 1  / Group 19","2000",0.965612099781253,1.08038068052967,"geometric-mean-scaled index","peel-2","Peel 2"
2001,"index","F19_R1_G19","Index 19  / Region 1  / Group 19","2001",0.810369966030035,0.838577608207823,"geometric-mean-scaled index","peel-2","Peel 2"
2002,"index","F19_R1_G19","Index 19  / Region 1  / Group 19","2002",0.74171237247259,1.00389312511615,"geometric-mean-scaled index","peel-2","Peel 2"
2003,"index","F19_R1_G19","Index 19  / Region 1  / Group 19","2003",1.03600097632011,1.38948354715726,"geometric-mean-scaled index","peel-2","Peel 2"
2004,"index","F19_R1_G19","Index 19  / Region 1  / Group 19","2004",1.05045112419079,1.27186299202015,"geometric-mean-scaled index","peel-2","Peel 2"
2005,"index","F19_R1_G19","Index 19  / Region 1  / Group 19","2005",0.734713898314047,0.894164542521234,"geometric-mean-scaled index","peel-2","Peel 2"
2006,"index","F19_R1_G19","Index 19  / Region 1  / Group 19","2006",0.882670668461906,0.822303875182599,"geometric-mean-scaled index","peel-2","Peel 2"
2007,"index","F19_R1_G19","Index 19  / Region 1  / Group 19","2007",1.03363575876466,1.09997505103533,"geometric-mean-scaled index","peel-2","Peel 2"
2008,"index","F19_R1_G19","Index 19  / Region 1  / Group 19","2008",1.33647576097039,1.35440748571018,"geometric-mean-scaled index","peel-2","Peel 2"
2009,"index","F19_R1_G19","Index 19  / Region 1  / Group 19","2009",0.832547956398684,1.15242760102184,"geometric-mean-scaled index","peel-2","Peel 2"
2010,"index","F19_R1_G19","Index 19  / Region 1  / Group 19","2010",1.1710748925389,1.11920213503703,"geometric-mean-scaled index","peel-2","Peel 2"
2011,"index","F19_R1_G19","Index 19  / Region 1  / Group 19","2011",1.14908021933067,1.33765393242589,"geometric-mean-scaled index","peel-2","Peel 2"
2012,"index","F19_R1_G19","Index 19  / Region 1  / Group 19","2012",0.992144371207608,1.37755892308847,"geometric-mean-scaled index","peel-2","Peel 2"
2013,"index","F19_R1_G19","Index 19  / Region 1  / Group 19","2013",0.812541615693899,1.13101874999655,"geometric-mean-scaled index","peel-2","Peel 2"
2014,"index","F19_R1_G19","Index 19  / Region 1  / Group 19","2014",0.869128916645273,0.987032998676216,"geometric-mean-scaled index","peel-2","Peel 2"
2015,"index","F19_R1_G19","Index 19  / Region 1  / Group 19","2015",0.923487470227196,1.11757045322968,"geometric-mean-scaled index","peel-2","Peel 2"
2016,"index","F19_R1_G19","Index 19  / Region 1  / Group 19","2016",0.994049496935054,1.14941808818787,"geometric-mean-scaled index","peel-2","Peel 2"
2017,"index","F19_R1_G19","Index 19  / Region 1  / Group 19","2017",0.679637993540111,0.853911210882512,"geometric-mean-scaled index","peel-2","Peel 2"
2018,"index","F19_R1_G19","Index 19  / Region 1  / Group 19","2018",1.1614387047662,0.737113468540195,"geometric-mean-scaled index","peel-2","Peel 2"
2019,"index","F19_R1_G19","Index 19  / Region 1  / Group 19","2019",0.909406517143503,1.28704132886185,"geometric-mean-scaled index","peel-2","Peel 2"
2020,"index","F19_R1_G19","Index 19  / Region 1  / Group 19","2020",0.960523282163485,1.37382555693002,"geometric-mean-scaled index","peel-2","Peel 2"
1954,"index","F20_R2_G20","Index 20  / Region 2  / Group 20","1954",4.21096154805618,3.35655068321972,"geometric-mean-scaled index","peel-2","Peel 2"
1955,"index","F20_R2_G20","Index 20  / Region 2  / Group 20","1955",3.11733650195403,3.28152936479681,"geometric-mean-scaled index","peel-2","Peel 2"
1956,"index","F20_R2_G20","Index 20  / Region 2  / Group 20","1956",3.11471220345346,3.25410938689064,"geometric-mean-scaled index","peel-2","Peel 2"
1957,"index","F20_R2_G20","Index 20  / Region 2  / Group 20","1957",2.49122048423764,3.22604704148465,"geometric-mean-scaled index","peel-2","Peel 2"
1958,"index","F20_R2_G20","Index 20  / Region 2  / Group 20","1958",3.38277838084962,3.19889528189393,"geometric-mean-scaled index","peel-2","Peel 2"
1959,"index","F20_R2_G20","Index 20  / Region 2  / Group 20","1959",3.53910335426992,3.16842056076732,"geometric-mean-scaled index","peel-2","Peel 2"
1960,"index","F20_R2_G20","Index 20  / Region 2  / Group 20","1960",2.88806453309758,3.11504571429874,"geometric-mean-scaled index","peel-2","Peel 2"
1961,"index","F20_R2_G20","Index 20  / Region 2  / Group 20","1961",2.77519235560544,2.78860137072311,"geometric-mean-scaled index","peel-2","Peel 2"
1962,"index","F20_R2_G20","Index 20  / Region 2  / Group 20","1962",2.84542670742501,2.63110843410562,"geometric-mean-scaled index","peel-2","Peel 2"
1963,"index","F20_R2_G20","Index 20  / Region 2  / Group 20","1963",2.15624779216803,2.13615505990531,"geometric-mean-scaled index","peel-2","Peel 2"
1964,"index","F20_R2_G20","Index 20  / Region 2  / Group 20","1964",1.77294323917794,1.67374591431155,"geometric-mean-scaled index","peel-2","Peel 2"
1965,"index","F20_R2_G20","Index 20  / Region 2  / Group 20","1965",1.39305357413891,1.58519288236778,"geometric-mean-scaled index","peel-2","Peel 2"
1966,"index","F20_R2_G20","Index 20  / Region 2  / Group 20","1966",2.15604911541288,1.65584897127518,"geometric-mean-scaled index","peel-2","Peel 2"
1967,"index","F20_R2_G20","Index 20  / Region 2  / Group 20","1967",1.83466830687541,1.81525563888046,"geometric-mean-scaled index","peel-2","Peel 2"
1968,"index","F20_R2_G20","Index 20  / Region 2  / Group 20","1968",1.49027459282616,1.53397206305059,"geometric-mean-scaled index","peel-2","Peel 2"
1969,"index","F20_R2_G20","Index 20  / Region 2  / Group 20","1969",0.90397341842816,1.17158161138049,"geometric-mean-scaled index","peel-2","Peel 2"
1970,"index","F20_R2_G20","Index 20  / Region 2  / Group 20","1970",1.74296686069583,1.12658187274285,"geometric-mean-scaled index","peel-2","Peel 2"
1971,"index","F20_R2_G20","Index 20  / Region 2  / Group 20","1971",1.05128168838887,0.999058930311611,"geometric-mean-scaled index","peel-2","Peel 2"
1972,"index","F20_R2_G20","Index 20  / Region 2  / Group 20","1972",1.03629787461149,0.897227918954781,"geometric-mean-scaled index","peel-2","Peel 2"
1973,"index","F20_R2_G20","Index 20  / Region 2  / Group 20","1973",1.14631510743072,0.808759369730467,"geometric-mean-scaled index","peel-2","Peel 2"
1974,"index","F20_R2_G20","Index 20  / Region 2  / Group 20","1974",0.503606327140092,0.706858053861151,"geometric-mean-scaled index","peel-2","Peel 2"
1975,"index","F20_R2_G20","Index 20  / Region 2  / Group 20","1975",0.345168043176568,0.647244354165431,"geometric-mean-scaled index","peel-2","Peel 2"
1976,"index","F20_R2_G20","Index 20  / Region 2  / Group 20","1976",0.392881567888747,0.633028492632736,"geometric-mean-scaled index","peel-2","Peel 2"
1977,"index","F20_R2_G20","Index 20  / Region 2  / Group 20","1977",0.722292569399697,0.759250939665077,"geometric-mean-scaled index","peel-2","Peel 2"
1978,"index","F20_R2_G20","Index 20  / Region 2  / Group 20","1978",1.34450541165844,1.0268009253889,"geometric-mean-scaled index","peel-2","Peel 2"
1979,"index","F20_R2_G20","Index 20  / Region 2  / Group 20","1979",0.925834385511787,0.983721569493381,"geometric-mean-scaled index","peel-2","Peel 2"
1980,"index","F20_R2_G20","Index 20  / Region 2  / Group 20","1980",0.665679781043966,0.836148220279317,"geometric-mean-scaled index","peel-2","Peel 2"
1981,"index","F20_R2_G20","Index 20  / Region 2  / Group 20","1981",0.591226781169868,0.706821514635203,"geometric-mean-scaled index","peel-2","Peel 2"
1982,"index","F20_R2_G20","Index 20  / Region 2  / Group 20","1982",0.474104859767232,0.626949077864404,"geometric-mean-scaled index","peel-2","Peel 2"
1983,"index","F20_R2_G20","Index 20  / Region 2  / Group 20","1983",0.516419783951321,0.64010063842108,"geometric-mean-scaled index","peel-2","Peel 2"
1984,"index","F20_R2_G20","Index 20  / Region 2  / Group 20","1984",0.705603550009173,0.751477312007257,"geometric-mean-scaled index","peel-2","Peel 2"
1985,"index","F20_R2_G20","Index 20  / Region 2  / Group 20","1985",0.596630644214555,0.784916749074651,"geometric-mean-scaled index","peel-2","Peel 2"
1986,"index","F20_R2_G20","Index 20  / Region 2  / Group 20","1986",0.576521368772823,0.747964212637162,"geometric-mean-scaled index","peel-2","Peel 2"
1987,"index","F20_R2_G20","Index 20  / Region 2  / Group 20","1987",0.738069475063823,0.734478483661449,"geometric-mean-scaled index","peel-2","Peel 2"
1988,"index","F20_R2_G20","Index 20  / Region 2  / Group 20","1988",0.631881286279668,0.769922191388337,"geometric-mean-scaled index","peel-2","Peel 2"
1989,"index","F20_R2_G20","Index 20  / Region 2  / Group 20","1989",0.538572813890766,0.655130990955029,"geometric-mean-scaled index","peel-2","Peel 2"
1990,"index","F20_R2_G20","Index 20  / Region 2  / Group 20","1990",0.558798697122352,0.668404692719413,"geometric-mean-scaled index","peel-2","Peel 2"
1991,"index","F20_R2_G20","Index 20  / Region 2  / Group 20","1991",0.596239520556125,0.68582106480014,"geometric-mean-scaled index","peel-2","Peel 2"
1992,"index","F20_R2_G20","Index 20  / Region 2  / Group 20","1992",0.949703632796349,0.741947240110459,"geometric-mean-scaled index","peel-2","Peel 2"
1993,"index","F20_R2_G20","Index 20  / Region 2  / Group 20","1993",0.773853468646436,0.863056093206571,"geometric-mean-scaled index","peel-2","Peel 2"
1994,"index","F20_R2_G20","Index 20  / Region 2  / Group 20","1994",0.810781379423954,0.767303096866946,"geometric-mean-scaled index","peel-2","Peel 2"
1995,"index","F20_R2_G20","Index 20  / Region 2  / Group 20","1995",1.07726297359609,0.886978860675969,"geometric-mean-scaled index","peel-2","Peel 2"
1996,"index","F20_R2_G20","Index 20  / Region 2  / Group 20","1996",0.935003854840217,0.866304948691938,"geometric-mean-scaled index","peel-2","Peel 2"
1997,"index","F20_R2_G20","Index 20  / Region 2  / Group 20","1997",0.800397864000986,0.87136150335288,"geometric-mean-scaled index","peel-2","Peel 2"
1998,"index","F20_R2_G20","Index 20  / Region 2  / Group 20","1998",1.04349083940237,0.919839401682051,"geometric-mean-scaled index","peel-2","Peel 2"
1999,"index","F20_R2_G20","Index 20  / Region 2  / Group 20","1999",0.765213765192612,1.01106949321533,"geometric-mean-scaled index","peel-2","Peel 2"
2000,"index","F20_R2_G20","Index 20  / Region 2  / Group 20","2000",0.767097814359868,0.912333905201298,"geometric-mean-scaled index","peel-2","Peel 2"
2001,"index","F20_R2_G20","Index 20  / Region 2  / Group 20","2001",0.841773334723493,0.848418921912466,"geometric-mean-scaled index","peel-2","Peel 2"
2002,"index","F20_R2_G20","Index 20  / Region 2  / Group 20","2002",0.547333871289332,0.664566045587704,"geometric-mean-scaled index","peel-2","Peel 2"
2003,"index","F20_R2_G20","Index 20  / Region 2  / Group 20","2003",0.588325890023659,0.848107068461664,"geometric-mean-scaled index","peel-2","Peel 2"
2004,"index","F20_R2_G20","Index 20  / Region 2  / Group 20","2004",0.635814586790303,0.678389885953159,"geometric-mean-scaled index","peel-2","Peel 2"
2005,"index","F20_R2_G20","Index 20  / Region 2  / Group 20","2005",0.834789610625378,0.779132735772528,"geometric-mean-scaled index","peel-2","Peel 2"
2006,"index","F20_R2_G20","Index 20  / Region 2  / Group 20","2006",0.92372528101704,0.919432557272996,"geometric-mean-scaled index","peel-2","Peel 2"
2007,"index","F20_R2_G20","Index 20  / Region 2  / Group 20","2007",0.84623569961814,1.01335181452058,"geometric-mean-scaled index","peel-2","Peel 2"
2008,"index","F20_R2_G20","Index 20  / Region 2  / Group 20","2008",0.610796174186906,0.878583506920121,"geometric-mean-scaled index","peel-2","Peel 2"
2009,"index","F20_R2_G20","Index 20  / Region 2  / Group 20","2009",1.05927374250753,0.821438423505243,"geometric-mean-scaled index","peel-2","Peel 2"
2010,"index","F20_R2_G20","Index 20  / Region 2  / Group 20","2010",0.847323881897912,0.838985762567741,"geometric-mean-scaled index","peel-2","Peel 2"
2011,"index","F20_R2_G20","Index 20  / Region 2  / Group 20","2011",1.12583979197944,0.974507555077895,"geometric-mean-scaled index","peel-2","Peel 2"
2012,"index","F20_R2_G20","Index 20  / Region 2  / Group 20","2012",0.945525297290097,0.871903677359906,"geometric-mean-scaled index","peel-2","Peel 2"
2013,"index","F20_R2_G20","Index 20  / Region 2  / Group 20","2013",0.87877457395759,0.864094602704997,"geometric-mean-scaled index","peel-2","Peel 2"
2014,"index","F20_R2_G20","Index 20  / Region 2  / Group 20","2014",1.04373534993691,0.931980690687044,"geometric-mean-scaled index","peel-2","Peel 2"
2015,"index","F20_R2_G20","Index 20  / Region 2  / Group 20","2015",1.22377077691567,0.948517811183592,"geometric-mean-scaled index","peel-2","Peel 2"
2016,"index","F20_R2_G20","Index 20  / Region 2  / Group 20","2016",1.13572929605611,0.854870106747453,"geometric-mean-scaled index","peel-2","Peel 2"
2017,"index","F20_R2_G20","Index 20  / Region 2  / Group 20","2017",0.734357067400453,0.777447124643324,"geometric-mean-scaled index","peel-2","Peel 2"
2018,"index","F20_R2_G20","Index 20  / Region 2  / Group 20","2018",0.64550184014846,0.771723190992476,"geometric-mean-scaled index","peel-2","Peel 2"
2019,"index","F20_R2_G20","Index 20  / Region 2  / Group 20","2019",0.713722524698996,0.810227474860509,"geometric-mean-scaled index","peel-2","Peel 2"
2020,"index","F20_R2_G20","Index 20  / Region 2  / Group 20","2020",0.772716002092201,0.695251660559284,"geometric-mean-scaled index","peel-2","Peel 2"
1954,"index","F18_R1_G18","Index 18  / Region 1  / Group 18","1954",4.40903714715002,5.28061600073347,"geometric-mean-scaled index","peel-3","Peel 3"
1955,"index","F18_R1_G18","Index 18  / Region 1  / Group 18","1955",3.14529508758885,4.98040912586946,"geometric-mean-scaled index","peel-3","Peel 3"
1956,"index","F18_R1_G18","Index 18  / Region 1  / Group 18","1956",3.55845376339654,4.839385304037,"geometric-mean-scaled index","peel-3","Peel 3"
1957,"index","F18_R1_G18","Index 18  / Region 1  / Group 18","1957",3.81367935187817,4.7129996019654,"geometric-mean-scaled index","peel-3","Peel 3"
1958,"index","F18_R1_G18","Index 18  / Region 1  / Group 18","1958",4.19937988018333,4.58955569176356,"geometric-mean-scaled index","peel-3","Peel 3"
1959,"index","F18_R1_G18","Index 18  / Region 1  / Group 18","1959",5.02003875847804,4.43282121830876,"geometric-mean-scaled index","peel-3","Peel 3"
1960,"index","F18_R1_G18","Index 18  / Region 1  / Group 18","1960",6.09415385779237,4.29968103252033,"geometric-mean-scaled index","peel-3","Peel 3"
1961,"index","F18_R1_G18","Index 18  / Region 1  / Group 18","1961",5.9871599837675,4.12267781560956,"geometric-mean-scaled index","peel-3","Peel 3"
1962,"index","F18_R1_G18","Index 18  / Region 1  / Group 18","1962",4.31836862588877,3.84182877472558,"geometric-mean-scaled index","peel-3","Peel 3"
1963,"index","F18_R1_G18","Index 18  / Region 1  / Group 18","1963",2.6756633141332,3.47852231931804,"geometric-mean-scaled index","peel-3","Peel 3"
1964,"index","F18_R1_G18","Index 18  / Region 1  / Group 18","1964",2.42251196662564,3.07074192134806,"geometric-mean-scaled index","peel-3","Peel 3"
1965,"index","F18_R1_G18","Index 18  / Region 1  / Group 18","1965",2.71599052736943,2.60439209825943,"geometric-mean-scaled index","peel-3","Peel 3"
1966,"index","F18_R1_G18","Index 18  / Region 1  / Group 18","1966",2.44814503331434,2.14459528727614,"geometric-mean-scaled index","peel-3","Peel 3"
1967,"index","F18_R1_G18","Index 18  / Region 1  / Group 18","1967",1.94746079529619,1.89557688138256,"geometric-mean-scaled index","peel-3","Peel 3"
1968,"index","F18_R1_G18","Index 18  / Region 1  / Group 18","1968",1.71471945569896,1.83072621578249,"geometric-mean-scaled index","peel-3","Peel 3"
1969,"index","F18_R1_G18","Index 18  / Region 1  / Group 18","1969",1.65433171113289,1.76462753420811,"geometric-mean-scaled index","peel-3","Peel 3"
1970,"index","F18_R1_G18","Index 18  / Region 1  / Group 18","1970",1.54780579698768,1.55603193976784,"geometric-mean-scaled index","peel-3","Peel 3"
1971,"index","F18_R1_G18","Index 18  / Region 1  / Group 18","1971",1.23412080025738,1.28807100242972,"geometric-mean-scaled index","peel-3","Peel 3"
1972,"index","F18_R1_G18","Index 18  / Region 1  / Group 18","1972",1.07338614840291,1.08924503021916,"geometric-mean-scaled index","peel-3","Peel 3"
1973,"index","F18_R1_G18","Index 18  / Region 1  / Group 18","1973",0.989103263951998,0.904718311261302,"geometric-mean-scaled index","peel-3","Peel 3"
1974,"index","F18_R1_G18","Index 18  / Region 1  / Group 18","1974",0.580301639759145,0.774504777235631,"geometric-mean-scaled index","peel-3","Peel 3"
1975,"index","F18_R1_G18","Index 18  / Region 1  / Group 18","1975",0.58813811691667,0.746811297721742,"geometric-mean-scaled index","peel-3","Peel 3"
1976,"index","F18_R1_G18","Index 18  / Region 1  / Group 18","1976",0.851064006357214,0.75646151731729,"geometric-mean-scaled index","peel-3","Peel 3"
1977,"index","F18_R1_G18","Index 18  / Region 1  / Group 18","1977",0.863018267252948,0.71143814212344,"geometric-mean-scaled index","peel-3","Peel 3"
1978,"index","F18_R1_G18","Index 18  / Region 1  / Group 18","1978",0.935245185300877,0.750004850645683,"geometric-mean-scaled index","peel-3","Peel 3"
1979,"index","F18_R1_G18","Index 18  / Region 1  / Group 18","1979",0.811891863308134,0.879892642874618,"geometric-mean-scaled index","peel-3","Peel 3"
1980,"index","F18_R1_G18","Index 18  / Region 1  / Group 18","1980",0.857986996795637,0.967651276047844,"geometric-mean-scaled index","peel-3","Peel 3"
1981,"index","F18_R1_G18","Index 18  / Region 1  / Group 18","1981",0.969775742290399,0.904974215357478,"geometric-mean-scaled index","peel-3","Peel 3"
1982,"index","F18_R1_G18","Index 18  / Region 1  / Group 18","1982",0.754187984251701,0.787161758827349,"geometric-mean-scaled index","peel-3","Peel 3"
1983,"index","F18_R1_G18","Index 18  / Region 1  / Group 18","1983",0.847323525052082,0.714297208863345,"geometric-mean-scaled index","peel-3","Peel 3"
1984,"index","F18_R1_G18","Index 18  / Region 1  / Group 18","1984",0.697012441179108,0.695169477650507,"geometric-mean-scaled index","peel-3","Peel 3"
1985,"index","F18_R1_G18","Index 18  / Region 1  / Group 18","1985",0.700113985527936,0.74684066854466,"geometric-mean-scaled index","peel-3","Peel 3"
1986,"index","F18_R1_G18","Index 18  / Region 1  / Group 18","1986",0.916792661518106,0.793570753373693,"geometric-mean-scaled index","peel-3","Peel 3"
1987,"index","F18_R1_G18","Index 18  / Region 1  / Group 18","1987",0.932698710694853,0.846687980402453,"geometric-mean-scaled index","peel-3","Peel 3"
1988,"index","F18_R1_G18","Index 18  / Region 1  / Group 18","1988",0.933673375591985,0.802859518354933,"geometric-mean-scaled index","peel-3","Peel 3"
1989,"index","F18_R1_G18","Index 18  / Region 1  / Group 18","1989",0.68771709247243,0.790488053141478,"geometric-mean-scaled index","peel-3","Peel 3"
1990,"index","F18_R1_G18","Index 18  / Region 1  / Group 18","1990",0.776975789161292,0.796630997294331,"geometric-mean-scaled index","peel-3","Peel 3"
1991,"index","F18_R1_G18","Index 18  / Region 1  / Group 18","1991",0.655727821196814,0.759428518657292,"geometric-mean-scaled index","peel-3","Peel 3"
1992,"index","F18_R1_G18","Index 18  / Region 1  / Group 18","1992",0.872502177541898,0.742621740787717,"geometric-mean-scaled index","peel-3","Peel 3"
1993,"index","F18_R1_G18","Index 18  / Region 1  / Group 18","1993",0.879147658089477,0.782473012781341,"geometric-mean-scaled index","peel-3","Peel 3"
1994,"index","F18_R1_G18","Index 18  / Region 1  / Group 18","1994",0.948738796667378,0.827547763282567,"geometric-mean-scaled index","peel-3","Peel 3"
1995,"index","F18_R1_G18","Index 18  / Region 1  / Group 18","1995",0.883131727989847,0.873845359150427,"geometric-mean-scaled index","peel-3","Peel 3"
1996,"index","F18_R1_G18","Index 18  / Region 1  / Group 18","1996",0.837306959406211,0.878489156924502,"geometric-mean-scaled index","peel-3","Peel 3"
1997,"index","F18_R1_G18","Index 18  / Region 1  / Group 18","1997",0.95208949005856,0.908520586979915,"geometric-mean-scaled index","peel-3","Peel 3"
1998,"index","F18_R1_G18","Index 18  / Region 1  / Group 18","1998",0.856547687420413,0.86575424469129,"geometric-mean-scaled index","peel-3","Peel 3"
1999,"index","F18_R1_G18","Index 18  / Region 1  / Group 18","1999",0.61266101448799,0.901931308172118,"geometric-mean-scaled index","peel-3","Peel 3"
2000,"index","F18_R1_G18","Index 18  / Region 1  / Group 18","2000",0.679263091965619,0.939478304397356,"geometric-mean-scaled index","peel-3","Peel 3"
2001,"index","F18_R1_G18","Index 18  / Region 1  / Group 18","2001",0.663388123597169,0.878642023911229,"geometric-mean-scaled index","peel-3","Peel 3"
2002,"index","F18_R1_G18","Index 18  / Region 1  / Group 18","2002",0.695863453728742,0.690735622405452,"geometric-mean-scaled index","peel-3","Peel 3"
2003,"index","F18_R1_G18","Index 18  / Region 1  / Group 18","2003",0.520428254256146,0.584101086206713,"geometric-mean-scaled index","peel-3","Peel 3"
2004,"index","F18_R1_G18","Index 18  / Region 1  / Group 18","2004",0.457969008695485,0.588976631076159,"geometric-mean-scaled index","peel-3","Peel 3"
2005,"index","F18_R1_G18","Index 18  / Region 1  / Group 18","2005",0.57000982730679,0.552467941643158,"geometric-mean-scaled index","peel-3","Peel 3"
2006,"index","F18_R1_G18","Index 18  / Region 1  / Group 18","2006",0.692547701969523,0.563396625837427,"geometric-mean-scaled index","peel-3","Peel 3"
2007,"index","F18_R1_G18","Index 18  / Region 1  / Group 18","2007",0.763296075617131,0.626011074196331,"geometric-mean-scaled index","peel-3","Peel 3"
2008,"index","F18_R1_G18","Index 18  / Region 1  / Group 18","2008",0.557991706511396,0.698182118559919,"geometric-mean-scaled index","peel-3","Peel 3"
2009,"index","F18_R1_G18","Index 18  / Region 1  / Group 18","2009",0.644374806432787,0.677611251899549,"geometric-mean-scaled index","peel-3","Peel 3"
2010,"index","F18_R1_G18","Index 18  / Region 1  / Group 18","2010",0.629833334064991,0.512215531369412,"geometric-mean-scaled index","peel-3","Peel 3"
2011,"index","F18_R1_G18","Index 18  / Region 1  / Group 18","2011",0.472776191924379,0.53101006351606,"geometric-mean-scaled index","peel-3","Peel 3"
2012,"index","F18_R1_G18","Index 18  / Region 1  / Group 18","2012",0.561037772817115,0.58451861682716,"geometric-mean-scaled index","peel-3","Peel 3"
2013,"index","F18_R1_G18","Index 18  / Region 1  / Group 18","2013",0.518607359493591,0.580242846814762,"geometric-mean-scaled index","peel-3","Peel 3"
2014,"index","F18_R1_G18","Index 18  / Region 1  / Group 18","2014",0.534249440170542,0.590713255521606,"geometric-mean-scaled index","peel-3","Peel 3"
2015,"index","F18_R1_G18","Index 18  / Region 1  / Group 18","2015",0.610459945494768,0.625290805673423,"geometric-mean-scaled index","peel-3","Peel 3"
2016,"index","F18_R1_G18","Index 18  / Region 1  / Group 18","2016",0.483833914957584,0.65833154352657,"geometric-mean-scaled index","peel-3","Peel 3"
2017,"index","F18_R1_G18","Index 18  / Region 1  / Group 18","2017",0.503585067785675,0.658265060347329,"geometric-mean-scaled index","peel-3","Peel 3"
2018,"index","F18_R1_G18","Index 18  / Region 1  / Group 18","2018",0.44199217333407,0.584243785805892,"geometric-mean-scaled index","peel-3","Peel 3"
2019,"index","F18_R1_G18","Index 18  / Region 1  / Group 18","2019",0.466975339471439,0.531306388893453,"geometric-mean-scaled index","peel-3","Peel 3"
1992,"index","F19_R1_G19","Index 19  / Region 1  / Group 19","1992",1.85927115000846,0.92950044830332,"geometric-mean-scaled index","peel-3","Peel 3"
1993,"index","F19_R1_G19","Index 19  / Region 1  / Group 19","1993",0.849266654622091,0.900984024701428,"geometric-mean-scaled index","peel-3","Peel 3"
1994,"index","F19_R1_G19","Index 19  / Region 1  / Group 19","1994",1.00123553533734,0.891356137709123,"geometric-mean-scaled index","peel-3","Peel 3"
1995,"index","F19_R1_G19","Index 19  / Region 1  / Group 19","1995",1.31046507492219,1.05109782929897,"geometric-mean-scaled index","peel-3","Peel 3"
1996,"index","F19_R1_G19","Index 19  / Region 1  / Group 19","1996",1.21306505673522,1.09178494928407,"geometric-mean-scaled index","peel-3","Peel 3"
1997,"index","F19_R1_G19","Index 19  / Region 1  / Group 19","1997",0.799390157141791,0.828617603992312,"geometric-mean-scaled index","peel-3","Peel 3"
1998,"index","F19_R1_G19","Index 19  / Region 1  / Group 19","1998",1.99291282185133,0.683900146742489,"geometric-mean-scaled index","peel-3","Peel 3"
1999,"index","F19_R1_G19","Index 19  / Region 1  / Group 19","1999",1.3696369541503,0.654929058588207,"geometric-mean-scaled index","peel-3","Peel 3"
2000,"index","F19_R1_G19","Index 19  / Region 1  / Group 19","2000",0.965612099781253,1.09611437976069,"geometric-mean-scaled index","peel-3","Peel 3"
2001,"index","F19_R1_G19","Index 19  / Region 1  / Group 19","2001",0.810369966030035,0.850789903472986,"geometric-mean-scaled index","peel-3","Peel 3"
2002,"index","F19_R1_G19","Index 19  / Region 1  / Group 19","2002",0.74171237247259,1.01851292790911,"geometric-mean-scaled index","peel-3","Peel 3"
2003,"index","F19_R1_G19","Index 19  / Region 1  / Group 19","2003",1.03600097632011,1.40971874444595,"geometric-mean-scaled index","peel-3","Peel 3"
2004,"index","F19_R1_G19","Index 19  / Region 1  / Group 19","2004",1.05045112419079,1.29038526860297,"geometric-mean-scaled index","peel-3","Peel 3"
2005,"index","F19_R1_G19","Index 19  / Region 1  / Group 19","2005",0.734713898314047,0.907186356247271,"geometric-mean-scaled index","peel-3","Peel 3"
2006,"index","F19_R1_G19","Index 19  / Region 1  / Group 19","2006",0.882670668461906,0.834279174335744,"geometric-mean-scaled index","peel-3","Peel 3"
2007,"index","F19_R1_G19","Index 19  / Region 1  / Group 19","2007",1.03363575876466,1.11599410517663,"geometric-mean-scaled index","peel-3","Peel 3"
2008,"index","F19_R1_G19","Index 19  / Region 1  / Group 19","2008",1.33647576097039,1.37413186657004,"geometric-mean-scaled index","peel-3","Peel 3"
2009,"index","F19_R1_G19","Index 19  / Region 1  / Group 19","2009",0.832547956398684,1.16921052725031,"geometric-mean-scaled index","peel-3","Peel 3"
2010,"index","F19_R1_G19","Index 19  / Region 1  / Group 19","2010",1.1710748925389,1.13550119525602,"geometric-mean-scaled index","peel-3","Peel 3"
2011,"index","F19_R1_G19","Index 19  / Region 1  / Group 19","2011",1.14908021933067,1.35713432950006,"geometric-mean-scaled index","peel-3","Peel 3"
2012,"index","F19_R1_G19","Index 19  / Region 1  / Group 19","2012",0.992144371207608,1.39762046080335,"geometric-mean-scaled index","peel-3","Peel 3"
2013,"index","F19_R1_G19","Index 19  / Region 1  / Group 19","2013",0.812541615693899,1.14748989684116,"geometric-mean-scaled index","peel-3","Peel 3"
2014,"index","F19_R1_G19","Index 19  / Region 1  / Group 19","2014",0.869128916645273,1.00140726564723,"geometric-mean-scaled index","peel-3","Peel 3"
2015,"index","F19_R1_G19","Index 19  / Region 1  / Group 19","2015",0.923487470227196,1.13384575109225,"geometric-mean-scaled index","peel-3","Peel 3"
2016,"index","F19_R1_G19","Index 19  / Region 1  / Group 19","2016",0.994049496935054,1.16615718655954,"geometric-mean-scaled index","peel-3","Peel 3"
2017,"index","F19_R1_G19","Index 19  / Region 1  / Group 19","2017",0.679637993540111,0.866346811040995,"geometric-mean-scaled index","peel-3","Peel 3"
2018,"index","F19_R1_G19","Index 19  / Region 1  / Group 19","2018",1.1614387047662,0.747848130703402,"geometric-mean-scaled index","peel-3","Peel 3"
2019,"index","F19_R1_G19","Index 19  / Region 1  / Group 19","2019",0.909406517143503,1.30578464918509,"geometric-mean-scaled index","peel-3","Peel 3"
1954,"index","F20_R2_G20","Index 20  / Region 2  / Group 20","1954",4.21096154805618,3.40543248928603,"geometric-mean-scaled index","peel-3","Peel 3"
1955,"index","F20_R2_G20","Index 20  / Region 2  / Group 20","1955",3.11733650195403,3.32931862739093,"geometric-mean-scaled index","peel-3","Peel 3"
1956,"index","F20_R2_G20","Index 20  / Region 2  / Group 20","1956",3.11471220345346,3.30149932941818,"geometric-mean-scaled index","peel-3","Peel 3"
1957,"index","F20_R2_G20","Index 20  / Region 2  / Group 20","1957",2.49122048423764,3.27302830907908,"geometric-mean-scaled index","peel-3","Peel 3"
1958,"index","F20_R2_G20","Index 20  / Region 2  / Group 20","1958",3.38277838084962,3.24548113551374,"geometric-mean-scaled index","peel-3","Peel 3"
1959,"index","F20_R2_G20","Index 20  / Region 2  / Group 20","1959",3.53910335426992,3.21456260776878,"geometric-mean-scaled index","peel-3","Peel 3"
1960,"index","F20_R2_G20","Index 20  / Region 2  / Group 20","1960",2.88806453309758,3.16041045771085,"geometric-mean-scaled index","peel-3","Peel 3"
1961,"index","F20_R2_G20","Index 20  / Region 2  / Group 20","1961",2.77519235560544,2.82921207029675,"geometric-mean-scaled index","peel-3","Peel 3"
1962,"index","F20_R2_G20","Index 20  / Region 2  / Group 20","1962",2.84542670742501,2.66942554722367,"geometric-mean-scaled index","peel-3","Peel 3"
1963,"index","F20_R2_G20","Index 20  / Region 2  / Group 20","1963",2.15624779216803,2.16726411417578,"geometric-mean-scaled index","peel-3","Peel 3"
1964,"index","F20_R2_G20","Index 20  / Region 2  / Group 20","1964",1.77294323917794,1.69812085481123,"geometric-mean-scaled index","peel-3","Peel 3"
1965,"index","F20_R2_G20","Index 20  / Region 2  / Group 20","1965",1.39305357413891,1.60827821560615,"geometric-mean-scaled index","peel-3","Peel 3"
1966,"index","F20_R2_G20","Index 20  / Region 2  / Group 20","1966",2.15604911541288,1.6799632766821,"geometric-mean-scaled index","peel-3","Peel 3"
1967,"index","F20_R2_G20","Index 20  / Region 2  / Group 20","1967",1.83466830687541,1.84169140061172,"geometric-mean-scaled index","peel-3","Peel 3"
1968,"index","F20_R2_G20","Index 20  / Region 2  / Group 20","1968",1.49027459282616,1.55631146202705,"geometric-mean-scaled index","peel-3","Peel 3"
1969,"index","F20_R2_G20","Index 20  / Region 2  / Group 20","1969",0.90397341842816,1.18864347950739,"geometric-mean-scaled index","peel-3","Peel 3"
1970,"index","F20_R2_G20","Index 20  / Region 2  / Group 20","1970",1.74296686069583,1.14298840487017,"geometric-mean-scaled index","peel-3","Peel 3"
1971,"index","F20_R2_G20","Index 20  / Region 2  / Group 20","1971",1.05128168838887,1.01360833220935,"geometric-mean-scaled index","peel-3","Peel 3"
1972,"index","F20_R2_G20","Index 20  / Region 2  / Group 20","1972",1.03629787461149,0.910294344958977,"geometric-mean-scaled index","peel-3","Peel 3"
1973,"index","F20_R2_G20","Index 20  / Region 2  / Group 20","1973",1.14631510743072,0.820537418804212,"geometric-mean-scaled index","peel-3","Peel 3"
1974,"index","F20_R2_G20","Index 20  / Region 2  / Group 20","1974",0.503606327140092,0.717152103189226,"geometric-mean-scaled index","peel-3","Peel 3"
1975,"index","F20_R2_G20","Index 20  / Region 2  / Group 20","1975",0.345168043176568,0.656670242818325,"geometric-mean-scaled index","peel-3","Peel 3"
1976,"index","F20_R2_G20","Index 20  / Region 2  / Group 20","1976",0.392881567888747,0.642247354175931,"geometric-mean-scaled index","peel-3","Peel 3"
1977,"index","F20_R2_G20","Index 20  / Region 2  / Group 20","1977",0.722292569399697,0.770307992184472,"geometric-mean-scaled index","peel-3","Peel 3"
1978,"index","F20_R2_G20","Index 20  / Region 2  / Group 20","1978",1.34450541165844,1.04175433692369,"geometric-mean-scaled index","peel-3","Peel 3"
1979,"index","F20_R2_G20","Index 20  / Region 2  / Group 20","1979",0.925834385511787,0.998047611767556,"geometric-mean-scaled index","peel-3","Peel 3"
1980,"index","F20_R2_G20","Index 20  / Region 2  / Group 20","1980",0.665679781043966,0.848325136108628,"geometric-mean-scaled index","peel-3","Peel 3"
1981,"index","F20_R2_G20","Index 20  / Region 2  / Group 20","1981",0.591226781169868,0.717115031838629,"geometric-mean-scaled index","peel-3","Peel 3"
1982,"index","F20_R2_G20","Index 20  / Region 2  / Group 20","1982",0.474104859767232,0.63607940424107,"geometric-mean-scaled index","peel-3","Peel 3"
1983,"index","F20_R2_G20","Index 20  / Region 2  / Group 20","1983",0.516419783951321,0.649422492378668,"geometric-mean-scaled index","peel-3","Peel 3"
1984,"index","F20_R2_G20","Index 20  / Region 2  / Group 20","1984",0.705603550009173,0.762421156356877,"geometric-mean-scaled index","peel-3","Peel 3"
1985,"index","F20_R2_G20","Index 20  / Region 2  / Group 20","1985",0.596630644214555,0.796347575517485,"geometric-mean-scaled index","peel-3","Peel 3"
1986,"index","F20_R2_G20","Index 20  / Region 2  / Group 20","1986",0.576521368772823,0.75885689534547,"geometric-mean-scaled index","peel-3","Peel 3"
1987,"index","F20_R2_G20","Index 20  / Region 2  / Group 20","1987",0.738069475063823,0.74517477225846,"geometric-mean-scaled index","peel-3","Peel 3"
1988,"index","F20_R2_G20","Index 20  / Region 2  / Group 20","1988",0.631881286279668,0.781134650486226,"geometric-mean-scaled index","peel-3","Peel 3"
1989,"index","F20_R2_G20","Index 20  / Region 2  / Group 20","1989",0.538572813890766,0.664671733541753,"geometric-mean-scaled index","peel-3","Peel 3"
1990,"index","F20_R2_G20","Index 20  / Region 2  / Group 20","1990",0.558798697122352,0.678138741642511,"geometric-mean-scaled index","peel-3","Peel 3"
1991,"index","F20_R2_G20","Index 20  / Region 2  / Group 20","1991",0.596239520556125,0.695808750209851,"geometric-mean-scaled index","peel-3","Peel 3"
1992,"index","F20_R2_G20","Index 20  / Region 2  / Group 20","1992",0.949703632796349,0.752752297005272,"geometric-mean-scaled index","peel-3","Peel 3"
1993,"index","F20_R2_G20","Index 20  / Region 2  / Group 20","1993",0.773853468646436,0.875624871262977,"geometric-mean-scaled index","peel-3","Peel 3"
1994,"index","F20_R2_G20","Index 20  / Region 2  / Group 20","1994",0.810781379423954,0.77847741381161,"geometric-mean-scaled index","peel-3","Peel 3"
1995,"index","F20_R2_G20","Index 20  / Region 2  / Group 20","1995",1.07726297359609,0.899896028549891,"geometric-mean-scaled index","peel-3","Peel 3"
1996,"index","F20_R2_G20","Index 20  / Region 2  / Group 20","1996",0.935003854840217,0.878921040177743,"geometric-mean-scaled index","peel-3","Peel 3"
1997,"index","F20_R2_G20","Index 20  / Region 2  / Group 20","1997",0.800397864000986,0.884051233984233,"geometric-mean-scaled index","peel-3","Peel 3"
1998,"index","F20_R2_G20","Index 20  / Region 2  / Group 20","1998",1.04349083940237,0.933235121124022,"geometric-mean-scaled index","peel-3","Peel 3"
1999,"index","F20_R2_G20","Index 20  / Region 2  / Group 20","1999",0.765213765192612,1.02579380622332,"geometric-mean-scaled index","peel-3","Peel 3"
2000,"index","F20_R2_G20","Index 20  / Region 2  / Group 20","2000",0.767097814359868,0.925620321296463,"geometric-mean-scaled index","peel-3","Peel 3"
2001,"index","F20_R2_G20","Index 20  / Region 2  / Group 20","2001",0.841773334723493,0.860774537280123,"geometric-mean-scaled index","peel-3","Peel 3"
2002,"index","F20_R2_G20","Index 20  / Region 2  / Group 20","2002",0.547333871289332,0.67424419188267,"geometric-mean-scaled index","peel-3","Peel 3"
2003,"index","F20_R2_G20","Index 20  / Region 2  / Group 20","2003",0.588325890023659,0.860458142274213,"geometric-mean-scaled index","peel-3","Peel 3"
2004,"index","F20_R2_G20","Index 20  / Region 2  / Group 20","2004",0.635814586790303,0.6882693503117,"geometric-mean-scaled index","peel-3","Peel 3"
2005,"index","F20_R2_G20","Index 20  / Region 2  / Group 20","2005",0.834789610625378,0.790479329011934,"geometric-mean-scaled index","peel-3","Peel 3"
2006,"index","F20_R2_G20","Index 20  / Region 2  / Group 20","2006",0.92372528101704,0.932822351796389,"geometric-mean-scaled index","peel-3","Peel 3"
2007,"index","F20_R2_G20","Index 20  / Region 2  / Group 20","2007",0.84623569961814,1.02810936521749,"geometric-mean-scaled index","peel-3","Peel 3"
2008,"index","F20_R2_G20","Index 20  / Region 2  / Group 20","2008",0.610796174186906,0.891378412360705,"geometric-mean-scaled index","peel-3","Peel 3"
2009,"index","F20_R2_G20","Index 20  / Region 2  / Group 20","2009",1.05927374250753,0.833401118993184,"geometric-mean-scaled index","peel-3","Peel 3"
2010,"index","F20_R2_G20","Index 20  / Region 2  / Group 20","2010",0.847323881897912,0.851204001828436,"geometric-mean-scaled index","peel-3","Peel 3"
2011,"index","F20_R2_G20","Index 20  / Region 2  / Group 20","2011",1.12583979197944,0.988699412676116,"geometric-mean-scaled index","peel-3","Peel 3"
2012,"index","F20_R2_G20","Index 20  / Region 2  / Group 20","2012",0.945525297290097,0.884601303729225,"geometric-mean-scaled index","peel-3","Peel 3"
2013,"index","F20_R2_G20","Index 20  / Region 2  / Group 20","2013",0.87877457395759,0.876678504686138,"geometric-mean-scaled index","peel-3","Peel 3"
2014,"index","F20_R2_G20","Index 20  / Region 2  / Group 20","2014",1.04373534993691,0.945553225017437,"geometric-mean-scaled index","peel-3","Peel 3"
2015,"index","F20_R2_G20","Index 20  / Region 2  / Group 20","2015",1.22377077691567,0.962331177365877,"geometric-mean-scaled index","peel-3","Peel 3"
2016,"index","F20_R2_G20","Index 20  / Region 2  / Group 20","2016",1.13572929605611,0.867319671408824,"geometric-mean-scaled index","peel-3","Peel 3"
2017,"index","F20_R2_G20","Index 20  / Region 2  / Group 20","2017",0.734357067400453,0.788769170147838,"geometric-mean-scaled index","peel-3","Peel 3"
2018,"index","F20_R2_G20","Index 20  / Region 2  / Group 20","2018",0.64550184014846,0.78296187823994,"geometric-mean-scaled index","peel-3","Peel 3"
2019,"index","F20_R2_G20","Index 20  / Region 2  / Group 20","2019",0.713722524698996,0.82202690410605,"geometric-mean-scaled index","peel-3","Peel 3"
1954,"index","F18_R1_G18","Index 18  / Region 1  / Group 18","1954",4.40903714715002,5.35641431653347,"geometric-mean-scaled index","peel-4","Peel 4"
1955,"index","F18_R1_G18","Index 18  / Region 1  / Group 18","1955",3.14529508758885,5.05189825207811,"geometric-mean-scaled index","peel-4","Peel 4"
1956,"index","F18_R1_G18","Index 18  / Region 1  / Group 18","1956",3.55845376339654,4.9088501648605,"geometric-mean-scaled index","peel-4","Peel 4"
1957,"index","F18_R1_G18","Index 18  / Region 1  / Group 18","1957",3.81367935187817,4.78065031395533,"geometric-mean-scaled index","peel-4","Peel 4"
1958,"index","F18_R1_G18","Index 18  / Region 1  / Group 18","1958",4.19937988018333,4.65543448159749,"geometric-mean-scaled index","peel-4","Peel 4"
1959,"index","F18_R1_G18","Index 18  / Region 1  / Group 18","1959",5.02003875847804,4.49645023101176,"geometric-mean-scaled index","peel-4","Peel 4"
1960,"index","F18_R1_G18","Index 18  / Region 1  / Group 18","1960",6.09415385779237,4.36139894207804,"geometric-mean-scaled index","peel-4","Peel 4"
1961,"index","F18_R1_G18","Index 18  / Region 1  / Group 18","1961",5.9871599837675,4.18185500913506,"geometric-mean-scaled index","peel-4","Peel 4"
1962,"index","F18_R1_G18","Index 18  / Region 1  / Group 18","1962",4.31836862588877,3.89697464230537,"geometric-mean-scaled index","peel-4","Peel 4"
1963,"index","F18_R1_G18","Index 18  / Region 1  / Group 18","1963",2.6756633141332,3.5284532617006,"geometric-mean-scaled index","peel-4","Peel 4"
1964,"index","F18_R1_G18","Index 18  / Region 1  / Group 18","1964",2.42251196662564,3.11481955658272,"geometric-mean-scaled index","peel-4","Peel 4"
1965,"index","F18_R1_G18","Index 18  / Region 1  / Group 18","1965",2.71599052736943,2.64177571689474,"geometric-mean-scaled index","peel-4","Peel 4"
1966,"index","F18_R1_G18","Index 18  / Region 1  / Group 18","1966",2.44814503331434,2.1753789516868,"geometric-mean-scaled index","peel-4","Peel 4"
1967,"index","F18_R1_G18","Index 18  / Region 1  / Group 18","1967",1.94746079529619,1.92278611891436,"geometric-mean-scaled index","peel-4","Peel 4"
1968,"index","F18_R1_G18","Index 18  / Region 1  / Group 18","1968",1.71471945569896,1.85700458251621,"geometric-mean-scaled index","peel-4","Peel 4"
1969,"index","F18_R1_G18","Index 18  / Region 1  / Group 18","1969",1.65433171113289,1.78995711603885,"geometric-mean-scaled index","peel-4","Peel 4"
1970,"index","F18_R1_G18","Index 18  / Region 1  / Group 18","1970",1.54780579698768,1.57836732646307,"geometric-mean-scaled index","peel-4","Peel 4"
1971,"index","F18_R1_G18","Index 18  / Region 1  / Group 18","1971",1.23412080025738,1.30656005988087,"geometric-mean-scaled index","peel-4","Peel 4"
1972,"index","F18_R1_G18","Index 18  / Region 1  / Group 18","1972",1.07338614840291,1.10488012634671,"geometric-mean-scaled index","peel-4","Peel 4"
1973,"index","F18_R1_G18","Index 18  / Region 1  / Group 18","1973",0.989103263951998,0.917704698504287,"geometric-mean-scaled index","peel-4","Peel 4"
1974,"index","F18_R1_G18","Index 18  / Region 1  / Group 18","1974",0.580301639759145,0.785622070688774,"geometric-mean-scaled index","peel-4","Peel 4"
1975,"index","F18_R1_G18","Index 18  / Region 1  / Group 18","1975",0.58813811691667,0.757531077114877,"geometric-mean-scaled index","peel-4","Peel 4"
1976,"index","F18_R1_G18","Index 18  / Region 1  / Group 18","1976",0.851064006357214,0.767319816608926,"geometric-mean-scaled index","peel-4","Peel 4"
1977,"index","F18_R1_G18","Index 18  / Region 1  / Group 18","1977",0.863018267252948,0.721650172871623,"geometric-mean-scaled index","peel-4","Peel 4"
1978,"index","F18_R1_G18","Index 18  / Region 1  / Group 18","1978",0.935245185300877,0.760770470511411,"geometric-mean-scaled index","peel-4","Peel 4"
1979,"index","F18_R1_G18","Index 18  / Region 1  / Group 18","1979",0.811891863308134,0.892522680810617,"geometric-mean-scaled index","peel-4","Peel 4"
1980,"index","F18_R1_G18","Index 18  / Region 1  / Group 18","1980",0.857986996795637,0.981541007282981,"geometric-mean-scaled index","peel-4","Peel 4"
1981,"index","F18_R1_G18","Index 18  / Region 1  / Group 18","1981",0.969775742290399,0.917964275865002,"geometric-mean-scaled index","peel-4","Peel 4"
1982,"index","F18_R1_G18","Index 18  / Region 1  / Group 18","1982",0.754187984251701,0.798460731442096,"geometric-mean-scaled index","peel-4","Peel 4"
1983,"index","F18_R1_G18","Index 18  / Region 1  / Group 18","1983",0.847323525052082,0.724550278847029,"geometric-mean-scaled index","peel-4","Peel 4"
1984,"index","F18_R1_G18","Index 18  / Region 1  / Group 18","1984",0.697012441179108,0.705147986899079,"geometric-mean-scaled index","peel-4","Peel 4"
1985,"index","F18_R1_G18","Index 18  / Region 1  / Group 18","1985",0.700113985527936,0.757560869528555,"geometric-mean-scaled index","peel-4","Peel 4"
1986,"index","F18_R1_G18","Index 18  / Region 1  / Group 18","1986",0.916792661518106,0.804961721125468,"geometric-mean-scaled index","peel-4","Peel 4"
1987,"index","F18_R1_G18","Index 18  / Region 1  / Group 18","1987",0.932698710694853,0.858841396389091,"geometric-mean-scaled index","peel-4","Peel 4"
1988,"index","F18_R1_G18","Index 18  / Region 1  / Group 18","1988",0.933673375591985,0.814383817661463,"geometric-mean-scaled index","peel-4","Peel 4"
1989,"index","F18_R1_G18","Index 18  / Region 1  / Group 18","1989",0.68771709247243,0.801834771607624,"geometric-mean-scaled index","peel-4","Peel 4"
1990,"index","F18_R1_G18","Index 18  / Region 1  / Group 18","1990",0.776975789161292,0.808065891992336,"geometric-mean-scaled index","peel-4","Peel 4"
1991,"index","F18_R1_G18","Index 18  / Region 1  / Group 18","1991",0.655727821196814,0.770329406484909,"geometric-mean-scaled index","peel-4","Peel 4"
1992,"index","F18_R1_G18","Index 18  / Region 1  / Group 18","1992",0.872502177541898,0.753281382999981,"geometric-mean-scaled index","peel-4","Peel 4"
1993,"index","F18_R1_G18","Index 18  / Region 1  / Group 18","1993",0.879147658089477,0.793704682821265,"geometric-mean-scaled index","peel-4","Peel 4"
1994,"index","F18_R1_G18","Index 18  / Region 1  / Group 18","1994",0.948738796667378,0.839426439310547,"geometric-mean-scaled index","peel-4","Peel 4"
1995,"index","F18_R1_G18","Index 18  / Region 1  / Group 18","1995",0.883131727989847,0.886388593970768,"geometric-mean-scaled index","peel-4","Peel 4"
1996,"index","F18_R1_G18","Index 18  / Region 1  / Group 18","1996",0.837306959406211,0.89109904912916,"geometric-mean-scaled index","peel-4","Peel 4"
1997,"index","F18_R1_G18","Index 18  / Region 1  / Group 18","1997",0.95208949005856,0.921561552343263,"geometric-mean-scaled index","peel-4","Peel 4"
1998,"index","F18_R1_G18","Index 18  / Region 1  / Group 18","1998",0.856547687420413,0.878181339112697,"geometric-mean-scaled index","peel-4","Peel 4"
1999,"index","F18_R1_G18","Index 18  / Region 1  / Group 18","1999",0.61266101448799,0.914877690586072,"geometric-mean-scaled index","peel-4","Peel 4"
2000,"index","F18_R1_G18","Index 18  / Region 1  / Group 18","2000",0.679263091965619,0.952963638910237,"geometric-mean-scaled index","peel-4","Peel 4"
2001,"index","F18_R1_G18","Index 18  / Region 1  / Group 18","2001",0.663388123597169,0.891254110378854,"geometric-mean-scaled index","peel-4","Peel 4"
2002,"index","F18_R1_G18","Index 18  / Region 1  / Group 18","2002",0.695863453728742,0.700650487798832,"geometric-mean-scaled index","peel-4","Peel 4"
2003,"index","F18_R1_G18","Index 18  / Region 1  / Group 18","2003",0.520428254256146,0.592485312324512,"geometric-mean-scaled index","peel-4","Peel 4"
2004,"index","F18_R1_G18","Index 18  / Region 1  / Group 18","2004",0.457969008695485,0.597430841091606,"geometric-mean-scaled index","peel-4","Peel 4"
2005,"index","F18_R1_G18","Index 18  / Region 1  / Group 18","2005",0.57000982730679,0.560398103484926,"geometric-mean-scaled index","peel-4","Peel 4"
2006,"index","F18_R1_G18","Index 18  / Region 1  / Group 18","2006",0.692547701969523,0.571483658744185,"geometric-mean-scaled index","peel-4","Peel 4"
2007,"index","F18_R1_G18","Index 18  / Region 1  / Group 18","2007",0.763296075617131,0.634996879089101,"geometric-mean-scaled index","peel-4","Peel 4"
2008,"index","F18_R1_G18","Index 18  / Region 1  / Group 18","2008",0.557991706511396,0.708203871457909,"geometric-mean-scaled index","peel-4","Peel 4"
2009,"index","F18_R1_G18","Index 18  / Region 1  / Group 18","2009",0.644374806432787,0.687337729199542,"geometric-mean-scaled index","peel-4","Peel 4"
2010,"index","F18_R1_G18","Index 18  / Region 1  / Group 18","2010",0.629833334064991,0.519567907417777,"geometric-mean-scaled index","peel-4","Peel 4"
2011,"index","F18_R1_G18","Index 18  / Region 1  / Group 18","2011",0.472776191924379,0.538632217537822,"geometric-mean-scaled index","peel-4","Peel 4"
2012,"index","F18_R1_G18","Index 18  / Region 1  / Group 18","2012",0.561037772817115,0.592908836207454,"geometric-mean-scaled index","peel-4","Peel 4"
2013,"index","F18_R1_G18","Index 18  / Region 1  / Group 18","2013",0.518607359493591,0.588571691505884,"geometric-mean-scaled index","peel-4","Peel 4"
2014,"index","F18_R1_G18","Index 18  / Region 1  / Group 18","2014",0.534249440170542,0.599192393160672,"geometric-mean-scaled index","peel-4","Peel 4"
2015,"index","F18_R1_G18","Index 18  / Region 1  / Group 18","2015",0.610459945494768,0.634266271783567,"geometric-mean-scaled index","peel-4","Peel 4"
2016,"index","F18_R1_G18","Index 18  / Region 1  / Group 18","2016",0.483833914957584,0.667781278601114,"geometric-mean-scaled index","peel-4","Peel 4"
2017,"index","F18_R1_G18","Index 18  / Region 1  / Group 18","2017",0.503585067785675,0.667713841117865,"geometric-mean-scaled index","peel-4","Peel 4"
2018,"index","F18_R1_G18","Index 18  / Region 1  / Group 18","2018",0.44199217333407,0.592630060243297,"geometric-mean-scaled index","peel-4","Peel 4"
1992,"index","F19_R1_G19","Index 19  / Region 1  / Group 19","1992",1.85927115000846,0.942842560001454,"geometric-mean-scaled index","peel-4","Peel 4"
1993,"index","F19_R1_G19","Index 19  / Region 1  / Group 19","1993",0.849266654622091,0.91391680974499,"geometric-mean-scaled index","peel-4","Peel 4"
1994,"index","F19_R1_G19","Index 19  / Region 1  / Group 19","1994",1.00123553533734,0.904150723417867,"geometric-mean-scaled index","peel-4","Peel 4"
1995,"index","F19_R1_G19","Index 19  / Region 1  / Group 19","1995",1.31046507492219,1.06618535794919,"geometric-mean-scaled index","peel-4","Peel 4"
1996,"index","F19_R1_G19","Index 19  / Region 1  / Group 19","1996",1.21306505673522,1.10745650358001,"geometric-mean-scaled index","peel-4","Peel 4"
1997,"index","F19_R1_G19","Index 19  / Region 1  / Group 19","1997",0.799390157141791,0.840511636585504,"geometric-mean-scaled index","peel-4","Peel 4"
1998,"index","F19_R1_G19","Index 19  / Region 1  / Group 19","1998",1.99291282185133,0.693716895260323,"geometric-mean-scaled index","peel-4","Peel 4"
1999,"index","F19_R1_G19","Index 19  / Region 1  / Group 19","1999",1.3696369541503,0.664329954166028,"geometric-mean-scaled index","peel-4","Peel 4"
2000,"index","F19_R1_G19","Index 19  / Region 1  / Group 19","2000",0.965612099781253,1.1118480789917,"geometric-mean-scaled index","peel-4","Peel 4"
2001,"index","F19_R1_G19","Index 19  / Region 1  / Group 19","2001",0.810369966030035,0.863002198738148,"geometric-mean-scaled index","peel-4","Peel 4"
2002,"index","F19_R1_G19","Index 19  / Region 1  / Group 19","2002",0.74171237247259,1.03313273070206,"geometric-mean-scaled index","peel-4","Peel 4"
2003,"index","F19_R1_G19","Index 19  / Region 1  / Group 19","2003",1.03600097632011,1.42995394173465,"geometric-mean-scaled index","peel-4","Peel 4"
2004,"index","F19_R1_G19","Index 19  / Region 1  / Group 19","2004",1.05045112419079,1.30890754518578,"geometric-mean-scaled index","peel-4","Peel 4"
2005,"index","F19_R1_G19","Index 19  / Region 1  / Group 19","2005",0.734713898314047,0.920208169973309,"geometric-mean-scaled index","peel-4","Peel 4"
2006,"index","F19_R1_G19","Index 19  / Region 1  / Group 19","2006",0.882670668461906,0.846254473488889,"geometric-mean-scaled index","peel-4","Peel 4"
2007,"index","F19_R1_G19","Index 19  / Region 1  / Group 19","2007",1.03363575876466,1.13201315931792,"geometric-mean-scaled index","peel-4","Peel 4"
2008,"index","F19_R1_G19","Index 19  / Region 1  / Group 19","2008",1.33647576097039,1.39385624742989,"geometric-mean-scaled index","peel-4","Peel 4"
2009,"index","F19_R1_G19","Index 19  / Region 1  / Group 19","2009",0.832547956398684,1.18599345347878,"geometric-mean-scaled index","peel-4","Peel 4"
2010,"index","F19_R1_G19","Index 19  / Region 1  / Group 19","2010",1.1710748925389,1.151800255475,"geometric-mean-scaled index","peel-4","Peel 4"
2011,"index","F19_R1_G19","Index 19  / Region 1  / Group 19","2011",1.14908021933067,1.37661472657422,"geometric-mean-scaled index","peel-4","Peel 4"
2012,"index","F19_R1_G19","Index 19  / Region 1  / Group 19","2012",0.992144371207608,1.41768199851823,"geometric-mean-scaled index","peel-4","Peel 4"
2013,"index","F19_R1_G19","Index 19  / Region 1  / Group 19","2013",0.812541615693899,1.16396104368577,"geometric-mean-scaled index","peel-4","Peel 4"
2014,"index","F19_R1_G19","Index 19  / Region 1  / Group 19","2014",0.869128916645273,1.01578153261824,"geometric-mean-scaled index","peel-4","Peel 4"
2015,"index","F19_R1_G19","Index 19  / Region 1  / Group 19","2015",0.923487470227196,1.15012104895482,"geometric-mean-scaled index","peel-4","Peel 4"
2016,"index","F19_R1_G19","Index 19  / Region 1  / Group 19","2016",0.994049496935054,1.18289628493121,"geometric-mean-scaled index","peel-4","Peel 4"
2017,"index","F19_R1_G19","Index 19  / Region 1  / Group 19","2017",0.679637993540111,0.878782411199478,"geometric-mean-scaled index","peel-4","Peel 4"
2018,"index","F19_R1_G19","Index 19  / Region 1  / Group 19","2018",1.1614387047662,0.758582792866609,"geometric-mean-scaled index","peel-4","Peel 4"
1954,"index","F20_R2_G20","Index 20  / Region 2  / Group 20","1954",4.21096154805618,3.45431429535234,"geometric-mean-scaled index","peel-4","Peel 4"
1955,"index","F20_R2_G20","Index 20  / Region 2  / Group 20","1955",3.11733650195403,3.37710788998506,"geometric-mean-scaled index","peel-4","Peel 4"
1956,"index","F20_R2_G20","Index 20  / Region 2  / Group 20","1956",3.11471220345346,3.34888927194571,"geometric-mean-scaled index","peel-4","Peel 4"
1957,"index","F20_R2_G20","Index 20  / Region 2  / Group 20","1957",2.49122048423764,3.32000957667352,"geometric-mean-scaled index","peel-4","Peel 4"
1958,"index","F20_R2_G20","Index 20  / Region 2  / Group 20","1958",3.38277838084962,3.29206698913356,"geometric-mean-scaled index","peel-4","Peel 4"
1959,"index","F20_R2_G20","Index 20  / Region 2  / Group 20","1959",3.53910335426992,3.26070465477025,"geometric-mean-scaled index","peel-4","Peel 4"
1960,"index","F20_R2_G20","Index 20  / Region 2  / Group 20","1960",2.88806453309758,3.20577520112297,"geometric-mean-scaled index","peel-4","Peel 4"
1961,"index","F20_R2_G20","Index 20  / Region 2  / Group 20","1961",2.77519235560544,2.86982276987039,"geometric-mean-scaled index","peel-4","Peel 4"
1962,"index","F20_R2_G20","Index 20  / Region 2  / Group 20","1962",2.84542670742501,2.70774266034171,"geometric-mean-scaled index","peel-4","Peel 4"
1963,"index","F20_R2_G20","Index 20  / Region 2  / Group 20","1963",2.15624779216803,2.19837316844624,"geometric-mean-scaled index","peel-4","Peel 4"
1964,"index","F20_R2_G20","Index 20  / Region 2  / Group 20","1964",1.77294323917794,1.72249579531091,"geometric-mean-scaled index","peel-4","Peel 4"
1965,"index","F20_R2_G20","Index 20  / Region 2  / Group 20","1965",1.39305357413891,1.63136354884451,"geometric-mean-scaled index","peel-4","Peel 4"
1966,"index","F20_R2_G20","Index 20  / Region 2  / Group 20","1966",2.15604911541288,1.70407758208902,"geometric-mean-scaled index","peel-4","Peel 4"
1967,"index","F20_R2_G20","Index 20  / Region 2  / Group 20","1967",1.83466830687541,1.86812716234299,"geometric-mean-scaled index","peel-4","Peel 4"
1968,"index","F20_R2_G20","Index 20  / Region 2  / Group 20","1968",1.49027459282616,1.57865086100352,"geometric-mean-scaled index","peel-4","Peel 4"
1969,"index","F20_R2_G20","Index 20  / Region 2  / Group 20","1969",0.90397341842816,1.20570534763429,"geometric-mean-scaled index","peel-4","Peel 4"
1970,"index","F20_R2_G20","Index 20  / Region 2  / Group 20","1970",1.74296686069583,1.1593949369975,"geometric-mean-scaled index","peel-4","Peel 4"
1971,"index","F20_R2_G20","Index 20  / Region 2  / Group 20","1971",1.05128168838887,1.02815773410709,"geometric-mean-scaled index","peel-4","Peel 4"
1972,"index","F20_R2_G20","Index 20  / Region 2  / Group 20","1972",1.03629787461149,0.923360770963173,"geometric-mean-scaled index","peel-4","Peel 4"
1973,"index","F20_R2_G20","Index 20  / Region 2  / Group 20","1973",1.14631510743072,0.832315467877957,"geometric-mean-scaled index","peel-4","Peel 4"
1974,"index","F20_R2_G20","Index 20  / Region 2  / Group 20","1974",0.503606327140092,0.727446152517301,"geometric-mean-scaled index","peel-4","Peel 4"
1975,"index","F20_R2_G20","Index 20  / Region 2  / Group 20","1975",0.345168043176568,0.66609613147122,"geometric-mean-scaled index","peel-4","Peel 4"
1976,"index","F20_R2_G20","Index 20  / Region 2  / Group 20","1976",0.392881567888747,0.651466215719126,"geometric-mean-scaled index","peel-4","Peel 4"
1977,"index","F20_R2_G20","Index 20  / Region 2  / Group 20","1977",0.722292569399697,0.781365044703866,"geometric-mean-scaled index","peel-4","Peel 4"
1978,"index","F20_R2_G20","Index 20  / Region 2  / Group 20","1978",1.34450541165844,1.05670774845848,"geometric-mean-scaled index","peel-4","Peel 4"
1979,"index","F20_R2_G20","Index 20  / Region 2  / Group 20","1979",0.925834385511787,1.01237365404173,"geometric-mean-scaled index","peel-4","Peel 4"
1980,"index","F20_R2_G20","Index 20  / Region 2  / Group 20","1980",0.665679781043966,0.860502051937938,"geometric-mean-scaled index","peel-4","Peel 4"
1981,"index","F20_R2_G20","Index 20  / Region 2  / Group 20","1981",0.591226781169868,0.727408549042054,"geometric-mean-scaled index","peel-4","Peel 4"
1982,"index","F20_R2_G20","Index 20  / Region 2  / Group 20","1982",0.474104859767232,0.645209730617737,"geometric-mean-scaled index","peel-4","Peel 4"
1983,"index","F20_R2_G20","Index 20  / Region 2  / Group 20","1983",0.516419783951321,0.658744346336257,"geometric-mean-scaled index","peel-4","Peel 4"
1984,"index","F20_R2_G20","Index 20  / Region 2  / Group 20","1984",0.705603550009173,0.773365000706498,"geometric-mean-scaled index","peel-4","Peel 4"
1985,"index","F20_R2_G20","Index 20  / Region 2  / Group 20","1985",0.596630644214555,0.80777840196032,"geometric-mean-scaled index","peel-4","Peel 4"
1986,"index","F20_R2_G20","Index 20  / Region 2  / Group 20","1986",0.576521368772823,0.769749578053778,"geometric-mean-scaled index","peel-4","Peel 4"
1987,"index","F20_R2_G20","Index 20  / Region 2  / Group 20","1987",0.738069475063823,0.755871060855472,"geometric-mean-scaled index","peel-4","Peel 4"
1988,"index","F20_R2_G20","Index 20  / Region 2  / Group 20","1988",0.631881286279668,0.792347109584114,"geometric-mean-scaled index","peel-4","Peel 4"
1989,"index","F20_R2_G20","Index 20  / Region 2  / Group 20","1989",0.538572813890766,0.674212476128477,"geometric-mean-scaled index","peel-4","Peel 4"
1990,"index","F20_R2_G20","Index 20  / Region 2  / Group 20","1990",0.558798697122352,0.687872790565609,"geometric-mean-scaled index","peel-4","Peel 4"
1991,"index","F20_R2_G20","Index 20  / Region 2  / Group 20","1991",0.596239520556125,0.705796435619561,"geometric-mean-scaled index","peel-4","Peel 4"
1992,"index","F20_R2_G20","Index 20  / Region 2  / Group 20","1992",0.949703632796349,0.763557353900085,"geometric-mean-scaled index","peel-4","Peel 4"
1993,"index","F20_R2_G20","Index 20  / Region 2  / Group 20","1993",0.773853468646436,0.888193649319384,"geometric-mean-scaled index","peel-4","Peel 4"
1994,"index","F20_R2_G20","Index 20  / Region 2  / Group 20","1994",0.810781379423954,0.789651730756275,"geometric-mean-scaled index","peel-4","Peel 4"
1995,"index","F20_R2_G20","Index 20  / Region 2  / Group 20","1995",1.07726297359609,0.912813196423813,"geometric-mean-scaled index","peel-4","Peel 4"
1996,"index","F20_R2_G20","Index 20  / Region 2  / Group 20","1996",0.935003854840217,0.891537131663548,"geometric-mean-scaled index","peel-4","Peel 4"
1997,"index","F20_R2_G20","Index 20  / Region 2  / Group 20","1997",0.800397864000986,0.896740964615586,"geometric-mean-scaled index","peel-4","Peel 4"
1998,"index","F20_R2_G20","Index 20  / Region 2  / Group 20","1998",1.04349083940237,0.946630840565994,"geometric-mean-scaled index","peel-4","Peel 4"
1999,"index","F20_R2_G20","Index 20  / Region 2  / Group 20","1999",0.765213765192612,1.04051811923131,"geometric-mean-scaled index","peel-4","Peel 4"
2000,"index","F20_R2_G20","Index 20  / Region 2  / Group 20","2000",0.767097814359868,0.938906737391627,"geometric-mean-scaled index","peel-4","Peel 4"
2001,"index","F20_R2_G20","Index 20  / Region 2  / Group 20","2001",0.841773334723493,0.873130152647781,"geometric-mean-scaled index","peel-4","Peel 4"
2002,"index","F20_R2_G20","Index 20  / Region 2  / Group 20","2002",0.547333871289332,0.683922338177637,"geometric-mean-scaled index","peel-4","Peel 4"
2003,"index","F20_R2_G20","Index 20  / Region 2  / Group 20","2003",0.588325890023659,0.872809216086761,"geometric-mean-scaled index","peel-4","Peel 4"
2004,"index","F20_R2_G20","Index 20  / Region 2  / Group 20","2004",0.635814586790303,0.698148814670241,"geometric-mean-scaled index","peel-4","Peel 4"
2005,"index","F20_R2_G20","Index 20  / Region 2  / Group 20","2005",0.834789610625378,0.80182592225134,"geometric-mean-scaled index","peel-4","Peel 4"
2006,"index","F20_R2_G20","Index 20  / Region 2  / Group 20","2006",0.92372528101704,0.946212146319782,"geometric-mean-scaled index","peel-4","Peel 4"
2007,"index","F20_R2_G20","Index 20  / Region 2  / Group 20","2007",0.84623569961814,1.04286691591439,"geometric-mean-scaled index","peel-4","Peel 4"
2008,"index","F20_R2_G20","Index 20  / Region 2  / Group 20","2008",0.610796174186906,0.90417331780129,"geometric-mean-scaled index","peel-4","Peel 4"
2009,"index","F20_R2_G20","Index 20  / Region 2  / Group 20","2009",1.05927374250753,0.845363814481124,"geometric-mean-scaled index","peel-4","Peel 4"
2010,"index","F20_R2_G20","Index 20  / Region 2  / Group 20","2010",0.847323881897912,0.863422241089131,"geometric-mean-scaled index","peel-4","Peel 4"
2011,"index","F20_R2_G20","Index 20  / Region 2  / Group 20","2011",1.12583979197944,1.00289127027434,"geometric-mean-scaled index","peel-4","Peel 4"
2012,"index","F20_R2_G20","Index 20  / Region 2  / Group 20","2012",0.945525297290097,0.897298930098544,"geometric-mean-scaled index","peel-4","Peel 4"
2013,"index","F20_R2_G20","Index 20  / Region 2  / Group 20","2013",0.87877457395759,0.889262406667279,"geometric-mean-scaled index","peel-4","Peel 4"
2014,"index","F20_R2_G20","Index 20  / Region 2  / Group 20","2014",1.04373534993691,0.959125759347831,"geometric-mean-scaled index","peel-4","Peel 4"
2015,"index","F20_R2_G20","Index 20  / Region 2  / Group 20","2015",1.22377077691567,0.976144543548163,"geometric-mean-scaled index","peel-4","Peel 4"
2016,"index","F20_R2_G20","Index 20  / Region 2  / Group 20","2016",1.13572929605611,0.879769236070195,"geometric-mean-scaled index","peel-4","Peel 4"
2017,"index","F20_R2_G20","Index 20  / Region 2  / Group 20","2017",0.734357067400453,0.800091215652352,"geometric-mean-scaled index","peel-4","Peel 4"
2018,"index","F20_R2_G20","Index 20  / Region 2  / Group 20","2018",0.64550184014846,0.794200565487403,"geometric-mean-scaled index","peel-4","Peel 4"
1954,"index","F18_R1_G18","Index 18  / Region 1  / Group 18","1954",4.40903714715002,5.43221263233347,"geometric-mean-scaled index","peel-5","Peel 5"
1955,"index","F18_R1_G18","Index 18  / Region 1  / Group 18","1955",3.14529508758885,5.12338737828676,"geometric-mean-scaled index","peel-5","Peel 5"
1956,"index","F18_R1_G18","Index 18  / Region 1  / Group 18","1956",3.55845376339654,4.978315025684,"geometric-mean-scaled index","peel-5","Peel 5"
1957,"index","F18_R1_G18","Index 18  / Region 1  / Group 18","1957",3.81367935187817,4.84830102594527,"geometric-mean-scaled index","peel-5","Peel 5"
1958,"index","F18_R1_G18","Index 18  / Region 1  / Group 18","1958",4.19937988018333,4.72131327143141,"geometric-mean-scaled index","peel-5","Peel 5"
1959,"index","F18_R1_G18","Index 18  / Region 1  / Group 18","1959",5.02003875847804,4.56007924371476,"geometric-mean-scaled index","peel-5","Peel 5"
1960,"index","F18_R1_G18","Index 18  / Region 1  / Group 18","1960",6.09415385779237,4.42311685163574,"geometric-mean-scaled index","peel-5","Peel 5"
1961,"index","F18_R1_G18","Index 18  / Region 1  / Group 18","1961",5.9871599837675,4.24103220266056,"geometric-mean-scaled index","peel-5","Peel 5"
1962,"index","F18_R1_G18","Index 18  / Region 1  / Group 18","1962",4.31836862588877,3.95212050988516,"geometric-mean-scaled index","peel-5","Peel 5"
1963,"index","F18_R1_G18","Index 18  / Region 1  / Group 18","1963",2.6756633141332,3.57838420408316,"geometric-mean-scaled index","peel-5","Peel 5"
1964,"index","F18_R1_G18","Index 18  / Region 1  / Group 18","1964",2.42251196662564,3.15889719181738,"geometric-mean-scaled index","peel-5","Peel 5"
1965,"index","F18_R1_G18","Index 18  / Region 1  / Group 18","1965",2.71599052736943,2.67915933553004,"geometric-mean-scaled index","peel-5","Peel 5"
1966,"index","F18_R1_G18","Index 18  / Region 1  / Group 18","1966",2.44814503331434,2.20616261609746,"geometric-mean-scaled index","peel-5","Peel 5"
1967,"index","F18_R1_G18","Index 18  / Region 1  / Group 18","1967",1.94746079529619,1.94999535644617,"geometric-mean-scaled index","peel-5","Peel 5"
1968,"index","F18_R1_G18","Index 18  / Region 1  / Group 18","1968",1.71471945569896,1.88328294924993,"geometric-mean-scaled index","peel-5","Peel 5"
1969,"index","F18_R1_G18","Index 18  / Region 1  / Group 18","1969",1.65433171113289,1.81528669786958,"geometric-mean-scaled index","peel-5","Peel 5"
1970,"index","F18_R1_G18","Index 18  / Region 1  / Group 18","1970",1.54780579698768,1.6007027131583,"geometric-mean-scaled index","peel-5","Peel 5"
1971,"index","F18_R1_G18","Index 18  / Region 1  / Group 18","1971",1.23412080025738,1.32504911733201,"geometric-mean-scaled index","peel-5","Peel 5"
1972,"index","F18_R1_G18","Index 18  / Region 1  / Group 18","1972",1.07338614840291,1.12051522247425,"geometric-mean-scaled index","peel-5","Peel 5"
1973,"index","F18_R1_G18","Index 18  / Region 1  / Group 18","1973",0.989103263951998,0.930691085747272,"geometric-mean-scaled index","peel-5","Peel 5"
1974,"index","F18_R1_G18","Index 18  / Region 1  / Group 18","1974",0.580301639759145,0.796739364141917,"geometric-mean-scaled index","peel-5","Peel 5"
1975,"index","F18_R1_G18","Index 18  / Region 1  / Group 18","1975",0.58813811691667,0.768250856508012,"geometric-mean-scaled index","peel-5","Peel 5"
1976,"index","F18_R1_G18","Index 18  / Region 1  / Group 18","1976",0.851064006357214,0.778178115900562,"geometric-mean-scaled index","peel-5","Peel 5"
1977,"index","F18_R1_G18","Index 18  / Region 1  / Group 18","1977",0.863018267252948,0.731862203619807,"geometric-mean-scaled index","peel-5","Peel 5"
1978,"index","F18_R1_G18","Index 18  / Region 1  / Group 18","1978",0.935245185300877,0.771536090377138,"geometric-mean-scaled index","peel-5","Peel 5"
1979,"index","F18_R1_G18","Index 18  / Region 1  / Group 18","1979",0.811891863308134,0.905152718746616,"geometric-mean-scaled index","peel-5","Peel 5"
1980,"index","F18_R1_G18","Index 18  / Region 1  / Group 18","1980",0.857986996795637,0.995430738518117,"geometric-mean-scaled index","peel-5","Peel 5"
1981,"index","F18_R1_G18","Index 18  / Region 1  / Group 18","1981",0.969775742290399,0.930954336372525,"geometric-mean-scaled index","peel-5","Peel 5"
1982,"index","F18_R1_G18","Index 18  / Region 1  / Group 18","1982",0.754187984251701,0.809759704056843,"geometric-mean-scaled index","peel-5","Peel 5"
1983,"index","F18_R1_G18","Index 18  / Region 1  / Group 18","1983",0.847323525052082,0.734803348830714,"geometric-mean-scaled index","peel-5","Peel 5"
1984,"index","F18_R1_G18","Index 18  / Region 1  / Group 18","1984",0.697012441179108,0.715126496147651,"geometric-mean-scaled index","peel-5","Peel 5"
1985,"index","F18_R1_G18","Index 18  / Region 1  / Group 18","1985",0.700113985527936,0.768281070512449,"geometric-mean-scaled index","peel-5","Peel 5"
1986,"index","F18_R1_G18","Index 18  / Region 1  / Group 18","1986",0.916792661518106,0.816352688877244,"geometric-mean-scaled index","peel-5","Peel 5"
1987,"index","F18_R1_G18","Index 18  / Region 1  / Group 18","1987",0.932698710694853,0.870994812375729,"geometric-mean-scaled index","peel-5","Peel 5"
1988,"index","F18_R1_G18","Index 18  / Region 1  / Group 18","1988",0.933673375591985,0.825908116967993,"geometric-mean-scaled index","peel-5","Peel 5"
1989,"index","F18_R1_G18","Index 18  / Region 1  / Group 18","1989",0.68771709247243,0.813181490073769,"geometric-mean-scaled index","peel-5","Peel 5"
1990,"index","F18_R1_G18","Index 18  / Region 1  / Group 18","1990",0.776975789161292,0.819500786690341,"geometric-mean-scaled index","peel-5","Peel 5"
1991,"index","F18_R1_G18","Index 18  / Region 1  / Group 18","1991",0.655727821196814,0.781230294312525,"geometric-mean-scaled index","peel-5","Peel 5"
1992,"index","F18_R1_G18","Index 18  / Region 1  / Group 18","1992",0.872502177541898,0.763941025212245,"geometric-mean-scaled index","peel-5","Peel 5"
1993,"index","F18_R1_G18","Index 18  / Region 1  / Group 18","1993",0.879147658089477,0.804936352861188,"geometric-mean-scaled index","peel-5","Peel 5"
1994,"index","F18_R1_G18","Index 18  / Region 1  / Group 18","1994",0.948738796667378,0.851305115338526,"geometric-mean-scaled index","peel-5","Peel 5"
1995,"index","F18_R1_G18","Index 18  / Region 1  / Group 18","1995",0.883131727989847,0.898931828791109,"geometric-mean-scaled index","peel-5","Peel 5"
1996,"index","F18_R1_G18","Index 18  / Region 1  / Group 18","1996",0.837306959406211,0.903708941333818,"geometric-mean-scaled index","peel-5","Peel 5"
1997,"index","F18_R1_G18","Index 18  / Region 1  / Group 18","1997",0.95208949005856,0.934602517706611,"geometric-mean-scaled index","peel-5","Peel 5"
1998,"index","F18_R1_G18","Index 18  / Region 1  / Group 18","1998",0.856547687420413,0.890608433534103,"geometric-mean-scaled index","peel-5","Peel 5"
1999,"index","F18_R1_G18","Index 18  / Region 1  / Group 18","1999",0.61266101448799,0.927824073000025,"geometric-mean-scaled index","peel-5","Peel 5"
2000,"index","F18_R1_G18","Index 18  / Region 1  / Group 18","2000",0.679263091965619,0.966448973423118,"geometric-mean-scaled index","peel-5","Peel 5"
2001,"index","F18_R1_G18","Index 18  / Region 1  / Group 18","2001",0.663388123597169,0.90386619684648,"geometric-mean-scaled index","peel-5","Peel 5"
2002,"index","F18_R1_G18","Index 18  / Region 1  / Group 18","2002",0.695863453728742,0.710565353192212,"geometric-mean-scaled index","peel-5","Peel 5"
2003,"index","F18_R1_G18","Index 18  / Region 1  / Group 18","2003",0.520428254256146,0.600869538442312,"geometric-mean-scaled index","peel-5","Peel 5"
2004,"index","F18_R1_G18","Index 18  / Region 1  / Group 18","2004",0.457969008695485,0.605885051107053,"geometric-mean-scaled index","peel-5","Peel 5"
2005,"index","F18_R1_G18","Index 18  / Region 1  / Group 18","2005",0.57000982730679,0.568328265326694,"geometric-mean-scaled index","peel-5","Peel 5"
2006,"index","F18_R1_G18","Index 18  / Region 1  / Group 18","2006",0.692547701969523,0.579570691650942,"geometric-mean-scaled index","peel-5","Peel 5"
2007,"index","F18_R1_G18","Index 18  / Region 1  / Group 18","2007",0.763296075617131,0.643982683981872,"geometric-mean-scaled index","peel-5","Peel 5"
2008,"index","F18_R1_G18","Index 18  / Region 1  / Group 18","2008",0.557991706511396,0.718225624355898,"geometric-mean-scaled index","peel-5","Peel 5"
2009,"index","F18_R1_G18","Index 18  / Region 1  / Group 18","2009",0.644374806432787,0.697064206499536,"geometric-mean-scaled index","peel-5","Peel 5"
2010,"index","F18_R1_G18","Index 18  / Region 1  / Group 18","2010",0.629833334064991,0.526920283466142,"geometric-mean-scaled index","peel-5","Peel 5"
2011,"index","F18_R1_G18","Index 18  / Region 1  / Group 18","2011",0.472776191924379,0.546254371559584,"geometric-mean-scaled index","peel-5","Peel 5"
2012,"index","F18_R1_G18","Index 18  / Region 1  / Group 18","2012",0.561037772817115,0.601299055587748,"geometric-mean-scaled index","peel-5","Peel 5"
2013,"index","F18_R1_G18","Index 18  / Region 1  / Group 18","2013",0.518607359493591,0.596900536197004,"geometric-mean-scaled index","peel-5","Peel 5"
2014,"index","F18_R1_G18","Index 18  / Region 1  / Group 18","2014",0.534249440170542,0.607671530799738,"geometric-mean-scaled index","peel-5","Peel 5"
2015,"index","F18_R1_G18","Index 18  / Region 1  / Group 18","2015",0.610459945494768,0.643241737893712,"geometric-mean-scaled index","peel-5","Peel 5"
2016,"index","F18_R1_G18","Index 18  / Region 1  / Group 18","2016",0.483833914957584,0.677231013675658,"geometric-mean-scaled index","peel-5","Peel 5"
2017,"index","F18_R1_G18","Index 18  / Region 1  / Group 18","2017",0.503585067785675,0.677162621888401,"geometric-mean-scaled index","peel-5","Peel 5"
1992,"index","F19_R1_G19","Index 19  / Region 1  / Group 19","1992",1.85927115000846,0.956184671699588,"geometric-mean-scaled index","peel-5","Peel 5"
1993,"index","F19_R1_G19","Index 19  / Region 1  / Group 19","1993",0.849266654622091,0.926849594788551,"geometric-mean-scaled index","peel-5","Peel 5"
1994,"index","F19_R1_G19","Index 19  / Region 1  / Group 19","1994",1.00123553533734,0.91694530912661,"geometric-mean-scaled index","peel-5","Peel 5"
1995,"index","F19_R1_G19","Index 19  / Region 1  / Group 19","1995",1.31046507492219,1.08127288659942,"geometric-mean-scaled index","peel-5","Peel 5"
1996,"index","F19_R1_G19","Index 19  / Region 1  / Group 19","1996",1.21306505673522,1.12312805787596,"geometric-mean-scaled index","peel-5","Peel 5"
1997,"index","F19_R1_G19","Index 19  / Region 1  / Group 19","1997",0.799390157141791,0.852405669178695,"geometric-mean-scaled index","peel-5","Peel 5"
1998,"index","F19_R1_G19","Index 19  / Region 1  / Group 19","1998",1.99291282185133,0.703533643778158,"geometric-mean-scaled index","peel-5","Peel 5"
1999,"index","F19_R1_G19","Index 19  / Region 1  / Group 19","1999",1.3696369541503,0.673730849743849,"geometric-mean-scaled index","peel-5","Peel 5"
2000,"index","F19_R1_G19","Index 19  / Region 1  / Group 19","2000",0.965612099781253,1.12758177822272,"geometric-mean-scaled index","peel-5","Peel 5"
2001,"index","F19_R1_G19","Index 19  / Region 1  / Group 19","2001",0.810369966030035,0.875214494003311,"geometric-mean-scaled index","peel-5","Peel 5"
2002,"index","F19_R1_G19","Index 19  / Region 1  / Group 19","2002",0.74171237247259,1.04775253349502,"geometric-mean-scaled index","peel-5","Peel 5"
2003,"index","F19_R1_G19","Index 19  / Region 1  / Group 19","2003",1.03600097632011,1.45018913902335,"geometric-mean-scaled index","peel-5","Peel 5"
2004,"index","F19_R1_G19","Index 19  / Region 1  / Group 19","2004",1.05045112419079,1.3274298217686,"geometric-mean-scaled index","peel-5","Peel 5"
2005,"index","F19_R1_G19","Index 19  / Region 1  / Group 19","2005",0.734713898314047,0.933229983699346,"geometric-mean-scaled index","peel-5","Peel 5"
2006,"index","F19_R1_G19","Index 19  / Region 1  / Group 19","2006",0.882670668461906,0.858229772642033,"geometric-mean-scaled index","peel-5","Peel 5"
2007,"index","F19_R1_G19","Index 19  / Region 1  / Group 19","2007",1.03363575876466,1.14803221345921,"geometric-mean-scaled index","peel-5","Peel 5"
2008,"index","F19_R1_G19","Index 19  / Region 1  / Group 19","2008",1.33647576097039,1.41358062828975,"geometric-mean-scaled index","peel-5","Peel 5"
2009,"index","F19_R1_G19","Index 19  / Region 1  / Group 19","2009",0.832547956398684,1.20277637970726,"geometric-mean-scaled index","peel-5","Peel 5"
2010,"index","F19_R1_G19","Index 19  / Region 1  / Group 19","2010",1.1710748925389,1.16809931569399,"geometric-mean-scaled index","peel-5","Peel 5"
2011,"index","F19_R1_G19","Index 19  / Region 1  / Group 19","2011",1.14908021933067,1.39609512364838,"geometric-mean-scaled index","peel-5","Peel 5"
2012,"index","F19_R1_G19","Index 19  / Region 1  / Group 19","2012",0.992144371207608,1.43774353623311,"geometric-mean-scaled index","peel-5","Peel 5"
2013,"index","F19_R1_G19","Index 19  / Region 1  / Group 19","2013",0.812541615693899,1.18043219053038,"geometric-mean-scaled index","peel-5","Peel 5"
2014,"index","F19_R1_G19","Index 19  / Region 1  / Group 19","2014",0.869128916645273,1.03015579958925,"geometric-mean-scaled index","peel-5","Peel 5"
2015,"index","F19_R1_G19","Index 19  / Region 1  / Group 19","2015",0.923487470227196,1.16639634681739,"geometric-mean-scaled index","peel-5","Peel 5"
2016,"index","F19_R1_G19","Index 19  / Region 1  / Group 19","2016",0.994049496935054,1.19963538330288,"geometric-mean-scaled index","peel-5","Peel 5"
2017,"index","F19_R1_G19","Index 19  / Region 1  / Group 19","2017",0.679637993540111,0.891218011357962,"geometric-mean-scaled index","peel-5","Peel 5"
1954,"index","F20_R2_G20","Index 20  / Region 2  / Group 20","1954",4.21096154805618,3.50319610141864,"geometric-mean-scaled index","peel-5","Peel 5"
1955,"index","F20_R2_G20","Index 20  / Region 2  / Group 20","1955",3.11733650195403,3.42489715257919,"geometric-mean-scaled index","peel-5","Peel 5"
1956,"index","F20_R2_G20","Index 20  / Region 2  / Group 20","1956",3.11471220345346,3.39627921447324,"geometric-mean-scaled index","peel-5","Peel 5"
1957,"index","F20_R2_G20","Index 20  / Region 2  / Group 20","1957",2.49122048423764,3.36699084426796,"geometric-mean-scaled index","peel-5","Peel 5"
1958,"index","F20_R2_G20","Index 20  / Region 2  / Group 20","1958",3.38277838084962,3.33865284275337,"geometric-mean-scaled index","peel-5","Peel 5"
1959,"index","F20_R2_G20","Index 20  / Region 2  / Group 20","1959",3.53910335426992,3.30684670177172,"geometric-mean-scaled index","peel-5","Peel 5"
1960,"index","F20_R2_G20","Index 20  / Region 2  / Group 20","1960",2.88806453309758,3.25113994453509,"geometric-mean-scaled index","peel-5","Peel 5"
1961,"index","F20_R2_G20","Index 20  / Region 2  / Group 20","1961",2.77519235560544,2.91043346944403,"geometric-mean-scaled index","peel-5","Peel 5"
1962,"index","F20_R2_G20","Index 20  / Region 2  / Group 20","1962",2.84542670742501,2.74605977345975,"geometric-mean-scaled index","peel-5","Peel 5"
1963,"index","F20_R2_G20","Index 20  / Region 2  / Group 20","1963",2.15624779216803,2.22948222271671,"geometric-mean-scaled index","peel-5","Peel 5"
1964,"index","F20_R2_G20","Index 20  / Region 2  / Group 20","1964",1.77294323917794,1.7468707358106,"geometric-mean-scaled index","peel-5","Peel 5"
1965,"index","F20_R2_G20","Index 20  / Region 2  / Group 20","1965",1.39305357413891,1.65444888208288,"geometric-mean-scaled index","peel-5","Peel 5"
1966,"index","F20_R2_G20","Index 20  / Region 2  / Group 20","1966",2.15604911541288,1.72819188749594,"geometric-mean-scaled index","peel-5","Peel 5"
1967,"index","F20_R2_G20","Index 20  / Region 2  / Group 20","1967",1.83466830687541,1.89456292407426,"geometric-mean-scaled index","peel-5","Peel 5"
1968,"index","F20_R2_G20","Index 20  / Region 2  / Group 20","1968",1.49027459282616,1.60099025997998,"geometric-mean-scaled index","peel-5","Peel 5"
1969,"index","F20_R2_G20","Index 20  / Region 2  / Group 20","1969",0.90397341842816,1.22276721576119,"geometric-mean-scaled index","peel-5","Peel 5"
1970,"index","F20_R2_G20","Index 20  / Region 2  / Group 20","1970",1.74296686069583,1.17580146912482,"geometric-mean-scaled index","peel-5","Peel 5"
1971,"index","F20_R2_G20","Index 20  / Region 2  / Group 20","1971",1.05128168838887,1.04270713600484,"geometric-mean-scaled index","peel-5","Peel 5"
1972,"index","F20_R2_G20","Index 20  / Region 2  / Group 20","1972",1.03629787461149,0.936427196967369,"geometric-mean-scaled index","peel-5","Peel 5"
1973,"index","F20_R2_G20","Index 20  / Region 2  / Group 20","1973",1.14631510743072,0.844093516951701,"geometric-mean-scaled index","peel-5","Peel 5"
1974,"index","F20_R2_G20","Index 20  / Region 2  / Group 20","1974",0.503606327140092,0.737740201845376,"geometric-mean-scaled index","peel-5","Peel 5"
1975,"index","F20_R2_G20","Index 20  / Region 2  / Group 20","1975",0.345168043176568,0.675522020124115,"geometric-mean-scaled index","peel-5","Peel 5"
1976,"index","F20_R2_G20","Index 20  / Region 2  / Group 20","1976",0.392881567888747,0.660685077262321,"geometric-mean-scaled index","peel-5","Peel 5"
1977,"index","F20_R2_G20","Index 20  / Region 2  / Group 20","1977",0.722292569399697,0.79242209722326,"geometric-mean-scaled index","peel-5","Peel 5"
1978,"index","F20_R2_G20","Index 20  / Region 2  / Group 20","1978",1.34450541165844,1.07166115999327,"geometric-mean-scaled index","peel-5","Peel 5"
1979,"index","F20_R2_G20","Index 20  / Region 2  / Group 20","1979",0.925834385511787,1.02669969631591,"geometric-mean-scaled index","peel-5","Peel 5"
1980,"index","F20_R2_G20","Index 20  / Region 2  / Group 20","1980",0.665679781043966,0.872678967767249,"geometric-mean-scaled index","peel-5","Peel 5"
1981,"index","F20_R2_G20","Index 20  / Region 2  / Group 20","1981",0.591226781169868,0.737702066245479,"geometric-mean-scaled index","peel-5","Peel 5"
1982,"index","F20_R2_G20","Index 20  / Region 2  / Group 20","1982",0.474104859767232,0.654340056994403,"geometric-mean-scaled index","peel-5","Peel 5"
1983,"index","F20_R2_G20","Index 20  / Region 2  / Group 20","1983",0.516419783951321,0.668066200293845,"geometric-mean-scaled index","peel-5","Peel 5"
1984,"index","F20_R2_G20","Index 20  / Region 2  / Group 20","1984",0.705603550009173,0.784308845056118,"geometric-mean-scaled index","peel-5","Peel 5"
1985,"index","F20_R2_G20","Index 20  / Region 2  / Group 20","1985",0.596630644214555,0.819209228403155,"geometric-mean-scaled index","peel-5","Peel 5"
1986,"index","F20_R2_G20","Index 20  / Region 2  / Group 20","1986",0.576521368772823,0.780642260762086,"geometric-mean-scaled index","peel-5","Peel 5"
1987,"index","F20_R2_G20","Index 20  / Region 2  / Group 20","1987",0.738069475063823,0.766567349452483,"geometric-mean-scaled index","peel-5","Peel 5"
1988,"index","F20_R2_G20","Index 20  / Region 2  / Group 20","1988",0.631881286279668,0.803559568682003,"geometric-mean-scaled index","peel-5","Peel 5"
1989,"index","F20_R2_G20","Index 20  / Region 2  / Group 20","1989",0.538572813890766,0.683753218715201,"geometric-mean-scaled index","peel-5","Peel 5"
1990,"index","F20_R2_G20","Index 20  / Region 2  / Group 20","1990",0.558798697122352,0.697606839488707,"geometric-mean-scaled index","peel-5","Peel 5"
1991,"index","F20_R2_G20","Index 20  / Region 2  / Group 20","1991",0.596239520556125,0.715784121029272,"geometric-mean-scaled index","peel-5","Peel 5"
1992,"index","F20_R2_G20","Index 20  / Region 2  / Group 20","1992",0.949703632796349,0.774362410794897,"geometric-mean-scaled index","peel-5","Peel 5"
1993,"index","F20_R2_G20","Index 20  / Region 2  / Group 20","1993",0.773853468646436,0.90076242737579,"geometric-mean-scaled index","peel-5","Peel 5"
1994,"index","F20_R2_G20","Index 20  / Region 2  / Group 20","1994",0.810781379423954,0.800826047700939,"geometric-mean-scaled index","peel-5","Peel 5"
1995,"index","F20_R2_G20","Index 20  / Region 2  / Group 20","1995",1.07726297359609,0.925730364297735,"geometric-mean-scaled index","peel-5","Peel 5"
1996,"index","F20_R2_G20","Index 20  / Region 2  / Group 20","1996",0.935003854840217,0.904153223149352,"geometric-mean-scaled index","peel-5","Peel 5"
1997,"index","F20_R2_G20","Index 20  / Region 2  / Group 20","1997",0.800397864000986,0.909430695246938,"geometric-mean-scaled index","peel-5","Peel 5"
1998,"index","F20_R2_G20","Index 20  / Region 2  / Group 20","1998",1.04349083940237,0.960026560007965,"geometric-mean-scaled index","peel-5","Peel 5"
1999,"index","F20_R2_G20","Index 20  / Region 2  / Group 20","1999",0.765213765192612,1.0552424322393,"geometric-mean-scaled index","peel-5","Peel 5"
2000,"index","F20_R2_G20","Index 20  / Region 2  / Group 20","2000",0.767097814359868,0.952193153486792,"geometric-mean-scaled index","peel-5","Peel 5"
2001,"index","F20_R2_G20","Index 20  / Region 2  / Group 20","2001",0.841773334723493,0.885485768015438,"geometric-mean-scaled index","peel-5","Peel 5"
2002,"index","F20_R2_G20","Index 20  / Region 2  / Group 20","2002",0.547333871289332,0.693600484472603,"geometric-mean-scaled index","peel-5","Peel 5"
2003,"index","F20_R2_G20","Index 20  / Region 2  / Group 20","2003",0.588325890023659,0.88516028989931,"geometric-mean-scaled index","peel-5","Peel 5"
2004,"index","F20_R2_G20","Index 20  / Region 2  / Group 20","2004",0.635814586790303,0.708028279028782,"geometric-mean-scaled index","peel-5","Peel 5"
2005,"index","F20_R2_G20","Index 20  / Region 2  / Group 20","2005",0.834789610625378,0.813172515490745,"geometric-mean-scaled index","peel-5","Peel 5"
2006,"index","F20_R2_G20","Index 20  / Region 2  / Group 20","2006",0.92372528101704,0.959601940843175,"geometric-mean-scaled index","peel-5","Peel 5"
2007,"index","F20_R2_G20","Index 20  / Region 2  / Group 20","2007",0.84623569961814,1.05762446661129,"geometric-mean-scaled index","peel-5","Peel 5"
2008,"index","F20_R2_G20","Index 20  / Region 2  / Group 20","2008",0.610796174186906,0.916968223241874,"geometric-mean-scaled index","peel-5","Peel 5"
2009,"index","F20_R2_G20","Index 20  / Region 2  / Group 20","2009",1.05927374250753,0.857326509969065,"geometric-mean-scaled index","peel-5","Peel 5"
2010,"index","F20_R2_G20","Index 20  / Region 2  / Group 20","2010",0.847323881897912,0.875640480349827,"geometric-mean-scaled index","peel-5","Peel 5"
2011,"index","F20_R2_G20","Index 20  / Region 2  / Group 20","2011",1.12583979197944,1.01708312787256,"geometric-mean-scaled index","peel-5","Peel 5"
2012,"index","F20_R2_G20","Index 20  / Region 2  / Group 20","2012",0.945525297290097,0.909996556467863,"geometric-mean-scaled index","peel-5","Peel 5"
2013,"index","F20_R2_G20","Index 20  / Region 2  / Group 20","2013",0.87877457395759,0.90184630864842,"geometric-mean-scaled index","peel-5","Peel 5"
2014,"index","F20_R2_G20","Index 20  / Region 2  / Group 20","2014",1.04373534993691,0.972698293678225,"geometric-mean-scaled index","peel-5","Peel 5"
2015,"index","F20_R2_G20","Index 20  / Region 2  / Group 20","2015",1.22377077691567,0.989957909730448,"geometric-mean-scaled index","peel-5","Peel 5"
2016,"index","F20_R2_G20","Index 20  / Region 2  / Group 20","2016",1.13572929605611,0.892218800731565,"geometric-mean-scaled index","peel-5","Peel 5"
2017,"index","F20_R2_G20","Index 20  / Region 2  / Group 20","2017",0.734357067400453,0.811413261156867,"geometric-mean-scaled index","peel-5","Peel 5"
