"time","kind","series","series_label","record","observed","predicted","unit","model","label"
1954.58333333333,"index","F18_R1_G18","Index 18  / Region 1  / Group 18","3289",4.40903714715002,5.05322105333346,"geometric-mean-scaled index","alb","ALB reference"
1955.58333333333,"index","F18_R1_G18","Index 18  / Region 1  / Group 18","3290",3.14529508758885,4.7659417472435,"geometric-mean-scaled index","alb","ALB reference"
1956.58333333333,"index","F18_R1_G18","Index 18  / Region 1  / Group 18","3291",3.55845376339654,4.63099072156651,"geometric-mean-scaled index","alb","ALB reference"
1957.58333333333,"index","F18_R1_G18","Index 18  / Region 1  / Group 18","3292",3.81367935187817,4.5100474659956,"geometric-mean-scaled index","alb","ALB reference"
1958.58333333333,"index","F18_R1_G18","Index 18  / Region 1  / Group 18","3293",4.19937988018333,4.39191932226178,"geometric-mean-scaled index","alb","ALB reference"
1959.58333333333,"index","F18_R1_G18","Index 18  / Region 1  / Group 18","3294",5.02003875847804,4.24193418019977,"geometric-mean-scaled index","alb","ALB reference"
1960.58333333333,"index","F18_R1_G18","Index 18  / Region 1  / Group 18","3295",6.09415385779237,4.1145273038472,"geometric-mean-scaled index","alb","ALB reference"
1961.58333333333,"index","F18_R1_G18","Index 18  / Region 1  / Group 18","3296",5.9871599837675,3.94514623503308,"geometric-mean-scaled index","alb","ALB reference"
1962.58333333333,"index","F18_R1_G18","Index 18  / Region 1  / Group 18","3297",4.31836862588877,3.6763911719862,"geometric-mean-scaled index","alb","ALB reference"
1963.58333333333,"index","F18_R1_G18","Index 18  / Region 1  / Group 18","3298",2.6756633141332,3.32872949217038,"geometric-mean-scaled index","alb","ALB reference"
1964.58333333333,"index","F18_R1_G18","Index 18  / Region 1  / Group 18","3299",2.42251196662564,2.93850901564408,"geometric-mean-scaled index","alb","ALB reference"
1965.58333333333,"index","F18_R1_G18","Index 18  / Region 1  / Group 18","3300",2.71599052736943,2.49224124235352,"geometric-mean-scaled index","alb","ALB reference"
1966.58333333333,"index","F18_R1_G18","Index 18  / Region 1  / Group 18","3301",2.44814503331434,2.05224429404415,"geometric-mean-scaled index","alb","ALB reference"
1967.58333333333,"index","F18_R1_G18","Index 18  / Region 1  / Group 18","3302",1.94746079529619,1.81394916878713,"geometric-mean-scaled index","alb","ALB reference"
1968.58333333333,"index","F18_R1_G18","Index 18  / Region 1  / Group 18","3303",1.71471945569896,1.75189111558133,"geometric-mean-scaled index","alb","ALB reference"
1969.58333333333,"index","F18_R1_G18","Index 18  / Region 1  / Group 18","3304",1.65433171113289,1.68863878871589,"geometric-mean-scaled index","alb","ALB reference"
1970.58333333333,"index","F18_R1_G18","Index 18  / Region 1  / Group 18","3305",1.54780579698768,1.48902577968214,"geometric-mean-scaled index","alb","ALB reference"
1971.58333333333,"index","F18_R1_G18","Index 18  / Region 1  / Group 18","3306",1.23412080025738,1.23260383007629,"geometric-mean-scaled index","alb","ALB reference"
1972.58333333333,"index","F18_R1_G18","Index 18  / Region 1  / Group 18","3307",1.07338614840291,1.04233974183652,"geometric-mean-scaled index","alb","ALB reference"
1973.58333333333,"index","F18_R1_G18","Index 18  / Region 1  / Group 18","3308",0.989103263951998,0.865759149532346,"geometric-mean-scaled index","alb","ALB reference"
1974.58333333333,"index","F18_R1_G18","Index 18  / Region 1  / Group 18","3309",0.580301639759145,0.741152896876202,"geometric-mean-scaled index","alb","ALB reference"
1975.58333333333,"index","F18_R1_G18","Index 18  / Region 1  / Group 18","3310",0.58813811691667,0.714651959542337,"geometric-mean-scaled index","alb","ALB reference"
1976.58333333333,"index","F18_R1_G18","Index 18  / Region 1  / Group 18","3311",0.851064006357214,0.723886619442383,"geometric-mean-scaled index","alb","ALB reference"
1977.58333333333,"index","F18_R1_G18","Index 18  / Region 1  / Group 18","3312",0.863018267252948,0.68080204987889,"geometric-mean-scaled index","alb","ALB reference"
1978.58333333333,"index","F18_R1_G18","Index 18  / Region 1  / Group 18","3313",0.935245185300877,0.717707991048501,"geometric-mean-scaled index","alb","ALB reference"
1979.58333333333,"index","F18_R1_G18","Index 18  / Region 1  / Group 18","3314",0.811891863308134,0.84200252906662,"geometric-mean-scaled index","alb","ALB reference"
1980.58333333333,"index","F18_R1_G18","Index 18  / Region 1  / Group 18","3315",0.857986996795637,0.925982082342435,"geometric-mean-scaled index","alb","ALB reference"
1981.58333333333,"index","F18_R1_G18","Index 18  / Region 1  / Group 18","3316",0.969775742290399,0.866004033834907,"geometric-mean-scaled index","alb","ALB reference"
1982.58333333333,"index","F18_R1_G18","Index 18  / Region 1  / Group 18","3317",0.754187984251701,0.75326484098311,"geometric-mean-scaled index","alb","ALB reference"
1983.58333333333,"index","F18_R1_G18","Index 18  / Region 1  / Group 18","3318",0.847323525052082,0.683537998912292,"geometric-mean-scaled index","alb","ALB reference"
1984.58333333333,"index","F18_R1_G18","Index 18  / Region 1  / Group 18","3319",0.697012441179108,0.665233949904791,"geometric-mean-scaled index","alb","ALB reference"
1985.58333333333,"index","F18_R1_G18","Index 18  / Region 1  / Group 18","3320",0.700113985527936,0.714680065592976,"geometric-mean-scaled index","alb","ALB reference"
1986.58333333333,"index","F18_R1_G18","Index 18  / Region 1  / Group 18","3321",0.916792661518106,0.759397850118366,"geometric-mean-scaled index","alb","ALB reference"
1987.58333333333,"index","F18_R1_G18","Index 18  / Region 1  / Group 18","3322",0.932698710694853,0.810227732442538,"geometric-mean-scaled index","alb","ALB reference"
1988.58333333333,"index","F18_R1_G18","Index 18  / Region 1  / Group 18","3323",0.933673375591985,0.768286620435342,"geometric-mean-scaled index","alb","ALB reference"
1989.58333333333,"index","F18_R1_G18","Index 18  / Region 1  / Group 18","3324",0.68771709247243,0.756447897743041,"geometric-mean-scaled index","alb","ALB reference"
1990.58333333333,"index","F18_R1_G18","Index 18  / Region 1  / Group 18","3325",0.776975789161292,0.762326313200317,"geometric-mean-scaled index","alb","ALB reference"
1991.58333333333,"index","F18_R1_G18","Index 18  / Region 1  / Group 18","3326",0.655727821196814,0.726725855174442,"geometric-mean-scaled index","alb","ALB reference"
1992.58333333333,"index","F18_R1_G18","Index 18  / Region 1  / Group 18","3327",0.872502177541898,0.710642814150925,"geometric-mean-scaled index","alb","ALB reference"
1993.58333333333,"index","F18_R1_G18","Index 18  / Region 1  / Group 18","3328",0.879147658089477,0.748778002661571,"geometric-mean-scaled index","alb","ALB reference"
1994.58333333333,"index","F18_R1_G18","Index 18  / Region 1  / Group 18","3329",0.948738796667378,0.791911735198629,"geometric-mean-scaled index","alb","ALB reference"
1995.58333333333,"index","F18_R1_G18","Index 18  / Region 1  / Group 18","3330",0.883131727989847,0.836215654689404,"geometric-mean-scaled index","alb","ALB reference"
1996.58333333333,"index","F18_R1_G18","Index 18  / Region 1  / Group 18","3331",0.837306959406211,0.840659480310528,"geometric-mean-scaled index","alb","ALB reference"
1997.58333333333,"index","F18_R1_G18","Index 18  / Region 1  / Group 18","3332",0.95208949005856,0.869397690889871,"geometric-mean-scaled index","alb","ALB reference"
1998.58333333333,"index","F18_R1_G18","Index 18  / Region 1  / Group 18","3333",0.856547687420413,0.828472961427072,"geometric-mean-scaled index","alb","ALB reference"
1999.58333333333,"index","F18_R1_G18","Index 18  / Region 1  / Group 18","3334",0.61266101448799,0.863092160930256,"geometric-mean-scaled index","alb","ALB reference"
2000.58333333333,"index","F18_R1_G18","Index 18  / Region 1  / Group 18","3335",0.679263091965619,0.899022300858714,"geometric-mean-scaled index","alb","ALB reference"
2001.58333333333,"index","F18_R1_G18","Index 18  / Region 1  / Group 18","3336",0.663388123597169,0.840805764508353,"geometric-mean-scaled index","alb","ALB reference"
2002.58333333333,"index","F18_R1_G18","Index 18  / Region 1  / Group 18","3337",0.695863453728742,0.660991026225313,"geometric-mean-scaled index","alb","ALB reference"
2003.58333333333,"index","F18_R1_G18","Index 18  / Region 1  / Group 18","3338",0.520428254256146,0.558948407853314,"geometric-mean-scaled index","alb","ALB reference"
2004.58333333333,"index","F18_R1_G18","Index 18  / Region 1  / Group 18","3339",0.457969008695485,0.563614001029817,"geometric-mean-scaled index","alb","ALB reference"
2005.58333333333,"index","F18_R1_G18","Index 18  / Region 1  / Group 18","3340",0.57000982730679,0.528677456117855,"geometric-mean-scaled index","alb","ALB reference"
2006.58333333333,"index","F18_R1_G18","Index 18  / Region 1  / Group 18","3341",0.692547701969523,0.539135527117155,"geometric-mean-scaled index","alb","ALB reference"
2007.58333333333,"index","F18_R1_G18","Index 18  / Region 1  / Group 18","3342",0.763296075617131,0.59905365951802,"geometric-mean-scaled index","alb","ALB reference"
2008.58333333333,"index","F18_R1_G18","Index 18  / Region 1  / Group 18","3343",0.557991706511396,0.668116859865951,"geometric-mean-scaled index","alb","ALB reference"
2009.58333333333,"index","F18_R1_G18","Index 18  / Region 1  / Group 18","3344",0.644374806432787,0.648431819999568,"geometric-mean-scaled index","alb","ALB reference"
2010.58333333333,"index","F18_R1_G18","Index 18  / Region 1  / Group 18","3345",0.629833334064991,0.490158403224318,"geometric-mean-scaled index","alb","ALB reference"
2011.58333333333,"index","F18_R1_G18","Index 18  / Region 1  / Group 18","3346",0.472776191924379,0.508143601450776,"geometric-mean-scaled index","alb","ALB reference"
2012.58333333333,"index","F18_R1_G18","Index 18  / Region 1  / Group 18","3347",0.561037772817115,0.559347958686277,"geometric-mean-scaled index","alb","ALB reference"
2013.58333333333,"index","F18_R1_G18","Index 18  / Region 1  / Group 18","3348",0.518607359493591,0.5552563127414,"geometric-mean-scaled index","alb","ALB reference"
2014.58333333333,"index","F18_R1_G18","Index 18  / Region 1  / Group 18","3349",0.534249440170542,0.565275842604407,"geometric-mean-scaled index","alb","ALB reference"
2015.58333333333,"index","F18_R1_G18","Index 18  / Region 1  / Group 18","3350",0.610459945494768,0.598364407342988,"geometric-mean-scaled index","alb","ALB reference"
2016.58333333333,"index","F18_R1_G18","Index 18  / Region 1  / Group 18","3351",0.483833914957584,0.629982338302938,"geometric-mean-scaled index","alb","ALB reference"
2017.58333333333,"index","F18_R1_G18","Index 18  / Region 1  / Group 18","3352",0.503585067785675,0.629918718035722,"geometric-mean-scaled index","alb","ALB reference"
2018.58333333333,"index","F18_R1_G18","Index 18  / Region 1  / Group 18","3353",0.44199217333407,0.559084962493676,"geometric-mean-scaled index","alb","ALB reference"
2019.58333333333,"index","F18_R1_G18","Index 18  / Region 1  / Group 18","3354",0.466975339471439,0.508427166405218,"geometric-mean-scaled index","alb","ALB reference"
2020.58333333333,"index","F18_R1_G18","Index 18  / Region 1  / Group 18","3355",0.377731205082218,0.485781504561016,"geometric-mean-scaled index","alb","ALB reference"
2021.58333333333,"index","F18_R1_G18","Index 18  / Region 1  / Group 18","3356",0.384903092509445,0.48217499435501,"geometric-mean-scaled index","alb","ALB reference"
2022.58333333333,"index","F18_R1_G18","Index 18  / Region 1  / Group 18","3357",0.533173522636986,0.442247239021951,"geometric-mean-scaled index","alb","ALB reference"
1992.08333333333,"index","F19_R1_G19","Index 19  / Region 1  / Group 19","3358",1.85927115000846,0.889474113208919,"geometric-mean-scaled index","alb","ALB reference"
1993.08333333333,"index","F19_R1_G19","Index 19  / Region 1  / Group 19","3359",0.849266654622091,0.862185669570745,"geometric-mean-scaled index","alb","ALB reference"
1994.08333333333,"index","F19_R1_G19","Index 19  / Region 1  / Group 19","3360",1.00123553533734,0.852972380582893,"geometric-mean-scaled index","alb","ALB reference"
1995.08333333333,"index","F19_R1_G19","Index 19  / Region 1  / Group 19","3361",1.31046507492219,1.0058352433483,"geometric-mean-scaled index","alb","ALB reference"
1996.08333333333,"index","F19_R1_G19","Index 19  / Region 1  / Group 19","3362",1.21306505673522,1.04477028639624,"geometric-mean-scaled index","alb","ALB reference"
1997.08333333333,"index","F19_R1_G19","Index 19  / Region 1  / Group 19","3363",0.799390157141791,0.792935506212739,"geometric-mean-scaled index","alb","ALB reference"
1998.08333333333,"index","F19_R1_G19","Index 19  / Region 1  / Group 19","3364",1.99291282185133,0.654449901188984,"geometric-mean-scaled index","alb","ALB reference"
1999.08333333333,"index","F19_R1_G19","Index 19  / Region 1  / Group 19","3365",1.3696369541503,0.626726371854744,"geometric-mean-scaled index","alb","ALB reference"
2000.08333333333,"index","F19_R1_G19","Index 19  / Region 1  / Group 19","3366",0.965612099781253,1.04891328206764,"geometric-mean-scaled index","alb","ALB reference"
2001.08333333333,"index","F19_R1_G19","Index 19  / Region 1  / Group 19","3367",0.810369966030035,0.814153017677498,"geometric-mean-scaled index","alb","ALB reference"
2002.08333333333,"index","F19_R1_G19","Index 19  / Region 1  / Group 19","3368",0.74171237247259,0.974653519530247,"geometric-mean-scaled index","alb","ALB reference"
2003.08333333333,"index","F19_R1_G19","Index 19  / Region 1  / Group 19","3369",1.03600097632011,1.34901315257986,"geometric-mean-scaled index","alb","ALB reference"
2004.08333333333,"index","F19_R1_G19","Index 19  / Region 1  / Group 19","3370",1.05045112419079,1.23481843885451,"geometric-mean-scaled index","alb","ALB reference"
2005.08333333333,"index","F19_R1_G19","Index 19  / Region 1  / Group 19","3371",0.734713898314047,0.868120915069159,"geometric-mean-scaled index","alb","ALB reference"
2006.08333333333,"index","F19_R1_G19","Index 19  / Region 1  / Group 19","3372",0.882670668461906,0.79835327687631,"geometric-mean-scaled index","alb","ALB reference"
2007.08333333333,"index","F19_R1_G19","Index 19  / Region 1  / Group 19","3373",1.03363575876466,1.06793694275275,"geometric-mean-scaled index","alb","ALB reference"
2008.08333333333,"index","F19_R1_G19","Index 19  / Region 1  / Group 19","3374",1.33647576097039,1.31495872399046,"geometric-mean-scaled index","alb","ALB reference"
2009.08333333333,"index","F19_R1_G19","Index 19  / Region 1  / Group 19","3375",0.832547956398684,1.11886174856489,"geometric-mean-scaled index","alb","ALB reference"
2010.08333333333,"index","F19_R1_G19","Index 19  / Region 1  / Group 19","3376",1.1710748925389,1.08660401459906,"geometric-mean-scaled index","alb","ALB reference"
2011.08333333333,"index","F19_R1_G19","Index 19  / Region 1  / Group 19","3377",1.14908021933067,1.29869313827757,"geometric-mean-scaled index","alb","ALB reference"
2012.08333333333,"index","F19_R1_G19","Index 19  / Region 1  / Group 19","3378",0.992144371207608,1.3374358476587,"geometric-mean-scaled index","alb","ALB reference"
2013.08333333333,"index","F19_R1_G19","Index 19  / Region 1  / Group 19","3379",0.812541615693899,1.09807645630733,"geometric-mean-scaled index","alb","ALB reference"
2014.08333333333,"index","F19_R1_G19","Index 19  / Region 1  / Group 19","3380",0.869128916645273,0.958284464734191,"geometric-mean-scaled index","alb","ALB reference"
2015.08333333333,"index","F19_R1_G19","Index 19  / Region 1  / Group 19","3381",0.923487470227196,1.08501985750454,"geometric-mean-scaled index","alb","ALB reference"
2016.08333333333,"index","F19_R1_G19","Index 19  / Region 1  / Group 19","3382",0.994049496935054,1.11593989144454,"geometric-mean-scaled index","alb","ALB reference"
2017.08333333333,"index","F19_R1_G19","Index 19  / Region 1  / Group 19","3383",0.679637993540111,0.829040010565546,"geometric-mean-scaled index","alb","ALB reference"
2018.08333333333,"index","F19_R1_G19","Index 19  / Region 1  / Group 19","3384",1.1614387047662,0.715644144213782,"geometric-mean-scaled index","alb","ALB reference"
2019.08333333333,"index","F19_R1_G19","Index 19  / Region 1  / Group 19","3385",0.909406517143503,1.24955468821539,"geometric-mean-scaled index","alb","ALB reference"
2020.08333333333,"index","F19_R1_G19","Index 19  / Region 1  / Group 19","3386",0.960523282163485,1.33381122032041,"geometric-mean-scaled index","alb","ALB reference"
2021.08333333333,"index","F19_R1_G19","Index 19  / Region 1  / Group 19","3387",0.974737478989675,1.21249038233779,"geometric-mean-scaled index","alb","ALB reference"
2022.08333333333,"index","F19_R1_G19","Index 19  / Region 1  / Group 19","3388",0.665420460916155,1.02756542231333,"geometric-mean-scaled index","alb","ALB reference"
1954.58333333333,"index","F20_R2_G20","Index 20  / Region 2  / Group 20","3389",4.21096154805618,3.25878707108711,"geometric-mean-scaled index","alb","ALB reference"
1955.58333333333,"index","F20_R2_G20","Index 20  / Region 2  / Group 20","3390",3.11733650195403,3.18595083960855,"geometric-mean-scaled index","alb","ALB reference"
1956.58333333333,"index","F20_R2_G20","Index 20  / Region 2  / Group 20","3391",3.11471220345346,3.15932950183558,"geometric-mean-scaled index","alb","ALB reference"
1957.58333333333,"index","F20_R2_G20","Index 20  / Region 2  / Group 20","3392",2.49122048423764,3.13208450629577,"geometric-mean-scaled index","alb","ALB reference"
1958.58333333333,"index","F20_R2_G20","Index 20  / Region 2  / Group 20","3393",3.38277838084962,3.1057235746543,"geometric-mean-scaled index","alb","ALB reference"
1959.58333333333,"index","F20_R2_G20","Index 20  / Region 2  / Group 20","3394",3.53910335426992,3.07613646676439,"geometric-mean-scaled index","alb","ALB reference"
1960.58333333333,"index","F20_R2_G20","Index 20  / Region 2  / Group 20","3395",2.88806453309758,3.0243162274745,"geometric-mean-scaled index","alb","ALB reference"
1961.58333333333,"index","F20_R2_G20","Index 20  / Region 2  / Group 20","3396",2.77519235560544,2.70737997157584,"geometric-mean-scaled index","alb","ALB reference"
1962.58333333333,"index","F20_R2_G20","Index 20  / Region 2  / Group 20","3397",2.84542670742501,2.55447420786954,"geometric-mean-scaled index","alb","ALB reference"
1963.58333333333,"index","F20_R2_G20","Index 20  / Region 2  / Group 20","3398",2.15624779216803,2.07393695136438,"geometric-mean-scaled index","alb","ALB reference"
1964.58333333333,"index","F20_R2_G20","Index 20  / Region 2  / Group 20","3399",1.77294323917794,1.62499603331218,"geometric-mean-scaled index","alb","ALB reference"
1965.58333333333,"index","F20_R2_G20","Index 20  / Region 2  / Group 20","3400",1.39305357413891,1.53902221589105,"geometric-mean-scaled index","alb","ALB reference"
1966.58333333333,"index","F20_R2_G20","Index 20  / Region 2  / Group 20","3401",2.15604911541288,1.60762036046134,"geometric-mean-scaled index","alb","ALB reference"
1967.58333333333,"index","F20_R2_G20","Index 20  / Region 2  / Group 20","3402",1.83466830687541,1.76238411541792,"geometric-mean-scaled index","alb","ALB reference"
1968.58333333333,"index","F20_R2_G20","Index 20  / Region 2  / Group 20","3403",1.49027459282616,1.48929326509766,"geometric-mean-scaled index","alb","ALB reference"
1969.58333333333,"index","F20_R2_G20","Index 20  / Region 2  / Group 20","3404",0.90397341842816,1.13745787512669,"geometric-mean-scaled index","alb","ALB reference"
1970.58333333333,"index","F20_R2_G20","Index 20  / Region 2  / Group 20","3405",1.74296686069583,1.0937688084882,"geometric-mean-scaled index","alb","ALB reference"
1971.58333333333,"index","F20_R2_G20","Index 20  / Region 2  / Group 20","3406",1.05128168838887,0.969960126516127,"geometric-mean-scaled index","alb","ALB reference"
1972.58333333333,"index","F20_R2_G20","Index 20  / Region 2  / Group 20","3407",1.03629787461149,0.87109506694639,"geometric-mean-scaled index","alb","ALB reference"
1973.58333333333,"index","F20_R2_G20","Index 20  / Region 2  / Group 20","3408",1.14631510743072,0.785203271582978,"geometric-mean-scaled index","alb","ALB reference"
1974.58333333333,"index","F20_R2_G20","Index 20  / Region 2  / Group 20","3409",0.503606327140092,0.686269955205001,"geometric-mean-scaled index","alb","ALB reference"
1975.58333333333,"index","F20_R2_G20","Index 20  / Region 2  / Group 20","3410",0.345168043176568,0.628392576859641,"geometric-mean-scaled index","alb","ALB reference"
1976.58333333333,"index","F20_R2_G20","Index 20  / Region 2  / Group 20","3411",0.392881567888747,0.614590769546345,"geometric-mean-scaled index","alb","ALB reference"
1977.58333333333,"index","F20_R2_G20","Index 20  / Region 2  / Group 20","3412",0.722292569399697,0.737136834626289,"geometric-mean-scaled index","alb","ALB reference"
1978.58333333333,"index","F20_R2_G20","Index 20  / Region 2  / Group 20","3413",1.34450541165844,0.996894102319325,"geometric-mean-scaled index","alb","ALB reference"
1979.58333333333,"index","F20_R2_G20","Index 20  / Region 2  / Group 20","3414",0.925834385511787,0.95506948494503,"geometric-mean-scaled index","alb","ALB reference"
1980.58333333333,"index","F20_R2_G20","Index 20  / Region 2  / Group 20","3415",0.665679781043966,0.811794388620696,"geometric-mean-scaled index","alb","ALB reference"
1981.58333333333,"index","F20_R2_G20","Index 20  / Region 2  / Group 20","3416",0.591226781169868,0.686234480228353,"geometric-mean-scaled index","alb","ALB reference"
1982.58333333333,"index","F20_R2_G20","Index 20  / Region 2  / Group 20","3417",0.474104859767232,0.608688425111072,"geometric-mean-scaled index","alb","ALB reference"
1983.58333333333,"index","F20_R2_G20","Index 20  / Region 2  / Group 20","3418",0.516419783951321,0.621456930505902,"geometric-mean-scaled index","alb","ALB reference"
1984.58333333333,"index","F20_R2_G20","Index 20  / Region 2  / Group 20","3419",0.705603550009173,0.729589623308017,"geometric-mean-scaled index","alb","ALB reference"
1985.58333333333,"index","F20_R2_G20","Index 20  / Region 2  / Group 20","3420",0.596630644214555,0.762055096188981,"geometric-mean-scaled index","alb","ALB reference"
1986.58333333333,"index","F20_R2_G20","Index 20  / Region 2  / Group 20","3421",0.576521368772823,0.726178847220545,"geometric-mean-scaled index","alb","ALB reference"
1987.58333333333,"index","F20_R2_G20","Index 20  / Region 2  / Group 20","3422",0.738069475063823,0.713085906467426,"geometric-mean-scaled index","alb","ALB reference"
1988.58333333333,"index","F20_R2_G20","Index 20  / Region 2  / Group 20","3423",0.631881286279668,0.747497273192561,"geometric-mean-scaled index","alb","ALB reference"
1989.58333333333,"index","F20_R2_G20","Index 20  / Region 2  / Group 20","3424",0.538572813890766,0.636049505781582,"geometric-mean-scaled index","alb","ALB reference"
1990.58333333333,"index","F20_R2_G20","Index 20  / Region 2  / Group 20","3425",0.558798697122352,0.648936594873216,"geometric-mean-scaled index","alb","ALB reference"
1991.58333333333,"index","F20_R2_G20","Index 20  / Region 2  / Group 20","3426",0.596239520556125,0.665845693980718,"geometric-mean-scaled index","alb","ALB reference"
1992.58333333333,"index","F20_R2_G20","Index 20  / Region 2  / Group 20","3427",0.949703632796349,0.720337126320834,"geometric-mean-scaled index","alb","ALB reference"
1993.58333333333,"index","F20_R2_G20","Index 20  / Region 2  / Group 20","3428",0.773853468646436,0.837918537093758,"geometric-mean-scaled index","alb","ALB reference"
1994.58333333333,"index","F20_R2_G20","Index 20  / Region 2  / Group 20","3429",0.810781379423954,0.744954462977618,"geometric-mean-scaled index","alb","ALB reference"
1995.58333333333,"index","F20_R2_G20","Index 20  / Region 2  / Group 20","3430",1.07726297359609,0.861144524928125,"geometric-mean-scaled index","alb","ALB reference"
1996.58333333333,"index","F20_R2_G20","Index 20  / Region 2  / Group 20","3431",0.935003854840217,0.841072765720328,"geometric-mean-scaled index","alb","ALB reference"
1997.58333333333,"index","F20_R2_G20","Index 20  / Region 2  / Group 20","3432",0.800397864000986,0.845982042090175,"geometric-mean-scaled index","alb","ALB reference"
1998.58333333333,"index","F20_R2_G20","Index 20  / Region 2  / Group 20","3433",1.04349083940237,0.893047962798107,"geometric-mean-scaled index","alb","ALB reference"
1999.58333333333,"index","F20_R2_G20","Index 20  / Region 2  / Group 20","3434",0.765213765192612,0.981620867199346,"geometric-mean-scaled index","alb","ALB reference"
2000.58333333333,"index","F20_R2_G20","Index 20  / Region 2  / Group 20","3435",0.767097814359868,0.885761073010969,"geometric-mean-scaled index","alb","ALB reference"
2001.58333333333,"index","F20_R2_G20","Index 20  / Region 2  / Group 20","3436",0.841773334723493,0.823707691177151,"geometric-mean-scaled index","alb","ALB reference"
2002.58333333333,"index","F20_R2_G20","Index 20  / Region 2  / Group 20","3437",0.547333871289332,0.645209752997771,"geometric-mean-scaled index","alb","ALB reference"
2003.58333333333,"index","F20_R2_G20","Index 20  / Region 2  / Group 20","3438",0.588325890023659,0.823404920836567,"geometric-mean-scaled index","alb","ALB reference"
2004.58333333333,"index","F20_R2_G20","Index 20  / Region 2  / Group 20","3439",0.635814586790303,0.658630957236077,"geometric-mean-scaled index","alb","ALB reference"
2005.58333333333,"index","F20_R2_G20","Index 20  / Region 2  / Group 20","3440",0.834789610625378,0.756439549293717,"geometric-mean-scaled index","alb","ALB reference"
2006.58333333333,"index","F20_R2_G20","Index 20  / Region 2  / Group 20","3441",0.92372528101704,0.892652968226209,"geometric-mean-scaled index","alb","ALB reference"
2007.58333333333,"index","F20_R2_G20","Index 20  / Region 2  / Group 20","3442",0.84623569961814,0.98383671312678,"geometric-mean-scaled index","alb","ALB reference"
2008.58333333333,"index","F20_R2_G20","Index 20  / Region 2  / Group 20","3443",0.610796174186906,0.852993696038953,"geometric-mean-scaled index","alb","ALB reference"
2009.58333333333,"index","F20_R2_G20","Index 20  / Region 2  / Group 20","3444",1.05927374250753,0.797513032529362,"geometric-mean-scaled index","alb","ALB reference"
2010.58333333333,"index","F20_R2_G20","Index 20  / Region 2  / Group 20","3445",0.847323881897912,0.81454928404635,"geometric-mean-scaled index","alb","ALB reference"
2011.58333333333,"index","F20_R2_G20","Index 20  / Region 2  / Group 20","3446",1.12583979197944,0.946123839881451,"geometric-mean-scaled index","alb","ALB reference"
2012.58333333333,"index","F20_R2_G20","Index 20  / Region 2  / Group 20","3447",0.945525297290097,0.846508424621268,"geometric-mean-scaled index","alb","ALB reference"
2013.58333333333,"index","F20_R2_G20","Index 20  / Region 2  / Group 20","3448",0.87877457395759,0.838926798742716,"geometric-mean-scaled index","alb","ALB reference"
2014.58333333333,"index","F20_R2_G20","Index 20  / Region 2  / Group 20","3449",1.04373534993691,0.904835622026256,"geometric-mean-scaled index","alb","ALB reference"
2015.58333333333,"index","F20_R2_G20","Index 20  / Region 2  / Group 20","3450",1.22377077691567,0.920891078819022,"geometric-mean-scaled index","alb","ALB reference"
2016.58333333333,"index","F20_R2_G20","Index 20  / Region 2  / Group 20","3451",1.13572929605611,0.829970977424712,"geometric-mean-scaled index","alb","ALB reference"
2017.58333333333,"index","F20_R2_G20","Index 20  / Region 2  / Group 20","3452",0.734357067400453,0.754803033634295,"geometric-mean-scaled index","alb","ALB reference"
2018.58333333333,"index","F20_R2_G20","Index 20  / Region 2  / Group 20","3453",0.64550184014846,0.74924581649755,"geometric-mean-scaled index","alb","ALB reference"
2019.58333333333,"index","F20_R2_G20","Index 20  / Region 2  / Group 20","3454",0.713722524698996,0.786628616369426,"geometric-mean-scaled index","alb","ALB reference"
2020.58333333333,"index","F20_R2_G20","Index 20  / Region 2  / Group 20","3455",0.772716002092201,0.67500161219348,"geometric-mean-scaled index","alb","ALB reference"
2021.58333333333,"index","F20_R2_G20","Index 20  / Region 2  / Group 20","3456",0.751048561936257,0.499071074345567,"geometric-mean-scaled index","alb","ALB reference"
2022.58333333333,"index","F20_R2_G20","Index 20  / Region 2  / Group 20","3457",1.00202993070836,0.735854953519355,"geometric-mean-scaled index","alb","ALB reference"
1954.08333333333,"catch","F1_R1","Fishery 1  / Region 1","1",4670,4669.99999994821,"fish","alb","ALB reference"
1954.33333333333,"catch","F1_R1","Fishery 1  / Region 1","2",4232,4231.99999995344,"fish","alb","ALB reference"
1954.58333333333,"catch","F1_R1","Fishery 1  / Region 1","3",667,667.000000030264,"fish","alb","ALB reference"
1954.83333333333,"catch","F1_R1","Fishery 1  / Region 1","4",1070,1069.99999998249,"fish","alb","ALB reference"
1955.08333333333,"catch","F1_R1","Fishery 1  / Region 1","5",1178,1177.99999997944,"fish","alb","ALB reference"
1955.33333333333,"catch","F1_R1","Fishery 1  / Region 1","6",23131,23130.9999996079,"fish","alb","ALB reference"
1955.58333333333,"catch","F1_R1","Fishery 1  / Region 1","7",11413,11413.0000005169,"fish","alb","ALB reference"
1955.83333333333,"catch","F1_R1","Fishery 1  / Region 1","8",932,931.999999984446,"fish","alb","ALB reference"
1956.08333333333,"catch","F1_R1","Fishery 1  / Region 1","9",1346,1345.9999999763,"fish","alb","ALB reference"
1956.33333333333,"catch","F1_R1","Fishery 1  / Region 1","10",30196,30195.9999994877,"fish","alb","ALB reference"
1956.58333333333,"catch","F1_R1","Fishery 1  / Region 1","11",41380,41380.0000018716,"fish","alb","ALB reference"
1956.83333333333,"catch","F1_R1","Fishery 1  / Region 1","12",1269,1268.99999997929,"fish","alb","ALB reference"
1957.08333333333,"catch","F1_R1","Fishery 1  / Region 1","13",6197,6196.9999998935,"fish","alb","ALB reference"
1957.33333333333,"catch","F1_R1","Fishery 1  / Region 1","14",26631,26630.9999995518,"fish","alb","ALB reference"
1957.58333333333,"catch","F1_R1","Fishery 1  / Region 1","15",56894,56894.000002566,"fish","alb","ALB reference"
1957.83333333333,"catch","F1_R1","Fishery 1  / Region 1","16",10063,10062.9999998355,"fish","alb","ALB reference"
1958.08333333333,"catch","F1_R1","Fishery 1  / Region 1","17",6251,6250.99999989123,"fish","alb","ALB reference"
1958.33333333333,"catch","F1_R1","Fishery 1  / Region 1","18",22998,22997.9999996183,"fish","alb","ALB reference"
1958.58333333333,"catch","F1_R1","Fishery 1  / Region 1","19",22592,22592.0000010259,"fish","alb","ALB reference"
1958.83333333333,"catch","F1_R1","Fishery 1  / Region 1","20",1308,1307.99999998024,"fish","alb","ALB reference"
1959.08333333333,"catch","F1_R1","Fishery 1  / Region 1","21",1143,1142.99999998071,"fish","alb","ALB reference"
1959.33333333333,"catch","F1_R1","Fishery 1  / Region 1","22",15830,15829.9999997389,"fish","alb","ALB reference"
1959.58333333333,"catch","F1_R1","Fishery 1  / Region 1","23",1903,1903.00000008632,"fish","alb","ALB reference"
1959.83333333333,"catch","F1_R1","Fishery 1  / Region 1","24",1214,1213.99999998079,"fish","alb","ALB reference"
1960.08333333333,"catch","F1_R1","Fishery 1  / Region 1","25",538,537.999999990846,"fish","alb","ALB reference"
1960.33333333333,"catch","F1_R1","Fishery 1  / Region 1","26",17724,17723.9999997156,"fish","alb","ALB reference"
1960.58333333333,"catch","F1_R1","Fishery 1  / Region 1","27",3703,3703.00000016739,"fish","alb","ALB reference"
1960.83333333333,"catch","F1_R1","Fishery 1  / Region 1","28",15222,15221.9999997612,"fish","alb","ALB reference"
1961.08333333333,"catch","F1_R1","Fishery 1  / Region 1","29",5414,5413.99999990778,"fish","alb","ALB reference"
1961.33333333333,"catch","F1_R1","Fishery 1  / Region 1","30",46402,46401.9999992359,"fish","alb","ALB reference"
1961.58333333333,"catch","F1_R1","Fishery 1  / Region 1","31",31014,31014.0000013683,"fish","alb","ALB reference"
1961.83333333333,"catch","F1_R1","Fishery 1  / Region 1","32",14440,14439.9999997777,"fish","alb","ALB reference"
1962.08333333333,"catch","F1_R1","Fishery 1  / Region 1","33",6635,6634.99999988651,"fish","alb","ALB reference"
1962.33333333333,"catch","F1_R1","Fishery 1  / Region 1","34",20122,20121.9999996763,"fish","alb","ALB reference"
1962.58333333333,"catch","F1_R1","Fishery 1  / Region 1","35",9388,9388.00000041166,"fish","alb","ALB reference"
1962.83333333333,"catch","F1_R1","Fishery 1  / Region 1","36",1638,1637.99999997396,"fish","alb","ALB reference"
1963.08333333333,"catch","F1_R1","Fishery 1  / Region 1","37",2339,2338.99999995916,"fish","alb","ALB reference"
1963.33333333333,"catch","F1_R1","Fishery 1  / Region 1","38",2579,2578.99999995795,"fish","alb","ALB reference"
1963.58333333333,"catch","F1_R1","Fishery 1  / Region 1","39",2582,2582.00000010686,"fish","alb","ALB reference"
1963.83333333333,"catch","F1_R1","Fishery 1  / Region 1","40",1327,1326.9999999785,"fish","alb","ALB reference"
1964.08333333333,"catch","F1_R1","Fishery 1  / Region 1","41",3679,3678.99999993132,"fish","alb","ALB reference"
1964.33333333333,"catch","F1_R1","Fishery 1  / Region 1","42",12048,12047.9999997826,"fish","alb","ALB reference"
1964.58333333333,"catch","F1_R1","Fishery 1  / Region 1","43",3849,3849.00000015204,"fish","alb","ALB reference"
1964.83333333333,"catch","F1_R1","Fishery 1  / Region 1","44",622,621.999999989136,"fish","alb","ALB reference"
1965.08333333333,"catch","F1_R1","Fishery 1  / Region 1","45",8351,8350.99999984611,"fish","alb","ALB reference"
1965.33333333333,"catch","F1_R1","Fishery 1  / Region 1","46",13674,13673.9999997636,"fish","alb","ALB reference"
1965.58333333333,"catch","F1_R1","Fishery 1  / Region 1","47",4091,4091.00000017437,"fish","alb","ALB reference"
1965.83333333333,"catch","F1_R1","Fishery 1  / Region 1","48",181,180.999999997139,"fish","alb","ALB reference"
1966.08333333333,"catch","F1_R1","Fishery 1  / Region 1","49",13452,13451.9999997702,"fish","alb","ALB reference"
1966.33333333333,"catch","F1_R1","Fishery 1  / Region 1","50",18486,18485.9999997117,"fish","alb","ALB reference"
1966.58333333333,"catch","F1_R1","Fishery 1  / Region 1","51",15624,15624.0000006911,"fish","alb","ALB reference"
1966.83333333333,"catch","F1_R1","Fishery 1  / Region 1","52",3740,3739.99999994399,"fish","alb","ALB reference"
1967.08333333333,"catch","F1_R1","Fishery 1  / Region 1","53",7998,7997.99999986166,"fish","alb","ALB reference"
1967.33333333333,"catch","F1_R1","Fishery 1  / Region 1","54",15254,15253.9999997772,"fish","alb","ALB reference"
1967.58333333333,"catch","F1_R1","Fishery 1  / Region 1","55",24168,24168.0000010895,"fish","alb","ALB reference"
1967.83333333333,"catch","F1_R1","Fishery 1  / Region 1","56",3660,3659.99999994465,"fish","alb","ALB reference"
1968.08333333333,"catch","F1_R1","Fishery 1  / Region 1","57",11633,11632.9999998006,"fish","alb","ALB reference"
1968.33333333333,"catch","F1_R1","Fishery 1  / Region 1","58",6480,6479.99999990004,"fish","alb","ALB reference"
1968.58333333333,"catch","F1_R1","Fishery 1  / Region 1","59",10958,10958.0000004592,"fish","alb","ALB reference"
1968.83333333333,"catch","F1_R1","Fishery 1  / Region 1","60",4593,4592.9999999246,"fish","alb","ALB reference"
1969.08333333333,"catch","F1_R1","Fishery 1  / Region 1","61",10500,10499.9999998102,"fish","alb","ALB reference"
1969.33333333333,"catch","F1_R1","Fishery 1  / Region 1","62",28867,28866.9999994887,"fish","alb","ALB reference"
1969.58333333333,"catch","F1_R1","Fishery 1  / Region 1","63",68184,68184.0000025753,"fish","alb","ALB reference"
1969.83333333333,"catch","F1_R1","Fishery 1  / Region 1","64",10734,10733.9999998157,"fish","alb","ALB reference"
1970.08333333333,"catch","F1_R1","Fishery 1  / Region 1","65",27004,27003.9999994993,"fish","alb","ALB reference"
1970.33333333333,"catch","F1_R1","Fishery 1  / Region 1","66",36755,36754.9999993653,"fish","alb","ALB reference"
1970.58333333333,"catch","F1_R1","Fishery 1  / Region 1","67",71634,71634.0000028505,"fish","alb","ALB reference"
1970.83333333333,"catch","F1_R1","Fishery 1  / Region 1","68",7938,7937.99999987708,"fish","alb","ALB reference"
1971.08333333333,"catch","F1_R1","Fishery 1  / Region 1","69",28803,28802.9999994554,"fish","alb","ALB reference"
1971.33333333333,"catch","F1_R1","Fishery 1  / Region 1","70",58720,58719.9999989361,"fish","alb","ALB reference"
1971.58333333333,"catch","F1_R1","Fishery 1  / Region 1","71",18287,18287.0000007026,"fish","alb","ALB reference"
1971.83333333333,"catch","F1_R1","Fishery 1  / Region 1","72",1907,1906.999999966,"fish","alb","ALB reference"
1972.08333333333,"catch","F1_R1","Fishery 1  / Region 1","73",9456,9455.99999981453,"fish","alb","ALB reference"
1972.33333333333,"catch","F1_R1","Fishery 1  / Region 1","74",31732,31731.9999994108,"fish","alb","ALB reference"
1972.58333333333,"catch","F1_R1","Fishery 1  / Region 1","75",2228,2228.00000008567,"fish","alb","ALB reference"
1972.83333333333,"catch","F1_R1","Fishery 1  / Region 1","76",8535,8534.99999985324,"fish","alb","ALB reference"
1973.08333333333,"catch","F1_R1","Fishery 1  / Region 1","77",11290,11289.9999997787,"fish","alb","ALB reference"
1973.33333333333,"catch","F1_R1","Fishery 1  / Region 1","78",5836,5835.99999987512,"fish","alb","ALB reference"
1973.58333333333,"catch","F1_R1","Fishery 1  / Region 1","79",32481,32481.0000011002,"fish","alb","ALB reference"
1973.83333333333,"catch","F1_R1","Fishery 1  / Region 1","80",34351,34350.9999993286,"fish","alb","ALB reference"
1974.08333333333,"catch","F1_R1","Fishery 1  / Region 1","81",10672,10671.9999997786,"fish","alb","ALB reference"
1974.33333333333,"catch","F1_R1","Fishery 1  / Region 1","82",25563,25562.9999995024,"fish","alb","ALB reference"
1974.58333333333,"catch","F1_R1","Fishery 1  / Region 1","83",57544,57544.0000019478,"fish","alb","ALB reference"
1974.83333333333,"catch","F1_R1","Fishery 1  / Region 1","84",5322,5321.99999989285,"fish","alb","ALB reference"
1975.08333333333,"catch","F1_R1","Fishery 1  / Region 1","85",6100,6099.99999985434,"fish","alb","ALB reference"
1975.33333333333,"catch","F1_R1","Fishery 1  / Region 1","86",4187,4186.99999991585,"fish","alb","ALB reference"
1975.58333333333,"catch","F1_R1","Fishery 1  / Region 1","87",4742,4742.00000017319,"fish","alb","ALB reference"
1975.83333333333,"catch","F1_R1","Fishery 1  / Region 1","88",5815,5814.99999987389,"fish","alb","ALB reference"
1976.08333333333,"catch","F1_R1","Fishery 1  / Region 1","89",11259,11258.999999716,"fish","alb","ALB reference"
1976.33333333333,"catch","F1_R1","Fishery 1  / Region 1","90",28092,28091.9999994202,"fish","alb","ALB reference"
1976.58333333333,"catch","F1_R1","Fishery 1  / Region 1","91",5174,5174.00000012346,"fish","alb","ALB reference"
1976.83333333333,"catch","F1_R1","Fishery 1  / Region 1","92",4286,4285.99999990691,"fish","alb","ALB reference"
1977.08333333333,"catch","F1_R1","Fishery 1  / Region 1","93",23470,23469.9999994972,"fish","alb","ALB reference"
1977.33333333333,"catch","F1_R1","Fishery 1  / Region 1","94",32054,32053.9999993553,"fish","alb","ALB reference"
1977.58333333333,"catch","F1_R1","Fishery 1  / Region 1","95",14942,14942.0000005183,"fish","alb","ALB reference"
1977.83333333333,"catch","F1_R1","Fishery 1  / Region 1","96",9403,9402.9999998411,"fish","alb","ALB reference"
1978.08333333333,"catch","F1_R1","Fishery 1  / Region 1","97",21363,21362.9999995881,"fish","alb","ALB reference"
1978.33333333333,"catch","F1_R1","Fishery 1  / Region 1","98",29049,29048.9999995814,"fish","alb","ALB reference"
1978.58333333333,"catch","F1_R1","Fishery 1  / Region 1","99",17652,17652.0000007676,"fish","alb","ALB reference"
1978.83333333333,"catch","F1_R1","Fishery 1  / Region 1","100",9034,9033.99999985093,"fish","alb","ALB reference"
1979.08333333333,"catch","F1_R1","Fishery 1  / Region 1","101",10410,10409.9999997886,"fish","alb","ALB reference"
1979.33333333333,"catch","F1_R1","Fishery 1  / Region 1","102",17466,17465.9999997233,"fish","alb","ALB reference"
1979.58333333333,"catch","F1_R1","Fishery 1  / Region 1","103",9961,9961.00000041003,"fish","alb","ALB reference"
1979.83333333333,"catch","F1_R1","Fishery 1  / Region 1","104",9853,9852.9999998248,"fish","alb","ALB reference"
1980.08333333333,"catch","F1_R1","Fishery 1  / Region 1","105",36050,36049.9999992181,"fish","alb","ALB reference"
1980.33333333333,"catch","F1_R1","Fishery 1  / Region 1","106",16112,16111.9999997084,"fish","alb","ALB reference"
1980.58333333333,"catch","F1_R1","Fishery 1  / Region 1","107",39164,39164.0000012621,"fish","alb","ALB reference"
1980.83333333333,"catch","F1_R1","Fishery 1  / Region 1","108",21204,21203.9999995915,"fish","alb","ALB reference"
1981.08333333333,"catch","F1_R1","Fishery 1  / Region 1","109",40424,40423.9999991406,"fish","alb","ALB reference"
1981.33333333333,"catch","F1_R1","Fishery 1  / Region 1","110",52162,52161.9999990066,"fish","alb","ALB reference"
1981.58333333333,"catch","F1_R1","Fishery 1  / Region 1","111",23132,23132.0000007585,"fish","alb","ALB reference"
1981.83333333333,"catch","F1_R1","Fishery 1  / Region 1","112",9229,9228.99999980593,"fish","alb","ALB reference"
1982.08333333333,"catch","F1_R1","Fishery 1  / Region 1","113",41131,41130.9999990136,"fish","alb","ALB reference"
1982.33333333333,"catch","F1_R1","Fishery 1  / Region 1","114",58841,58840.9999978604,"fish","alb","ALB reference"
1982.58333333333,"catch","F1_R1","Fishery 1  / Region 1","115",50720,50720.0000016876,"fish","alb","ALB reference"
1982.83333333333,"catch","F1_R1","Fishery 1  / Region 1","116",7917,7916.99999979131,"fish","alb","ALB reference"
1983.08333333333,"catch","F1_R1","Fishery 1  / Region 1","117",14085,14084.9999995835,"fish","alb","ALB reference"
1983.33333333333,"catch","F1_R1","Fishery 1  / Region 1","118",7711,7710.99999982975,"fish","alb","ALB reference"
1983.58333333333,"catch","F1_R1","Fishery 1  / Region 1","119",21406,21406.0000007226,"fish","alb","ALB reference"
1983.83333333333,"catch","F1_R1","Fishery 1  / Region 1","120",3056,3055.99999992379,"fish","alb","ALB reference"
1984.08333333333,"catch","F1_R1","Fishery 1  / Region 1","121",6710,6709.9999997936,"fish","alb","ALB reference"
1984.33333333333,"catch","F1_R1","Fishery 1  / Region 1","122",11518,11517.9999997461,"fish","alb","ALB reference"
1984.58333333333,"catch","F1_R1","Fishery 1  / Region 1","123",15038,15038.0000006027,"fish","alb","ALB reference"
1984.83333333333,"catch","F1_R1","Fishery 1  / Region 1","124",1333,1332.99999996255,"fish","alb","ALB reference"
1985.08333333333,"catch","F1_R1","Fishery 1  / Region 1","125",86,85.9999999972383,"fish","alb","ALB reference"
1985.33333333333,"catch","F1_R1","Fishery 1  / Region 1","126",8903,8902.99999981726,"fish","alb","ALB reference"
1985.58333333333,"catch","F1_R1","Fishery 1  / Region 1","127",10543,10543.0000004182,"fish","alb","ALB reference"
1985.83333333333,"catch","F1_R1","Fishery 1  / Region 1","128",25956,25955.999999329,"fish","alb","ALB reference"
1986.08333333333,"catch","F1_R1","Fishery 1  / Region 1","129",16267,16266.9999995291,"fish","alb","ALB reference"
1986.33333333333,"catch","F1_R1","Fishery 1  / Region 1","130",5795,5794.99999988863,"fish","alb","ALB reference"
1986.58333333333,"catch","F1_R1","Fishery 1  / Region 1","131",13402,13402.0000005008,"fish","alb","ALB reference"
1986.83333333333,"catch","F1_R1","Fishery 1  / Region 1","132",269,268.999999991426,"fish","alb","ALB reference"
1987.08333333333,"catch","F1_R1","Fishery 1  / Region 1","133",7800,7799.99999974477,"fish","alb","ALB reference"
1987.33333333333,"catch","F1_R1","Fishery 1  / Region 1","134",2191,2190.99999994545,"fish","alb","ALB reference"
1987.58333333333,"catch","F1_R1","Fishery 1  / Region 1","135",5878,5878.00000023007,"fish","alb","ALB reference"
1987.83333333333,"catch","F1_R1","Fishery 1  / Region 1","136",360,359.99999999167,"fish","alb","ALB reference"
1988.08333333333,"catch","F1_R1","Fishery 1  / Region 1","137",9354,9353.99999975713,"fish","alb","ALB reference"
1988.33333333333,"catch","F1_R1","Fishery 1  / Region 1","138",3995,3994.99999991305,"fish","alb","ALB reference"
1988.58333333333,"catch","F1_R1","Fishery 1  / Region 1","139",34562,34562.0000013536,"fish","alb","ALB reference"
1988.83333333333,"catch","F1_R1","Fishery 1  / Region 1","140",4311,4310.99999988846,"fish","alb","ALB reference"
1989.08333333333,"catch","F1_R1","Fishery 1  / Region 1","141",456,455.999999936129,"fish","alb","ALB reference"
1989.33333333333,"catch","F1_R1","Fishery 1  / Region 1","142",14373,14372.9999996322,"fish","alb","ALB reference"
1989.58333333333,"catch","F1_R1","Fishery 1  / Region 1","143",12502,12502.0000004292,"fish","alb","ALB reference"
1989.83333333333,"catch","F1_R1","Fishery 1  / Region 1","144",614,613.999999981388,"fish","alb","ALB reference"
1990.08333333333,"catch","F1_R1","Fishery 1  / Region 1","145",118,117.99999999633,"fish","alb","ALB reference"
1990.33333333333,"catch","F1_R1","Fishery 1  / Region 1","146",4561,4560.99999988252,"fish","alb","ALB reference"
1990.58333333333,"catch","F1_R1","Fishery 1  / Region 1","147",7249,7249.00000026919,"fish","alb","ALB reference"
1990.83333333333,"catch","F1_R1","Fishery 1  / Region 1","148",1779,1778.99999995813,"fish","alb","ALB reference"
1991.08333333333,"catch","F1_R1","Fishery 1  / Region 1","149",7736,7735.99999975793,"fish","alb","ALB reference"
1991.33333333333,"catch","F1_R1","Fishery 1  / Region 1","150",369,368.999999990976,"fish","alb","ALB reference"
1991.58333333333,"catch","F1_R1","Fishery 1  / Region 1","151",3231,3231.00000010403,"fish","alb","ALB reference"
1991.83333333333,"catch","F1_R1","Fishery 1  / Region 1","152",203,202.999999994222,"fish","alb","ALB reference"
1992.33333333333,"catch","F1_R1","Fishery 1  / Region 1","153",646,645.999999985433,"fish","alb","ALB reference"
1992.58333333333,"catch","F1_R1","Fishery 1  / Region 1","154",16372,16372.0000005558,"fish","alb","ALB reference"
1992.83333333333,"catch","F1_R1","Fishery 1  / Region 1","155",3084,3083.99999990744,"fish","alb","ALB reference"
1993.08333333333,"catch","F1_R1","Fishery 1  / Region 1","156",64,64.0000000027447,"fish","alb","ALB reference"
1993.33333333333,"catch","F1_R1","Fishery 1  / Region 1","157",4479,4478.9999999027,"fish","alb","ALB reference"
1993.58333333333,"catch","F1_R1","Fishery 1  / Region 1","158",9419,9419.00000038208,"fish","alb","ALB reference"
1993.83333333333,"catch","F1_R1","Fishery 1  / Region 1","159",485,484.999999986823,"fish","alb","ALB reference"
1994.08333333333,"catch","F1_R1","Fishery 1  / Region 1","160",58,58.000000002356,"fish","alb","ALB reference"
1994.33333333333,"catch","F1_R1","Fishery 1  / Region 1","161",2609,2608.99999994087,"fish","alb","ALB reference"
1994.58333333333,"catch","F1_R1","Fishery 1  / Region 1","162",13585,13585.0000004875,"fish","alb","ALB reference"
1994.83333333333,"catch","F1_R1","Fishery 1  / Region 1","163",1989,1988.99999995185,"fish","alb","ALB reference"
1995.08333333333,"catch","F1_R1","Fishery 1  / Region 1","164",3953,3953.00000016482,"fish","alb","ALB reference"
1995.33333333333,"catch","F1_R1","Fishery 1  / Region 1","165",7418,7417.99999981095,"fish","alb","ALB reference"
1995.58333333333,"catch","F1_R1","Fishery 1  / Region 1","166",26021,26021.000001078,"fish","alb","ALB reference"
1995.83333333333,"catch","F1_R1","Fishery 1  / Region 1","167",12217,12216.9999997688,"fish","alb","ALB reference"
1996.08333333333,"catch","F1_R1","Fishery 1  / Region 1","168",1128,1128.00000004736,"fish","alb","ALB reference"
1996.33333333333,"catch","F1_R1","Fishery 1  / Region 1","169",1720,1719.99999996294,"fish","alb","ALB reference"
1996.58333333333,"catch","F1_R1","Fishery 1  / Region 1","170",15783,15783.0000006318,"fish","alb","ALB reference"
1996.83333333333,"catch","F1_R1","Fishery 1  / Region 1","171",1781,1780.9999999595,"fish","alb","ALB reference"
1997.08333333333,"catch","F1_R1","Fishery 1  / Region 1","172",5130,5130.00000021329,"fish","alb","ALB reference"
1997.33333333333,"catch","F1_R1","Fishery 1  / Region 1","173",7666,7665.99999983038,"fish","alb","ALB reference"
1997.58333333333,"catch","F1_R1","Fishery 1  / Region 1","174",18010,18010.0000007135,"fish","alb","ALB reference"
1997.83333333333,"catch","F1_R1","Fishery 1  / Region 1","175",2540,2539.99999994772,"fish","alb","ALB reference"
1998.08333333333,"catch","F1_R1","Fishery 1  / Region 1","176",13985,13985.0000005759,"fish","alb","ALB reference"
1998.33333333333,"catch","F1_R1","Fishery 1  / Region 1","177",16946,16945.9999988825,"fish","alb","ALB reference"
1998.58333333333,"catch","F1_R1","Fishery 1  / Region 1","178",44017,44017.0000009867,"fish","alb","ALB reference"
1998.83333333333,"catch","F1_R1","Fishery 1  / Region 1","179",11267,11266.9999997383,"fish","alb","ALB reference"
1999.08333333333,"catch","F1_R1","Fishery 1  / Region 1","180",2020,2020.00000008641,"fish","alb","ALB reference"
1999.33333333333,"catch","F1_R1","Fishery 1  / Region 1","181",20620,20619.9999995837,"fish","alb","ALB reference"
1999.58333333333,"catch","F1_R1","Fishery 1  / Region 1","182",19880,19880.0000008344,"fish","alb","ALB reference"
1999.83333333333,"catch","F1_R1","Fishery 1  / Region 1","183",3558,3557.99999992705,"fish","alb","ALB reference"
2000.08333333333,"catch","F1_R1","Fishery 1  / Region 1","184",4348,4348.00000018421,"fish","alb","ALB reference"
2000.33333333333,"catch","F1_R1","Fishery 1  / Region 1","185",23513,23512.9999994929,"fish","alb","ALB reference"
2000.58333333333,"catch","F1_R1","Fishery 1  / Region 1","186",53496,53496.0000021315,"fish","alb","ALB reference"
2000.83333333333,"catch","F1_R1","Fishery 1  / Region 1","187",5361,5360.99999988522,"fish","alb","ALB reference"
2001.08333333333,"catch","F1_R1","Fishery 1  / Region 1","188",2397,2397.00000009301,"fish","alb","ALB reference"
2001.33333333333,"catch","F1_R1","Fishery 1  / Region 1","189",13505,13504.9999989227,"fish","alb","ALB reference"
2001.58333333333,"catch","F1_R1","Fishery 1  / Region 1","190",33262,33261.9999981538,"fish","alb","ALB reference"
2001.83333333333,"catch","F1_R1","Fishery 1  / Region 1","191",2991,2990.99999990995,"fish","alb","ALB reference"
2002.08333333333,"catch","F1_R1","Fishery 1  / Region 1","192",2656,2656.00000009232,"fish","alb","ALB reference"
2002.33333333333,"catch","F1_R1","Fishery 1  / Region 1","193",18093,18092.9998949993,"fish","alb","ALB reference"
2002.58333333333,"catch","F1_R1","Fishery 1  / Region 1","194",73726,73725.9999248066,"fish","alb","ALB reference"
2002.83333333333,"catch","F1_R1","Fishery 1  / Region 1","195",39612,39611.9999984878,"fish","alb","ALB reference"
2003.08333333333,"catch","F1_R1","Fishery 1  / Region 1","196",22786,22786.0000004636,"fish","alb","ALB reference"
2003.33333333333,"catch","F1_R1","Fishery 1  / Region 1","197",35421,35420.9999919982,"fish","alb","ALB reference"
2003.58333333333,"catch","F1_R1","Fishery 1  / Region 1","198",47195,47194.9999960129,"fish","alb","ALB reference"
2003.83333333333,"catch","F1_R1","Fishery 1  / Region 1","199",13446,13445.9999996886,"fish","alb","ALB reference"
2004.08333333333,"catch","F1_R1","Fishery 1  / Region 1","200",11533,11533.000000453,"fish","alb","ALB reference"
2004.33333333333,"catch","F1_R1","Fishery 1  / Region 1","201",14067,14066.9999888831,"fish","alb","ALB reference"
2004.58333333333,"catch","F1_R1","Fishery 1  / Region 1","202",42108,42107.9998829303,"fish","alb","ALB reference"
2004.83333333333,"catch","F1_R1","Fishery 1  / Region 1","203",3019,3018.99999993514,"fish","alb","ALB reference"
2005.08333333333,"catch","F1_R1","Fishery 1  / Region 1","204",3946,3946.00000015783,"fish","alb","ALB reference"
2005.33333333333,"catch","F1_R1","Fishery 1  / Region 1","205",80880,80879.9999241538,"fish","alb","ALB reference"
2005.58333333333,"catch","F1_R1","Fishery 1  / Region 1","206",114045,114044.99991144,"fish","alb","ALB reference"
2005.83333333333,"catch","F1_R1","Fishery 1  / Region 1","207",12618,12617.9999997527,"fish","alb","ALB reference"
2006.08333333333,"catch","F1_R1","Fishery 1  / Region 1","208",4532,4532.00000018855,"fish","alb","ALB reference"
2006.33333333333,"catch","F1_R1","Fishery 1  / Region 1","209",48933,48932.9999928498,"fish","alb","ALB reference"
2006.58333333333,"catch","F1_R1","Fishery 1  / Region 1","210",52368,52367.9999971951,"fish","alb","ALB reference"
2006.83333333333,"catch","F1_R1","Fishery 1  / Region 1","211",9874,9873.99999982684,"fish","alb","ALB reference"
2007.08333333333,"catch","F1_R1","Fishery 1  / Region 1","212",19727,19727.0000008353,"fish","alb","ALB reference"
2007.33333333333,"catch","F1_R1","Fishery 1  / Region 1","213",41487,41486.9999988257,"fish","alb","ALB reference"
2007.58333333333,"catch","F1_R1","Fishery 1  / Region 1","214",40444,40443.9999979286,"fish","alb","ALB reference"
2007.83333333333,"catch","F1_R1","Fishery 1  / Region 1","215",6729,6728.99999988218,"fish","alb","ALB reference"
2008.08333333333,"catch","F1_R1","Fishery 1  / Region 1","216",7964,7964.00000033317,"fish","alb","ALB reference"
2008.33333333333,"catch","F1_R1","Fishery 1  / Region 1","217",43149,43148.9999985032,"fish","alb","ALB reference"
2008.58333333333,"catch","F1_R1","Fishery 1  / Region 1","218",26361,26361.0000006165,"fish","alb","ALB reference"
2008.83333333333,"catch","F1_R1","Fishery 1  / Region 1","219",9785,9784.99999982352,"fish","alb","ALB reference"
2009.08333333333,"catch","F1_R1","Fishery 1  / Region 1","220",7726,7726.00000031669,"fish","alb","ALB reference"
2009.33333333333,"catch","F1_R1","Fishery 1  / Region 1","221",67089,67088.9999425429,"fish","alb","ALB reference"
2009.58333333333,"catch","F1_R1","Fishery 1  / Region 1","222",74262,74261.9999475806,"fish","alb","ALB reference"
2009.83333333333,"catch","F1_R1","Fishery 1  / Region 1","223",8225,8224.99999980841,"fish","alb","ALB reference"
2010.08333333333,"catch","F1_R1","Fishery 1  / Region 1","224",14636,14636.0000001846,"fish","alb","ALB reference"
2010.33333333333,"catch","F1_R1","Fishery 1  / Region 1","225",42082,42081.9997805375,"fish","alb","ALB reference"
2010.58333333333,"catch","F1_R1","Fishery 1  / Region 1","226",42127,42126.9997564605,"fish","alb","ALB reference"
2010.83333333333,"catch","F1_R1","Fishery 1  / Region 1","227",16327,16326.9999966879,"fish","alb","ALB reference"
2011.08333333333,"catch","F1_R1","Fishery 1  / Region 1","228",14141,14141.0000005816,"fish","alb","ALB reference"
2011.33333333333,"catch","F1_R1","Fishery 1  / Region 1","229",36960,36959.9999966589,"fish","alb","ALB reference"
2011.58333333333,"catch","F1_R1","Fishery 1  / Region 1","230",31387,31386.9999976361,"fish","alb","ALB reference"
2011.83333333333,"catch","F1_R1","Fishery 1  / Region 1","231",25551,25550.9999993967,"fish","alb","ALB reference"
2012.08333333333,"catch","F1_R1","Fishery 1  / Region 1","232",16526,16526.000000695,"fish","alb","ALB reference"
2012.33333333333,"catch","F1_R1","Fishery 1  / Region 1","233",75535,75534.9999499002,"fish","alb","ALB reference"
2012.58333333333,"catch","F1_R1","Fishery 1  / Region 1","234",98529,98528.9999360884,"fish","alb","ALB reference"
2012.83333333333,"catch","F1_R1","Fishery 1  / Region 1","235",20097,20096.9999988929,"fish","alb","ALB reference"
2013.08333333333,"catch","F1_R1","Fishery 1  / Region 1","236",63820,63820.000002578,"fish","alb","ALB reference"
2013.33333333333,"catch","F1_R1","Fishery 1  / Region 1","237",93320,93319.9998859953,"fish","alb","ALB reference"
2013.58333333333,"catch","F1_R1","Fishery 1  / Region 1","238",90324,90323.9998862984,"fish","alb","ALB reference"
2013.83333333333,"catch","F1_R1","Fishery 1  / Region 1","239",33473,33472.9999981272,"fish","alb","ALB reference"
2014.08333333333,"catch","F1_R1","Fishery 1  / Region 1","240",7765,7765.00000032894,"fish","alb","ALB reference"
2014.33333333333,"catch","F1_R1","Fishery 1  / Region 1","241",17006,17005.9999896593,"fish","alb","ALB reference"
2014.58333333333,"catch","F1_R1","Fishery 1  / Region 1","242",14183,14182.9999855941,"fish","alb","ALB reference"
2014.83333333333,"catch","F1_R1","Fishery 1  / Region 1","243",11221,11220.9999997913,"fish","alb","ALB reference"
2015.08333333333,"catch","F1_R1","Fishery 1  / Region 1","244",29726,29726.0000012815,"fish","alb","ALB reference"
2015.33333333333,"catch","F1_R1","Fishery 1  / Region 1","245",30759,30758.9999923612,"fish","alb","ALB reference"
2015.58333333333,"catch","F1_R1","Fishery 1  / Region 1","246",22708,22707.9999885531,"fish","alb","ALB reference"
2015.83333333333,"catch","F1_R1","Fishery 1  / Region 1","247",29224,29223.9999993961,"fish","alb","ALB reference"
2016.08333333333,"catch","F1_R1","Fishery 1  / Region 1","248",11067,11067.0000004727,"fish","alb","ALB reference"
2016.33333333333,"catch","F1_R1","Fishery 1  / Region 1","249",25013,25012.9999925346,"fish","alb","ALB reference"
2016.58333333333,"catch","F1_R1","Fishery 1  / Region 1","250",65629,65628.9999072485,"fish","alb","ALB reference"
2016.83333333333,"catch","F1_R1","Fishery 1  / Region 1","251",12182,12181.9999997262,"fish","alb","ALB reference"
2017.08333333333,"catch","F1_R1","Fishery 1  / Region 1","252",9336,9336.00000038892,"fish","alb","ALB reference"
2017.33333333333,"catch","F1_R1","Fishery 1  / Region 1","253",99091,99090.9999274325,"fish","alb","ALB reference"
2017.58333333333,"catch","F1_R1","Fishery 1  / Region 1","254",94300,94299.9999397577,"fish","alb","ALB reference"
2017.83333333333,"catch","F1_R1","Fishery 1  / Region 1","255",20430,20429.9999995731,"fish","alb","ALB reference"
2018.08333333333,"catch","F1_R1","Fishery 1  / Region 1","256",15754,15754.0000006466,"fish","alb","ALB reference"
2018.33333333333,"catch","F1_R1","Fishery 1  / Region 1","257",67671,67670.9999814049,"fish","alb","ALB reference"
2018.58333333333,"catch","F1_R1","Fishery 1  / Region 1","258",34162,34161.9999815172,"fish","alb","ALB reference"
2018.83333333333,"catch","F1_R1","Fishery 1  / Region 1","259",11097,11096.9999997792,"fish","alb","ALB reference"
2019.08333333333,"catch","F1_R1","Fishery 1  / Region 1","260",16072,16072.0000006602,"fish","alb","ALB reference"
2019.33333333333,"catch","F1_R1","Fishery 1  / Region 1","261",16083,16082.9999897882,"fish","alb","ALB reference"
2019.58333333333,"catch","F1_R1","Fishery 1  / Region 1","262",32543,32542.9999324057,"fish","alb","ALB reference"
2019.83333333333,"catch","F1_R1","Fishery 1  / Region 1","263",7440,7439.99999980835,"fish","alb","ALB reference"
2020.08333333333,"catch","F1_R1","Fishery 1  / Region 1","264",18486,18486.0000007312,"fish","alb","ALB reference"
2020.33333333333,"catch","F1_R1","Fishery 1  / Region 1","265",12544,12543.9999747582,"fish","alb","ALB reference"
2020.58333333333,"catch","F1_R1","Fishery 1  / Region 1","266",8547,8546.9999722479,"fish","alb","ALB reference"
2020.83333333333,"catch","F1_R1","Fishery 1  / Region 1","267",3342,3341.99999986196,"fish","alb","ALB reference"
2021.08333333333,"catch","F1_R1","Fishery 1  / Region 1","268",12355,12355.000000422,"fish","alb","ALB reference"
2021.33333333333,"catch","F1_R1","Fishery 1  / Region 1","269",25608,25607.99997563,"fish","alb","ALB reference"
2021.58333333333,"catch","F1_R1","Fishery 1  / Region 1","270",21407,21406.9999945527,"fish","alb","ALB reference"
2021.83333333333,"catch","F1_R1","Fishery 1  / Region 1","271",8872,8871.9999998018,"fish","alb","ALB reference"
2022.08333333333,"catch","F1_R1","Fishery 1  / Region 1","272",11309,11309.0000004423,"fish","alb","ALB reference"
2022.33333333333,"catch","F1_R1","Fishery 1  / Region 1","273",19234,19233.9999723996,"fish","alb","ALB reference"
2022.58333333333,"catch","F1_R1","Fishery 1  / Region 1","274",33868,33867.9999078606,"fish","alb","ALB reference"
1954.08333333333,"catch","F2_R1","Fishery 2  / Region 1","275",268,267.999999996984,"fish","alb","ALB reference"
1954.33333333333,"catch","F2_R1","Fishery 2  / Region 1","276",1906,1905.99999997968,"fish","alb","ALB reference"
1954.83333333333,"catch","F2_R1","Fishery 2  / Region 1","277",257,256.999999995429,"fish","alb","ALB reference"
1955.08333333333,"catch","F2_R1","Fishery 2  / Region 1","278",810,809.99999998564,"fish","alb","ALB reference"
1955.33333333333,"catch","F2_R1","Fishery 2  / Region 1","279",31189,31188.9999994729,"fish","alb","ALB reference"
1955.58333333333,"catch","F2_R1","Fishery 2  / Region 1","280",10164,10164.0000004238,"fish","alb","ALB reference"
1955.83333333333,"catch","F2_R1","Fishery 2  / Region 1","281",989,988.999999981995,"fish","alb","ALB reference"
1956.08333333333,"catch","F2_R1","Fishery 2  / Region 1","282",5529,5528.99999990078,"fish","alb","ALB reference"
1956.33333333333,"catch","F2_R1","Fishery 2  / Region 1","283",20390,20389.9999996566,"fish","alb","ALB reference"
1956.58333333333,"catch","F2_R1","Fishery 2  / Region 1","284",742,742.000000030982,"fish","alb","ALB reference"
1956.83333333333,"catch","F2_R1","Fishery 2  / Region 1","285",2891,2890.99999994823,"fish","alb","ALB reference"
1957.08333333333,"catch","F2_R1","Fishery 2  / Region 1","286",16957,16956.9999997037,"fish","alb","ALB reference"
1957.33333333333,"catch","F2_R1","Fishery 2  / Region 1","287",54833,54832.9999990772,"fish","alb","ALB reference"
1957.58333333333,"catch","F2_R1","Fishery 2  / Region 1","288",4114,4114.00000017167,"fish","alb","ALB reference"
1957.83333333333,"catch","F2_R1","Fishery 2  / Region 1","289",3222,3221.99999994219,"fish","alb","ALB reference"
1958.08333333333,"catch","F2_R1","Fishery 2  / Region 1","290",9691,9690.99999982815,"fish","alb","ALB reference"
1958.33333333333,"catch","F2_R1","Fishery 2  / Region 1","291",75800,75799.9999987454,"fish","alb","ALB reference"
1958.58333333333,"catch","F2_R1","Fishery 2  / Region 1","292",10062,10062.0000004205,"fish","alb","ALB reference"
1958.83333333333,"catch","F2_R1","Fishery 2  / Region 1","293",13327,13326.9999997812,"fish","alb","ALB reference"
1959.08333333333,"catch","F2_R1","Fishery 2  / Region 1","294",27975,27974.9999995215,"fish","alb","ALB reference"
1959.33333333333,"catch","F2_R1","Fishery 2  / Region 1","295",83984,83983.9999986244,"fish","alb","ALB reference"
1959.58333333333,"catch","F2_R1","Fishery 2  / Region 1","296",23518,23518.0000009829,"fish","alb","ALB reference"
1959.83333333333,"catch","F2_R1","Fishery 2  / Region 1","297",90,89.9999999984423,"fish","alb","ALB reference"
1960.08333333333,"catch","F2_R1","Fishery 2  / Region 1","298",89005,89004.9999984665,"fish","alb","ALB reference"
1960.33333333333,"catch","F2_R1","Fishery 2  / Region 1","299",166773,166772.999997379,"fish","alb","ALB reference"
1960.58333333333,"catch","F2_R1","Fishery 2  / Region 1","300",173135,173135.000007209,"fish","alb","ALB reference"
1960.83333333333,"catch","F2_R1","Fishery 2  / Region 1","301",7101,7100.99999987819,"fish","alb","ALB reference"
1961.08333333333,"catch","F2_R1","Fishery 2  / Region 1","302",51321,51320.999999123,"fish","alb","ALB reference"
1961.33333333333,"catch","F2_R1","Fishery 2  / Region 1","303",102887,102886.999998361,"fish","alb","ALB reference"
1961.58333333333,"catch","F2_R1","Fishery 2  / Region 1","304",59856,59856.0000024814,"fish","alb","ALB reference"
1961.83333333333,"catch","F2_R1","Fishery 2  / Region 1","305",48326,48325.9999991891,"fish","alb","ALB reference"
1962.08333333333,"catch","F2_R1","Fishery 2  / Region 1","306",37398,37397.999999359,"fish","alb","ALB reference"
1962.33333333333,"catch","F2_R1","Fishery 2  / Region 1","307",142271,142270.999997801,"fish","alb","ALB reference"
1962.58333333333,"catch","F2_R1","Fishery 2  / Region 1","308",106958,106958.000004316,"fish","alb","ALB reference"
1962.83333333333,"catch","F2_R1","Fishery 2  / Region 1","309",24251,24250.9999995801,"fish","alb","ALB reference"
1963.08333333333,"catch","F2_R1","Fishery 2  / Region 1","310",48251,48250.9999991653,"fish","alb","ALB reference"
1963.33333333333,"catch","F2_R1","Fishery 2  / Region 1","311",149190,149189.999997763,"fish","alb","ALB reference"
1963.58333333333,"catch","F2_R1","Fishery 2  / Region 1","312",29294,29294.0000011635,"fish","alb","ALB reference"
1963.83333333333,"catch","F2_R1","Fishery 2  / Region 1","313",42192,42191.999999255,"fish","alb","ALB reference"
1964.08333333333,"catch","F2_R1","Fishery 2  / Region 1","314",71952,71951.9999986765,"fish","alb","ALB reference"
1964.33333333333,"catch","F2_R1","Fishery 2  / Region 1","315",189348,189347.999996914,"fish","alb","ALB reference"
1964.58333333333,"catch","F2_R1","Fishery 2  / Region 1","316",19159,19159.0000007352,"fish","alb","ALB reference"
1964.83333333333,"catch","F2_R1","Fishery 2  / Region 1","317",4476,4475.99999991448,"fish","alb","ALB reference"
1965.08333333333,"catch","F2_R1","Fishery 2  / Region 1","318",96888,96887.9999982035,"fish","alb","ALB reference"
1965.33333333333,"catch","F2_R1","Fishery 2  / Region 1","319",226274,226273.999996277,"fish","alb","ALB reference"
1965.58333333333,"catch","F2_R1","Fishery 2  / Region 1","320",105812,105812.000003847,"fish","alb","ALB reference"
1965.83333333333,"catch","F2_R1","Fishery 2  / Region 1","321",60266,60265.999998921,"fish","alb","ALB reference"
1966.08333333333,"catch","F2_R1","Fishery 2  / Region 1","322",209030,209029.999996366,"fish","alb","ALB reference"
1966.33333333333,"catch","F2_R1","Fishery 2  / Region 1","323",298557,298556.999995308,"fish","alb","ALB reference"
1966.58333333333,"catch","F2_R1","Fishery 2  / Region 1","324",124076,124076.000004416,"fish","alb","ALB reference"
1966.83333333333,"catch","F2_R1","Fishery 2  / Region 1","325",105084,105083.999998039,"fish","alb","ALB reference"
1967.08333333333,"catch","F2_R1","Fishery 2  / Region 1","326",122370,122369.999997827,"fish","alb","ALB reference"
1967.33333333333,"catch","F2_R1","Fishery 2  / Region 1","327",225214,225213.999996855,"fish","alb","ALB reference"
1967.58333333333,"catch","F2_R1","Fishery 2  / Region 1","328",210004,210004.000008083,"fish","alb","ALB reference"
1967.83333333333,"catch","F2_R1","Fishery 2  / Region 1","329",45418,45417.9999991651,"fish","alb","ALB reference"
1968.08333333333,"catch","F2_R1","Fishery 2  / Region 1","330",176223,176222.999997003,"fish","alb","ALB reference"
1968.33333333333,"catch","F2_R1","Fishery 2  / Region 1","331",281987,281986.999996074,"fish","alb","ALB reference"
1968.58333333333,"catch","F2_R1","Fishery 2  / Region 1","332",147818,147818.000006036,"fish","alb","ALB reference"
1968.83333333333,"catch","F2_R1","Fishery 2  / Region 1","333",107279,107278.999997915,"fish","alb","ALB reference"
1969.08333333333,"catch","F2_R1","Fishery 2  / Region 1","334",166245,166244.999997084,"fish","alb","ALB reference"
1969.33333333333,"catch","F2_R1","Fishery 2  / Region 1","335",217923,217922.999996681,"fish","alb","ALB reference"
1969.58333333333,"catch","F2_R1","Fishery 2  / Region 1","336",86533,86533.000003319,"fish","alb","ALB reference"
1969.83333333333,"catch","F2_R1","Fishery 2  / Region 1","337",71759,71758.9999985704,"fish","alb","ALB reference"
1970.08333333333,"catch","F2_R1","Fishery 2  / Region 1","338",230105,230104.99999577,"fish","alb","ALB reference"
1970.33333333333,"catch","F2_R1","Fishery 2  / Region 1","339",156841,156840.999997481,"fish","alb","ALB reference"
1970.58333333333,"catch","F2_R1","Fishery 2  / Region 1","340",50191,50191.0000018238,"fish","alb","ALB reference"
1970.83333333333,"catch","F2_R1","Fishery 2  / Region 1","341",18554,18553.9999995939,"fish","alb","ALB reference"
1971.08333333333,"catch","F2_R1","Fishery 2  / Region 1","342",129768,129767.999997534,"fish","alb","ALB reference"
1971.33333333333,"catch","F2_R1","Fishery 2  / Region 1","343",104353,104352.999998207,"fish","alb","ALB reference"
1971.58333333333,"catch","F2_R1","Fishery 2  / Region 1","344",74218,74218.0000021559,"fish","alb","ALB reference"
1971.83333333333,"catch","F2_R1","Fishery 2  / Region 1","345",33621,33620.9999992116,"fish","alb","ALB reference"
1972.08333333333,"catch","F2_R1","Fishery 2  / Region 1","346",79242,79241.9999984277,"fish","alb","ALB reference"
1972.33333333333,"catch","F2_R1","Fishery 2  / Region 1","347",98802,98801.9999981831,"fish","alb","ALB reference"
1972.58333333333,"catch","F2_R1","Fishery 2  / Region 1","348",176342,176341.999997856,"fish","alb","ALB reference"
1972.83333333333,"catch","F2_R1","Fishery 2  / Region 1","349",54535,54534.9999985528,"fish","alb","ALB reference"
1973.08333333333,"catch","F2_R1","Fishery 2  / Region 1","350",148991,148990.999997063,"fish","alb","ALB reference"
1973.33333333333,"catch","F2_R1","Fishery 2  / Region 1","351",79612,79611.9999982382,"fish","alb","ALB reference"
1973.58333333333,"catch","F2_R1","Fishery 2  / Region 1","352",81531,81531.0000023632,"fish","alb","ALB reference"
1973.83333333333,"catch","F2_R1","Fishery 2  / Region 1","353",33288,33287.9999988197,"fish","alb","ALB reference"
1974.08333333333,"catch","F2_R1","Fishery 2  / Region 1","354",23892,23891.9999995022,"fish","alb","ALB reference"
1974.33333333333,"catch","F2_R1","Fishery 2  / Region 1","355",59269,59268.9999989283,"fish","alb","ALB reference"
1974.58333333333,"catch","F2_R1","Fishery 2  / Region 1","356",70721,70721.000001695,"fish","alb","ALB reference"
1974.83333333333,"catch","F2_R1","Fishery 2  / Region 1","357",8994,8993.99999973348,"fish","alb","ALB reference"
1975.08333333333,"catch","F2_R1","Fishery 2  / Region 1","358",14941,14940.9999996351,"fish","alb","ALB reference"
1975.33333333333,"catch","F2_R1","Fishery 2  / Region 1","359",31355,31354.9999994398,"fish","alb","ALB reference"
1975.58333333333,"catch","F2_R1","Fishery 2  / Region 1","360",15462,15462.0000005069,"fish","alb","ALB reference"
1975.83333333333,"catch","F2_R1","Fishery 2  / Region 1","361",12589,12588.9999996023,"fish","alb","ALB reference"
1976.08333333333,"catch","F2_R1","Fishery 2  / Region 1","362",5080,5079.99999986526,"fish","alb","ALB reference"
1976.33333333333,"catch","F2_R1","Fishery 2  / Region 1","363",11944,11943.999999776,"fish","alb","ALB reference"
1976.58333333333,"catch","F2_R1","Fishery 2  / Region 1","364",20248,20247.9999996949,"fish","alb","ALB reference"
1976.83333333333,"catch","F2_R1","Fishery 2  / Region 1","365",19867,19866.9999988371,"fish","alb","ALB reference"
1977.08333333333,"catch","F2_R1","Fishery 2  / Region 1","366",45409,45408.9999989312,"fish","alb","ALB reference"
1977.33333333333,"catch","F2_R1","Fishery 2  / Region 1","367",78242,78241.9999981521,"fish","alb","ALB reference"
1977.58333333333,"catch","F2_R1","Fishery 2  / Region 1","368",23634,23633.9999998284,"fish","alb","ALB reference"
1977.83333333333,"catch","F2_R1","Fishery 2  / Region 1","369",23625,23624.9999987794,"fish","alb","ALB reference"
1978.08333333333,"catch","F2_R1","Fishery 2  / Region 1","370",42578,42577.9999991011,"fish","alb","ALB reference"
1978.33333333333,"catch","F2_R1","Fishery 2  / Region 1","371",29968,29967.999999587,"fish","alb","ALB reference"
1978.58333333333,"catch","F2_R1","Fishery 2  / Region 1","372",65252,65252.0000021869,"fish","alb","ALB reference"
1978.83333333333,"catch","F2_R1","Fishery 2  / Region 1","373",14491,14490.9999996165,"fish","alb","ALB reference"
1979.08333333333,"catch","F2_R1","Fishery 2  / Region 1","374",36834,36833.9999992338,"fish","alb","ALB reference"
1979.33333333333,"catch","F2_R1","Fishery 2  / Region 1","375",26979,26978.9999996179,"fish","alb","ALB reference"
1979.58333333333,"catch","F2_R1","Fishery 2  / Region 1","376",54263,54263.0000021824,"fish","alb","ALB reference"
1979.83333333333,"catch","F2_R1","Fishery 2  / Region 1","377",41990,41989.999998988,"fish","alb","ALB reference"
1980.08333333333,"catch","F2_R1","Fishery 2  / Region 1","378",37685,37684.9999991912,"fish","alb","ALB reference"
1980.33333333333,"catch","F2_R1","Fishery 2  / Region 1","379",57743,57742.999999106,"fish","alb","ALB reference"
1980.58333333333,"catch","F2_R1","Fishery 2  / Region 1","380",125999,125999.000003604,"fish","alb","ALB reference"
1980.83333333333,"catch","F2_R1","Fishery 2  / Region 1","381",18526,18525.9999995405,"fish","alb","ALB reference"
1981.08333333333,"catch","F2_R1","Fishery 2  / Region 1","382",59272,59271.9999987661,"fish","alb","ALB reference"
1981.33333333333,"catch","F2_R1","Fishery 2  / Region 1","383",38374,38373.9999993877,"fish","alb","ALB reference"
1981.58333333333,"catch","F2_R1","Fishery 2  / Region 1","384",46346,46346.0000012889,"fish","alb","ALB reference"
1981.83333333333,"catch","F2_R1","Fishery 2  / Region 1","385",11410,11409.9999996851,"fish","alb","ALB reference"
1982.08333333333,"catch","F2_R1","Fishery 2  / Region 1","386",30068,30067.9999992769,"fish","alb","ALB reference"
1982.33333333333,"catch","F2_R1","Fishery 2  / Region 1","387",39933,39932.999998439,"fish","alb","ALB reference"
1982.58333333333,"catch","F2_R1","Fishery 2  / Region 1","388",39260,39260.0000005251,"fish","alb","ALB reference"
1982.83333333333,"catch","F2_R1","Fishery 2  / Region 1","389",19855,19854.9999993269,"fish","alb","ALB reference"
1983.08333333333,"catch","F2_R1","Fishery 2  / Region 1","390",18704,18703.9999994395,"fish","alb","ALB reference"
1983.33333333333,"catch","F2_R1","Fishery 2  / Region 1","391",19815,19814.9999996024,"fish","alb","ALB reference"
1983.58333333333,"catch","F2_R1","Fishery 2  / Region 1","392",44461,44461.0000003765,"fish","alb","ALB reference"
1983.83333333333,"catch","F2_R1","Fishery 2  / Region 1","393",35100,35099.999998642,"fish","alb","ALB reference"
1984.08333333333,"catch","F2_R1","Fishery 2  / Region 1","394",15488,15487.9999995097,"fish","alb","ALB reference"
1984.33333333333,"catch","F2_R1","Fishery 2  / Region 1","395",10630,10629.9999997843,"fish","alb","ALB reference"
1984.58333333333,"catch","F2_R1","Fishery 2  / Region 1","396",25087,25087.0000008311,"fish","alb","ALB reference"
1984.83333333333,"catch","F2_R1","Fishery 2  / Region 1","397",8855,8854.99999968002,"fish","alb","ALB reference"
1985.08333333333,"catch","F2_R1","Fishery 2  / Region 1","398",16871,16870.9999994516,"fish","alb","ALB reference"
1985.33333333333,"catch","F2_R1","Fishery 2  / Region 1","399",21898,21897.9999995996,"fish","alb","ALB reference"
1985.58333333333,"catch","F2_R1","Fishery 2  / Region 1","400",34805,34805.0000012443,"fish","alb","ALB reference"
1985.83333333333,"catch","F2_R1","Fishery 2  / Region 1","401",7957,7956.99999973804,"fish","alb","ALB reference"
1986.08333333333,"catch","F2_R1","Fishery 2  / Region 1","402",11381,11380.9999996697,"fish","alb","ALB reference"
1986.33333333333,"catch","F2_R1","Fishery 2  / Region 1","403",25567,25566.9999995757,"fish","alb","ALB reference"
1986.58333333333,"catch","F2_R1","Fishery 2  / Region 1","404",94137,94137.0000028206,"fish","alb","ALB reference"
1986.83333333333,"catch","F2_R1","Fishery 2  / Region 1","405",8732,8731.99999967057,"fish","alb","ALB reference"
1987.08333333333,"catch","F2_R1","Fishery 2  / Region 1","406",44522,44521.9999985607,"fish","alb","ALB reference"
1987.33333333333,"catch","F2_R1","Fishery 2  / Region 1","407",33233,33232.9999992617,"fish","alb","ALB reference"
1987.58333333333,"catch","F2_R1","Fishery 2  / Region 1","408",59555,59555.0000020764,"fish","alb","ALB reference"
1987.83333333333,"catch","F2_R1","Fishery 2  / Region 1","409",21323,21322.9999993673,"fish","alb","ALB reference"
1988.08333333333,"catch","F2_R1","Fishery 2  / Region 1","410",46532,46531.9999987223,"fish","alb","ALB reference"
1988.33333333333,"catch","F2_R1","Fishery 2  / Region 1","411",76547,76546.9999984491,"fish","alb","ALB reference"
1988.58333333333,"catch","F2_R1","Fishery 2  / Region 1","412",54140,54140.000001778,"fish","alb","ALB reference"
1988.83333333333,"catch","F2_R1","Fishery 2  / Region 1","413",11975,11974.9999995453,"fish","alb","ALB reference"
1989.08333333333,"catch","F2_R1","Fishery 2  / Region 1","414",5257,5257.00000139028,"fish","alb","ALB reference"
1989.33333333333,"catch","F2_R1","Fishery 2  / Region 1","415",3100,3099.99999993043,"fish","alb","ALB reference"
1989.58333333333,"catch","F2_R1","Fishery 2  / Region 1","416",15386,15386.0000005391,"fish","alb","ALB reference"
1989.83333333333,"catch","F2_R1","Fishery 2  / Region 1","417",8089,8088.99999969776,"fish","alb","ALB reference"
1990.08333333333,"catch","F2_R1","Fishery 2  / Region 1","418",16842,16841.9999994794,"fish","alb","ALB reference"
1990.33333333333,"catch","F2_R1","Fishery 2  / Region 1","419",48788,48787.9999988697,"fish","alb","ALB reference"
1990.58333333333,"catch","F2_R1","Fishery 2  / Region 1","420",20905,20905.0000007193,"fish","alb","ALB reference"
1990.83333333333,"catch","F2_R1","Fishery 2  / Region 1","421",6328,6327.99999980665,"fish","alb","ALB reference"
1991.08333333333,"catch","F2_R1","Fishery 2  / Region 1","422",25144,25143.9999992081,"fish","alb","ALB reference"
1991.33333333333,"catch","F2_R1","Fishery 2  / Region 1","423",14471,14470.999999674,"fish","alb","ALB reference"
1991.58333333333,"catch","F2_R1","Fishery 2  / Region 1","424",34554,34554.0000002956,"fish","alb","ALB reference"
1991.83333333333,"catch","F2_R1","Fishery 2  / Region 1","425",47349,47348.9999984135,"fish","alb","ALB reference"
1992.08333333333,"catch","F2_R1","Fishery 2  / Region 1","426",3133,3133.00000013105,"fish","alb","ALB reference"
1992.33333333333,"catch","F2_R1","Fishery 2  / Region 1","427",31149,31148.9999993675,"fish","alb","ALB reference"
1992.58333333333,"catch","F2_R1","Fishery 2  / Region 1","428",75114,75114.0000002407,"fish","alb","ALB reference"
1992.83333333333,"catch","F2_R1","Fishery 2  / Region 1","429",12652,12651.9999994838,"fish","alb","ALB reference"
1993.08333333333,"catch","F2_R1","Fishery 2  / Region 1","430",1720,1720.00000007222,"fish","alb","ALB reference"
1993.33333333333,"catch","F2_R1","Fishery 2  / Region 1","431",11794,11793.9999997685,"fish","alb","ALB reference"
1993.58333333333,"catch","F2_R1","Fishery 2  / Region 1","432",23729,23729.00000087,"fish","alb","ALB reference"
1993.83333333333,"catch","F2_R1","Fishery 2  / Region 1","433",13828,13827.9999995358,"fish","alb","ALB reference"
1994.08333333333,"catch","F2_R1","Fishery 2  / Region 1","434",5386,5386.00000021378,"fish","alb","ALB reference"
1994.33333333333,"catch","F2_R1","Fishery 2  / Region 1","435",18150,18149.99999963,"fish","alb","ALB reference"
1994.58333333333,"catch","F2_R1","Fishery 2  / Region 1","436",49239,49239.0000015419,"fish","alb","ALB reference"
1994.83333333333,"catch","F2_R1","Fishery 2  / Region 1","437",51712,51711.9999984489,"fish","alb","ALB reference"
1995.08333333333,"catch","F2_R1","Fishery 2  / Region 1","438",13194,13194.0000005328,"fish","alb","ALB reference"
1995.33333333333,"catch","F2_R1","Fishery 2  / Region 1","439",23244,23243.9999994567,"fish","alb","ALB reference"
1995.58333333333,"catch","F2_R1","Fishery 2  / Region 1","440",60900,60900.0000020546,"fish","alb","ALB reference"
1995.83333333333,"catch","F2_R1","Fishery 2  / Region 1","441",12555,12554.9999996806,"fish","alb","ALB reference"
1996.08333333333,"catch","F2_R1","Fishery 2  / Region 1","442",8575,8575.00000035307,"fish","alb","ALB reference"
1996.33333333333,"catch","F2_R1","Fishery 2  / Region 1","443",10367,10366.9999997964,"fish","alb","ALB reference"
1996.58333333333,"catch","F2_R1","Fishery 2  / Region 1","444",32327,32327.0000011839,"fish","alb","ALB reference"
1996.83333333333,"catch","F2_R1","Fishery 2  / Region 1","445",9980,9979.99999971666,"fish","alb","ALB reference"
1997.08333333333,"catch","F2_R1","Fishery 2  / Region 1","446",3928,3928.00000015871,"fish","alb","ALB reference"
1997.33333333333,"catch","F2_R1","Fishery 2  / Region 1","447",19512,19511.9999995756,"fish","alb","ALB reference"
1997.58333333333,"catch","F2_R1","Fishery 2  / Region 1","448",33078,33078.0000009446,"fish","alb","ALB reference"
1997.83333333333,"catch","F2_R1","Fishery 2  / Region 1","449",17039,17038.9999995555,"fish","alb","ALB reference"
1998.08333333333,"catch","F2_R1","Fishery 2  / Region 1","450",26650,26650.0000010343,"fish","alb","ALB reference"
1998.33333333333,"catch","F2_R1","Fishery 2  / Region 1","451",91070,91069.9999892691,"fish","alb","ALB reference"
1998.58333333333,"catch","F2_R1","Fishery 2  / Region 1","452",144335,144334.999974128,"fish","alb","ALB reference"
1998.83333333333,"catch","F2_R1","Fishery 2  / Region 1","453",20658,20657.9999994039,"fish","alb","ALB reference"
1999.08333333333,"catch","F2_R1","Fishery 2  / Region 1","454",2388,2388.00000009882,"fish","alb","ALB reference"
1999.33333333333,"catch","F2_R1","Fishery 2  / Region 1","455",6789,6788.99999986722,"fish","alb","ALB reference"
1999.58333333333,"catch","F2_R1","Fishery 2  / Region 1","456",6978,6978.00000026169,"fish","alb","ALB reference"
1999.83333333333,"catch","F2_R1","Fishery 2  / Region 1","457",5206,5205.99999986491,"fish","alb","ALB reference"
2000.08333333333,"catch","F2_R1","Fishery 2  / Region 1","458",14144,14144.0000005907,"fish","alb","ALB reference"
2000.33333333333,"catch","F2_R1","Fishery 2  / Region 1","459",27314,27313.9999994368,"fish","alb","ALB reference"
2000.58333333333,"catch","F2_R1","Fishery 2  / Region 1","460",16200,16200.0000006127,"fish","alb","ALB reference"
2000.83333333333,"catch","F2_R1","Fishery 2  / Region 1","461",6219,6218.99999983882,"fish","alb","ALB reference"
2001.08333333333,"catch","F2_R1","Fishery 2  / Region 1","462",15602,15602.0000005807,"fish","alb","ALB reference"
2001.33333333333,"catch","F2_R1","Fishery 2  / Region 1","463",73964,73963.9999911666,"fish","alb","ALB reference"
2001.58333333333,"catch","F2_R1","Fishery 2  / Region 1","464",61127,61126.9999826798,"fish","alb","ALB reference"
2001.83333333333,"catch","F2_R1","Fishery 2  / Region 1","465",10350,10349.9999995319,"fish","alb","ALB reference"
2002.08333333333,"catch","F2_R1","Fishery 2  / Region 1","466",11022,11022.0000003526,"fish","alb","ALB reference"
2002.33333333333,"catch","F2_R1","Fishery 2  / Region 1","467",90602,90601.9990869256,"fish","alb","ALB reference"
2002.58333333333,"catch","F2_R1","Fishery 2  / Region 1","468",115641,115640.999525736,"fish","alb","ALB reference"
2002.83333333333,"catch","F2_R1","Fishery 2  / Region 1","469",72516,72515.999992923,"fish","alb","ALB reference"
2003.08333333333,"catch","F2_R1","Fishery 2  / Region 1","470",72317,72316.9999996362,"fish","alb","ALB reference"
2003.33333333333,"catch","F2_R1","Fishery 2  / Region 1","471",79950,79949.9999527997,"fish","alb","ALB reference"
2003.58333333333,"catch","F2_R1","Fishery 2  / Region 1","472",27068,27067.9999749425,"fish","alb","ALB reference"
2003.83333333333,"catch","F2_R1","Fishery 2  / Region 1","473",17031,17030.9999989886,"fish","alb","ALB reference"
2004.08333333333,"catch","F2_R1","Fishery 2  / Region 1","474",8966,8966.00000034054,"fish","alb","ALB reference"
2004.33333333333,"catch","F2_R1","Fishery 2  / Region 1","475",47515,47514.9999464861,"fish","alb","ALB reference"
2004.58333333333,"catch","F2_R1","Fishery 2  / Region 1","476",125369,125368.999308521,"fish","alb","ALB reference"
2004.83333333333,"catch","F2_R1","Fishery 2  / Region 1","477",39921,39920.9999986823,"fish","alb","ALB reference"
2005.08333333333,"catch","F2_R1","Fishery 2  / Region 1","478",21390,21390.0000007742,"fish","alb","ALB reference"
2005.33333333333,"catch","F2_R1","Fishery 2  / Region 1","479",66676,66675.9998477864,"fish","alb","ALB reference"
2005.58333333333,"catch","F2_R1","Fishery 2  / Region 1","480",59725,59724.9997066258,"fish","alb","ALB reference"
2005.83333333333,"catch","F2_R1","Fishery 2  / Region 1","481",30239,30238.9999989377,"fish","alb","ALB reference"
2006.08333333333,"catch","F2_R1","Fishery 2  / Region 1","482",27690,27690.0000010506,"fish","alb","ALB reference"
2006.33333333333,"catch","F2_R1","Fishery 2  / Region 1","483",57343,57342.9999798819,"fish","alb","ALB reference"
2006.58333333333,"catch","F2_R1","Fishery 2  / Region 1","484",47434,47433.999968887,"fish","alb","ALB reference"
2006.83333333333,"catch","F2_R1","Fishery 2  / Region 1","485",17556,17555.9999992368,"fish","alb","ALB reference"
2007.08333333333,"catch","F2_R1","Fishery 2  / Region 1","486",13659,13659.0000005358,"fish","alb","ALB reference"
2007.33333333333,"catch","F2_R1","Fishery 2  / Region 1","487",30167,30166.9999987299,"fish","alb","ALB reference"
2007.58333333333,"catch","F2_R1","Fishery 2  / Region 1","488",82788,82787.9999576916,"fish","alb","ALB reference"
2007.83333333333,"catch","F2_R1","Fishery 2  / Region 1","489",30197,30196.9999991696,"fish","alb","ALB reference"
2008.08333333333,"catch","F2_R1","Fishery 2  / Region 1","490",6090,6090.00000024962,"fish","alb","ALB reference"
2008.33333333333,"catch","F2_R1","Fishery 2  / Region 1","491",12149,12148.9999994753,"fish","alb","ALB reference"
2008.58333333333,"catch","F2_R1","Fishery 2  / Region 1","492",32717,32716.9999990052,"fish","alb","ALB reference"
2008.83333333333,"catch","F2_R1","Fishery 2  / Region 1","493",13828,13827.9999996569,"fish","alb","ALB reference"
2009.08333333333,"catch","F2_R1","Fishery 2  / Region 1","494",3175,3175.00000012579,"fish","alb","ALB reference"
2009.33333333333,"catch","F2_R1","Fishery 2  / Region 1","495",18640,18639.9999690287,"fish","alb","ALB reference"
2009.58333333333,"catch","F2_R1","Fishery 2  / Region 1","496",59322,59321.9993694451,"fish","alb","ALB reference"
2009.83333333333,"catch","F2_R1","Fishery 2  / Region 1","497",24455,24454.9999974142,"fish","alb","ALB reference"
2010.08333333333,"catch","F2_R1","Fishery 2  / Region 1","498",3640,3639.99999995038,"fish","alb","ALB reference"
2010.33333333333,"catch","F2_R1","Fishery 2  / Region 1","499",79876,79875.9989539393,"fish","alb","ALB reference"
2010.58333333333,"catch","F2_R1","Fishery 2  / Region 1","500",88116,88115.9966976658,"fish","alb","ALB reference"
2010.83333333333,"catch","F2_R1","Fishery 2  / Region 1","501",24330,24329.9999716964,"fish","alb","ALB reference"
2011.08333333333,"catch","F2_R1","Fishery 2  / Region 1","502",16272,16272.000000591,"fish","alb","ALB reference"
2011.33333333333,"catch","F2_R1","Fishery 2  / Region 1","503",33498,33497.9999924986,"fish","alb","ALB reference"
2011.58333333333,"catch","F2_R1","Fishery 2  / Region 1","504",36084,36083.9999687777,"fish","alb","ALB reference"
2011.83333333333,"catch","F2_R1","Fishery 2  / Region 1","505",29474,29473.9999976405,"fish","alb","ALB reference"
2012.08333333333,"catch","F2_R1","Fishery 2  / Region 1","506",5708,5708.00000023014,"fish","alb","ALB reference"
2012.33333333333,"catch","F2_R1","Fishery 2  / Region 1","507",83287,83286.9998971413,"fish","alb","ALB reference"
2012.58333333333,"catch","F2_R1","Fishery 2  / Region 1","508",55318,55317.9998473868,"fish","alb","ALB reference"
2012.83333333333,"catch","F2_R1","Fishery 2  / Region 1","509",69871,69870.9999874732,"fish","alb","ALB reference"
2013.08333333333,"catch","F2_R1","Fishery 2  / Region 1","510",30435,30435.0000011174,"fish","alb","ALB reference"
2013.33333333333,"catch","F2_R1","Fishery 2  / Region 1","511",104868,104867.999688994,"fish","alb","ALB reference"
2013.58333333333,"catch","F2_R1","Fishery 2  / Region 1","512",55050,55049.9994999806,"fish","alb","ALB reference"
2013.83333333333,"catch","F2_R1","Fishery 2  / Region 1","513",11480,11479.9999971623,"fish","alb","ALB reference"
2014.08333333333,"catch","F2_R1","Fishery 2  / Region 1","514",6051,6051.00000023724,"fish","alb","ALB reference"
2014.33333333333,"catch","F2_R1","Fishery 2  / Region 1","515",54154,54153.9999227168,"fish","alb","ALB reference"
2014.58333333333,"catch","F2_R1","Fishery 2  / Region 1","516",59513,59512.9997097486,"fish","alb","ALB reference"
2014.83333333333,"catch","F2_R1","Fishery 2  / Region 1","517",9853,9852.99999969656,"fish","alb","ALB reference"
2015.08333333333,"catch","F2_R1","Fishery 2  / Region 1","518",32106,32106.0000013084,"fish","alb","ALB reference"
2015.33333333333,"catch","F2_R1","Fishery 2  / Region 1","519",149334,149333.999919034,"fish","alb","ALB reference"
2015.58333333333,"catch","F2_R1","Fishery 2  / Region 1","520",175010,175009.999599838,"fish","alb","ALB reference"
2015.83333333333,"catch","F2_R1","Fishery 2  / Region 1","521",39247,39246.9999986622,"fish","alb","ALB reference"
2016.08333333333,"catch","F2_R1","Fishery 2  / Region 1","522",45742,45742.0000018945,"fish","alb","ALB reference"
2016.33333333333,"catch","F2_R1","Fishery 2  / Region 1","523",229954,229953.999878899,"fish","alb","ALB reference"
2016.58333333333,"catch","F2_R1","Fishery 2  / Region 1","524",180791,180790.999163507,"fish","alb","ALB reference"
2016.83333333333,"catch","F2_R1","Fishery 2  / Region 1","525",33374,33373.9999989398,"fish","alb","ALB reference"
2017.08333333333,"catch","F2_R1","Fishery 2  / Region 1","526",20927,20927.0000008362,"fish","alb","ALB reference"
2017.33333333333,"catch","F2_R1","Fishery 2  / Region 1","527",61569,61568.999916347,"fish","alb","ALB reference"
2017.58333333333,"catch","F2_R1","Fishery 2  / Region 1","528",27084,27083.9999086403,"fish","alb","ALB reference"
2017.83333333333,"catch","F2_R1","Fishery 2  / Region 1","529",15515,15514.9999991004,"fish","alb","ALB reference"
2018.08333333333,"catch","F2_R1","Fishery 2  / Region 1","530",27651,27651.00000105,"fish","alb","ALB reference"
2018.33333333333,"catch","F2_R1","Fishery 2  / Region 1","531",66344,66343.9999569047,"fish","alb","ALB reference"
2018.58333333333,"catch","F2_R1","Fishery 2  / Region 1","532",117060,117059.999539639,"fish","alb","ALB reference"
2018.83333333333,"catch","F2_R1","Fishery 2  / Region 1","533",19557,19556.9999991794,"fish","alb","ALB reference"
2019.08333333333,"catch","F2_R1","Fishery 2  / Region 1","534",30262,30262.0000011585,"fish","alb","ALB reference"
2019.33333333333,"catch","F2_R1","Fishery 2  / Region 1","535",92522,92521.9998704153,"fish","alb","ALB reference"
2019.58333333333,"catch","F2_R1","Fishery 2  / Region 1","536",275620,275619.997291131,"fish","alb","ALB reference"
2019.83333333333,"catch","F2_R1","Fishery 2  / Region 1","537",30809,30808.999997756,"fish","alb","ALB reference"
2020.08333333333,"catch","F2_R1","Fishery 2  / Region 1","538",27381,27381.0000010295,"fish","alb","ALB reference"
2020.33333333333,"catch","F2_R1","Fishery 2  / Region 1","539",120066,120065.999585917,"fish","alb","ALB reference"
2020.58333333333,"catch","F2_R1","Fishery 2  / Region 1","540",90962,90961.9992363804,"fish","alb","ALB reference"
2020.83333333333,"catch","F2_R1","Fishery 2  / Region 1","541",24568,24567.9999979082,"fish","alb","ALB reference"
2021.08333333333,"catch","F2_R1","Fishery 2  / Region 1","542",29914,29914.0000008734,"fish","alb","ALB reference"
2021.33333333333,"catch","F2_R1","Fishery 2  / Region 1","543",72556,72555.9998664843,"fish","alb","ALB reference"
2021.58333333333,"catch","F2_R1","Fishery 2  / Region 1","544",56234,56233.9999404635,"fish","alb","ALB reference"
2021.83333333333,"catch","F2_R1","Fishery 2  / Region 1","545",6710,6709.99999974843,"fish","alb","ALB reference"
2022.08333333333,"catch","F2_R1","Fishery 2  / Region 1","546",41470,41470.0000012773,"fish","alb","ALB reference"
2022.33333333333,"catch","F2_R1","Fishery 2  / Region 1","547",234634,234633.998957531,"fish","alb","ALB reference"
2022.58333333333,"catch","F2_R1","Fishery 2  / Region 1","548",192671,192670.995340039,"fish","alb","ALB reference"
1954.08333333333,"catch","F3_R1","Fishery 3  / Region 1","549",95543,95542.9999989404,"fish","alb","ALB reference"
1954.33333333333,"catch","F3_R1","Fishery 3  / Region 1","550",107022,107021.999998823,"fish","alb","ALB reference"
1954.58333333333,"catch","F3_R1","Fishery 3  / Region 1","551",225533,225533.000010233,"fish","alb","ALB reference"
1954.83333333333,"catch","F3_R1","Fishery 3  / Region 1","552",102859,102858.999998317,"fish","alb","ALB reference"
1955.08333333333,"catch","F3_R1","Fishery 3  / Region 1","553",46789,46788.9999991834,"fish","alb","ALB reference"
1955.33333333333,"catch","F3_R1","Fishery 3  / Region 1","554",21586,21585.9999996341,"fish","alb","ALB reference"
1955.58333333333,"catch","F3_R1","Fishery 3  / Region 1","555",110748,110748.000005015,"fish","alb","ALB reference"
1955.83333333333,"catch","F3_R1","Fishery 3  / Region 1","556",69695,69694.9999988369,"fish","alb","ALB reference"
1956.08333333333,"catch","F3_R1","Fishery 3  / Region 1","557",17160,17159.9999996979,"fish","alb","ALB reference"
1956.33333333333,"catch","F3_R1","Fishery 3  / Region 1","558",31433,31432.9999994667,"fish","alb","ALB reference"
1956.58333333333,"catch","F3_R1","Fishery 3  / Region 1","559",34517,34517.0000015612,"fish","alb","ALB reference"
1956.83333333333,"catch","F3_R1","Fishery 3  / Region 1","560",29916,29915.9999995117,"fish","alb","ALB reference"
1957.08333333333,"catch","F3_R1","Fishery 3  / Region 1","561",9055,9054.99999984438,"fish","alb","ALB reference"
1957.33333333333,"catch","F3_R1","Fishery 3  / Region 1","562",6060,6059.99999989802,"fish","alb","ALB reference"
1957.58333333333,"catch","F3_R1","Fishery 3  / Region 1","563",54645,54645.0000024646,"fish","alb","ALB reference"
1957.83333333333,"catch","F3_R1","Fishery 3  / Region 1","564",47540,47539.9999992228,"fish","alb","ALB reference"
1958.08333333333,"catch","F3_R1","Fishery 3  / Region 1","565",4857,4856.99999991548,"fish","alb","ALB reference"
1958.33333333333,"catch","F3_R1","Fishery 3  / Region 1","566",398,397.999999993394,"fish","alb","ALB reference"
1958.58333333333,"catch","F3_R1","Fishery 3  / Region 1","567",136051,136051.000006178,"fish","alb","ALB reference"
1958.83333333333,"catch","F3_R1","Fishery 3  / Region 1","568",165988,165987.999997492,"fish","alb","ALB reference"
1959.08333333333,"catch","F3_R1","Fishery 3  / Region 1","569",8260,8259.99999986059,"fish","alb","ALB reference"
1959.33333333333,"catch","F3_R1","Fishery 3  / Region 1","570",15946,15945.999999737,"fish","alb","ALB reference"
1959.58333333333,"catch","F3_R1","Fishery 3  / Region 1","571",158408,158408.000007185,"fish","alb","ALB reference"
1959.83333333333,"catch","F3_R1","Fishery 3  / Region 1","572",69930,69929.9999988932,"fish","alb","ALB reference"
1960.08333333333,"catch","F3_R1","Fishery 3  / Region 1","573",5029,5028.99999991443,"fish","alb","ALB reference"
1960.33333333333,"catch","F3_R1","Fishery 3  / Region 1","574",34698,34697.9999994432,"fish","alb","ALB reference"
1960.58333333333,"catch","F3_R1","Fishery 3  / Region 1","575",105450,105450.000004767,"fish","alb","ALB reference"
1960.83333333333,"catch","F3_R1","Fishery 3  / Region 1","576",118216,118215.999998145,"fish","alb","ALB reference"
1961.08333333333,"catch","F3_R1","Fishery 3  / Region 1","577",21226,21225.9999996385,"fish","alb","ALB reference"
1961.33333333333,"catch","F3_R1","Fishery 3  / Region 1","578",62578,62577.9999989695,"fish","alb","ALB reference"
1961.58333333333,"catch","F3_R1","Fishery 3  / Region 1","579",214594,214594.000009468,"fish","alb","ALB reference"
1961.83333333333,"catch","F3_R1","Fishery 3  / Region 1","580",176597,176596.999997281,"fish","alb","ALB reference"
1962.08333333333,"catch","F3_R1","Fishery 3  / Region 1","581",112746,112745.999998072,"fish","alb","ALB reference"
1962.33333333333,"catch","F3_R1","Fishery 3  / Region 1","582",110137,110136.999998228,"fish","alb","ALB reference"
1962.58333333333,"catch","F3_R1","Fishery 3  / Region 1","583",178793,178793.00000784,"fish","alb","ALB reference"
1962.83333333333,"catch","F3_R1","Fishery 3  / Region 1","584",21585,21584.9999996569,"fish","alb","ALB reference"
1963.08333333333,"catch","F3_R1","Fishery 3  / Region 1","585",7830,7829.99999986329,"fish","alb","ALB reference"
1963.33333333333,"catch","F3_R1","Fishery 3  / Region 1","586",13834,13833.9999997745,"fish","alb","ALB reference"
1963.58333333333,"catch","F3_R1","Fishery 3  / Region 1","587",35402,35402.0000014652,"fish","alb","ALB reference"
1963.83333333333,"catch","F3_R1","Fishery 3  / Region 1","588",125237,125236.999997971,"fish","alb","ALB reference"
1964.08333333333,"catch","F3_R1","Fishery 3  / Region 1","589",45287,45286.9999991546,"fish","alb","ALB reference"
1964.33333333333,"catch","F3_R1","Fishery 3  / Region 1","590",31750,31749.999999427,"fish","alb","ALB reference"
1964.58333333333,"catch","F3_R1","Fishery 3  / Region 1","591",32568,32568.0000012864,"fish","alb","ALB reference"
1964.83333333333,"catch","F3_R1","Fishery 3  / Region 1","592",41833,41832.9999992693,"fish","alb","ALB reference"
1965.08333333333,"catch","F3_R1","Fishery 3  / Region 1","593",13103,13102.9999997585,"fish","alb","ALB reference"
1965.33333333333,"catch","F3_R1","Fishery 3  / Region 1","594",9399,9398.99999983754,"fish","alb","ALB reference"
1965.58333333333,"catch","F3_R1","Fishery 3  / Region 1","595",67198,67198.0000028642,"fish","alb","ALB reference"
1965.83333333333,"catch","F3_R1","Fishery 3  / Region 1","596",43702,43701.9999993092,"fish","alb","ALB reference"
1966.08333333333,"catch","F3_R1","Fishery 3  / Region 1","597",43484,43483.9999992571,"fish","alb","ALB reference"
1966.33333333333,"catch","F3_R1","Fishery 3  / Region 1","598",85164,85163.9999986716,"fish","alb","ALB reference"
1966.58333333333,"catch","F3_R1","Fishery 3  / Region 1","599",115457,115457.000005107,"fish","alb","ALB reference"
1966.83333333333,"catch","F3_R1","Fishery 3  / Region 1","600",90795,90794.9999986402,"fish","alb","ALB reference"
1967.08333333333,"catch","F3_R1","Fishery 3  / Region 1","601",25909,25908.9999995518,"fish","alb","ALB reference"
1967.33333333333,"catch","F3_R1","Fishery 3  / Region 1","602",31194,31193.9999995444,"fish","alb","ALB reference"
1967.58333333333,"catch","F3_R1","Fishery 3  / Region 1","603",121094,121094.000005459,"fish","alb","ALB reference"
1967.83333333333,"catch","F3_R1","Fishery 3  / Region 1","604",80854,80853.9999987773,"fish","alb","ALB reference"
1968.08333333333,"catch","F3_R1","Fishery 3  / Region 1","605",40831,40830.9999993001,"fish","alb","ALB reference"
1968.33333333333,"catch","F3_R1","Fishery 3  / Region 1","606",54148,54147.9999991647,"fish","alb","ALB reference"
1968.58333333333,"catch","F3_R1","Fishery 3  / Region 1","607",100683,100683.000004219,"fish","alb","ALB reference"
1968.83333333333,"catch","F3_R1","Fishery 3  / Region 1","608",35807,35806.9999994122,"fish","alb","ALB reference"
1969.08333333333,"catch","F3_R1","Fishery 3  / Region 1","609",91296,91295.9999983498,"fish","alb","ALB reference"
1969.33333333333,"catch","F3_R1","Fishery 3  / Region 1","610",54893,54892.9999990277,"fish","alb","ALB reference"
1969.58333333333,"catch","F3_R1","Fishery 3  / Region 1","611",28277,28277.000001068,"fish","alb","ALB reference"
1969.83333333333,"catch","F3_R1","Fishery 3  / Region 1","612",13424,13423.9999997695,"fish","alb","ALB reference"
1970.08333333333,"catch","F3_R1","Fishery 3  / Region 1","613",14054,14053.9999997394,"fish","alb","ALB reference"
1970.33333333333,"catch","F3_R1","Fishery 3  / Region 1","614",63407,63406.9999989051,"fish","alb","ALB reference"
1970.58333333333,"catch","F3_R1","Fishery 3  / Region 1","615",121947,121947.000004853,"fish","alb","ALB reference"
1970.83333333333,"catch","F3_R1","Fishery 3  / Region 1","616",178299,178298.999997239,"fish","alb","ALB reference"
1971.08333333333,"catch","F3_R1","Fishery 3  / Region 1","617",65024,65023.9999987706,"fish","alb","ALB reference"
1971.33333333333,"catch","F3_R1","Fishery 3  / Region 1","618",85725,85724.9999984468,"fish","alb","ALB reference"
1971.58333333333,"catch","F3_R1","Fishery 3  / Region 1","619",81681,81681.000003138,"fish","alb","ALB reference"
1971.83333333333,"catch","F3_R1","Fishery 3  / Region 1","620",80817,80816.9999985593,"fish","alb","ALB reference"
1972.08333333333,"catch","F3_R1","Fishery 3  / Region 1","621",54610,54609.9999989289,"fish","alb","ALB reference"
1972.33333333333,"catch","F3_R1","Fishery 3  / Region 1","622",39643,39642.9999992639,"fish","alb","ALB reference"
1972.58333333333,"catch","F3_R1","Fishery 3  / Region 1","623",131749,131749.000005066,"fish","alb","ALB reference"
1972.83333333333,"catch","F3_R1","Fishery 3  / Region 1","624",85930,85929.9999985224,"fish","alb","ALB reference"
1973.08333333333,"catch","F3_R1","Fishery 3  / Region 1","625",92863,92862.9999981802,"fish","alb","ALB reference"
1973.33333333333,"catch","F3_R1","Fishery 3  / Region 1","626",115629,115628.999997526,"fish","alb","ALB reference"
1973.58333333333,"catch","F3_R1","Fishery 3  / Region 1","627",127385,127385.000004315,"fish","alb","ALB reference"
1973.83333333333,"catch","F3_R1","Fishery 3  / Region 1","628",128117,128116.999997496,"fish","alb","ALB reference"
1974.08333333333,"catch","F3_R1","Fishery 3  / Region 1","629",133620,133619.999997228,"fish","alb","ALB reference"
1974.33333333333,"catch","F3_R1","Fishery 3  / Region 1","630",21241,21240.9999995865,"fish","alb","ALB reference"
1974.58333333333,"catch","F3_R1","Fishery 3  / Region 1","631",46014,46014.0000015576,"fish","alb","ALB reference"
1974.83333333333,"catch","F3_R1","Fishery 3  / Region 1","632",93396,93395.9999981196,"fish","alb","ALB reference"
1975.08333333333,"catch","F3_R1","Fishery 3  / Region 1","633",26771,26770.9999993608,"fish","alb","ALB reference"
1975.33333333333,"catch","F3_R1","Fishery 3  / Region 1","634",7765,7764.99999984393,"fish","alb","ALB reference"
1975.58333333333,"catch","F3_R1","Fishery 3  / Region 1","635",58165,58165.0000021244,"fish","alb","ALB reference"
1975.83333333333,"catch","F3_R1","Fishery 3  / Region 1","636",39764,39763.9999991376,"fish","alb","ALB reference"
1976.08333333333,"catch","F3_R1","Fishery 3  / Region 1","637",40335,40334.9999989826,"fish","alb","ALB reference"
1976.33333333333,"catch","F3_R1","Fishery 3  / Region 1","638",12544,12543.9999997411,"fish","alb","ALB reference"
1976.58333333333,"catch","F3_R1","Fishery 3  / Region 1","639",46993,46993.0000011213,"fish","alb","ALB reference"
1976.83333333333,"catch","F3_R1","Fishery 3  / Region 1","640",103173,103172.999997759,"fish","alb","ALB reference"
1977.08333333333,"catch","F3_R1","Fishery 3  / Region 1","641",74545,74544.9999984032,"fish","alb","ALB reference"
1977.33333333333,"catch","F3_R1","Fishery 3  / Region 1","642",15885,15884.9999996805,"fish","alb","ALB reference"
1977.58333333333,"catch","F3_R1","Fishery 3  / Region 1","643",45293,45293.000001571,"fish","alb","ALB reference"
1977.83333333333,"catch","F3_R1","Fishery 3  / Region 1","644",176861,176860.999997011,"fish","alb","ALB reference"
1978.08333333333,"catch","F3_R1","Fishery 3  / Region 1","645",140378,140377.999997293,"fish","alb","ALB reference"
1978.33333333333,"catch","F3_R1","Fishery 3  / Region 1","646",31665,31664.9999995437,"fish","alb","ALB reference"
1978.58333333333,"catch","F3_R1","Fishery 3  / Region 1","647",101091,101091.000004396,"fish","alb","ALB reference"
1978.83333333333,"catch","F3_R1","Fishery 3  / Region 1","648",141000,140999.999997673,"fish","alb","ALB reference"
1979.08333333333,"catch","F3_R1","Fishery 3  / Region 1","649",64172,64171.9999986969,"fish","alb","ALB reference"
1979.33333333333,"catch","F3_R1","Fishery 3  / Region 1","650",32482,32481.9999994855,"fish","alb","ALB reference"
1979.58333333333,"catch","F3_R1","Fishery 3  / Region 1","651",111205,111205.000004578,"fish","alb","ALB reference"
1979.83333333333,"catch","F3_R1","Fishery 3  / Region 1","652",132591,132590.999997642,"fish","alb","ALB reference"
1980.08333333333,"catch","F3_R1","Fishery 3  / Region 1","653",35891,35890.9999992216,"fish","alb","ALB reference"
1980.33333333333,"catch","F3_R1","Fishery 3  / Region 1","654",14129,14128.9999997442,"fish","alb","ALB reference"
1980.58333333333,"catch","F3_R1","Fishery 3  / Region 1","655",129911,129911.000004187,"fish","alb","ALB reference"
1980.83333333333,"catch","F3_R1","Fishery 3  / Region 1","656",113100,113099.999997821,"fish","alb","ALB reference"
1981.08333333333,"catch","F3_R1","Fishery 3  / Region 1","657",74092,74091.9999984249,"fish","alb","ALB reference"
1981.33333333333,"catch","F3_R1","Fishery 3  / Region 1","658",23625,23624.9999995501,"fish","alb","ALB reference"
1981.58333333333,"catch","F3_R1","Fishery 3  / Region 1","659",113342,113342.000003717,"fish","alb","ALB reference"
1981.83333333333,"catch","F3_R1","Fishery 3  / Region 1","660",94627,94626.9999980101,"fish","alb","ALB reference"
1982.08333333333,"catch","F3_R1","Fishery 3  / Region 1","661",84428,84427.9999979752,"fish","alb","ALB reference"
1982.33333333333,"catch","F3_R1","Fishery 3  / Region 1","662",62681,62680.9999977207,"fish","alb","ALB reference"
1982.58333333333,"catch","F3_R1","Fishery 3  / Region 1","663",54075,54075.0000017992,"fish","alb","ALB reference"
1982.83333333333,"catch","F3_R1","Fishery 3  / Region 1","664",81905,81904.999997841,"fish","alb","ALB reference"
1983.08333333333,"catch","F3_R1","Fishery 3  / Region 1","665",69890,69889.9999979332,"fish","alb","ALB reference"
1983.33333333333,"catch","F3_R1","Fishery 3  / Region 1","666",46032,46031.9999989837,"fish","alb","ALB reference"
1983.58333333333,"catch","F3_R1","Fishery 3  / Region 1","667",38736,38736.0000013076,"fish","alb","ALB reference"
1983.83333333333,"catch","F3_R1","Fishery 3  / Region 1","668",89873,89872.9999977587,"fish","alb","ALB reference"
1984.08333333333,"catch","F3_R1","Fishery 3  / Region 1","669",52203,52202.9999983942,"fish","alb","ALB reference"
1984.33333333333,"catch","F3_R1","Fishery 3  / Region 1","670",33817,33816.9999992546,"fish","alb","ALB reference"
1984.58333333333,"catch","F3_R1","Fishery 3  / Region 1","671",61264,61264.0000024555,"fish","alb","ALB reference"
1984.83333333333,"catch","F3_R1","Fishery 3  / Region 1","672",70978,70977.9999980057,"fish","alb","ALB reference"
1985.08333333333,"catch","F3_R1","Fishery 3  / Region 1","673",32616,32615.9999989526,"fish","alb","ALB reference"
1985.33333333333,"catch","F3_R1","Fishery 3  / Region 1","674",23697,23696.9999995136,"fish","alb","ALB reference"
1985.58333333333,"catch","F3_R1","Fishery 3  / Region 1","675",45603,45603.0000018087,"fish","alb","ALB reference"
1985.83333333333,"catch","F3_R1","Fishery 3  / Region 1","676",51179,51178.9999986769,"fish","alb","ALB reference"
1986.08333333333,"catch","F3_R1","Fishery 3  / Region 1","677",53476,53475.9999984519,"fish","alb","ALB reference"
1986.33333333333,"catch","F3_R1","Fishery 3  / Region 1","678",29062,29061.9999994415,"fish","alb","ALB reference"
1986.58333333333,"catch","F3_R1","Fishery 3  / Region 1","679",77855,77855.000002909,"fish","alb","ALB reference"
1986.83333333333,"catch","F3_R1","Fishery 3  / Region 1","680",17876,17875.9999994302,"fish","alb","ALB reference"
1987.08333333333,"catch","F3_R1","Fishery 3  / Region 1","681",25242,25241.999999174,"fish","alb","ALB reference"
1987.33333333333,"catch","F3_R1","Fishery 3  / Region 1","682",445,444.999999988921,"fish","alb","ALB reference"
1987.58333333333,"catch","F3_R1","Fishery 3  / Region 1","683",48285,48285.0000018899,"fish","alb","ALB reference"
1987.83333333333,"catch","F3_R1","Fishery 3  / Region 1","684",138609,138608.999996793,"fish","alb","ALB reference"
1988.08333333333,"catch","F3_R1","Fishery 3  / Region 1","685",125518,125517.999996741,"fish","alb","ALB reference"
1988.33333333333,"catch","F3_R1","Fishery 3  / Region 1","686",20794,20793.9999995474,"fish","alb","ALB reference"
1988.58333333333,"catch","F3_R1","Fishery 3  / Region 1","687",64599,64599.00000253,"fish","alb","ALB reference"
1988.83333333333,"catch","F3_R1","Fishery 3  / Region 1","688",168897,168896.99999563,"fish","alb","ALB reference"
1989.08333333333,"catch","F3_R1","Fishery 3  / Region 1","689",39605,39604.9999944526,"fish","alb","ALB reference"
1989.33333333333,"catch","F3_R1","Fishery 3  / Region 1","690",55383,55382.9999985827,"fish","alb","ALB reference"
1989.58333333333,"catch","F3_R1","Fishery 3  / Region 1","691",128172,128172.000004401,"fish","alb","ALB reference"
1989.83333333333,"catch","F3_R1","Fishery 3  / Region 1","692",33197,33196.9999989937,"fish","alb","ALB reference"
1990.08333333333,"catch","F3_R1","Fishery 3  / Region 1","693",38245,38244.9999988105,"fish","alb","ALB reference"
1990.33333333333,"catch","F3_R1","Fishery 3  / Region 1","694",26397,26396.9999993201,"fish","alb","ALB reference"
1990.58333333333,"catch","F3_R1","Fishery 3  / Region 1","695",95999,95999.0000035649,"fish","alb","ALB reference"
1990.83333333333,"catch","F3_R1","Fishery 3  / Region 1","696",188769,188768.999995557,"fish","alb","ALB reference"
1991.08333333333,"catch","F3_R1","Fishery 3  / Region 1","697",70289,70288.9999978005,"fish","alb","ALB reference"
1991.33333333333,"catch","F3_R1","Fishery 3  / Region 1","698",9038,9037.99999977898,"fish","alb","ALB reference"
1991.58333333333,"catch","F3_R1","Fishery 3  / Region 1","699",23499,23499.0000007566,"fish","alb","ALB reference"
1991.83333333333,"catch","F3_R1","Fishery 3  / Region 1","700",16209,16208.9999995386,"fish","alb","ALB reference"
1992.08333333333,"catch","F3_R1","Fishery 3  / Region 1","701",5635,5635.00000024016,"fish","alb","ALB reference"
1992.33333333333,"catch","F3_R1","Fishery 3  / Region 1","702",4235,4234.9999999045,"fish","alb","ALB reference"
1992.58333333333,"catch","F3_R1","Fishery 3  / Region 1","703",21188,21188.0000007193,"fish","alb","ALB reference"
1992.83333333333,"catch","F3_R1","Fishery 3  / Region 1","704",15928,15927.999999522,"fish","alb","ALB reference"
1993.08333333333,"catch","F3_R1","Fishery 3  / Region 1","705",45790,45790.0000019637,"fish","alb","ALB reference"
1993.33333333333,"catch","F3_R1","Fishery 3  / Region 1","706",16591,16590.9999996396,"fish","alb","ALB reference"
1993.58333333333,"catch","F3_R1","Fishery 3  / Region 1","707",159875,159875.000006485,"fish","alb","ALB reference"
1993.83333333333,"catch","F3_R1","Fishery 3  / Region 1","708",109321,109320.99999703,"fish","alb","ALB reference"
1994.08333333333,"catch","F3_R1","Fishery 3  / Region 1","709",67170,67170.0000027285,"fish","alb","ALB reference"
1994.33333333333,"catch","F3_R1","Fishery 3  / Region 1","710",92682,92681.9999978996,"fish","alb","ALB reference"
1994.58333333333,"catch","F3_R1","Fishery 3  / Region 1","711",176608,176608.000006338,"fish","alb","ALB reference"
1994.83333333333,"catch","F3_R1","Fishery 3  / Region 1","712",130929,130928.999996831,"fish","alb","ALB reference"
1995.08333333333,"catch","F3_R1","Fishery 3  / Region 1","713",64616,64616.0000026942,"fish","alb","ALB reference"
1995.33333333333,"catch","F3_R1","Fishery 3  / Region 1","714",84741,84740.9999978404,"fish","alb","ALB reference"
1995.58333333333,"catch","F3_R1","Fishery 3  / Region 1","715",113185,113185.000004689,"fish","alb","ALB reference"
1995.83333333333,"catch","F3_R1","Fishery 3  / Region 1","716",390572,390571.99999261,"fish","alb","ALB reference"
1996.08333333333,"catch","F3_R1","Fishery 3  / Region 1","717",113107,113107.000004749,"fish","alb","ALB reference"
1996.33333333333,"catch","F3_R1","Fishery 3  / Region 1","718",71104,71103.9999984678,"fish","alb","ALB reference"
1996.58333333333,"catch","F3_R1","Fishery 3  / Region 1","719",116529,116529.000004665,"fish","alb","ALB reference"
1996.83333333333,"catch","F3_R1","Fishery 3  / Region 1","720",107538,107537.999997554,"fish","alb","ALB reference"
1997.08333333333,"catch","F3_R1","Fishery 3  / Region 1","721",60248,60248.000002505,"fish","alb","ALB reference"
1997.33333333333,"catch","F3_R1","Fishery 3  / Region 1","722",13674,13673.9999996974,"fish","alb","ALB reference"
1997.58333333333,"catch","F3_R1","Fishery 3  / Region 1","723",99341,99341.0000039353,"fish","alb","ALB reference"
1997.83333333333,"catch","F3_R1","Fishery 3  / Region 1","724",120764,120763.999997515,"fish","alb","ALB reference"
1998.08333333333,"catch","F3_R1","Fishery 3  / Region 1","725",134138,134138.000005524,"fish","alb","ALB reference"
1998.33333333333,"catch","F3_R1","Fishery 3  / Region 1","726",51177,51176.9999966252,"fish","alb","ALB reference"
1998.58333333333,"catch","F3_R1","Fishery 3  / Region 1","727",112298,112298.000002517,"fish","alb","ALB reference"
1998.83333333333,"catch","F3_R1","Fishery 3  / Region 1","728",3776,3775.99999991228,"fish","alb","ALB reference"
1999.08333333333,"catch","F3_R1","Fishery 3  / Region 1","729",27992,27992.0000011974,"fish","alb","ALB reference"
1999.33333333333,"catch","F3_R1","Fishery 3  / Region 1","730",35425,35424.9999992848,"fish","alb","ALB reference"
1999.58333333333,"catch","F3_R1","Fishery 3  / Region 1","731",61457,61457.0000025793,"fish","alb","ALB reference"
1999.83333333333,"catch","F3_R1","Fishery 3  / Region 1","732",148203,148202.999996961,"fish","alb","ALB reference"
2000.08333333333,"catch","F3_R1","Fishery 3  / Region 1","733",80297,80297.000003402,"fish","alb","ALB reference"
2000.33333333333,"catch","F3_R1","Fishery 3  / Region 1","734",101519,101518.999997811,"fish","alb","ALB reference"
2000.58333333333,"catch","F3_R1","Fishery 3  / Region 1","735",119217,119217.00000475,"fish","alb","ALB reference"
2000.83333333333,"catch","F3_R1","Fishery 3  / Region 1","736",171506,171505.999996328,"fish","alb","ALB reference"
2001.08333333333,"catch","F3_R1","Fishery 3  / Region 1","737",237845,237845.000009229,"fish","alb","ALB reference"
2001.33333333333,"catch","F3_R1","Fishery 3  / Region 1","738",91267,91266.9999927196,"fish","alb","ALB reference"
2001.58333333333,"catch","F3_R1","Fishery 3  / Region 1","739",66708,66707.9999962974,"fish","alb","ALB reference"
2001.83333333333,"catch","F3_R1","Fishery 3  / Region 1","740",24331,24330.9999992675,"fish","alb","ALB reference"
2002.08333333333,"catch","F3_R1","Fishery 3  / Region 1","741",104593,104593.000003636,"fish","alb","ALB reference"
2002.33333333333,"catch","F3_R1","Fishery 3  / Region 1","742",103548,103547.999399071,"fish","alb","ALB reference"
2002.58333333333,"catch","F3_R1","Fishery 3  / Region 1","743",121300,121299.999876286,"fish","alb","ALB reference"
2002.83333333333,"catch","F3_R1","Fishery 3  / Region 1","744",118415,118414.999995479,"fish","alb","ALB reference"
2003.08333333333,"catch","F3_R1","Fishery 3  / Region 1","745",75098,75098.0000015278,"fish","alb","ALB reference"
2003.33333333333,"catch","F3_R1","Fishery 3  / Region 1","746",77909,77908.9999824,"fish","alb","ALB reference"
2003.58333333333,"catch","F3_R1","Fishery 3  / Region 1","747",135112,135111.999988585,"fish","alb","ALB reference"
2003.83333333333,"catch","F3_R1","Fishery 3  / Region 1","748",154848,154847.999996414,"fish","alb","ALB reference"
2004.08333333333,"catch","F3_R1","Fishery 3  / Region 1","749",61035,61035.0000023972,"fish","alb","ALB reference"
2004.33333333333,"catch","F3_R1","Fishery 3  / Region 1","750",77038,77037.9999391181,"fish","alb","ALB reference"
2004.58333333333,"catch","F3_R1","Fishery 3  / Region 1","751",155147,155146.999568657,"fish","alb","ALB reference"
2004.83333333333,"catch","F3_R1","Fishery 3  / Region 1","752",120156,120155.999997418,"fish","alb","ALB reference"
2005.08333333333,"catch","F3_R1","Fishery 3  / Region 1","753",95659,95659.0000038261,"fish","alb","ALB reference"
2005.33333333333,"catch","F3_R1","Fishery 3  / Region 1","754",201120,201119.999811397,"fish","alb","ALB reference"
2005.58333333333,"catch","F3_R1","Fishery 3  / Region 1","755",150430,150429.999883186,"fish","alb","ALB reference"
2005.83333333333,"catch","F3_R1","Fishery 3  / Region 1","756",140983,140982.999997237,"fish","alb","ALB reference"
2006.08333333333,"catch","F3_R1","Fishery 3  / Region 1","757",137194,137194.000005708,"fish","alb","ALB reference"
2006.33333333333,"catch","F3_R1","Fishery 3  / Region 1","758",257642,257641.999962353,"fish","alb","ALB reference"
2006.58333333333,"catch","F3_R1","Fishery 3  / Region 1","759",248016,248015.999986716,"fish","alb","ALB reference"
2006.83333333333,"catch","F3_R1","Fishery 3  / Region 1","760",255745,255744.999995515,"fish","alb","ALB reference"
2007.08333333333,"catch","F3_R1","Fishery 3  / Region 1","761",139296,139296.000005898,"fish","alb","ALB reference"
2007.33333333333,"catch","F3_R1","Fishery 3  / Region 1","762",171115,171114.999995157,"fish","alb","ALB reference"
2007.58333333333,"catch","F3_R1","Fishery 3  / Region 1","763",157816,157815.999991917,"fish","alb","ALB reference"
2007.83333333333,"catch","F3_R1","Fishery 3  / Region 1","764",195731,195730.999996573,"fish","alb","ALB reference"
2008.08333333333,"catch","F3_R1","Fishery 3  / Region 1","765",216674,216674.000009065,"fish","alb","ALB reference"
2008.33333333333,"catch","F3_R1","Fishery 3  / Region 1","766",382597,382596.999986728,"fish","alb","ALB reference"
2008.58333333333,"catch","F3_R1","Fishery 3  / Region 1","767",338257,338257.00000791,"fish","alb","ALB reference"
2008.83333333333,"catch","F3_R1","Fishery 3  / Region 1","768",280786,280785.999994936,"fish","alb","ALB reference"
2009.08333333333,"catch","F3_R1","Fishery 3  / Region 1","769",234729,234729.000009622,"fish","alb","ALB reference"
2009.33333333333,"catch","F3_R1","Fishery 3  / Region 1","770",445550,445549.999618417,"fish","alb","ALB reference"
2009.58333333333,"catch","F3_R1","Fishery 3  / Region 1","771",622170,622169.999560828,"fish","alb","ALB reference"
2009.83333333333,"catch","F3_R1","Fishery 3  / Region 1","772",478096,478095.999988864,"fish","alb","ALB reference"
2010.08333333333,"catch","F3_R1","Fishery 3  / Region 1","773",346915,346915.000004375,"fish","alb","ALB reference"
2010.33333333333,"catch","F3_R1","Fishery 3  / Region 1","774",372794,372793.998055836,"fish","alb","ALB reference"
2010.58333333333,"catch","F3_R1","Fishery 3  / Region 1","775",367695,367694.997874326,"fish","alb","ALB reference"
2010.83333333333,"catch","F3_R1","Fishery 3  / Region 1","776",350645,350644.999928868,"fish","alb","ALB reference"
2011.08333333333,"catch","F3_R1","Fishery 3  / Region 1","777",144002,144002.000005923,"fish","alb","ALB reference"
2011.33333333333,"catch","F3_R1","Fishery 3  / Region 1","778",186313,186312.999983158,"fish","alb","ALB reference"
2011.58333333333,"catch","F3_R1","Fishery 3  / Region 1","779",167518,167517.999987383,"fish","alb","ALB reference"
2011.83333333333,"catch","F3_R1","Fishery 3  / Region 1","780",180559,180558.999995736,"fish","alb","ALB reference"
2012.08333333333,"catch","F3_R1","Fishery 3  / Region 1","781",190728,190728.000008021,"fish","alb","ALB reference"
2012.33333333333,"catch","F3_R1","Fishery 3  / Region 1","782",328682,328681.999781996,"fish","alb","ALB reference"
2012.58333333333,"catch","F3_R1","Fishery 3  / Region 1","783",233615,233614.999848464,"fish","alb","ALB reference"
2012.83333333333,"catch","F3_R1","Fishery 3  / Region 1","784",324191,324190.999982141,"fish","alb","ALB reference"
2013.08333333333,"catch","F3_R1","Fishery 3  / Region 1","785",161178,161178.000006511,"fish","alb","ALB reference"
2013.33333333333,"catch","F3_R1","Fishery 3  / Region 1","786",233890,233889.999714268,"fish","alb","ALB reference"
2013.58333333333,"catch","F3_R1","Fishery 3  / Region 1","787",259439,259438.999673413,"fish","alb","ALB reference"
2013.83333333333,"catch","F3_R1","Fishery 3  / Region 1","788",299698,299697.999983232,"fish","alb","ALB reference"
2014.08333333333,"catch","F3_R1","Fishery 3  / Region 1","789",63772,63772.0000027015,"fish","alb","ALB reference"
2014.33333333333,"catch","F3_R1","Fishery 3  / Region 1","790",64838,64837.9999605745,"fish","alb","ALB reference"
2014.58333333333,"catch","F3_R1","Fishery 3  / Region 1","791",78157,78156.9999206146,"fish","alb","ALB reference"
2014.83333333333,"catch","F3_R1","Fishery 3  / Region 1","792",76720,76719.9999985731,"fish","alb","ALB reference"
2015.08333333333,"catch","F3_R1","Fishery 3  / Region 1","793",35251,35251.0000015197,"fish","alb","ALB reference"
2015.33333333333,"catch","F3_R1","Fishery 3  / Region 1","794",30490,30489.999992428,"fish","alb","ALB reference"
2015.58333333333,"catch","F3_R1","Fishery 3  / Region 1","795",25462,25461.9999871649,"fish","alb","ALB reference"
2015.83333333333,"catch","F3_R1","Fishery 3  / Region 1","796",36209,36208.9999992518,"fish","alb","ALB reference"
2016.08333333333,"catch","F3_R1","Fishery 3  / Region 1","797",57710,57710.000002465,"fish","alb","ALB reference"
2016.33333333333,"catch","F3_R1","Fishery 3  / Region 1","798",97321,97320.9999709535,"fish","alb","ALB reference"
2016.58333333333,"catch","F3_R1","Fishery 3  / Region 1","799",72250,72249.9998978913,"fish","alb","ALB reference"
2016.83333333333,"catch","F3_R1","Fishery 3  / Region 1","800",54206,54205.9999987816,"fish","alb","ALB reference"
2017.08333333333,"catch","F3_R1","Fishery 3  / Region 1","801",265494,265494.00001106,"fish","alb","ALB reference"
2017.33333333333,"catch","F3_R1","Fishery 3  / Region 1","802",411406,411405.999698714,"fish","alb","ALB reference"
2017.58333333333,"catch","F3_R1","Fishery 3  / Region 1","803",397916,397915.999745797,"fish","alb","ALB reference"
2017.83333333333,"catch","F3_R1","Fishery 3  / Region 1","804",333277,333276.999993036,"fish","alb","ALB reference"
2018.08333333333,"catch","F3_R1","Fishery 3  / Region 1","805",207220,207220.000008505,"fish","alb","ALB reference"
2018.33333333333,"catch","F3_R1","Fishery 3  / Region 1","806",194041,194040.99994668,"fish","alb","ALB reference"
2018.58333333333,"catch","F3_R1","Fishery 3  / Region 1","807",225791,225790.99987784,"fish","alb","ALB reference"
2018.83333333333,"catch","F3_R1","Fishery 3  / Region 1","808",179146,179145.999996436,"fish","alb","ALB reference"
2019.08333333333,"catch","F3_R1","Fishery 3  / Region 1","809",173254,173254.000007117,"fish","alb","ALB reference"
2019.33333333333,"catch","F3_R1","Fishery 3  / Region 1","810",146723,146722.999906839,"fish","alb","ALB reference"
2019.58333333333,"catch","F3_R1","Fishery 3  / Region 1","811",116906,116905.999757177,"fish","alb","ALB reference"
2019.83333333333,"catch","F3_R1","Fishery 3  / Region 1","812",153914,153913.999996035,"fish","alb","ALB reference"
2020.08333333333,"catch","F3_R1","Fishery 3  / Region 1","813",196580,196580.000007775,"fish","alb","ALB reference"
2020.33333333333,"catch","F3_R1","Fishery 3  / Region 1","814",117486,117485.999763587,"fish","alb","ALB reference"
2020.58333333333,"catch","F3_R1","Fishery 3  / Region 1","815",150468,150467.999511431,"fish","alb","ALB reference"
2020.83333333333,"catch","F3_R1","Fishery 3  / Region 1","816",131405,131404.999994573,"fish","alb","ALB reference"
2021.08333333333,"catch","F3_R1","Fishery 3  / Region 1","817",179863,179863.000006143,"fish","alb","ALB reference"
2021.33333333333,"catch","F3_R1","Fishery 3  / Region 1","818",177674,177673.999830916,"fish","alb","ALB reference"
2021.58333333333,"catch","F3_R1","Fishery 3  / Region 1","819",69484,69483.9999823189,"fish","alb","ALB reference"
2021.83333333333,"catch","F3_R1","Fishery 3  / Region 1","820",104350,104349.999997669,"fish","alb","ALB reference"
2022.08333333333,"catch","F3_R1","Fishery 3  / Region 1","821",147434,147434.000005766,"fish","alb","ALB reference"
2022.33333333333,"catch","F3_R1","Fishery 3  / Region 1","822",244518,244517.999649122,"fish","alb","ALB reference"
2022.58333333333,"catch","F3_R1","Fishery 3  / Region 1","823",250124,250123.999319527,"fish","alb","ALB reference"
1954.08333333333,"catch","F4_R1","Fishery 4  / Region 1","824",1380,1379.99999998447,"fish","alb","ALB reference"
1954.58333333333,"catch","F4_R1","Fishery 4  / Region 1","825",144,144.000000006068,"fish","alb","ALB reference"
1954.83333333333,"catch","F4_R1","Fishery 4  / Region 1","826",8486,8485.99999984908,"fish","alb","ALB reference"
1955.08333333333,"catch","F4_R1","Fishery 4  / Region 1","827",8834,8833.99999984339,"fish","alb","ALB reference"
1955.33333333333,"catch","F4_R1","Fishery 4  / Region 1","828",4551,4550.99999992309,"fish","alb","ALB reference"
1955.58333333333,"catch","F4_R1","Fishery 4  / Region 1","829",15703,15703.0000006547,"fish","alb","ALB reference"
1955.83333333333,"catch","F4_R1","Fishery 4  / Region 1","830",28361,28360.9999994837,"fish","alb","ALB reference"
1956.08333333333,"catch","F4_R1","Fishery 4  / Region 1","831",20342,20341.9999996349,"fish","alb","ALB reference"
1956.33333333333,"catch","F4_R1","Fishery 4  / Region 1","832",933,932.999999984289,"fish","alb","ALB reference"
1956.58333333333,"catch","F4_R1","Fishery 4  / Region 1","833",2835,2835.00000011837,"fish","alb","ALB reference"
1956.83333333333,"catch","F4_R1","Fishery 4  / Region 1","834",123229,123228.999997793,"fish","alb","ALB reference"
1957.08333333333,"catch","F4_R1","Fishery 4  / Region 1","835",90670,90669.9999984158,"fish","alb","ALB reference"
1957.33333333333,"catch","F4_R1","Fishery 4  / Region 1","836",15466,15465.9999997397,"fish","alb","ALB reference"
1957.58333333333,"catch","F4_R1","Fishery 4  / Region 1","837",10042,10042.000000419,"fish","alb","ALB reference"
1957.83333333333,"catch","F4_R1","Fishery 4  / Region 1","838",84659,84658.9999984811,"fish","alb","ALB reference"
1958.08333333333,"catch","F4_R1","Fishery 4  / Region 1","839",64885,64884.9999988494,"fish","alb","ALB reference"
1958.33333333333,"catch","F4_R1","Fishery 4  / Region 1","840",23620,23619.999999609,"fish","alb","ALB reference"
1958.58333333333,"catch","F4_R1","Fishery 4  / Region 1","841",73330,73330.0000030642,"fish","alb","ALB reference"
1958.83333333333,"catch","F4_R1","Fishery 4  / Region 1","842",176604,176603.999997101,"fish","alb","ALB reference"
1959.08333333333,"catch","F4_R1","Fishery 4  / Region 1","843",147855,147854.999997471,"fish","alb","ALB reference"
1959.33333333333,"catch","F4_R1","Fishery 4  / Region 1","844",7786,7785.99999987247,"fish","alb","ALB reference"
1959.58333333333,"catch","F4_R1","Fishery 4  / Region 1","845",40571,40571.0000016957,"fish","alb","ALB reference"
1959.83333333333,"catch","F4_R1","Fishery 4  / Region 1","846",196255,196254.999996603,"fish","alb","ALB reference"
1960.08333333333,"catch","F4_R1","Fishery 4  / Region 1","847",75339,75338.999998702,"fish","alb","ALB reference"
1960.33333333333,"catch","F4_R1","Fishery 4  / Region 1","848",3309,3308.99999994799,"fish","alb","ALB reference"
1960.58333333333,"catch","F4_R1","Fishery 4  / Region 1","849",30449,30449.0000012678,"fish","alb","ALB reference"
1960.83333333333,"catch","F4_R1","Fishery 4  / Region 1","850",173155,173154.99999703,"fish","alb","ALB reference"
1961.08333333333,"catch","F4_R1","Fishery 4  / Region 1","851",120708,120707.999997937,"fish","alb","ALB reference"
1961.33333333333,"catch","F4_R1","Fishery 4  / Region 1","852",17723,17722.9999997177,"fish","alb","ALB reference"
1961.58333333333,"catch","F4_R1","Fishery 4  / Region 1","853",47421,47421.0000019659,"fish","alb","ALB reference"
1961.83333333333,"catch","F4_R1","Fishery 4  / Region 1","854",123322,123321.999997931,"fish","alb","ALB reference"
1962.08333333333,"catch","F4_R1","Fishery 4  / Region 1","855",61737,61736.9999989418,"fish","alb","ALB reference"
1962.33333333333,"catch","F4_R1","Fishery 4  / Region 1","856",30337,30336.9999995311,"fish","alb","ALB reference"
1962.58333333333,"catch","F4_R1","Fishery 4  / Region 1","857",169262,169262.000006831,"fish","alb","ALB reference"
1962.83333333333,"catch","F4_R1","Fishery 4  / Region 1","858",274419,274418.999995248,"fish","alb","ALB reference"
1963.08333333333,"catch","F4_R1","Fishery 4  / Region 1","859",165032,165031.999997145,"fish","alb","ALB reference"
1963.33333333333,"catch","F4_R1","Fishery 4  / Region 1","860",75499,75498.9999988681,"fish","alb","ALB reference"
1963.58333333333,"catch","F4_R1","Fishery 4  / Region 1","861",147925,147925.000005875,"fish","alb","ALB reference"
1963.83333333333,"catch","F4_R1","Fishery 4  / Region 1","862",117846,117845.999997919,"fish","alb","ALB reference"
1964.08333333333,"catch","F4_R1","Fishery 4  / Region 1","863",38217,38216.999999297,"fish","alb","ALB reference"
1964.33333333333,"catch","F4_R1","Fishery 4  / Region 1","864",32892,32891.9999994639,"fish","alb","ALB reference"
1964.58333333333,"catch","F4_R1","Fishery 4  / Region 1","865",56803,56803.0000021796,"fish","alb","ALB reference"
1964.83333333333,"catch","F4_R1","Fishery 4  / Region 1","866",154832,154831.999997042,"fish","alb","ALB reference"
1965.08333333333,"catch","F4_R1","Fishery 4  / Region 1","867",97902,97901.9999981847,"fish","alb","ALB reference"
1965.33333333333,"catch","F4_R1","Fishery 4  / Region 1","868",30867,30866.9999994921,"fish","alb","ALB reference"
1965.58333333333,"catch","F4_R1","Fishery 4  / Region 1","869",117368,117368.000004267,"fish","alb","ALB reference"
1965.83333333333,"catch","F4_R1","Fishery 4  / Region 1","870",283892,283891.999994917,"fish","alb","ALB reference"
1966.08333333333,"catch","F4_R1","Fishery 4  / Region 1","871",84126,84125.9999985376,"fish","alb","ALB reference"
1966.33333333333,"catch","F4_R1","Fishery 4  / Region 1","872",43087,43086.9999993228,"fish","alb","ALB reference"
1966.58333333333,"catch","F4_R1","Fishery 4  / Region 1","873",122146,122146.000004347,"fish","alb","ALB reference"
1966.83333333333,"catch","F4_R1","Fishery 4  / Region 1","874",280179,280178.99999477,"fish","alb","ALB reference"
1967.08333333333,"catch","F4_R1","Fishery 4  / Region 1","875",133453,133452.99999763,"fish","alb","ALB reference"
1967.33333333333,"catch","F4_R1","Fishery 4  / Region 1","876",24070,24069.9999996639,"fish","alb","ALB reference"
1967.58333333333,"catch","F4_R1","Fishery 4  / Region 1","877",127169,127169.000004894,"fish","alb","ALB reference"
1967.83333333333,"catch","F4_R1","Fishery 4  / Region 1","878",322754,322753.999994067,"fish","alb","ALB reference"
1968.08333333333,"catch","F4_R1","Fishery 4  / Region 1","879",105564,105563.999998205,"fish","alb","ALB reference"
1968.33333333333,"catch","F4_R1","Fishery 4  / Region 1","880",36485,36484.999999492,"fish","alb","ALB reference"
1968.58333333333,"catch","F4_R1","Fishery 4  / Region 1","881",57770,57770.0000023589,"fish","alb","ALB reference"
1968.83333333333,"catch","F4_R1","Fishery 4  / Region 1","882",139837,139836.999997282,"fish","alb","ALB reference"
1969.08333333333,"catch","F4_R1","Fishery 4  / Region 1","883",32914,32913.9999994227,"fish","alb","ALB reference"
1969.33333333333,"catch","F4_R1","Fishery 4  / Region 1","884",15553,15552.9999997631,"fish","alb","ALB reference"
1969.58333333333,"catch","F4_R1","Fishery 4  / Region 1","885",79977,79977.0000030675,"fish","alb","ALB reference"
1969.83333333333,"catch","F4_R1","Fishery 4  / Region 1","886",230528,230527.999995407,"fish","alb","ALB reference"
1970.08333333333,"catch","F4_R1","Fishery 4  / Region 1","887",57902,57901.9999989355,"fish","alb","ALB reference"
1970.33333333333,"catch","F4_R1","Fishery 4  / Region 1","888",7877,7876.99999987348,"fish","alb","ALB reference"
1970.58333333333,"catch","F4_R1","Fishery 4  / Region 1","889",89245,89245.0000032429,"fish","alb","ALB reference"
1970.83333333333,"catch","F4_R1","Fishery 4  / Region 1","890",285414,285413.999993754,"fish","alb","ALB reference"
1971.08333333333,"catch","F4_R1","Fishery 4  / Region 1","891",86811,86810.9999983506,"fish","alb","ALB reference"
1971.33333333333,"catch","F4_R1","Fishery 4  / Region 1","892",29142,29141.9999994992,"fish","alb","ALB reference"
1971.58333333333,"catch","F4_R1","Fishery 4  / Region 1","893",122622,122622.000003562,"fish","alb","ALB reference"
1971.83333333333,"catch","F4_R1","Fishery 4  / Region 1","894",162007,162006.999996201,"fish","alb","ALB reference"
1972.08333333333,"catch","F4_R1","Fishery 4  / Region 1","895",149734,149733.999997029,"fish","alb","ALB reference"
1972.33333333333,"catch","F4_R1","Fishery 4  / Region 1","896",55223,55222.9999989845,"fish","alb","ALB reference"
1972.58333333333,"catch","F4_R1","Fishery 4  / Region 1","897",113145,113144.999998624,"fish","alb","ALB reference"
1972.83333333333,"catch","F4_R1","Fishery 4  / Region 1","898",226384,226383.999993993,"fish","alb","ALB reference"
1973.08333333333,"catch","F4_R1","Fishery 4  / Region 1","899",104316,104315.999997943,"fish","alb","ALB reference"
1973.33333333333,"catch","F4_R1","Fishery 4  / Region 1","900",44804,44803.9999990085,"fish","alb","ALB reference"
1973.58333333333,"catch","F4_R1","Fishery 4  / Region 1","901",48015,48015.0000013917,"fish","alb","ALB reference"
1973.83333333333,"catch","F4_R1","Fishery 4  / Region 1","902",139929,139928.999995038,"fish","alb","ALB reference"
1974.08333333333,"catch","F4_R1","Fishery 4  / Region 1","903",82134,82133.9999982887,"fish","alb","ALB reference"
1974.33333333333,"catch","F4_R1","Fishery 4  / Region 1","904",9171,9170.99999983417,"fish","alb","ALB reference"
1974.58333333333,"catch","F4_R1","Fishery 4  / Region 1","905",67863,67863.0000016265,"fish","alb","ALB reference"
1974.83333333333,"catch","F4_R1","Fishery 4  / Region 1","906",124862,124861.9999963,"fish","alb","ALB reference"
1975.08333333333,"catch","F4_R1","Fishery 4  / Region 1","907",60514,60513.9999985219,"fish","alb","ALB reference"
1975.33333333333,"catch","F4_R1","Fishery 4  / Region 1","908",22560,22559.999999597,"fish","alb","ALB reference"
1975.58333333333,"catch","F4_R1","Fishery 4  / Region 1","909",63870,63870.0000020937,"fish","alb","ALB reference"
1975.83333333333,"catch","F4_R1","Fishery 4  / Region 1","910",112732,112731.999996439,"fish","alb","ALB reference"
1976.08333333333,"catch","F4_R1","Fishery 4  / Region 1","911",25249,25248.9999993303,"fish","alb","ALB reference"
1976.33333333333,"catch","F4_R1","Fishery 4  / Region 1","912",4322,4321.99999991895,"fish","alb","ALB reference"
1976.58333333333,"catch","F4_R1","Fishery 4  / Region 1","913",120721,120720.999998181,"fish","alb","ALB reference"
1976.83333333333,"catch","F4_R1","Fishery 4  / Region 1","914",304710,304709.999982164,"fish","alb","ALB reference"
1977.08333333333,"catch","F4_R1","Fishery 4  / Region 1","915",113802,113801.999997321,"fish","alb","ALB reference"
1977.33333333333,"catch","F4_R1","Fishery 4  / Region 1","916",16268,16267.9999996158,"fish","alb","ALB reference"
1977.58333333333,"catch","F4_R1","Fishery 4  / Region 1","917",100962,100961.999999267,"fish","alb","ALB reference"
1977.83333333333,"catch","F4_R1","Fishery 4  / Region 1","918",188806,188805.999990245,"fish","alb","ALB reference"
1978.08333333333,"catch","F4_R1","Fishery 4  / Region 1","919",69574,69573.9999985311,"fish","alb","ALB reference"
1978.33333333333,"catch","F4_R1","Fishery 4  / Region 1","920",26758,26757.9999996313,"fish","alb","ALB reference"
1978.58333333333,"catch","F4_R1","Fishery 4  / Region 1","921",76028,76028.000002548,"fish","alb","ALB reference"
1978.83333333333,"catch","F4_R1","Fishery 4  / Region 1","922",174925,174924.999995371,"fish","alb","ALB reference"
1979.08333333333,"catch","F4_R1","Fishery 4  / Region 1","923",42814,42813.9999991094,"fish","alb","ALB reference"
1979.33333333333,"catch","F4_R1","Fishery 4  / Region 1","924",10247,10246.9999998549,"fish","alb","ALB reference"
1979.58333333333,"catch","F4_R1","Fishery 4  / Region 1","925",47545,47545.0000019122,"fish","alb","ALB reference"
1979.83333333333,"catch","F4_R1","Fishery 4  / Region 1","926",70345,70344.9999983046,"fish","alb","ALB reference"
1980.08333333333,"catch","F4_R1","Fishery 4  / Region 1","927",17860,17859.9999996167,"fish","alb","ALB reference"
1980.33333333333,"catch","F4_R1","Fishery 4  / Region 1","928",8475,8474.99999986879,"fish","alb","ALB reference"
1980.58333333333,"catch","F4_R1","Fishery 4  / Region 1","929",89312,89312.0000025545,"fish","alb","ALB reference"
1980.83333333333,"catch","F4_R1","Fishery 4  / Region 1","930",89002,89001.9999977923,"fish","alb","ALB reference"
1981.08333333333,"catch","F4_R1","Fishery 4  / Region 1","931",75914,75913.9999984197,"fish","alb","ALB reference"
1981.33333333333,"catch","F4_R1","Fishery 4  / Region 1","932",13046,13045.9999997918,"fish","alb","ALB reference"
1981.58333333333,"catch","F4_R1","Fishery 4  / Region 1","933",103087,103087.000002867,"fish","alb","ALB reference"
1981.83333333333,"catch","F4_R1","Fishery 4  / Region 1","934",167635,167634.999995374,"fish","alb","ALB reference"
1982.08333333333,"catch","F4_R1","Fishery 4  / Region 1","935",67377,67376.9999983797,"fish","alb","ALB reference"
1982.33333333333,"catch","F4_R1","Fishery 4  / Region 1","936",36381,36380.9999985779,"fish","alb","ALB reference"
1982.58333333333,"catch","F4_R1","Fishery 4  / Region 1","937",93178,93178.0000012463,"fish","alb","ALB reference"
1982.83333333333,"catch","F4_R1","Fishery 4  / Region 1","938",86010,86009.9999970841,"fish","alb","ALB reference"
1983.08333333333,"catch","F4_R1","Fishery 4  / Region 1","939",36942,36941.9999988929,"fish","alb","ALB reference"
1983.33333333333,"catch","F4_R1","Fishery 4  / Region 1","940",9932,9931.9999998007,"fish","alb","ALB reference"
1983.58333333333,"catch","F4_R1","Fishery 4  / Region 1","941",68277,68277.0000005782,"fish","alb","ALB reference"
1983.83333333333,"catch","F4_R1","Fishery 4  / Region 1","942",152940,152939.999994083,"fish","alb","ALB reference"
1984.08333333333,"catch","F4_R1","Fishery 4  / Region 1","943",38674,38673.9999987757,"fish","alb","ALB reference"
1984.33333333333,"catch","F4_R1","Fishery 4  / Region 1","944",8962,8961.99999981816,"fish","alb","ALB reference"
1984.58333333333,"catch","F4_R1","Fishery 4  / Region 1","945",67728,67728.0000022438,"fish","alb","ALB reference"
1984.83333333333,"catch","F4_R1","Fishery 4  / Region 1","946",79523,79522.9999971263,"fish","alb","ALB reference"
1985.08333333333,"catch","F4_R1","Fishery 4  / Region 1","947",39507,39506.9999987159,"fish","alb","ALB reference"
1985.33333333333,"catch","F4_R1","Fishery 4  / Region 1","948",7500,7499.99999986286,"fish","alb","ALB reference"
1985.58333333333,"catch","F4_R1","Fishery 4  / Region 1","949",71145,71145.0000025435,"fish","alb","ALB reference"
1985.83333333333,"catch","F4_R1","Fishery 4  / Region 1","950",85511,85510.9999971848,"fish","alb","ALB reference"
1986.08333333333,"catch","F4_R1","Fishery 4  / Region 1","951",55566,55565.9999983875,"fish","alb","ALB reference"
1986.33333333333,"catch","F4_R1","Fishery 4  / Region 1","952",7112,7111.99999988197,"fish","alb","ALB reference"
1986.58333333333,"catch","F4_R1","Fishery 4  / Region 1","953",53238,53238.0000015952,"fish","alb","ALB reference"
1986.83333333333,"catch","F4_R1","Fishery 4  / Region 1","954",89372,89371.9999966282,"fish","alb","ALB reference"
1987.08333333333,"catch","F4_R1","Fishery 4  / Region 1","955",38656,38655.9999987503,"fish","alb","ALB reference"
1987.33333333333,"catch","F4_R1","Fishery 4  / Region 1","956",6001,6000.99999986668,"fish","alb","ALB reference"
1987.58333333333,"catch","F4_R1","Fishery 4  / Region 1","957",41221,41221.0000014372,"fish","alb","ALB reference"
1987.83333333333,"catch","F4_R1","Fishery 4  / Region 1","958",92419,92418.9999972575,"fish","alb","ALB reference"
1988.08333333333,"catch","F4_R1","Fishery 4  / Region 1","959",55518,55517.9999984756,"fish","alb","ALB reference"
1988.33333333333,"catch","F4_R1","Fishery 4  / Region 1","960",13241,13240.9999997317,"fish","alb","ALB reference"
1988.58333333333,"catch","F4_R1","Fishery 4  / Region 1","961",59396,59396.0000019506,"fish","alb","ALB reference"
1988.83333333333,"catch","F4_R1","Fishery 4  / Region 1","962",65668,65667.9999975064,"fish","alb","ALB reference"
1989.08333333333,"catch","F4_R1","Fishery 4  / Region 1","963",32875,32875.0000086942,"fish","alb","ALB reference"
1989.33333333333,"catch","F4_R1","Fishery 4  / Region 1","964",14532,14531.9999996739,"fish","alb","ALB reference"
1989.58333333333,"catch","F4_R1","Fishery 4  / Region 1","965",40637,40637.0000014239,"fish","alb","ALB reference"
1989.83333333333,"catch","F4_R1","Fishery 4  / Region 1","966",30438,30437.9999988627,"fish","alb","ALB reference"
1990.08333333333,"catch","F4_R1","Fishery 4  / Region 1","967",55440,55439.9999982863,"fish","alb","ALB reference"
1990.33333333333,"catch","F4_R1","Fishery 4  / Region 1","968",1177,1176.99999997273,"fish","alb","ALB reference"
1990.58333333333,"catch","F4_R1","Fishery 4  / Region 1","969",28922,28922.0000009951,"fish","alb","ALB reference"
1990.83333333333,"catch","F4_R1","Fishery 4  / Region 1","970",83796,83795.9999974397,"fish","alb","ALB reference"
1991.08333333333,"catch","F4_R1","Fishery 4  / Region 1","971",32953,32952.9999989622,"fish","alb","ALB reference"
1991.33333333333,"catch","F4_R1","Fishery 4  / Region 1","972",38499,38498.9999991327,"fish","alb","ALB reference"
1991.58333333333,"catch","F4_R1","Fishery 4  / Region 1","973",87294,87294.0000007467,"fish","alb","ALB reference"
1991.83333333333,"catch","F4_R1","Fishery 4  / Region 1","974",188929,188928.99999367,"fish","alb","ALB reference"
1992.08333333333,"catch","F4_R1","Fishery 4  / Region 1","975",25373,25373.0000010613,"fish","alb","ALB reference"
1992.33333333333,"catch","F4_R1","Fishery 4  / Region 1","976",3098,3097.9999999371,"fish","alb","ALB reference"
1992.58333333333,"catch","F4_R1","Fishery 4  / Region 1","977",63253,63253.0000002026,"fish","alb","ALB reference"
1992.83333333333,"catch","F4_R1","Fishery 4  / Region 1","978",83697,83696.9999965853,"fish","alb","ALB reference"
1993.08333333333,"catch","F4_R1","Fishery 4  / Region 1","979",15980,15980.0000006709,"fish","alb","ALB reference"
1993.33333333333,"catch","F4_R1","Fishery 4  / Region 1","980",3835,3834.99999992472,"fish","alb","ALB reference"
1993.58333333333,"catch","F4_R1","Fishery 4  / Region 1","981",54609,54609.0000020022,"fish","alb","ALB reference"
1993.83333333333,"catch","F4_R1","Fishery 4  / Region 1","982",36583,36582.9999987719,"fish","alb","ALB reference"
1994.08333333333,"catch","F4_R1","Fishery 4  / Region 1","983",85807,85807.0000034059,"fish","alb","ALB reference"
1994.33333333333,"catch","F4_R1","Fishery 4  / Region 1","984",19195,19194.9999996087,"fish","alb","ALB reference"
1994.58333333333,"catch","F4_R1","Fishery 4  / Region 1","985",49361,49361.0000015457,"fish","alb","ALB reference"
1994.83333333333,"catch","F4_R1","Fishery 4  / Region 1","986",56309,56308.999998311,"fish","alb","ALB reference"
1995.08333333333,"catch","F4_R1","Fishery 4  / Region 1","987",17426,17426.0000007037,"fish","alb","ALB reference"
1995.33333333333,"catch","F4_R1","Fishery 4  / Region 1","988",345,344.999999991936,"fish","alb","ALB reference"
1995.58333333333,"catch","F4_R1","Fishery 4  / Region 1","989",18119,18119.0000006113,"fish","alb","ALB reference"
1995.83333333333,"catch","F4_R1","Fishery 4  / Region 1","990",40798,40797.9999989622,"fish","alb","ALB reference"
1996.08333333333,"catch","F4_R1","Fishery 4  / Region 1","991",17110,17110.0000007045,"fish","alb","ALB reference"
1996.33333333333,"catch","F4_R1","Fishery 4  / Region 1","992",5199,5198.99999989788,"fish","alb","ALB reference"
1996.58333333333,"catch","F4_R1","Fishery 4  / Region 1","993",14823,14823.0000005429,"fish","alb","ALB reference"
1996.83333333333,"catch","F4_R1","Fishery 4  / Region 1","994",42004,42003.9999988075,"fish","alb","ALB reference"
1997.08333333333,"catch","F4_R1","Fishery 4  / Region 1","995",80990,80990.0000032723,"fish","alb","ALB reference"
1997.33333333333,"catch","F4_R1","Fishery 4  / Region 1","996",1739,1738.99999996217,"fish","alb","ALB reference"
1997.58333333333,"catch","F4_R1","Fishery 4  / Region 1","997",37573,37573.0000010729,"fish","alb","ALB reference"
1997.83333333333,"catch","F4_R1","Fishery 4  / Region 1","998",45297,45296.9999988184,"fish","alb","ALB reference"
1998.08333333333,"catch","F4_R1","Fishery 4  / Region 1","999",65565,65565.0000025447,"fish","alb","ALB reference"
1998.33333333333,"catch","F4_R1","Fishery 4  / Region 1","1000",15808,15807.9999981373,"fish","alb","ALB reference"
1998.58333333333,"catch","F4_R1","Fishery 4  / Region 1","1001",116535,116534.999979111,"fish","alb","ALB reference"
1998.83333333333,"catch","F4_R1","Fishery 4  / Region 1","1002",42584,42583.9999987712,"fish","alb","ALB reference"
1999.08333333333,"catch","F4_R1","Fishery 4  / Region 1","1003",33162,33162.0000013723,"fish","alb","ALB reference"
1999.33333333333,"catch","F4_R1","Fishery 4  / Region 1","1004",23986,23985.9999995309,"fish","alb","ALB reference"
1999.58333333333,"catch","F4_R1","Fishery 4  / Region 1","1005",37115,37115.0000013919,"fish","alb","ALB reference"
1999.83333333333,"catch","F4_R1","Fishery 4  / Region 1","1006",22790,22789.9999994086,"fish","alb","ALB reference"
2000.08333333333,"catch","F4_R1","Fishery 4  / Region 1","1007",33242,33242.0000013883,"fish","alb","ALB reference"
2000.33333333333,"catch","F4_R1","Fishery 4  / Region 1","1008",13215,13214.9999997275,"fish","alb","ALB reference"
2000.58333333333,"catch","F4_R1","Fishery 4  / Region 1","1009",20249,20249.0000007658,"fish","alb","ALB reference"
2000.83333333333,"catch","F4_R1","Fishery 4  / Region 1","1010",17627,17626.9999995432,"fish","alb","ALB reference"
2001.08333333333,"catch","F4_R1","Fishery 4  / Region 1","1011",28551,28551.0000010627,"fish","alb","ALB reference"
2001.33333333333,"catch","F4_R1","Fishery 4  / Region 1","1012",21522,21521.9999974297,"fish","alb","ALB reference"
2001.58333333333,"catch","F4_R1","Fishery 4  / Region 1","1013",26284,26283.9999925525,"fish","alb","ALB reference"
2001.83333333333,"catch","F4_R1","Fishery 4  / Region 1","1014",86909,86908.999996069,"fish","alb","ALB reference"
2002.08333333333,"catch","F4_R1","Fishery 4  / Region 1","1015",40029,40029.0000012804,"fish","alb","ALB reference"
2002.33333333333,"catch","F4_R1","Fishery 4  / Region 1","1016",74771,74770.9992464682,"fish","alb","ALB reference"
2002.58333333333,"catch","F4_R1","Fishery 4  / Region 1","1017",71203,71202.9997079843,"fish","alb","ALB reference"
2002.83333333333,"catch","F4_R1","Fishery 4  / Region 1","1018",68178,68177.9999933463,"fish","alb","ALB reference"
2003.08333333333,"catch","F4_R1","Fishery 4  / Region 1","1019",28872,28871.9999998548,"fish","alb","ALB reference"
2003.33333333333,"catch","F4_R1","Fishery 4  / Region 1","1020",72376,72375.9999572712,"fish","alb","ALB reference"
2003.58333333333,"catch","F4_R1","Fishery 4  / Region 1","1021",62478,62477.9999421626,"fish","alb","ALB reference"
2003.83333333333,"catch","F4_R1","Fishery 4  / Region 1","1022",53986,53985.9999967941,"fish","alb","ALB reference"
2004.08333333333,"catch","F4_R1","Fishery 4  / Region 1","1023",56242,56242.0000021361,"fish","alb","ALB reference"
2004.33333333333,"catch","F4_R1","Fishery 4  / Region 1","1024",19542,19541.9999779908,"fish","alb","ALB reference"
2004.58333333333,"catch","F4_R1","Fishery 4  / Region 1","1025",43848,43847.9997581542,"fish","alb","ALB reference"
2004.83333333333,"catch","F4_R1","Fishery 4  / Region 1","1026",30212,30211.9999990027,"fish","alb","ALB reference"
2005.08333333333,"catch","F4_R1","Fishery 4  / Region 1","1027",16259,16259.0000005885,"fish","alb","ALB reference"
2005.33333333333,"catch","F4_R1","Fishery 4  / Region 1","1028",14853,14852.9999660923,"fish","alb","ALB reference"
2005.58333333333,"catch","F4_R1","Fishery 4  / Region 1","1029",29309,29308.9998560317,"fish","alb","ALB reference"
2005.83333333333,"catch","F4_R1","Fishery 4  / Region 1","1030",23074,23073.9999991894,"fish","alb","ALB reference"
2006.08333333333,"catch","F4_R1","Fishery 4  / Region 1","1031",17021,17021.0000006458,"fish","alb","ALB reference"
2006.33333333333,"catch","F4_R1","Fishery 4  / Region 1","1032",42381,42380.9999851312,"fish","alb","ALB reference"
2006.58333333333,"catch","F4_R1","Fishery 4  / Region 1","1033",38924,38923.9999744689,"fish","alb","ALB reference"
2006.83333333333,"catch","F4_R1","Fishery 4  / Region 1","1034",33933,33932.9999985249,"fish","alb","ALB reference"
2007.08333333333,"catch","F4_R1","Fishery 4  / Region 1","1035",14169,14169.0000005558,"fish","alb","ALB reference"
2007.33333333333,"catch","F4_R1","Fishery 4  / Region 1","1036",29633,29632.9999987524,"fish","alb","ALB reference"
2007.58333333333,"catch","F4_R1","Fishery 4  / Region 1","1037",97163,97162.9999503454,"fish","alb","ALB reference"
2007.83333333333,"catch","F4_R1","Fishery 4  / Region 1","1038",38985,38984.9999989279,"fish","alb","ALB reference"
2008.08333333333,"catch","F4_R1","Fishery 4  / Region 1","1039",24416,24416.0000010008,"fish","alb","ALB reference"
2008.33333333333,"catch","F4_R1","Fishery 4  / Region 1","1040",7810,7809.99999966273,"fish","alb","ALB reference"
2008.58333333333,"catch","F4_R1","Fishery 4  / Region 1","1041",12650,12649.9999996154,"fish","alb","ALB reference"
2008.83333333333,"catch","F4_R1","Fishery 4  / Region 1","1042",9293,9292.99999976944,"fish","alb","ALB reference"
2009.08333333333,"catch","F4_R1","Fishery 4  / Region 1","1043",14784,14784.0000005857,"fish","alb","ALB reference"
2009.33333333333,"catch","F4_R1","Fishery 4  / Region 1","1044",127405,127404.99978831,"fish","alb","ALB reference"
2009.58333333333,"catch","F4_R1","Fishery 4  / Region 1","1045",149824,149823.998407467,"fish","alb","ALB reference"
2009.83333333333,"catch","F4_R1","Fishery 4  / Region 1","1046",71575,71574.9999924319,"fish","alb","ALB reference"
2010.08333333333,"catch","F4_R1","Fishery 4  / Region 1","1047",76478,76477.9999989574,"fish","alb","ALB reference"
2010.33333333333,"catch","F4_R1","Fishery 4  / Region 1","1048",72954,72953.9990445902,"fish","alb","ALB reference"
2010.58333333333,"catch","F4_R1","Fishery 4  / Region 1","1049",116911,116910.995618512,"fish","alb","ALB reference"
2010.83333333333,"catch","F4_R1","Fishery 4  / Region 1","1050",120757,120756.999859521,"fish","alb","ALB reference"
2011.08333333333,"catch","F4_R1","Fishery 4  / Region 1","1051",52841,52841.0000019193,"fish","alb","ALB reference"
2011.33333333333,"catch","F4_R1","Fishery 4  / Region 1","1052",87482,87481.9999804096,"fish","alb","ALB reference"
2011.58333333333,"catch","F4_R1","Fishery 4  / Region 1","1053",162072,162071.999859764,"fish","alb","ALB reference"
2011.83333333333,"catch","F4_R1","Fishery 4  / Region 1","1054",141246,141245.999988693,"fish","alb","ALB reference"
2012.08333333333,"catch","F4_R1","Fishery 4  / Region 1","1055",95756,95756.0000038608,"fish","alb","ALB reference"
2012.33333333333,"catch","F4_R1","Fishery 4  / Region 1","1056",269293,269292.999667425,"fish","alb","ALB reference"
2012.58333333333,"catch","F4_R1","Fishery 4  / Region 1","1057",249355,249354.999312071,"fish","alb","ALB reference"
2012.83333333333,"catch","F4_R1","Fishery 4  / Region 1","1058",172479,172478.999969077,"fish","alb","ALB reference"
2013.08333333333,"catch","F4_R1","Fishery 4  / Region 1","1059",127705,127705.000004689,"fish","alb","ALB reference"
2013.33333333333,"catch","F4_R1","Fishery 4  / Region 1","1060",298332,298331.99911524,"fish","alb","ALB reference"
2013.58333333333,"catch","F4_R1","Fishery 4  / Region 1","1061",267396,267395.997571241,"fish","alb","ALB reference"
2013.83333333333,"catch","F4_R1","Fishery 4  / Region 1","1062",209282,209281.999948269,"fish","alb","ALB reference"
2014.08333333333,"catch","F4_R1","Fishery 4  / Region 1","1063",83360,83360.0000032683,"fish","alb","ALB reference"
2014.33333333333,"catch","F4_R1","Fishery 4  / Region 1","1064",203453,203452.999709652,"fish","alb","ALB reference"
2014.58333333333,"catch","F4_R1","Fishery 4  / Region 1","1065",216755,216754.998942862,"fish","alb","ALB reference"
2014.83333333333,"catch","F4_R1","Fishery 4  / Region 1","1066",68312,68311.9999978962,"fish","alb","ALB reference"
2015.08333333333,"catch","F4_R1","Fishery 4  / Region 1","1067",83795,83795.0000034149,"fish","alb","ALB reference"
2015.33333333333,"catch","F4_R1","Fishery 4  / Region 1","1068",142838,142837.999922556,"fish","alb","ALB reference"
2015.58333333333,"catch","F4_R1","Fishery 4  / Region 1","1069",155934,155933.999643455,"fish","alb","ALB reference"
2015.83333333333,"catch","F4_R1","Fishery 4  / Region 1","1070",91491,91490.9999968815,"fish","alb","ALB reference"
2016.08333333333,"catch","F4_R1","Fishery 4  / Region 1","1071",96269,96269.0000039872,"fish","alb","ALB reference"
2016.33333333333,"catch","F4_R1","Fishery 4  / Region 1","1072",152217,152216.999919838,"fish","alb","ALB reference"
2016.58333333333,"catch","F4_R1","Fishery 4  / Region 1","1073",288372,288371.998665746,"fish","alb","ALB reference"
2016.83333333333,"catch","F4_R1","Fishery 4  / Region 1","1074",99718,99717.9999968322,"fish","alb","ALB reference"
2017.08333333333,"catch","F4_R1","Fishery 4  / Region 1","1075",168724,168724.000006742,"fish","alb","ALB reference"
2017.33333333333,"catch","F4_R1","Fishery 4  / Region 1","1076",131900,131899.999820789,"fish","alb","ALB reference"
2017.58333333333,"catch","F4_R1","Fishery 4  / Region 1","1077",172466,172465.999418238,"fish","alb","ALB reference"
2017.83333333333,"catch","F4_R1","Fishery 4  / Region 1","1078",110939,110938.999993567,"fish","alb","ALB reference"
2018.08333333333,"catch","F4_R1","Fishery 4  / Region 1","1079",65533,65533.0000024885,"fish","alb","ALB reference"
2018.33333333333,"catch","F4_R1","Fishery 4  / Region 1","1080",89813,89812.9999416599,"fish","alb","ALB reference"
2018.58333333333,"catch","F4_R1","Fishery 4  / Region 1","1081",85786,85785.9996626298,"fish","alb","ALB reference"
2018.83333333333,"catch","F4_R1","Fishery 4  / Region 1","1082",94536,94535.9999960332,"fish","alb","ALB reference"
2019.08333333333,"catch","F4_R1","Fishery 4  / Region 1","1083",140321,140321.000005372,"fish","alb","ALB reference"
2019.33333333333,"catch","F4_R1","Fishery 4  / Region 1","1084",212179,212178.999702826,"fish","alb","ALB reference"
2019.58333333333,"catch","F4_R1","Fishery 4  / Region 1","1085",133422,133421.998688692,"fish","alb","ALB reference"
2019.83333333333,"catch","F4_R1","Fishery 4  / Region 1","1086",128899,128898.999990612,"fish","alb","ALB reference"
2020.08333333333,"catch","F4_R1","Fishery 4  / Region 1","1087",111085,111085.000004177,"fish","alb","ALB reference"
2020.33333333333,"catch","F4_R1","Fishery 4  / Region 1","1088",174219,174218.999399155,"fish","alb","ALB reference"
2020.58333333333,"catch","F4_R1","Fishery 4  / Region 1","1089",124800,124799.998952313,"fish","alb","ALB reference"
2020.83333333333,"catch","F4_R1","Fishery 4  / Region 1","1090",102168,102167.999991301,"fish","alb","ALB reference"
2021.08333333333,"catch","F4_R1","Fishery 4  / Region 1","1091",160650,160650.00000469,"fish","alb","ALB reference"
2021.33333333333,"catch","F4_R1","Fishery 4  / Region 1","1092",94925,94924.9998253215,"fish","alb","ALB reference"
2021.58333333333,"catch","F4_R1","Fishery 4  / Region 1","1093",46551,46550.9999507152,"fish","alb","ALB reference"
2021.83333333333,"catch","F4_R1","Fishery 4  / Region 1","1094",54787,54786.9999979459,"fish","alb","ALB reference"
2022.08333333333,"catch","F4_R1","Fishery 4  / Region 1","1095",71718,71718.000002209,"fish","alb","ALB reference"
2022.33333333333,"catch","F4_R1","Fishery 4  / Region 1","1096",119737,119736.999468014,"fish","alb","ALB reference"
2022.58333333333,"catch","F4_R1","Fishery 4  / Region 1","1097",138467,138466.996651023,"fish","alb","ALB reference"
1992.08333333333,"catch","F5_R1","Fishery 5  / Region 1","1098",75,75.0000000029656,"fish","alb","ALB reference"
1992.33333333333,"catch","F5_R1","Fishery 5  / Region 1","1099",1228,1227.99999996842,"fish","alb","ALB reference"
1992.58333333333,"catch","F5_R1","Fishery 5  / Region 1","1100",107,107.000000000617,"fish","alb","ALB reference"
1993.08333333333,"catch","F5_R1","Fishery 5  / Region 1","1101",9,9.00000000035989,"fish","alb","ALB reference"
1993.33333333333,"catch","F5_R1","Fishery 5  / Region 1","1102",31,30.999999999244,"fish","alb","ALB reference"
1993.58333333333,"catch","F5_R1","Fishery 5  / Region 1","1103",82,82.0000000026466,"fish","alb","ALB reference"
1993.83333333333,"catch","F5_R1","Fishery 5  / Region 1","1104",146,145.999999995198,"fish","alb","ALB reference"
1994.08333333333,"catch","F5_R1","Fishery 5  / Region 1","1105",51,51.0000000019381,"fish","alb","ALB reference"
1994.33333333333,"catch","F5_R1","Fishery 5  / Region 1","1106",51,50.9999999987394,"fish","alb","ALB reference"
1994.58333333333,"catch","F5_R1","Fishery 5  / Region 1","1107",27,27.0000000007515,"fish","alb","ALB reference"
1994.83333333333,"catch","F5_R1","Fishery 5  / Region 1","1108",127,126.999999996196,"fish","alb","ALB reference"
1995.08333333333,"catch","F5_R1","Fishery 5  / Region 1","1109",90,90.0000000034649,"fish","alb","ALB reference"
1995.33333333333,"catch","F5_R1","Fishery 5  / Region 1","1110",64,63.9999999981896,"fish","alb","ALB reference"
1995.58333333333,"catch","F5_R1","Fishery 5  / Region 1","1111",122,122.000000003709,"fish","alb","ALB reference"
1995.83333333333,"catch","F5_R1","Fishery 5  / Region 1","1112",138,137.999999996559,"fish","alb","ALB reference"
1996.08333333333,"catch","F5_R1","Fishery 5  / Region 1","1113",340,340.000000013379,"fish","alb","ALB reference"
1996.33333333333,"catch","F5_R1","Fishery 5  / Region 1","1114",1042,1041.99999997484,"fish","alb","ALB reference"
1996.58333333333,"catch","F5_R1","Fishery 5  / Region 1","1115",11,11.0000000003568,"fish","alb","ALB reference"
1997.08333333333,"catch","F5_R1","Fishery 5  / Region 1","1116",1700,1700.00000006572,"fish","alb","ALB reference"
1997.33333333333,"catch","F5_R1","Fishery 5  / Region 1","1117",1382,1381.99999996397,"fish","alb","ALB reference"
1997.58333333333,"catch","F5_R1","Fishery 5  / Region 1","1118",1901,1901.00000004962,"fish","alb","ALB reference"
1997.83333333333,"catch","F5_R1","Fishery 5  / Region 1","1119",1324,1323.99999996598,"fish","alb","ALB reference"
1998.08333333333,"catch","F5_R1","Fishery 5  / Region 1","1120",1120,1120.00000004176,"fish","alb","ALB reference"
1998.33333333333,"catch","F5_R1","Fishery 5  / Region 1","1121",1138,1137.99999987262,"fish","alb","ALB reference"
1998.58333333333,"catch","F5_R1","Fishery 5  / Region 1","1122",870,869.99999988013,"fish","alb","ALB reference"
1998.83333333333,"catch","F5_R1","Fishery 5  / Region 1","1123",235,234.999999993375,"fish","alb","ALB reference"
1999.08333333333,"catch","F5_R1","Fishery 5  / Region 1","1124",983,983.000000039076,"fish","alb","ALB reference"
1999.33333333333,"catch","F5_R1","Fishery 5  / Region 1","1125",853,852.99999997984,"fish","alb","ALB reference"
1999.58333333333,"catch","F5_R1","Fishery 5  / Region 1","1126",1090,1090.00000003689,"fish","alb","ALB reference"
1999.83333333333,"catch","F5_R1","Fishery 5  / Region 1","1127",392,391.999999990036,"fish","alb","ALB reference"
2000.08333333333,"catch","F5_R1","Fishery 5  / Region 1","1128",1042,1042.00000004189,"fish","alb","ALB reference"
2000.33333333333,"catch","F5_R1","Fishery 5  / Region 1","1129",3151,3150.99999992307,"fish","alb","ALB reference"
2000.58333333333,"catch","F5_R1","Fishery 5  / Region 1","1130",1181,1181.00000003997,"fish","alb","ALB reference"
2000.83333333333,"catch","F5_R1","Fishery 5  / Region 1","1131",365,364.999999990469,"fish","alb","ALB reference"
2001.08333333333,"catch","F5_R1","Fishery 5  / Region 1","1132",643,643.000000022896,"fish","alb","ALB reference"
2001.33333333333,"catch","F5_R1","Fishery 5  / Region 1","1133",893,892.999999895052,"fish","alb","ALB reference"
2001.58333333333,"catch","F5_R1","Fishery 5  / Region 1","1134",761,760.999999809227,"fish","alb","ALB reference"
2001.83333333333,"catch","F5_R1","Fishery 5  / Region 1","1135",541,540.999999977972,"fish","alb","ALB reference"
2002.08333333333,"catch","F5_R1","Fishery 5  / Region 1","1136",105,105.000000003171,"fish","alb","ALB reference"
2002.33333333333,"catch","F5_R1","Fishery 5  / Region 1","1137",2767,2766.99997508843,"fish","alb","ALB reference"
2002.58333333333,"catch","F5_R1","Fishery 5  / Region 1","1138",11506,11505.9999619306,"fish","alb","ALB reference"
2002.83333333333,"catch","F5_R1","Fishery 5  / Region 1","1139",5500,5499.99999959106,"fish","alb","ALB reference"
2003.08333333333,"catch","F5_R1","Fishery 5  / Region 1","1140",4190,4189.99999998698,"fish","alb","ALB reference"
2003.33333333333,"catch","F5_R1","Fishery 5  / Region 1","1141",23272,23271.9999875932,"fish","alb","ALB reference"
2003.58333333333,"catch","F5_R1","Fishery 5  / Region 1","1142",8633,8632.99999389392,"fish","alb","ALB reference"
2003.83333333333,"catch","F5_R1","Fishery 5  / Region 1","1143",2244,2243.99999989895,"fish","alb","ALB reference"
2004.08333333333,"catch","F5_R1","Fishery 5  / Region 1","1144",3650,3650.00000013145,"fish","alb","ALB reference"
2004.33333333333,"catch","F5_R1","Fishery 5  / Region 1","1145",14222,14221.9999850593,"fish","alb","ALB reference"
2004.58333333333,"catch","F5_R1","Fishery 5  / Region 1","1146",37131,37130.9998244533,"fish","alb","ALB reference"
2004.83333333333,"catch","F5_R1","Fishery 5  / Region 1","1147",9077,9076.99999972453,"fish","alb","ALB reference"
2005.08333333333,"catch","F5_R1","Fishery 5  / Region 1","1148",3890,3890.00000013317,"fish","alb","ALB reference"
2005.33333333333,"catch","F5_R1","Fishery 5  / Region 1","1149",35320,35319.999928601,"fish","alb","ALB reference"
2005.58333333333,"catch","F5_R1","Fishery 5  / Region 1","1150",40786,40785.9998504803,"fish","alb","ALB reference"
2005.83333333333,"catch","F5_R1","Fishery 5  / Region 1","1151",4165,4164.99999987478,"fish","alb","ALB reference"
2006.08333333333,"catch","F5_R1","Fishery 5  / Region 1","1152",4530,4530.00000016471,"fish","alb","ALB reference"
2006.33333333333,"catch","F5_R1","Fishery 5  / Region 1","1153",16110,16109.9999949165,"fish","alb","ALB reference"
2006.58333333333,"catch","F5_R1","Fishery 5  / Region 1","1154",21811,21810.9999893765,"fish","alb","ALB reference"
2006.83333333333,"catch","F5_R1","Fishery 5  / Region 1","1155",6427,6426.99999978714,"fish","alb","ALB reference"
2007.08333333333,"catch","F5_R1","Fishery 5  / Region 1","1156",9291,9291.0000003563,"fish","alb","ALB reference"
2007.33333333333,"catch","F5_R1","Fishery 5  / Region 1","1157",52946,52945.9999976639,"fish","alb","ALB reference"
2007.58333333333,"catch","F5_R1","Fishery 5  / Region 1","1158",12092,12091.999995054,"fish","alb","ALB reference"
2007.83333333333,"catch","F5_R1","Fishery 5  / Region 1","1159",11951,11950.9999997005,"fish","alb","ALB reference"
2008.08333333333,"catch","F5_R1","Fishery 5  / Region 1","1160",6365,6365.00000025035,"fish","alb","ALB reference"
2008.33333333333,"catch","F5_R1","Fishery 5  / Region 1","1161",14652,14651.9999993275,"fish","alb","ALB reference"
2008.58333333333,"catch","F5_R1","Fishery 5  / Region 1","1162",33552,33551.9999991306,"fish","alb","ALB reference"
2008.83333333333,"catch","F5_R1","Fishery 5  / Region 1","1163",2071,2070.99999994955,"fish","alb","ALB reference"
2009.08333333333,"catch","F5_R1","Fishery 5  / Region 1","1164",752,752.000000028388,"fish","alb","ALB reference"
2009.33333333333,"catch","F5_R1","Fishery 5  / Region 1","1165",30548,30547.9999534439,"fish","alb","ALB reference"
2009.58333333333,"catch","F5_R1","Fishery 5  / Region 1","1166",65230,65229.9994405396,"fish","alb","ALB reference"
2009.83333333333,"catch","F5_R1","Fishery 5  / Region 1","1167",5293,5292.99999962223,"fish","alb","ALB reference"
2010.08333333333,"catch","F5_R1","Fishery 5  / Region 1","1168",2633,2632.99999997155,"fish","alb","ALB reference"
2010.33333333333,"catch","F5_R1","Fishery 5  / Region 1","1169",59614,59613.9993258025,"fish","alb","ALB reference"
2010.58333333333,"catch","F5_R1","Fishery 5  / Region 1","1170",35309,35308.9990470794,"fish","alb","ALB reference"
2010.83333333333,"catch","F5_R1","Fishery 5  / Region 1","1171",3720,3719.99999763362,"fish","alb","ALB reference"
2011.08333333333,"catch","F5_R1","Fishery 5  / Region 1","1172",10328,10328.0000003576,"fish","alb","ALB reference"
2011.33333333333,"catch","F5_R1","Fishery 5  / Region 1","1173",44669,44668.9999908812,"fish","alb","ALB reference"
2011.58333333333,"catch","F5_R1","Fishery 5  / Region 1","1174",23256,23255.9999854589,"fish","alb","ALB reference"
2011.83333333333,"catch","F5_R1","Fishery 5  / Region 1","1175",9510,9509.99999949777,"fish","alb","ALB reference"
2012.08333333333,"catch","F5_R1","Fishery 5  / Region 1","1176",13709,13709.0000005313,"fish","alb","ALB reference"
2012.33333333333,"catch","F5_R1","Fishery 5  / Region 1","1177",101050,101049.999884555,"fish","alb","ALB reference"
2012.58333333333,"catch","F5_R1","Fishery 5  / Region 1","1178",73187,73186.9998361136,"fish","alb","ALB reference"
2012.83333333333,"catch","F5_R1","Fishery 5  / Region 1","1179",32801,32800.9999961487,"fish","alb","ALB reference"
2013.08333333333,"catch","F5_R1","Fishery 5  / Region 1","1180",18599,18599.0000006574,"fish","alb","ALB reference"
2013.33333333333,"catch","F5_R1","Fishery 5  / Region 1","1181",55975,55974.9998513918,"fish","alb","ALB reference"
2013.58333333333,"catch","F5_R1","Fishery 5  / Region 1","1182",36578,36577.9997478195,"fish","alb","ALB reference"
2013.83333333333,"catch","F5_R1","Fishery 5  / Region 1","1183",6296,6295.99999907082,"fish","alb","ALB reference"
2014.08333333333,"catch","F5_R1","Fishery 5  / Region 1","1184",20828,20828.0000007861,"fish","alb","ALB reference"
2014.33333333333,"catch","F5_R1","Fishery 5  / Region 1","1185",81722,81721.9998965201,"fish","alb","ALB reference"
2014.58333333333,"catch","F5_R1","Fishery 5  / Region 1","1186",119252,119251.999563009,"fish","alb","ALB reference"
2014.83333333333,"catch","F5_R1","Fishery 5  / Region 1","1187",20205,20204.9999994612,"fish","alb","ALB reference"
2015.08333333333,"catch","F5_R1","Fishery 5  / Region 1","1188",37376,37376.0000014714,"fish","alb","ALB reference"
2015.33333333333,"catch","F5_R1","Fishery 5  / Region 1","1189",81131,81130.9999596912,"fish","alb","ALB reference"
2015.58333333333,"catch","F5_R1","Fishery 5  / Region 1","1190",53425,53424.9999037941,"fish","alb","ALB reference"
2015.83333333333,"catch","F5_R1","Fishery 5  / Region 1","1191",21460,21459.9999993637,"fish","alb","ALB reference"
2016.08333333333,"catch","F5_R1","Fishery 5  / Region 1","1192",14491,14491.0000005798,"fish","alb","ALB reference"
2016.33333333333,"catch","F5_R1","Fishery 5  / Region 1","1193",89990,89989.9999556179,"fish","alb","ALB reference"
2016.58333333333,"catch","F5_R1","Fishery 5  / Region 1","1194",47125,47124.999816693,"fish","alb","ALB reference"
2016.83333333333,"catch","F5_R1","Fishery 5  / Region 1","1195",7059,7058.99999979012,"fish","alb","ALB reference"
2017.08333333333,"catch","F5_R1","Fishery 5  / Region 1","1196",4828,4828.00000018531,"fish","alb","ALB reference"
2017.33333333333,"catch","F5_R1","Fishery 5  / Region 1","1197",39219,39218.9999511578,"fish","alb","ALB reference"
2017.58333333333,"catch","F5_R1","Fishery 5  / Region 1","1198",34087,34086.9999068183,"fish","alb","ALB reference"
2017.83333333333,"catch","F5_R1","Fishery 5  / Region 1","1199",10769,10768.9999995321,"fish","alb","ALB reference"
2018.08333333333,"catch","F5_R1","Fishery 5  / Region 1","1200",13547,13547.0000004903,"fish","alb","ALB reference"
2018.33333333333,"catch","F5_R1","Fishery 5  / Region 1","1201",31199,31198.9999818142,"fish","alb","ALB reference"
2018.58333333333,"catch","F5_R1","Fishery 5  / Region 1","1202",30752,30751.9999076278,"fish","alb","ALB reference"
2018.83333333333,"catch","F5_R1","Fishery 5  / Region 1","1203",10575,10574.9999996393,"fish","alb","ALB reference"
2019.08333333333,"catch","F5_R1","Fishery 5  / Region 1","1204",16161,16161.0000005913,"fish","alb","ALB reference"
2019.33333333333,"catch","F5_R1","Fishery 5  / Region 1","1205",75297,75296.9999039147,"fish","alb","ALB reference"
2019.58333333333,"catch","F5_R1","Fishery 5  / Region 1","1206",183859,183858.998562789,"fish","alb","ALB reference"
2019.83333333333,"catch","F5_R1","Fishery 5  / Region 1","1207",33903,33902.9999981898,"fish","alb","ALB reference"
2020.08333333333,"catch","F5_R1","Fishery 5  / Region 1","1208",4503,4503.00000016057,"fish","alb","ALB reference"
2020.33333333333,"catch","F5_R1","Fishery 5  / Region 1","1209",35720,35719.9998849404,"fish","alb","ALB reference"
2020.58333333333,"catch","F5_R1","Fishery 5  / Region 1","1210",32229,32228.9997674187,"fish","alb","ALB reference"
2020.83333333333,"catch","F5_R1","Fishery 5  / Region 1","1211",11473,11472.9999992464,"fish","alb","ALB reference"
2021.08333333333,"catch","F5_R1","Fishery 5  / Region 1","1212",9974,9974.00000027413,"fish","alb","ALB reference"
2021.33333333333,"catch","F5_R1","Fishery 5  / Region 1","1213",13558,13557.999977747,"fish","alb","ALB reference"
2021.58333333333,"catch","F5_R1","Fishery 5  / Region 1","1214",25386,25385.9999791339,"fish","alb","ALB reference"
2021.83333333333,"catch","F5_R1","Fishery 5  / Region 1","1215",6205,6204.99999979933,"fish","alb","ALB reference"
2022.08333333333,"catch","F5_R1","Fishery 5  / Region 1","1216",14967,14967.0000004433,"fish","alb","ALB reference"
2022.33333333333,"catch","F5_R1","Fishery 5  / Region 1","1217",39869,39868.9998483908,"fish","alb","ALB reference"
2022.58333333333,"catch","F5_R1","Fishery 5  / Region 1","1218",58455,58454.999038673,"fish","alb","ALB reference"
1982.08333333333,"catch","F6_R1","Fishery 6  / Region 1","1219",527,526.999999985758,"fish","alb","ALB reference"
1982.33333333333,"catch","F6_R1","Fishery 6  / Region 1","1220",2412,2411.99999989326,"fish","alb","ALB reference"
1982.58333333333,"catch","F6_R1","Fishery 6  / Region 1","1221",2322,2322.00000002531,"fish","alb","ALB reference"
1983.33333333333,"catch","F6_R1","Fishery 6  / Region 1","1222",3175,3174.99999991421,"fish","alb","ALB reference"
1983.58333333333,"catch","F6_R1","Fishery 6  / Region 1","1223",5201,5201.00000004406,"fish","alb","ALB reference"
1983.83333333333,"catch","F6_R1","Fishery 6  / Region 1","1224",670,669.999999976111,"fish","alb","ALB reference"
1984.08333333333,"catch","F6_R1","Fishery 6  / Region 1","1225",4075,4074.99999986047,"fish","alb","ALB reference"
1984.33333333333,"catch","F6_R1","Fishery 6  / Region 1","1226",4448,4447.99999988324,"fish","alb","ALB reference"
1984.58333333333,"catch","F6_R1","Fishery 6  / Region 1","1227",4763,4763.00000013658,"fish","alb","ALB reference"
1984.83333333333,"catch","F6_R1","Fishery 6  / Region 1","1228",32,31.9999999988883,"fish","alb","ALB reference"
1985.08333333333,"catch","F6_R1","Fishery 6  / Region 1","1229",431,430.999999985098,"fish","alb","ALB reference"
1985.33333333333,"catch","F6_R1","Fishery 6  / Region 1","1230",1123,1122.999999974,"fish","alb","ALB reference"
1985.58333333333,"catch","F6_R1","Fishery 6  / Region 1","1231",6511,6511.00000020324,"fish","alb","ALB reference"
1985.83333333333,"catch","F6_R1","Fishery 6  / Region 1","1232",8367,8366.99999973306,"fish","alb","ALB reference"
1986.08333333333,"catch","F6_R1","Fishery 6  / Region 1","1233",2788,2787.99999991346,"fish","alb","ALB reference"
1986.33333333333,"catch","F6_R1","Fishery 6  / Region 1","1234",583,582.999999987422,"fish","alb","ALB reference"
1986.58333333333,"catch","F6_R1","Fishery 6  / Region 1","1235",5537,5537.00000014559,"fish","alb","ALB reference"
1986.83333333333,"catch","F6_R1","Fishery 6  / Region 1","1236",5853,5852.99999978209,"fish","alb","ALB reference"
1987.08333333333,"catch","F6_R1","Fishery 6  / Region 1","1237",4247,4246.99999985337,"fish","alb","ALB reference"
1987.33333333333,"catch","F6_R1","Fishery 6  / Region 1","1238",4141,4140.99999988674,"fish","alb","ALB reference"
1987.58333333333,"catch","F6_R1","Fishery 6  / Region 1","1239",6285,6285.00000019248,"fish","alb","ALB reference"
1987.83333333333,"catch","F6_R1","Fishery 6  / Region 1","1240",16832,16831.9999995087,"fish","alb","ALB reference"
1988.08333333333,"catch","F6_R1","Fishery 6  / Region 1","1241",6824,6823.99999979865,"fish","alb","ALB reference"
1988.33333333333,"catch","F6_R1","Fishery 6  / Region 1","1242",6141,6140.99999984241,"fish","alb","ALB reference"
1988.58333333333,"catch","F6_R1","Fishery 6  / Region 1","1243",8228,8228.0000002336,"fish","alb","ALB reference"
1988.83333333333,"catch","F6_R1","Fishery 6  / Region 1","1244",19448,19447.9999994077,"fish","alb","ALB reference"
1989.08333333333,"catch","F6_R1","Fishery 6  / Region 1","1245",6590,6590.0000011858,"fish","alb","ALB reference"
1989.33333333333,"catch","F6_R1","Fishery 6  / Region 1","1246",5495,5494.99999984712,"fish","alb","ALB reference"
1989.58333333333,"catch","F6_R1","Fishery 6  / Region 1","1247",10261,10261.000000304,"fish","alb","ALB reference"
1989.83333333333,"catch","F6_R1","Fishery 6  / Region 1","1248",15198,15197.9999994443,"fish","alb","ALB reference"
1990.08333333333,"catch","F6_R1","Fishery 6  / Region 1","1249",10608,10607.9999996445,"fish","alb","ALB reference"
1990.33333333333,"catch","F6_R1","Fishery 6  / Region 1","1250",18743,18742.9999994471,"fish","alb","ALB reference"
1990.58333333333,"catch","F6_R1","Fishery 6  / Region 1","1251",19704,19704.000000574,"fish","alb","ALB reference"
1990.83333333333,"catch","F6_R1","Fishery 6  / Region 1","1252",17452,17451.9999994725,"fish","alb","ALB reference"
1991.08333333333,"catch","F6_R1","Fishery 6  / Region 1","1253",11278,11277.9999996155,"fish","alb","ALB reference"
1991.33333333333,"catch","F6_R1","Fishery 6  / Region 1","1254",20518,20517.9999994142,"fish","alb","ALB reference"
1991.58333333333,"catch","F6_R1","Fishery 6  / Region 1","1255",24215,24215.0000002016,"fish","alb","ALB reference"
1991.83333333333,"catch","F6_R1","Fishery 6  / Region 1","1256",12789,12788.9999995678,"fish","alb","ALB reference"
1992.08333333333,"catch","F6_R1","Fishery 6  / Region 1","1257",7120,7120.00000028153,"fish","alb","ALB reference"
1992.33333333333,"catch","F6_R1","Fishery 6  / Region 1","1258",13723,13722.9999996471,"fish","alb","ALB reference"
1992.58333333333,"catch","F6_R1","Fishery 6  / Region 1","1259",21326,21326.000000123,"fish","alb","ALB reference"
1992.83333333333,"catch","F6_R1","Fishery 6  / Region 1","1260",27630,27629.9999989472,"fish","alb","ALB reference"
1993.08333333333,"catch","F6_R1","Fishery 6  / Region 1","1261",28478,28478.0000011388,"fish","alb","ALB reference"
1993.33333333333,"catch","F6_R1","Fishery 6  / Region 1","1262",32634,32633.9999992042,"fish","alb","ALB reference"
1993.58333333333,"catch","F6_R1","Fishery 6  / Region 1","1263",25928,25928.0000008368,"fish","alb","ALB reference"
1993.83333333333,"catch","F6_R1","Fishery 6  / Region 1","1264",16189,16188.9999994675,"fish","alb","ALB reference"
1994.08333333333,"catch","F6_R1","Fishery 6  / Region 1","1265",23463,23463.0000008917,"fish","alb","ALB reference"
1994.33333333333,"catch","F6_R1","Fishery 6  / Region 1","1266",35151,35150.9999991312,"fish","alb","ALB reference"
1994.58333333333,"catch","F6_R1","Fishery 6  / Region 1","1267",53299,53299.0000014836,"fish","alb","ALB reference"
1994.83333333333,"catch","F6_R1","Fishery 6  / Region 1","1268",84213,84212.9999974775,"fish","alb","ALB reference"
1995.08333333333,"catch","F6_R1","Fishery 6  / Region 1","1269",37670,37670.0000014502,"fish","alb","ALB reference"
1995.33333333333,"catch","F6_R1","Fishery 6  / Region 1","1270",75604,75603.9999978613,"fish","alb","ALB reference"
1995.58333333333,"catch","F6_R1","Fishery 6  / Region 1","1271",73175,73175.0000022249,"fish","alb","ALB reference"
1995.83333333333,"catch","F6_R1","Fishery 6  / Region 1","1272",62136,62135.9999984505,"fish","alb","ALB reference"
1996.08333333333,"catch","F6_R1","Fishery 6  / Region 1","1273",36961,36961.0000014544,"fish","alb","ALB reference"
1996.33333333333,"catch","F6_R1","Fishery 6  / Region 1","1274",75317,75316.9999981816,"fish","alb","ALB reference"
1996.58333333333,"catch","F6_R1","Fishery 6  / Region 1","1275",118096,118096.000003831,"fish","alb","ALB reference"
1996.83333333333,"catch","F6_R1","Fishery 6  / Region 1","1276",111487,111486.999996891,"fish","alb","ALB reference"
1997.08333333333,"catch","F6_R1","Fishery 6  / Region 1","1277",76457,76457.0000029558,"fish","alb","ALB reference"
1997.33333333333,"catch","F6_R1","Fishery 6  / Region 1","1278",117694,117693.999996931,"fish","alb","ALB reference"
1997.58333333333,"catch","F6_R1","Fishery 6  / Region 1","1279",177566,177566.000004635,"fish","alb","ALB reference"
1997.83333333333,"catch","F6_R1","Fishery 6  / Region 1","1280",213160,213159.999994523,"fish","alb","ALB reference"
1998.08333333333,"catch","F6_R1","Fishery 6  / Region 1","1281",97382,97382.0000036307,"fish","alb","ALB reference"
1998.33333333333,"catch","F6_R1","Fishery 6  / Region 1","1282",219621,219620.999975416,"fish","alb","ALB reference"
1998.58333333333,"catch","F6_R1","Fishery 6  / Region 1","1283",206493,206492.999971549,"fish","alb","ALB reference"
1998.83333333333,"catch","F6_R1","Fishery 6  / Region 1","1284",186971,186970.999994729,"fish","alb","ALB reference"
1999.08333333333,"catch","F6_R1","Fishery 6  / Region 1","1285",126567,126567.000005031,"fish","alb","ALB reference"
1999.33333333333,"catch","F6_R1","Fishery 6  / Region 1","1286",148566,148565.999996489,"fish","alb","ALB reference"
1999.58333333333,"catch","F6_R1","Fishery 6  / Region 1","1287",162162,162162.000005489,"fish","alb","ALB reference"
1999.83333333333,"catch","F6_R1","Fishery 6  / Region 1","1288",188353,188352.999995212,"fish","alb","ALB reference"
2000.08333333333,"catch","F6_R1","Fishery 6  / Region 1","1289",135824,135824.00000546,"fish","alb","ALB reference"
2000.33333333333,"catch","F6_R1","Fishery 6  / Region 1","1290",183807,183806.999995513,"fish","alb","ALB reference"
2000.58333333333,"catch","F6_R1","Fishery 6  / Region 1","1291",168367,168367.000005698,"fish","alb","ALB reference"
2000.83333333333,"catch","F6_R1","Fishery 6  / Region 1","1292",209866,209865.99999452,"fish","alb","ALB reference"
2001.08333333333,"catch","F6_R1","Fishery 6  / Region 1","1293",194561,194561.000006928,"fish","alb","ALB reference"
2001.33333333333,"catch","F6_R1","Fishery 6  / Region 1","1294",269254,269253.999968356,"fish","alb","ALB reference"
2001.58333333333,"catch","F6_R1","Fishery 6  / Region 1","1295",450863,450862.999886975,"fish","alb","ALB reference"
2001.83333333333,"catch","F6_R1","Fishery 6  / Region 1","1296",357107,357106.999985459,"fish","alb","ALB reference"
2002.08333333333,"catch","F6_R1","Fishery 6  / Region 1","1297",252739,252739.000007634,"fish","alb","ALB reference"
2002.33333333333,"catch","F6_R1","Fishery 6  / Region 1","1298",478994,478993.99568757,"fish","alb","ALB reference"
2002.58333333333,"catch","F6_R1","Fishery 6  / Region 1","1299",395201,395200.998692416,"fish","alb","ALB reference"
2002.83333333333,"catch","F6_R1","Fishery 6  / Region 1","1300",290026,290025.999978436,"fish","alb","ALB reference"
2003.08333333333,"catch","F6_R1","Fishery 6  / Region 1","1301",170122,170121.999999471,"fish","alb","ALB reference"
2003.33333333333,"catch","F6_R1","Fishery 6  / Region 1","1302",252929,252928.999865158,"fish","alb","ALB reference"
2003.58333333333,"catch","F6_R1","Fishery 6  / Region 1","1303",299326,299325.999788288,"fish","alb","ALB reference"
2003.83333333333,"catch","F6_R1","Fishery 6  / Region 1","1304",347861,347860.999984335,"fish","alb","ALB reference"
2004.08333333333,"catch","F6_R1","Fishery 6  / Region 1","1305",156127,156127.000005623,"fish","alb","ALB reference"
2004.33333333333,"catch","F6_R1","Fishery 6  / Region 1","1306",278136,278135.999707809,"fish","alb","ALB reference"
2004.58333333333,"catch","F6_R1","Fishery 6  / Region 1","1307",393790,393789.998138253,"fish","alb","ALB reference"
2004.83333333333,"catch","F6_R1","Fishery 6  / Region 1","1308",340199,340198.999989676,"fish","alb","ALB reference"
2005.08333333333,"catch","F6_R1","Fishery 6  / Region 1","1309",179810,179810.000006156,"fish","alb","ALB reference"
2005.33333333333,"catch","F6_R1","Fishery 6  / Region 1","1310",354076,354075.99928424,"fish","alb","ALB reference"
2005.58333333333,"catch","F6_R1","Fishery 6  / Region 1","1311",380948,380947.998603461,"fish","alb","ALB reference"
2005.83333333333,"catch","F6_R1","Fishery 6  / Region 1","1312",391544,391543.999988228,"fish","alb","ALB reference"
2006.08333333333,"catch","F6_R1","Fishery 6  / Region 1","1313",248013,248013.000009018,"fish","alb","ALB reference"
2006.33333333333,"catch","F6_R1","Fishery 6  / Region 1","1314",457655,457654.999855589,"fish","alb","ALB reference"
2006.58333333333,"catch","F6_R1","Fishery 6  / Region 1","1315",510660,510659.999751271,"fish","alb","ALB reference"
2006.83333333333,"catch","F6_R1","Fishery 6  / Region 1","1316",392128,392127.999987013,"fish","alb","ALB reference"
2007.08333333333,"catch","F6_R1","Fishery 6  / Region 1","1317",282401,282401.00001083,"fish","alb","ALB reference"
2007.33333333333,"catch","F6_R1","Fishery 6  / Region 1","1318",360175,360174.999984108,"fish","alb","ALB reference"
2007.58333333333,"catch","F6_R1","Fishery 6  / Region 1","1319",519351,519350.999787567,"fish","alb","ALB reference"
2007.83333333333,"catch","F6_R1","Fishery 6  / Region 1","1320",364407,364406.999990866,"fish","alb","ALB reference"
2008.08333333333,"catch","F6_R1","Fishery 6  / Region 1","1321",216144,216144.000008501,"fish","alb","ALB reference"
2008.33333333333,"catch","F6_R1","Fishery 6  / Region 1","1322",358370,358369.999983551,"fish","alb","ALB reference"
2008.58333333333,"catch","F6_R1","Fishery 6  / Region 1","1323",337945,337944.999991243,"fish","alb","ALB reference"
2008.83333333333,"catch","F6_R1","Fishery 6  / Region 1","1324",324827,324826.999992087,"fish","alb","ALB reference"
2009.08333333333,"catch","F6_R1","Fishery 6  / Region 1","1325",254319,254319.0000096,"fish","alb","ALB reference"
2009.33333333333,"catch","F6_R1","Fishery 6  / Region 1","1326",422875,422874.999355525,"fish","alb","ALB reference"
2009.58333333333,"catch","F6_R1","Fishery 6  / Region 1","1327",435633,435632.996263691,"fish","alb","ALB reference"
2009.83333333333,"catch","F6_R1","Fishery 6  / Region 1","1328",320499,320498.999977125,"fish","alb","ALB reference"
2010.08333333333,"catch","F6_R1","Fishery 6  / Region 1","1329",288760,288759.99999688,"fish","alb","ALB reference"
2010.33333333333,"catch","F6_R1","Fishery 6  / Region 1","1330",637225,637224.992793379,"fish","alb","ALB reference"
2010.58333333333,"catch","F6_R1","Fishery 6  / Region 1","1331",549147,549146.985179601,"fish","alb","ALB reference"
2010.83333333333,"catch","F6_R1","Fishery 6  / Region 1","1332",404385,404384.999742761,"fish","alb","ALB reference"
2011.08333333333,"catch","F6_R1","Fishery 6  / Region 1","1333",192153,192153.000006654,"fish","alb","ALB reference"
2011.33333333333,"catch","F6_R1","Fishery 6  / Region 1","1334",304934,304933.99993775,"fish","alb","ALB reference"
2011.58333333333,"catch","F6_R1","Fishery 6  / Region 1","1335",285272,285271.99982163,"fish","alb","ALB reference"
2011.83333333333,"catch","F6_R1","Fishery 6  / Region 1","1336",382435,382434.999979803,"fish","alb","ALB reference"
2012.08333333333,"catch","F6_R1","Fishery 6  / Region 1","1337",177927,177927.000006896,"fish","alb","ALB reference"
2012.33333333333,"catch","F6_R1","Fishery 6  / Region 1","1338",355270,355269.999594122,"fish","alb","ALB reference"
2012.58333333333,"catch","F6_R1","Fishery 6  / Region 1","1339",367337,367336.999177429,"fish","alb","ALB reference"
2012.83333333333,"catch","F6_R1","Fishery 6  / Region 1","1340",325112,325111.999961828,"fish","alb","ALB reference"
2013.08333333333,"catch","F6_R1","Fishery 6  / Region 1","1341",173758,173758.000006142,"fish","alb","ALB reference"
2013.33333333333,"catch","F6_R1","Fishery 6  / Region 1","1342",384912,384911.998978096,"fish","alb","ALB reference"
2013.58333333333,"catch","F6_R1","Fishery 6  / Region 1","1343",308276,308275.997874646,"fish","alb","ALB reference"
2013.83333333333,"catch","F6_R1","Fishery 6  / Region 1","1344",261485,261484.99996141,"fish","alb","ALB reference"
2014.08333333333,"catch","F6_R1","Fishery 6  / Region 1","1345",320745,320745.000012106,"fish","alb","ALB reference"
2014.33333333333,"catch","F6_R1","Fishery 6  / Region 1","1346",453806,453805.999425371,"fish","alb","ALB reference"
2014.58333333333,"catch","F6_R1","Fishery 6  / Region 1","1347",494658,494657.998187358,"fish","alb","ALB reference"
2014.83333333333,"catch","F6_R1","Fishery 6  / Region 1","1348",492565,492564.999986864,"fish","alb","ALB reference"
2015.08333333333,"catch","F6_R1","Fishery 6  / Region 1","1349",363126,363126.000014295,"fish","alb","ALB reference"
2015.33333333333,"catch","F6_R1","Fishery 6  / Region 1","1350",447614,447613.999777609,"fish","alb","ALB reference"
2015.58333333333,"catch","F6_R1","Fishery 6  / Region 1","1351",427548,427547.999230086,"fish","alb","ALB reference"
2015.83333333333,"catch","F6_R1","Fishery 6  / Region 1","1352",531093,531092.999984252,"fish","alb","ALB reference"
2016.08333333333,"catch","F6_R1","Fishery 6  / Region 1","1353",206674,206674.000008269,"fish","alb","ALB reference"
2016.33333333333,"catch","F6_R1","Fishery 6  / Region 1","1354",283327,283326.999860266,"fish","alb","ALB reference"
2016.58333333333,"catch","F6_R1","Fishery 6  / Region 1","1355",334922,334921.998697219,"fish","alb","ALB reference"
2016.83333333333,"catch","F6_R1","Fishery 6  / Region 1","1356",267570,267569.999992044,"fish","alb","ALB reference"
2017.08333333333,"catch","F6_R1","Fishery 6  / Region 1","1357",170607,170607.000006548,"fish","alb","ALB reference"
2017.33333333333,"catch","F6_R1","Fishery 6  / Region 1","1358",320643,320642.999600681,"fish","alb","ALB reference"
2017.58333333333,"catch","F6_R1","Fishery 6  / Region 1","1359",326771,326770.999106725,"fish","alb","ALB reference"
2017.83333333333,"catch","F6_R1","Fishery 6  / Region 1","1360",271732,271731.999988193,"fish","alb","ALB reference"
2018.08333333333,"catch","F6_R1","Fishery 6  / Region 1","1361",206905,206905.000007488,"fish","alb","ALB reference"
2018.33333333333,"catch","F6_R1","Fishery 6  / Region 1","1362",275815,275814.999839229,"fish","alb","ALB reference"
2018.58333333333,"catch","F6_R1","Fishery 6  / Region 1","1363",345104,345103.998963385,"fish","alb","ALB reference"
2018.83333333333,"catch","F6_R1","Fishery 6  / Region 1","1364",245891,245890.999991613,"fish","alb","ALB reference"
2019.08333333333,"catch","F6_R1","Fishery 6  / Region 1","1365",254838,254838.000009324,"fish","alb","ALB reference"
2019.33333333333,"catch","F6_R1","Fishery 6  / Region 1","1366",317169,317168.999595266,"fish","alb","ALB reference"
2019.58333333333,"catch","F6_R1","Fishery 6  / Region 1","1367",285618,285617.997767347,"fish","alb","ALB reference"
2019.83333333333,"catch","F6_R1","Fishery 6  / Region 1","1368",280920,280919.999985,"fish","alb","ALB reference"
2020.08333333333,"catch","F6_R1","Fishery 6  / Region 1","1369",162891,162891.000005809,"fish","alb","ALB reference"
2020.33333333333,"catch","F6_R1","Fishery 6  / Region 1","1370",244389,244388.999212785,"fish","alb","ALB reference"
2020.58333333333,"catch","F6_R1","Fishery 6  / Region 1","1371",247746,247745.998212135,"fish","alb","ALB reference"
2020.83333333333,"catch","F6_R1","Fishery 6  / Region 1","1372",182730,182729.999987998,"fish","alb","ALB reference"
2021.08333333333,"catch","F6_R1","Fishery 6  / Region 1","1373",194381,194381.000005343,"fish","alb","ALB reference"
2021.33333333333,"catch","F6_R1","Fishery 6  / Region 1","1374",217991,217990.999642207,"fish","alb","ALB reference"
2021.58333333333,"catch","F6_R1","Fishery 6  / Region 1","1375",198261,198260.999837039,"fish","alb","ALB reference"
2021.83333333333,"catch","F6_R1","Fishery 6  / Region 1","1376",233720,233719.999992442,"fish","alb","ALB reference"
2022.08333333333,"catch","F6_R1","Fishery 6  / Region 1","1377",208617,208617.000006179,"fish","alb","ALB reference"
2022.33333333333,"catch","F6_R1","Fishery 6  / Region 1","1378",369043,369042.998596646,"fish","alb","ALB reference"
2022.58333333333,"catch","F6_R1","Fishery 6  / Region 1","1379",342954,342953.994359919,"fish","alb","ALB reference"
1987.58333333333,"catch","F7_R1","Fishery 7  / Region 1","1380",657,657.000000018108,"fish","alb","ALB reference"
1987.83333333333,"catch","F7_R1","Fishery 7  / Region 1","1381",1140,1139.99999996036,"fish","alb","ALB reference"
1988.58333333333,"catch","F7_R1","Fishery 7  / Region 1","1382",1318,1318.00000003251,"fish","alb","ALB reference"
1988.83333333333,"catch","F7_R1","Fishery 7  / Region 1","1383",1209,1208.99999995221,"fish","alb","ALB reference"
1989.58333333333,"catch","F7_R1","Fishery 7  / Region 1","1384",27,27.0000000007089,"fish","alb","ALB reference"
1990.33333333333,"catch","F7_R1","Fishery 7  / Region 1","1385",46,45.999999998401,"fish","alb","ALB reference"
1990.58333333333,"catch","F7_R1","Fishery 7  / Region 1","1386",2188,2188.00000005736,"fish","alb","ALB reference"
1990.83333333333,"catch","F7_R1","Fishery 7  / Region 1","1387",2061,2060.9999999271,"fish","alb","ALB reference"
1991.08333333333,"catch","F7_R1","Fishery 7  / Region 1","1388",31,30.999999998508,"fish","alb","ALB reference"
1991.33333333333,"catch","F7_R1","Fishery 7  / Region 1","1389",155,154.999999994805,"fish","alb","ALB reference"
1991.58333333333,"catch","F7_R1","Fishery 7  / Region 1","1390",126,126.000000001183,"fish","alb","ALB reference"
1991.83333333333,"catch","F7_R1","Fishery 7  / Region 1","1391",71,70.9999999972686,"fish","alb","ALB reference"
1992.08333333333,"catch","F7_R1","Fishery 7  / Region 1","1392",711,711.00000001715,"fish","alb","ALB reference"
1992.33333333333,"catch","F7_R1","Fishery 7  / Region 1","1393",266,265.999999991432,"fish","alb","ALB reference"
1992.58333333333,"catch","F7_R1","Fishery 7  / Region 1","1394",58,58.0000000004882,"fish","alb","ALB reference"
1992.83333333333,"catch","F7_R1","Fishery 7  / Region 1","1395",8,7.99999999962467,"fish","alb","ALB reference"
1993.08333333333,"catch","F7_R1","Fishery 7  / Region 1","1396",26,26.0000000005633,"fish","alb","ALB reference"
1993.33333333333,"catch","F7_R1","Fishery 7  / Region 1","1397",354,353.999999988666,"fish","alb","ALB reference"
1993.58333333333,"catch","F7_R1","Fishery 7  / Region 1","1398",481,481.000000013467,"fish","alb","ALB reference"
1993.83333333333,"catch","F7_R1","Fishery 7  / Region 1","1399",124,123.999999995143,"fish","alb","ALB reference"
1994.08333333333,"catch","F7_R1","Fishery 7  / Region 1","1400",1147,1147.00000002302,"fish","alb","ALB reference"
1994.33333333333,"catch","F7_R1","Fishery 7  / Region 1","1401",3196,3195.99999990024,"fish","alb","ALB reference"
1994.58333333333,"catch","F7_R1","Fishery 7  / Region 1","1402",1865,1865.00000004789,"fish","alb","ALB reference"
1994.83333333333,"catch","F7_R1","Fishery 7  / Region 1","1403",414,413.999999985183,"fish","alb","ALB reference"
1995.08333333333,"catch","F7_R1","Fishery 7  / Region 1","1404",1679,1679.00000003577,"fish","alb","ALB reference"
1995.33333333333,"catch","F7_R1","Fishery 7  / Region 1","1405",3070,3069.99999989255,"fish","alb","ALB reference"
1995.58333333333,"catch","F7_R1","Fishery 7  / Region 1","1406",3038,3038.00000008323,"fish","alb","ALB reference"
1995.83333333333,"catch","F7_R1","Fishery 7  / Region 1","1407",1779,1778.99999994556,"fish","alb","ALB reference"
1996.08333333333,"catch","F7_R1","Fishery 7  / Region 1","1408",2578,2578.00000005948,"fish","alb","ALB reference"
1996.33333333333,"catch","F7_R1","Fishery 7  / Region 1","1409",3497,3496.99999989375,"fish","alb","ALB reference"
1996.58333333333,"catch","F7_R1","Fishery 7  / Region 1","1410",1513,1513.0000000436,"fish","alb","ALB reference"
1996.83333333333,"catch","F7_R1","Fishery 7  / Region 1","1411",110,109.999999996364,"fish","alb","ALB reference"
1997.08333333333,"catch","F7_R1","Fishery 7  / Region 1","1412",355,355.0000000084,"fish","alb","ALB reference"
1997.33333333333,"catch","F7_R1","Fishery 7  / Region 1","1413",1293,1292.99999996038,"fish","alb","ALB reference"
1997.58333333333,"catch","F7_R1","Fishery 7  / Region 1","1414",1360,1360.00000003243,"fish","alb","ALB reference"
1997.83333333333,"catch","F7_R1","Fishery 7  / Region 1","1415",466,465.999999985691,"fish","alb","ALB reference"
1998.08333333333,"catch","F7_R1","Fishery 7  / Region 1","1416",1366,1366.00000003062,"fish","alb","ALB reference"
1998.33333333333,"catch","F7_R1","Fishery 7  / Region 1","1417",2735,2734.99999978345,"fish","alb","ALB reference"
1998.58333333333,"catch","F7_R1","Fishery 7  / Region 1","1418",1485,1484.99999982815,"fish","alb","ALB reference"
1998.83333333333,"catch","F7_R1","Fishery 7  / Region 1","1419",469,468.999999984233,"fish","alb","ALB reference"
1999.08333333333,"catch","F7_R1","Fishery 7  / Region 1","1420",1805,1805.0000000414,"fish","alb","ALB reference"
1999.33333333333,"catch","F7_R1","Fishery 7  / Region 1","1421",3651,3650.99999989091,"fish","alb","ALB reference"
1999.58333333333,"catch","F7_R1","Fishery 7  / Region 1","1422",1594,1594.00000004771,"fish","alb","ALB reference"
1999.83333333333,"catch","F7_R1","Fishery 7  / Region 1","1423",301,300.999999990702,"fish","alb","ALB reference"
2000.08333333333,"catch","F7_R1","Fishery 7  / Region 1","1424",1075,1075.00000002529,"fish","alb","ALB reference"
2000.33333333333,"catch","F7_R1","Fishery 7  / Region 1","1425",2610,2609.99999992266,"fish","alb","ALB reference"
2000.58333333333,"catch","F7_R1","Fishery 7  / Region 1","1426",3033,3033.00000009097,"fish","alb","ALB reference"
2000.83333333333,"catch","F7_R1","Fishery 7  / Region 1","1427",173,172.999999994673,"fish","alb","ALB reference"
2001.08333333333,"catch","F7_R1","Fishery 7  / Region 1","1428",1324,1324.00000002707,"fish","alb","ALB reference"
2001.33333333333,"catch","F7_R1","Fishery 7  / Region 1","1429",2772,2771.99999975851,"fish","alb","ALB reference"
2001.58333333333,"catch","F7_R1","Fishery 7  / Region 1","1430",5239,5238.99999878152,"fish","alb","ALB reference"
2001.83333333333,"catch","F7_R1","Fishery 7  / Region 1","1431",1661,1660.99999991565,"fish","alb","ALB reference"
2002.08333333333,"catch","F7_R1","Fishery 7  / Region 1","1432",1687,1687.00000002725,"fish","alb","ALB reference"
2002.33333333333,"catch","F7_R1","Fishery 7  / Region 1","1433",5632,5631.99996970772,"fish","alb","ALB reference"
2002.58333333333,"catch","F7_R1","Fishery 7  / Region 1","1434",3479,3478.99999062538,"fish","alb","ALB reference"
2002.83333333333,"catch","F7_R1","Fishery 7  / Region 1","1435",1151,1150.9999998721,"fish","alb","ALB reference"
2003.08333333333,"catch","F7_R1","Fishery 7  / Region 1","1436",2026,2025.99999994064,"fish","alb","ALB reference"
2003.33333333333,"catch","F7_R1","Fishery 7  / Region 1","1437",2313,2312.99999902382,"fish","alb","ALB reference"
2003.58333333333,"catch","F7_R1","Fishery 7  / Region 1","1438",1686,1685.99999884367,"fish","alb","ALB reference"
2003.83333333333,"catch","F7_R1","Fishery 7  / Region 1","1439",726,725.999999947706,"fish","alb","ALB reference"
2004.08333333333,"catch","F7_R1","Fishery 7  / Region 1","1440",513,513.000000005266,"fish","alb","ALB reference"
2004.33333333333,"catch","F7_R1","Fishery 7  / Region 1","1441",2854,2853.99999830661,"fish","alb","ALB reference"
2004.58333333333,"catch","F7_R1","Fishery 7  / Region 1","1442",1242,1241.99999544666,"fish","alb","ALB reference"
2004.83333333333,"catch","F7_R1","Fishery 7  / Region 1","1443",293,292.999999987664,"fish","alb","ALB reference"
2005.08333333333,"catch","F7_R1","Fishery 7  / Region 1","1444",651,651.000000004714,"fish","alb","ALB reference"
2005.33333333333,"catch","F7_R1","Fishery 7  / Region 1","1445",6047,6046.99999039538,"fish","alb","ALB reference"
2005.58333333333,"catch","F7_R1","Fishery 7  / Region 1","1446",2612,2611.99999211236,"fish","alb","ALB reference"
2005.83333333333,"catch","F7_R1","Fishery 7  / Region 1","1447",5233,5232.99999976838,"fish","alb","ALB reference"
2006.08333333333,"catch","F7_R1","Fishery 7  / Region 1","1448",8091,8091.00000003111,"fish","alb","ALB reference"
2006.33333333333,"catch","F7_R1","Fishery 7  / Region 1","1449",27685,27684.9999931858,"fish","alb","ALB reference"
2006.58333333333,"catch","F7_R1","Fishery 7  / Region 1","1450",41005,41004.9999831319,"fish","alb","ALB reference"
2006.83333333333,"catch","F7_R1","Fishery 7  / Region 1","1451",36276,36275.9999978915,"fish","alb","ALB reference"
2007.08333333333,"catch","F7_R1","Fishery 7  / Region 1","1452",27857,27856.9999995014,"fish","alb","ALB reference"
2007.33333333333,"catch","F7_R1","Fishery 7  / Region 1","1453",9662,9661.99999950779,"fish","alb","ALB reference"
2007.58333333333,"catch","F7_R1","Fishery 7  / Region 1","1454",11482,11481.9999959347,"fish","alb","ALB reference"
2007.83333333333,"catch","F7_R1","Fishery 7  / Region 1","1455",4347,4346.99999983857,"fish","alb","ALB reference"
2008.08333333333,"catch","F7_R1","Fishery 7  / Region 1","1456",2941,2941.00000001406,"fish","alb","ALB reference"
2008.33333333333,"catch","F7_R1","Fishery 7  / Region 1","1457",3680,3679.99999981501,"fish","alb","ALB reference"
2008.58333333333,"catch","F7_R1","Fishery 7  / Region 1","1458",4974,4973.99999987386,"fish","alb","ALB reference"
2008.83333333333,"catch","F7_R1","Fishery 7  / Region 1","1459",10278,10277.9999996667,"fish","alb","ALB reference"
2009.08333333333,"catch","F7_R1","Fishery 7  / Region 1","1460",11425,11425.000000133,"fish","alb","ALB reference"
2009.33333333333,"catch","F7_R1","Fishery 7  / Region 1","1461",13028,13027.9999846386,"fish","alb","ALB reference"
2009.58333333333,"catch","F7_R1","Fishery 7  / Region 1","1462",7410,7409.9999429667,"fish","alb","ALB reference"
2009.83333333333,"catch","F7_R1","Fishery 7  / Region 1","1463",11364,11363.9999986178,"fish","alb","ALB reference"
2010.08333333333,"catch","F7_R1","Fishery 7  / Region 1","1464",8749,8748.99999966586,"fish","alb","ALB reference"
2010.33333333333,"catch","F7_R1","Fishery 7  / Region 1","1465",9214,9213.99992162088,"fish","alb","ALB reference"
2010.58333333333,"catch","F7_R1","Fishery 7  / Region 1","1466",4658,4657.99989699453,"fish","alb","ALB reference"
2010.83333333333,"catch","F7_R1","Fishery 7  / Region 1","1467",5085,5084.99999349089,"fish","alb","ALB reference"
2011.08333333333,"catch","F7_R1","Fishery 7  / Region 1","1468",2292,2291.99999999528,"fish","alb","ALB reference"
2011.33333333333,"catch","F7_R1","Fishery 7  / Region 1","1469",2297,2296.99999961768,"fish","alb","ALB reference"
2011.58333333333,"catch","F7_R1","Fishery 7  / Region 1","1470",3702,3701.9999981062,"fish","alb","ALB reference"
2011.83333333333,"catch","F7_R1","Fishery 7  / Region 1","1471",1910,1909.99999980558,"fish","alb","ALB reference"
2012.08333333333,"catch","F7_R1","Fishery 7  / Region 1","1472",402,402.000000000336,"fish","alb","ALB reference"
2012.33333333333,"catch","F7_R1","Fishery 7  / Region 1","1473",2362,2361.99999806284,"fish","alb","ALB reference"
2012.58333333333,"catch","F7_R1","Fishery 7  / Region 1","1474",5677,5676.99998972791,"fish","alb","ALB reference"
2012.83333333333,"catch","F7_R1","Fishery 7  / Region 1","1475",5170,5169.99999890574,"fish","alb","ALB reference"
2013.08333333333,"catch","F7_R1","Fishery 7  / Region 1","1476",2491,2490.99999999976,"fish","alb","ALB reference"
2013.33333333333,"catch","F7_R1","Fishery 7  / Region 1","1477",5740,5739.99998802079,"fish","alb","ALB reference"
2013.58333333333,"catch","F7_R1","Fishery 7  / Region 1","1478",3188,3187.99998236086,"fish","alb","ALB reference"
2013.83333333333,"catch","F7_R1","Fishery 7  / Region 1","1479",4222,4221.9999988416,"fish","alb","ALB reference"
2014.08333333333,"catch","F7_R1","Fishery 7  / Region 1","1480",2317,2317.00000000648,"fish","alb","ALB reference"
2014.33333333333,"catch","F7_R1","Fishery 7  / Region 1","1481",4466,4465.99999591584,"fish","alb","ALB reference"
2014.58333333333,"catch","F7_R1","Fishery 7  / Region 1","1482",3092,3091.9999910997,"fish","alb","ALB reference"
2014.83333333333,"catch","F7_R1","Fishery 7  / Region 1","1483",2660,2659.99999989197,"fish","alb","ALB reference"
2015.08333333333,"catch","F7_R1","Fishery 7  / Region 1","1484",3749,3749.0000000024,"fish","alb","ALB reference"
2015.33333333333,"catch","F7_R1","Fishery 7  / Region 1","1485",3965,3964.99999855443,"fish","alb","ALB reference"
2015.58333333333,"catch","F7_R1","Fishery 7  / Region 1","1486",3582,3581.99999478871,"fish","alb","ALB reference"
2015.83333333333,"catch","F7_R1","Fishery 7  / Region 1","1487",5448,5447.99999975492,"fish","alb","ALB reference"
2016.08333333333,"catch","F7_R1","Fishery 7  / Region 1","1488",5344,5344.00000001184,"fish","alb","ALB reference"
2016.33333333333,"catch","F7_R1","Fishery 7  / Region 1","1489",3650,3649.999998681,"fish","alb","ALB reference"
2016.58333333333,"catch","F7_R1","Fishery 7  / Region 1","1490",2079,2078.99999330734,"fish","alb","ALB reference"
2016.83333333333,"catch","F7_R1","Fishery 7  / Region 1","1491",2179,2178.99999991099,"fish","alb","ALB reference"
2017.08333333333,"catch","F7_R1","Fishery 7  / Region 1","1492",2860,2860.00000001904,"fish","alb","ALB reference"
2017.33333333333,"catch","F7_R1","Fishery 7  / Region 1","1493",4788,4787.99999562578,"fish","alb","ALB reference"
2017.58333333333,"catch","F7_R1","Fishery 7  / Region 1","1494",2666,2665.99999387624,"fish","alb","ALB reference"
2017.83333333333,"catch","F7_R1","Fishery 7  / Region 1","1495",1734,1733.99999987756,"fish","alb","ALB reference"
2018.08333333333,"catch","F7_R1","Fishery 7  / Region 1","1496",3086,3086.00000001585,"fish","alb","ALB reference"
2018.33333333333,"catch","F7_R1","Fishery 7  / Region 1","1497",2390,2389.99999897278,"fish","alb","ALB reference"
2018.58333333333,"catch","F7_R1","Fishery 7  / Region 1","1498",4009,4008.99998991553,"fish","alb","ALB reference"
2018.83333333333,"catch","F7_R1","Fishery 7  / Region 1","1499",509,508.999999972811,"fish","alb","ALB reference"
2019.08333333333,"catch","F7_R1","Fishery 7  / Region 1","1500",3969,3969.00000000708,"fish","alb","ALB reference"
2019.33333333333,"catch","F7_R1","Fishery 7  / Region 1","1501",3124,3123.99999733362,"fish","alb","ALB reference"
2019.58333333333,"catch","F7_R1","Fishery 7  / Region 1","1502",3189,3188.99997917056,"fish","alb","ALB reference"
2019.83333333333,"catch","F7_R1","Fishery 7  / Region 1","1503",3185,3184.99999970234,"fish","alb","ALB reference"
2020.08333333333,"catch","F7_R1","Fishery 7  / Region 1","1504",5390,5389.999999969,"fish","alb","ALB reference"
2020.33333333333,"catch","F7_R1","Fishery 7  / Region 1","1505",6246,6245.99998616142,"fish","alb","ALB reference"
2020.58333333333,"catch","F7_R1","Fishery 7  / Region 1","1506",1411,1410.99999134066,"fish","alb","ALB reference"
2020.83333333333,"catch","F7_R1","Fishery 7  / Region 1","1507",7715,7714.99999923325,"fish","alb","ALB reference"
2021.08333333333,"catch","F7_R1","Fishery 7  / Region 1","1508",5839,5838.99999996324,"fish","alb","ALB reference"
2021.33333333333,"catch","F7_R1","Fishery 7  / Region 1","1509",5858,5857.99999319322,"fish","alb","ALB reference"
2021.58333333333,"catch","F7_R1","Fishery 7  / Region 1","1510",5386,5385.99999664752,"fish","alb","ALB reference"
2021.83333333333,"catch","F7_R1","Fishery 7  / Region 1","1511",3735,3734.99999982567,"fish","alb","ALB reference"
2022.08333333333,"catch","F7_R1","Fishery 7  / Region 1","1512",3579,3578.99999997411,"fish","alb","ALB reference"
2022.33333333333,"catch","F7_R1","Fishery 7  / Region 1","1513",3668,3667.9999885328,"fish","alb","ALB reference"
2022.58333333333,"catch","F7_R1","Fishery 7  / Region 1","1514",1994,1993.99997325818,"fish","alb","ALB reference"
1954.08333333333,"catch","F8_R1","Fishery 8  / Region 1","1515",235,234.999999997736,"fish","alb","ALB reference"
1954.58333333333,"catch","F8_R1","Fishery 8  / Region 1","1516",15222,15222.000000684,"fish","alb","ALB reference"
1954.83333333333,"catch","F8_R1","Fishery 8  / Region 1","1517",69050,69049.9999989701,"fish","alb","ALB reference"
1955.08333333333,"catch","F8_R1","Fishery 8  / Region 1","1518",739,738.999999988622,"fish","alb","ALB reference"
1955.33333333333,"catch","F8_R1","Fishery 8  / Region 1","1519",136,135.999999997901,"fish","alb","ALB reference"
1955.58333333333,"catch","F8_R1","Fishery 8  / Region 1","1520",163085,163085.000007258,"fish","alb","ALB reference"
1955.83333333333,"catch","F8_R1","Fishery 8  / Region 1","1521",25052,25051.9999996228,"fish","alb","ALB reference"
1956.33333333333,"catch","F8_R1","Fishery 8  / Region 1","1522",572,571.999999991186,"fish","alb","ALB reference"
1956.58333333333,"catch","F8_R1","Fishery 8  / Region 1","1523",88001,88001.0000039206,"fish","alb","ALB reference"
1956.83333333333,"catch","F8_R1","Fishery 8  / Region 1","1524",33696,33695.9999994993,"fish","alb","ALB reference"
1957.33333333333,"catch","F8_R1","Fishery 8  / Region 1","1525",2703,2702.99999995854,"fish","alb","ALB reference"
1957.58333333333,"catch","F8_R1","Fishery 8  / Region 1","1526",53528,53528.0000023875,"fish","alb","ALB reference"
1957.83333333333,"catch","F8_R1","Fishery 8  / Region 1","1527",41966,41965.9999993729,"fish","alb","ALB reference"
1958.08333333333,"catch","F8_R1","Fishery 8  / Region 1","1528",2022,2021.99999996891,"fish","alb","ALB reference"
1958.33333333333,"catch","F8_R1","Fishery 8  / Region 1","1529",23468,23467.9999996412,"fish","alb","ALB reference"
1958.58333333333,"catch","F8_R1","Fishery 8  / Region 1","1530",291677,291677.000013012,"fish","alb","ALB reference"
1958.83333333333,"catch","F8_R1","Fishery 8  / Region 1","1531",97474,97473.9999985938,"fish","alb","ALB reference"
1959.33333333333,"catch","F8_R1","Fishery 8  / Region 1","1532",47187,47186.9999992706,"fish","alb","ALB reference"
1959.58333333333,"catch","F8_R1","Fishery 8  / Region 1","1533",284419,284419.000012591,"fish","alb","ALB reference"
1959.83333333333,"catch","F8_R1","Fishery 8  / Region 1","1534",27736,27735.9999995833,"fish","alb","ALB reference"
1960.08333333333,"catch","F8_R1","Fishery 8  / Region 1","1535",427,426.999999993357,"fish","alb","ALB reference"
1960.33333333333,"catch","F8_R1","Fishery 8  / Region 1","1536",67519,67518.9999989691,"fish","alb","ALB reference"
1960.58333333333,"catch","F8_R1","Fishery 8  / Region 1","1537",316569,316569.000013864,"fish","alb","ALB reference"
1960.83333333333,"catch","F8_R1","Fishery 8  / Region 1","1538",12435,12434.9999998099,"fish","alb","ALB reference"
1961.08333333333,"catch","F8_R1","Fishery 8  / Region 1","1539",306,305.99999999514,"fish","alb","ALB reference"
1961.33333333333,"catch","F8_R1","Fishery 8  / Region 1","1540",35727,35726.9999994367,"fish","alb","ALB reference"
1961.58333333333,"catch","F8_R1","Fishery 8  / Region 1","1541",329113,329113.000014135,"fish","alb","ALB reference"
1961.83333333333,"catch","F8_R1","Fishery 8  / Region 1","1542",35636,35635.9999994501,"fish","alb","ALB reference"
1962.08333333333,"catch","F8_R1","Fishery 8  / Region 1","1543",54,53.9999999991169,"fish","alb","ALB reference"
1962.33333333333,"catch","F8_R1","Fishery 8  / Region 1","1544",65720,65719.9999989597,"fish","alb","ALB reference"
1962.58333333333,"catch","F8_R1","Fishery 8  / Region 1","1545",199272,199272.000008271,"fish","alb","ALB reference"
1962.83333333333,"catch","F8_R1","Fishery 8  / Region 1","1546",11580,11579.9999998205,"fish","alb","ALB reference"
1963.08333333333,"catch","F8_R1","Fishery 8  / Region 1","1547",518,517.999999991618,"fish","alb","ALB reference"
1963.33333333333,"catch","F8_R1","Fishery 8  / Region 1","1548",207512,207511.999996825,"fish","alb","ALB reference"
1963.58333333333,"catch","F8_R1","Fishery 8  / Region 1","1549",100561,100561.000004117,"fish","alb","ALB reference"
1963.83333333333,"catch","F8_R1","Fishery 8  / Region 1","1550",38454,38453.9999994256,"fish","alb","ALB reference"
1964.08333333333,"catch","F8_R1","Fishery 8  / Region 1","1551",1044,1043.9999999834,"fish","alb","ALB reference"
1964.33333333333,"catch","F8_R1","Fishery 8  / Region 1","1552",54709,54708.9999991622,"fish","alb","ALB reference"
1964.58333333333,"catch","F8_R1","Fishery 8  / Region 1","1553",199683,199683.000008402,"fish","alb","ALB reference"
1964.83333333333,"catch","F8_R1","Fishery 8  / Region 1","1554",28240,28239.9999995751,"fish","alb","ALB reference"
1965.08333333333,"catch","F8_R1","Fishery 8  / Region 1","1555",749,748.999999988569,"fish","alb","ALB reference"
1965.33333333333,"catch","F8_R1","Fishery 8  / Region 1","1556",83265,83264.9999987647,"fish","alb","ALB reference"
1965.58333333333,"catch","F8_R1","Fishery 8  / Region 1","1557",289639,289639.00001256,"fish","alb","ALB reference"
1965.83333333333,"catch","F8_R1","Fishery 8  / Region 1","1558",55733,55732.9999991752,"fish","alb","ALB reference"
1966.08333333333,"catch","F8_R1","Fishery 8  / Region 1","1559",4281,4280.99999993509,"fish","alb","ALB reference"
1966.33333333333,"catch","F8_R1","Fishery 8  / Region 1","1560",243053,243052.999996516,"fish","alb","ALB reference"
1966.58333333333,"catch","F8_R1","Fishery 8  / Region 1","1561",611776,611776.000026515,"fish","alb","ALB reference"
1966.83333333333,"catch","F8_R1","Fishery 8  / Region 1","1562",58524,58523.9999991069,"fish","alb","ALB reference"
1967.08333333333,"catch","F8_R1","Fishery 8  / Region 1","1563",1861,1860.99999996977,"fish","alb","ALB reference"
1967.33333333333,"catch","F8_R1","Fishery 8  / Region 1","1564",411427,411426.999993996,"fish","alb","ALB reference"
1967.58333333333,"catch","F8_R1","Fishery 8  / Region 1","1565",455651,455651.000019258,"fish","alb","ALB reference"
1967.83333333333,"catch","F8_R1","Fishery 8  / Region 1","1566",15457,15456.9999997623,"fish","alb","ALB reference"
1968.08333333333,"catch","F8_R1","Fishery 8  / Region 1","1567",5018,5017.99999991942,"fish","alb","ALB reference"
1968.33333333333,"catch","F8_R1","Fishery 8  / Region 1","1568",231161,231160.99999653,"fish","alb","ALB reference"
1968.58333333333,"catch","F8_R1","Fishery 8  / Region 1","1569",259909,259909.0000108,"fish","alb","ALB reference"
1968.83333333333,"catch","F8_R1","Fishery 8  / Region 1","1570",38203,38202.9999993933,"fish","alb","ALB reference"
1969.08333333333,"catch","F8_R1","Fishery 8  / Region 1","1571",16353,16352.9999997365,"fish","alb","ALB reference"
1969.33333333333,"catch","F8_R1","Fishery 8  / Region 1","1572",169162,169161.999997373,"fish","alb","ALB reference"
1969.58333333333,"catch","F8_R1","Fishery 8  / Region 1","1573",220912,220912.000009087,"fish","alb","ALB reference"
1969.83333333333,"catch","F8_R1","Fishery 8  / Region 1","1574",17086,17085.9999997268,"fish","alb","ALB reference"
1970.08333333333,"catch","F8_R1","Fishery 8  / Region 1","1575",14680,14679.9999997624,"fish","alb","ALB reference"
1970.33333333333,"catch","F8_R1","Fishery 8  / Region 1","1576",260836,260835.999995964,"fish","alb","ALB reference"
1970.58333333333,"catch","F8_R1","Fishery 8  / Region 1","1577",378706,378706.000015571,"fish","alb","ALB reference"
1970.83333333333,"catch","F8_R1","Fishery 8  / Region 1","1578",29884,29883.9999995312,"fish","alb","ALB reference"
1971.08333333333,"catch","F8_R1","Fishery 8  / Region 1","1579",28119,28118.9999995384,"fish","alb","ALB reference"
1971.33333333333,"catch","F8_R1","Fishery 8  / Region 1","1580",369587,369586.999994295,"fish","alb","ALB reference"
1971.58333333333,"catch","F8_R1","Fishery 8  / Region 1","1581",528424,528424.000020932,"fish","alb","ALB reference"
1971.83333333333,"catch","F8_R1","Fishery 8  / Region 1","1582",17609,17608.9999997022,"fish","alb","ALB reference"
1972.08333333333,"catch","F8_R1","Fishery 8  / Region 1","1583",19263,19262.9999996718,"fish","alb","ALB reference"
1972.33333333333,"catch","F8_R1","Fishery 8  / Region 1","1584",366815,366814.999994078,"fish","alb","ALB reference"
1972.58333333333,"catch","F8_R1","Fishery 8  / Region 1","1585",427092,427092.000013667,"fish","alb","ALB reference"
1972.83333333333,"catch","F8_R1","Fishery 8  / Region 1","1586",28401,28400.9999995153,"fish","alb","ALB reference"
1973.08333333333,"catch","F8_R1","Fishery 8  / Region 1","1587",22455,22454.9999996176,"fish","alb","ALB reference"
1973.33333333333,"catch","F8_R1","Fishery 8  / Region 1","1588",577656,577655.999990491,"fish","alb","ALB reference"
1973.58333333333,"catch","F8_R1","Fishery 8  / Region 1","1589",610399,610399.000023301,"fish","alb","ALB reference"
1973.83333333333,"catch","F8_R1","Fishery 8  / Region 1","1590",118750,118749.999997895,"fish","alb","ALB reference"
1974.08333333333,"catch","F8_R1","Fishery 8  / Region 1","1591",155099,155098.999997367,"fish","alb","ALB reference"
1974.33333333333,"catch","F8_R1","Fishery 8  / Region 1","1592",873468,873467.999986512,"fish","alb","ALB reference"
1974.58333333333,"catch","F8_R1","Fishery 8  / Region 1","1593",337505,337505.000012683,"fish","alb","ALB reference"
1974.83333333333,"catch","F8_R1","Fishery 8  / Region 1","1594",36322,36321.9999993954,"fish","alb","ALB reference"
1975.08333333333,"catch","F8_R1","Fishery 8  / Region 1","1595",55435,55434.999999034,"fish","alb","ALB reference"
1975.33333333333,"catch","F8_R1","Fishery 8  / Region 1","1596",391939,391938.999993698,"fish","alb","ALB reference"
1975.58333333333,"catch","F8_R1","Fishery 8  / Region 1","1597",216940,216940.000008937,"fish","alb","ALB reference"
1975.83333333333,"catch","F8_R1","Fishery 8  / Region 1","1598",1141,1140.99999998165,"fish","alb","ALB reference"
1976.08333333333,"catch","F8_R1","Fishery 8  / Region 1","1599",7214,7213.99999987894,"fish","alb","ALB reference"
1976.33333333333,"catch","F8_R1","Fishery 8  / Region 1","1600",189735,189734.999996968,"fish","alb","ALB reference"
1976.58333333333,"catch","F8_R1","Fishery 8  / Region 1","1601",399646,399646.000015098,"fish","alb","ALB reference"
1976.83333333333,"catch","F8_R1","Fishery 8  / Region 1","1602",13470,13469.9999997643,"fish","alb","ALB reference"
1977.08333333333,"catch","F8_R1","Fishery 8  / Region 1","1603",3851,3850.99999993805,"fish","alb","ALB reference"
1977.33333333333,"catch","F8_R1","Fishery 8  / Region 1","1604",468959,468958.999992834,"fish","alb","ALB reference"
1977.58333333333,"catch","F8_R1","Fishery 8  / Region 1","1605",566128,566128.000022839,"fish","alb","ALB reference"
1977.83333333333,"catch","F8_R1","Fishery 8  / Region 1","1606",6165,6164.99999989245,"fish","alb","ALB reference"
1978.08333333333,"catch","F8_R1","Fishery 8  / Region 1","1607",7936,7935.99999986686,"fish","alb","ALB reference"
1978.33333333333,"catch","F8_R1","Fishery 8  / Region 1","1608",740587,740586.999989396,"fish","alb","ALB reference"
1978.58333333333,"catch","F8_R1","Fishery 8  / Region 1","1609",400404,400404.000016912,"fish","alb","ALB reference"
1978.83333333333,"catch","F8_R1","Fishery 8  / Region 1","1610",1443,1442.99999997552,"fish","alb","ALB reference"
1979.08333333333,"catch","F8_R1","Fishery 8  / Region 1","1611",14771,14770.9999997298,"fish","alb","ALB reference"
1979.33333333333,"catch","F8_R1","Fishery 8  / Region 1","1612",519736,519735.999991802,"fish","alb","ALB reference"
1979.58333333333,"catch","F8_R1","Fishery 8  / Region 1","1613",332071,332071.000013638,"fish","alb","ALB reference"
1979.83333333333,"catch","F8_R1","Fishery 8  / Region 1","1614",7402,7401.99999987057,"fish","alb","ALB reference"
1980.08333333333,"catch","F8_R1","Fishery 8  / Region 1","1615",12186,12185.9999997701,"fish","alb","ALB reference"
1980.33333333333,"catch","F8_R1","Fishery 8  / Region 1","1616",373467,373466.999993762,"fish","alb","ALB reference"
1980.58333333333,"catch","F8_R1","Fishery 8  / Region 1","1617",647105,647105.00002383,"fish","alb","ALB reference"
1980.83333333333,"catch","F8_R1","Fishery 8  / Region 1","1618",6935,6934.99999987952,"fish","alb","ALB reference"
1981.08333333333,"catch","F8_R1","Fishery 8  / Region 1","1619",36324,36323.9999993658,"fish","alb","ALB reference"
1981.33333333333,"catch","F8_R1","Fishery 8  / Region 1","1620",631289,631288.999990203,"fish","alb","ALB reference"
1981.58333333333,"catch","F8_R1","Fishery 8  / Region 1","1621",340285,340285.000012949,"fish","alb","ALB reference"
1981.83333333333,"catch","F8_R1","Fishery 8  / Region 1","1622",9717,9716.99999981966,"fish","alb","ALB reference"
1982.08333333333,"catch","F8_R1","Fishery 8  / Region 1","1623",86465,86464.9999983775,"fish","alb","ALB reference"
1982.33333333333,"catch","F8_R1","Fishery 8  / Region 1","1624",536468,536467.999989364,"fish","alb","ALB reference"
1982.58333333333,"catch","F8_R1","Fishery 8  / Region 1","1625",256716,256716.000009718,"fish","alb","ALB reference"
1982.83333333333,"catch","F8_R1","Fishery 8  / Region 1","1626",9006,9005.99999977461,"fish","alb","ALB reference"
1983.08333333333,"catch","F8_R1","Fishery 8  / Region 1","1627",41556,41555.9999989565,"fish","alb","ALB reference"
1983.33333333333,"catch","F8_R1","Fishery 8  / Region 1","1628",568694,568693.999988709,"fish","alb","ALB reference"
1983.58333333333,"catch","F8_R1","Fishery 8  / Region 1","1629",341464,341464.000013139,"fish","alb","ALB reference"
1983.83333333333,"catch","F8_R1","Fishery 8  / Region 1","1630",9402,9401.99999974805,"fish","alb","ALB reference"
1984.08333333333,"catch","F8_R1","Fishery 8  / Region 1","1631",53967,53966.9999985912,"fish","alb","ALB reference"
1984.33333333333,"catch","F8_R1","Fishery 8  / Region 1","1632",510294,510293.999989094,"fish","alb","ALB reference"
1984.58333333333,"catch","F8_R1","Fishery 8  / Region 1","1633",200557,200557.000008234,"fish","alb","ALB reference"
1984.83333333333,"catch","F8_R1","Fishery 8  / Region 1","1634",1803,1802.99999995005,"fish","alb","ALB reference"
1985.08333333333,"catch","F8_R1","Fishery 8  / Region 1","1635",31078,31077.9999991219,"fish","alb","ALB reference"
1985.33333333333,"catch","F8_R1","Fishery 8  / Region 1","1636",643989,643988.999986963,"fish","alb","ALB reference"
1985.58333333333,"catch","F8_R1","Fishery 8  / Region 1","1637",286948,286948.000011764,"fish","alb","ALB reference"
1985.83333333333,"catch","F8_R1","Fishery 8  / Region 1","1638",3037,3036.99999992416,"fish","alb","ALB reference"
1986.08333333333,"catch","F8_R1","Fishery 8  / Region 1","1639",20435,20434.9999995082,"fish","alb","ALB reference"
1986.33333333333,"catch","F8_R1","Fishery 8  / Region 1","1640",775307,775306.999985757,"fish","alb","ALB reference"
1986.58333333333,"catch","F8_R1","Fishery 8  / Region 1","1641",329722,329722.000013206,"fish","alb","ALB reference"
1986.83333333333,"catch","F8_R1","Fishery 8  / Region 1","1642",2233,2232.99999993085,"fish","alb","ALB reference"
1987.08333333333,"catch","F8_R1","Fishery 8  / Region 1","1643",22538,22537.999999334,"fish","alb","ALB reference"
1987.33333333333,"catch","F8_R1","Fishery 8  / Region 1","1644",405273,405272.999990331,"fish","alb","ALB reference"
1987.58333333333,"catch","F8_R1","Fishery 8  / Region 1","1645",276165,276165.00001117,"fish","alb","ALB reference"
1987.83333333333,"catch","F8_R1","Fishery 8  / Region 1","1646",12404,12403.9999997018,"fish","alb","ALB reference"
1988.08333333333,"catch","F8_R1","Fishery 8  / Region 1","1647",121129,121128.999998005,"fish","alb","ALB reference"
1988.33333333333,"catch","F8_R1","Fishery 8  / Region 1","1648",481705,481704.999990032,"fish","alb","ALB reference"
1988.58333333333,"catch","F8_R1","Fishery 8  / Region 1","1649",339626,339626.000013447,"fish","alb","ALB reference"
1988.83333333333,"catch","F8_R1","Fishery 8  / Region 1","1650",2799,2799.00000024445,"fish","alb","ALB reference"
1989.08333333333,"catch","F8_R1","Fishery 8  / Region 1","1651",182127,182126.999217187,"fish","alb","ALB reference"
1989.33333333333,"catch","F8_R1","Fishery 8  / Region 1","1652",309539,309538.999992442,"fish","alb","ALB reference"
1989.58333333333,"catch","F8_R1","Fishery 8  / Region 1","1653",277417,277417.000011028,"fish","alb","ALB reference"
1989.83333333333,"catch","F8_R1","Fishery 8  / Region 1","1654",2789,2788.99999992701,"fish","alb","ALB reference"
1990.08333333333,"catch","F8_R1","Fishery 8  / Region 1","1655",3643,3642.99999989382,"fish","alb","ALB reference"
1990.33333333333,"catch","F8_R1","Fishery 8  / Region 1","1656",235700,235699.999994551,"fish","alb","ALB reference"
1990.58333333333,"catch","F8_R1","Fishery 8  / Region 1","1657",272576,272576.000011151,"fish","alb","ALB reference"
1990.83333333333,"catch","F8_R1","Fishery 8  / Region 1","1658",4253,4252.99999989198,"fish","alb","ALB reference"
1991.08333333333,"catch","F8_R1","Fishery 8  / Region 1","1659",1588,1587.99999995944,"fish","alb","ALB reference"
1991.33333333333,"catch","F8_R1","Fishery 8  / Region 1","1660",445618,445617.99999015,"fish","alb","ALB reference"
1991.58333333333,"catch","F8_R1","Fishery 8  / Region 1","1661",401736,401736.000015394,"fish","alb","ALB reference"
1991.83333333333,"catch","F8_R1","Fishery 8  / Region 1","1662",1637,1636.99999994978,"fish","alb","ALB reference"
1992.08333333333,"catch","F8_R1","Fishery 8  / Region 1","1663",360976,360976.000015665,"fish","alb","ALB reference"
1992.33333333333,"catch","F8_R1","Fishery 8  / Region 1","1664",629443,629442.999986202,"fish","alb","ALB reference"
1992.58333333333,"catch","F8_R1","Fishery 8  / Region 1","1665",473359,473359.00001796,"fish","alb","ALB reference"
1992.83333333333,"catch","F8_R1","Fishery 8  / Region 1","1666",194820,194819.99999443,"fish","alb","ALB reference"
1993.08333333333,"catch","F8_R1","Fishery 8  / Region 1","1667",279662,279662.000011885,"fish","alb","ALB reference"
1993.33333333333,"catch","F8_R1","Fishery 8  / Region 1","1668",631115,631114.999986198,"fish","alb","ALB reference"
1993.58333333333,"catch","F8_R1","Fishery 8  / Region 1","1669",310344,310344.000013075,"fish","alb","ALB reference"
1993.83333333333,"catch","F8_R1","Fishery 8  / Region 1","1670",76164,76163.9999977885,"fish","alb","ALB reference"
1994.08333333333,"catch","F8_R1","Fishery 8  / Region 1","1671",195985,195985.000008697,"fish","alb","ALB reference"
1994.33333333333,"catch","F8_R1","Fishery 8  / Region 1","1672",562399,562398.99998787,"fish","alb","ALB reference"
1994.58333333333,"catch","F8_R1","Fishery 8  / Region 1","1673",365847,365847.00001511,"fish","alb","ALB reference"
1994.83333333333,"catch","F8_R1","Fishery 8  / Region 1","1674",46397,46396.9999986989,"fish","alb","ALB reference"
1995.08333333333,"catch","F8_R1","Fishery 8  / Region 1","1675",6589,6589.0000002805,"fish","alb","ALB reference"
1995.33333333333,"catch","F8_R1","Fishery 8  / Region 1","1676",183242,183241.9999953,"fish","alb","ALB reference"
1995.58333333333,"catch","F8_R1","Fishery 8  / Region 1","1677",250588,250588.000010513,"fish","alb","ALB reference"
1995.83333333333,"catch","F8_R1","Fishery 8  / Region 1","1678",29355,29354.9999993263,"fish","alb","ALB reference"
1996.08333333333,"catch","F8_R1","Fishery 8  / Region 1","1679",88035,88035.0000038099,"fish","alb","ALB reference"
1996.33333333333,"catch","F8_R1","Fishery 8  / Region 1","1680",460764,460763.999990513,"fish","alb","ALB reference"
1996.58333333333,"catch","F8_R1","Fishery 8  / Region 1","1681",203799,203799.000008654,"fish","alb","ALB reference"
1996.83333333333,"catch","F8_R1","Fishery 8  / Region 1","1682",7301,7300.99999983017,"fish","alb","ALB reference"
1997.08333333333,"catch","F8_R1","Fishery 8  / Region 1","1683",44783,44783.0000019491,"fish","alb","ALB reference"
1997.33333333333,"catch","F8_R1","Fishery 8  / Region 1","1684",564935,564934.999988964,"fish","alb","ALB reference"
1997.58333333333,"catch","F8_R1","Fishery 8  / Region 1","1685",270209,270209.000011323,"fish","alb","ALB reference"
1997.83333333333,"catch","F8_R1","Fishery 8  / Region 1","1686",16417,16416.9999996286,"fish","alb","ALB reference"
1998.08333333333,"catch","F8_R1","Fishery 8  / Region 1","1687",17963,17963.0000008641,"fish","alb","ALB reference"
1998.33333333333,"catch","F8_R1","Fishery 8  / Region 1","1688",609923,609922.999981262,"fish","alb","ALB reference"
1998.58333333333,"catch","F8_R1","Fishery 8  / Region 1","1689",248363,248363.000003166,"fish","alb","ALB reference"
1998.83333333333,"catch","F8_R1","Fishery 8  / Region 1","1690",12702,12701.9999996967,"fish","alb","ALB reference"
1999.08333333333,"catch","F8_R1","Fishery 8  / Region 1","1691",88207,88207.0000038468,"fish","alb","ALB reference"
1999.33333333333,"catch","F8_R1","Fishery 8  / Region 1","1692",371026,371025.999992721,"fish","alb","ALB reference"
1999.58333333333,"catch","F8_R1","Fishery 8  / Region 1","1693",202165,202165.000008492,"fish","alb","ALB reference"
1999.83333333333,"catch","F8_R1","Fishery 8  / Region 1","1694",3763,3762.99999991575,"fish","alb","ALB reference"
2000.08333333333,"catch","F8_R1","Fishery 8  / Region 1","1695",47640,47640.0000020784,"fish","alb","ALB reference"
2000.33333333333,"catch","F8_R1","Fishery 8  / Region 1","1696",301227,301226.999993965,"fish","alb","ALB reference"
2000.58333333333,"catch","F8_R1","Fishery 8  / Region 1","1697",257588,257588.000010663,"fish","alb","ALB reference"
2000.83333333333,"catch","F8_R1","Fishery 8  / Region 1","1698",12535,12534.9999996841,"fish","alb","ALB reference"
2001.08333333333,"catch","F8_R1","Fishery 8  / Region 1","1699",20235,20235.0000008957,"fish","alb","ALB reference"
2001.33333333333,"catch","F8_R1","Fishery 8  / Region 1","1700",397755,397754.999984533,"fish","alb","ALB reference"
2001.58333333333,"catch","F8_R1","Fishery 8  / Region 1","1701",391237,391236.999989789,"fish","alb","ALB reference"
2001.83333333333,"catch","F8_R1","Fishery 8  / Region 1","1702",72047,72046.9999982768,"fish","alb","ALB reference"
2002.08333333333,"catch","F8_R1","Fishery 8  / Region 1","1703",19544,19544.0000008711,"fish","alb","ALB reference"
2002.33333333333,"catch","F8_R1","Fishery 8  / Region 1","1704",695936,695935.999095912,"fish","alb","ALB reference"
2002.58333333333,"catch","F8_R1","Fishery 8  / Region 1","1705",464413,464412.999752079,"fish","alb","ALB reference"
2002.83333333333,"catch","F8_R1","Fishery 8  / Region 1","1706",9923,9922.99999969263,"fish","alb","ALB reference"
2003.08333333333,"catch","F8_R1","Fishery 8  / Region 1","1707",50663,50663.0000022102,"fish","alb","ALB reference"
2003.33333333333,"catch","F8_R1","Fishery 8  / Region 1","1708",374767,374766.999959702,"fish","alb","ALB reference"
2003.58333333333,"catch","F8_R1","Fishery 8  / Region 1","1709",590121,590120.999939885,"fish","alb","ALB reference"
2003.83333333333,"catch","F8_R1","Fishery 8  / Region 1","1710",37405,37404.9999990765,"fish","alb","ALB reference"
2004.08333333333,"catch","F8_R1","Fishery 8  / Region 1","1711",35316,35316.0000015058,"fish","alb","ALB reference"
2004.33333333333,"catch","F8_R1","Fishery 8  / Region 1","1712",736787,736786.999886201,"fish","alb","ALB reference"
2004.58333333333,"catch","F8_R1","Fishery 8  / Region 1","1713",664802,664801.999502703,"fish","alb","ALB reference"
2004.83333333333,"catch","F8_R1","Fishery 8  / Region 1","1714",12821,12820.9999996903,"fish","alb","ALB reference"
2005.08333333333,"catch","F8_R1","Fishery 8  / Region 1","1715",13828,13828.0000006041,"fish","alb","ALB reference"
2005.33333333333,"catch","F8_R1","Fishery 8  / Region 1","1716",725039,725038.999811011,"fish","alb","ALB reference"
2005.58333333333,"catch","F8_R1","Fishery 8  / Region 1","1717",777713,777712.999649183,"fish","alb","ALB reference"
2005.83333333333,"catch","F8_R1","Fishery 8  / Region 1","1718",8216,8215.99999980407,"fish","alb","ALB reference"
2006.08333333333,"catch","F8_R1","Fishery 8  / Region 1","1719",31615,31615.0000014063,"fish","alb","ALB reference"
2006.33333333333,"catch","F8_R1","Fishery 8  / Region 1","1720",332254,332253.999979693,"fish","alb","ALB reference"
2006.58333333333,"catch","F8_R1","Fishery 8  / Region 1","1721",387313,387312.999983477,"fish","alb","ALB reference"
2006.83333333333,"catch","F8_R1","Fishery 8  / Region 1","1722",15831,15830.9999996314,"fish","alb","ALB reference"
2007.08333333333,"catch","F8_R1","Fishery 8  / Region 1","1723",4392,4392.00000018996,"fish","alb","ALB reference"
2007.33333333333,"catch","F8_R1","Fishery 8  / Region 1","1724",215980,215979.999994769,"fish","alb","ALB reference"
2007.58333333333,"catch","F8_R1","Fishery 8  / Region 1","1725",359096,359095.999980682,"fish","alb","ALB reference"
2007.83333333333,"catch","F8_R1","Fishery 8  / Region 1","1726",31633,31632.9999993379,"fish","alb","ALB reference"
2008.08333333333,"catch","F8_R1","Fishery 8  / Region 1","1727",2368,2368.00000010119,"fish","alb","ALB reference"
2008.33333333333,"catch","F8_R1","Fishery 8  / Region 1","1728",165496,165495.999995903,"fish","alb","ALB reference"
2008.58333333333,"catch","F8_R1","Fishery 8  / Region 1","1729",248672,248672.000007596,"fish","alb","ALB reference"
2008.83333333333,"catch","F8_R1","Fishery 8  / Region 1","1730",6082,6081.99999986063,"fish","alb","ALB reference"
2009.08333333333,"catch","F8_R1","Fishery 8  / Region 1","1731",9165,9165.00000039477,"fish","alb","ALB reference"
2009.33333333333,"catch","F8_R1","Fishery 8  / Region 1","1732",355192,355191.999905286,"fish","alb","ALB reference"
2009.58333333333,"catch","F8_R1","Fishery 8  / Region 1","1733",401486,401485.999487843,"fish","alb","ALB reference"
2009.83333333333,"catch","F8_R1","Fishery 8  / Region 1","1734",1368,1367.99999996403,"fish","alb","ALB reference"
2010.08333333333,"catch","F8_R1","Fishery 8  / Region 1","1735",63240,63240.0000025199,"fish","alb","ALB reference"
2010.33333333333,"catch","F8_R1","Fishery 8  / Region 1","1736",464226,464225.999286011,"fish","alb","ALB reference"
2010.58333333333,"catch","F8_R1","Fishery 8  / Region 1","1737",691738,691737.997462405,"fish","alb","ALB reference"
2010.83333333333,"catch","F8_R1","Fishery 8  / Region 1","1738",71026,71025.999994191,"fish","alb","ALB reference"
2011.08333333333,"catch","F8_R1","Fishery 8  / Region 1","1739",15738,15738.000000682,"fish","alb","ALB reference"
2011.33333333333,"catch","F8_R1","Fishery 8  / Region 1","1740",265404,265403.999988422,"fish","alb","ALB reference"
2011.58333333333,"catch","F8_R1","Fishery 8  / Region 1","1741",341957,341956.999982173,"fish","alb","ALB reference"
2011.83333333333,"catch","F8_R1","Fishery 8  / Region 1","1742",22197,22196.9999994717,"fish","alb","ALB reference"
2012.08333333333,"catch","F8_R1","Fishery 8  / Region 1","1743",23902,23902.0000010391,"fish","alb","ALB reference"
2012.33333333333,"catch","F8_R1","Fishery 8  / Region 1","1744",287027,287026.99993811,"fish","alb","ALB reference"
2012.58333333333,"catch","F8_R1","Fishery 8  / Region 1","1745",345292,345291.999886142,"fish","alb","ALB reference"
2012.83333333333,"catch","F8_R1","Fishery 8  / Region 1","1746",32946,32945.9999988368,"fish","alb","ALB reference"
2013.08333333333,"catch","F8_R1","Fishery 8  / Region 1","1747",20285,20285.0000008976,"fish","alb","ALB reference"
2013.33333333333,"catch","F8_R1","Fishery 8  / Region 1","1748",356216,356215.999863518,"fish","alb","ALB reference"
2013.58333333333,"catch","F8_R1","Fishery 8  / Region 1","1749",535982,535981.999541338,"fish","alb","ALB reference"
2013.83333333333,"catch","F8_R1","Fishery 8  / Region 1","1750",51452,51451.9999982095,"fish","alb","ALB reference"
2014.08333333333,"catch","F8_R1","Fishery 8  / Region 1","1751",8030,8030.00000035826,"fish","alb","ALB reference"
2014.33333333333,"catch","F8_R1","Fishery 8  / Region 1","1752",511722,511721.999904948,"fish","alb","ALB reference"
2014.58333333333,"catch","F8_R1","Fishery 8  / Region 1","1753",557904,557903.999696933,"fish","alb","ALB reference"
2014.83333333333,"catch","F8_R1","Fishery 8  / Region 1","1754",35819,35818.999999236,"fish","alb","ALB reference"
2015.08333333333,"catch","F8_R1","Fishery 8  / Region 1","1755",3912,3912.00000017231,"fish","alb","ALB reference"
2015.33333333333,"catch","F8_R1","Fishery 8  / Region 1","1756",432744,432743.999955098,"fish","alb","ALB reference"
2015.58333333333,"catch","F8_R1","Fishery 8  / Region 1","1757",616192,616191.999806242,"fish","alb","ALB reference"
2015.83333333333,"catch","F8_R1","Fishery 8  / Region 1","1758",38047,38046.9999990687,"fish","alb","ALB reference"
2016.08333333333,"catch","F8_R1","Fishery 8  / Region 1","1759",8129,8129.0000003527,"fish","alb","ALB reference"
2016.33333333333,"catch","F8_R1","Fishery 8  / Region 1","1760",424965,424964.999954472,"fish","alb","ALB reference"
2016.58333333333,"catch","F8_R1","Fishery 8  / Region 1","1761",597914,597913.999551535,"fish","alb","ALB reference"
2016.83333333333,"catch","F8_R1","Fishery 8  / Region 1","1762",55635,55634.9999985718,"fish","alb","ALB reference"
2017.08333333333,"catch","F8_R1","Fishery 8  / Region 1","1763",9981,9981.00000043805,"fish","alb","ALB reference"
2017.33333333333,"catch","F8_R1","Fishery 8  / Region 1","1764",579534,579533.999871202,"fish","alb","ALB reference"
2017.58333333333,"catch","F8_R1","Fishery 8  / Region 1","1765",701884,701883.999703111,"fish","alb","ALB reference"
2017.83333333333,"catch","F8_R1","Fishery 8  / Region 1","1766",23196,23195.9999994516,"fish","alb","ALB reference"
2018.08333333333,"catch","F8_R1","Fishery 8  / Region 1","1767",6769,6769.00000029845,"fish","alb","ALB reference"
2018.33333333333,"catch","F8_R1","Fishery 8  / Region 1","1768",498284,498283.999950404,"fish","alb","ALB reference"
2018.58333333333,"catch","F8_R1","Fishery 8  / Region 1","1769",689068,689067.999681537,"fish","alb","ALB reference"
2018.83333333333,"catch","F8_R1","Fishery 8  / Region 1","1770",8978,8977.99999978233,"fish","alb","ALB reference"
2019.08333333333,"catch","F8_R1","Fishery 8  / Region 1","1771",4079,4079.00000017603,"fish","alb","ALB reference"
2019.33333333333,"catch","F8_R1","Fishery 8  / Region 1","1772",462920,462919.999879303,"fish","alb","ALB reference"
2019.58333333333,"catch","F8_R1","Fishery 8  / Region 1","1773",456910,456909.999218825,"fish","alb","ALB reference"
2019.83333333333,"catch","F8_R1","Fishery 8  / Region 1","1774",20253,20252.9999994728,"fish","alb","ALB reference"
2020.08333333333,"catch","F8_R1","Fishery 8  / Region 1","1775",7604,7604.00000032222,"fish","alb","ALB reference"
2020.33333333333,"catch","F8_R1","Fishery 8  / Region 1","1776",554780,554779.999689419,"fish","alb","ALB reference"
2020.58333333333,"catch","F8_R1","Fishery 8  / Region 1","1777",769400,769399.998998761,"fish","alb","ALB reference"
2020.83333333333,"catch","F8_R1","Fishery 8  / Region 1","1778",57191,57190.999998351,"fish","alb","ALB reference"
2021.08333333333,"catch","F8_R1","Fishery 8  / Region 1","1779",3593,3593.00000016239,"fish","alb","ALB reference"
2021.33333333333,"catch","F8_R1","Fishery 8  / Region 1","1780",356087,356086.999932216,"fish","alb","ALB reference"
2021.58333333333,"catch","F8_R1","Fishery 8  / Region 1","1781",397974,397973.999979456,"fish","alb","ALB reference"
2021.83333333333,"catch","F8_R1","Fishery 8  / Region 1","1782",8848,8847.99999979802,"fish","alb","ALB reference"
2022.08333333333,"catch","F8_R1","Fishery 8  / Region 1","1783",4206,4206.00000018905,"fish","alb","ALB reference"
2022.33333333333,"catch","F8_R1","Fishery 8  / Region 1","1784",344455,344454.999829314,"fish","alb","ALB reference"
2022.58333333333,"catch","F8_R1","Fishery 8  / Region 1","1785",496028,496027.99899206,"fish","alb","ALB reference"
1984.58333333333,"catch","F9_R1","Fishery 9  / Region 1","1786",32,32.0000000012493,"fish","alb","ALB reference"
1986.58333333333,"catch","F9_R1","Fishery 9  / Region 1","1787",7802,7802.00000028331,"fish","alb","ALB reference"
1986.83333333333,"catch","F9_R1","Fishery 9  / Region 1","1788",11,10.9999999996434,"fish","alb","ALB reference"
1987.08333333333,"catch","F9_R1","Fishery 9  / Region 1","1789",1,0.99999999996907,"fish","alb","ALB reference"
1987.33333333333,"catch","F9_R1","Fishery 9  / Region 1","1790",3000,2999.99999992817,"fish","alb","ALB reference"
1987.58333333333,"catch","F9_R1","Fishery 9  / Region 1","1791",6143,6143.00000023805,"fish","alb","ALB reference"
1987.83333333333,"catch","F9_R1","Fishery 9  / Region 1","1792",1640,1639.99999995887,"fish","alb","ALB reference"
1988.08333333333,"catch","F9_R1","Fishery 9  / Region 1","1793",11,10.9999999997559,"fish","alb","ALB reference"
1988.58333333333,"catch","F9_R1","Fishery 9  / Region 1","1794",624,624.000000023277,"fish","alb","ALB reference"
1989.08333333333,"catch","F9_R1","Fishery 9  / Region 1","1795",167,166.999999730162,"fish","alb","ALB reference"
1989.33333333333,"catch","F9_R1","Fishery 9  / Region 1","1796",111,110.999999997252,"fish","alb","ALB reference"
1990.58333333333,"catch","F9_R1","Fishery 9  / Region 1","1797",3886,3886.00000014557,"fish","alb","ALB reference"
1991.08333333333,"catch","F9_R1","Fishery 9  / Region 1","1798",52,51.9999999985047,"fish","alb","ALB reference"
1991.33333333333,"catch","F9_R1","Fishery 9  / Region 1","1799",755,754.999999982539,"fish","alb","ALB reference"
1991.58333333333,"catch","F9_R1","Fishery 9  / Region 1","1800",2379,2379.0000000705,"fish","alb","ALB reference"
1991.83333333333,"catch","F9_R1","Fishery 9  / Region 1","1801",767,766.999999975634,"fish","alb","ALB reference"
1992.33333333333,"catch","F9_R1","Fishery 9  / Region 1","1802",1803,1802.99999996081,"fish","alb","ALB reference"
1992.58333333333,"catch","F9_R1","Fishery 9  / Region 1","1803",1356,1356.00000004175,"fish","alb","ALB reference"
1992.83333333333,"catch","F9_R1","Fishery 9  / Region 1","1804",119,118.999999996431,"fish","alb","ALB reference"
1993.08333333333,"catch","F9_R1","Fishery 9  / Region 1","1805",6,6.00000000026775,"fish","alb","ALB reference"
1993.33333333333,"catch","F9_R1","Fishery 9  / Region 1","1806",254,253.999999994548,"fish","alb","ALB reference"
1994.33333333333,"catch","F9_R1","Fishery 9  / Region 1","1807",1406,1405.99999996964,"fish","alb","ALB reference"
1994.58333333333,"catch","F9_R1","Fishery 9  / Region 1","1808",448,448.000000016616,"fish","alb","ALB reference"
1994.83333333333,"catch","F9_R1","Fishery 9  / Region 1","1809",62,61.9999999982396,"fish","alb","ALB reference"
1995.08333333333,"catch","F9_R1","Fishery 9  / Region 1","1810",2,2.00000000008842,"fish","alb","ALB reference"
1995.33333333333,"catch","F9_R1","Fishery 9  / Region 1","1811",2,1.99999999994927,"fish","alb","ALB reference"
1995.58333333333,"catch","F9_R1","Fishery 9  / Region 1","1812",1453,1453.00000005773,"fish","alb","ALB reference"
1995.83333333333,"catch","F9_R1","Fishery 9  / Region 1","1813",179,178.999999995937,"fish","alb","ALB reference"
1996.58333333333,"catch","F9_R1","Fishery 9  / Region 1","1814",23,23.0000000009127,"fish","alb","ALB reference"
1996.83333333333,"catch","F9_R1","Fishery 9  / Region 1","1815",6055,6054.99999985249,"fish","alb","ALB reference"
1997.33333333333,"catch","F9_R1","Fishery 9  / Region 1","1816",1,0.99999999997921,"fish","alb","ALB reference"
1997.58333333333,"catch","F9_R1","Fishery 9  / Region 1","1817",1859,1859.00000007034,"fish","alb","ALB reference"
1998.33333333333,"catch","F9_R1","Fishery 9  / Region 1","1818",709,708.99999996414,"fish","alb","ALB reference"
1998.58333333333,"catch","F9_R1","Fishery 9  / Region 1","1819",2052,2051.9999999676,"fish","alb","ALB reference"
1999.08333333333,"catch","F9_R1","Fishery 9  / Region 1","1820",81,81.000000003638,"fish","alb","ALB reference"
1999.33333333333,"catch","F9_R1","Fishery 9  / Region 1","1821",940,939.999999981408,"fish","alb","ALB reference"
1999.58333333333,"catch","F9_R1","Fishery 9  / Region 1","1822",3380,3380.00000013789,"fish","alb","ALB reference"
1999.83333333333,"catch","F9_R1","Fishery 9  / Region 1","1823",302,301.999999993132,"fish","alb","ALB reference"
2000.08333333333,"catch","F9_R1","Fishery 9  / Region 1","1824",241,241.000000010705,"fish","alb","ALB reference"
2000.33333333333,"catch","F9_R1","Fishery 9  / Region 1","1825",195,194.999999995977,"fish","alb","ALB reference"
2000.58333333333,"catch","F9_R1","Fishery 9  / Region 1","1826",458,458.000000018148,"fish","alb","ALB reference"
2001.08333333333,"catch","F9_R1","Fishery 9  / Region 1","1827",14,14.0000000005907,"fish","alb","ALB reference"
2001.33333333333,"catch","F9_R1","Fishery 9  / Region 1","1828",3531,3530.9999997516,"fish","alb","ALB reference"
2001.58333333333,"catch","F9_R1","Fishery 9  / Region 1","1829",10429,10428.9999987769,"fish","alb","ALB reference"
2001.83333333333,"catch","F9_R1","Fishery 9  / Region 1","1830",280,279.999999992778,"fish","alb","ALB reference"
2002.08333333333,"catch","F9_R1","Fishery 9  / Region 1","1831",28,28.0000000011917,"fish","alb","ALB reference"
2002.33333333333,"catch","F9_R1","Fishery 9  / Region 1","1832",2290,2289.99999251116,"fish","alb","ALB reference"
2002.58333333333,"catch","F9_R1","Fishery 9  / Region 1","1833",16258,16257.9999801402,"fish","alb","ALB reference"
2003.08333333333,"catch","F9_R1","Fishery 9  / Region 1","1834",9,9.00000000031972,"fish","alb","ALB reference"
2003.33333333333,"catch","F9_R1","Fishery 9  / Region 1","1835",1874,1873.9999995845,"fish","alb","ALB reference"
2003.58333333333,"catch","F9_R1","Fishery 9  / Region 1","1836",48380,48379.9999879935,"fish","alb","ALB reference"
2003.83333333333,"catch","F9_R1","Fishery 9  / Region 1","1837",1975,1974.99999994992,"fish","alb","ALB reference"
2004.08333333333,"catch","F9_R1","Fishery 9  / Region 1","1838",328,328.000000014173,"fish","alb","ALB reference"
2004.33333333333,"catch","F9_R1","Fishery 9  / Region 1","1839",4985,4984.99999754316,"fish","alb","ALB reference"
2004.58333333333,"catch","F9_R1","Fishery 9  / Region 1","1840",30815,30814.9999256893,"fish","alb","ALB reference"
2004.83333333333,"catch","F9_R1","Fishery 9  / Region 1","1841",406,405.999999990067,"fish","alb","ALB reference"
2005.08333333333,"catch","F9_R1","Fishery 9  / Region 1","1842",138,138.00000000615,"fish","alb","ALB reference"
2005.33333333333,"catch","F9_R1","Fishery 9  / Region 1","1843",770,769.999999471052,"fish","alb","ALB reference"
2005.58333333333,"catch","F9_R1","Fishery 9  / Region 1","1844",41499,41498.9999506721,"fish","alb","ALB reference"
2005.83333333333,"catch","F9_R1","Fishery 9  / Region 1","1845",1,0.999999999976651,"fish","alb","ALB reference"
2006.08333333333,"catch","F9_R1","Fishery 9  / Region 1","1846",107,107.000000004837,"fish","alb","ALB reference"
2006.33333333333,"catch","F9_R1","Fishery 9  / Region 1","1847",1397,1396.99999984362,"fish","alb","ALB reference"
2006.58333333333,"catch","F9_R1","Fishery 9  / Region 1","1848",61975,61974.9999922582,"fish","alb","ALB reference"
2006.83333333333,"catch","F9_R1","Fishery 9  / Region 1","1849",1758,1757.99999996125,"fish","alb","ALB reference"
2007.08333333333,"catch","F9_R1","Fishery 9  / Region 1","1850",35,35.0000000015806,"fish","alb","ALB reference"
2007.33333333333,"catch","F9_R1","Fishery 9  / Region 1","1851",1171,1170.9999999679,"fish","alb","ALB reference"
2007.58333333333,"catch","F9_R1","Fishery 9  / Region 1","1852",36600,36599.9999950865,"fish","alb","ALB reference"
2007.83333333333,"catch","F9_R1","Fishery 9  / Region 1","1853",112,111.999999997675,"fish","alb","ALB reference"
2008.08333333333,"catch","F9_R1","Fishery 9  / Region 1","1854",47,47.000000002076,"fish","alb","ALB reference"
2008.33333333333,"catch","F9_R1","Fishery 9  / Region 1","1855",553,552.999999982609,"fish","alb","ALB reference"
2008.58333333333,"catch","F9_R1","Fishery 9  / Region 1","1856",18895,18895.0000002371,"fish","alb","ALB reference"
2008.83333333333,"catch","F9_R1","Fishery 9  / Region 1","1857",145,144.999999996725,"fish","alb","ALB reference"
2009.08333333333,"catch","F9_R1","Fishery 9  / Region 1","1858",45,45.000000001993,"fish","alb","ALB reference"
2009.33333333333,"catch","F9_R1","Fishery 9  / Region 1","1859",11427,11426.9999925263,"fish","alb","ALB reference"
2009.58333333333,"catch","F9_R1","Fishery 9  / Region 1","1860",69701,69700.9998003579,"fish","alb","ALB reference"
2009.83333333333,"catch","F9_R1","Fishery 9  / Region 1","1861",165,164.999999995938,"fish","alb","ALB reference"
2010.08333333333,"catch","F9_R1","Fishery 9  / Region 1","1862",428,428.000000014844,"fish","alb","ALB reference"
2010.33333333333,"catch","F9_R1","Fishery 9  / Region 1","1863",101983,101982.999633857,"fish","alb","ALB reference"
2010.58333333333,"catch","F9_R1","Fishery 9  / Region 1","1864",135385,135384.998871521,"fish","alb","ALB reference"
2010.83333333333,"catch","F9_R1","Fishery 9  / Region 1","1865",7777,7776.9999993298,"fish","alb","ALB reference"
2011.08333333333,"catch","F9_R1","Fishery 9  / Region 1","1866",705,705.00000003156,"fish","alb","ALB reference"
2011.33333333333,"catch","F9_R1","Fishery 9  / Region 1","1867",10302,10301.9999992032,"fish","alb","ALB reference"
2011.58333333333,"catch","F9_R1","Fishery 9  / Region 1","1868",62927,62926.999989236,"fish","alb","ALB reference"
2011.83333333333,"catch","F9_R1","Fishery 9  / Region 1","1869",8060,8059.99999980824,"fish","alb","ALB reference"
2012.08333333333,"catch","F9_R1","Fishery 9  / Region 1","1870",215,215.00000000965,"fish","alb","ALB reference"
2012.33333333333,"catch","F9_R1","Fishery 9  / Region 1","1871",6912,6911.99999654552,"fish","alb","ALB reference"
2012.58333333333,"catch","F9_R1","Fishery 9  / Region 1","1872",80450,80449.9999293462,"fish","alb","ALB reference"
2012.83333333333,"catch","F9_R1","Fishery 9  / Region 1","1873",140,139.999999994808,"fish","alb","ALB reference"
2013.08333333333,"catch","F9_R1","Fishery 9  / Region 1","1874",176,176.000000007876,"fish","alb","ALB reference"
2013.33333333333,"catch","F9_R1","Fishery 9  / Region 1","1875",18652,18651.9999827986,"fish","alb","ALB reference"
2013.58333333333,"catch","F9_R1","Fishery 9  / Region 1","1876",27434,27433.999940098,"fish","alb","ALB reference"
2013.83333333333,"catch","F9_R1","Fishery 9  / Region 1","1877",9346,9345.99999968655,"fish","alb","ALB reference"
2014.08333333333,"catch","F9_R1","Fishery 9  / Region 1","1878",202,202.000000009222,"fish","alb","ALB reference"
2014.33333333333,"catch","F9_R1","Fishery 9  / Region 1","1879",4149,4148.99999819898,"fish","alb","ALB reference"
2014.58333333333,"catch","F9_R1","Fishery 9  / Region 1","1880",61554,61553.9999212699,"fish","alb","ALB reference"
2014.83333333333,"catch","F9_R1","Fishery 9  / Region 1","1881",2944,2943.9999999376,"fish","alb","ALB reference"
2015.08333333333,"catch","F9_R1","Fishery 9  / Region 1","1882",826,826.000000037649,"fish","alb","ALB reference"
2015.33333333333,"catch","F9_R1","Fishery 9  / Region 1","1883",11756,11755.9999976124,"fish","alb","ALB reference"
2015.58333333333,"catch","F9_R1","Fishery 9  / Region 1","1884",93495,93494.9999339337,"fish","alb","ALB reference"
2015.83333333333,"catch","F9_R1","Fishery 9  / Region 1","1885",13810,13809.9999996718,"fish","alb","ALB reference"
2016.08333333333,"catch","F9_R1","Fishery 9  / Region 1","1886",700,700.000000031499,"fish","alb","ALB reference"
2016.33333333333,"catch","F9_R1","Fishery 9  / Region 1","1887",19207,19206.9999954938,"fish","alb","ALB reference"
2016.58333333333,"catch","F9_R1","Fishery 9  / Region 1","1888",39232,39231.9999294697,"fish","alb","ALB reference"
2016.83333333333,"catch","F9_R1","Fishery 9  / Region 1","1889",2844,2843.99999992679,"fish","alb","ALB reference"
2017.08333333333,"catch","F9_R1","Fishery 9  / Region 1","1890",2144,2144.00000009612,"fish","alb","ALB reference"
2017.33333333333,"catch","F9_R1","Fishery 9  / Region 1","1891",20372,20371.9999892114,"fish","alb","ALB reference"
2017.58333333333,"catch","F9_R1","Fishery 9  / Region 1","1892",62328,62327.9999364846,"fish","alb","ALB reference"
2017.83333333333,"catch","F9_R1","Fishery 9  / Region 1","1893",772,771.999999982591,"fish","alb","ALB reference"
2018.08333333333,"catch","F9_R1","Fishery 9  / Region 1","1894",201,201.000000008996,"fish","alb","ALB reference"
2018.33333333333,"catch","F9_R1","Fishery 9  / Region 1","1895",26279,26278.9999945639,"fish","alb","ALB reference"
2018.58333333333,"catch","F9_R1","Fishery 9  / Region 1","1896",60131,60130.9999411213,"fish","alb","ALB reference"
2018.83333333333,"catch","F9_R1","Fishery 9  / Region 1","1897",5425,5424.99999987177,"fish","alb","ALB reference"
2019.08333333333,"catch","F9_R1","Fishery 9  / Region 1","1898",19,19.0000000008411,"fish","alb","ALB reference"
2019.33333333333,"catch","F9_R1","Fishery 9  / Region 1","1899",10487,10486.9999945851,"fish","alb","ALB reference"
2019.58333333333,"catch","F9_R1","Fishery 9  / Region 1","1900",37234,37233.9998808733,"fish","alb","ALB reference"
2019.83333333333,"catch","F9_R1","Fishery 9  / Region 1","1901",6742,6741.99999981993,"fish","alb","ALB reference"
2020.08333333333,"catch","F9_R1","Fishery 9  / Region 1","1902",3071,3071.00000013165,"fish","alb","ALB reference"
2020.33333333333,"catch","F9_R1","Fishery 9  / Region 1","1903",56817,56816.9999081661,"fish","alb","ALB reference"
2020.58333333333,"catch","F9_R1","Fishery 9  / Region 1","1904",145944,145943.999442711,"fish","alb","ALB reference"
2020.83333333333,"catch","F9_R1","Fishery 9  / Region 1","1905",13413,13412.9999995692,"fish","alb","ALB reference"
2021.08333333333,"catch","F9_R1","Fishery 9  / Region 1","1906",3655,3655.00000015581,"fish","alb","ALB reference"
2021.33333333333,"catch","F9_R1","Fishery 9  / Region 1","1907",32743,32742.9999813446,"fish","alb","ALB reference"
2021.58333333333,"catch","F9_R1","Fishery 9  / Region 1","1908",62601,62600.9999835413,"fish","alb","ALB reference"
2021.83333333333,"catch","F9_R1","Fishery 9  / Region 1","1909",3327,3326.99999992158,"fish","alb","ALB reference"
2022.33333333333,"catch","F9_R1","Fishery 9  / Region 1","1910",474,473.999999462301,"fish","alb","ALB reference"
2022.58333333333,"catch","F9_R1","Fishery 9  / Region 1","1911",24193,24192.9998870994,"fish","alb","ALB reference"
1985.08333333333,"catch","F10_R1","Fishery 10  / Region 1","1912",68,67.9999999981326,"fish","alb","ALB reference"
1985.83333333333,"catch","F10_R1","Fishery 10  / Region 1","1913",11,10.9999999997313,"fish","alb","ALB reference"
1986.08333333333,"catch","F10_R1","Fishery 10  / Region 1","1914",3,2.99999999993042,"fish","alb","ALB reference"
1986.83333333333,"catch","F10_R1","Fishery 10  / Region 1","1915",56,55.9999999982986,"fish","alb","ALB reference"
1987.08333333333,"catch","F10_R1","Fishery 10  / Region 1","1916",900,899.999999973962,"fish","alb","ALB reference"
1987.33333333333,"catch","F10_R1","Fishery 10  / Region 1","1917",8585,8584.99999979722,"fish","alb","ALB reference"
1987.58333333333,"catch","F10_R1","Fishery 10  / Region 1","1918",4439,4439.00000018551,"fish","alb","ALB reference"
1987.83333333333,"catch","F10_R1","Fishery 10  / Region 1","1919",2747,2746.99999993508,"fish","alb","ALB reference"
1988.08333333333,"catch","F10_R1","Fishery 10  / Region 1","1920",1105,1104.99999998396,"fish","alb","ALB reference"
1988.33333333333,"catch","F10_R1","Fishery 10  / Region 1","1921",4734,4733.99999990396,"fish","alb","ALB reference"
1988.58333333333,"catch","F10_R1","Fishery 10  / Region 1","1922",2525,2525.00000010416,"fish","alb","ALB reference"
1988.83333333333,"catch","F10_R1","Fishery 10  / Region 1","1923",2053,2053.00000021451,"fish","alb","ALB reference"
1989.08333333333,"catch","F10_R1","Fishery 10  / Region 1","1924",392,391.999998041573,"fish","alb","ALB reference"
1989.33333333333,"catch","F10_R1","Fishery 10  / Region 1","1925",20186,20185.9999995137,"fish","alb","ALB reference"
1989.58333333333,"catch","F10_R1","Fishery 10  / Region 1","1926",56736,56736.0000023403,"fish","alb","ALB reference"
1989.83333333333,"catch","F10_R1","Fishery 10  / Region 1","1927",2007,2006.99999994953,"fish","alb","ALB reference"
1990.08333333333,"catch","F10_R1","Fishery 10  / Region 1","1928",659,658.999999981055,"fish","alb","ALB reference"
1990.33333333333,"catch","F10_R1","Fishery 10  / Region 1","1929",12061,12060.9999997284,"fish","alb","ALB reference"
1990.58333333333,"catch","F10_R1","Fishery 10  / Region 1","1930",20524,20524.0000008704,"fish","alb","ALB reference"
1990.83333333333,"catch","F10_R1","Fishery 10  / Region 1","1931",4882,4881.99999987707,"fish","alb","ALB reference"
1991.08333333333,"catch","F10_R1","Fishery 10  / Region 1","1932",1615,1614.99999996016,"fish","alb","ALB reference"
1991.33333333333,"catch","F10_R1","Fishery 10  / Region 1","1933",15637,15636.9999996608,"fish","alb","ALB reference"
1991.58333333333,"catch","F10_R1","Fishery 10  / Region 1","1934",11494,11494.0000004776,"fish","alb","ALB reference"
1991.83333333333,"catch","F10_R1","Fishery 10  / Region 1","1935",5378,5377.99999983616,"fish","alb","ALB reference"
1992.08333333333,"catch","F10_R1","Fishery 10  / Region 1","1936",3338,3338.00000014432,"fish","alb","ALB reference"
1992.33333333333,"catch","F10_R1","Fishery 10  / Region 1","1937",30022,30021.9999993461,"fish","alb","ALB reference"
1992.58333333333,"catch","F10_R1","Fishery 10  / Region 1","1938",9136,9136.00000037891,"fish","alb","ALB reference"
1992.83333333333,"catch","F10_R1","Fishery 10  / Region 1","1939",5727,5726.99999984015,"fish","alb","ALB reference"
1993.08333333333,"catch","F10_R1","Fishery 10  / Region 1","1940",5052,5052.00000021358,"fish","alb","ALB reference"
1993.33333333333,"catch","F10_R1","Fishery 10  / Region 1","1941",46507,46506.9999989874,"fish","alb","ALB reference"
1993.58333333333,"catch","F10_R1","Fishery 10  / Region 1","1942",13066,13066.0000005667,"fish","alb","ALB reference"
1993.83333333333,"catch","F10_R1","Fishery 10  / Region 1","1943",9773,9772.99999971811,"fish","alb","ALB reference"
1994.08333333333,"catch","F10_R1","Fishery 10  / Region 1","1944",15319,15319.0000006859,"fish","alb","ALB reference"
1994.33333333333,"catch","F10_R1","Fishery 10  / Region 1","1945",64679,64678.9999986146,"fish","alb","ALB reference"
1994.58333333333,"catch","F10_R1","Fishery 10  / Region 1","1946",14011,14011.0000006019,"fish","alb","ALB reference"
1994.83333333333,"catch","F10_R1","Fishery 10  / Region 1","1947",11524,11523.999999677,"fish","alb","ALB reference"
1995.08333333333,"catch","F10_R1","Fishery 10  / Region 1","1948",32759,32759.0000013913,"fish","alb","ALB reference"
1995.33333333333,"catch","F10_R1","Fishery 10  / Region 1","1949",62358,62357.9999984114,"fish","alb","ALB reference"
1995.58333333333,"catch","F10_R1","Fishery 10  / Region 1","1950",13891,13891.0000006028,"fish","alb","ALB reference"
1995.83333333333,"catch","F10_R1","Fishery 10  / Region 1","1951",25437,25436.999999415,"fish","alb","ALB reference"
1996.08333333333,"catch","F10_R1","Fishery 10  / Region 1","1952",32868,32868.0000014222,"fish","alb","ALB reference"
1996.33333333333,"catch","F10_R1","Fishery 10  / Region 1","1953",89384,89383.9999981834,"fish","alb","ALB reference"
1996.58333333333,"catch","F10_R1","Fishery 10  / Region 1","1954",19827,19827.0000008678,"fish","alb","ALB reference"
1996.83333333333,"catch","F10_R1","Fishery 10  / Region 1","1955",15669,15668.99999964,"fish","alb","ALB reference"
1997.08333333333,"catch","F10_R1","Fishery 10  / Region 1","1956",26051,26051.0000011362,"fish","alb","ALB reference"
1997.33333333333,"catch","F10_R1","Fishery 10  / Region 1","1957",60035,60034.9999988568,"fish","alb","ALB reference"
1997.58333333333,"catch","F10_R1","Fishery 10  / Region 1","1958",20054,20054.0000008769,"fish","alb","ALB reference"
1997.83333333333,"catch","F10_R1","Fishery 10  / Region 1","1959",19899,19898.9999995517,"fish","alb","ALB reference"
1998.08333333333,"catch","F10_R1","Fishery 10  / Region 1","1960",36829,36829.000001813,"fish","alb","ALB reference"
1998.33333333333,"catch","F10_R1","Fishery 10  / Region 1","1961",108393,108392.999997421,"fish","alb","ALB reference"
1998.58333333333,"catch","F10_R1","Fishery 10  / Region 1","1962",88710,88710.0000026734,"fish","alb","ALB reference"
1998.83333333333,"catch","F10_R1","Fishery 10  / Region 1","1963",32913,32912.999999222,"fish","alb","ALB reference"
1999.08333333333,"catch","F10_R1","Fishery 10  / Region 1","1964",27451,27451.0000011978,"fish","alb","ALB reference"
1999.33333333333,"catch","F10_R1","Fishery 10  / Region 1","1965",132413,132412.999997445,"fish","alb","ALB reference"
1999.58333333333,"catch","F10_R1","Fishery 10  / Region 1","1966",59667,59667.0000025728,"fish","alb","ALB reference"
1999.83333333333,"catch","F10_R1","Fishery 10  / Region 1","1967",43028,43027.9999990454,"fish","alb","ALB reference"
2000.08333333333,"catch","F10_R1","Fishery 10  / Region 1","1968",23576,23576.0000010291,"fish","alb","ALB reference"
2000.33333333333,"catch","F10_R1","Fishery 10  / Region 1","1969",93594,93593.9999981676,"fish","alb","ALB reference"
2000.58333333333,"catch","F10_R1","Fishery 10  / Region 1","1970",41773,41773.0000017842,"fish","alb","ALB reference"
2000.83333333333,"catch","F10_R1","Fishery 10  / Region 1","1971",17910,17909.9999995457,"fish","alb","ALB reference"
2001.08333333333,"catch","F10_R1","Fishery 10  / Region 1","1972",69268,69268.0000031229,"fish","alb","ALB reference"
2001.33333333333,"catch","F10_R1","Fishery 10  / Region 1","1973",143778,143777.999995556,"fish","alb","ALB reference"
2001.58333333333,"catch","F10_R1","Fishery 10  / Region 1","1974",103901,103901.000000395,"fish","alb","ALB reference"
2001.83333333333,"catch","F10_R1","Fishery 10  / Region 1","1975",40682,40681.9999990814,"fish","alb","ALB reference"
2002.08333333333,"catch","F10_R1","Fishery 10  / Region 1","1976",67518,67518.0000030797,"fish","alb","ALB reference"
2002.33333333333,"catch","F10_R1","Fishery 10  / Region 1","1977",186262,186261.999870971,"fish","alb","ALB reference"
2002.58333333333,"catch","F10_R1","Fishery 10  / Region 1","1978",55224,55223.9999862875,"fish","alb","ALB reference"
2002.83333333333,"catch","F10_R1","Fishery 10  / Region 1","1979",21385,21384.999999395,"fish","alb","ALB reference"
2003.08333333333,"catch","F10_R1","Fishery 10  / Region 1","1980",70540,70540.0000033357,"fish","alb","ALB reference"
2003.33333333333,"catch","F10_R1","Fishery 10  / Region 1","1981",209105,209104.99998489,"fish","alb","ALB reference"
2003.58333333333,"catch","F10_R1","Fishery 10  / Region 1","1982",100672,100671.999996117,"fish","alb","ALB reference"
2003.83333333333,"catch","F10_R1","Fishery 10  / Region 1","1983",25005,25004.9999994072,"fish","alb","ALB reference"
2004.08333333333,"catch","F10_R1","Fishery 10  / Region 1","1984",36508,36508.000001561,"fish","alb","ALB reference"
2004.33333333333,"catch","F10_R1","Fishery 10  / Region 1","1985",116526,116525.999989138,"fish","alb","ALB reference"
2004.58333333333,"catch","F10_R1","Fishery 10  / Region 1","1986",76696,76695.9999681906,"fish","alb","ALB reference"
2004.83333333333,"catch","F10_R1","Fishery 10  / Region 1","1987",8298,8297.99999980095,"fish","alb","ALB reference"
2005.08333333333,"catch","F10_R1","Fishery 10  / Region 1","1988",9448,9448.00000041445,"fish","alb","ALB reference"
2005.33333333333,"catch","F10_R1","Fishery 10  / Region 1","1989",49083,49082.9999928686,"fish","alb","ALB reference"
2005.58333333333,"catch","F10_R1","Fishery 10  / Region 1","1990",67042,67041.9999861351,"fish","alb","ALB reference"
2005.83333333333,"catch","F10_R1","Fishery 10  / Region 1","1991",9670,9669.99999977048,"fish","alb","ALB reference"
2006.08333333333,"catch","F10_R1","Fishery 10  / Region 1","1992",10329,10329.0000004616,"fish","alb","ALB reference"
2006.33333333333,"catch","F10_R1","Fishery 10  / Region 1","1993",45588,45587.9999980287,"fish","alb","ALB reference"
2006.58333333333,"catch","F10_R1","Fishery 10  / Region 1","1994",45451,45450.9999998753,"fish","alb","ALB reference"
2006.83333333333,"catch","F10_R1","Fishery 10  / Region 1","1995",6574,6573.99999984913,"fish","alb","ALB reference"
2007.08333333333,"catch","F10_R1","Fishery 10  / Region 1","1996",6726,6726.00000029205,"fish","alb","ALB reference"
2007.33333333333,"catch","F10_R1","Fishery 10  / Region 1","1997",42662,42661.9999990419,"fish","alb","ALB reference"
2007.58333333333,"catch","F10_R1","Fishery 10  / Region 1","1998",55874,55873.9999991931,"fish","alb","ALB reference"
2007.83333333333,"catch","F10_R1","Fishery 10  / Region 1","1999",7834,7833.99999983693,"fish","alb","ALB reference"
2008.08333333333,"catch","F10_R1","Fishery 10  / Region 1","2000",9072,9072.00000038688,"fish","alb","ALB reference"
2008.33333333333,"catch","F10_R1","Fishery 10  / Region 1","2001",36695,36694.999999168,"fish","alb","ALB reference"
2008.58333333333,"catch","F10_R1","Fishery 10  / Region 1","2002",45627,45627.0000016939,"fish","alb","ALB reference"
2008.83333333333,"catch","F10_R1","Fishery 10  / Region 1","2003",11316,11315.9999997395,"fish","alb","ALB reference"
2009.08333333333,"catch","F10_R1","Fishery 10  / Region 1","2004",8698,8698.00000037492,"fish","alb","ALB reference"
2009.33333333333,"catch","F10_R1","Fishery 10  / Region 1","2005",46606,46605.9999920759,"fish","alb","ALB reference"
2009.58333333333,"catch","F10_R1","Fishery 10  / Region 1","2006",46952,46951.9999692883,"fish","alb","ALB reference"
2009.83333333333,"catch","F10_R1","Fishery 10  / Region 1","2007",8972,8971.99999978273,"fish","alb","ALB reference"
2010.08333333333,"catch","F10_R1","Fishery 10  / Region 1","2008",10014,10014.0000004277,"fish","alb","ALB reference"
2010.33333333333,"catch","F10_R1","Fishery 10  / Region 1","2009",36186,36185.9999660207,"fish","alb","ALB reference"
2010.58333333333,"catch","F10_R1","Fishery 10  / Region 1","2010",23361,23360.9999542159,"fish","alb","ALB reference"
2010.83333333333,"catch","F10_R1","Fishery 10  / Region 1","2011",8655,8654.99999953366,"fish","alb","ALB reference"
2011.08333333333,"catch","F10_R1","Fishery 10  / Region 1","2012",5794,5794.00000025156,"fish","alb","ALB reference"
2011.33333333333,"catch","F10_R1","Fishery 10  / Region 1","2013",36154,36153.9999987995,"fish","alb","ALB reference"
2011.58333333333,"catch","F10_R1","Fishery 10  / Region 1","2014",37667,37666.999999758,"fish","alb","ALB reference"
2011.83333333333,"catch","F10_R1","Fishery 10  / Region 1","2015",6941,6940.99999984469,"fish","alb","ALB reference"
2012.08333333333,"catch","F10_R1","Fishery 10  / Region 1","2016",10686,10686.0000004641,"fish","alb","ALB reference"
2012.33333333333,"catch","F10_R1","Fishery 10  / Region 1","2017",20862,20861.9999969334,"fish","alb","ALB reference"
2012.58333333333,"catch","F10_R1","Fishery 10  / Region 1","2018",27327,27326.9999952809,"fish","alb","ALB reference"
2012.83333333333,"catch","F10_R1","Fishery 10  / Region 1","2019",5479,5478.99999983005,"fish","alb","ALB reference"
2013.08333333333,"catch","F10_R1","Fishery 10  / Region 1","2020",12027,12027.0000005352,"fish","alb","ALB reference"
2013.33333333333,"catch","F10_R1","Fishery 10  / Region 1","2021",28866,28865.9999932394,"fish","alb","ALB reference"
2013.58333333333,"catch","F10_R1","Fishery 10  / Region 1","2022",30443,30442.999987501,"fish","alb","ALB reference"
2013.83333333333,"catch","F10_R1","Fishery 10  / Region 1","2023",6194,6193.99999982126,"fish","alb","ALB reference"
2014.08333333333,"catch","F10_R1","Fishery 10  / Region 1","2024",10682,10682.0000004775,"fish","alb","ALB reference"
2014.33333333333,"catch","F10_R1","Fishery 10  / Region 1","2025",29775,29774.9999966637,"fish","alb","ALB reference"
2014.58333333333,"catch","F10_R1","Fishery 10  / Region 1","2026",25432,25431.9999927087,"fish","alb","ALB reference"
2014.83333333333,"catch","F10_R1","Fishery 10  / Region 1","2027",5610,5609.99999988128,"fish","alb","ALB reference"
2015.08333333333,"catch","F10_R1","Fishery 10  / Region 1","2028",7989,7989.00000035158,"fish","alb","ALB reference"
2015.33333333333,"catch","F10_R1","Fishery 10  / Region 1","2029",28373,28372.9999979784,"fish","alb","ALB reference"
2015.58333333333,"catch","F10_R1","Fishery 10  / Region 1","2030",28885,28884.9999951024,"fish","alb","ALB reference"
2015.83333333333,"catch","F10_R1","Fishery 10  / Region 1","2031",5989,5988.99999985398,"fish","alb","ALB reference"
2016.08333333333,"catch","F10_R1","Fishery 10  / Region 1","2032",9925,9925.00000042977,"fish","alb","ALB reference"
2016.33333333333,"catch","F10_R1","Fishery 10  / Region 1","2033",36178,36177.9999973603,"fish","alb","ALB reference"
2016.58333333333,"catch","F10_R1","Fishery 10  / Region 1","2034",41503,41502.9999821022,"fish","alb","ALB reference"
2016.83333333333,"catch","F10_R1","Fishery 10  / Region 1","2035",5517,5516.99999985885,"fish","alb","ALB reference"
2017.08333333333,"catch","F10_R1","Fishery 10  / Region 1","2036",3595,3595.00000015815,"fish","alb","ALB reference"
2017.33333333333,"catch","F10_R1","Fishery 10  / Region 1","2037",37713,37712.9999947355,"fish","alb","ALB reference"
2017.58333333333,"catch","F10_R1","Fishery 10  / Region 1","2038",33302,33301.9999930446,"fish","alb","ALB reference"
2017.83333333333,"catch","F10_R1","Fishery 10  / Region 1","2039",4160,4159.99999990573,"fish","alb","ALB reference"
2018.08333333333,"catch","F10_R1","Fishery 10  / Region 1","2040",3833,3833.00000016998,"fish","alb","ALB reference"
2018.33333333333,"catch","F10_R1","Fishery 10  / Region 1","2041",38354,38353.9999976122,"fish","alb","ALB reference"
2018.58333333333,"catch","F10_R1","Fishery 10  / Region 1","2042",33626,33625.9999925828,"fish","alb","ALB reference"
2018.83333333333,"catch","F10_R1","Fishery 10  / Region 1","2043",4194,4193.99999990033,"fish","alb","ALB reference"
2019.08333333333,"catch","F10_R1","Fishery 10  / Region 1","2044",3499,3499.00000015144,"fish","alb","ALB reference"
2019.33333333333,"catch","F10_R1","Fishery 10  / Region 1","2045",29218,29217.9999949512,"fish","alb","ALB reference"
2019.58333333333,"catch","F10_R1","Fishery 10  / Region 1","2046",24417,24416.9999739879,"fish","alb","ALB reference"
2019.83333333333,"catch","F10_R1","Fishery 10  / Region 1","2047",4869,4868.99999988041,"fish","alb","ALB reference"
2020.08333333333,"catch","F10_R1","Fishery 10  / Region 1","2048",5329,5329.00000022696,"fish","alb","ALB reference"
2020.33333333333,"catch","F10_R1","Fishery 10  / Region 1","2049",34547,34546.9999879343,"fish","alb","ALB reference"
2020.58333333333,"catch","F10_R1","Fishery 10  / Region 1","2050",38311,38310.9999706735,"fish","alb","ALB reference"
2020.83333333333,"catch","F10_R1","Fishery 10  / Region 1","2051",7001,7000.99999981106,"fish","alb","ALB reference"
2021.08333333333,"catch","F10_R1","Fishery 10  / Region 1","2052",4273,4273.00000019682,"fish","alb","ALB reference"
2021.33333333333,"catch","F10_R1","Fishery 10  / Region 1","2053",25327,25326.9999972429,"fish","alb","ALB reference"
2021.58333333333,"catch","F10_R1","Fishery 10  / Region 1","2054",28722,28721.9999999974,"fish","alb","ALB reference"
2021.83333333333,"catch","F10_R1","Fishery 10  / Region 1","2055",5889,5888.99999986772,"fish","alb","ALB reference"
2022.08333333333,"catch","F10_R1","Fishery 10  / Region 1","2056",3158,3158.0000001436,"fish","alb","ALB reference"
2022.33333333333,"catch","F10_R1","Fishery 10  / Region 1","2057",30535,30534.9999908219,"fish","alb","ALB reference"
2022.58333333333,"catch","F10_R1","Fishery 10  / Region 1","2058",42223,42222.9999556702,"fish","alb","ALB reference"
1982,"catch","F11_R1","Fishery 11  / Region 1","2059",9.372,9.37199999571332,"t","alb","ALB reference"
1982.08333333333,"catch","F11_R1","Fishery 11  / Region 1","2060",14.19,14.1899999964871,"t","alb","ALB reference"
1983,"catch","F11_R1","Fishery 11  / Region 1","2061",76.192,76.1919999623128,"t","alb","ALB reference"
1983.08333333333,"catch","F11_R1","Fishery 11  / Region 1","2062",318.463,318.462999914732,"t","alb","ALB reference"
1983.16666666667,"catch","F11_R1","Fishery 11  / Region 1","2063",185.319,185.318999905626,"t","alb","ALB reference"
1983.25,"catch","F11_R1","Fishery 11  / Region 1","2064",153.658,153.657999920555,"t","alb","ALB reference"
1983.33333333333,"catch","F11_R1","Fishery 11  / Region 1","2065",0.567,0.566999999841535,"t","alb","ALB reference"
1983.41666666667,"catch","F11_R1","Fishery 11  / Region 1","2066",0.01,0.00999999999462629,"t","alb","ALB reference"
1983.83333333333,"catch","F11_R1","Fishery 11  / Region 1","2067",0.895,0.894999999747743,"t","alb","ALB reference"
1983.91666666667,"catch","F11_R1","Fishery 11  / Region 1","2068",8.896,8.89599999530712,"t","alb","ALB reference"
1984,"catch","F11_R1","Fishery 11  / Region 1","2069",595.603,595.602999686057,"t","alb","ALB reference"
1984.08333333333,"catch","F11_R1","Fishery 11  / Region 1","2070",839.917,839.91699976116,"t","alb","ALB reference"
1984.16666666667,"catch","F11_R1","Fishery 11  / Region 1","2071",1124.668,1124.66799939382,"t","alb","ALB reference"
1984.25,"catch","F11_R1","Fishery 11  / Region 1","2072",151.015,151.014999917248,"t","alb","ALB reference"
1984.33333333333,"catch","F11_R1","Fishery 11  / Region 1","2073",0.622,0.621999999816196,"t","alb","ALB reference"
1984.41666666667,"catch","F11_R1","Fishery 11  / Region 1","2074",0.286,0.285999999838795,"t","alb","ALB reference"
1984.58333333333,"catch","F11_R1","Fishery 11  / Region 1","2075",0.112,0.111999999974728,"t","alb","ALB reference"
1984.75,"catch","F11_R1","Fishery 11  / Region 1","2076",0.034,0.0339999999830845,"t","alb","ALB reference"
1984.91666666667,"catch","F11_R1","Fishery 11  / Region 1","2077",60.744,60.7439999697507,"t","alb","ALB reference"
1985,"catch","F11_R1","Fishery 11  / Region 1","2078",1304.781,1304.78099935127,"t","alb","ALB reference"
1985.08333333333,"catch","F11_R1","Fishery 11  / Region 1","2079",1079.537,1079.53699971312,"t","alb","ALB reference"
1985.16666666667,"catch","F11_R1","Fishery 11  / Region 1","2080",699.017,699.016999640946,"t","alb","ALB reference"
1985.25,"catch","F11_R1","Fishery 11  / Region 1","2081",151.883,151.882999920875,"t","alb","ALB reference"
1985.41666666667,"catch","F11_R1","Fishery 11  / Region 1","2082",0.113,0.112999999939287,"t","alb","ALB reference"
1985.83333333333,"catch","F11_R1","Fishery 11  / Region 1","2083",0.027,0.0269999999916974,"t","alb","ALB reference"
1985.91666666667,"catch","F11_R1","Fishery 11  / Region 1","2084",17.643,17.6429999896778,"t","alb","ALB reference"
1986,"catch","F11_R1","Fishery 11  / Region 1","2085",697.539,697.538999589008,"t","alb","ALB reference"
1986.08333333333,"catch","F11_R1","Fishery 11  / Region 1","2086",535.582,535.581999829369,"t","alb","ALB reference"
1986.16666666667,"catch","F11_R1","Fishery 11  / Region 1","2087",555.961,555.960999658011,"t","alb","ALB reference"
1986.25,"catch","F11_R1","Fishery 11  / Region 1","2088",45.936,45.935999971179,"t","alb","ALB reference"
1986.33333333333,"catch","F11_R1","Fishery 11  / Region 1","2089",0.072,0.0719999999756321,"t","alb","ALB reference"
1986.83333333333,"catch","F11_R1","Fishery 11  / Region 1","2090",2.619,2.61899999914461,"t","alb","ALB reference"
1986.91666666667,"catch","F11_R1","Fishery 11  / Region 1","2091",73.291,73.2909999556678,"t","alb","ALB reference"
1987,"catch","F11_R1","Fishery 11  / Region 1","2092",453.774,453.773999740504,"t","alb","ALB reference"
1987.08333333333,"catch","F11_R1","Fishery 11  / Region 1","2093",496.904,496.903999838099,"t","alb","ALB reference"
1987.16666666667,"catch","F11_R1","Fishery 11  / Region 1","2094",286.007,286.006999829958,"t","alb","ALB reference"
1987.25,"catch","F11_R1","Fishery 11  / Region 1","2095",11.228,11.2279999938034,"t","alb","ALB reference"
1987.33333333333,"catch","F11_R1","Fishery 11  / Region 1","2096",0.811,0.81099999973185,"t","alb","ALB reference"
1987.41666666667,"catch","F11_R1","Fishery 11  / Region 1","2097",0.145,0.144999999909767,"t","alb","ALB reference"
1987.58333333333,"catch","F11_R1","Fishery 11  / Region 1","2098",0.127,0.126999999967649,"t","alb","ALB reference"
1987.66666666667,"catch","F11_R1","Fishery 11  / Region 1","2099",0.071,0.0709999999565025,"t","alb","ALB reference"
1987.75,"catch","F11_R1","Fishery 11  / Region 1","2100",0.064,0.0639999999683971,"t","alb","ALB reference"
1987.83333333333,"catch","F11_R1","Fishery 11  / Region 1","2101",2.909,2.90899999924047,"t","alb","ALB reference"
1987.91666666667,"catch","F11_R1","Fishery 11  / Region 1","2102",3.962,3.9619999981375,"t","alb","ALB reference"
1988,"catch","F11_R1","Fishery 11  / Region 1","2103",68.29,68.2899999680093,"t","alb","ALB reference"
1988.08333333333,"catch","F11_R1","Fishery 11  / Region 1","2104",157.474,157.473999959508,"t","alb","ALB reference"
1988.16666666667,"catch","F11_R1","Fishery 11  / Region 1","2105",60.048,60.0479999705416,"t","alb","ALB reference"
1988.25,"catch","F11_R1","Fishery 11  / Region 1","2106",49.925,49.9249999746822,"t","alb","ALB reference"
1988.33333333333,"catch","F11_R1","Fishery 11  / Region 1","2107",6.107,6.10699999827345,"t","alb","ALB reference"
1988.83333333333,"catch","F11_R1","Fishery 11  / Region 1","2108",0.279,0.278999999980915,"t","alb","ALB reference"
1988.91666666667,"catch","F11_R1","Fishery 11  / Region 1","2109",62.878,62.8779999747294,"t","alb","ALB reference"
1989,"catch","F11_R1","Fishery 11  / Region 1","2110",1264.397,1264.39699948271,"t","alb","ALB reference"
1989.08333333333,"catch","F11_R1","Fishery 11  / Region 1","2111",1530.005,1530.00499006597,"t","alb","ALB reference"
1989.16666666667,"catch","F11_R1","Fishery 11  / Region 1","2112",985.138,985.137999561329,"t","alb","ALB reference"
1989.25,"catch","F11_R1","Fishery 11  / Region 1","2113",112.744,112.743999949704,"t","alb","ALB reference"
1989.41666666667,"catch","F11_R1","Fishery 11  / Region 1","2114",6.045,6.04499999717259,"t","alb","ALB reference"
1989.5,"catch","F11_R1","Fishery 11  / Region 1","2115",10.247,10.246999995172,"t","alb","ALB reference"
1989.58333333333,"catch","F11_R1","Fishery 11  / Region 1","2116",20.569,20.5689999962188,"t","alb","ALB reference"
1989.83333333333,"catch","F11_R1","Fishery 11  / Region 1","2117",94.972,94.9719999801674,"t","alb","ALB reference"
1989.91666666667,"catch","F11_R1","Fishery 11  / Region 1","2118",396.472,396.471999848586,"t","alb","ALB reference"
1990,"catch","F11_R1","Fishery 11  / Region 1","2119",48.882,48.8819999813869,"t","alb","ALB reference"
1990.08333333333,"catch","F11_R1","Fishery 11  / Region 1","2120",53.117,53.1169999881013,"t","alb","ALB reference"
1990.16666666667,"catch","F11_R1","Fishery 11  / Region 1","2121",24.747,24.7469999901181,"t","alb","ALB reference"
1990.25,"catch","F11_R1","Fishery 11  / Region 1","2122",0.196,0.195999999919982,"t","alb","ALB reference"
1990.33333333333,"catch","F11_R1","Fishery 11  / Region 1","2123",0.657,0.656999999848629,"t","alb","ALB reference"
1990.75,"catch","F11_R1","Fishery 11  / Region 1","2124",0.912,0.911999999595504,"t","alb","ALB reference"
1990.83333333333,"catch","F11_R1","Fishery 11  / Region 1","2125",0.909,0.90899999978251,"t","alb","ALB reference"
1990.91666666667,"catch","F11_R1","Fishery 11  / Region 1","2126",9.867,9.86699999587889,"t","alb","ALB reference"
1991,"catch","F11_R1","Fishery 11  / Region 1","2127",181.077,181.076999924215,"t","alb","ALB reference"
1991.08333333333,"catch","F11_R1","Fishery 11  / Region 1","2128",1228.612,1228.61199970139,"t","alb","ALB reference"
1991.16666666667,"catch","F11_R1","Fishery 11  / Region 1","2129",836.724,836.7239996264,"t","alb","ALB reference"
1991.25,"catch","F11_R1","Fishery 11  / Region 1","2130",41.878,41.877999981425,"t","alb","ALB reference"
1991.33333333333,"catch","F11_R1","Fishery 11  / Region 1","2131",0.773,0.772999999802835,"t","alb","ALB reference"
1991.41666666667,"catch","F11_R1","Fishery 11  / Region 1","2132",0.132,0.131999999936408,"t","alb","ALB reference"
1991.83333333333,"catch","F11_R1","Fishery 11  / Region 1","2133",0.158,0.157999999963062,"t","alb","ALB reference"
1991.91666666667,"catch","F11_R1","Fishery 11  / Region 1","2134",38.869,38.8689999847224,"t","alb","ALB reference"
1992,"catch","F11_R1","Fishery 11  / Region 1","2135",834.951,834.950999672912,"t","alb","ALB reference"
1992.08333333333,"catch","F11_R1","Fishery 11  / Region 1","2136",1463.548,1463.54799975092,"t","alb","ALB reference"
1992.16666666667,"catch","F11_R1","Fishery 11  / Region 1","2137",512.697,512.696999786854,"t","alb","ALB reference"
1992.25,"catch","F11_R1","Fishery 11  / Region 1","2138",42.283,42.28299998161,"t","alb","ALB reference"
1992.33333333333,"catch","F11_R1","Fishery 11  / Region 1","2139",3.216,3.21599999925238,"t","alb","ALB reference"
1992.41666666667,"catch","F11_R1","Fishery 11  / Region 1","2140",0.079,0.0789999999653036,"t","alb","ALB reference"
1992.5,"catch","F11_R1","Fishery 11  / Region 1","2141",0.029,0.0289999999872274,"t","alb","ALB reference"
1992.66666666667,"catch","F11_R1","Fishery 11  / Region 1","2142",0.021,0.0209999999906,"t","alb","ALB reference"
1992.75,"catch","F11_R1","Fishery 11  / Region 1","2143",2.982,2.98199999877553,"t","alb","ALB reference"
1992.83333333333,"catch","F11_R1","Fishery 11  / Region 1","2144",22.756,22.7559999950653,"t","alb","ALB reference"
1992.91666666667,"catch","F11_R1","Fishery 11  / Region 1","2145",72.137,72.1369999711136,"t","alb","ALB reference"
1993,"catch","F11_R1","Fishery 11  / Region 1","2146",900.889,900.88899964507,"t","alb","ALB reference"
1993.08333333333,"catch","F11_R1","Fishery 11  / Region 1","2147",1096.73,1096.72999983072,"t","alb","ALB reference"
1993.16666666667,"catch","F11_R1","Fishery 11  / Region 1","2148",736.508,736.507999702657,"t","alb","ALB reference"
1993.25,"catch","F11_R1","Fishery 11  / Region 1","2149",164.684,164.683999932863,"t","alb","ALB reference"
1993.33333333333,"catch","F11_R1","Fishery 11  / Region 1","2150",10.206,10.2059999977741,"t","alb","ALB reference"
1993.41666666667,"catch","F11_R1","Fishery 11  / Region 1","2151",0.335,0.334999999860899,"t","alb","ALB reference"
1993.5,"catch","F11_R1","Fishery 11  / Region 1","2152",0.824,0.823999999656042,"t","alb","ALB reference"
1993.58333333333,"catch","F11_R1","Fishery 11  / Region 1","2153",0.183,0.182999999972183,"t","alb","ALB reference"
1993.66666666667,"catch","F11_R1","Fishery 11  / Region 1","2154",0.02,0.0199999999915129,"t","alb","ALB reference"
1993.75,"catch","F11_R1","Fishery 11  / Region 1","2155",0.537,0.536999999768853,"t","alb","ALB reference"
1993.83333333333,"catch","F11_R1","Fishery 11  / Region 1","2156",23.299,23.2989999946155,"t","alb","ALB reference"
1993.91666666667,"catch","F11_R1","Fishery 11  / Region 1","2157",79.51,79.509999966561,"t","alb","ALB reference"
1994,"catch","F11_R1","Fishery 11  / Region 1","2158",1200.551,1200.55099951406,"t","alb","ALB reference"
1994.08333333333,"catch","F11_R1","Fishery 11  / Region 1","2159",1719.082,1719.08199972022,"t","alb","ALB reference"
1994.16666666667,"catch","F11_R1","Fishery 11  / Region 1","2160",1024.97,1024.96999957854,"t","alb","ALB reference"
1994.25,"catch","F11_R1","Fishery 11  / Region 1","2161",492.578,492.577999791422,"t","alb","ALB reference"
1994.33333333333,"catch","F11_R1","Fishery 11  / Region 1","2162",47.835,47.8349999889416,"t","alb","ALB reference"
1994.41666666667,"catch","F11_R1","Fishery 11  / Region 1","2163",0.104,0.103999999955073,"t","alb","ALB reference"
1994.5,"catch","F11_R1","Fishery 11  / Region 1","2164",0.184,0.183999999920169,"t","alb","ALB reference"
1994.58333333333,"catch","F11_R1","Fishery 11  / Region 1","2165",1.382,1.38199999977332,"t","alb","ALB reference"
1994.66666666667,"catch","F11_R1","Fishery 11  / Region 1","2166",1.149,1.14899999949288,"t","alb","ALB reference"
1994.75,"catch","F11_R1","Fishery 11  / Region 1","2167",0.826,0.825999999684633,"t","alb","ALB reference"
1994.83333333333,"catch","F11_R1","Fishery 11  / Region 1","2168",13.195,13.1949999973056,"t","alb","ALB reference"
1994.91666666667,"catch","F11_R1","Fishery 11  / Region 1","2169",195.989,195.988999929615,"t","alb","ALB reference"
1995,"catch","F11_R1","Fishery 11  / Region 1","2170",1392.546,1392.54599949881,"t","alb","ALB reference"
1995.08333333333,"catch","F11_R1","Fishery 11  / Region 1","2171",1998.776,1998.7759997192,"t","alb","ALB reference"
1995.16666666667,"catch","F11_R1","Fishery 11  / Region 1","2172",1354.355,1354.35499950244,"t","alb","ALB reference"
1995.25,"catch","F11_R1","Fishery 11  / Region 1","2173",387.563,387.562999854495,"t","alb","ALB reference"
1995.33333333333,"catch","F11_R1","Fishery 11  / Region 1","2174",42.05,42.0499999914083,"t","alb","ALB reference"
1995.41666666667,"catch","F11_R1","Fishery 11  / Region 1","2175",0.848,0.847999999678651,"t","alb","ALB reference"
1995.5,"catch","F11_R1","Fishery 11  / Region 1","2176",0.118,0.117999999955129,"t","alb","ALB reference"
1995.58333333333,"catch","F11_R1","Fishery 11  / Region 1","2177",0.408,0.407999999945091,"t","alb","ALB reference"
1995.66666666667,"catch","F11_R1","Fishery 11  / Region 1","2178",0.483,0.482999999813653,"t","alb","ALB reference"
1995.75,"catch","F11_R1","Fishery 11  / Region 1","2179",0.103,0.102999999964583,"t","alb","ALB reference"
1995.83333333333,"catch","F11_R1","Fishery 11  / Region 1","2180",4.575,4.57499999916525,"t","alb","ALB reference"
1995.91666666667,"catch","F11_R1","Fishery 11  / Region 1","2181",99.78,99.7799999668572,"t","alb","ALB reference"
1996,"catch","F11_R1","Fishery 11  / Region 1","2182",1679.666,1679.66599943567,"t","alb","ALB reference"
1996.08333333333,"catch","F11_R1","Fishery 11  / Region 1","2183",2104.68,2104.67999973533,"t","alb","ALB reference"
1996.16666666667,"catch","F11_R1","Fishery 11  / Region 1","2184",1004.988,1004.98799965362,"t","alb","ALB reference"
1996.25,"catch","F11_R1","Fishery 11  / Region 1","2185",204.684,204.683999926432,"t","alb","ALB reference"
1996.33333333333,"catch","F11_R1","Fishery 11  / Region 1","2186",9.917,9.91699999809755,"t","alb","ALB reference"
1996.41666666667,"catch","F11_R1","Fishery 11  / Region 1","2187",2.874,2.87399999893571,"t","alb","ALB reference"
1996.75,"catch","F11_R1","Fishery 11  / Region 1","2188",0.344,0.343999999865026,"t","alb","ALB reference"
1996.83333333333,"catch","F11_R1","Fishery 11  / Region 1","2189",4.72,4.71999999900633,"t","alb","ALB reference"
1996.91666666667,"catch","F11_R1","Fishery 11  / Region 1","2190",188.299,188.298999927224,"t","alb","ALB reference"
1997,"catch","F11_R1","Fishery 11  / Region 1","2191",894.263,894.262999651898,"t","alb","ALB reference"
1997.08333333333,"catch","F11_R1","Fishery 11  / Region 1","2192",983.686,983.6859998433,"t","alb","ALB reference"
1997.16666666667,"catch","F11_R1","Fishery 11  / Region 1","2193",708.642,708.641999712045,"t","alb","ALB reference"
1997.25,"catch","F11_R1","Fishery 11  / Region 1","2194",126.42,126.419999946461,"t","alb","ALB reference"
1997.33333333333,"catch","F11_R1","Fishery 11  / Region 1","2195",6.297,6.29699999855629,"t","alb","ALB reference"
1997.58333333333,"catch","F11_R1","Fishery 11  / Region 1","2196",2.253,2.25299999965417,"t","alb","ALB reference"
1997.83333333333,"catch","F11_R1","Fishery 11  / Region 1","2197",1.797,1.79699999952893,"t","alb","ALB reference"
1997.91666666667,"catch","F11_R1","Fishery 11  / Region 1","2198",43.441,43.4409999797378,"t","alb","ALB reference"
1998,"catch","F11_R1","Fishery 11  / Region 1","2199",1434.407,1434.40699930705,"t","alb","ALB reference"
1998.08333333333,"catch","F11_R1","Fishery 11  / Region 1","2200",1962.232,1962.23199960852,"t","alb","ALB reference"
1998.16666666667,"catch","F11_R1","Fishery 11  / Region 1","2201",904.547,904.546999539297,"t","alb","ALB reference"
1998.25,"catch","F11_R1","Fishery 11  / Region 1","2202",113.107,113.106999939158,"t","alb","ALB reference"
1998.33333333333,"catch","F11_R1","Fishery 11  / Region 1","2203",44.175,44.1749999877843,"t","alb","ALB reference"
1998.58333333333,"catch","F11_R1","Fishery 11  / Region 1","2204",4.876,4.87599999905334,"t","alb","ALB reference"
1998.91666666667,"catch","F11_R1","Fishery 11  / Region 1","2205",9.88,9.87999999511576,"t","alb","ALB reference"
1999,"catch","F11_R1","Fishery 11  / Region 1","2206",501.604,501.603999746634,"t","alb","ALB reference"
1999.08333333333,"catch","F11_R1","Fishery 11  / Region 1","2207",875.298,875.297999793241,"t","alb","ALB reference"
1999.16666666667,"catch","F11_R1","Fishery 11  / Region 1","2208",315.944,315.943999833372,"t","alb","ALB reference"
1999.25,"catch","F11_R1","Fishery 11  / Region 1","2209",62.026,62.0259999669693,"t","alb","ALB reference"
1999.33333333333,"catch","F11_R1","Fishery 11  / Region 1","2210",1.484,1.48399999954287,"t","alb","ALB reference"
1999.75,"catch","F11_R1","Fishery 11  / Region 1","2211",0.091,0.090999999965744,"t","alb","ALB reference"
1999.83333333333,"catch","F11_R1","Fishery 11  / Region 1","2212",4.3,4.29999999915707,"t","alb","ALB reference"
1999.91666666667,"catch","F11_R1","Fishery 11  / Region 1","2213",38.252,38.2519999855141,"t","alb","ALB reference"
2000,"catch","F11_R1","Fishery 11  / Region 1","2214",981.836,981.83599964537,"t","alb","ALB reference"
2000.08333333333,"catch","F11_R1","Fishery 11  / Region 1","2215",1409.305,1409.30499979785,"t","alb","ALB reference"
2000.16666666667,"catch","F11_R1","Fishery 11  / Region 1","2216",804.488,804.487999693112,"t","alb","ALB reference"
2000.25,"catch","F11_R1","Fishery 11  / Region 1","2217",102.959,102.958999959863,"t","alb","ALB reference"
2000.33333333333,"catch","F11_R1","Fishery 11  / Region 1","2218",37.371,37.3709999921581,"t","alb","ALB reference"
2001,"catch","F11_R1","Fishery 11  / Region 1","2219",684.332,684.33199974552,"t","alb","ALB reference"
2001.08333333333,"catch","F11_R1","Fishery 11  / Region 1","2220",859.461,859.4609998813,"t","alb","ALB reference"
2001.16666666667,"catch","F11_R1","Fishery 11  / Region 1","2221",1008.111,1008.11099961555,"t","alb","ALB reference"
2001.25,"catch","F11_R1","Fishery 11  / Region 1","2222",292.508,292.507999886626,"t","alb","ALB reference"
2001.33333333333,"catch","F11_R1","Fishery 11  / Region 1","2223",65.241,65.2409999872077,"t","alb","ALB reference"
2001.41666666667,"catch","F11_R1","Fishery 11  / Region 1","2224",5.425,5.42499999782696,"t","alb","ALB reference"
2001.5,"catch","F11_R1","Fishery 11  / Region 1","2225",0.007,0.00699999999718709,"t","alb","ALB reference"
2001.83333333333,"catch","F11_R1","Fishery 11  / Region 1","2226",0.087,0.0869999999815914,"t","alb","ALB reference"
2001.91666666667,"catch","F11_R1","Fishery 11  / Region 1","2227",42.363,42.3629999837705,"t","alb","ALB reference"
2002,"catch","F11_R1","Fishery 11  / Region 1","2228",978.039,978.038999632651,"t","alb","ALB reference"
2002.08333333333,"catch","F11_R1","Fishery 11  / Region 1","2229",819.816,819.815999873823,"t","alb","ALB reference"
2002.16666666667,"catch","F11_R1","Fishery 11  / Region 1","2230",763.981,763.980999695015,"t","alb","ALB reference"
2002.25,"catch","F11_R1","Fishery 11  / Region 1","2231",259.794,259.793999894009,"t","alb","ALB reference"
2002.33333333333,"catch","F11_R1","Fishery 11  / Region 1","2232",13.524,13.5240000038351,"t","alb","ALB reference"
2002.83333333333,"catch","F11_R1","Fishery 11  / Region 1","2233",0.025,0.024999999996153,"t","alb","ALB reference"
2002.91666666667,"catch","F11_R1","Fishery 11  / Region 1","2234",173.789,173.788999950883,"t","alb","ALB reference"
2003,"catch","F11_R1","Fishery 11  / Region 1","2235",1039.282,1039.28199970911,"t","alb","ALB reference"
2003.08333333333,"catch","F11_R1","Fishery 11  / Region 1","2236",1267.755,1267.75499990276,"t","alb","ALB reference"
2003.16666666667,"catch","F11_R1","Fishery 11  / Region 1","2237",729.279,729.278999794834,"t","alb","ALB reference"
2003.25,"catch","F11_R1","Fishery 11  / Region 1","2238",349.915,349.914999899186,"t","alb","ALB reference"
2003.33333333333,"catch","F11_R1","Fishery 11  / Region 1","2239",56.772,56.7719999936409,"t","alb","ALB reference"
2003.41666666667,"catch","F11_R1","Fishery 11  / Region 1","2240",0.573,0.572999999831556,"t","alb","ALB reference"
2003.5,"catch","F11_R1","Fishery 11  / Region 1","2241",0.03,0.0299999999911253,"t","alb","ALB reference"
2003.58333333333,"catch","F11_R1","Fishery 11  / Region 1","2242",0.025,0.0249999999990567,"t","alb","ALB reference"
2003.83333333333,"catch","F11_R1","Fishery 11  / Region 1","2243",3.046,3.04599999953637,"t","alb","ALB reference"
2003.91666666667,"catch","F11_R1","Fishery 11  / Region 1","2244",275.353,275.352999922283,"t","alb","ALB reference"
2004,"catch","F11_R1","Fishery 11  / Region 1","2245",1566.486,1566.48599955897,"t","alb","ALB reference"
2004.08333333333,"catch","F11_R1","Fishery 11  / Region 1","2246",583.37,583.369999944365,"t","alb","ALB reference"
2004.16666666667,"catch","F11_R1","Fishery 11  / Region 1","2247",758.606,758.605999782615,"t","alb","ALB reference"
2004.25,"catch","F11_R1","Fishery 11  / Region 1","2248",114.717,114.716999966054,"t","alb","ALB reference"
2004.33333333333,"catch","F11_R1","Fishery 11  / Region 1","2249",11.763,11.762999999133,"t","alb","ALB reference"
2004.66666666667,"catch","F11_R1","Fishery 11  / Region 1","2250",0.09,0.0899999999735467,"t","alb","ALB reference"
2004.75,"catch","F11_R1","Fishery 11  / Region 1","2251",0.147,0.146999999946958,"t","alb","ALB reference"
2004.83333333333,"catch","F11_R1","Fishery 11  / Region 1","2252",12.09,12.0899999976355,"t","alb","ALB reference"
2004.91666666667,"catch","F11_R1","Fishery 11  / Region 1","2253",167.28,167.279999941248,"t","alb","ALB reference"
2005,"catch","F11_R1","Fishery 11  / Region 1","2254",643.666,643.665999770995,"t","alb","ALB reference"
2005.08333333333,"catch","F11_R1","Fishery 11  / Region 1","2255",877.846,877.845999878507,"t","alb","ALB reference"
2005.16666666667,"catch","F11_R1","Fishery 11  / Region 1","2256",766.72,766.719999715049,"t","alb","ALB reference"
2005.25,"catch","F11_R1","Fishery 11  / Region 1","2257",418.193,418.192999841996,"t","alb","ALB reference"
2005.33333333333,"catch","F11_R1","Fishery 11  / Region 1","2258",16.468,16.4679999994636,"t","alb","ALB reference"
2005.41666666667,"catch","F11_R1","Fishery 11  / Region 1","2259",3.13,3.12999999877233,"t","alb","ALB reference"
2005.75,"catch","F11_R1","Fishery 11  / Region 1","2260",0.105,0.104999999955372,"t","alb","ALB reference"
2005.83333333333,"catch","F11_R1","Fishery 11  / Region 1","2261",3.137,3.13699999925882,"t","alb","ALB reference"
2005.91666666667,"catch","F11_R1","Fishery 11  / Region 1","2262",188.009,188.00899992041,"t","alb","ALB reference"
2006,"catch","F11_R1","Fishery 11  / Region 1","2263",743.245,743.244999688126,"t","alb","ALB reference"
2006.08333333333,"catch","F11_R1","Fishery 11  / Region 1","2264",844.026,844.025999849828,"t","alb","ALB reference"
2006.16666666667,"catch","F11_R1","Fishery 11  / Region 1","2265",366.173,366.172999842092,"t","alb","ALB reference"
2006.25,"catch","F11_R1","Fishery 11  / Region 1","2266",38.464,38.4639999836212,"t","alb","ALB reference"
2006.33333333333,"catch","F11_R1","Fishery 11  / Region 1","2267",14.507,14.5069999967687,"t","alb","ALB reference"
2006.41666666667,"catch","F11_R1","Fishery 11  / Region 1","2268",0.04,0.0399999999817133,"t","alb","ALB reference"
2006.58333333333,"catch","F11_R1","Fishery 11  / Region 1","2269",0.006,0.00599999999915764,"t","alb","ALB reference"
2006.83333333333,"catch","F11_R1","Fishery 11  / Region 1","2270",0.024,0.0239999999953876,"t","alb","ALB reference"
2006.91666666667,"catch","F11_R1","Fishery 11  / Region 1","2271",36.543,36.5429999870744,"t","alb","ALB reference"
2007,"catch","F11_R1","Fishery 11  / Region 1","2272",206.674,206.673999926985,"t","alb","ALB reference"
2007.08333333333,"catch","F11_R1","Fishery 11  / Region 1","2273",780.547,780.546999896213,"t","alb","ALB reference"
2007.16666666667,"catch","F11_R1","Fishery 11  / Region 1","2274",477.027,477.026999829667,"t","alb","ALB reference"
2007.25,"catch","F11_R1","Fishery 11  / Region 1","2275",195.126,195.125999929735,"t","alb","ALB reference"
2007.33333333333,"catch","F11_R1","Fishery 11  / Region 1","2276",24.035,24.0349999953146,"t","alb","ALB reference"
2007.41666666667,"catch","F11_R1","Fishery 11  / Region 1","2277",0.167,0.166999999938593,"t","alb","ALB reference"
2007.83333333333,"catch","F11_R1","Fishery 11  / Region 1","2278",0.131,0.130999999980327,"t","alb","ALB reference"
2007.91666666667,"catch","F11_R1","Fishery 11  / Region 1","2279",51.314,51.3139999854469,"t","alb","ALB reference"
2008,"catch","F11_R1","Fishery 11  / Region 1","2280",974.69,974.68999972235,"t","alb","ALB reference"
2008.08333333333,"catch","F11_R1","Fishery 11  / Region 1","2281",1097.108,1097.10799989402,"t","alb","ALB reference"
2008.16666666667,"catch","F11_R1","Fishery 11  / Region 1","2282",872.093,872.092999744333,"t","alb","ALB reference"
2008.25,"catch","F11_R1","Fishery 11  / Region 1","2283",214.669,214.668999935967,"t","alb","ALB reference"
2008.33333333333,"catch","F11_R1","Fishery 11  / Region 1","2284",11.517,11.516999998175,"t","alb","ALB reference"
2008.75,"catch","F11_R1","Fishery 11  / Region 1","2285",0.045,0.0449999999866701,"t","alb","ALB reference"
2008.83333333333,"catch","F11_R1","Fishery 11  / Region 1","2286",0.023,0.0229999999962916,"t","alb","ALB reference"
2008.91666666667,"catch","F11_R1","Fishery 11  / Region 1","2287",181.73,181.729999946042,"t","alb","ALB reference"
2009,"catch","F11_R1","Fishery 11  / Region 1","2288",623.195,623.194999814511,"t","alb","ALB reference"
2009.08333333333,"catch","F11_R1","Fishery 11  / Region 1","2289",748.949,748.948999922837,"t","alb","ALB reference"
2009.16666666667,"catch","F11_R1","Fishery 11  / Region 1","2290",317.766,317.765999903321,"t","alb","ALB reference"
2009.25,"catch","F11_R1","Fishery 11  / Region 1","2291",63.072,63.0719999806003,"t","alb","ALB reference"
2009.33333333333,"catch","F11_R1","Fishery 11  / Region 1","2292",0.74,0.739999999951213,"t","alb","ALB reference"
2009.66666666667,"catch","F11_R1","Fishery 11  / Region 1","2293",0.005,0.00499999999849469,"t","alb","ALB reference"
2009.75,"catch","F11_R1","Fishery 11  / Region 1","2294",0.005,0.00499999999839696,"t","alb","ALB reference"
2009.83333333333,"catch","F11_R1","Fishery 11  / Region 1","2295",0.255,0.254999999954908,"t","alb","ALB reference"
2009.91666666667,"catch","F11_R1","Fishery 11  / Region 1","2296",78.234,78.2339999745258,"t","alb","ALB reference"
2010,"catch","F11_R1","Fishery 11  / Region 1","2297",498.58,498.57999983677,"t","alb","ALB reference"
2010.08333333333,"catch","F11_R1","Fishery 11  / Region 1","2298",517.819,517.818999939842,"t","alb","ALB reference"
2010.16666666667,"catch","F11_R1","Fishery 11  / Region 1","2299",451.796,451.795999848178,"t","alb","ALB reference"
2010.25,"catch","F11_R1","Fishery 11  / Region 1","2300",199.638,199.637999931921,"t","alb","ALB reference"
2010.33333333333,"catch","F11_R1","Fishery 11  / Region 1","2301",24.375,24.3750000079128,"t","alb","ALB reference"
2010.75,"catch","F11_R1","Fishery 11  / Region 1","2302",2.394,2.39399999932979,"t","alb","ALB reference"
2010.83333333333,"catch","F11_R1","Fishery 11  / Region 1","2303",5.913,5.91299999915477,"t","alb","ALB reference"
2010.91666666667,"catch","F11_R1","Fishery 11  / Region 1","2304",131.482,131.481999962942,"t","alb","ALB reference"
2011,"catch","F11_R1","Fishery 11  / Region 1","2305",895.639,895.638999746446,"t","alb","ALB reference"
2011.08333333333,"catch","F11_R1","Fishery 11  / Region 1","2306",1021.68,1021.67999990092,"t","alb","ALB reference"
2011.16666666667,"catch","F11_R1","Fishery 11  / Region 1","2307",561.905,561.904999836434,"t","alb","ALB reference"
2011.25,"catch","F11_R1","Fishery 11  / Region 1","2308",99.047,99.0469999707223,"t","alb","ALB reference"
2011.33333333333,"catch","F11_R1","Fishery 11  / Region 1","2309",0.788,0.787999999881783,"t","alb","ALB reference"
2011.83333333333,"catch","F11_R1","Fishery 11  / Region 1","2310",5.304,5.30399999924978,"t","alb","ALB reference"
2011.91666666667,"catch","F11_R1","Fishery 11  / Region 1","2311",198.487,198.486999947347,"t","alb","ALB reference"
2012,"catch","F11_R1","Fishery 11  / Region 1","2312",1114.245,1114.2449997027,"t","alb","ALB reference"
2012.08333333333,"catch","F11_R1","Fishery 11  / Region 1","2313",845.122,845.121999925824,"t","alb","ALB reference"
2012.16666666667,"catch","F11_R1","Fishery 11  / Region 1","2314",423.828,423.827999883198,"t","alb","ALB reference"
2012.25,"catch","F11_R1","Fishery 11  / Region 1","2315",210.924,210.923999940966,"t","alb","ALB reference"
2012.33333333333,"catch","F11_R1","Fishery 11  / Region 1","2316",16.65,16.6499999985332,"t","alb","ALB reference"
2012.83333333333,"catch","F11_R1","Fishery 11  / Region 1","2317",3.689,3.68899999938942,"t","alb","ALB reference"
2012.91666666667,"catch","F11_R1","Fishery 11  / Region 1","2318",112.403,112.402999965744,"t","alb","ALB reference"
2013,"catch","F11_R1","Fishery 11  / Region 1","2319",793.88,793.879999758749,"t","alb","ALB reference"
2013.08333333333,"catch","F11_R1","Fishery 11  / Region 1","2320",1038.777,1038.77699989267,"t","alb","ALB reference"
2013.16666666667,"catch","F11_R1","Fishery 11  / Region 1","2321",528.393,528.39299984125,"t","alb","ALB reference"
2013.25,"catch","F11_R1","Fishery 11  / Region 1","2322",136.585,136.584999957433,"t","alb","ALB reference"
2013.33333333333,"catch","F11_R1","Fishery 11  / Region 1","2323",25.521,25.5209999998097,"t","alb","ALB reference"
2013.41666666667,"catch","F11_R1","Fishery 11  / Region 1","2324",2.4,2.39999999923566,"t","alb","ALB reference"
2013.5,"catch","F11_R1","Fishery 11  / Region 1","2325",0.186,0.185999999940209,"t","alb","ALB reference"
2013.75,"catch","F11_R1","Fishery 11  / Region 1","2326",0.416,0.415999999850246,"t","alb","ALB reference"
2013.83333333333,"catch","F11_R1","Fishery 11  / Region 1","2327",21.759,21.7589999957783,"t","alb","ALB reference"
2013.91666666667,"catch","F11_R1","Fishery 11  / Region 1","2328",287.674,287.673999896711,"t","alb","ALB reference"
2014,"catch","F11_R1","Fishery 11  / Region 1","2329",643.763,643.762999769172,"t","alb","ALB reference"
2014.08333333333,"catch","F11_R1","Fishery 11  / Region 1","2330",692.71,692.709999904222,"t","alb","ALB reference"
2014.16666666667,"catch","F11_R1","Fishery 11  / Region 1","2331",287.496,287.495999898746,"t","alb","ALB reference"
2014.25,"catch","F11_R1","Fishery 11  / Region 1","2332",129.426,129.42599995459,"t","alb","ALB reference"
2014.33333333333,"catch","F11_R1","Fishery 11  / Region 1","2333",33.504,33.5039999966257,"t","alb","ALB reference"
2014.41666666667,"catch","F11_R1","Fishery 11  / Region 1","2334",0.615,0.614999999765876,"t","alb","ALB reference"
2014.83333333333,"catch","F11_R1","Fishery 11  / Region 1","2335",9.051,9.05099999839135,"t","alb","ALB reference"
2014.91666666667,"catch","F11_R1","Fishery 11  / Region 1","2336",140.035,140.034999953325,"t","alb","ALB reference"
2015,"catch","F11_R1","Fishery 11  / Region 1","2337",894.934,894.933999700856,"t","alb","ALB reference"
2015.08333333333,"catch","F11_R1","Fishery 11  / Region 1","2338",611.303,611.302999923878,"t","alb","ALB reference"
2015.16666666667,"catch","F11_R1","Fishery 11  / Region 1","2339",550.626,550.625999811778,"t","alb","ALB reference"
2015.25,"catch","F11_R1","Fishery 11  / Region 1","2340",200.62,200.619999929905,"t","alb","ALB reference"
2015.33333333333,"catch","F11_R1","Fishery 11  / Region 1","2341",12.77,12.7699999981032,"t","alb","ALB reference"
2015.83333333333,"catch","F11_R1","Fishery 11  / Region 1","2342",1.955,1.95499999966317,"t","alb","ALB reference"
2015.91666666667,"catch","F11_R1","Fishery 11  / Region 1","2343",152.793,152.792999951094,"t","alb","ALB reference"
2016,"catch","F11_R1","Fishery 11  / Region 1","2344",596.873,596.872999810753,"t","alb","ALB reference"
2016.08333333333,"catch","F11_R1","Fishery 11  / Region 1","2345",510.622,510.621999943209,"t","alb","ALB reference"
2016.16666666667,"catch","F11_R1","Fishery 11  / Region 1","2346",330.649,330.648999894884,"t","alb","ALB reference"
2016.25,"catch","F11_R1","Fishery 11  / Region 1","2347",262.074,262.073999915241,"t","alb","ALB reference"
2016.33333333333,"catch","F11_R1","Fishery 11  / Region 1","2348",44.542,44.541999994295,"t","alb","ALB reference"
2016.41666666667,"catch","F11_R1","Fishery 11  / Region 1","2349",0.278,0.277999999907608,"t","alb","ALB reference"
2016.5,"catch","F11_R1","Fishery 11  / Region 1","2350",0.111,0.110999999962782,"t","alb","ALB reference"
2016.75,"catch","F11_R1","Fishery 11  / Region 1","2351",0.019,0.0189999999925446,"t","alb","ALB reference"
2016.83333333333,"catch","F11_R1","Fishery 11  / Region 1","2352",5.708,5.70799999879647,"t","alb","ALB reference"
2016.91666666667,"catch","F11_R1","Fishery 11  / Region 1","2353",218.127,218.126999914603,"t","alb","ALB reference"
2017,"catch","F11_R1","Fishery 11  / Region 1","2354",500.39,500.389999811002,"t","alb","ALB reference"
2017.08333333333,"catch","F11_R1","Fishery 11  / Region 1","2355",540.279,540.278999919077,"t","alb","ALB reference"
2017.16666666667,"catch","F11_R1","Fishery 11  / Region 1","2356",322.106,322.105999873396,"t","alb","ALB reference"
2017.25,"catch","F11_R1","Fishery 11  / Region 1","2357",147.396,147.39599994084,"t","alb","ALB reference"
2017.33333333333,"catch","F11_R1","Fishery 11  / Region 1","2358",39.301,39.300999996298,"t","alb","ALB reference"
2017.41666666667,"catch","F11_R1","Fishery 11  / Region 1","2359",0.006,0.00599999999754597,"t","alb","ALB reference"
2017.66666666667,"catch","F11_R1","Fishery 11  / Region 1","2360",0.025,0.0249999999896875,"t","alb","ALB reference"
2017.83333333333,"catch","F11_R1","Fishery 11  / Region 1","2361",3.152,3.15199999919618,"t","alb","ALB reference"
2017.91666666667,"catch","F11_R1","Fishery 11  / Region 1","2362",404.854,404.853999813255,"t","alb","ALB reference"
2018,"catch","F11_R1","Fishery 11  / Region 1","2363",886.398,886.397999592704,"t","alb","ALB reference"
2018.08333333333,"catch","F11_R1","Fishery 11  / Region 1","2364",581.636,581.635999882229,"t","alb","ALB reference"
2018.16666666667,"catch","F11_R1","Fishery 11  / Region 1","2365",495.45,495.449999763571,"t","alb","ALB reference"
2018.25,"catch","F11_R1","Fishery 11  / Region 1","2366",76.983,76.9829999626369,"t","alb","ALB reference"
2018.33333333333,"catch","F11_R1","Fishery 11  / Region 1","2367",4.306,4.30599999904354,"t","alb","ALB reference"
2018.58333333333,"catch","F11_R1","Fishery 11  / Region 1","2368",0.012,0.0120000000004881,"t","alb","ALB reference"
2018.83333333333,"catch","F11_R1","Fishery 11  / Region 1","2369",1.333,1.33299999976754,"t","alb","ALB reference"
2018.91666666667,"catch","F11_R1","Fishery 11  / Region 1","2370",225.313,225.312999927638,"t","alb","ALB reference"
2019,"catch","F11_R1","Fishery 11  / Region 1","2371",684.598,684.597999783445,"t","alb","ALB reference"
2019.08333333333,"catch","F11_R1","Fishery 11  / Region 1","2372",693.791,693.790999920088,"t","alb","ALB reference"
2019.16666666667,"catch","F11_R1","Fishery 11  / Region 1","2373",404.306,404.305999869359,"t","alb","ALB reference"
2019.25,"catch","F11_R1","Fishery 11  / Region 1","2374",193.794,193.793999935941,"t","alb","ALB reference"
2019.33333333333,"catch","F11_R1","Fishery 11  / Region 1","2375",34.797,34.7969999964771,"t","alb","ALB reference"
2019.41666666667,"catch","F11_R1","Fishery 11  / Region 1","2376",0.042,0.0419999999858284,"t","alb","ALB reference"
2019.75,"catch","F11_R1","Fishery 11  / Region 1","2377",0.05,0.0499999999865847,"t","alb","ALB reference"
2019.83333333333,"catch","F11_R1","Fishery 11  / Region 1","2378",1.679,1.6789999997575,"t","alb","ALB reference"
2019.91666666667,"catch","F11_R1","Fishery 11  / Region 1","2379",306.966,306.96599991883,"t","alb","ALB reference"
2020,"catch","F11_R1","Fishery 11  / Region 1","2380",831.733,831.732999780735,"t","alb","ALB reference"
2020.08333333333,"catch","F11_R1","Fishery 11  / Region 1","2381",1035.005,1035.00499991161,"t","alb","ALB reference"
2020.16666666667,"catch","F11_R1","Fishery 11  / Region 1","2382",581.628,581.627999841513,"t","alb","ALB reference"
2020.25,"catch","F11_R1","Fishery 11  / Region 1","2383",66.433,66.4329999815313,"t","alb","ALB reference"
2020.33333333333,"catch","F11_R1","Fishery 11  / Region 1","2384",11.191,11.1910000010659,"t","alb","ALB reference"
2020.41666666667,"catch","F11_R1","Fishery 11  / Region 1","2385",2.781,2.78099999920456,"t","alb","ALB reference"
2020.75,"catch","F11_R1","Fishery 11  / Region 1","2386",0.049,0.0489999999855539,"t","alb","ALB reference"
2020.83333333333,"catch","F11_R1","Fishery 11  / Region 1","2387",10.272,10.2719999983633,"t","alb","ALB reference"
2020.91666666667,"catch","F11_R1","Fishery 11  / Region 1","2388",285.56,285.559999920457,"t","alb","ALB reference"
2021,"catch","F11_R1","Fishery 11  / Region 1","2389",997.021,997.020999714109,"t","alb","ALB reference"
2021.08333333333,"catch","F11_R1","Fishery 11  / Region 1","2390",1349.262,1349.2619998757,"t","alb","ALB reference"
2021.16666666667,"catch","F11_R1","Fishery 11  / Region 1","2391",678.73,678.72999979967,"t","alb","ALB reference"
2021.25,"catch","F11_R1","Fishery 11  / Region 1","2392",82.372,82.3719999754046,"t","alb","ALB reference"
2021.33333333333,"catch","F11_R1","Fishery 11  / Region 1","2393",7.449,7.44899999943772,"t","alb","ALB reference"
2021.41666666667,"catch","F11_R1","Fishery 11  / Region 1","2394",0.007,0.0069999999978843,"t","alb","ALB reference"
2021.66666666667,"catch","F11_R1","Fishery 11  / Region 1","2395",0.035,0.034999999989442,"t","alb","ALB reference"
2021.83333333333,"catch","F11_R1","Fishery 11  / Region 1","2396",32.106,32.1059999943975,"t","alb","ALB reference"
2021.91666666667,"catch","F11_R1","Fishery 11  / Region 1","2397",187.12,187.119999940505,"t","alb","ALB reference"
2022,"catch","F11_R1","Fishery 11  / Region 1","2398",1556.338,1556.33799949917,"t","alb","ALB reference"
2022.08333333333,"catch","F11_R1","Fishery 11  / Region 1","2399",1198.97,1198.96999985882,"t","alb","ALB reference"
2022.16666666667,"catch","F11_R1","Fishery 11  / Region 1","2400",810.384,810.383999732747,"t","alb","ALB reference"
2022.25,"catch","F11_R1","Fishery 11  / Region 1","2401",327.712,327.711999887003,"t","alb","ALB reference"
2022.33333333333,"catch","F11_R1","Fishery 11  / Region 1","2402",18.994,18.9940000004525,"t","alb","ALB reference"
1987,"catch","F12_R1","Fishery 12  / Region 1","2403",350.324,350.323999811718,"t","alb","ALB reference"
1987.08333333333,"catch","F12_R1","Fishery 12  / Region 1","2404",253.447,253.446999917005,"t","alb","ALB reference"
1987.16666666667,"catch","F12_R1","Fishery 12  / Region 1","2405",83.741,83.7409999538044,"t","alb","ALB reference"
1987.25,"catch","F12_R1","Fishery 12  / Region 1","2406",163.174,163.173999907714,"t","alb","ALB reference"
1987.91666666667,"catch","F12_R1","Fishery 12  / Region 1","2407",26.858,26.8579999866932,"t","alb","ALB reference"
1988,"catch","F12_R1","Fishery 12  / Region 1","2408",1578.154,1578.15399921006,"t","alb","ALB reference"
1988.08333333333,"catch","F12_R1","Fishery 12  / Region 1","2409",801.965,801.96499978236,"t","alb","ALB reference"
1988.16666666667,"catch","F12_R1","Fishery 12  / Region 1","2410",733.059,733.05899961205,"t","alb","ALB reference"
1988.25,"catch","F12_R1","Fishery 12  / Region 1","2411",111.778,111.777999940132,"t","alb","ALB reference"
1988.91666666667,"catch","F12_R1","Fishery 12  / Region 1","2412",431.045,431.044999814551,"t","alb","ALB reference"
1989,"catch","F12_R1","Fishery 12  / Region 1","2413",1019.193,1019.19299957151,"t","alb","ALB reference"
1989.08333333333,"catch","F12_R1","Fishery 12  / Region 1","2414",817.05,817.049993645902,"t","alb","ALB reference"
1989.16666666667,"catch","F12_R1","Fishery 12  / Region 1","2415",594.99,594.98999972465,"t","alb","ALB reference"
1989.25,"catch","F12_R1","Fishery 12  / Region 1","2416",156.384,156.383999925554,"t","alb","ALB reference"
1989.91666666667,"catch","F12_R1","Fishery 12  / Region 1","2417",1024.795,1024.79499959308,"t","alb","ALB reference"
1990,"catch","F12_R1","Fishery 12  / Region 1","2418",1211.759,1211.75899950557,"t","alb","ALB reference"
1990.08333333333,"catch","F12_R1","Fishery 12  / Region 1","2419",904.805,904.804999783644,"t","alb","ALB reference"
1990.16666666667,"catch","F12_R1","Fishery 12  / Region 1","2420",1321.927,1321.92699942722,"t","alb","ALB reference"
1990.25,"catch","F12_R1","Fishery 12  / Region 1","2421",53.177,53.1769999763258,"t","alb","ALB reference"
1990.83333333333,"catch","F12_R1","Fishery 12  / Region 1","2422",0.397,0.396999999915467,"t","alb","ALB reference"
1990.91666666667,"catch","F12_R1","Fishery 12  / Region 1","2423",391.881,391.880999843027,"t","alb","ALB reference"
1991,"catch","F12_R1","Fishery 12  / Region 1","2424",2163.789,2163.78899913202,"t","alb","ALB reference"
1991.08333333333,"catch","F12_R1","Fishery 12  / Region 1","2425",1420.81,1420.80999968719,"t","alb","ALB reference"
1991.16666666667,"catch","F12_R1","Fishery 12  / Region 1","2426",710.206,710.205999704527,"t","alb","ALB reference"
1991.25,"catch","F12_R1","Fishery 12  / Region 1","2427",411.574,411.573999822674,"t","alb","ALB reference"
1991.91666666667,"catch","F12_R1","Fishery 12  / Region 1","2428",207.608,207.60799991576,"t","alb","ALB reference"
1992,"catch","F12_R1","Fishery 12  / Region 1","2429",2168.131,2168.1309991324,"t","alb","ALB reference"
1992.08333333333,"catch","F12_R1","Fishery 12  / Region 1","2430",649.725,649.724999881605,"t","alb","ALB reference"
1992.16666666667,"catch","F12_R1","Fishery 12  / Region 1","2431",328.275,328.274999864581,"t","alb","ALB reference"
1992.25,"catch","F12_R1","Fishery 12  / Region 1","2432",0.066,0.06599999997277,"t","alb","ALB reference"
1992.91666666667,"catch","F12_R1","Fishery 12  / Region 1","2433",17.201,17.2009999934945,"t","alb","ALB reference"
1993,"catch","F12_R1","Fishery 12  / Region 1","2434",376.144,376.143999858173,"t","alb","ALB reference"
1993.08333333333,"catch","F12_R1","Fishery 12  / Region 1","2435",538.853,538.852999920641,"t","alb","ALB reference"
1993.16666666667,"catch","F12_R1","Fishery 12  / Region 1","2436",90.314,90.313999965309,"t","alb","ALB reference"
1993.25,"catch","F12_R1","Fishery 12  / Region 1","2437",9.722,9.72199999623407,"t","alb","ALB reference"
1993.91666666667,"catch","F12_R1","Fishery 12  / Region 1","2438",3.691,3.69099999858759,"t","alb","ALB reference"
1994,"catch","F12_R1","Fishery 12  / Region 1","2439",586.664,586.663999775729,"t","alb","ALB reference"
1994.08333333333,"catch","F12_R1","Fishery 12  / Region 1","2440",934.516,934.515999852757,"t","alb","ALB reference"
1994.16666666667,"catch","F12_R1","Fishery 12  / Region 1","2441",484.774,484.773999809474,"t","alb","ALB reference"
1994.25,"catch","F12_R1","Fishery 12  / Region 1","2442",34.459,34.4589999863899,"t","alb","ALB reference"
1994.33333333333,"catch","F12_R1","Fishery 12  / Region 1","2443",0.303,0.302999999929718,"t","alb","ALB reference"
1994.83333333333,"catch","F12_R1","Fishery 12  / Region 1","2444",0.303,0.302999999936054,"t","alb","ALB reference"
1994.91666666667,"catch","F12_R1","Fishery 12  / Region 1","2445",231.603,231.602999915706,"t","alb","ALB reference"
1995,"catch","F12_R1","Fishery 12  / Region 1","2446",670.315,670.314999759829,"t","alb","ALB reference"
1995.08333333333,"catch","F12_R1","Fishery 12  / Region 1","2447",921.992,921.991999862747,"t","alb","ALB reference"
1995.16666666667,"catch","F12_R1","Fishery 12  / Region 1","2448",325.581,325.580999881293,"t","alb","ALB reference"
1995.25,"catch","F12_R1","Fishery 12  / Region 1","2449",5.342,5.34199999804048,"t","alb","ALB reference"
1995.91666666667,"catch","F12_R1","Fishery 12  / Region 1","2450",94.349,94.3489999688122,"t","alb","ALB reference"
1996,"catch","F12_R1","Fishery 12  / Region 1","2451",612.896,612.89599979896,"t","alb","ALB reference"
1996.08333333333,"catch","F12_R1","Fishery 12  / Region 1","2452",898.411,898.410999883599,"t","alb","ALB reference"
1996.16666666667,"catch","F12_R1","Fishery 12  / Region 1","2453",612.14,612.139999789843,"t","alb","ALB reference"
1996.25,"catch","F12_R1","Fishery 12  / Region 1","2454",5.523,5.52299999809006,"t","alb","ALB reference"
1996.83333333333,"catch","F12_R1","Fishery 12  / Region 1","2455",0.23,0.229999999957299,"t","alb","ALB reference"
1996.91666666667,"catch","F12_R1","Fishery 12  / Region 1","2456",110.95,110.949999961665,"t","alb","ALB reference"
1997,"catch","F12_R1","Fishery 12  / Region 1","2457",535.262,535.261999813074,"t","alb","ALB reference"
1997.08333333333,"catch","F12_R1","Fishery 12  / Region 1","2458",721.801,721.800999903615,"t","alb","ALB reference"
1997.16666666667,"catch","F12_R1","Fishery 12  / Region 1","2459",370.814,370.813999864128,"t","alb","ALB reference"
1997.25,"catch","F12_R1","Fishery 12  / Region 1","2460",10.483,10.4829999960802,"t","alb","ALB reference"
1997.91666666667,"catch","F12_R1","Fishery 12  / Region 1","2461",50.319,50.3189999794865,"t","alb","ALB reference"
1998,"catch","F12_R1","Fishery 12  / Region 1","2462",571.835,571.834999764752,"t","alb","ALB reference"
1998.08333333333,"catch","F12_R1","Fishery 12  / Region 1","2463",673.374,673.373999886343,"t","alb","ALB reference"
1998.16666666667,"catch","F12_R1","Fishery 12  / Region 1","2464",331.158,331.157999855485,"t","alb","ALB reference"
1998.25,"catch","F12_R1","Fishery 12  / Region 1","2465",0.222,0.22199999990054,"t","alb","ALB reference"
1998.33333333333,"catch","F12_R1","Fishery 12  / Region 1","2466",0.153,0.152999999962642,"t","alb","ALB reference"
1998.91666666667,"catch","F12_R1","Fishery 12  / Region 1","2467",29.654,29.6539999862825,"t","alb","ALB reference"
1999,"catch","F12_R1","Fishery 12  / Region 1","2468",520.095,520.09499975826,"t","alb","ALB reference"
1999.08333333333,"catch","F12_R1","Fishery 12  / Region 1","2469",531.636,531.635999889557,"t","alb","ALB reference"
1999.16666666667,"catch","F12_R1","Fishery 12  / Region 1","2470",185.589,185.588999909857,"t","alb","ALB reference"
1999.25,"catch","F12_R1","Fishery 12  / Region 1","2471",52.146,52.1459999740939,"t","alb","ALB reference"
2000,"catch","F12_R1","Fishery 12  / Region 1","2472",1005.068,1005.06799960689,"t","alb","ALB reference"
2000.08333333333,"catch","F12_R1","Fishery 12  / Region 1","2473",934.714,934.713999827651,"t","alb","ALB reference"
2000.16666666667,"catch","F12_R1","Fishery 12  / Region 1","2474",402.812,402.811999835544,"t","alb","ALB reference"
2000.25,"catch","F12_R1","Fishery 12  / Region 1","2475",47.382,47.3819999802299,"t","alb","ALB reference"
2000.91666666667,"catch","F12_R1","Fishery 12  / Region 1","2476",43.07,43.069999984871,"t","alb","ALB reference"
2001,"catch","F12_R1","Fishery 12  / Region 1","2477",592.765,592.764999794543,"t","alb","ALB reference"
2001.08333333333,"catch","F12_R1","Fishery 12  / Region 1","2478",1003.306,1003.30599988631,"t","alb","ALB reference"
2001.16666666667,"catch","F12_R1","Fishery 12  / Region 1","2479",420.247,420.246999850533,"t","alb","ALB reference"
2001.25,"catch","F12_R1","Fishery 12  / Region 1","2480",88.185,88.1849999681188,"t","alb","ALB reference"
2001.33333333333,"catch","F12_R1","Fishery 12  / Region 1","2481",0.032,0.0319999999944672,"t","alb","ALB reference"
2001.91666666667,"catch","F12_R1","Fishery 12  / Region 1","2482",8.438,8.43799999694023,"t","alb","ALB reference"
2002,"catch","F12_R1","Fishery 12  / Region 1","2483",489.905,489.904999820413,"t","alb","ALB reference"
2002.08333333333,"catch","F12_R1","Fishery 12  / Region 1","2484",647.81,647.809999889267,"t","alb","ALB reference"
2002.16666666667,"catch","F12_R1","Fishery 12  / Region 1","2485",45.843,45.8429999825772,"t","alb","ALB reference"
2002.33333333333,"catch","F12_R1","Fishery 12  / Region 1","2486",3.032,3.03200000189177,"t","alb","ALB reference"
2002.91666666667,"catch","F12_R1","Fishery 12  / Region 1","2487",28.606,28.6059999917105,"t","alb","ALB reference"
2003,"catch","F12_R1","Fishery 12  / Region 1","2488",258.964,258.963999924938,"t","alb","ALB reference"
2003.08333333333,"catch","F12_R1","Fishery 12  / Region 1","2489",648.8,648.799999941173,"t","alb","ALB reference"
2003.16666666667,"catch","F12_R1","Fishery 12  / Region 1","2490",448.391,448.390999865731,"t","alb","ALB reference"
2003.25,"catch","F12_R1","Fishery 12  / Region 1","2491",0.172,0.171999999949013,"t","alb","ALB reference"
2003.91666666667,"catch","F12_R1","Fishery 12  / Region 1","2492",40.401,40.4009999892252,"t","alb","ALB reference"
2004,"catch","F12_R1","Fishery 12  / Region 1","2493",277.979,277.978999925639,"t","alb","ALB reference"
2004.08333333333,"catch","F12_R1","Fishery 12  / Region 1","2494",252.154,252.153999976666,"t","alb","ALB reference"
2004.16666666667,"catch","F12_R1","Fishery 12  / Region 1","2495",328.049,328.048999908618,"t","alb","ALB reference"
2004.25,"catch","F12_R1","Fishery 12  / Region 1","2496",3.036,3.03599999914826,"t","alb","ALB reference"
2004.91666666667,"catch","F12_R1","Fishery 12  / Region 1","2497",98.821,98.8209999698556,"t","alb","ALB reference"
2005,"catch","F12_R1","Fishery 12  / Region 1","2498",224.805,224.804999930949,"t","alb","ALB reference"
2005.08333333333,"catch","F12_R1","Fishery 12  / Region 1","2499",190.572,190.571999979358,"t","alb","ALB reference"
2005.16666666667,"catch","F12_R1","Fishery 12  / Region 1","2500",26.556,26.555999991571,"t","alb","ALB reference"
2005.33333333333,"catch","F12_R1","Fishery 12  / Region 1","2501",0.012,0.0120000000002474,"t","alb","ALB reference"
2005.75,"catch","F12_R1","Fishery 12  / Region 1","2502",0.024,0.0239999999913612,"t","alb","ALB reference"
2005.91666666667,"catch","F12_R1","Fishery 12  / Region 1","2503",45.145,45.1449999835204,"t","alb","ALB reference"
2006,"catch","F12_R1","Fishery 12  / Region 1","2504",273.663,273.662999899495,"t","alb","ALB reference"
2006.08333333333,"catch","F12_R1","Fishery 12  / Region 1","2505",162.817,162.816999974587,"t","alb","ALB reference"
2006.16666666667,"catch","F12_R1","Fishery 12  / Region 1","2506",102.417,102.416999961039,"t","alb","ALB reference"
2006.25,"catch","F12_R1","Fishery 12  / Region 1","2507",29.779,29.7789999884638,"t","alb","ALB reference"
2007,"catch","F12_R1","Fishery 12  / Region 1","2508",0.524,0.523999999819798,"t","alb","ALB reference"
2007.08333333333,"catch","F12_R1","Fishery 12  / Region 1","2509",0.315,0.314999999954012,"t","alb","ALB reference"
2007.16666666667,"catch","F12_R1","Fishery 12  / Region 1","2510",0.089,0.0889999999686627,"t","alb","ALB reference"
2007.33333333333,"catch","F12_R1","Fishery 12  / Region 1","2511",0.05,0.0499999999893069,"t","alb","ALB reference"
2008.16666666667,"catch","F12_R1","Fishery 12  / Region 1","2512",0.016,0.0159999999952973,"t","alb","ALB reference"
2008.25,"catch","F12_R1","Fishery 12  / Region 1","2513",0.111,0.110999999966727,"t","alb","ALB reference"
2009,"catch","F12_R1","Fishery 12  / Region 1","2514",0.081,0.0809999999781019,"t","alb","ALB reference"
2009.16666666667,"catch","F12_R1","Fishery 12  / Region 1","2515",0.046,0.0459999999871778,"t","alb","ALB reference"
2011.08333333333,"catch","F12_R1","Fishery 12  / Region 1","2516",0.09,0.0899999999907153,"t","alb","ALB reference"
2011.25,"catch","F12_R1","Fishery 12  / Region 1","2517",0.097,0.0969999999719834,"t","alb","ALB reference"
2011.91666666667,"catch","F12_R1","Fishery 12  / Region 1","2518",0.097,0.0969999999758777,"t","alb","ALB reference"
2012,"catch","F12_R1","Fishery 12  / Region 1","2519",0.063,0.0629999999841873,"t","alb","ALB reference"
2012.16666666667,"catch","F12_R1","Fishery 12  / Region 1","2520",0.05,0.0499999999869306,"t","alb","ALB reference"
2012.83333333333,"catch","F12_R1","Fishery 12  / Region 1","2521",0.025,0.0249999999963191,"t","alb","ALB reference"
2013,"catch","F12_R1","Fishery 12  / Region 1","2522",0.161,0.160999999957185,"t","alb","ALB reference"
2013.08333333333,"catch","F12_R1","Fishery 12  / Region 1","2523",86.497,86.4969999926345,"t","alb","ALB reference"
2013.16666666667,"catch","F12_R1","Fishery 12  / Region 1","2524",303.753,303.752999916718,"t","alb","ALB reference"
2014,"catch","F12_R1","Fishery 12  / Region 1","2525",18.781,18.7809999942007,"t","alb","ALB reference"
2014.08333333333,"catch","F12_R1","Fishery 12  / Region 1","2526",242.517,242.516999970981,"t","alb","ALB reference"
2014.16666666667,"catch","F12_R1","Fishery 12  / Region 1","2527",199.805,199.804999935956,"t","alb","ALB reference"
2014.25,"catch","F12_R1","Fishery 12  / Region 1","2528",159.916,159.915999947879,"t","alb","ALB reference"
2014.33333333333,"catch","F12_R1","Fishery 12  / Region 1","2529",0.222,0.221999999987115,"t","alb","ALB reference"
2015,"catch","F12_R1","Fishery 12  / Region 1","2530",20.939,20.9389999934712,"t","alb","ALB reference"
2015.08333333333,"catch","F12_R1","Fishery 12  / Region 1","2531",69.999,69.9989999911437,"t","alb","ALB reference"
2015.16666666667,"catch","F12_R1","Fishery 12  / Region 1","2532",60.161,60.1609999804364,"t","alb","ALB reference"
2015.25,"catch","F12_R1","Fishery 12  / Region 1","2533",4.902,4.9019999983792,"t","alb","ALB reference"
2016,"catch","F12_R1","Fishery 12  / Region 1","2534",64.755,64.7549999808298,"t","alb","ALB reference"
2016.08333333333,"catch","F12_R1","Fishery 12  / Region 1","2535",100.595,100.594999989287,"t","alb","ALB reference"
2016.16666666667,"catch","F12_R1","Fishery 12  / Region 1","2536",109.615,109.614999966653,"t","alb","ALB reference"
2016.25,"catch","F12_R1","Fishery 12  / Region 1","2537",25.101,25.1009999923308,"t","alb","ALB reference"
2017,"catch","F12_R1","Fishery 12  / Region 1","2538",330.93,330.929999889953,"t","alb","ALB reference"
2017.08333333333,"catch","F12_R1","Fishery 12  / Region 1","2539",160.477,160.47699998053,"t","alb","ALB reference"
2017.16666666667,"catch","F12_R1","Fishery 12  / Region 1","2540",59.469,59.4689999796489,"t","alb","ALB reference"
2017.33333333333,"catch","F12_R1","Fishery 12  / Region 1","2541",0.006,0.00599999999968242,"t","alb","ALB reference"
2017.91666666667,"catch","F12_R1","Fishery 12  / Region 1","2542",6.504,6.50399999744212,"t","alb","ALB reference"
2018,"catch","F12_R1","Fishery 12  / Region 1","2543",116.143,116.142999953744,"t","alb","ALB reference"
2018.08333333333,"catch","F12_R1","Fishery 12  / Region 1","2544",276.5,276.49999995158,"t","alb","ALB reference"
2018.16666666667,"catch","F12_R1","Fishery 12  / Region 1","2545",9.851,9.85099999590705,"t","alb","ALB reference"
2018.91666666667,"catch","F12_R1","Fishery 12  / Region 1","2546",30.895,30.8949999896351,"t","alb","ALB reference"
2019,"catch","F12_R1","Fishery 12  / Region 1","2547",273.726,273.725999907314,"t","alb","ALB reference"
2019.08333333333,"catch","F12_R1","Fishery 12  / Region 1","2548",321.526,321.525999951972,"t","alb","ALB reference"
2019.16666666667,"catch","F12_R1","Fishery 12  / Region 1","2549",103.102,103.101999964218,"t","alb","ALB reference"
2019.91666666667,"catch","F12_R1","Fishery 12  / Region 1","2550",177.183,177.182999952495,"t","alb","ALB reference"
2020,"catch","F12_R1","Fishery 12  / Region 1","2551",695.912,695.911999811889,"t","alb","ALB reference"
2020.08333333333,"catch","F12_R1","Fishery 12  / Region 1","2552",590.023,590.022999947243,"t","alb","ALB reference"
2020.16666666667,"catch","F12_R1","Fishery 12  / Region 1","2553",173.422,173.421999952087,"t","alb","ALB reference"
2020.25,"catch","F12_R1","Fishery 12  / Region 1","2554",0.402,0.401999999888656,"t","alb","ALB reference"
2020.91666666667,"catch","F12_R1","Fishery 12  / Region 1","2555",451.878,451.87799987825,"t","alb","ALB reference"
2021,"catch","F12_R1","Fishery 12  / Region 1","2556",267.204,267.203999928607,"t","alb","ALB reference"
2021.08333333333,"catch","F12_R1","Fishery 12  / Region 1","2557",286.349,286.348999975415,"t","alb","ALB reference"
2021.16666666667,"catch","F12_R1","Fishery 12  / Region 1","2558",28.771,28.7709999921455,"t","alb","ALB reference"
2021.91666666667,"catch","F12_R1","Fishery 12  / Region 1","2559",79.706,79.7059999770518,"t","alb","ALB reference"
2022,"catch","F12_R1","Fishery 12  / Region 1","2560",411.478,411.477999880754,"t","alb","ALB reference"
2022.08333333333,"catch","F12_R1","Fishery 12  / Region 1","2561",258.581,258.580999973067,"t","alb","ALB reference"
2022.16666666667,"catch","F12_R1","Fishery 12  / Region 1","2562",482.42,482.41999985289,"t","alb","ALB reference"
2022.25,"catch","F12_R1","Fishery 12  / Region 1","2563",29.568,29.5679999908267,"t","alb","ALB reference"
1983.83333333333,"catch","F13_R1","Fishery 13  / Region 1","2564",32,31.9999999917128,"t","alb","ALB reference"
1984.08333333333,"catch","F13_R1","Fishery 13  / Region 1","2565",1373.489,1373.48899963072,"t","alb","ALB reference"
1984.33333333333,"catch","F13_R1","Fishery 13  / Region 1","2566",170.576,170.575999951359,"t","alb","ALB reference"
1984.83333333333,"catch","F13_R1","Fishery 13  / Region 1","2567",36.935,36.9349999904958,"t","alb","ALB reference"
1985.08333333333,"catch","F13_R1","Fishery 13  / Region 1","2568",1189.945,1189.94499967992,"t","alb","ALB reference"
1985.33333333333,"catch","F13_R1","Fishery 13  / Region 1","2569",0.942,0.941999999735007,"t","alb","ALB reference"
1985.83333333333,"catch","F13_R1","Fishery 13  / Region 1","2570",737.113,737.112999812553,"t","alb","ALB reference"
1986.08333333333,"catch","F13_R1","Fishery 13  / Region 1","2571",1829.405,1829.40499950855,"t","alb","ALB reference"
1986.83333333333,"catch","F13_R1","Fishery 13  / Region 1","2572",106.595,106.594999967779,"t","alb","ALB reference"
1987.08333333333,"catch","F13_R1","Fishery 13  / Region 1","2573",663.889,663.888999792687,"t","alb","ALB reference"
1987.83333333333,"catch","F13_R1","Fishery 13  / Region 1","2574",255.111,255.110999927301,"t","alb","ALB reference"
1988.08333333333,"catch","F13_R1","Fishery 13  / Region 1","2575",1505.845,1505.84499956769,"t","alb","ALB reference"
1988.83333333333,"catch","F13_R1","Fishery 13  / Region 1","2576",6427.919,6427.91899976666,"t","alb","ALB reference"
1989.08333333333,"catch","F13_R1","Fishery 13  / Region 1","2577",19011.691,19011.6908405805,"t","alb","ALB reference"
1989.33333333333,"catch","F13_R1","Fishery 13  / Region 1","2578",9.042,9.04199999741999,"t","alb","ALB reference"
1989.83333333333,"catch","F13_R1","Fishery 13  / Region 1","2579",2761.746,2761.74599939479,"t","alb","ALB reference"
1990.08333333333,"catch","F13_R1","Fishery 13  / Region 1","2580",5567.001,5567.00099865457,"t","alb","ALB reference"
1957.33333333333,"catch","F14_R2","Fishery 14  / Region 2","2581",242,241.999999994854,"fish","alb","ALB reference"
1957.58333333333,"catch","F14_R2","Fishery 14  / Region 2","2582",435,435.00000001578,"fish","alb","ALB reference"
1957.83333333333,"catch","F14_R2","Fishery 14  / Region 2","2583",815,814.999999981566,"fish","alb","ALB reference"
1958.08333333333,"catch","F14_R2","Fishery 14  / Region 2","2584",278,277.999999993617,"fish","alb","ALB reference"
1958.33333333333,"catch","F14_R2","Fishery 14  / Region 2","2585",3843,3842.99999990598,"fish","alb","ALB reference"
1958.58333333333,"catch","F14_R2","Fishery 14  / Region 2","2586",2878,2878.00000010382,"fish","alb","ALB reference"
1958.83333333333,"catch","F14_R2","Fishery 14  / Region 2","2587",8111,8110.99999981789,"fish","alb","ALB reference"
1959.08333333333,"catch","F14_R2","Fishery 14  / Region 2","2588",8515,8514.99999980596,"fish","alb","ALB reference"
1959.33333333333,"catch","F14_R2","Fishery 14  / Region 2","2589",1413,1412.9999999653,"fish","alb","ALB reference"
1959.58333333333,"catch","F14_R2","Fishery 14  / Region 2","2590",3659,3659.00000013174,"fish","alb","ALB reference"
1959.83333333333,"catch","F14_R2","Fishery 14  / Region 2","2591",282,281.999999993594,"fish","alb","ALB reference"
1960.08333333333,"catch","F14_R2","Fishery 14  / Region 2","2592",22964,22963.9999994832,"fish","alb","ALB reference"
1960.33333333333,"catch","F14_R2","Fishery 14  / Region 2","2593",5379,5378.99999986725,"fish","alb","ALB reference"
1960.58333333333,"catch","F14_R2","Fishery 14  / Region 2","2594",2078,2078.00000007431,"fish","alb","ALB reference"
1960.83333333333,"catch","F14_R2","Fishery 14  / Region 2","2595",2758,2757.99999993724,"fish","alb","ALB reference"
1961.08333333333,"catch","F14_R2","Fishery 14  / Region 2","2596",16208,16207.9999996307,"fish","alb","ALB reference"
1961.33333333333,"catch","F14_R2","Fishery 14  / Region 2","2597",9548,9547.99999975961,"fish","alb","ALB reference"
1961.58333333333,"catch","F14_R2","Fishery 14  / Region 2","2598",4473,4473.00000015869,"fish","alb","ALB reference"
1961.83333333333,"catch","F14_R2","Fishery 14  / Region 2","2599",3430,3429.99999992266,"fish","alb","ALB reference"
1962.08333333333,"catch","F14_R2","Fishery 14  / Region 2","2600",29001,29000.9999993381,"fish","alb","ALB reference"
1962.33333333333,"catch","F14_R2","Fishery 14  / Region 2","2601",32081,32080.9999991619,"fish","alb","ALB reference"
1962.58333333333,"catch","F14_R2","Fishery 14  / Region 2","2602",37742,37742.0000012737,"fish","alb","ALB reference"
1962.83333333333,"catch","F14_R2","Fishery 14  / Region 2","2603",28042,28041.9999993835,"fish","alb","ALB reference"
1963.08333333333,"catch","F14_R2","Fishery 14  / Region 2","2604",77539,77538.9999982557,"fish","alb","ALB reference"
1963.33333333333,"catch","F14_R2","Fishery 14  / Region 2","2605",104302,104301.99999737,"fish","alb","ALB reference"
1963.58333333333,"catch","F14_R2","Fishery 14  / Region 2","2606",40953,40953.0000013241,"fish","alb","ALB reference"
1963.83333333333,"catch","F14_R2","Fishery 14  / Region 2","2607",157942,157941.999996703,"fish","alb","ALB reference"
1964.08333333333,"catch","F14_R2","Fishery 14  / Region 2","2608",106616,106615.999997575,"fish","alb","ALB reference"
1964.33333333333,"catch","F14_R2","Fishery 14  / Region 2","2609",35063,35062.999998901,"fish","alb","ALB reference"
1964.58333333333,"catch","F14_R2","Fishery 14  / Region 2","2610",16837,16837.000000506,"fish","alb","ALB reference"
1964.83333333333,"catch","F14_R2","Fishery 14  / Region 2","2611",60745,60744.9999985609,"fish","alb","ALB reference"
1965.08333333333,"catch","F14_R2","Fishery 14  / Region 2","2612",30684,30683.9999991619,"fish","alb","ALB reference"
1965.33333333333,"catch","F14_R2","Fishery 14  / Region 2","2613",21753,21752.999999233,"fish","alb","ALB reference"
1965.58333333333,"catch","F14_R2","Fishery 14  / Region 2","2614",20500,20500.000000532,"fish","alb","ALB reference"
1965.83333333333,"catch","F14_R2","Fishery 14  / Region 2","2615",22335,22334.9999994038,"fish","alb","ALB reference"
1966.08333333333,"catch","F14_R2","Fishery 14  / Region 2","2616",32013,32012.9999990751,"fish","alb","ALB reference"
1966.33333333333,"catch","F14_R2","Fishery 14  / Region 2","2617",50852,50851.9999983432,"fish","alb","ALB reference"
1966.58333333333,"catch","F14_R2","Fishery 14  / Region 2","2618",58348,58348.0000016456,"fish","alb","ALB reference"
1966.83333333333,"catch","F14_R2","Fishery 14  / Region 2","2619",122679,122678.999996867,"fish","alb","ALB reference"
1967.08333333333,"catch","F14_R2","Fishery 14  / Region 2","2620",154012,154011.999995956,"fish","alb","ALB reference"
1967.33333333333,"catch","F14_R2","Fishery 14  / Region 2","2621",12629,12628.9999996199,"fish","alb","ALB reference"
1967.58333333333,"catch","F14_R2","Fishery 14  / Region 2","2622",9573,9573.00000029765,"fish","alb","ALB reference"
1967.83333333333,"catch","F14_R2","Fishery 14  / Region 2","2623",201069,201068.999995357,"fish","alb","ALB reference"
1968.08333333333,"catch","F14_R2","Fishery 14  / Region 2","2624",96382,96381.9999974287,"fish","alb","ALB reference"
1968.33333333333,"catch","F14_R2","Fishery 14  / Region 2","2625",1541,1540.99999995528,"fish","alb","ALB reference"
1968.58333333333,"catch","F14_R2","Fishery 14  / Region 2","2626",4064,4064.00000012731,"fish","alb","ALB reference"
1968.83333333333,"catch","F14_R2","Fishery 14  / Region 2","2627",116184,116183.999997248,"fish","alb","ALB reference"
1969.08333333333,"catch","F14_R2","Fishery 14  / Region 2","2628",26539,26538.9999992505,"fish","alb","ALB reference"
1969.33333333333,"catch","F14_R2","Fishery 14  / Region 2","2629",4738,4737.99999983526,"fish","alb","ALB reference"
1969.58333333333,"catch","F14_R2","Fishery 14  / Region 2","2630",4300,4300.00000012763,"fish","alb","ALB reference"
1969.83333333333,"catch","F14_R2","Fishery 14  / Region 2","2631",74982,74981.9999979196,"fish","alb","ALB reference"
1970.08333333333,"catch","F14_R2","Fishery 14  / Region 2","2632",52021,52020.9999984152,"fish","alb","ALB reference"
1970.33333333333,"catch","F14_R2","Fishery 14  / Region 2","2633",7313,7312.99999968967,"fish","alb","ALB reference"
1970.58333333333,"catch","F14_R2","Fishery 14  / Region 2","2634",8339,8339.00000019432,"fish","alb","ALB reference"
1970.83333333333,"catch","F14_R2","Fishery 14  / Region 2","2635",177828,177827.99999417,"fish","alb","ALB reference"
1971.08333333333,"catch","F14_R2","Fishery 14  / Region 2","2636",84161,84160.9999971548,"fish","alb","ALB reference"
1971.33333333333,"catch","F14_R2","Fishery 14  / Region 2","2637",1018,1017.99999996243,"fish","alb","ALB reference"
1971.58333333333,"catch","F14_R2","Fishery 14  / Region 2","2638",12556,12556.0000002581,"fish","alb","ALB reference"
1971.83333333333,"catch","F14_R2","Fishery 14  / Region 2","2639",370791,370790.999981913,"fish","alb","ALB reference"
1972.08333333333,"catch","F14_R2","Fishery 14  / Region 2","2640",118070,118069.999995735,"fish","alb","ALB reference"
1972.33333333333,"catch","F14_R2","Fishery 14  / Region 2","2641",2468,2467.99999988144,"fish","alb","ALB reference"
1972.58333333333,"catch","F14_R2","Fishery 14  / Region 2","2642",25489,25489.0000004094,"fish","alb","ALB reference"
1972.83333333333,"catch","F14_R2","Fishery 14  / Region 2","2643",203915,203914.999993163,"fish","alb","ALB reference"
1973.08333333333,"catch","F14_R2","Fishery 14  / Region 2","2644",58455,58454.9999976816,"fish","alb","ALB reference"
1973.33333333333,"catch","F14_R2","Fishery 14  / Region 2","2645",5960,5959.99999976106,"fish","alb","ALB reference"
1973.58333333333,"catch","F14_R2","Fishery 14  / Region 2","2646",22717,22717.0000003433,"fish","alb","ALB reference"
1973.83333333333,"catch","F14_R2","Fishery 14  / Region 2","2647",112984,112983.999995919,"fish","alb","ALB reference"
1974.08333333333,"catch","F14_R2","Fishery 14  / Region 2","2648",7987,7986.99999966386,"fish","alb","ALB reference"
1974.33333333333,"catch","F14_R2","Fishery 14  / Region 2","2649",5631,5630.99999976069,"fish","alb","ALB reference"
1974.58333333333,"catch","F14_R2","Fishery 14  / Region 2","2650",2887,2887.00000004744,"fish","alb","ALB reference"
1974.83333333333,"catch","F14_R2","Fishery 14  / Region 2","2651",111309,111308.999995674,"fish","alb","ALB reference"
1975.08333333333,"catch","F14_R2","Fishery 14  / Region 2","2652",13727,13726.9999993533,"fish","alb","ALB reference"
1975.33333333333,"catch","F14_R2","Fishery 14  / Region 2","2653",3500,3499.99999980826,"fish","alb","ALB reference"
1975.58333333333,"catch","F14_R2","Fishery 14  / Region 2","2654",3743,3743.00000003261,"fish","alb","ALB reference"
1975.83333333333,"catch","F14_R2","Fishery 14  / Region 2","2655",92700,92699.9999960476,"fish","alb","ALB reference"
1976.08333333333,"catch","F14_R2","Fishery 14  / Region 2","2656",2358,2357.99999987607,"fish","alb","ALB reference"
1976.33333333333,"catch","F14_R2","Fishery 14  / Region 2","2657",1870,1869.99999989577,"fish","alb","ALB reference"
1976.58333333333,"catch","F14_R2","Fishery 14  / Region 2","2658",4525,4525.00000005296,"fish","alb","ALB reference"
1976.83333333333,"catch","F14_R2","Fishery 14  / Region 2","2659",64399,64398.9999970694,"fish","alb","ALB reference"
1977.08333333333,"catch","F14_R2","Fishery 14  / Region 2","2660",17430,17429.999999077,"fish","alb","ALB reference"
1977.33333333333,"catch","F14_R2","Fishery 14  / Region 2","2661",5081,5080.99999975148,"fish","alb","ALB reference"
1977.58333333333,"catch","F14_R2","Fishery 14  / Region 2","2662",10372,10372.0000001836,"fish","alb","ALB reference"
1977.83333333333,"catch","F14_R2","Fishery 14  / Region 2","2663",240339,240338.999979828,"fish","alb","ALB reference"
1978.08333333333,"catch","F14_R2","Fishery 14  / Region 2","2664",38889,38888.9999980356,"fish","alb","ALB reference"
1978.33333333333,"catch","F14_R2","Fishery 14  / Region 2","2665",2771,2770.99999989772,"fish","alb","ALB reference"
1978.58333333333,"catch","F14_R2","Fishery 14  / Region 2","2666",15353,15353.0000003396,"fish","alb","ALB reference"
1978.83333333333,"catch","F14_R2","Fishery 14  / Region 2","2667",83284,83283.9999970612,"fish","alb","ALB reference"
1979.08333333333,"catch","F14_R2","Fishery 14  / Region 2","2668",40231,40230.9999983527,"fish","alb","ALB reference"
1979.33333333333,"catch","F14_R2","Fishery 14  / Region 2","2669",1214,1213.99999995829,"fish","alb","ALB reference"
1979.58333333333,"catch","F14_R2","Fishery 14  / Region 2","2670",6871,6871.00000016945,"fish","alb","ALB reference"
1979.83333333333,"catch","F14_R2","Fishery 14  / Region 2","2671",102886,102885.999996877,"fish","alb","ALB reference"
1980.08333333333,"catch","F14_R2","Fishery 14  / Region 2","2672",26098,26097.9999990493,"fish","alb","ALB reference"
1980.33333333333,"catch","F14_R2","Fishery 14  / Region 2","2673",446,445.999999983576,"fish","alb","ALB reference"
1980.58333333333,"catch","F14_R2","Fishery 14  / Region 2","2674",7044,7044.00000015246,"fish","alb","ALB reference"
1980.83333333333,"catch","F14_R2","Fishery 14  / Region 2","2675",109240,109239.999996461,"fish","alb","ALB reference"
1981.08333333333,"catch","F14_R2","Fishery 14  / Region 2","2676",21074,21073.9999991673,"fish","alb","ALB reference"
1981.33333333333,"catch","F14_R2","Fishery 14  / Region 2","2677",2537,2536.99999988423,"fish","alb","ALB reference"
1981.58333333333,"catch","F14_R2","Fishery 14  / Region 2","2678",26005,26005.0000003266,"fish","alb","ALB reference"
1981.83333333333,"catch","F14_R2","Fishery 14  / Region 2","2679",152665,152664.999994336,"fish","alb","ALB reference"
1982.08333333333,"catch","F14_R2","Fishery 14  / Region 2","2680",14783,14782.9999993075,"fish","alb","ALB reference"
1982.33333333333,"catch","F14_R2","Fishery 14  / Region 2","2681",492,491.999999977017,"fish","alb","ALB reference"
1982.58333333333,"catch","F14_R2","Fishery 14  / Region 2","2682",5481,5481.00000003132,"fish","alb","ALB reference"
1982.83333333333,"catch","F14_R2","Fishery 14  / Region 2","2683",87484,87483.9999960635,"fish","alb","ALB reference"
1983.08333333333,"catch","F14_R2","Fishery 14  / Region 2","2684",21246,21245.9999988792,"fish","alb","ALB reference"
1983.33333333333,"catch","F14_R2","Fishery 14  / Region 2","2685",882,881.999999956825,"fish","alb","ALB reference"
1983.58333333333,"catch","F14_R2","Fishery 14  / Region 2","2686",14448,14448.0000001206,"fish","alb","ALB reference"
1983.83333333333,"catch","F14_R2","Fishery 14  / Region 2","2687",53906,53905.9999974326,"fish","alb","ALB reference"
1984.08333333333,"catch","F14_R2","Fishery 14  / Region 2","2688",4529,4528.99999974677,"fish","alb","ALB reference"
1984.33333333333,"catch","F14_R2","Fishery 14  / Region 2","2689",992,991.999999959027,"fish","alb","ALB reference"
1984.58333333333,"catch","F14_R2","Fishery 14  / Region 2","2690",747,747.000000013211,"fish","alb","ALB reference"
1984.83333333333,"catch","F14_R2","Fishery 14  / Region 2","2691",69219,69218.9999970113,"fish","alb","ALB reference"
1985.08333333333,"catch","F14_R2","Fishery 14  / Region 2","2692",10395,10394.9999994756,"fish","alb","ALB reference"
1985.33333333333,"catch","F14_R2","Fishery 14  / Region 2","2693",250,249.999999990062,"fish","alb","ALB reference"
1985.58333333333,"catch","F14_R2","Fishery 14  / Region 2","2694",1653,1653.00000003507,"fish","alb","ALB reference"
1985.83333333333,"catch","F14_R2","Fishery 14  / Region 2","2695",107288,107287.999995994,"fish","alb","ALB reference"
1986.08333333333,"catch","F14_R2","Fishery 14  / Region 2","2696",28465,28464.9999987368,"fish","alb","ALB reference"
1986.33333333333,"catch","F14_R2","Fishery 14  / Region 2","2697",4408,4407.99999980866,"fish","alb","ALB reference"
1986.58333333333,"catch","F14_R2","Fishery 14  / Region 2","2698",16598,16598.0000002862,"fish","alb","ALB reference"
1986.83333333333,"catch","F14_R2","Fishery 14  / Region 2","2699",136521,136520.999994863,"fish","alb","ALB reference"
1987.08333333333,"catch","F14_R2","Fishery 14  / Region 2","2700",27157,27156.9999986398,"fish","alb","ALB reference"
1987.33333333333,"catch","F14_R2","Fishery 14  / Region 2","2701",4353,4352.9999998084,"fish","alb","ALB reference"
1987.58333333333,"catch","F14_R2","Fishery 14  / Region 2","2702",48963,48963.0000006146,"fish","alb","ALB reference"
1987.83333333333,"catch","F14_R2","Fishery 14  / Region 2","2703",131319,131318.999995029,"fish","alb","ALB reference"
1988.08333333333,"catch","F14_R2","Fishery 14  / Region 2","2704",24993,24992.9999988334,"fish","alb","ALB reference"
1988.33333333333,"catch","F14_R2","Fishery 14  / Region 2","2705",5134,5133.99999975012,"fish","alb","ALB reference"
1988.58333333333,"catch","F14_R2","Fishery 14  / Region 2","2706",30096,30096.0000004246,"fish","alb","ALB reference"
1988.83333333333,"catch","F14_R2","Fishery 14  / Region 2","2707",166589,166588.999993735,"fish","alb","ALB reference"
1989.08333333333,"catch","F14_R2","Fishery 14  / Region 2","2708",47029,47028.9999978489,"fish","alb","ALB reference"
1989.33333333333,"catch","F14_R2","Fishery 14  / Region 2","2709",4323,4322.99999978762,"fish","alb","ALB reference"
1989.58333333333,"catch","F14_R2","Fishery 14  / Region 2","2710",5053,5053.00000008505,"fish","alb","ALB reference"
1989.83333333333,"catch","F14_R2","Fishery 14  / Region 2","2711",58583,58582.9999975339,"fish","alb","ALB reference"
1990.08333333333,"catch","F14_R2","Fishery 14  / Region 2","2712",20278,20277.9999990349,"fish","alb","ALB reference"
1990.33333333333,"catch","F14_R2","Fishery 14  / Region 2","2713",1280,1279.99999994132,"fish","alb","ALB reference"
1990.58333333333,"catch","F14_R2","Fishery 14  / Region 2","2714",6636,6636.00000009919,"fish","alb","ALB reference"
1990.83333333333,"catch","F14_R2","Fishery 14  / Region 2","2715",75736,75735.9999966277,"fish","alb","ALB reference"
1991.08333333333,"catch","F14_R2","Fishery 14  / Region 2","2716",43706,43705.999997762,"fish","alb","ALB reference"
1991.33333333333,"catch","F14_R2","Fishery 14  / Region 2","2717",5960,5959.99999971073,"fish","alb","ALB reference"
1991.58333333333,"catch","F14_R2","Fishery 14  / Region 2","2718",22214,22214.000000316,"fish","alb","ALB reference"
1991.83333333333,"catch","F14_R2","Fishery 14  / Region 2","2719",162936,162935.9999932,"fish","alb","ALB reference"
1992.08333333333,"catch","F14_R2","Fishery 14  / Region 2","2720",19804,19803.9999988572,"fish","alb","ALB reference"
1992.33333333333,"catch","F14_R2","Fishery 14  / Region 2","2721",9499,9498.99999950939,"fish","alb","ALB reference"
1992.58333333333,"catch","F14_R2","Fishery 14  / Region 2","2722",27700,27700.0000004012,"fish","alb","ALB reference"
1992.83333333333,"catch","F14_R2","Fishery 14  / Region 2","2723",80856,80855.9999966294,"fish","alb","ALB reference"
1993.08333333333,"catch","F14_R2","Fishery 14  / Region 2","2724",10653,10652.9999994865,"fish","alb","ALB reference"
1993.33333333333,"catch","F14_R2","Fishery 14  / Region 2","2725",6803,6802.99999973823,"fish","alb","ALB reference"
1993.58333333333,"catch","F14_R2","Fishery 14  / Region 2","2726",19084,19084.0000003839,"fish","alb","ALB reference"
1993.83333333333,"catch","F14_R2","Fishery 14  / Region 2","2727",99056,99055.9999957147,"fish","alb","ALB reference"
1994.08333333333,"catch","F14_R2","Fishery 14  / Region 2","2728",15957,15956.9999993032,"fish","alb","ALB reference"
1994.33333333333,"catch","F14_R2","Fishery 14  / Region 2","2729",20082,20081.9999991749,"fish","alb","ALB reference"
1994.58333333333,"catch","F14_R2","Fishery 14  / Region 2","2730",11947,11947.0000002822,"fish","alb","ALB reference"
1994.83333333333,"catch","F14_R2","Fishery 14  / Region 2","2731",51262,51261.9999980495,"fish","alb","ALB reference"
1995.08333333333,"catch","F14_R2","Fishery 14  / Region 2","2732",12497,12496.9999994592,"fish","alb","ALB reference"
1995.33333333333,"catch","F14_R2","Fishery 14  / Region 2","2733",7478,7477.99999967723,"fish","alb","ALB reference"
1995.58333333333,"catch","F14_R2","Fishery 14  / Region 2","2734",24330,24330.000000486,"fish","alb","ALB reference"
1995.83333333333,"catch","F14_R2","Fishery 14  / Region 2","2735",60629,60628.9999977254,"fish","alb","ALB reference"
1996.08333333333,"catch","F14_R2","Fishery 14  / Region 2","2736",23318,23317.9999990126,"fish","alb","ALB reference"
1996.33333333333,"catch","F14_R2","Fishery 14  / Region 2","2737",6887,6886.99999974012,"fish","alb","ALB reference"
1996.58333333333,"catch","F14_R2","Fishery 14  / Region 2","2738",14134,14134.000000308,"fish","alb","ALB reference"
1996.83333333333,"catch","F14_R2","Fishery 14  / Region 2","2739",87095,87094.9999968413,"fish","alb","ALB reference"
1997.08333333333,"catch","F14_R2","Fishery 14  / Region 2","2740",33362,33361.9999985878,"fish","alb","ALB reference"
1997.33333333333,"catch","F14_R2","Fishery 14  / Region 2","2741",5964,5963.9999997219,"fish","alb","ALB reference"
1997.58333333333,"catch","F14_R2","Fishery 14  / Region 2","2742",15724,15724.0000003215,"fish","alb","ALB reference"
1997.83333333333,"catch","F14_R2","Fishery 14  / Region 2","2743",127493,127492.999995514,"fish","alb","ALB reference"
1998.08333333333,"catch","F14_R2","Fishery 14  / Region 2","2744",136269,136268.999994775,"fish","alb","ALB reference"
1998.33333333333,"catch","F14_R2","Fishery 14  / Region 2","2745",14113,14112.9999993664,"fish","alb","ALB reference"
1998.58333333333,"catch","F14_R2","Fishery 14  / Region 2","2746",26364,26364.0000004932,"fish","alb","ALB reference"
1998.83333333333,"catch","F14_R2","Fishery 14  / Region 2","2747",85955,85954.9999968047,"fish","alb","ALB reference"
1999.08333333333,"catch","F14_R2","Fishery 14  / Region 2","2748",15737,15736.9999992969,"fish","alb","ALB reference"
1999.33333333333,"catch","F14_R2","Fishery 14  / Region 2","2749",24465,24464.9999989286,"fish","alb","ALB reference"
1999.58333333333,"catch","F14_R2","Fishery 14  / Region 2","2750",27741,27741.0000006253,"fish","alb","ALB reference"
1999.83333333333,"catch","F14_R2","Fishery 14  / Region 2","2751",186833,186832.999994179,"fish","alb","ALB reference"
2000.08333333333,"catch","F14_R2","Fishery 14  / Region 2","2752",66818,66817.999997577,"fish","alb","ALB reference"
2000.33333333333,"catch","F14_R2","Fishery 14  / Region 2","2753",2901,2900.99999988869,"fish","alb","ALB reference"
2000.58333333333,"catch","F14_R2","Fishery 14  / Region 2","2754",9891,9891.00000023789,"fish","alb","ALB reference"
2000.83333333333,"catch","F14_R2","Fishery 14  / Region 2","2755",108344,108343.99999639,"fish","alb","ALB reference"
2001.08333333333,"catch","F14_R2","Fishery 14  / Region 2","2756",87451,87450.999996834,"fish","alb","ALB reference"
2001.33333333333,"catch","F14_R2","Fishery 14  / Region 2","2757",8538,8537.99999963721,"fish","alb","ALB reference"
2001.58333333333,"catch","F14_R2","Fishery 14  / Region 2","2758",18636,18636.00000038,"fish","alb","ALB reference"
2001.83333333333,"catch","F14_R2","Fishery 14  / Region 2","2759",131695,131694.999993842,"fish","alb","ALB reference"
2002.08333333333,"catch","F14_R2","Fishery 14  / Region 2","2760",77366,77365.9999968629,"fish","alb","ALB reference"
2002.33333333333,"catch","F14_R2","Fishery 14  / Region 2","2761",58096,58095.9999975542,"fish","alb","ALB reference"
2002.58333333333,"catch","F14_R2","Fishery 14  / Region 2","2762",87664,87664.0000001064,"fish","alb","ALB reference"
2002.83333333333,"catch","F14_R2","Fishery 14  / Region 2","2763",177873,177872.999992254,"fish","alb","ALB reference"
2003.08333333333,"catch","F14_R2","Fishery 14  / Region 2","2764",33909,33908.9999983782,"fish","alb","ALB reference"
2003.33333333333,"catch","F14_R2","Fishery 14  / Region 2","2765",76885,76884.999996356,"fish","alb","ALB reference"
2003.58333333333,"catch","F14_R2","Fishery 14  / Region 2","2766",75264,75264.0000007287,"fish","alb","ALB reference"
2003.83333333333,"catch","F14_R2","Fishery 14  / Region 2","2767",73411,73410.9999968037,"fish","alb","ALB reference"
2004.08333333333,"catch","F14_R2","Fishery 14  / Region 2","2768",30308,30307.9999987265,"fish","alb","ALB reference"
2004.33333333333,"catch","F14_R2","Fishery 14  / Region 2","2769",10569,10568.9999996104,"fish","alb","ALB reference"
2004.58333333333,"catch","F14_R2","Fishery 14  / Region 2","2770",28291,28291.0000006952,"fish","alb","ALB reference"
2004.83333333333,"catch","F14_R2","Fishery 14  / Region 2","2771",163133,163132.999989388,"fish","alb","ALB reference"
2005.08333333333,"catch","F14_R2","Fishery 14  / Region 2","2772",54244,54243.9999952096,"fish","alb","ALB reference"
2005.33333333333,"catch","F14_R2","Fishery 14  / Region 2","2773",21331,21330.9999991984,"fish","alb","ALB reference"
2005.58333333333,"catch","F14_R2","Fishery 14  / Region 2","2774",32530,32530.0000006831,"fish","alb","ALB reference"
2005.83333333333,"catch","F14_R2","Fishery 14  / Region 2","2775",118742,118741.999994635,"fish","alb","ALB reference"
2006.08333333333,"catch","F14_R2","Fishery 14  / Region 2","2776",36085,36084.9999982146,"fish","alb","ALB reference"
2006.33333333333,"catch","F14_R2","Fishery 14  / Region 2","2777",17599,17598.9999993146,"fish","alb","ALB reference"
2006.58333333333,"catch","F14_R2","Fishery 14  / Region 2","2778",44484,44484.000001118,"fish","alb","ALB reference"
2006.83333333333,"catch","F14_R2","Fishery 14  / Region 2","2779",88409,88408.9999967169,"fish","alb","ALB reference"
2007.08333333333,"catch","F14_R2","Fishery 14  / Region 2","2780",17986,17985.9999993408,"fish","alb","ALB reference"
2007.33333333333,"catch","F14_R2","Fishery 14  / Region 2","2781",7352,7351.99999973444,"fish","alb","ALB reference"
2007.58333333333,"catch","F14_R2","Fishery 14  / Region 2","2782",10886,10886.0000002857,"fish","alb","ALB reference"
2007.83333333333,"catch","F14_R2","Fishery 14  / Region 2","2783",134755,134754.999995347,"fish","alb","ALB reference"
2008.08333333333,"catch","F14_R2","Fishery 14  / Region 2","2784",30591,30590.99999892,"fish","alb","ALB reference"
2008.33333333333,"catch","F14_R2","Fishery 14  / Region 2","2785",6232,6231.99999979387,"fish","alb","ALB reference"
2008.58333333333,"catch","F14_R2","Fishery 14  / Region 2","2786",30009,30009.000000739,"fish","alb","ALB reference"
2008.83333333333,"catch","F14_R2","Fishery 14  / Region 2","2787",73444,73443.9999975797,"fish","alb","ALB reference"
2009.08333333333,"catch","F14_R2","Fishery 14  / Region 2","2788",24603,24602.9999990754,"fish","alb","ALB reference"
2009.33333333333,"catch","F14_R2","Fishery 14  / Region 2","2789",3568,3567.99999987235,"fish","alb","ALB reference"
2009.58333333333,"catch","F14_R2","Fishery 14  / Region 2","2790",66096,66096.0000014718,"fish","alb","ALB reference"
2009.83333333333,"catch","F14_R2","Fishery 14  / Region 2","2791",189086,189085.999935159,"fish","alb","ALB reference"
2010.08333333333,"catch","F14_R2","Fishery 14  / Region 2","2792",38141,38140.9999983183,"fish","alb","ALB reference"
2010.33333333333,"catch","F14_R2","Fishery 14  / Region 2","2793",9376,9375.99999962193,"fish","alb","ALB reference"
2010.58333333333,"catch","F14_R2","Fishery 14  / Region 2","2794",28098,28098.0000005364,"fish","alb","ALB reference"
2010.83333333333,"catch","F14_R2","Fishery 14  / Region 2","2795",190147,190146.999991921,"fish","alb","ALB reference"
2011.08333333333,"catch","F14_R2","Fishery 14  / Region 2","2796",135501,135500.999993944,"fish","alb","ALB reference"
2011.33333333333,"catch","F14_R2","Fishery 14  / Region 2","2797",20177,20176.9999992524,"fish","alb","ALB reference"
2011.58333333333,"catch","F14_R2","Fishery 14  / Region 2","2798",83652,83652.000001555,"fish","alb","ALB reference"
2011.83333333333,"catch","F14_R2","Fishery 14  / Region 2","2799",186375,186374.999991325,"fish","alb","ALB reference"
2012.08333333333,"catch","F14_R2","Fishery 14  / Region 2","2800",110722,110721.99999542,"fish","alb","ALB reference"
2012.33333333333,"catch","F14_R2","Fishery 14  / Region 2","2801",52869,52868.9999982115,"fish","alb","ALB reference"
2012.58333333333,"catch","F14_R2","Fishery 14  / Region 2","2802",118307,118307.000000302,"fish","alb","ALB reference"
2012.83333333333,"catch","F14_R2","Fishery 14  / Region 2","2803",226602,226601.999449172,"fish","alb","ALB reference"
2013.08333333333,"catch","F14_R2","Fishery 14  / Region 2","2804",124862,124861.999994899,"fish","alb","ALB reference"
2013.33333333333,"catch","F14_R2","Fishery 14  / Region 2","2805",77919,77918.9999971213,"fish","alb","ALB reference"
2013.58333333333,"catch","F14_R2","Fishery 14  / Region 2","2806",62594,62594.0000014605,"fish","alb","ALB reference"
2013.83333333333,"catch","F14_R2","Fishery 14  / Region 2","2807",265024,265023.999791282,"fish","alb","ALB reference"
2014.08333333333,"catch","F14_R2","Fishery 14  / Region 2","2808",226700,226699.999988365,"fish","alb","ALB reference"
2014.33333333333,"catch","F14_R2","Fishery 14  / Region 2","2809",89600,89599.999996645,"fish","alb","ALB reference"
2014.58333333333,"catch","F14_R2","Fishery 14  / Region 2","2810",83083,83083.0000018822,"fish","alb","ALB reference"
2014.83333333333,"catch","F14_R2","Fishery 14  / Region 2","2811",505187,505186.944515596,"fish","alb","ALB reference"
2015.08333333333,"catch","F14_R2","Fishery 14  / Region 2","2812",303568,303567.999890898,"fish","alb","ALB reference"
2015.33333333333,"catch","F14_R2","Fishery 14  / Region 2","2813",113298,113297.999995913,"fish","alb","ALB reference"
2015.58333333333,"catch","F14_R2","Fishery 14  / Region 2","2814",52775,52775.0000015902,"fish","alb","ALB reference"
2015.83333333333,"catch","F14_R2","Fishery 14  / Region 2","2815",301339,301338.998548517,"fish","alb","ALB reference"
2016.08333333333,"catch","F14_R2","Fishery 14  / Region 2","2816",148044,148043.999982155,"fish","alb","ALB reference"
2016.33333333333,"catch","F14_R2","Fishery 14  / Region 2","2817",38169,38168.9999987572,"fish","alb","ALB reference"
2016.58333333333,"catch","F14_R2","Fishery 14  / Region 2","2818",44598,44598.0000012927,"fish","alb","ALB reference"
2016.83333333333,"catch","F14_R2","Fishery 14  / Region 2","2819",264524,264523.999200658,"fish","alb","ALB reference"
2017.08333333333,"catch","F14_R2","Fishery 14  / Region 2","2820",130803,130802.999995021,"fish","alb","ALB reference"
2017.33333333333,"catch","F14_R2","Fishery 14  / Region 2","2821",63732,63731.9999975894,"fish","alb","ALB reference"
2017.58333333333,"catch","F14_R2","Fishery 14  / Region 2","2822",103886,103886.000009772,"fish","alb","ALB reference"
2017.83333333333,"catch","F14_R2","Fishery 14  / Region 2","2823",410936,410935.992622023,"fish","alb","ALB reference"
2018.08333333333,"catch","F14_R2","Fishery 14  / Region 2","2824",196468,196467.999890308,"fish","alb","ALB reference"
2018.33333333333,"catch","F14_R2","Fishery 14  / Region 2","2825",89945,89944.9999961414,"fish","alb","ALB reference"
2018.58333333333,"catch","F14_R2","Fishery 14  / Region 2","2826",97452,97452.0000027183,"fish","alb","ALB reference"
2018.83333333333,"catch","F14_R2","Fishery 14  / Region 2","2827",342921,342920.998248153,"fish","alb","ALB reference"
2019.08333333333,"catch","F14_R2","Fishery 14  / Region 2","2828",67615,67614.9999965059,"fish","alb","ALB reference"
2019.33333333333,"catch","F14_R2","Fishery 14  / Region 2","2829",24169,24168.9999990178,"fish","alb","ALB reference"
2019.58333333333,"catch","F14_R2","Fishery 14  / Region 2","2830",40334,40334.0000007426,"fish","alb","ALB reference"
2019.83333333333,"catch","F14_R2","Fishery 14  / Region 2","2831",295569,295568.999915644,"fish","alb","ALB reference"
2020.08333333333,"catch","F14_R2","Fishery 14  / Region 2","2832",87178,87177.9999959968,"fish","alb","ALB reference"
2020.33333333333,"catch","F14_R2","Fishery 14  / Region 2","2833",43690,43689.9999980447,"fish","alb","ALB reference"
2020.58333333333,"catch","F14_R2","Fishery 14  / Region 2","2834",53347,53347.0000012798,"fish","alb","ALB reference"
2020.83333333333,"catch","F14_R2","Fishery 14  / Region 2","2835",290769,290768.99206189,"fish","alb","ALB reference"
2021.08333333333,"catch","F14_R2","Fishery 14  / Region 2","2836",300677,300676.999026048,"fish","alb","ALB reference"
2021.33333333333,"catch","F14_R2","Fishery 14  / Region 2","2837",77424,77423.9999959001,"fish","alb","ALB reference"
2021.58333333333,"catch","F14_R2","Fishery 14  / Region 2","2838",182749,182748.999640118,"fish","alb","ALB reference"
2021.83333333333,"catch","F14_R2","Fishery 14  / Region 2","2839",537021,537020.433929388,"fish","alb","ALB reference"
2022.08333333333,"catch","F14_R2","Fishery 14  / Region 2","2840",20642,20641.9999983254,"fish","alb","ALB reference"
2022.33333333333,"catch","F14_R2","Fishery 14  / Region 2","2841",568,567.999999967922,"fish","alb","ALB reference"
2022.58333333333,"catch","F14_R2","Fishery 14  / Region 2","2842",2416,2416.00000000434,"fish","alb","ALB reference"
1961.33333333333,"catch","F15_R2","Fishery 15  / Region 2","2843",338,337.999999993065,"fish","alb","ALB reference"
1961.58333333333,"catch","F15_R2","Fishery 15  / Region 2","2844",645,645.000000026363,"fish","alb","ALB reference"
1961.83333333333,"catch","F15_R2","Fishery 15  / Region 2","2845",564,563.999999986828,"fish","alb","ALB reference"
1962.08333333333,"catch","F15_R2","Fishery 15  / Region 2","2846",375,374.999999991402,"fish","alb","ALB reference"
1962.33333333333,"catch","F15_R2","Fishery 15  / Region 2","2847",188,187.999999995446,"fish","alb","ALB reference"
1962.58333333333,"catch","F15_R2","Fishery 15  / Region 2","2848",1559,1559.00000005658,"fish","alb","ALB reference"
1962.83333333333,"catch","F15_R2","Fishery 15  / Region 2","2849",11371,11370.9999996948,"fish","alb","ALB reference"
1963.08333333333,"catch","F15_R2","Fishery 15  / Region 2","2850",50,49.9999999987069,"fish","alb","ALB reference"
1963.33333333333,"catch","F15_R2","Fishery 15  / Region 2","2851",2584,2583.99999992936,"fish","alb","ALB reference"
1963.58333333333,"catch","F15_R2","Fishery 15  / Region 2","2852",14607,14607.0000004538,"fish","alb","ALB reference"
1963.83333333333,"catch","F15_R2","Fishery 15  / Region 2","2853",12638,12637.9999997303,"fish","alb","ALB reference"
1964.08333333333,"catch","F15_R2","Fishery 15  / Region 2","2854",2226,2225.99999995134,"fish","alb","ALB reference"
1964.33333333333,"catch","F15_R2","Fishery 15  / Region 2","2855",3813,3812.9999999092,"fish","alb","ALB reference"
1964.58333333333,"catch","F15_R2","Fishery 15  / Region 2","2856",14992,14992.0000005269,"fish","alb","ALB reference"
1964.83333333333,"catch","F15_R2","Fishery 15  / Region 2","2857",22013,22012.9999995599,"fish","alb","ALB reference"
1965.08333333333,"catch","F15_R2","Fishery 15  / Region 2","2858",310,309.999999993932,"fish","alb","ALB reference"
1965.33333333333,"catch","F15_R2","Fishery 15  / Region 2","2859",399,398.99999999171,"fish","alb","ALB reference"
1965.58333333333,"catch","F15_R2","Fishery 15  / Region 2","2860",9015,9015.00000035726,"fish","alb","ALB reference"
1965.83333333333,"catch","F15_R2","Fishery 15  / Region 2","2861",8046,8045.99999984023,"fish","alb","ALB reference"
1966.08333333333,"catch","F15_R2","Fishery 15  / Region 2","2862",1388,1387.99999997335,"fish","alb","ALB reference"
1966.33333333333,"catch","F15_R2","Fishery 15  / Region 2","2863",1552,1551.99999996882,"fish","alb","ALB reference"
1966.58333333333,"catch","F15_R2","Fishery 15  / Region 2","2864",40572,40572.0000016194,"fish","alb","ALB reference"
1966.83333333333,"catch","F15_R2","Fishery 15  / Region 2","2865",9073,9072.99999979964,"fish","alb","ALB reference"
1967.08333333333,"catch","F15_R2","Fishery 15  / Region 2","2866",310,309.999999993114,"fish","alb","ALB reference"
1967.33333333333,"catch","F15_R2","Fishery 15  / Region 2","2867",268,267.999999993035,"fish","alb","ALB reference"
1967.58333333333,"catch","F15_R2","Fishery 15  / Region 2","2868",18525,18525.0000006067,"fish","alb","ALB reference"
1967.83333333333,"catch","F15_R2","Fishery 15  / Region 2","2869",3456,3455.99999990607,"fish","alb","ALB reference"
1968.08333333333,"catch","F15_R2","Fishery 15  / Region 2","2870",34,33.9999999990294,"fish","alb","ALB reference"
1968.33333333333,"catch","F15_R2","Fishery 15  / Region 2","2871",1819,1818.99999993674,"fish","alb","ALB reference"
1968.58333333333,"catch","F15_R2","Fishery 15  / Region 2","2872",13703,13703.0000003351,"fish","alb","ALB reference"
1968.83333333333,"catch","F15_R2","Fishery 15  / Region 2","2873",12683,12682.9999996893,"fish","alb","ALB reference"
1969.08333333333,"catch","F15_R2","Fishery 15  / Region 2","2874",540,539.999999986286,"fish","alb","ALB reference"
1969.33333333333,"catch","F15_R2","Fishery 15  / Region 2","2875",1944,1943.99999994305,"fish","alb","ALB reference"
1969.58333333333,"catch","F15_R2","Fishery 15  / Region 2","2876",31276,31276.0000008382,"fish","alb","ALB reference"
1969.83333333333,"catch","F15_R2","Fishery 15  / Region 2","2877",4338,4337.99999989233,"fish","alb","ALB reference"
1970.08333333333,"catch","F15_R2","Fishery 15  / Region 2","2878",64,63.9999999983957,"fish","alb","ALB reference"
1970.33333333333,"catch","F15_R2","Fishery 15  / Region 2","2879",217,216.999999993979,"fish","alb","ALB reference"
1970.58333333333,"catch","F15_R2","Fishery 15  / Region 2","2880",39690,39690.0000010684,"fish","alb","ALB reference"
1970.83333333333,"catch","F15_R2","Fishery 15  / Region 2","2881",21146,21145.9999995483,"fish","alb","ALB reference"
1971.08333333333,"catch","F15_R2","Fishery 15  / Region 2","2882",4,3.99999999989977,"fish","alb","ALB reference"
1971.33333333333,"catch","F15_R2","Fishery 15  / Region 2","2883",428,427.999999985524,"fish","alb","ALB reference"
1971.58333333333,"catch","F15_R2","Fishery 15  / Region 2","2884",21068,21068.0000005869,"fish","alb","ALB reference"
1971.83333333333,"catch","F15_R2","Fishery 15  / Region 2","2885",4323,4322.99999989249,"fish","alb","ALB reference"
1972.33333333333,"catch","F15_R2","Fishery 15  / Region 2","2886",27,26.9999999991836,"fish","alb","ALB reference"
1972.58333333333,"catch","F15_R2","Fishery 15  / Region 2","2887",11644,11644.0000003146,"fish","alb","ALB reference"
1972.83333333333,"catch","F15_R2","Fishery 15  / Region 2","2888",4101,4100.99999988648,"fish","alb","ALB reference"
1973.33333333333,"catch","F15_R2","Fishery 15  / Region 2","2889",179,178.999999993184,"fish","alb","ALB reference"
1973.58333333333,"catch","F15_R2","Fishery 15  / Region 2","2890",12995,12995.000000294,"fish","alb","ALB reference"
1973.83333333333,"catch","F15_R2","Fishery 15  / Region 2","2891",3151,3150.99999990927,"fish","alb","ALB reference"
1974.08333333333,"catch","F15_R2","Fishery 15  / Region 2","2892",940,939.999999969747,"fish","alb","ALB reference"
1974.33333333333,"catch","F15_R2","Fishery 15  / Region 2","2893",441,440.999999982655,"fish","alb","ALB reference"
1974.58333333333,"catch","F15_R2","Fishery 15  / Region 2","2894",12257,12257.0000002215,"fish","alb","ALB reference"
1974.83333333333,"catch","F15_R2","Fishery 15  / Region 2","2895",6471,6470.9999998239,"fish","alb","ALB reference"
1975.08333333333,"catch","F15_R2","Fishery 15  / Region 2","2896",26,25.999999999245,"fish","alb","ALB reference"
1975.33333333333,"catch","F15_R2","Fishery 15  / Region 2","2897",223,222.999999992514,"fish","alb","ALB reference"
1975.58333333333,"catch","F15_R2","Fishery 15  / Region 2","2898",5182,5182.00000012261,"fish","alb","ALB reference"
1975.83333333333,"catch","F15_R2","Fishery 15  / Region 2","2899",4411,4410.99999990047,"fish","alb","ALB reference"
1976.08333333333,"catch","F15_R2","Fishery 15  / Region 2","2900",126,125.999999997023,"fish","alb","ALB reference"
1976.33333333333,"catch","F15_R2","Fishery 15  / Region 2","2901",426,425.999999988519,"fish","alb","ALB reference"
1976.58333333333,"catch","F15_R2","Fishery 15  / Region 2","2902",11435,11435.0000003548,"fish","alb","ALB reference"
1976.83333333333,"catch","F15_R2","Fishery 15  / Region 2","2903",1093,1092.99999997788,"fish","alb","ALB reference"
1977.08333333333,"catch","F15_R2","Fishery 15  / Region 2","2904",38,37.9999999992175,"fish","alb","ALB reference"
1977.33333333333,"catch","F15_R2","Fishery 15  / Region 2","2905",1798,1797.99999995662,"fish","alb","ALB reference"
1977.58333333333,"catch","F15_R2","Fishery 15  / Region 2","2906",49300,49300.0000017026,"fish","alb","ALB reference"
1977.83333333333,"catch","F15_R2","Fishery 15  / Region 2","2907",8755,8754.99999983566,"fish","alb","ALB reference"
1978.08333333333,"catch","F15_R2","Fishery 15  / Region 2","2908",760,759.999999981891,"fish","alb","ALB reference"
1978.33333333333,"catch","F15_R2","Fishery 15  / Region 2","2909",8541,8540.99999973745,"fish","alb","ALB reference"
1978.58333333333,"catch","F15_R2","Fishery 15  / Region 2","2910",39151,39151.00000117,"fish","alb","ALB reference"
1978.83333333333,"catch","F15_R2","Fishery 15  / Region 2","2911",6554,6553.99999981131,"fish","alb","ALB reference"
1979.08333333333,"catch","F15_R2","Fishery 15  / Region 2","2912",20,19.999999999411,"fish","alb","ALB reference"
1979.33333333333,"catch","F15_R2","Fishery 15  / Region 2","2913",3129,3128.99999987986,"fish","alb","ALB reference"
1979.58333333333,"catch","F15_R2","Fishery 15  / Region 2","2914",11681,11681.0000002602,"fish","alb","ALB reference"
1979.83333333333,"catch","F15_R2","Fishery 15  / Region 2","2915",5265,5264.99999983589,"fish","alb","ALB reference"
1980.33333333333,"catch","F15_R2","Fishery 15  / Region 2","2916",1800,1799.99999992034,"fish","alb","ALB reference"
1980.58333333333,"catch","F15_R2","Fishery 15  / Region 2","2917",15043,15043.0000002592,"fish","alb","ALB reference"
1980.83333333333,"catch","F15_R2","Fishery 15  / Region 2","2918",3557,3556.99999989479,"fish","alb","ALB reference"
1981.08333333333,"catch","F15_R2","Fishery 15  / Region 2","2919",18,17.9999999994457,"fish","alb","ALB reference"
1981.33333333333,"catch","F15_R2","Fishery 15  / Region 2","2920",3572,3571.99999985555,"fish","alb","ALB reference"
1981.58333333333,"catch","F15_R2","Fishery 15  / Region 2","2921",21729,21729.0000004497,"fish","alb","ALB reference"
1981.83333333333,"catch","F15_R2","Fishery 15  / Region 2","2922",3736,3735.99999990287,"fish","alb","ALB reference"
1982.33333333333,"catch","F15_R2","Fishery 15  / Region 2","2923",804,803.999999969814,"fish","alb","ALB reference"
1982.58333333333,"catch","F15_R2","Fishery 15  / Region 2","2924",6696,6696.000000167,"fish","alb","ALB reference"
1982.83333333333,"catch","F15_R2","Fishery 15  / Region 2","2925",907,906.999999978432,"fish","alb","ALB reference"
1983.08333333333,"catch","F15_R2","Fishery 15  / Region 2","2926",459,458.999999988701,"fish","alb","ALB reference"
1983.33333333333,"catch","F15_R2","Fishery 15  / Region 2","2927",2207,2206.99999992678,"fish","alb","ALB reference"
1983.58333333333,"catch","F15_R2","Fishery 15  / Region 2","2928",26026,26026.0000007443,"fish","alb","ALB reference"
1983.83333333333,"catch","F15_R2","Fishery 15  / Region 2","2929",1311,1310.99999996745,"fish","alb","ALB reference"
1984.08333333333,"catch","F15_R2","Fishery 15  / Region 2","2930",111,110.999999997158,"fish","alb","ALB reference"
1984.33333333333,"catch","F15_R2","Fishery 15  / Region 2","2931",14972,14971.9999994789,"fish","alb","ALB reference"
1984.58333333333,"catch","F15_R2","Fishery 15  / Region 2","2932",25104,25104.0000006341,"fish","alb","ALB reference"
1984.83333333333,"catch","F15_R2","Fishery 15  / Region 2","2933",881,880.999999976987,"fish","alb","ALB reference"
1985.08333333333,"catch","F15_R2","Fishery 15  / Region 2","2934",23,22.9999999993764,"fish","alb","ALB reference"
1985.33333333333,"catch","F15_R2","Fishery 15  / Region 2","2935",967,966.999999964794,"fish","alb","ALB reference"
1985.58333333333,"catch","F15_R2","Fishery 15  / Region 2","2936",20106,20106.0000004639,"fish","alb","ALB reference"
1985.83333333333,"catch","F15_R2","Fishery 15  / Region 2","2937",963,962.999999975447,"fish","alb","ALB reference"
1986.08333333333,"catch","F15_R2","Fishery 15  / Region 2","2938",9,8.99999999976173,"fish","alb","ALB reference"
1986.33333333333,"catch","F15_R2","Fishery 15  / Region 2","2939",4096,4095.99999986354,"fish","alb","ALB reference"
1986.58333333333,"catch","F15_R2","Fishery 15  / Region 2","2940",27480,27480.0000007179,"fish","alb","ALB reference"
1986.83333333333,"catch","F15_R2","Fishery 15  / Region 2","2941",339,338.999999990011,"fish","alb","ALB reference"
1987.08333333333,"catch","F15_R2","Fishery 15  / Region 2","2942",7,6.99999999977828,"fish","alb","ALB reference"
1987.33333333333,"catch","F15_R2","Fishery 15  / Region 2","2943",8069,8068.99999969639,"fish","alb","ALB reference"
1987.58333333333,"catch","F15_R2","Fishery 15  / Region 2","2944",32971,32971.0000009304,"fish","alb","ALB reference"
1987.83333333333,"catch","F15_R2","Fishery 15  / Region 2","2945",2091,2090.99999994079,"fish","alb","ALB reference"
1988.08333333333,"catch","F15_R2","Fishery 15  / Region 2","2946",12,11.9999999996443,"fish","alb","ALB reference"
1988.33333333333,"catch","F15_R2","Fishery 15  / Region 2","2947",1790,1789.99999993608,"fish","alb","ALB reference"
1988.58333333333,"catch","F15_R2","Fishery 15  / Region 2","2948",31215,31215.0000006758,"fish","alb","ALB reference"
1988.83333333333,"catch","F15_R2","Fishery 15  / Region 2","2949",541,540.999999985837,"fish","alb","ALB reference"
1989.33333333333,"catch","F15_R2","Fishery 15  / Region 2","2950",2121,2120.99999992835,"fish","alb","ALB reference"
1989.58333333333,"catch","F15_R2","Fishery 15  / Region 2","2951",21431,21431.0000004709,"fish","alb","ALB reference"
1989.83333333333,"catch","F15_R2","Fishery 15  / Region 2","2952",245,244.999999993891,"fish","alb","ALB reference"
1990.33333333333,"catch","F15_R2","Fishery 15  / Region 2","2953",4260,4259.99999984968,"fish","alb","ALB reference"
1990.58333333333,"catch","F15_R2","Fishery 15  / Region 2","2954",52451,52451.0000012716,"fish","alb","ALB reference"
1990.83333333333,"catch","F15_R2","Fishery 15  / Region 2","2955",577,576.999999985192,"fish","alb","ALB reference"
1991.33333333333,"catch","F15_R2","Fishery 15  / Region 2","2956",12481,12480.9999995748,"fish","alb","ALB reference"
1991.58333333333,"catch","F15_R2","Fishery 15  / Region 2","2957",70381,70381.0000019977,"fish","alb","ALB reference"
1991.83333333333,"catch","F15_R2","Fishery 15  / Region 2","2958",1192,1191.99999996494,"fish","alb","ALB reference"
1992.08333333333,"catch","F15_R2","Fishery 15  / Region 2","2959",15,14.9999999995367,"fish","alb","ALB reference"
1992.33333333333,"catch","F15_R2","Fishery 15  / Region 2","2960",4424,4423.99999983623,"fish","alb","ALB reference"
1992.58333333333,"catch","F15_R2","Fishery 15  / Region 2","2961",45747,45747.0000013907,"fish","alb","ALB reference"
1992.83333333333,"catch","F15_R2","Fishery 15  / Region 2","2962",3840,3839.99999990585,"fish","alb","ALB reference"
1993.08333333333,"catch","F15_R2","Fishery 15  / Region 2","2963",5,4.99999999986863,"fish","alb","ALB reference"
1993.33333333333,"catch","F15_R2","Fishery 15  / Region 2","2964",22836,22835.9999992524,"fish","alb","ALB reference"
1993.58333333333,"catch","F15_R2","Fishery 15  / Region 2","2965",65831,65831.0000017659,"fish","alb","ALB reference"
1993.83333333333,"catch","F15_R2","Fishery 15  / Region 2","2966",4445,4444.99999990152,"fish","alb","ALB reference"
1994.33333333333,"catch","F15_R2","Fishery 15  / Region 2","2967",20602,20601.9999993646,"fish","alb","ALB reference"
1994.58333333333,"catch","F15_R2","Fishery 15  / Region 2","2968",97289,97289.0000028412,"fish","alb","ALB reference"
1994.83333333333,"catch","F15_R2","Fishery 15  / Region 2","2969",977,976.999999976965,"fish","alb","ALB reference"
1995.08333333333,"catch","F15_R2","Fishery 15  / Region 2","2970",31,30.9999999992508,"fish","alb","ALB reference"
1995.33333333333,"catch","F15_R2","Fishery 15  / Region 2","2971",3899,3898.99999988751,"fish","alb","ALB reference"
1995.58333333333,"catch","F15_R2","Fishery 15  / Region 2","2972",67765,67765.0000019866,"fish","alb","ALB reference"
1995.83333333333,"catch","F15_R2","Fishery 15  / Region 2","2973",2845,2844.99999993383,"fish","alb","ALB reference"
1996.33333333333,"catch","F15_R2","Fishery 15  / Region 2","2974",6145,6144.9999998179,"fish","alb","ALB reference"
1996.58333333333,"catch","F15_R2","Fishery 15  / Region 2","2975",35409,35409.0000010679,"fish","alb","ALB reference"
1996.83333333333,"catch","F15_R2","Fishery 15  / Region 2","2976",2690,2689.99999993532,"fish","alb","ALB reference"
1997.08333333333,"catch","F15_R2","Fishery 15  / Region 2","2977",39,38.9999999990284,"fish","alb","ALB reference"
1997.33333333333,"catch","F15_R2","Fishery 15  / Region 2","2978",1452,1451.9999999586,"fish","alb","ALB reference"
1997.58333333333,"catch","F15_R2","Fishery 15  / Region 2","2979",24042,24042.0000007875,"fish","alb","ALB reference"
1997.83333333333,"catch","F15_R2","Fishery 15  / Region 2","2980",1572,1571.99999996293,"fish","alb","ALB reference"
1998.08333333333,"catch","F15_R2","Fishery 15  / Region 2","2981",186,185.999999995477,"fish","alb","ALB reference"
1998.33333333333,"catch","F15_R2","Fishery 15  / Region 2","2982",4161,4160.99999988314,"fish","alb","ALB reference"
1998.58333333333,"catch","F15_R2","Fishery 15  / Region 2","2983",14806,14806.000000509,"fish","alb","ALB reference"
1998.83333333333,"catch","F15_R2","Fishery 15  / Region 2","2984",280,279.999999992707,"fish","alb","ALB reference"
1999.08333333333,"catch","F15_R2","Fishery 15  / Region 2","2985",6,5.99999999983871,"fish","alb","ALB reference"
1999.33333333333,"catch","F15_R2","Fishery 15  / Region 2","2986",410,409.999999987718,"fish","alb","ALB reference"
1999.58333333333,"catch","F15_R2","Fishery 15  / Region 2","2987",40853,40853.0000011969,"fish","alb","ALB reference"
1999.83333333333,"catch","F15_R2","Fishery 15  / Region 2","2988",839,838.999999979318,"fish","alb","ALB reference"
2000.33333333333,"catch","F15_R2","Fishery 15  / Region 2","2989",1886,1885.99999993919,"fish","alb","ALB reference"
2000.58333333333,"catch","F15_R2","Fishery 15  / Region 2","2990",28030,28030.0000007284,"fish","alb","ALB reference"
2000.83333333333,"catch","F15_R2","Fishery 15  / Region 2","2991",2946,2945.99999991898,"fish","alb","ALB reference"
2001.08333333333,"catch","F15_R2","Fishery 15  / Region 2","2992",27,26.9999999992427,"fish","alb","ALB reference"
2001.33333333333,"catch","F15_R2","Fishery 15  / Region 2","2993",5545,5544.99999980706,"fish","alb","ALB reference"
2001.58333333333,"catch","F15_R2","Fishery 15  / Region 2","2994",51100,51100.0000013527,"fish","alb","ALB reference"
2001.83333333333,"catch","F15_R2","Fishery 15  / Region 2","2995",7848,7847.99999984013,"fish","alb","ALB reference"
2002.08333333333,"catch","F15_R2","Fishery 15  / Region 2","2996",9,8.99999999977505,"fish","alb","ALB reference"
2002.33333333333,"catch","F15_R2","Fishery 15  / Region 2","2997",13347,13346.9999996291,"fish","alb","ALB reference"
2002.58333333333,"catch","F15_R2","Fishery 15  / Region 2","2998",113931,113931.00000462,"fish","alb","ALB reference"
2002.83333333333,"catch","F15_R2","Fishery 15  / Region 2","2999",7115,7114.99999978298,"fish","alb","ALB reference"
2003.08333333333,"catch","F15_R2","Fishery 15  / Region 2","3000",121,120.999999996228,"fish","alb","ALB reference"
2003.33333333333,"catch","F15_R2","Fishery 15  / Region 2","3001",8889,8888.99999971031,"fish","alb","ALB reference"
2003.58333333333,"catch","F15_R2","Fishery 15  / Region 2","3002",39543,39543.0000011219,"fish","alb","ALB reference"
2003.83333333333,"catch","F15_R2","Fishery 15  / Region 2","3003",6630,6629.99999984333,"fish","alb","ALB reference"
2004.08333333333,"catch","F15_R2","Fishery 15  / Region 2","3004",673,672.999999982956,"fish","alb","ALB reference"
2004.33333333333,"catch","F15_R2","Fishery 15  / Region 2","3005",11991,11990.9999996618,"fish","alb","ALB reference"
2004.58333333333,"catch","F15_R2","Fishery 15  / Region 2","3006",159947,159947.000005089,"fish","alb","ALB reference"
2004.83333333333,"catch","F15_R2","Fishery 15  / Region 2","3007",1988,1987.99999997166,"fish","alb","ALB reference"
2005.08333333333,"catch","F15_R2","Fishery 15  / Region 2","3008",10,9.9999999999048,"fish","alb","ALB reference"
2005.33333333333,"catch","F15_R2","Fishery 15  / Region 2","3009",5456,5455.9999998714,"fish","alb","ALB reference"
2005.58333333333,"catch","F15_R2","Fishery 15  / Region 2","3010",188730,188730.000006453,"fish","alb","ALB reference"
2005.83333333333,"catch","F15_R2","Fishery 15  / Region 2","3011",11989,11988.9999997361,"fish","alb","ALB reference"
2006.08333333333,"catch","F15_R2","Fishery 15  / Region 2","3012",452,451.999999990122,"fish","alb","ALB reference"
2006.33333333333,"catch","F15_R2","Fishery 15  / Region 2","3013",22833,22832.9999993615,"fish","alb","ALB reference"
2006.58333333333,"catch","F15_R2","Fishery 15  / Region 2","3014",127811,127811.000004218,"fish","alb","ALB reference"
2006.83333333333,"catch","F15_R2","Fishery 15  / Region 2","3015",4429,4428.99999989647,"fish","alb","ALB reference"
2007.33333333333,"catch","F15_R2","Fishery 15  / Region 2","3016",5096,5095.99999985263,"fish","alb","ALB reference"
2007.58333333333,"catch","F15_R2","Fishery 15  / Region 2","3017",72993,72993.0000021374,"fish","alb","ALB reference"
2007.83333333333,"catch","F15_R2","Fishery 15  / Region 2","3018",4815,4814.99999989501,"fish","alb","ALB reference"
2008.08333333333,"catch","F15_R2","Fishery 15  / Region 2","3019",15,14.9999999996232,"fish","alb","ALB reference"
2008.33333333333,"catch","F15_R2","Fishery 15  / Region 2","3020",8696,8695.99999974108,"fish","alb","ALB reference"
2008.58333333333,"catch","F15_R2","Fishery 15  / Region 2","3021",61985,61985.0000018792,"fish","alb","ALB reference"
2008.83333333333,"catch","F15_R2","Fishery 15  / Region 2","3022",9527,9526.99999979705,"fish","alb","ALB reference"
2009.33333333333,"catch","F15_R2","Fishery 15  / Region 2","3023",7020,7019.99999980993,"fish","alb","ALB reference"
2009.58333333333,"catch","F15_R2","Fishery 15  / Region 2","3024",74858,74858.0000025584,"fish","alb","ALB reference"
2009.83333333333,"catch","F15_R2","Fishery 15  / Region 2","3025",17488,17488.000000943,"fish","alb","ALB reference"
2010.08333333333,"catch","F15_R2","Fishery 15  / Region 2","3026",1,0.999999999979739,"fish","alb","ALB reference"
2010.33333333333,"catch","F15_R2","Fishery 15  / Region 2","3027",6446,6445.99999984264,"fish","alb","ALB reference"
2010.58333333333,"catch","F15_R2","Fishery 15  / Region 2","3028",49696,49696.0000018023,"fish","alb","ALB reference"
2010.83333333333,"catch","F15_R2","Fishery 15  / Region 2","3029",454,453.999999990734,"fish","alb","ALB reference"
2011.08333333333,"catch","F15_R2","Fishery 15  / Region 2","3030",36,35.9999999992299,"fish","alb","ALB reference"
2011.33333333333,"catch","F15_R2","Fishery 15  / Region 2","3031",7075,7074.99999981805,"fish","alb","ALB reference"
2011.58333333333,"catch","F15_R2","Fishery 15  / Region 2","3032",82578,82578.0000029012,"fish","alb","ALB reference"
2011.83333333333,"catch","F15_R2","Fishery 15  / Region 2","3033",232,231.999999995693,"fish","alb","ALB reference"
2012.33333333333,"catch","F15_R2","Fishery 15  / Region 2","3034",3591,3590.99999991537,"fish","alb","ALB reference"
2012.58333333333,"catch","F15_R2","Fishery 15  / Region 2","3035",81487,81487.0000036406,"fish","alb","ALB reference"
2012.83333333333,"catch","F15_R2","Fishery 15  / Region 2","3036",18567,18567.0000099362,"fish","alb","ALB reference"
2013.08333333333,"catch","F15_R2","Fishery 15  / Region 2","3037",6276,6275.99999987818,"fish","alb","ALB reference"
2013.33333333333,"catch","F15_R2","Fishery 15  / Region 2","3038",3284,3283.9999999328,"fish","alb","ALB reference"
2013.58333333333,"catch","F15_R2","Fishery 15  / Region 2","3039",90172,90172.0000032472,"fish","alb","ALB reference"
2013.83333333333,"catch","F15_R2","Fishery 15  / Region 2","3040",2848,2848.00000031128,"fish","alb","ALB reference"
2014.08333333333,"catch","F15_R2","Fishery 15  / Region 2","3041",1347,1346.99999997325,"fish","alb","ALB reference"
2014.33333333333,"catch","F15_R2","Fishery 15  / Region 2","3042",4651,4650.99999989892,"fish","alb","ALB reference"
2014.58333333333,"catch","F15_R2","Fishery 15  / Region 2","3043",75587,75587.0000027622,"fish","alb","ALB reference"
2014.83333333333,"catch","F15_R2","Fishery 15  / Region 2","3044",17860,17860.0003311363,"fish","alb","ALB reference"
2015.08333333333,"catch","F15_R2","Fishery 15  / Region 2","3045",4377,4376.99999989528,"fish","alb","ALB reference"
2015.33333333333,"catch","F15_R2","Fishery 15  / Region 2","3046",8266,8265.99999980599,"fish","alb","ALB reference"
2015.58333333333,"catch","F15_R2","Fishery 15  / Region 2","3047",107948,107948.000003247,"fish","alb","ALB reference"
2015.83333333333,"catch","F15_R2","Fishery 15  / Region 2","3048",9680,9680.00001049175,"fish","alb","ALB reference"
2016.08333333333,"catch","F15_R2","Fishery 15  / Region 2","3049",22754,22753.9999999388,"fish","alb","ALB reference"
2016.33333333333,"catch","F15_R2","Fishery 15  / Region 2","3050",3635,3634.99999990647,"fish","alb","ALB reference"
2016.58333333333,"catch","F15_R2","Fishery 15  / Region 2","3051",38581,38581.000001178,"fish","alb","ALB reference"
2016.83333333333,"catch","F15_R2","Fishery 15  / Region 2","3052",4713,4713.00000369335,"fish","alb","ALB reference"
2017.08333333333,"catch","F15_R2","Fishery 15  / Region 2","3053",1766,1765.99999996232,"fish","alb","ALB reference"
2017.33333333333,"catch","F15_R2","Fishery 15  / Region 2","3054",4116,4115.99999990223,"fish","alb","ALB reference"
2017.58333333333,"catch","F15_R2","Fishery 15  / Region 2","3055",78603,78603.0000001287,"fish","alb","ALB reference"
2017.83333333333,"catch","F15_R2","Fishery 15  / Region 2","3056",42631,42631.0001367304,"fish","alb","ALB reference"
2018.08333333333,"catch","F15_R2","Fishery 15  / Region 2","3057",25109,25109.0000017768,"fish","alb","ALB reference"
2018.33333333333,"catch","F15_R2","Fishery 15  / Region 2","3058",9382,9381.99999977252,"fish","alb","ALB reference"
2018.58333333333,"catch","F15_R2","Fishery 15  / Region 2","3059",80750,80750.0000022815,"fish","alb","ALB reference"
2018.83333333333,"catch","F15_R2","Fishery 15  / Region 2","3060",26853,26853.0000200907,"fish","alb","ALB reference"
2019.33333333333,"catch","F15_R2","Fishery 15  / Region 2","3061",5613,5612.99999983316,"fish","alb","ALB reference"
2019.58333333333,"catch","F15_R2","Fishery 15  / Region 2","3062",55085,55085.0000015764,"fish","alb","ALB reference"
2019.83333333333,"catch","F15_R2","Fishery 15  / Region 2","3063",2058,2057.99999999057,"fish","alb","ALB reference"
2020.08333333333,"catch","F15_R2","Fishery 15  / Region 2","3064",1823,1822.99999995497,"fish","alb","ALB reference"
2020.33333333333,"catch","F15_R2","Fishery 15  / Region 2","3065",1297,1296.99999996412,"fish","alb","ALB reference"
2020.58333333333,"catch","F15_R2","Fishery 15  / Region 2","3066",77087,77087.0000021157,"fish","alb","ALB reference"
2020.83333333333,"catch","F15_R2","Fishery 15  / Region 2","3067",51548,51548.0002863435,"fish","alb","ALB reference"
2021.08333333333,"catch","F15_R2","Fishery 15  / Region 2","3068",8297,8297.00000153795,"fish","alb","ALB reference"
2021.33333333333,"catch","F15_R2","Fishery 15  / Region 2","3069",489,488.999999989574,"fish","alb","ALB reference"
2021.58333333333,"catch","F15_R2","Fishery 15  / Region 2","3070",200468,200468.000117371,"fish","alb","ALB reference"
2021.83333333333,"catch","F15_R2","Fishery 15  / Region 2","3071",14969,14969.0003536399,"fish","alb","ALB reference"
1963.08333333333,"catch","F16_R2","Fishery 16  / Region 2","3072",647,646.999999984731,"fish","alb","ALB reference"
1963.33333333333,"catch","F16_R2","Fishery 16  / Region 2","3073",36687,36686.9999991015,"fish","alb","ALB reference"
1963.83333333333,"catch","F16_R2","Fishery 16  / Region 2","3074",1487,1486.99999996949,"fish","alb","ALB reference"
1964.08333333333,"catch","F16_R2","Fishery 16  / Region 2","3075",1374,1373.9999999709,"fish","alb","ALB reference"
1964.33333333333,"catch","F16_R2","Fishery 16  / Region 2","3076",1936,1935.99999995538,"fish","alb","ALB reference"
1964.58333333333,"catch","F16_R2","Fishery 16  / Region 2","3077",3431,3431.00000012498,"fish","alb","ALB reference"
1964.83333333333,"catch","F16_R2","Fishery 16  / Region 2","3078",77,76.9999999984806,"fish","alb","ALB reference"
1965.08333333333,"catch","F16_R2","Fishery 16  / Region 2","3079",610,609.999999988023,"fish","alb","ALB reference"
1965.83333333333,"catch","F16_R2","Fishery 16  / Region 2","3080",883,882.999999982433,"fish","alb","ALB reference"
1966.08333333333,"catch","F16_R2","Fishery 16  / Region 2","3081",1726,1725.99999996648,"fish","alb","ALB reference"
1966.58333333333,"catch","F16_R2","Fishery 16  / Region 2","3082",457,457.000000018186,"fish","alb","ALB reference"
1966.83333333333,"catch","F16_R2","Fishery 16  / Region 2","3083",496,495.999999989414,"fish","alb","ALB reference"
1967.08333333333,"catch","F16_R2","Fishery 16  / Region 2","3084",2636,2635.9999999434,"fish","alb","ALB reference"
1967.33333333333,"catch","F16_R2","Fishery 16  / Region 2","3085",7093,7092.99999982262,"fish","alb","ALB reference"
1967.58333333333,"catch","F16_R2","Fishery 16  / Region 2","3086",63,63.0000000021512,"fish","alb","ALB reference"
1967.83333333333,"catch","F16_R2","Fishery 16  / Region 2","3087",3900,3899.99999990495,"fish","alb","ALB reference"
1968.08333333333,"catch","F16_R2","Fishery 16  / Region 2","3088",1077,1076.99999997215,"fish","alb","ALB reference"
1968.33333333333,"catch","F16_R2","Fishery 16  / Region 2","3089",3759,3758.9999998843,"fish","alb","ALB reference"
1968.58333333333,"catch","F16_R2","Fishery 16  / Region 2","3090",4477,4477.00000012919,"fish","alb","ALB reference"
1968.83333333333,"catch","F16_R2","Fishery 16  / Region 2","3091",3769,3768.9999999106,"fish","alb","ALB reference"
1969.08333333333,"catch","F16_R2","Fishery 16  / Region 2","3092",580,579.999999985482,"fish","alb","ALB reference"
1969.33333333333,"catch","F16_R2","Fishery 16  / Region 2","3093",1,0.999999999971735,"fish","alb","ALB reference"
1969.58333333333,"catch","F16_R2","Fishery 16  / Region 2","3094",3248,3248.00000009528,"fish","alb","ALB reference"
1969.83333333333,"catch","F16_R2","Fishery 16  / Region 2","3095",1063,1062.99999997434,"fish","alb","ALB reference"
1970.08333333333,"catch","F16_R2","Fishery 16  / Region 2","3096",87,86.999999997861,"fish","alb","ALB reference"
1970.33333333333,"catch","F16_R2","Fishery 16  / Region 2","3097",2,1.99999999994558,"fish","alb","ALB reference"
1970.58333333333,"catch","F16_R2","Fishery 16  / Region 2","3098",12804,12804.0000003734,"fish","alb","ALB reference"
1970.83333333333,"catch","F16_R2","Fishery 16  / Region 2","3099",1477,1476.9999999684,"fish","alb","ALB reference"
1971.33333333333,"catch","F16_R2","Fishery 16  / Region 2","3100",9516,9515.99999969693,"fish","alb","ALB reference"
1971.58333333333,"catch","F16_R2","Fishery 16  / Region 2","3101",45,45.0000000013234,"fish","alb","ALB reference"
1971.83333333333,"catch","F16_R2","Fishery 16  / Region 2","3102",369,368.999999990607,"fish","alb","ALB reference"
1972.58333333333,"catch","F16_R2","Fishery 16  / Region 2","3103",11612,11612.0000003286,"fish","alb","ALB reference"
1973.08333333333,"catch","F16_R2","Fishery 16  / Region 2","3104",4086,4085.99999988292,"fish","alb","ALB reference"
1973.33333333333,"catch","F16_R2","Fishery 16  / Region 2","3105",34191,34190.9999987914,"fish","alb","ALB reference"
1973.58333333333,"catch","F16_R2","Fishery 16  / Region 2","3106",16447,16447.0000004077,"fish","alb","ALB reference"
1973.83333333333,"catch","F16_R2","Fishery 16  / Region 2","3107",4535,4534.99999987413,"fish","alb","ALB reference"
1974.08333333333,"catch","F16_R2","Fishery 16  / Region 2","3108",1000,999.999999968882,"fish","alb","ALB reference"
1974.33333333333,"catch","F16_R2","Fishery 16  / Region 2","3109",30748,30747.9999988784,"fish","alb","ALB reference"
1974.58333333333,"catch","F16_R2","Fishery 16  / Region 2","3110",14153,14153.0000003027,"fish","alb","ALB reference"
1974.83333333333,"catch","F16_R2","Fishery 16  / Region 2","3111",23,22.9999999993963,"fish","alb","ALB reference"
1975.08333333333,"catch","F16_R2","Fishery 16  / Region 2","3112",1145,1144.99999996757,"fish","alb","ALB reference"
1975.33333333333,"catch","F16_R2","Fishery 16  / Region 2","3113",1010,1009.99999996739,"fish","alb","ALB reference"
1975.58333333333,"catch","F16_R2","Fishery 16  / Region 2","3114",8,8.00000000020698,"fish","alb","ALB reference"
1976.33333333333,"catch","F16_R2","Fishery 16  / Region 2","3115",56,55.9999999984985,"fish","alb","ALB reference"
1976.58333333333,"catch","F16_R2","Fishery 16  / Region 2","3116",45,45.0000000014414,"fish","alb","ALB reference"
1976.83333333333,"catch","F16_R2","Fishery 16  / Region 2","3117",283,282.999999994151,"fish","alb","ALB reference"
1977.58333333333,"catch","F16_R2","Fishery 16  / Region 2","3118",133,133.000000004633,"fish","alb","ALB reference"
1977.83333333333,"catch","F16_R2","Fishery 16  / Region 2","3119",91,90.9999999981308,"fish","alb","ALB reference"
1978.08333333333,"catch","F16_R2","Fishery 16  / Region 2","3120",37,36.9999999991205,"fish","alb","ALB reference"
1978.33333333333,"catch","F16_R2","Fishery 16  / Region 2","3121",500,499.999999985258,"fish","alb","ALB reference"
1978.58333333333,"catch","F16_R2","Fishery 16  / Region 2","3122",9481,9481.00000029371,"fish","alb","ALB reference"
1978.83333333333,"catch","F16_R2","Fishery 16  / Region 2","3123",1329,1328.99999996373,"fish","alb","ALB reference"
1979.33333333333,"catch","F16_R2","Fishery 16  / Region 2","3124",39,38.9999999986268,"fish","alb","ALB reference"
1979.58333333333,"catch","F16_R2","Fishery 16  / Region 2","3125",2468,2468.00000006228,"fish","alb","ALB reference"
1979.83333333333,"catch","F16_R2","Fishery 16  / Region 2","3126",894,893.999999973806,"fish","alb","ALB reference"
1980.08333333333,"catch","F16_R2","Fishery 16  / Region 2","3127",1,0.999999999969045,"fish","alb","ALB reference"
1980.33333333333,"catch","F16_R2","Fishery 16  / Region 2","3128",8,7.99999999968196,"fish","alb","ALB reference"
1980.58333333333,"catch","F16_R2","Fishery 16  / Region 2","3129",22,22.0000000004679,"fish","alb","ALB reference"
1980.83333333333,"catch","F16_R2","Fishery 16  / Region 2","3130",176,175.999999995016,"fish","alb","ALB reference"
1981.58333333333,"catch","F16_R2","Fishery 16  / Region 2","3131",9752,9752.00000022748,"fish","alb","ALB reference"
1981.83333333333,"catch","F16_R2","Fishery 16  / Region 2","3132",1918,1917.99999995114,"fish","alb","ALB reference"
1982.08333333333,"catch","F16_R2","Fishery 16  / Region 2","3133",668,667.99999998156,"fish","alb","ALB reference"
1982.33333333333,"catch","F16_R2","Fishery 16  / Region 2","3134",18674,18673.9999993431,"fish","alb","ALB reference"
1982.58333333333,"catch","F16_R2","Fishery 16  / Region 2","3135",6,6.00000000015868,"fish","alb","ALB reference"
1982.83333333333,"catch","F16_R2","Fishery 16  / Region 2","3136",23,22.99999999945,"fish","alb","ALB reference"
1983.33333333333,"catch","F16_R2","Fishery 16  / Region 2","3137",239,238.999999992337,"fish","alb","ALB reference"
1983.58333333333,"catch","F16_R2","Fishery 16  / Region 2","3138",1065,1065.00000003129,"fish","alb","ALB reference"
1983.83333333333,"catch","F16_R2","Fishery 16  / Region 2","3139",770,769.999999980944,"fish","alb","ALB reference"
1984.33333333333,"catch","F16_R2","Fishery 16  / Region 2","3140",2364,2363.99999992207,"fish","alb","ALB reference"
1984.58333333333,"catch","F16_R2","Fishery 16  / Region 2","3141",15166,15166.0000004101,"fish","alb","ALB reference"
1984.83333333333,"catch","F16_R2","Fishery 16  / Region 2","3142",120,119.999999996923,"fish","alb","ALB reference"
1985.08333333333,"catch","F16_R2","Fishery 16  / Region 2","3143",117,116.999999996855,"fish","alb","ALB reference"
1985.58333333333,"catch","F16_R2","Fishery 16  / Region 2","3144",588,588.000000015058,"fish","alb","ALB reference"
1985.83333333333,"catch","F16_R2","Fishery 16  / Region 2","3145",100,99.9999999974891,"fish","alb","ALB reference"
1986.33333333333,"catch","F16_R2","Fishery 16  / Region 2","3146",62,61.9999999980153,"fish","alb","ALB reference"
1986.58333333333,"catch","F16_R2","Fishery 16  / Region 2","3147",143,143.000000003957,"fish","alb","ALB reference"
1987.33333333333,"catch","F16_R2","Fishery 16  / Region 2","3148",64155,64154.999997683,"fish","alb","ALB reference"
1987.58333333333,"catch","F16_R2","Fishery 16  / Region 2","3149",5164,5164.00000014872,"fish","alb","ALB reference"
1987.83333333333,"catch","F16_R2","Fishery 16  / Region 2","3150",451,450.999999987803,"fish","alb","ALB reference"
1988.58333333333,"catch","F16_R2","Fishery 16  / Region 2","3151",17418,17418.0000004231,"fish","alb","ALB reference"
1988.83333333333,"catch","F16_R2","Fishery 16  / Region 2","3152",429,428.999999989022,"fish","alb","ALB reference"
1989.33333333333,"catch","F16_R2","Fishery 16  / Region 2","3153",2,1.99999999993457,"fish","alb","ALB reference"
1989.58333333333,"catch","F16_R2","Fishery 16  / Region 2","3154",2880,2880.00000007038,"fish","alb","ALB reference"
1989.83333333333,"catch","F16_R2","Fishery 16  / Region 2","3155",241,240.999999994024,"fish","alb","ALB reference"
1990.58333333333,"catch","F16_R2","Fishery 16  / Region 2","3156",13,13.0000000003431,"fish","alb","ALB reference"
1991.58333333333,"catch","F16_R2","Fishery 16  / Region 2","3157",122,122.000000003615,"fish","alb","ALB reference"
1992.33333333333,"catch","F16_R2","Fishery 16  / Region 2","3158",14389,14388.9999994771,"fish","alb","ALB reference"
1992.58333333333,"catch","F16_R2","Fishery 16  / Region 2","3159",503,503.000000015594,"fish","alb","ALB reference"
1992.83333333333,"catch","F16_R2","Fishery 16  / Region 2","3160",14366,14365.9999996568,"fish","alb","ALB reference"
1993.08333333333,"catch","F16_R2","Fishery 16  / Region 2","3161",765,764.999999980313,"fish","alb","ALB reference"
1993.33333333333,"catch","F16_R2","Fishery 16  / Region 2","3162",84,83.9999999974257,"fish","alb","ALB reference"
1993.58333333333,"catch","F16_R2","Fishery 16  / Region 2","3163",3561,3561.00000010304,"fish","alb","ALB reference"
1993.83333333333,"catch","F16_R2","Fishery 16  / Region 2","3164",21937,21936.9999995018,"fish","alb","ALB reference"
1994.08333333333,"catch","F16_R2","Fishery 16  / Region 2","3165",4141,4140.99999988587,"fish","alb","ALB reference"
1994.33333333333,"catch","F16_R2","Fishery 16  / Region 2","3166",5169,5168.99999984427,"fish","alb","ALB reference"
1994.58333333333,"catch","F16_R2","Fishery 16  / Region 2","3167",3428,3428.00000010459,"fish","alb","ALB reference"
1995.33333333333,"catch","F16_R2","Fishery 16  / Region 2","3168",133,132.999999996269,"fish","alb","ALB reference"
1995.58333333333,"catch","F16_R2","Fishery 16  / Region 2","3169",1284,1284.00000003948,"fish","alb","ALB reference"
1995.83333333333,"catch","F16_R2","Fishery 16  / Region 2","3170",1403,1402.9999999678,"fish","alb","ALB reference"
1996.08333333333,"catch","F16_R2","Fishery 16  / Region 2","3171",1272,1271.99999996977,"fish","alb","ALB reference"
1996.33333333333,"catch","F16_R2","Fishery 16  / Region 2","3172",8791,8790.99999975082,"fish","alb","ALB reference"
1996.58333333333,"catch","F16_R2","Fishery 16  / Region 2","3173",2481,2481.00000007822,"fish","alb","ALB reference"
1996.83333333333,"catch","F16_R2","Fishery 16  / Region 2","3174",229,228.999999994514,"fish","alb","ALB reference"
1997.33333333333,"catch","F16_R2","Fishery 16  / Region 2","3175",65,64.9999999981552,"fish","alb","ALB reference"
1997.58333333333,"catch","F16_R2","Fishery 16  / Region 2","3176",4354,4354.00000014581,"fish","alb","ALB reference"
1998.33333333333,"catch","F16_R2","Fishery 16  / Region 2","3177",17,16.9999999995231,"fish","alb","ALB reference"
1998.58333333333,"catch","F16_R2","Fishery 16  / Region 2","3178",8031,8031.00000027735,"fish","alb","ALB reference"
1998.83333333333,"catch","F16_R2","Fishery 16  / Region 2","3179",444,443.999999988633,"fish","alb","ALB reference"
1999.33333333333,"catch","F16_R2","Fishery 16  / Region 2","3180",470,469.999999986109,"fish","alb","ALB reference"
1999.58333333333,"catch","F16_R2","Fishery 16  / Region 2","3181",10968,10968.0000003362,"fish","alb","ALB reference"
2000.08333333333,"catch","F16_R2","Fishery 16  / Region 2","3182",5290,5289.99999986526,"fish","alb","ALB reference"
2000.33333333333,"catch","F16_R2","Fishery 16  / Region 2","3183",649,648.999999980025,"fish","alb","ALB reference"
2000.58333333333,"catch","F16_R2","Fishery 16  / Region 2","3184",5907,5907.00000016602,"fish","alb","ALB reference"
2001.08333333333,"catch","F16_R2","Fishery 16  / Region 2","3185",714,713.999999980674,"fish","alb","ALB reference"
2001.33333333333,"catch","F16_R2","Fishery 16  / Region 2","3186",9093,9092.99999970224,"fish","alb","ALB reference"
2001.58333333333,"catch","F16_R2","Fishery 16  / Region 2","3187",1629,1629.0000000471,"fish","alb","ALB reference"
2001.83333333333,"catch","F16_R2","Fishery 16  / Region 2","3188",19244,19243.9999995859,"fish","alb","ALB reference"
2002.08333333333,"catch","F16_R2","Fishery 16  / Region 2","3189",23136,23135.9999994121,"fish","alb","ALB reference"
2002.33333333333,"catch","F16_R2","Fishery 16  / Region 2","3190",97788,97787.999997305,"fish","alb","ALB reference"
2002.58333333333,"catch","F16_R2","Fishery 16  / Region 2","3191",32,32.0000000012449,"fish","alb","ALB reference"
2002.83333333333,"catch","F16_R2","Fishery 16  / Region 2","3192",116,115.999999996583,"fish","alb","ALB reference"
2003.08333333333,"catch","F16_R2","Fishery 16  / Region 2","3193",55329,55328.9999983324,"fish","alb","ALB reference"
2003.33333333333,"catch","F16_R2","Fishery 16  / Region 2","3194",77560,77559.9999975992,"fish","alb","ALB reference"
2003.58333333333,"catch","F16_R2","Fishery 16  / Region 2","3195",28547,28547.0000008578,"fish","alb","ALB reference"
2003.83333333333,"catch","F16_R2","Fishery 16  / Region 2","3196",55,54.9999999987026,"fish","alb","ALB reference"
2004.08333333333,"catch","F16_R2","Fishery 16  / Region 2","3197",57017,57016.9999985727,"fish","alb","ALB reference"
2004.33333333333,"catch","F16_R2","Fishery 16  / Region 2","3198",84344,84343.9999976995,"fish","alb","ALB reference"
2004.58333333333,"catch","F16_R2","Fishery 16  / Region 2","3199",14937,14937.0000004942,"fish","alb","ALB reference"
2004.83333333333,"catch","F16_R2","Fishery 16  / Region 2","3200",19174,19173.999999697,"fish","alb","ALB reference"
2005.08333333333,"catch","F16_R2","Fishery 16  / Region 2","3201",70803,70802.9999991488,"fish","alb","ALB reference"
2005.33333333333,"catch","F16_R2","Fishery 16  / Region 2","3202",119366,119365.999997249,"fish","alb","ALB reference"
2005.58333333333,"catch","F16_R2","Fishery 16  / Region 2","3203",11042,11042.0000003859,"fish","alb","ALB reference"
2005.83333333333,"catch","F16_R2","Fishery 16  / Region 2","3204",10,9.99999999977772,"fish","alb","ALB reference"
2006.08333333333,"catch","F16_R2","Fishery 16  / Region 2","3205",66104,66103.9999985356,"fish","alb","ALB reference"
2006.33333333333,"catch","F16_R2","Fishery 16  / Region 2","3206",12908,12907.9999996455,"fish","alb","ALB reference"
2006.58333333333,"catch","F16_R2","Fishery 16  / Region 2","3207",45863,45863.0000015518,"fish","alb","ALB reference"
2006.83333333333,"catch","F16_R2","Fishery 16  / Region 2","3208",1523,1522.99999996521,"fish","alb","ALB reference"
2007.08333333333,"catch","F16_R2","Fishery 16  / Region 2","3209",13220,13219.9999996655,"fish","alb","ALB reference"
2007.33333333333,"catch","F16_R2","Fishery 16  / Region 2","3210",2265,2264.99999993712,"fish","alb","ALB reference"
2007.58333333333,"catch","F16_R2","Fishery 16  / Region 2","3211",957,957.000000029692,"fish","alb","ALB reference"
2007.83333333333,"catch","F16_R2","Fishery 16  / Region 2","3212",16091,16090.9999996537,"fish","alb","ALB reference"
2008.08333333333,"catch","F16_R2","Fishery 16  / Region 2","3213",10657,10656.9999997395,"fish","alb","ALB reference"
2008.33333333333,"catch","F16_R2","Fishery 16  / Region 2","3214",29164,29163.9999991817,"fish","alb","ALB reference"
2008.58333333333,"catch","F16_R2","Fishery 16  / Region 2","3215",19369,19369.0000006174,"fish","alb","ALB reference"
2009.08333333333,"catch","F16_R2","Fishery 16  / Region 2","3216",3683,3682.99999991868,"fish","alb","ALB reference"
2009.33333333333,"catch","F16_R2","Fishery 16  / Region 2","3217",17802,17801.9999995364,"fish","alb","ALB reference"
2009.58333333333,"catch","F16_R2","Fishery 16  / Region 2","3218",56025,56025.0000019612,"fish","alb","ALB reference"
2009.83333333333,"catch","F16_R2","Fishery 16  / Region 2","3219",31288,31288.0000011524,"fish","alb","ALB reference"
2010.08333333333,"catch","F16_R2","Fishery 16  / Region 2","3220",2120,2119.99999995636,"fish","alb","ALB reference"
2010.33333333333,"catch","F16_R2","Fishery 16  / Region 2","3221",5458,5457.99999986798,"fish","alb","ALB reference"
2010.58333333333,"catch","F16_R2","Fishery 16  / Region 2","3222",9467,9467.00000034512,"fish","alb","ALB reference"
2010.83333333333,"catch","F16_R2","Fishery 16  / Region 2","3223",7365,7364.9999998507,"fish","alb","ALB reference"
2011.08333333333,"catch","F16_R2","Fishery 16  / Region 2","3224",1140,1139.99999997589,"fish","alb","ALB reference"
2011.33333333333,"catch","F16_R2","Fishery 16  / Region 2","3225",22363,22362.9999994429,"fish","alb","ALB reference"
2011.58333333333,"catch","F16_R2","Fishery 16  / Region 2","3226",42847,42847.0000015238,"fish","alb","ALB reference"
2011.83333333333,"catch","F16_R2","Fishery 16  / Region 2","3227",15142,15141.9999997127,"fish","alb","ALB reference"
2012.08333333333,"catch","F16_R2","Fishery 16  / Region 2","3228",2768,2767.99999994226,"fish","alb","ALB reference"
2012.33333333333,"catch","F16_R2","Fishery 16  / Region 2","3229",53191,53190.9999987756,"fish","alb","ALB reference"
2012.58333333333,"catch","F16_R2","Fishery 16  / Region 2","3230",125499,125499.000005304,"fish","alb","ALB reference"
2012.83333333333,"catch","F16_R2","Fishery 16  / Region 2","3231",82820,82820.0000326492,"fish","alb","ALB reference"
2013.08333333333,"catch","F16_R2","Fishery 16  / Region 2","3232",6141,6140.99999987943,"fish","alb","ALB reference"
2013.33333333333,"catch","F16_R2","Fishery 16  / Region 2","3233",113438,113437.999997682,"fish","alb","ALB reference"
2013.58333333333,"catch","F16_R2","Fishery 16  / Region 2","3234",57941,57941.0000021161,"fish","alb","ALB reference"
2013.83333333333,"catch","F16_R2","Fishery 16  / Region 2","3235",41782,41782.000003085,"fish","alb","ALB reference"
2014.08333333333,"catch","F16_R2","Fishery 16  / Region 2","3236",351,350.999999992895,"fish","alb","ALB reference"
2014.33333333333,"catch","F16_R2","Fishery 16  / Region 2","3237",18624,18623.9999995954,"fish","alb","ALB reference"
2014.58333333333,"catch","F16_R2","Fishery 16  / Region 2","3238",85490,85490.0000031444,"fish","alb","ALB reference"
2014.83333333333,"catch","F16_R2","Fishery 16  / Region 2","3239",125433,125433.001576886,"fish","alb","ALB reference"
2015.08333333333,"catch","F16_R2","Fishery 16  / Region 2","3240",200,199.999999993226,"fish","alb","ALB reference"
2015.33333333333,"catch","F16_R2","Fishery 16  / Region 2","3241",32689,32688.9999992473,"fish","alb","ALB reference"
2015.58333333333,"catch","F16_R2","Fishery 16  / Region 2","3242",173457,173457.00000554,"fish","alb","ALB reference"
2015.83333333333,"catch","F16_R2","Fishery 16  / Region 2","3243",82159,82159.0000610962,"fish","alb","ALB reference"
2016.08333333333,"catch","F16_R2","Fishery 16  / Region 2","3244",5754,5753.99999995301,"fish","alb","ALB reference"
2016.33333333333,"catch","F16_R2","Fishery 16  / Region 2","3245",94225,94224.999997672,"fish","alb","ALB reference"
2016.58333333333,"catch","F16_R2","Fishery 16  / Region 2","3246",369196,369196.00001193,"fish","alb","ALB reference"
2016.83333333333,"catch","F16_R2","Fishery 16  / Region 2","3247",89356,89356.0000511191,"fish","alb","ALB reference"
2017.08333333333,"catch","F16_R2","Fishery 16  / Region 2","3248",14,13.9999999997001,"fish","alb","ALB reference"
2017.33333333333,"catch","F16_R2","Fishery 16  / Region 2","3249",56687,56686.9999986702,"fish","alb","ALB reference"
2017.58333333333,"catch","F16_R2","Fishery 16  / Region 2","3250",266180,266180.000003105,"fish","alb","ALB reference"
2017.83333333333,"catch","F16_R2","Fishery 16  / Region 2","3251",25721,25721.0000569172,"fish","alb","ALB reference"
2018.08333333333,"catch","F16_R2","Fishery 16  / Region 2","3252",1668,1668.00000007499,"fish","alb","ALB reference"
2018.33333333333,"catch","F16_R2","Fishery 16  / Region 2","3253",16916,16915.9999995911,"fish","alb","ALB reference"
2018.58333333333,"catch","F16_R2","Fishery 16  / Region 2","3254",102384,102384.000003076,"fish","alb","ALB reference"
2018.83333333333,"catch","F16_R2","Fishery 16  / Region 2","3255",13055,13055.0000057916,"fish","alb","ALB reference"
2019.33333333333,"catch","F16_R2","Fishery 16  / Region 2","3256",17688,17687.9999994938,"fish","alb","ALB reference"
2019.58333333333,"catch","F16_R2","Fishery 16  / Region 2","3257",19133,19133.000000573,"fish","alb","ALB reference"
2019.83333333333,"catch","F16_R2","Fishery 16  / Region 2","3258",14986,14985.9999997363,"fish","alb","ALB reference"
2020.08333333333,"catch","F16_R2","Fishery 16  / Region 2","3259",196,195.999999995283,"fish","alb","ALB reference"
2020.33333333333,"catch","F16_R2","Fishery 16  / Region 2","3260",6875,6874.99999981569,"fish","alb","ALB reference"
2020.58333333333,"catch","F16_R2","Fishery 16  / Region 2","3261",167318,167318.000005016,"fish","alb","ALB reference"
2020.83333333333,"catch","F16_R2","Fishery 16  / Region 2","3262",66138,66138.0002749111,"fish","alb","ALB reference"
2021.08333333333,"catch","F16_R2","Fishery 16  / Region 2","3263",11423,11423.0000008964,"fish","alb","ALB reference"
2021.33333333333,"catch","F16_R2","Fishery 16  / Region 2","3264",40082,40081.9999991289,"fish","alb","ALB reference"
2021.58333333333,"catch","F16_R2","Fishery 16  / Region 2","3265",278584,278584.000120357,"fish","alb","ALB reference"
2021.83333333333,"catch","F16_R2","Fishery 16  / Region 2","3266",26329,26329.0000249432,"fish","alb","ALB reference"
1986.91666666667,"catch","F17_R2","Fishery 17  / Region 2","3267",0.009,0.00899999997860366,"t","alb","ALB reference"
1987,"catch","F17_R2","Fishery 17  / Region 2","3268",0.456,0.455999998878095,"t","alb","ALB reference"
1991,"catch","F17_R2","Fishery 17  / Region 2","3269",1.791,1.79099999685089,"t","alb","ALB reference"
1992,"catch","F17_R2","Fishery 17  / Region 2","3270",0.574,0.573999999018981,"t","alb","ALB reference"
1992.08333333333,"catch","F17_R2","Fishery 17  / Region 2","3271",0.583,0.582999999410718,"t","alb","ALB reference"
1992.16666666667,"catch","F17_R2","Fishery 17  / Region 2","3272",123.853,123.852999783156,"t","alb","ALB reference"
1992.25,"catch","F17_R2","Fishery 17  / Region 2","3273",27.891,27.8909999498155,"t","alb","ALB reference"
1994,"catch","F17_R2","Fishery 17  / Region 2","3274",3.386,3.38599999422988,"t","alb","ALB reference"
1994.08333333333,"catch","F17_R2","Fishery 17  / Region 2","3275",0.096,0.0959999999070399,"t","alb","ALB reference"
1997.08333333333,"catch","F17_R2","Fishery 17  / Region 2","3276",41.352,41.3519999685128,"t","alb","ALB reference"
1997.16666666667,"catch","F17_R2","Fishery 17  / Region 2","3277",9.172,9.17199998627923,"t","alb","ALB reference"
1998,"catch","F17_R2","Fishery 17  / Region 2","3278",1.381,1.38099999760225,"t","alb","ALB reference"
1999.08333333333,"catch","F17_R2","Fishery 17  / Region 2","3279",0.152,0.151999999840566,"t","alb","ALB reference"
1999.16666666667,"catch","F17_R2","Fishery 17  / Region 2","3280",49.382,49.3819999039589,"t","alb","ALB reference"
2001.16666666667,"catch","F17_R2","Fishery 17  / Region 2","3281",0.701,0.700999998901648,"t","alb","ALB reference"
2002.16666666667,"catch","F17_R2","Fishery 17  / Region 2","3282",102.007,102.006999844489,"t","alb","ALB reference"
2002.25,"catch","F17_R2","Fishery 17  / Region 2","3283",22.832,22.8319999639821,"t","alb","ALB reference"
2003,"catch","F17_R2","Fishery 17  / Region 2","3284",0.425,0.42499999944445,"t","alb","ALB reference"
2003.16666666667,"catch","F17_R2","Fishery 17  / Region 2","3285",174.2,174.199999766024,"t","alb","ALB reference"
2003.25,"catch","F17_R2","Fishery 17  / Region 2","3286",3.001,3.00099999585898,"t","alb","ALB reference"
2004,"catch","F17_R2","Fishery 17  / Region 2","3287",0.898,0.897999998912388,"t","alb","ALB reference"
2006.16666666667,"catch","F17_R2","Fishery 17  / Region 2","3288",16.359,16.3589999745008,"t","alb","ALB reference"
