"axis","series","bin_unit","bin","variance","predicted","observed","fitted_predicted","lower","upper","unit","n_samples","probability","effective_sample_size","effective_size_type","effective_size_definition","uncertainty","scope","region","group"
"length","F10_R1","cm",31,,0,0.391343267469579,0,,,"count",74,0.95,302.475712404221,"working","Sum of original square-fita working sample sizes; MFCL information-weight convention","Square-fita working-normal reference range; independent records and fixed within-tail shape","axis/series/bin_unit",,
"length","F10_R1","cm",33,,0,0.0602587690664134,0,,,"count",74,0.95,302.475712404221,"working","Sum of original square-fita working sample sizes; MFCL information-weight convention","Square-fita working-normal reference range; independent records and fixed within-tail shape","axis/series/bin_unit",,
"length","F10_R1","cm",35,,0,0,0,,,"count",74,0.95,302.475712404221,"working","Sum of original square-fita working sample sizes; MFCL information-weight convention","Square-fita working-normal reference range; independent records and fixed within-tail shape","axis/series/bin_unit",,
"length","F10_R1","cm",37,,0,2.07221434197189,0,,,"count",74,0.95,302.475712404221,"working","Sum of original square-fita working sample sizes; MFCL information-weight convention","Square-fita working-normal reference range; independent records and fixed within-tail shape","axis/series/bin_unit",,
"length","F10_R1","cm",39,,0,1.98822439605912,0,,,"count",74,0.95,302.475712404221,"working","Sum of original square-fita working sample sizes; MFCL information-weight convention","Square-fita working-normal reference range; independent records and fixed within-tail shape","axis/series/bin_unit",,
"length","F10_R1","cm",41,,2.59580224648563e-08,5.2269833175792,2.59580224648563e-08,,,"count",74,0.95,302.475712404221,"working","Sum of original square-fita working sample sizes; MFCL information-weight convention","Square-fita working-normal reference range; independent records and fixed within-tail shape","axis/series/bin_unit",,
"length","F10_R1","cm",43,,2.75704567291363e-07,4.30801480226102,2.75704567291363e-07,,,"count",74,0.95,302.475712404221,"working","Sum of original square-fita working sample sizes; MFCL information-weight convention","Square-fita working-normal reference range; independent records and fixed within-tail shape","axis/series/bin_unit",,
"length","F10_R1","cm",45,,1.20456659137951e-06,1.68632604820766,1.20456659137951e-06,,,"count",74,0.95,302.475712404221,"working","Sum of original square-fita working sample sizes; MFCL information-weight convention","Square-fita working-normal reference range; independent records and fixed within-tail shape","axis/series/bin_unit",,
"length","F10_R1","cm",47,,2.3541595161442e-06,4.92801033908876,2.3541595161442e-06,,,"count",74,0.95,302.475712404221,"working","Sum of original square-fita working sample sizes; MFCL information-weight convention","Square-fita working-normal reference range; independent records and fixed within-tail shape","axis/series/bin_unit",,
"length","F10_R1","cm",49,,2.97321501491259e-06,9.09016693754964,2.97321501491259e-06,,,"count",74,0.95,302.475712404221,"working","Sum of original square-fita working sample sizes; MFCL information-weight convention","Square-fita working-normal reference range; independent records and fixed within-tail shape","axis/series/bin_unit",,
"length","F10_R1","cm",51,,2.07610414142013,26.598308976606,2.07610414142013,,,"count",74,0.95,302.475712404221,"working","Sum of original square-fita working sample sizes; MFCL information-weight convention","Square-fita working-normal reference range; independent records and fixed within-tail shape","axis/series/bin_unit",,
"length","F10_R1","cm",53,240519.872139876,10.3184025372958,63.2789817935778,10.3184025372958,0,971.540117015257,"count",74,0.95,302.475712404221,"working","Sum of original square-fita working sample sizes; MFCL information-weight convention","Square-fita working-normal reference range; independent records and fixed within-tail shape","axis/series/bin_unit",,
"length","F10_R1","cm",55,271254.393283321,36.4350751349285,97.1520236009864,36.4350751349285,0,1057.22525030818,"count",74,0.95,302.475712404221,"working","Sum of original square-fita working sample sizes; MFCL information-weight convention","Square-fita working-normal reference range; independent records and fixed within-tail shape","axis/series/bin_unit",,
"length","F10_R1","cm",57,300865.507879536,93.4343228190932,160.289016299652,93.4343228190932,0,1168.49825537681,"count",74,0.95,302.475712404221,"working","Sum of original square-fita working sample sizes; MFCL information-weight convention","Square-fita working-normal reference range; independent records and fixed within-tail shape","axis/series/bin_unit",,
"length","F10_R1","cm",59,332777.026294213,201.377231994858,271.104941710892,201.377231994858,0,1332.01830810268,"count",74,0.95,302.475712404221,"working","Sum of original square-fita working sample sizes; MFCL information-weight convention","Square-fita working-normal reference range; independent records and fixed within-tail shape","axis/series/bin_unit",,
"length","F10_R1","cm",61,402407.929877566,400.905332844043,494.654513625528,400.905332844043,0,1644.22085665344,"count",74,0.95,302.475712404221,"working","Sum of original square-fita working sample sizes; MFCL information-weight convention","Square-fita working-normal reference range; independent records and fixed within-tail shape","axis/series/bin_unit",,
"length","F10_R1","cm",63,484451.175665439,700.770726315955,809.789708264894,700.770726315955,0,2064.95518670085,"count",74,0.95,302.475712404221,"working","Sum of original square-fita working sample sizes; MFCL information-weight convention","Square-fita working-normal reference range; independent records and fixed within-tail shape","axis/series/bin_unit",,
"length","F10_R1","cm",65,705229.537539026,1065.1841912318,1508.53338410223,1065.1841912318,0,2711.12168323851,"count",74,0.95,302.475712404221,"working","Sum of original square-fita working sample sizes; MFCL information-weight convention","Square-fita working-normal reference range; independent records and fixed within-tail shape","axis/series/bin_unit",,
"length","F10_R1","cm",67,701471.874779236,1489.47915316346,1678.95974448238,1489.47915316346,0,3131.02577779511,"count",74,0.95,302.475712404221,"working","Sum of original square-fita working sample sizes; MFCL information-weight convention","Square-fita working-normal reference range; independent records and fixed within-tail shape","axis/series/bin_unit",,
"length","F10_R1","cm",69,707038.688651999,2013.21686435593,1910.76758967561,2013.21686435593,365.169532786162,3661.26419592569,"count",74,0.95,302.475712404221,"working","Sum of original square-fita working sample sizes; MFCL information-weight convention","Square-fita working-normal reference range; independent records and fixed within-tail shape","axis/series/bin_unit",,
"length","F10_R1","cm",71,762556.338444361,2570.0678081117,2527.55877907376,2570.0678081117,858.53961009879,4281.5960061246,"count",74,0.95,302.475712404221,"working","Sum of original square-fita working sample sizes; MFCL information-weight convention","Square-fita working-normal reference range; independent records and fixed within-tail shape","axis/series/bin_unit",,
"length","F10_R1","cm",73,869150.052940173,3005.54042195054,3378.34219413801,3005.54042195054,1178.30093644958,4832.77990745149,"count",74,0.95,302.475712404221,"working","Sum of original square-fita working sample sizes; MFCL information-weight convention","Square-fita working-normal reference range; independent records and fixed within-tail shape","axis/series/bin_unit",,
"length","F10_R1","cm",75,941537.406225305,3172.86576439696,3704.16383846194,3172.86576439696,1271.05684282842,5074.67468596549,"count",74,0.95,302.475712404221,"working","Sum of original square-fita working sample sizes; MFCL information-weight convention","Square-fita working-normal reference range; independent records and fixed within-tail shape","axis/series/bin_unit",,
"length","F10_R1","cm",77,933149.440026302,3133.56958749558,3736.46588713048,3133.56958749558,1240.25103336508,5026.88814162609,"count",74,0.95,302.475712404221,"working","Sum of original square-fita working sample sizes; MFCL information-weight convention","Square-fita working-normal reference range; independent records and fixed within-tail shape","axis/series/bin_unit",,
"length","F10_R1","cm",79,867245.15273437,3026.26480970429,3570.75190806718,3026.26480970429,1201.02878615126,4851.50083325732,"count",74,0.95,302.475712404221,"working","Sum of original square-fita working sample sizes; MFCL information-weight convention","Square-fita working-normal reference range; independent records and fixed within-tail shape","axis/series/bin_unit",,
"length","F10_R1","cm",81,817764.511728592,2950.78282664293,3322.35795909929,2950.78282664293,1178.38086974082,4723.18478354504,"count",74,0.95,302.475712404221,"working","Sum of original square-fita working sample sizes; MFCL information-weight convention","Square-fita working-normal reference range; independent records and fixed within-tail shape","axis/series/bin_unit",,
"length","F10_R1","cm",83,768799.595244048,2874.87749539107,3046.12194805175,2874.87749539107,1156.35720557884,4593.39778520331,"count",74,0.95,302.475712404221,"working","Sum of original square-fita working sample sizes; MFCL information-weight convention","Square-fita working-normal reference range; independent records and fixed within-tail shape","axis/series/bin_unit",,
"length","F10_R1","cm",85,703742.123292635,2771.4616746821,2595.27790456594,2771.4616746821,1127.26083931664,4415.66251004757,"count",74,0.95,302.475712404221,"working","Sum of original square-fita working sample sizes; MFCL information-weight convention","Square-fita working-normal reference range; independent records and fixed within-tail shape","axis/series/bin_unit",,
"length","F10_R1","cm",87,643390.376054084,2678.23633164881,2136.87128709248,2678.23633164881,1106.11749541452,4250.35516788311,"count",74,0.95,302.475712404221,"working","Sum of original square-fita working sample sizes; MFCL information-weight convention","Square-fita working-normal reference range; independent records and fixed within-tail shape","axis/series/bin_unit",,
"length","F10_R1","cm",89,612045.881590607,2650.45827680486,2023.36580745852,2650.45827680486,1117.11257197971,4183.80398163002,"count",74,0.95,302.475712404221,"working","Sum of original square-fita working sample sizes; MFCL information-weight convention","Square-fita working-normal reference range; independent records and fixed within-tail shape","axis/series/bin_unit",,
"length","F10_R1","cm",91,601194.477809796,2662.72380345219,2036.28321054737,2662.72380345219,1143.03178539885,4182.41582150553,"count",74,0.95,302.475712404221,"working","Sum of original square-fita working sample sizes; MFCL information-weight convention","Square-fita working-normal reference range; independent records and fixed within-tail shape","axis/series/bin_unit",,
"length","F10_R1","cm",93,578954.841341877,2608.52295266345,1946.26396918789,2608.52295266345,1117.20434751688,4099.84155781003,"count",74,0.95,302.475712404221,"working","Sum of original square-fita working sample sizes; MFCL information-weight convention","Square-fita working-normal reference range; independent records and fixed within-tail shape","axis/series/bin_unit",,
"length","F10_R1","cm",95,554019.262022242,2409.93880395531,1718.11182315851,2409.93880395531,951.089195212247,3868.78841269838,"count",74,0.95,302.475712404221,"working","Sum of original square-fita working sample sizes; MFCL information-weight convention","Square-fita working-normal reference range; independent records and fixed within-tail shape","axis/series/bin_unit",,
"length","F10_R1","cm",97,541538.628408812,2060.82785129043,1703.07496047205,2060.82785129043,618.503913734229,3503.15178884663,"count",74,0.95,302.475712404221,"working","Sum of original square-fita working sample sizes; MFCL information-weight convention","Square-fita working-normal reference range; independent records and fixed within-tail shape","axis/series/bin_unit",,
"length","F10_R1","cm",99,505039.843904676,1629.61326325045,1442.13363424218,1629.61326325045,236.742212804785,3022.48431369611,"count",74,0.95,302.475712404221,"working","Sum of original square-fita working sample sizes; MFCL information-weight convention","Square-fita working-normal reference range; independent records and fixed within-tail shape","axis/series/bin_unit",,
"length","F10_R1","cm",101,454071.657127738,1197.42541571852,1129.0575322855,1197.42541571852,0,2518.14399758998,"count",74,0.95,302.475712404221,"working","Sum of original square-fita working sample sizes; MFCL information-weight convention","Square-fita working-normal reference range; independent records and fixed within-tail shape","axis/series/bin_unit",,
"length","F10_R1","cm",103,429442.383112177,817.50891299942,943.993743524768,817.50891299942,0,2101.90964119377,"count",74,0.95,302.475712404221,"working","Sum of original square-fita working sample sizes; MFCL information-weight convention","Square-fita working-normal reference range; independent records and fixed within-tail shape","axis/series/bin_unit",,
"length","F10_R1","cm",105,357691.395185197,518.521840140066,609.895610178203,518.521840140066,0,1690.72351439265,"count",74,0.95,302.475712404221,"working","Sum of original square-fita working sample sizes; MFCL information-weight convention","Square-fita working-normal reference range; independent records and fixed within-tail shape","axis/series/bin_unit",,
"length","F10_R1","cm",107,296173.38684932,303.079683268546,351.33789368484,303.079683268546,0,1369.7276427037,"count",74,0.95,302.475712404221,"working","Sum of original square-fita working sample sizes; MFCL information-weight convention","Square-fita working-normal reference range; independent records and fixed within-tail shape","axis/series/bin_unit",,
"length","F10_R1","cm",109,249733.682952561,164.730308599047,189.699979534081,164.730308599047,0,1144.19018996354,"count",74,0.95,302.475712404221,"working","Sum of original square-fita working sample sizes; MFCL information-weight convention","Square-fita working-normal reference range; independent records and fixed within-tail shape","axis/series/bin_unit",,
"length","F10_R1","cm",111,225862.522735442,82.0471330667858,102.92796794954,82.0471330667858,0,1013.51993472354,"count",74,0.95,302.475712404221,"working","Sum of original square-fita working sample sizes; MFCL information-weight convention","Square-fita working-normal reference range; independent records and fixed within-tail shape","axis/series/bin_unit",,
"length","F10_R1","cm",113,208613.891094029,37.4286199819932,46.8934344731509,37.4286199819932,0,932.627855941497,"count",74,0.95,302.475712404221,"working","Sum of original square-fita working sample sizes; MFCL information-weight convention","Square-fita working-normal reference range; independent records and fixed within-tail shape","axis/series/bin_unit",,
"length","F10_R1","cm",115,178625.78869923,14.718946276804,17.3650815725759,14.718946276804,0,843.08095144248,"count",74,0.95,302.475712404221,"working","Sum of original square-fita working sample sizes; MFCL information-weight convention","Square-fita working-normal reference range; independent records and fixed within-tail shape","axis/series/bin_unit",,
"length","F10_R1","cm",117,155221.751372895,4.58285318202283,5.24370550265024,4.58285318202283,0,776.773222181144,"count",74,0.95,302.475712404221,"working","Sum of original square-fita working sample sizes; MFCL information-weight convention","Square-fita working-normal reference range; independent records and fixed within-tail shape","axis/series/bin_unit",,
"length","F10_R1","cm",119,148058.213748235,0.74383650310866,7.5052533643241,0.74383650310866,0,754.905312036944,"count",74,0.95,302.475712404221,"working","Sum of original square-fita working sample sizes; MFCL information-weight convention","Square-fita working-normal reference range; independent records and fixed within-tail shape","axis/series/bin_unit",,
"length","F10_R1","cm",121,,0,8.89308745444571,0,,,"count",74,0.95,302.475712404221,"working","Sum of original square-fita working sample sizes; MFCL information-weight convention","Square-fita working-normal reference range; independent records and fixed within-tail shape","axis/series/bin_unit",,
"length","F10_R1","cm",123,,0,3.50997010845128,0,,,"count",74,0.95,302.475712404221,"working","Sum of original square-fita working sample sizes; MFCL information-weight convention","Square-fita working-normal reference range; independent records and fixed within-tail shape","axis/series/bin_unit",,
"length","F10_R1","cm",125,,0,1.0603166124751,0,,,"count",74,0.95,302.475712404221,"working","Sum of original square-fita working sample sizes; MFCL information-weight convention","Square-fita working-normal reference range; independent records and fixed within-tail shape","axis/series/bin_unit",,
"length","F10_R1","cm",127,,0,1.6645720933963,0,,,"count",74,0.95,302.475712404221,"working","Sum of original square-fita working sample sizes; MFCL information-weight convention","Square-fita working-normal reference range; independent records and fixed within-tail shape","axis/series/bin_unit",,
"length","F10_R1","cm",129,,0,2.66361875147776,0,,,"count",74,0.95,302.475712404221,"working","Sum of original square-fita working sample sizes; MFCL information-weight convention","Square-fita working-normal reference range; independent records and fixed within-tail shape","axis/series/bin_unit",,
"length","F11_R1","cm",31,,0,0,0,,,"count",143,0.95,3497,"working","Sum of original square-fita working sample sizes; MFCL information-weight convention","Square-fita working-normal reference range; independent records and fixed within-tail shape","axis/series/bin_unit",,
"length","F11_R1","cm",33,,0,0,0,,,"count",143,0.95,3497,"working","Sum of original square-fita working sample sizes; MFCL information-weight convention","Square-fita working-normal reference range; independent records and fixed within-tail shape","axis/series/bin_unit",,
"length","F11_R1","cm",35,,0,0,0,,,"count",143,0.95,3497,"working","Sum of original square-fita working sample sizes; MFCL information-weight convention","Square-fita working-normal reference range; independent records and fixed within-tail shape","axis/series/bin_unit",,
"length","F11_R1","cm",37,,0,0,0,,,"count",143,0.95,3497,"working","Sum of original square-fita working sample sizes; MFCL information-weight convention","Square-fita working-normal reference range; independent records and fixed within-tail shape","axis/series/bin_unit",,
"length","F11_R1","cm",39,,0,0,0,,,"count",143,0.95,3497,"working","Sum of original square-fita working sample sizes; MFCL information-weight convention","Square-fita working-normal reference range; independent records and fixed within-tail shape","axis/series/bin_unit",,
"length","F11_R1","cm",41,,2.38242935728549,0,2.38242935728549,,,"count",143,0.95,3497,"working","Sum of original square-fita working sample sizes; MFCL information-weight convention","Square-fita working-normal reference range; independent records and fixed within-tail shape","axis/series/bin_unit",,
"length","F11_R1","cm",43,,42.0462360534949,41,42.0462360534949,,,"count",143,0.95,3497,"working","Sum of original square-fita working sample sizes; MFCL information-weight convention","Square-fita working-normal reference range; independent records and fixed within-tail shape","axis/series/bin_unit",,
"length","F11_R1","cm",45,,315.055035460976,389,315.055035460976,,,"count",143,0.95,3497,"working","Sum of original square-fita working sample sizes; MFCL information-weight convention","Square-fita working-normal reference range; independent records and fixed within-tail shape","axis/series/bin_unit",,
"length","F11_R1","cm",47,,1166.91676795272,1244,1166.91676795272,,,"count",143,0.95,3497,"working","Sum of original square-fita working sample sizes; MFCL information-weight convention","Square-fita working-normal reference range; independent records and fixed within-tail shape","axis/series/bin_unit",,
"length","F11_R1","cm",49,234359.303340515,2540.82933230816,2515,2540.82933230816,1591.99762276787,3489.66104184845,"count",143,0.95,3497,"working","Sum of original square-fita working sample sizes; MFCL information-weight convention","Square-fita working-normal reference range; independent records and fixed within-tail shape","axis/series/bin_unit",,
"length","F11_R1","cm",51,282195.455270603,3600.97372686803,4351,3600.97372686803,2559.80024429702,4642.14720943904,"count",143,0.95,3497,"working","Sum of original square-fita working sample sizes; MFCL information-weight convention","Square-fita working-normal reference range; independent records and fixed within-tail shape","axis/series/bin_unit",,
"length","F11_R1","cm",53,260474.476089695,3910.63964702863,3681,3910.63964702863,2910.33870544133,4910.94058861593,"count",143,0.95,3497,"working","Sum of original square-fita working sample sizes; MFCL information-weight convention","Square-fita working-normal reference range; independent records and fixed within-tail shape","axis/series/bin_unit",,
"length","F11_R1","cm",55,258468.092177259,4439.06333420385,3368,4439.06333420385,3442.62240140235,5435.50426700534,"count",143,0.95,3497,"working","Sum of original square-fita working sample sizes; MFCL information-weight convention","Square-fita working-normal reference range; independent records and fixed within-tail shape","axis/series/bin_unit",,
"length","F11_R1","cm",57,324446.309675788,6938.21245018978,5669,6938.21245018978,5821.81326614058,8054.61163423898,"count",143,0.95,3497,"working","Sum of original square-fita working sample sizes; MFCL information-weight convention","Square-fita working-normal reference range; independent records and fixed within-tail shape","axis/series/bin_unit",,
"length","F11_R1","cm",59,470029.6194184,11015.9811866329,11540,11015.9811866329,9672.2552370798,12359.707136186,"count",143,0.95,3497,"working","Sum of original square-fita working sample sizes; MFCL information-weight convention","Square-fita working-normal reference range; independent records and fixed within-tail shape","axis/series/bin_unit",,
"length","F11_R1","cm",61,611841.139307791,13658.4446157604,18397,13658.4446157604,12125.3554006599,15191.5338308609,"count",143,0.95,3497,"working","Sum of original square-fita working sample sizes; MFCL information-weight convention","Square-fita working-normal reference range; independent records and fixed within-tail shape","axis/series/bin_unit",,
"length","F11_R1","cm",63,543183.421559819,12677.1409319208,15233,12677.1409319208,11232.6282992291,14121.6535646124,"count",143,0.95,3497,"working","Sum of original square-fita working sample sizes; MFCL information-weight convention","Square-fita working-normal reference range; independent records and fixed within-tail shape","axis/series/bin_unit",,
"length","F11_R1","cm",65,391579.941041392,9667.23576797792,8520,9667.23576797792,8440.76187159026,10893.7096643656,"count",143,0.95,3497,"working","Sum of original square-fita working sample sizes; MFCL information-weight convention","Square-fita working-normal reference range; independent records and fixed within-tail shape","axis/series/bin_unit",,
"length","F11_R1","cm",67,340054.53402139,7540.12329947672,6426,7540.12329947672,6397.18607931391,8683.06051963954,"count",143,0.95,3497,"working","Sum of original square-fita working sample sizes; MFCL information-weight convention","Square-fita working-normal reference range; independent records and fixed within-tail shape","axis/series/bin_unit",,
"length","F11_R1","cm",69,349892.712104838,7026.67171536438,6756,7026.67171536438,5867.31911791539,8186.02431281336,"count",143,0.95,3497,"working","Sum of original square-fita working sample sizes; MFCL information-weight convention","Square-fita working-normal reference range; independent records and fixed within-tail shape","axis/series/bin_unit",,
"length","F11_R1","cm",71,329138.6053675,6743.21763163755,6116,6743.21763163755,5618.77448108705,7867.66078218806,"count",143,0.95,3497,"working","Sum of original square-fita working sample sizes; MFCL information-weight convention","Square-fita working-normal reference range; independent records and fixed within-tail shape","axis/series/bin_unit",,
"length","F11_R1","cm",73,293948.662542282,5633.27897760321,4888,5633.27897760321,4570.64466489056,6695.91329031586,"count",143,0.95,3497,"working","Sum of original square-fita working sample sizes; MFCL information-weight convention","Square-fita working-normal reference range; independent records and fixed within-tail shape","axis/series/bin_unit",,
"length","F11_R1","cm",75,245316.203768882,3827.31085744186,3060,3827.31085744186,2856.55234224502,4798.0693726387,"count",143,0.95,3497,"working","Sum of original square-fita working sample sizes; MFCL information-weight convention","Square-fita working-normal reference range; independent records and fixed within-tail shape","axis/series/bin_unit",,
"length","F11_R1","cm",77,205131.433498129,2165.26415211254,1599,2165.26415211254,1277.56828380345,3052.96002042162,"count",143,0.95,3497,"working","Sum of original square-fita working sample sizes; MFCL information-weight convention","Square-fita working-normal reference range; independent records and fixed within-tail shape","axis/series/bin_unit",,
"length","F11_R1","cm",79,178743.490235197,1122.03645302216,943,1122.03645302216,293.401577334657,1950.67132870967,"count",143,0.95,3497,"working","Sum of original square-fita working sample sizes; MFCL information-weight convention","Square-fita working-normal reference range; independent records and fixed within-tail shape","axis/series/bin_unit",,
"length","F11_R1","cm",81,154813.672039233,610.836029582139,550,610.836029582139,0,1382.01068296434,"count",143,0.95,3497,"working","Sum of original square-fita working sample sizes; MFCL information-weight convention","Square-fita working-normal reference range; independent records and fixed within-tail shape","axis/series/bin_unit",,
"length","F11_R1","cm",83,102100.211163569,367.054713584014,237,367.054713584014,0,993.324429256923,"count",143,0.95,3497,"working","Sum of original square-fita working sample sizes; MFCL information-weight convention","Square-fita working-normal reference range; independent records and fixed within-tail shape","axis/series/bin_unit",,
"length","F11_R1","cm",85,44861.6147411089,237.281458027366,89,237.281458027366,0,652.412817548439,"count",143,0.95,3497,"working","Sum of original square-fita working sample sizes; MFCL information-weight convention","Square-fita working-normal reference range; independent records and fixed within-tail shape","axis/series/bin_unit",,
"length","F11_R1","cm",87,20376.7585281427,151.486228920199,27,151.486228920199,0,431.26556837379,"count",143,0.95,3497,"working","Sum of original square-fita working sample sizes; MFCL information-weight convention","Square-fita working-normal reference range; independent records and fixed within-tail shape","axis/series/bin_unit",,
"length","F11_R1","cm",89,4253.60234872759,91.7524283151473,13,91.7524283151473,0,219.580587428251,"count",143,0.95,3497,"working","Sum of original square-fita working sample sizes; MFCL information-weight convention","Square-fita working-normal reference range; independent records and fixed within-tail shape","axis/series/bin_unit",,
"length","F11_R1","cm",91,1803.35374796779,57.7132836042914,0,57.7132836042914,0,140.944943217462,"count",143,0.95,3497,"working","Sum of original square-fita working sample sizes; MFCL information-weight convention","Square-fita working-normal reference range; independent records and fixed within-tail shape","axis/series/bin_unit",,
"length","F11_R1","cm",93,871.887544544452,38.5288855516096,0,38.5288855516096,0,96.402196314375,"count",143,0.95,3497,"working","Sum of original square-fita working sample sizes; MFCL information-weight convention","Square-fita working-normal reference range; independent records and fixed within-tail shape","axis/series/bin_unit",,
"length","F11_R1","cm",95,388.583229110725,25.1858003782092,0,25.1858003782092,0,63.8216189024905,"count",143,0.95,3497,"working","Sum of original square-fita working sample sizes; MFCL information-weight convention","Square-fita working-normal reference range; independent records and fixed within-tail shape","axis/series/bin_unit",,
"length","F11_R1","cm",97,180.70384458144,17.1338763160047,0,17.1338763160047,0,43.4809136769816,"count",143,0.95,3497,"working","Sum of original square-fita working sample sizes; MFCL information-weight convention","Square-fita working-normal reference range; independent records and fixed within-tail shape","axis/series/bin_unit",,
"length","F11_R1","cm",99,67.5323646309017,10.544175240262,0,10.544175240262,0,26.6507825116183,"count",143,0.95,3497,"working","Sum of original square-fita working sample sizes; MFCL information-weight convention","Square-fita working-normal reference range; independent records and fixed within-tail shape","axis/series/bin_unit",,
"length","F11_R1","cm",101,21.0910942053232,5.93173463334684,0,5.93173463334684,0,14.9328773315341,"count",143,0.95,3497,"working","Sum of original square-fita working sample sizes; MFCL information-weight convention","Square-fita working-normal reference range; independent records and fixed within-tail shape","axis/series/bin_unit",,
"length","F11_R1","cm",103,5.77643965786859,3.12005289255035,0,3.12005289255035,0,7.83067440949762,"count",143,0.95,3497,"working","Sum of original square-fita working sample sizes; MFCL information-weight convention","Square-fita working-normal reference range; independent records and fixed within-tail shape","axis/series/bin_unit",,
"length","F11_R1","cm",105,1.12579996081178,1.40289150007048,0,1.40289150007048,0,3.48248621774928,"count",143,0.95,3497,"working","Sum of original square-fita working sample sizes; MFCL information-weight convention","Square-fita working-normal reference range; independent records and fixed within-tail shape","axis/series/bin_unit",,
"length","F11_R1","cm",107,0.272190628147379,0.670639548573617,0,0.670639548573617,0,1.69318983555564,"count",143,0.95,3497,"working","Sum of original square-fita working sample sizes; MFCL information-weight convention","Square-fita working-normal reference range; independent records and fixed within-tail shape","axis/series/bin_unit",,
"length","F11_R1","cm",109,0.0659848205370431,0.324522038085588,0,0.324522038085588,0,0.827987996104542,"count",143,0.95,3497,"working","Sum of original square-fita working sample sizes; MFCL information-weight convention","Square-fita working-normal reference range; independent records and fixed within-tail shape","axis/series/bin_unit",,
"length","F11_R1","cm",111,0.0110887535131527,0.131937645721782,0,0.131937645721782,0,0.338328028234155,"count",143,0.95,3497,"working","Sum of original square-fita working sample sizes; MFCL information-weight convention","Square-fita working-normal reference range; independent records and fixed within-tail shape","axis/series/bin_unit",,
"length","F11_R1","cm",113,0.00170488944974425,0.0513589048111243,0,0.0513589048111243,0,0.132286419384528,"count",143,0.95,3497,"working","Sum of original square-fita working sample sizes; MFCL information-weight convention","Square-fita working-normal reference range; independent records and fixed within-tail shape","axis/series/bin_unit",,
"length","F11_R1","cm",115,0.000259505828593111,0.0193968124597822,0,0.0193968124597822,0,0.0509702341031604,"count",143,0.95,3497,"working","Sum of original square-fita working sample sizes; MFCL information-weight convention","Square-fita working-normal reference range; independent records and fixed within-tail shape","axis/series/bin_unit",,
"length","F11_R1","cm",117,2.07828765808661e-05,0.00525249868547581,0,0.00525249868547581,0,0.0141876296056675,"count",143,0.95,3497,"working","Sum of original square-fita working sample sizes; MFCL information-weight convention","Square-fita working-normal reference range; independent records and fixed within-tail shape","axis/series/bin_unit",,
"length","F11_R1","cm",119,5.45093835991753e-07,0.000785548629937661,0,0.000785548629937661,0,0.00223259925945154,"count",143,0.95,3497,"working","Sum of original square-fita working sample sizes; MFCL information-weight convention","Square-fita working-normal reference range; independent records and fixed within-tail shape","axis/series/bin_unit",,
"length","F11_R1","cm",121,0,0,0,0,0,0,"count",143,0.95,3497,"working","Sum of original square-fita working sample sizes; MFCL information-weight convention","Square-fita working-normal reference range; independent records and fixed within-tail shape","axis/series/bin_unit",,
"length","F11_R1","cm",123,0,0,0,0,0,0,"count",143,0.95,3497,"working","Sum of original square-fita working sample sizes; MFCL information-weight convention","Square-fita working-normal reference range; independent records and fixed within-tail shape","axis/series/bin_unit",,
"length","F11_R1","cm",125,0,0,0,0,0,0,"count",143,0.95,3497,"working","Sum of original square-fita working sample sizes; MFCL information-weight convention","Square-fita working-normal reference range; independent records and fixed within-tail shape","axis/series/bin_unit",,
"length","F11_R1","cm",127,0,0,0,0,0,0,"count",143,0.95,3497,"working","Sum of original square-fita working sample sizes; MFCL information-weight convention","Square-fita working-normal reference range; independent records and fixed within-tail shape","axis/series/bin_unit",,
"length","F11_R1","cm",129,0,0,0,0,0,0,"count",143,0.95,3497,"working","Sum of original square-fita working sample sizes; MFCL information-weight convention","Square-fita working-normal reference range; independent records and fixed within-tail shape","axis/series/bin_unit",,
"length","F12_R1","cm",31,,0,0,0,,,"count",27,0.95,406.783783783784,"working","Sum of original square-fita working sample sizes; MFCL information-weight convention","Square-fita working-normal reference range; independent records and fixed within-tail shape","axis/series/bin_unit",,
"length","F12_R1","cm",33,,0,4,0,,,"count",27,0.95,406.783783783784,"working","Sum of original square-fita working sample sizes; MFCL information-weight convention","Square-fita working-normal reference range; independent records and fixed within-tail shape","axis/series/bin_unit",,
"length","F12_R1","cm",35,,0,1,0,,,"count",27,0.95,406.783783783784,"working","Sum of original square-fita working sample sizes; MFCL information-weight convention","Square-fita working-normal reference range; independent records and fixed within-tail shape","axis/series/bin_unit",,
"length","F12_R1","cm",37,,0,4,0,,,"count",27,0.95,406.783783783784,"working","Sum of original square-fita working sample sizes; MFCL information-weight convention","Square-fita working-normal reference range; independent records and fixed within-tail shape","axis/series/bin_unit",,
"length","F12_R1","cm",39,,0,5,0,,,"count",27,0.95,406.783783783784,"working","Sum of original square-fita working sample sizes; MFCL information-weight convention","Square-fita working-normal reference range; independent records and fixed within-tail shape","axis/series/bin_unit",,
"length","F12_R1","cm",41,,0,15,0,,,"count",27,0.95,406.783783783784,"working","Sum of original square-fita working sample sizes; MFCL information-weight convention","Square-fita working-normal reference range; independent records and fixed within-tail shape","axis/series/bin_unit",,
"length","F12_R1","cm",43,,1.13452290301938,22,1.13452290301938,,,"count",27,0.95,406.783783783784,"working","Sum of original square-fita working sample sizes; MFCL information-weight convention","Square-fita working-normal reference range; independent records and fixed within-tail shape","axis/series/bin_unit",,
"length","F12_R1","cm",45,,19.4452116704571,62,19.4452116704571,,,"count",27,0.95,406.783783783784,"working","Sum of original square-fita working sample sizes; MFCL information-weight convention","Square-fita working-normal reference range; independent records and fixed within-tail shape","axis/series/bin_unit",,
"length","F12_R1","cm",47,51072.8555198734,104.907746717973,145,104.907746717973,0,547.84597190841,"count",27,0.95,406.783783783784,"working","Sum of original square-fita working sample sizes; MFCL information-weight convention","Square-fita working-normal reference range; independent records and fixed within-tail shape","axis/series/bin_unit",,
"length","F12_R1","cm",49,72785.8730733633,285.851403274106,495,285.851403274106,0,814.627285987751,"count",27,0.95,406.783783783784,"working","Sum of original square-fita working sample sizes; MFCL information-weight convention","Square-fita working-normal reference range; independent records and fixed within-tail shape","axis/series/bin_unit",,
"length","F12_R1","cm",51,100320.930491502,439.083037085567,953,439.083037085567,0,1059.87182833169,"count",27,0.95,406.783783783784,"working","Sum of original square-fita working sample sizes; MFCL information-weight convention","Square-fita working-normal reference range; independent records and fixed within-tail shape","axis/series/bin_unit",,
"length","F12_R1","cm",53,95913.9340484184,468.765271471794,625,468.765271471794,0,1075.76562400692,"count",27,0.95,406.783783783784,"working","Sum of original square-fita working sample sizes; MFCL information-weight convention","Square-fita working-normal reference range; independent records and fixed within-tail shape","axis/series/bin_unit",,
"length","F12_R1","cm",55,99231.7066909393,525.190861724242,663,525.190861724242,0,1142.6003813791,"count",27,0.95,406.783783783784,"working","Sum of original square-fita working sample sizes; MFCL information-weight convention","Square-fita working-normal reference range; independent records and fixed within-tail shape","axis/series/bin_unit",,
"length","F12_R1","cm",57,118396.518629431,919.865673435932,1291,919.865673435932,245.465680235678,1594.26566663619,"count",27,0.95,406.783783783784,"working","Sum of original square-fita working sample sizes; MFCL information-weight convention","Square-fita working-normal reference range; independent records and fixed within-tail shape","axis/series/bin_unit",,
"length","F12_R1","cm",59,156155.17836272,1591.21594911554,1847,1591.21594911554,816.707274329686,2365.72462390139,"count",27,0.95,406.783783783784,"working","Sum of original square-fita working sample sizes; MFCL information-weight convention","Square-fita working-normal reference range; independent records and fixed within-tail shape","axis/series/bin_unit",,
"length","F12_R1","cm",61,191064.714884347,2053.47166001792,2293,2053.47166001792,1196.75278295504,2910.1905370808,"count",27,0.95,406.783783783784,"working","Sum of original square-fita working sample sizes; MFCL information-weight convention","Square-fita working-normal reference range; independent records and fixed within-tail shape","axis/series/bin_unit",,
"length","F12_R1","cm",63,183700.726634483,1962.33519605728,2071,1962.33519605728,1122.28830647435,2802.38208564021,"count",27,0.95,406.783783783784,"working","Sum of original square-fita working sample sizes; MFCL information-weight convention","Square-fita working-normal reference range; independent records and fixed within-tail shape","axis/series/bin_unit",,
"length","F12_R1","cm",65,156312.045554586,1654.20946896703,1599,1654.20946896703,879.311871747625,2429.10706618643,"count",27,0.95,406.783783783784,"working","Sum of original square-fita working sample sizes; MFCL information-weight convention","Square-fita working-normal reference range; independent records and fixed within-tail shape","axis/series/bin_unit",,
"length","F12_R1","cm",67,123159.377492399,1619.55994047357,1128,1619.55994047357,931.728800571218,2307.39108037593,"count",27,0.95,406.783783783784,"working","Sum of original square-fita working sample sizes; MFCL information-weight convention","Square-fita working-normal reference range; independent records and fixed within-tail shape","axis/series/bin_unit",,
"length","F12_R1","cm",69,134522.064611457,1849.57282935307,1239,1849.57282935307,1130.71194456404,2568.4337141421,"count",27,0.95,406.783783783784,"working","Sum of original square-fita working sample sizes; MFCL information-weight convention","Square-fita working-normal reference range; independent records and fixed within-tail shape","axis/series/bin_unit",,
"length","F12_R1","cm",71,154676.439344663,1950.87777663697,1590,1950.87777663697,1180.04499822513,2721.71055504881,"count",27,0.95,406.783783783784,"working","Sum of original square-fita working sample sizes; MFCL information-weight convention","Square-fita working-normal reference range; independent records and fixed within-tail shape","axis/series/bin_unit",,
"length","F12_R1","cm",73,156614.730978328,1715.5020572608,1578,1715.5020572608,939.854560154461,2491.14955436715,"count",27,0.95,406.783783783784,"working","Sum of original square-fita working sample sizes; MFCL information-weight convention","Square-fita working-normal reference range; independent records and fixed within-tail shape","axis/series/bin_unit",,
"length","F12_R1","cm",75,146911.622701637,1268.47316667688,1356,1268.47316667688,517.237551912986,2019.70878144078,"count",27,0.95,406.783783783784,"working","Sum of original square-fita working sample sizes; MFCL information-weight convention","Square-fita working-normal reference range; independent records and fixed within-tail shape","axis/series/bin_unit",,
"length","F12_R1","cm",77,122289.435217631,876.156904829078,1026,876.156904829078,190.759334367617,1561.55447529054,"count",27,0.95,406.783783783784,"working","Sum of original square-fita working sample sizes; MFCL information-weight convention","Square-fita working-normal reference range; independent records and fixed within-tail shape","axis/series/bin_unit",,
"length","F12_R1","cm",79,102064.10004272,649.115421307226,741,649.115421307226,22.9564659410079,1275.27437667344,"count",27,0.95,406.783783783784,"working","Sum of original square-fita working sample sizes; MFCL information-weight convention","Square-fita working-normal reference range; independent records and fixed within-tail shape","axis/series/bin_unit",,
"length","F12_R1","cm",81,84811.1012906326,525.054065349658,529,525.054065349658,0,1095.8415504487,"count",27,0.95,406.783783783784,"working","Sum of original square-fita working sample sizes; MFCL information-weight convention","Square-fita working-normal reference range; independent records and fixed within-tail shape","axis/series/bin_unit",,
"length","F12_R1","cm",83,70400.5891749136,414.289775399133,336,414.289775399133,0,934.329162626711,"count",27,0.95,406.783783783784,"working","Sum of original square-fita working sample sizes; MFCL information-weight convention","Square-fita working-normal reference range; independent records and fixed within-tail shape","axis/series/bin_unit",,
"length","F12_R1","cm",85,60377.7201603999,310.085442184389,168,310.085442184389,0,791.685406556865,"count",27,0.95,406.783783783784,"working","Sum of original square-fita working sample sizes; MFCL information-weight convention","Square-fita working-normal reference range; independent records and fixed within-tail shape","axis/series/bin_unit",,
"length","F12_R1","cm",87,55623.2894129056,220.204813124882,95,220.204813124882,0,682.4542866251,"count",27,0.95,406.783783783784,"working","Sum of original square-fita working sample sizes; MFCL information-weight convention","Square-fita working-normal reference range; independent records and fixed within-tail shape","axis/series/bin_unit",,
"length","F12_R1","cm",89,53346.9759058994,160.239828554877,68,160.239828554877,0,612.932010010526,"count",27,0.95,406.783783783784,"working","Sum of original square-fita working sample sizes; MFCL information-weight convention","Square-fita working-normal reference range; independent records and fixed within-tail shape","axis/series/bin_unit",,
"length","F12_R1","cm",91,51262.1042279198,125.805030008475,26,125.805030008475,0,569.563142558188,"count",27,0.95,406.783783783784,"working","Sum of original square-fita working sample sizes; MFCL information-weight convention","Square-fita working-normal reference range; independent records and fixed within-tail shape","axis/series/bin_unit",,
"length","F12_R1","cm",93,33699.0932434977,102.398585312285,23,102.398585312285,0,462.195304293473,"count",27,0.95,406.783783783784,"working","Sum of original square-fita working sample sizes; MFCL information-weight convention","Square-fita working-normal reference range; independent records and fixed within-tail shape","axis/series/bin_unit",,
"length","F12_R1","cm",95,28711.2010549868,79.3445438970576,22,79.3445438970576,0,411.448287545637,"count",27,0.95,406.783783783784,"working","Sum of original square-fita working sample sizes; MFCL information-weight convention","Square-fita working-normal reference range; independent records and fixed within-tail shape","axis/series/bin_unit",,
"length","F12_R1","cm",97,13431.9544506893,60.03489038192,16,60.03489038192,0,287.187482054923,"count",27,0.95,406.783783783784,"working","Sum of original square-fita working sample sizes; MFCL information-weight convention","Square-fita working-normal reference range; independent records and fixed within-tail shape","axis/series/bin_unit",,
"length","F12_R1","cm",99,7528.55446822301,42.0269573084339,5,42.0269573084339,0,212.087628743753,"count",27,0.95,406.783783783784,"working","Sum of original square-fita working sample sizes; MFCL information-weight convention","Square-fita working-normal reference range; independent records and fixed within-tail shape","axis/series/bin_unit",,
"length","F12_R1","cm",101,6395.17730602974,27.731363861125,7,27.731363861125,0,184.469394575278,"count",27,0.95,406.783783783784,"working","Sum of original square-fita working sample sizes; MFCL information-weight convention","Square-fita working-normal reference range; independent records and fixed within-tail shape","axis/series/bin_unit",,
"length","F12_R1","cm",103,4336.55140962851,17.4603547474802,6,17.4603547474802,0,146.528877881167,"count",27,0.95,406.783783783784,"working","Sum of original square-fita working sample sizes; MFCL information-weight convention","Square-fita working-normal reference range; independent records and fixed within-tail shape","axis/series/bin_unit",,
"length","F12_R1","cm",105,2358.2647479665,10.0169955676475,5,10.0169955676475,0,105.196704106852,"count",27,0.95,406.783783783784,"working","Sum of original square-fita working sample sizes; MFCL information-weight convention","Square-fita working-normal reference range; independent records and fixed within-tail shape","axis/series/bin_unit",,
"length","F12_R1","cm",107,1870.79317833578,5.8165824066126,0,5.8165824066126,0,90.5902514118666,"count",27,0.95,406.783783783784,"working","Sum of original square-fita working sample sizes; MFCL information-weight convention","Square-fita working-normal reference range; independent records and fixed within-tail shape","axis/series/bin_unit",,
"length","F12_R1","cm",109,799.643753813738,3.18004063626976,1,3.18004063626976,0,58.6038491620355,"count",27,0.95,406.783783783784,"working","Sum of original square-fita working sample sizes; MFCL information-weight convention","Square-fita working-normal reference range; independent records and fixed within-tail shape","axis/series/bin_unit",,
"length","F12_R1","cm",111,238.157113875613,1.52997512222464,1,1.52997512222464,0,31.776805465395,"count",27,0.95,406.783783783784,"working","Sum of original square-fita working sample sizes; MFCL information-weight convention","Square-fita working-normal reference range; independent records and fixed within-tail shape","axis/series/bin_unit",,
"length","F12_R1","cm",113,51.4886080308481,0.671409215424085,0,0.671409215424085,0,14.7352411073859,"count",27,0.95,406.783783783784,"working","Sum of original square-fita working sample sizes; MFCL information-weight convention","Square-fita working-normal reference range; independent records and fixed within-tail shape","axis/series/bin_unit",,
"length","F12_R1","cm",115,8.52066451928139,0.277221644905161,0,0.277221644905161,0,5.9983912697082,"count",27,0.95,406.783783783784,"working","Sum of original square-fita working sample sizes; MFCL information-weight convention","Square-fita working-normal reference range; independent records and fixed within-tail shape","axis/series/bin_unit",,
"length","F12_R1","cm",117,0.600349510466013,0.0835421913414009,0,0.0835421913414009,0,1.60216588484782,"count",27,0.95,406.783783783784,"working","Sum of original square-fita working sample sizes; MFCL information-weight convention","Square-fita working-normal reference range; independent records and fixed within-tail shape","axis/series/bin_unit",,
"length","F12_R1","cm",119,0.0313739839059342,0.0144840897409867,0,0.0144840897409867,0,0.36164668452298,"count",27,0.95,406.783783783784,"working","Sum of original square-fita working sample sizes; MFCL information-weight convention","Square-fita working-normal reference range; independent records and fixed within-tail shape","axis/series/bin_unit",,
"length","F12_R1","cm",121,0,0,0,0,0,0,"count",27,0.95,406.783783783784,"working","Sum of original square-fita working sample sizes; MFCL information-weight convention","Square-fita working-normal reference range; independent records and fixed within-tail shape","axis/series/bin_unit",,
"length","F12_R1","cm",123,0,0,0,0,0,0,"count",27,0.95,406.783783783784,"working","Sum of original square-fita working sample sizes; MFCL information-weight convention","Square-fita working-normal reference range; independent records and fixed within-tail shape","axis/series/bin_unit",,
"length","F12_R1","cm",125,0,0,0,0,0,0,"count",27,0.95,406.783783783784,"working","Sum of original square-fita working sample sizes; MFCL information-weight convention","Square-fita working-normal reference range; independent records and fixed within-tail shape","axis/series/bin_unit",,
"length","F12_R1","cm",127,0,0,0,0,0,0,"count",27,0.95,406.783783783784,"working","Sum of original square-fita working sample sizes; MFCL information-weight convention","Square-fita working-normal reference range; independent records and fixed within-tail shape","axis/series/bin_unit",,
"length","F12_R1","cm",129,0,0,0,0,0,0,"count",27,0.95,406.783783783784,"working","Sum of original square-fita working sample sizes; MFCL information-weight convention","Square-fita working-normal reference range; independent records and fixed within-tail shape","axis/series/bin_unit",,
"length","F13_R1","cm",31,0,0,0,0,0,0,"count",2,0.95,5.58659217877095,"working","Sum of original square-fita working sample sizes; MFCL information-weight convention","Square-fita working-normal reference range; independent records and fixed within-tail shape","axis/series/bin_unit",,
"length","F13_R1","cm",33,0,0,0,0,0,0,"count",2,0.95,5.58659217877095,"working","Sum of original square-fita working sample sizes; MFCL information-weight convention","Square-fita working-normal reference range; independent records and fixed within-tail shape","axis/series/bin_unit",,
"length","F13_R1","cm",35,0,0,0,0,0,0,"count",2,0.95,5.58659217877095,"working","Sum of original square-fita working sample sizes; MFCL information-weight convention","Square-fita working-normal reference range; independent records and fixed within-tail shape","axis/series/bin_unit",,
"length","F13_R1","cm",37,0,0,0,0,0,0,"count",2,0.95,5.58659217877095,"working","Sum of original square-fita working sample sizes; MFCL information-weight convention","Square-fita working-normal reference range; independent records and fixed within-tail shape","axis/series/bin_unit",,
"length","F13_R1","cm",39,0,0,0,0,0,0,"count",2,0.95,5.58659217877095,"working","Sum of original square-fita working sample sizes; MFCL information-weight convention","Square-fita working-normal reference range; independent records and fixed within-tail shape","axis/series/bin_unit",,
"length","F13_R1","cm",41,189932.065165049,8.26974526942308e-08,2,8.26974526942308e-08,0,854.175747257088,"count",2,0.95,5.58659217877095,"working","Sum of original square-fita working sample sizes; MFCL information-weight convention","Square-fita working-normal reference range; independent records and fixed within-tail shape","axis/series/bin_unit",,
"length","F13_R1","cm",43,2009730.69724606,8.78343696713767e-07,7,8.78343696713767e-07,0,2778.54237308641,"count",2,0.95,5.58659217877095,"working","Sum of original square-fita working sample sizes; MFCL information-weight convention","Square-fita working-normal reference range; independent records and fixed within-tail shape","axis/series/bin_unit",,
"length","F13_R1","cm",45,2420267.18667816,3.77018453658696e-06,23,3.77018453658696e-06,0,3049.15672862074,"count",2,0.95,5.58659217877095,"working","Sum of original square-fita working sample sizes; MFCL information-weight convention","Square-fita working-normal reference range; independent records and fixed within-tail shape","axis/series/bin_unit",,
"length","F13_R1","cm",47,2410126.47867816,6.54013162343899e-06,18,6.54013162343899e-06,0,3042.76217610033,"count",2,0.95,5.58659217877095,"working","Sum of original square-fita working sample sizes; MFCL information-weight convention","Square-fita working-normal reference range; independent records and fixed within-tail shape","axis/series/bin_unit",,
"length","F13_R1","cm",49,2394471.13867816,4.58496613123451e-06,19,4.58496613123451e-06,0,3032.86371345365,"count",2,0.95,5.58659217877095,"working","Sum of original square-fita working sample sizes; MFCL information-weight convention","Square-fita working-normal reference range; independent records and fixed within-tail shape","axis/series/bin_unit",,
"length","F13_R1","cm",51,2506152.10267816,75.5377034942349,49,75.5377034942349,0,3178.3235647541,"count",2,0.95,5.58659217877095,"working","Sum of original square-fita working sample sizes; MFCL information-weight convention","Square-fita working-normal reference range; independent records and fixed within-tail shape","axis/series/bin_unit",,
"length","F13_R1","cm",53,2748533.85467816,324.236295934491,114,324.236295934491,0,3573.60232949086,"count",2,0.95,5.58659217877095,"working","Sum of original square-fita working sample sizes; MFCL information-weight convention","Square-fita working-normal reference range; independent records and fixed within-tail shape","axis/series/bin_unit",,
"length","F13_R1","cm",55,3955995.53867816,871.561703321709,423,871.561703321709,0,4769.86825318177,"count",2,0.95,5.58659217877095,"working","Sum of original square-fita working sample sizes; MFCL information-weight convention","Square-fita working-normal reference range; independent records and fixed within-tail shape","axis/series/bin_unit",,
"length","F13_R1","cm",57,6398356.74267816,1467.14588227828,1086,1467.14588227828,0,6424.86954814639,"count",2,0.95,5.58659217877095,"working","Sum of original square-fita working sample sizes; MFCL information-weight convention","Square-fita working-normal reference range; independent records and fixed within-tail shape","axis/series/bin_unit",,
"length","F13_R1","cm",59,7207850.59067816,1606.40687355733,1345,1606.40687355733,0,6868.40851074882,"count",2,0.95,5.58659217877095,"working","Sum of original square-fita working sample sizes; MFCL information-weight convention","Square-fita working-normal reference range; independent records and fixed within-tail shape","axis/series/bin_unit",,
"length","F13_R1","cm",61,6531886.44667816,1234.4977352256,1168,1234.4977352256,0,6243.68657238918,"count",2,0.95,5.58659217877095,"working","Sum of original square-fita working sample sizes; MFCL information-weight convention","Square-fita working-normal reference range; independent records and fixed within-tail shape","axis/series/bin_unit",,
"length","F13_R1","cm",63,6967236.64267816,989.221611356782,1231,989.221611356782,0,6162.64916539476,"count",2,0.95,5.58659217877095,"working","Sum of original square-fita working sample sizes; MFCL information-weight convention","Square-fita working-normal reference range; independent records and fixed within-tail shape","axis/series/bin_unit",,
"length","F13_R1","cm",65,8919035.45867816,1230.08612036959,1858,1230.08612036959,0,7083.47039229492,"count",2,0.95,5.58659217877095,"working","Sum of original square-fita working sample sizes; MFCL information-weight convention","Square-fita working-normal reference range; independent records and fixed within-tail shape","axis/series/bin_unit",,
"length","F13_R1","cm",67,9272838.26667816,1677.2058443015,2100,1677.2058443015,0,7645.55790767719,"count",2,0.95,5.58659217877095,"working","Sum of original square-fita working sample sizes; MFCL information-weight convention","Square-fita working-normal reference range; independent records and fixed within-tail shape","axis/series/bin_unit",,
"length","F13_R1","cm",69,7622079.50267816,1839.67858149342,1537,1839.67858149342,0,7250.76946389366,"count",2,0.95,5.58659217877095,"working","Sum of original square-fita working sample sizes; MFCL information-weight convention","Square-fita working-normal reference range; independent records and fixed within-tail shape","axis/series/bin_unit",,
"length","F13_R1","cm",71,6925072.11867816,1562.24897750113,1268,1562.24897750113,0,6719.99842607258,"count",2,0.95,5.58659217877095,"working","Sum of original square-fita working sample sizes; MFCL information-weight convention","Square-fita working-normal reference range; independent records and fixed within-tail shape","axis/series/bin_unit",,
"length","F13_R1","cm",73,8410579.51467816,1085.69548906072,1574,1085.69548906072,0,6769.78687324956,"count",2,0.95,5.58659217877095,"working","Sum of original square-fita working sample sizes; MFCL information-weight convention","Square-fita working-normal reference range; independent records and fixed within-tail shape","axis/series/bin_unit",,
"length","F13_R1","cm",75,7810753.37867816,730.535500415173,1378,730.535500415173,0,6208.18896360447,"count",2,0.95,5.58659217877095,"working","Sum of original square-fita working sample sizes; MFCL information-weight convention","Square-fita working-normal reference range; independent records and fixed within-tail shape","axis/series/bin_unit",,
"length","F13_R1","cm",77,6212048.53067816,579.797983776205,976,579.797983776205,0,5464.80858998307,"count",2,0.95,5.58659217877095,"working","Sum of original square-fita working sample sizes; MFCL information-weight convention","Square-fita working-normal reference range; independent records and fixed within-tail shape","axis/series/bin_unit",,
"length","F13_R1","cm",79,4269877.76667816,519.708671499308,441,519.708671499308,0,4569.71603076318,"count",2,0.95,5.58659217877095,"working","Sum of original square-fita working sample sizes; MFCL information-weight convention","Square-fita working-normal reference range; independent records and fixed within-tail shape","axis/series/bin_unit",,
"length","F13_R1","cm",81,3339196.62267816,431.382394429113,216,431.382394429113,0,4012.91646800974,"count",2,0.95,5.58659217877095,"working","Sum of original square-fita working sample sizes; MFCL information-weight convention","Square-fita working-normal reference range; independent records and fixed within-tail shape","axis/series/bin_unit",,
"length","F13_R1","cm",83,2864488.62267816,315.627884358047,113,315.627884358047,0,3632.82777076299,"count",2,0.95,5.58659217877095,"working","Sum of original square-fita working sample sizes; MFCL information-weight convention","Square-fita working-normal reference range; independent records and fixed within-tail shape","axis/series/bin_unit",,
"length","F13_R1","cm",85,2620959.12267816,197.664055512573,59,197.664055512573,0,3370.72354762594,"count",2,0.95,5.58659217877095,"working","Sum of original square-fita working sample sizes; MFCL information-weight convention","Square-fita working-normal reference range; independent records and fixed within-tail shape","axis/series/bin_unit",,
"length","F13_R1","cm",87,2545446.89867816,115.195290215448,43,115.195290215448,0,3242.21135054128,"count",2,0.95,5.58659217877095,"working","Sum of original square-fita working sample sizes; MFCL information-weight convention","Square-fita working-normal reference range; independent records and fixed within-tail shape","axis/series/bin_unit",,
"length","F13_R1","cm",89,2385728.06267816,70.8109324376212,10,70.8109324376212,0,3098.13253909796,"count",2,0.95,5.58659217877095,"working","Sum of original square-fita working sample sizes; MFCL information-weight convention","Square-fita working-normal reference range; independent records and fixed within-tail shape","axis/series/bin_unit",,
"length","F13_R1","cm",91,2367414.21467816,48.8518625324397,4,48.8518625324397,0,3064.53158976013,"count",2,0.95,5.58659217877095,"working","Sum of original square-fita working sample sizes; MFCL information-weight convention","Square-fita working-normal reference range; independent records and fixed within-tail shape","axis/series/bin_unit",,
"length","F13_R1","cm",93,2348401.55067816,33.2424323398042,0,33.2424323398042,0,3036.78831202674,"count",2,0.95,5.58659217877095,"working","Sum of original square-fita working sample sizes; MFCL information-weight convention","Square-fita working-normal reference range; independent records and fixed within-tail shape","axis/series/bin_unit",,
"length","F13_R1","cm",95,2348401.55067816,23.9975703550677,0,23.9975703550677,0,3027.54345004201,"count",2,0.95,5.58659217877095,"working","Sum of original square-fita working sample sizes; MFCL information-weight convention","Square-fita working-normal reference range; independent records and fixed within-tail shape","axis/series/bin_unit",,
"length","F13_R1","cm",97,2357909.31467816,15.4892938173028,2,15.4892938173028,0,3025.10912616611,"count",2,0.95,5.58659217877095,"working","Sum of original square-fita working sample sizes; MFCL information-weight convention","Square-fita working-normal reference range; independent records and fixed within-tail shape","axis/series/bin_unit",,
"length","F13_R1","cm",99,496184.909921299,9.20674399109669,2,9.20674399109669,0,1389.81309589322,"count",2,0.95,5.58659217877095,"working","Sum of original square-fita working sample sizes; MFCL information-weight convention","Square-fita working-normal reference range; independent records and fixed within-tail shape","axis/series/bin_unit",,
"length","F13_R1","cm",101,155820.312618316,5.2072153578166,0,5.2072153578166,0,778.884999936738,"count",2,0.95,5.58659217877095,"working","Sum of original square-fita working sample sizes; MFCL information-weight convention","Square-fita working-normal reference range; independent records and fixed within-tail shape","axis/series/bin_unit",,
"length","F13_R1","cm",103,47082.4026591549,2.87398177397179,0,2.87398177397179,0,428.156371480486,"count",2,0.95,5.58659217877095,"working","Sum of original square-fita working sample sizes; MFCL information-weight convention","Square-fita working-normal reference range; independent records and fixed within-tail shape","axis/series/bin_unit",,
"length","F13_R1","cm",105,11244.0746156993,1.41388081517887,0,1.41388081517887,0,209.244700505187,"count",2,0.95,5.58659217877095,"working","Sum of original square-fita working sample sizes; MFCL information-weight convention","Square-fita working-normal reference range; independent records and fixed within-tail shape","axis/series/bin_unit",,
"length","F13_R1","cm",107,3587.91687529416,0.79152095343755,0,0.79152095343755,0,118.191840069341,"count",2,0.95,5.58659217877095,"working","Sum of original square-fita working sample sizes; MFCL information-weight convention","Square-fita working-normal reference range; independent records and fixed within-tail shape","axis/series/bin_unit",,
"length","F13_R1","cm",109,844.144522780638,0.376143836068064,0,0.376143836068064,0,57.3212614755665,"count",2,0.95,5.58659217877095,"working","Sum of original square-fita working sample sizes; MFCL information-weight convention","Square-fita working-normal reference range; independent records and fixed within-tail shape","axis/series/bin_unit",,
"length","F13_R1","cm",111,213.112180701178,0.189226798650578,0,0.189226798650578,0,28.8014910633308,"count",2,0.95,5.58659217877095,"working","Sum of original square-fita working sample sizes; MFCL information-weight convention","Square-fita working-normal reference range; independent records and fixed within-tail shape","axis/series/bin_unit",,
"length","F13_R1","cm",113,34.0988658579643,0.0760487904560339,0,0.0760487904560339,0,11.5211083807658,"count",2,0.95,5.58659217877095,"working","Sum of original square-fita working sample sizes; MFCL information-weight convention","Square-fita working-normal reference range; independent records and fixed within-tail shape","axis/series/bin_unit",,
"length","F13_R1","cm",115,4.8382609669639,0.0286705642094384,0,0.0286705642094384,0,4.33981661466558,"count",2,0.95,5.58659217877095,"working","Sum of original square-fita working sample sizes; MFCL information-weight convention","Square-fita working-normal reference range; independent records and fixed within-tail shape","axis/series/bin_unit",,
"length","F13_R1","cm",117,0.565636902269872,0.00969425467512529,0,0.00969425467512529,0,1.4837603547991,"count",2,0.95,5.58659217877095,"working","Sum of original square-fita working sample sizes; MFCL information-weight convention","Square-fita working-normal reference range; independent records and fixed within-tail shape","axis/series/bin_unit",,
"length","F13_R1","cm",119,0.000169639770818075,0.000167411554950613,0,0.000167411554950613,0,0.0256951257877138,"count",2,0.95,5.58659217877095,"working","Sum of original square-fita working sample sizes; MFCL information-weight convention","Square-fita working-normal reference range; independent records and fixed within-tail shape","axis/series/bin_unit",,
"length","F13_R1","cm",121,0,0,0,0,0,0,"count",2,0.95,5.58659217877095,"working","Sum of original square-fita working sample sizes; MFCL information-weight convention","Square-fita working-normal reference range; independent records and fixed within-tail shape","axis/series/bin_unit",,
"length","F13_R1","cm",123,0,0,0,0,0,0,"count",2,0.95,5.58659217877095,"working","Sum of original square-fita working sample sizes; MFCL information-weight convention","Square-fita working-normal reference range; independent records and fixed within-tail shape","axis/series/bin_unit",,
"length","F13_R1","cm",125,0,0,0,0,0,0,"count",2,0.95,5.58659217877095,"working","Sum of original square-fita working sample sizes; MFCL information-weight convention","Square-fita working-normal reference range; independent records and fixed within-tail shape","axis/series/bin_unit",,
"length","F13_R1","cm",127,0,0,0,0,0,0,"count",2,0.95,5.58659217877095,"working","Sum of original square-fita working sample sizes; MFCL information-weight convention","Square-fita working-normal reference range; independent records and fixed within-tail shape","axis/series/bin_unit",,
"length","F13_R1","cm",129,0,0,0,0,0,0,"count",2,0.95,5.58659217877095,"working","Sum of original square-fita working sample sizes; MFCL information-weight convention","Square-fita working-normal reference range; independent records and fixed within-tail shape","axis/series/bin_unit",,
"length","F14_R2","cm",31,,0,5.24119473404328,0,,,"count",119,0.95,502.039751621126,"working","Sum of original square-fita working sample sizes; MFCL information-weight convention","Square-fita working-normal reference range; independent records and fixed within-tail shape","axis/series/bin_unit",,
"length","F14_R2","cm",33,,0,2.17591870719375,0,,,"count",119,0.95,502.039751621126,"working","Sum of original square-fita working sample sizes; MFCL information-weight convention","Square-fita working-normal reference range; independent records and fixed within-tail shape","axis/series/bin_unit",,
"length","F14_R2","cm",35,,0,2.59282191698222,0,,,"count",119,0.95,502.039751621126,"working","Sum of original square-fita working sample sizes; MFCL information-weight convention","Square-fita working-normal reference range; independent records and fixed within-tail shape","axis/series/bin_unit",,
"length","F14_R2","cm",37,,0,2.86538259667061,0,,,"count",119,0.95,502.039751621126,"working","Sum of original square-fita working sample sizes; MFCL information-weight convention","Square-fita working-normal reference range; independent records and fixed within-tail shape","axis/series/bin_unit",,
"length","F14_R2","cm",39,1434165.67478958,0,2.94771019142817,0,0,2347.18733418472,"count",119,0.95,502.039751621126,"working","Sum of original square-fita working sample sizes; MFCL information-weight convention","Square-fita working-normal reference range; independent records and fixed within-tail shape","axis/series/bin_unit",,
"length","F14_R2","cm",41,1434947.73040311,1.04479569691603e-06,1.80107669021793,1.04479569691603e-06,0,2347.8272127859,"count",119,0.95,502.039751621126,"working","Sum of original square-fita working sample sizes; MFCL information-weight convention","Square-fita working-normal reference range; independent records and fixed within-tail shape","axis/series/bin_unit",,
"length","F14_R2","cm",43,1440412.109102,1.10969526248042e-05,1.43489825116822,1.10969526248042e-05,0,2352.29331805179,"count",119,0.95,502.039751621126,"working","Sum of original square-fita working sample sizes; MFCL information-weight convention","Square-fita working-normal reference range; independent records and fixed within-tail shape","axis/series/bin_unit",,
"length","F14_R2","cm",45,1534001.05311418,4.78532477484922e-05,1.18226321962346,4.78532477484922e-05,0,2427.50944565989,"count",119,0.95,502.039751621126,"working","Sum of original square-fita working sample sizes; MFCL information-weight convention","Square-fita working-normal reference range; independent records and fixed within-tail shape","axis/series/bin_unit",,
"length","F14_R2","cm",47,1708581.65028824,8.57763013733138e-05,3.58017222656343,8.57763013733138e-05,0,2561.92242093322,"count",119,0.95,502.039751621126,"working","Sum of original square-fita working sample sizes; MFCL information-weight convention","Square-fita working-normal reference range; independent records and fixed within-tail shape","axis/series/bin_unit",,
"length","F14_R2","cm",49,1590335.1869842,7.19932707830378e-05,0.736927547857042,7.19932707830378e-05,0,2471.68110560192,"count",119,0.95,502.039751621126,"working","Sum of original square-fita working sample sizes; MFCL information-weight convention","Square-fita working-normal reference range; independent records and fixed within-tail shape","axis/series/bin_unit",,
"length","F14_R2","cm",51,1504345.22535434,4.80610761554997e-05,1.90397817234913,4.80610761554997e-05,0,2403.93021245989,"count",119,0.95,502.039751621126,"working","Sum of original square-fita working sample sizes; MFCL information-weight convention","Square-fita working-normal reference range; independent records and fixed within-tail shape","axis/series/bin_unit",,
"length","F14_R2","cm",53,2748714.99714593,4.22478709827487e-05,3.18792782389132,4.22478709827487e-05,0,3249.47314897771,"count",119,0.95,502.039751621126,"working","Sum of original square-fita working sample sizes; MFCL information-weight convention","Square-fita working-normal reference range; independent records and fixed within-tail shape","axis/series/bin_unit",,
"length","F14_R2","cm",55,2733956.0676478,4.3876820568529e-05,1.40118151804672,4.3876820568529e-05,0,3240.73756047021,"count",119,0.95,502.039751621126,"working","Sum of original square-fita working sample sizes; MFCL information-weight convention","Square-fita working-normal reference range; independent records and fixed within-tail shape","axis/series/bin_unit",,
"length","F14_R2","cm",57,2737882.96692012,5.38963664452635e-05,0.677371563528922,5.38963664452635e-05,0,3243.06414103734,"count",119,0.95,502.039751621126,"working","Sum of original square-fita working sample sizes; MFCL information-weight convention","Square-fita working-normal reference range; independent records and fixed within-tail shape","axis/series/bin_unit",,
"length","F14_R2","cm",59,2761185.69957551,5.98038197781507e-05,5.03574995177518,5.98038197781507e-05,0,3256.83612586683,"count",119,0.95,502.039751621126,"working","Sum of original square-fita working sample sizes; MFCL information-weight convention","Square-fita working-normal reference range; independent records and fixed within-tail shape","axis/series/bin_unit",,
"length","F14_R2","cm",61,2861137.63170543,5.34797799517298e-05,14.7749361502499,5.34797799517298e-05,0,3315.25907692497,"count",119,0.95,502.039751621126,"working","Sum of original square-fita working sample sizes; MFCL information-weight convention","Square-fita working-normal reference range; independent records and fixed within-tail shape","axis/series/bin_unit",,
"length","F14_R2","cm",63,2958739.06550583,4.11955660960479e-05,25.2983067930058,4.11955660960479e-05,0,3371.33127400548,"count",119,0.95,502.039751621126,"working","Sum of original square-fita working sample sizes; MFCL information-weight convention","Square-fita working-normal reference range; independent records and fixed within-tail shape","axis/series/bin_unit",,
"length","F14_R2","cm",65,3493007.73831147,3.40118999033727e-05,20.6639827654632,3.40118999033727e-05,0,3663.0923597784,"count",119,0.95,502.039751621126,"working","Sum of original square-fita working sample sizes; MFCL information-weight convention","Square-fita working-normal reference range; independent records and fixed within-tail shape","axis/series/bin_unit",,
"length","F14_R2","cm",67,3494583.22723007,3.35156549072368e-05,33.8500700499001,3.35156549072368e-05,0,3663.91836815314,"count",119,0.95,502.039751621126,"working","Sum of original square-fita working sample sizes; MFCL information-weight convention","Square-fita working-normal reference range; independent records and fixed within-tail shape","axis/series/bin_unit",,
"length","F14_R2","cm",69,4137839.99809609,2.33763462905915,53.9838173348859,2.33763462905915,0,3989.23391611259,"count",119,0.95,502.039751621126,"working","Sum of original square-fita working sample sizes; MFCL information-weight convention","Square-fita working-normal reference range; independent records and fixed within-tail shape","axis/series/bin_unit",,
"length","F14_R2","cm",71,4169662.30050781,7.39337763314913,113.002245777384,7.39337763314913,0,4009.59102687556,"count",119,0.95,502.039751621126,"working","Sum of original square-fita working sample sizes; MFCL information-weight convention","Square-fita working-normal reference range; independent records and fixed within-tail shape","axis/series/bin_unit",,
"length","F14_R2","cm",73,4496501.16152197,19.3699881939818,197.738698437956,19.3699881939818,0,4175.46479572544,"count",119,0.95,502.039751621126,"working","Sum of original square-fita working sample sizes; MFCL information-weight convention","Square-fita working-normal reference range; independent records and fixed within-tail shape","axis/series/bin_unit",,
"length","F14_R2","cm",75,4532003.83283017,42.1778726213178,219.240299089365,42.1778726213178,0,4214.64789636565,"count",119,0.95,502.039751621126,"working","Sum of original square-fita working sample sizes; MFCL information-weight convention","Square-fita working-normal reference range; independent records and fixed within-tail shape","axis/series/bin_unit",,
"length","F14_R2","cm",77,4607700.9174918,91.5054471147194,243.162494469149,91.5054471147194,0,4298.67710187511,"count",119,0.95,502.039751621126,"working","Sum of original square-fita working sample sizes; MFCL information-weight convention","Square-fita working-normal reference range; independent records and fixed within-tail shape","axis/series/bin_unit",,
"length","F14_R2","cm",79,4920269.12111137,318.56625672661,378.195063643848,318.56625672661,0,4666.09557985741,"count",119,0.95,502.039751621126,"working","Sum of original square-fita working sample sizes; MFCL information-weight convention","Square-fita working-normal reference range; independent records and fixed within-tail shape","axis/series/bin_unit",,
"length","F14_R2","cm",81,5411395.15330776,880.402706052443,659.70168875303,880.402706052443,0,5439.75042737569,"count",119,0.95,502.039751621126,"working","Sum of original square-fita working sample sizes; MFCL information-weight convention","Square-fita working-normal reference range; independent records and fixed within-tail shape","axis/series/bin_unit",,
"length","F14_R2","cm",83,6295307.02625881,1968.46511130233,1351.43951573048,1968.46511130233,0,6886.103030568,"count",119,0.95,502.039751621126,"working","Sum of original square-fita working sample sizes; MFCL information-weight convention","Square-fita working-normal reference range; independent records and fixed within-tail shape","axis/series/bin_unit",,
"length","F14_R2","cm",85,7563467.91681458,3918.99935373256,2785.25092923946,3918.99935373256,0,9309.24522419935,"count",119,0.95,502.039751621126,"working","Sum of original square-fita working sample sizes; MFCL information-weight convention","Square-fita working-normal reference range; independent records and fixed within-tail shape","axis/series/bin_unit",,
"length","F14_R2","cm",87,9685051.40120474,7033.67943507642,5229.34757540254,7033.67943507642,934.111734490261,13133.2471356626,"count",119,0.95,502.039751621126,"working","Sum of original square-fita working sample sizes; MFCL information-weight convention","Square-fita working-normal reference range; independent records and fixed within-tail shape","axis/series/bin_unit",,
"length","F14_R2","cm",89,11282422.9701191,11258.923442586,8655.96880685475,11258.923442586,4675.53804923659,17842.3088359354,"count",119,0.95,502.039751621126,"working","Sum of original square-fita working sample sizes; MFCL information-weight convention","Square-fita working-normal reference range; independent records and fixed within-tail shape","axis/series/bin_unit",,
"length","F14_R2","cm",91,16897268.8724463,16008.1565553546,14524.4154724072,16008.1565553546,7951.47221527409,24064.8408954352,"count",119,0.95,502.039751621126,"working","Sum of original square-fita working sample sizes; MFCL information-weight convention","Square-fita working-normal reference range; independent records and fixed within-tail shape","axis/series/bin_unit",,
"length","F14_R2","cm",93,21005122.1098444,20209.2849815705,19570.9177211916,20209.2849815705,11226.5063686568,29192.0635944841,"count",119,0.95,502.039751621126,"working","Sum of original square-fita working sample sizes; MFCL information-weight convention","Square-fita working-normal reference range; independent records and fixed within-tail shape","axis/series/bin_unit",,
"length","F14_R2","cm",95,27405976.2367614,22685.6858693347,24979.6550341116,22685.6858693347,12425.1337811457,32946.2379575238,"count",119,0.95,502.039751621126,"working","Sum of original square-fita working sample sizes; MFCL information-weight convention","Square-fita working-normal reference range; independent records and fixed within-tail shape","axis/series/bin_unit",,
"length","F14_R2","cm",97,29480869.6989356,22694.9104337723,24654.4919547402,22694.9104337723,12053.0333931976,33336.7874743469,"count",119,0.95,502.039751621126,"working","Sum of original square-fita working sample sizes; MFCL information-weight convention","Square-fita working-normal reference range; independent records and fixed within-tail shape","axis/series/bin_unit",,
"length","F14_R2","cm",99,25885563.8863844,20288.6209610997,20409.7004250803,20288.6209610997,10316.7441207054,30260.497801494,"count",119,0.95,502.039751621126,"working","Sum of original square-fita working sample sizes; MFCL information-weight convention","Square-fita working-normal reference range; independent records and fixed within-tail shape","axis/series/bin_unit",,
"length","F14_R2","cm",101,20732156.172981,16255.1737220741,14995.2363243459,16255.1737220741,7330.95251220342,25179.3949319448,"count",119,0.95,502.039751621126,"working","Sum of original square-fita working sample sizes; MFCL information-weight convention","Square-fita working-normal reference range; independent records and fixed within-tail shape","axis/series/bin_unit",,
"length","F14_R2","cm",103,19981473.934361,11707.7968184311,12745.1579994624,11707.7968184311,2946.63198174293,20468.9616551192,"count",119,0.95,502.039751621126,"working","Sum of original square-fita working sample sizes; MFCL information-weight convention","Square-fita working-normal reference range; independent records and fixed within-tail shape","axis/series/bin_unit",,
"length","F14_R2","cm",105,14958641.2349144,7605.03652009206,8169.43319269094,7605.03652009206,24.6008916165674,15185.4721485675,"count",119,0.95,502.039751621126,"working","Sum of original square-fita working sample sizes; MFCL information-weight convention","Square-fita working-normal reference range; independent records and fixed within-tail shape","axis/series/bin_unit",,
"length","F14_R2","cm",107,10998503.8551593,4466.98610969171,4658.96873691022,4466.98610969171,0,10967.0091595616,"count",119,0.95,502.039751621126,"working","Sum of original square-fita working sample sizes; MFCL information-weight convention","Square-fita working-normal reference range; independent records and fixed within-tail shape","axis/series/bin_unit",,
"length","F14_R2","cm",109,9036834.28334837,2367.8209976819,2897.1292411268,2367.8209976819,0,8259.73297673587,"count",119,0.95,502.039751621126,"working","Sum of original square-fita working sample sizes; MFCL information-weight convention","Square-fita working-normal reference range; independent records and fixed within-tail shape","axis/series/bin_unit",,
"length","F14_R2","cm",111,7642241.55557336,1143.01273361702,1722.5061670303,1143.01273361702,0,6561.2556437801,"count",119,0.95,502.039751621126,"working","Sum of original square-fita working sample sizes; MFCL information-weight convention","Square-fita working-normal reference range; independent records and fixed within-tail shape","axis/series/bin_unit",,
"length","F14_R2","cm",113,6500547.35889347,436.757278866052,1051.69543290678,436.757278866052,0,5433.91497011027,"count",119,0.95,502.039751621126,"working","Sum of original square-fita working sample sizes; MFCL information-weight convention","Square-fita working-normal reference range; independent records and fixed within-tail shape","axis/series/bin_unit",,
"length","F14_R2","cm",115,5899778.94523034,150.104793268851,531.815027581367,150.104793268851,0,4910.75158433628,"count",119,0.95,502.039751621126,"working","Sum of original square-fita working sample sizes; MFCL information-weight convention","Square-fita working-normal reference range; independent records and fixed within-tail shape","axis/series/bin_unit",,
"length","F14_R2","cm",117,5454879.31143403,41.6903736690378,285.1574471654,41.6903736690378,0,4619.32013662826,"count",119,0.95,502.039751621126,"working","Sum of original square-fita working sample sizes; MFCL information-weight convention","Square-fita working-normal reference range; independent records and fixed within-tail shape","axis/series/bin_unit",,
"length","F14_R2","cm",119,5194256.53458875,3.18710315197697,152.573957498585,3.18710315197697,0,4470.12370240476,"count",119,0.95,502.039751621126,"working","Sum of original square-fita working sample sizes; MFCL information-weight convention","Square-fita working-normal reference range; independent records and fixed within-tail shape","axis/series/bin_unit",,
"length","F14_R2","cm",121,,0,98.2438979327622,0,,,"count",119,0.95,502.039751621126,"working","Sum of original square-fita working sample sizes; MFCL information-weight convention","Square-fita working-normal reference range; independent records and fixed within-tail shape","axis/series/bin_unit",,
"length","F14_R2","cm",123,,0,35.2364805723164,0,,,"count",119,0.95,502.039751621126,"working","Sum of original square-fita working sample sizes; MFCL information-weight convention","Square-fita working-normal reference range; independent records and fixed within-tail shape","axis/series/bin_unit",,
"length","F14_R2","cm",125,,0,43.7712205855765,0,,,"count",119,0.95,502.039751621126,"working","Sum of original square-fita working sample sizes; MFCL information-weight convention","Square-fita working-normal reference range; independent records and fixed within-tail shape","axis/series/bin_unit",,
"length","F14_R2","cm",127,,0,12.4272022191716,0,,,"count",119,0.95,502.039751621126,"working","Sum of original square-fita working sample sizes; MFCL information-weight convention","Square-fita working-normal reference range; independent records and fixed within-tail shape","axis/series/bin_unit",,
"length","F14_R2","cm",129,,0,49.1305641727737,0,,,"count",119,0.95,502.039751621126,"working","Sum of original square-fita working sample sizes; MFCL information-weight convention","Square-fita working-normal reference range; independent records and fixed within-tail shape","axis/series/bin_unit",,
"length","F15_R2","cm",31,,0,0.514274072196711,0,,,"count",65,0.95,113.393344092071,"working","Sum of original square-fita working sample sizes; MFCL information-weight convention","Square-fita working-normal reference range; independent records and fixed within-tail shape","axis/series/bin_unit",,
"length","F15_R2","cm",33,,0,0,0,,,"count",65,0.95,113.393344092071,"working","Sum of original square-fita working sample sizes; MFCL information-weight convention","Square-fita working-normal reference range; independent records and fixed within-tail shape","axis/series/bin_unit",,
"length","F15_R2","cm",35,,0,0.500531496466208,0,,,"count",65,0.95,113.393344092071,"working","Sum of original square-fita working sample sizes; MFCL information-weight convention","Square-fita working-normal reference range; independent records and fixed within-tail shape","axis/series/bin_unit",,
"length","F15_R2","cm",37,,0,0.994191705067165,0,,,"count",65,0.95,113.393344092071,"working","Sum of original square-fita working sample sizes; MFCL information-weight convention","Square-fita working-normal reference range; independent records and fixed within-tail shape","axis/series/bin_unit",,
"length","F15_R2","cm",39,,0,1.98838341013433,0,,,"count",65,0.95,113.393344092071,"working","Sum of original square-fita working sample sizes; MFCL information-weight convention","Square-fita working-normal reference range; independent records and fixed within-tail shape","axis/series/bin_unit",,
"length","F15_R2","cm",41,,5.73715134810064e-08,0.240383278805141,5.73715134810064e-08,,,"count",65,0.95,113.393344092071,"working","Sum of original square-fita working sample sizes; MFCL information-weight convention","Square-fita working-normal reference range; independent records and fixed within-tail shape","axis/series/bin_unit",,
"length","F15_R2","cm",43,,6.09352593039258e-07,0.888187370629979,6.09352593039258e-07,,,"count",65,0.95,113.393344092071,"working","Sum of original square-fita working sample sizes; MFCL information-weight convention","Square-fita working-normal reference range; independent records and fixed within-tail shape","axis/series/bin_unit",,
"length","F15_R2","cm",45,,2.61621972226433e-06,3.50243583749716,2.61621972226433e-06,,,"count",65,0.95,113.393344092071,"working","Sum of original square-fita working sample sizes; MFCL information-weight convention","Square-fita working-normal reference range; independent records and fixed within-tail shape","axis/series/bin_unit",,
"length","F15_R2","cm",47,,4.5464514485271e-06,1.23801062780493,4.5464514485271e-06,,,"count",65,0.95,113.393344092071,"working","Sum of original square-fita working sample sizes; MFCL information-weight convention","Square-fita working-normal reference range; independent records and fixed within-tail shape","axis/series/bin_unit",,
"length","F15_R2","cm",49,,3.25395035896355e-06,7.69826917235972,3.25395035896355e-06,,,"count",65,0.95,113.393344092071,"working","Sum of original square-fita working sample sizes; MFCL information-weight convention","Square-fita working-normal reference range; independent records and fixed within-tail shape","axis/series/bin_unit",,
"length","F15_R2","cm",51,,0.873078871001625,24.1653919834123,0.873078871001625,,,"count",65,0.95,113.393344092071,"working","Sum of original square-fita working sample sizes; MFCL information-weight convention","Square-fita working-normal reference range; independent records and fixed within-tail shape","axis/series/bin_unit",,
"length","F15_R2","cm",53,44925.6313477344,3.75706585546736,14.4693559177335,3.75706585546736,0,419.184511766311,"count",65,0.95,113.393344092071,"working","Sum of original square-fita working sample sizes; MFCL information-weight convention","Square-fita working-normal reference range; independent records and fixed within-tail shape","axis/series/bin_unit",,
"length","F15_R2","cm",55,250119.930010684,10.2346106950276,14.5342977931512,10.2346106950276,0,990.451633282852,"count",65,0.95,113.393344092071,"working","Sum of original square-fita working sample sizes; MFCL information-weight convention","Square-fita working-normal reference range; independent records and fixed within-tail shape","axis/series/bin_unit",,
"length","F15_R2","cm",57,447092.758865863,18.5333423425611,40.911174542901,18.5333423425611,0,1329.06316734226,"count",65,0.95,113.393344092071,"working","Sum of original square-fita working sample sizes; MFCL information-weight convention","Square-fita working-normal reference range; independent records and fixed within-tail shape","axis/series/bin_unit",,
"length","F15_R2","cm",59,555581.780243203,31.181189055253,109.568047252906,31.181189055253,0,1492.0865694041,"count",65,0.95,113.393344092071,"working","Sum of original square-fita working sample sizes; MFCL information-weight convention","Square-fita working-normal reference range; independent records and fixed within-tail shape","axis/series/bin_unit",,
"length","F15_R2","cm",61,848301.994056439,56.4345499293792,221.315110805518,56.4345499293792,0,1861.62627871625,"count",65,0.95,113.393344092071,"working","Sum of original square-fita working sample sizes; MFCL information-weight convention","Square-fita working-normal reference range; independent records and fixed within-tail shape","axis/series/bin_unit",,
"length","F15_R2","cm",63,1051788.55242615,130.05209684122,259.444515012818,130.05209684122,0,2140.12732235457,"count",65,0.95,113.393344092071,"working","Sum of original square-fita working sample sizes; MFCL information-weight convention","Square-fita working-normal reference range; independent records and fixed within-tail shape","axis/series/bin_unit",,
"length","F15_R2","cm",65,1396402.99569029,260.394127391984,546.839174356607,260.394127391984,0,2576.47370396922,"count",65,0.95,113.393344092071,"working","Sum of original square-fita working sample sizes; MFCL information-weight convention","Square-fita working-normal reference range; independent records and fixed within-tail shape","axis/series/bin_unit",,
"length","F15_R2","cm",67,1619365.1009943,464.786629951112,778.37439535701,464.786629951112,0,2958.92462756447,"count",65,0.95,113.393344092071,"working","Sum of original square-fita working sample sizes; MFCL information-weight convention","Square-fita working-normal reference range; independent records and fixed within-tail shape","axis/series/bin_unit",,
"length","F15_R2","cm",69,1408340.75413122,762.5612788102,774.442982512876,762.5612788102,0,3088.51979359511,"count",65,0.95,113.393344092071,"working","Sum of original square-fita working sample sizes; MFCL information-weight convention","Square-fita working-normal reference range; independent records and fixed within-tail shape","axis/series/bin_unit",,
"length","F15_R2","cm",71,1972350.93342901,1171.69423684221,1406.8112220962,1171.69423684221,0,3924.27573258855,"count",65,0.95,113.393344092071,"working","Sum of original square-fita working sample sizes; MFCL information-weight convention","Square-fita working-normal reference range; independent records and fixed within-tail shape","axis/series/bin_unit",,
"length","F15_R2","cm",73,2857895.61235028,1747.87964705642,2448.44670897963,1747.87964705642,0,5061.25984085942,"count",65,0.95,113.393344092071,"working","Sum of original square-fita working sample sizes; MFCL information-weight convention","Square-fita working-normal reference range; independent records and fixed within-tail shape","axis/series/bin_unit",,
"length","F15_R2","cm",75,2846281.79145873,2486.95365316222,2913.68061898693,2486.95365316222,0,5793.59459133198,"count",65,0.95,113.393344092071,"working","Sum of original square-fita working sample sizes; MFCL information-weight convention","Square-fita working-normal reference range; independent records and fixed within-tail shape","axis/series/bin_unit",,
"length","F15_R2","cm",77,4094744.22490383,3318.4215990278,4235.3562502749,3318.4215990278,0,7284.50169419016,"count",65,0.95,113.393344092071,"working","Sum of original square-fita working sample sizes; MFCL information-weight convention","Square-fita working-normal reference range; independent records and fixed within-tail shape","axis/series/bin_unit",,
"length","F15_R2","cm",79,2969285.52660599,4080.1273040968,3442.24702850992,4080.1273040968,702.792840745565,7457.46176744804,"count",65,0.95,113.393344092071,"working","Sum of original square-fita working sample sizes; MFCL information-weight convention","Square-fita working-normal reference range; independent records and fixed within-tail shape","axis/series/bin_unit",,
"length","F15_R2","cm",81,3405833.8344821,4576.35771662469,4358.2662796243,4576.35771662469,959.2635202718,8193.45191297758,"count",65,0.95,113.393344092071,"working","Sum of original square-fita working sample sizes; MFCL information-weight convention","Square-fita working-normal reference range; independent records and fixed within-tail shape","axis/series/bin_unit",,
"length","F15_R2","cm",83,3585334.10177695,4652.76312836229,4741.81081602735,4652.76312836229,941.575540755525,8363.95071596905,"count",65,0.95,113.393344092071,"working","Sum of original square-fita working sample sizes; MFCL information-weight convention","Square-fita working-normal reference range; independent records and fixed within-tail shape","axis/series/bin_unit",,
"length","F15_R2","cm",85,3269465.15840413,4307.11063416621,4336.64751636718,4307.11063416621,763.169921949983,7851.05134638243,"count",65,0.95,113.393344092071,"working","Sum of original square-fita working sample sizes; MFCL information-weight convention","Square-fita working-normal reference range; independent records and fixed within-tail shape","axis/series/bin_unit",,
"length","F15_R2","cm",87,3006580.6560949,3716.68412191145,3420.48917088065,3716.68412191145,318.205670974316,7115.16257284859,"count",65,0.95,113.393344092071,"working","Sum of original square-fita working sample sizes; MFCL information-weight convention","Square-fita working-normal reference range; independent records and fixed within-tail shape","axis/series/bin_unit",,
"length","F15_R2","cm",89,2593655.38359078,3107.40368725491,2595.9315995169,3107.40368725491,0,6263.89229821735,"count",65,0.95,113.393344092071,"working","Sum of original square-fita working sample sizes; MFCL information-weight convention","Square-fita working-normal reference range; independent records and fixed within-tail shape","axis/series/bin_unit",,
"length","F15_R2","cm",91,2174668.57043699,2609.18862714766,1793.38366515014,2609.18862714766,0,5499.49998788225,"count",65,0.95,113.393344092071,"working","Sum of original square-fita working sample sizes; MFCL information-weight convention","Square-fita working-normal reference range; independent records and fixed within-tail shape","axis/series/bin_unit",,
"length","F15_R2","cm",93,2003934.64429995,2192.71081992625,1468.88834319295,2192.71081992625,0,4967.24364824899,"count",65,0.95,113.393344092071,"working","Sum of original square-fita working sample sizes; MFCL information-weight convention","Square-fita working-normal reference range; independent records and fixed within-tail shape","axis/series/bin_unit",,
"length","F15_R2","cm",95,1854800.59444923,1798.74981761949,1327.57776259738,1798.74981761949,0,4468.04562441492,"count",65,0.95,113.393344092071,"working","Sum of original square-fita working sample sizes; MFCL information-weight convention","Square-fita working-normal reference range; independent records and fixed within-tail shape","axis/series/bin_unit",,
"length","F15_R2","cm",97,1633307.24133388,1384.35686450542,1159.94723715859,1384.35686450542,0,3889.20865834984,"count",65,0.95,113.393344092071,"working","Sum of original square-fita working sample sizes; MFCL information-weight convention","Square-fita working-normal reference range; independent records and fixed within-tail shape","axis/series/bin_unit",,
"length","F15_R2","cm",99,1563971.22092066,973.266622540691,1101.68336649249,973.266622540691,0,3424.37474784186,"count",65,0.95,113.393344092071,"working","Sum of original square-fita working sample sizes; MFCL information-weight convention","Square-fita working-normal reference range; independent records and fixed within-tail shape","axis/series/bin_unit",,
"length","F15_R2","cm",101,1151667.4606454,638.967398648924,577.657908775622,638.967398648924,0,2742.31785095179,"count",65,0.95,113.393344092071,"working","Sum of original square-fita working sample sizes; MFCL information-weight convention","Square-fita working-normal reference range; independent records and fixed within-tail shape","axis/series/bin_unit",,
"length","F15_R2","cm",103,1062903.73568121,385.110788345317,372.864105100901,385.110788345317,0,2405.77922502198,"count",65,0.95,113.393344092071,"working","Sum of original square-fita working sample sizes; MFCL information-weight convention","Square-fita working-normal reference range; independent records and fixed within-tail shape","axis/series/bin_unit",,
"length","F15_R2","cm",105,981001.633781162,214.906969038084,283.146852937327,214.906969038084,0,2156.16361853191,"count",65,0.95,113.393344092071,"working","Sum of original square-fita working sample sizes; MFCL information-weight convention","Square-fita working-normal reference range; independent records and fixed within-tail shape","axis/series/bin_unit",,
"length","F15_R2","cm",107,743924.54733885,111.949278382654,182.422854620374,111.949278382654,0,1802.43900455839,"count",65,0.95,113.393344092071,"working","Sum of original square-fita working sample sizes; MFCL information-weight convention","Square-fita working-normal reference range; independent records and fixed within-tail shape","axis/series/bin_unit",,
"length","F15_R2","cm",109,621085.912931785,50.9074163960774,141.562207117413,50.9074163960774,0,1595.53551358992,"count",65,0.95,113.393344092071,"working","Sum of original square-fita working sample sizes; MFCL information-weight convention","Square-fita working-normal reference range; independent records and fixed within-tail shape","axis/series/bin_unit",,
"length","F15_R2","cm",111,563592.529725769,24.3664556808827,75.6923660125389,24.3664556808827,0,1495.76629752958,"count",65,0.95,113.393344092071,"working","Sum of original square-fita working sample sizes; MFCL information-weight convention","Square-fita working-normal reference range; independent records and fixed within-tail shape","axis/series/bin_unit",,
"length","F15_R2","cm",113,478444.38331949,9.5954022904361,41.6057055855134,9.5954022904361,0,1365.29610543778,"count",65,0.95,113.393344092071,"working","Sum of original square-fita working sample sizes; MFCL information-weight convention","Square-fita working-normal reference range; independent records and fixed within-tail shape","axis/series/bin_unit",,
"length","F15_R2","cm",115,391196.4407587,3.45377359525342,26.0095016637982,3.45377359525342,0,1229.32693912938,"count",65,0.95,113.393344092071,"working","Sum of original square-fita working sample sizes; MFCL information-weight convention","Square-fita working-normal reference range; independent records and fixed within-tail shape","axis/series/bin_unit",,
"length","F15_R2","cm",117,340102.575172301,1.13403837504333,12.8069739353942,1.13403837504333,0,1144.15198982481,"count",65,0.95,113.393344092071,"working","Sum of original square-fita working sample sizes; MFCL information-weight convention","Square-fita working-normal reference range; independent records and fixed within-tail shape","axis/series/bin_unit",,
"length","F15_R2","cm",119,328005.412650328,0.164476946442995,18.2902156647356,0.164476946442995,0,1122.67028346195,"count",65,0.95,113.393344092071,"working","Sum of original square-fita working sample sizes; MFCL information-weight convention","Square-fita working-normal reference range; independent records and fixed within-tail shape","axis/series/bin_unit",,
"length","F15_R2","cm",121,,0,14.62952529515,0,,,"count",65,0.95,113.393344092071,"working","Sum of original square-fita working sample sizes; MFCL information-weight convention","Square-fita working-normal reference range; independent records and fixed within-tail shape","axis/series/bin_unit",,
"length","F15_R2","cm",123,,0,2.30666548058112,0,,,"count",65,0.95,113.393344092071,"working","Sum of original square-fita working sample sizes; MFCL information-weight convention","Square-fita working-normal reference range; independent records and fixed within-tail shape","axis/series/bin_unit",,
"length","F15_R2","cm",125,,0,0,0,,,"count",65,0.95,113.393344092071,"working","Sum of original square-fita working sample sizes; MFCL information-weight convention","Square-fita working-normal reference range; independent records and fixed within-tail shape","axis/series/bin_unit",,
"length","F15_R2","cm",127,,0,0,0,,,"count",65,0.95,113.393344092071,"working","Sum of original square-fita working sample sizes; MFCL information-weight convention","Square-fita working-normal reference range; independent records and fixed within-tail shape","axis/series/bin_unit",,
"length","F15_R2","cm",129,,0,1.24087825563894,0,,,"count",65,0.95,113.393344092071,"working","Sum of original square-fita working sample sizes; MFCL information-weight convention","Square-fita working-normal reference range; independent records and fixed within-tail shape","axis/series/bin_unit",,
"length","F16_R2","cm",31,,0,3.99839083841824,0,,,"count",17,0.95,19.8963002974183,"working","Sum of original square-fita working sample sizes; MFCL information-weight convention","Square-fita working-normal reference range; independent records and fixed within-tail shape","axis/series/bin_unit",,
"length","F16_R2","cm",33,,0,0.0764093823030437,0,,,"count",17,0.95,19.8963002974183,"working","Sum of original square-fita working sample sizes; MFCL information-weight convention","Square-fita working-normal reference range; independent records and fixed within-tail shape","axis/series/bin_unit",,
"length","F16_R2","cm",35,,0,0.324722304593539,0,,,"count",17,0.95,19.8963002974183,"working","Sum of original square-fita working sample sizes; MFCL information-weight convention","Square-fita working-normal reference range; independent records and fixed within-tail shape","axis/series/bin_unit",,
"length","F16_R2","cm",37,,0,0,0,,,"count",17,0.95,19.8963002974183,"working","Sum of original square-fita working sample sizes; MFCL information-weight convention","Square-fita working-normal reference range; independent records and fixed within-tail shape","axis/series/bin_unit",,
"length","F16_R2","cm",39,,0,0,0,,,"count",17,0.95,19.8963002974183,"working","Sum of original square-fita working sample sizes; MFCL information-weight convention","Square-fita working-normal reference range; independent records and fixed within-tail shape","axis/series/bin_unit",,
"length","F16_R2","cm",41,,2.20118580995565e-08,0,2.20118580995565e-08,,,"count",17,0.95,19.8963002974183,"working","Sum of original square-fita working sample sizes; MFCL information-weight convention","Square-fita working-normal reference range; independent records and fixed within-tail shape","axis/series/bin_unit",,
"length","F16_R2","cm",43,,2.33791685049715e-07,0,2.33791685049715e-07,,,"count",17,0.95,19.8963002974183,"working","Sum of original square-fita working sample sizes; MFCL information-weight convention","Square-fita working-normal reference range; independent records and fixed within-tail shape","axis/series/bin_unit",,
"length","F16_R2","cm",45,,1.00352265184444e-06,0.708539115021808,1.00352265184444e-06,,,"count",17,0.95,19.8963002974183,"working","Sum of original square-fita working sample sizes; MFCL information-weight convention","Square-fita working-normal reference range; independent records and fixed within-tail shape","axis/series/bin_unit",,
"length","F16_R2","cm",47,,1.74080874993631e-06,0.634077744960616,1.74080874993631e-06,,,"count",17,0.95,19.8963002974183,"working","Sum of original square-fita working sample sizes; MFCL information-weight convention","Square-fita working-normal reference range; independent records and fixed within-tail shape","axis/series/bin_unit",,
"length","F16_R2","cm",49,,1.23101993960153e-06,2.08448797717604,1.23101993960153e-06,,,"count",17,0.95,19.8963002974183,"working","Sum of original square-fita working sample sizes; MFCL information-weight convention","Square-fita working-normal reference range; independent records and fixed within-tail shape","axis/series/bin_unit",,
"length","F16_R2","cm",51,,0.658387572038815,2.76184075885297,0.658387572038815,,,"count",17,0.95,19.8963002974183,"working","Sum of original square-fita working sample sizes; MFCL information-weight convention","Square-fita working-normal reference range; independent records and fixed within-tail shape","axis/series/bin_unit",,
"length","F16_R2","cm",53,427861.836517848,2.8260464908364,10.6218701399327,2.8260464908364,0,1284.86100152517,"count",17,0.95,19.8963002974183,"working","Sum of original square-fita working sample sizes; MFCL information-weight convention","Square-fita working-normal reference range; independent records and fixed within-tail shape","axis/series/bin_unit",,
"length","F16_R2","cm",55,416332.778445491,7.69767420428938,7.10736221588316,7.69767420428938,0,1272.34198155064,"count",17,0.95,19.8963002974183,"working","Sum of original square-fita working sample sizes; MFCL information-weight convention","Square-fita working-normal reference range; independent records and fixed within-tail shape","axis/series/bin_unit",,
"length","F16_R2","cm",57,2784366.04980067,14.6605840558853,16.3530266391614,14.6605840558853,0,3285.1387634737,"count",17,0.95,19.8963002974183,"working","Sum of original square-fita working sample sizes; MFCL information-weight convention","Square-fita working-normal reference range; independent records and fixed within-tail shape","axis/series/bin_unit",,
"length","F16_R2","cm",59,2950689.85069058,23.7085368062809,51.0679974334959,23.7085368062809,0,3390.45081296404,"count",17,0.95,19.8963002974183,"working","Sum of original square-fita working sample sizes; MFCL information-weight convention","Square-fita working-normal reference range; independent records and fixed within-tail shape","axis/series/bin_unit",,
"length","F16_R2","cm",61,3461509.67784682,42.0903032108731,147.005178292606,42.0903032108731,0,3688.62933150644,"count",17,0.95,19.8963002974183,"working","Sum of original square-fita working sample sizes; MFCL information-weight convention","Square-fita working-normal reference range; independent records and fixed within-tail shape","axis/series/bin_unit",,
"length","F16_R2","cm",63,4020103.88090252,97.4486231360615,261.971881275412,97.4486231360615,0,4027.21496649538,"count",17,0.95,19.8963002974183,"working","Sum of original square-fita working sample sizes; MFCL information-weight convention","Square-fita working-normal reference range; independent records and fixed within-tail shape","axis/series/bin_unit",,
"length","F16_R2","cm",65,4587895.09629983,192.985869657369,424.745827485454,192.985869657369,0,4391.10569716352,"count",17,0.95,19.8963002974183,"working","Sum of original square-fita working sample sizes; MFCL information-weight convention","Square-fita working-normal reference range; independent records and fixed within-tail shape","axis/series/bin_unit",,
"length","F16_R2","cm",67,5374945.99658129,337.729135078987,590.966179320555,337.729135078987,0,4881.6958723386,"count",17,0.95,19.8963002974183,"working","Sum of original square-fita working sample sizes; MFCL information-weight convention","Square-fita working-normal reference range; independent records and fixed within-tail shape","axis/series/bin_unit",,
"length","F16_R2","cm",69,4870366.79811049,550.539871999132,549.275444073055,550.539871999132,0,4875.96626677426,"count",17,0.95,19.8963002974183,"working","Sum of original square-fita working sample sizes; MFCL information-weight convention","Square-fita working-normal reference range; independent records and fixed within-tail shape","axis/series/bin_unit",,
"length","F16_R2","cm",71,5745113.855593,831.024753901178,766.57717125242,831.024753901178,0,5528.85598718955,"count",17,0.95,19.8963002974183,"working","Sum of original square-fita working sample sizes; MFCL information-weight convention","Square-fita working-normal reference range; independent records and fixed within-tail shape","axis/series/bin_unit",,
"length","F16_R2","cm",73,8280114.06804918,1164.42919973586,1354.55406682644,1164.42919973586,0,6804.26228441674,"count",17,0.95,19.8963002974183,"working","Sum of original square-fita working sample sizes; MFCL information-weight convention","Square-fita working-normal reference range; independent records and fixed within-tail shape","axis/series/bin_unit",,
"length","F16_R2","cm",75,8007148.25795096,1496.5359569283,1430.88032908105,1496.5359569283,0,7042.62740082924,"count",17,0.95,19.8963002974183,"working","Sum of original square-fita working sample sizes; MFCL information-weight convention","Square-fita working-normal reference range; independent records and fixed within-tail shape","axis/series/bin_unit",,
"length","F16_R2","cm",77,9892863.15208447,1792.09556693308,2026.26824549482,1792.09556693308,0,7956.75503988815,"count",17,0.95,19.8963002974183,"working","Sum of original square-fita working sample sizes; MFCL information-weight convention","Square-fita working-normal reference range; independent records and fixed within-tail shape","axis/series/bin_unit",,
"length","F16_R2","cm",79,9169544.96949266,2040.92705509593,1915.71573359564,2040.92705509593,0,7975.94427535814,"count",17,0.95,19.8963002974183,"working","Sum of original square-fita working sample sizes; MFCL information-weight convention","Square-fita working-normal reference range; independent records and fixed within-tail shape","axis/series/bin_unit",,
"length","F16_R2","cm",81,10300753.7082691,2227.4137409705,2112.91330686296,2227.4137409705,0,8517.87645784817,"count",17,0.95,19.8963002974183,"working","Sum of original square-fita working sample sizes; MFCL information-weight convention","Square-fita working-normal reference range; independent records and fixed within-tail shape","axis/series/bin_unit",,
"length","F16_R2","cm",83,11253243.9912656,2301.2908394202,2606.71076932544,2301.2908394202,0,8876.15763591655,"count",17,0.95,19.8963002974183,"working","Sum of original square-fita working sample sizes; MFCL information-weight convention","Square-fita working-normal reference range; independent records and fixed within-tail shape","axis/series/bin_unit",,
"length","F16_R2","cm",85,10408774.1932861,2231.72058487495,2272.49073809554,2231.72058487495,0,8555.08024864643,"count",17,0.95,19.8963002974183,"working","Sum of original square-fita working sample sizes; MFCL information-weight convention","Square-fita working-normal reference range; independent records and fixed within-tail shape","axis/series/bin_unit",,
"length","F16_R2","cm",87,9107816.45881151,2061.92654376289,2510.42021275821,2061.92654376289,0,7976.93304189665,"count",17,0.95,19.8963002974183,"working","Sum of original square-fita working sample sizes; MFCL information-weight convention","Square-fita working-normal reference range; independent records and fixed within-tail shape","axis/series/bin_unit",,
"length","F16_R2","cm",89,7314707.18711212,1871.32108334769,1627.47058901771,1871.32108334769,0,7172.18388526273,"count",17,0.95,19.8963002974183,"working","Sum of original square-fita working sample sizes; MFCL information-weight convention","Square-fita working-normal reference range; independent records and fixed within-tail shape","axis/series/bin_unit",,
"length","F16_R2","cm",91,6315033.93267833,1710.40832102462,1204.79316428414,1710.40832102462,0,6635.74514236688,"count",17,0.95,19.8963002974183,"working","Sum of original square-fita working sample sizes; MFCL information-weight convention","Square-fita working-normal reference range; independent records and fixed within-tail shape","axis/series/bin_unit",,
"length","F16_R2","cm",93,5630407.61022037,1549.24583828635,1143.64148559173,1549.24583828635,0,6199.94245044935,"count",17,0.95,19.8963002974183,"working","Sum of original square-fita working sample sizes; MFCL information-weight convention","Square-fita working-normal reference range; independent records and fixed within-tail shape","axis/series/bin_unit",,
"length","F16_R2","cm",95,5081255.67086523,1349.15527267142,1079.80712721829,1349.15527267142,0,5767.23567223946,"count",17,0.95,19.8963002974183,"working","Sum of original square-fita working sample sizes; MFCL information-weight convention","Square-fita working-normal reference range; independent records and fixed within-tail shape","axis/series/bin_unit",,
"length","F16_R2","cm",97,5064480.28839567,1096.09748918352,944.726137812405,1096.09748918352,0,5506.87887983178,"count",17,0.95,19.8963002974183,"working","Sum of original square-fita working sample sizes; MFCL information-weight convention","Square-fita working-normal reference range; independent records and fixed within-tail shape","axis/series/bin_unit",,
"length","F16_R2","cm",99,4662498.07614203,814.893288452688,601.040072828167,814.893288452688,0,5047.00793258335,"count",17,0.95,19.8963002974183,"working","Sum of original square-fita working sample sizes; MFCL information-weight convention","Square-fita working-normal reference range; independent records and fixed within-tail shape","axis/series/bin_unit",,
"length","F16_R2","cm",101,4180412.86925383,563.231253770035,492.169840248222,563.231253770035,0,4570.58498045032,"count",17,0.95,19.8963002974183,"working","Sum of original square-fita working sample sizes; MFCL information-weight convention","Square-fita working-normal reference range; independent records and fixed within-tail shape","axis/series/bin_unit",,
"length","F16_R2","cm",103,4145301.1710755,358.318627469295,419.032864298614,358.318627469295,0,4348.80778897088,"count",17,0.95,19.8963002974183,"working","Sum of original square-fita working sample sizes; MFCL information-weight convention","Square-fita working-normal reference range; independent records and fixed within-tail shape","axis/series/bin_unit",,
"length","F16_R2","cm",105,3634792.48343699,210.997489895782,261.079568149736,210.997489895782,0,3947.69464739888,"count",17,0.95,19.8963002974183,"working","Sum of original square-fita working sample sizes; MFCL information-weight convention","Square-fita working-normal reference range; independent records and fixed within-tail shape","axis/series/bin_unit",,
"length","F16_R2","cm",107,3289287.51219146,115.951983267429,161.622990751221,115.951983267429,0,3670.6196931254,"count",17,0.95,19.8963002974183,"working","Sum of original square-fita working sample sizes; MFCL information-weight convention","Square-fita working-normal reference range; independent records and fixed within-tail shape","axis/series/bin_unit",,
"length","F16_R2","cm",109,2961627.44811326,56.4497762372334,54.1636550716305,56.4497762372334,0,3429.42618946109,"count",17,0.95,19.8963002974183,"working","Sum of original square-fita working sample sizes; MFCL information-weight convention","Square-fita working-normal reference range; independent records and fixed within-tail shape","axis/series/bin_unit",,
"length","F16_R2","cm",111,2899788.26604031,27.6336234601006,41.580955493324,27.6336234601006,0,3365.21017130524,"count",17,0.95,19.8963002974183,"working","Sum of original square-fita working sample sizes; MFCL information-weight convention","Square-fita working-normal reference range; independent records and fixed within-tail shape","axis/series/bin_unit",,
"length","F16_R2","cm",113,2838073.65481457,11.2717171156529,14.4043536175372,11.2717171156529,0,3313.14135037906,"count",17,0.95,19.8963002974183,"working","Sum of original square-fita working sample sizes; MFCL information-weight convention","Square-fita working-normal reference range; independent records and fixed within-tail shape","axis/series/bin_unit",,
"length","F16_R2","cm",115,2865142.09542818,4.14256165624698,19.0083221666636,4.14256165624698,0,3321.72080112923,"count",17,0.95,19.8963002974183,"working","Sum of original square-fita working sample sizes; MFCL information-weight convention","Square-fita working-normal reference range; independent records and fixed within-tail shape","axis/series/bin_unit",,
"length","F16_R2","cm",117,2808235.92363916,1.37216848070895,21.4815794364955,1.37216848070895,0,3285.8390444674,"count",17,0.95,19.8963002974183,"working","Sum of original square-fita working sample sizes; MFCL information-weight convention","Square-fita working-normal reference range; independent records and fixed within-tail shape","axis/series/bin_unit",,
"length","F16_R2","cm",119,2746976.28043702,0.195291419696029,4.17771066097622,0.195291419696029,0,3248.64049839523,"count",17,0.95,19.8963002974183,"working","Sum of original square-fita working sample sizes; MFCL information-weight convention","Square-fita working-normal reference range; independent records and fixed within-tail shape","axis/series/bin_unit",,
"length","F16_R2","cm",121,303038.520063745,0,0.696553012866382,0,0,1078.93929204055,"count",17,0.95,19.8963002974183,"working","Sum of original square-fita working sample sizes; MFCL information-weight convention","Square-fita working-normal reference range; independent records and fixed within-tail shape","axis/series/bin_unit",,
"length","F16_R2","cm",123,302804.130181363,0,0.174138253216595,0,0,1078.52195009087,"count",17,0.95,19.8963002974183,"working","Sum of original square-fita working sample sizes; MFCL information-weight convention","Square-fita working-normal reference range; independent records and fixed within-tail shape","axis/series/bin_unit",,
"length","F16_R2","cm",125,302804.130181363,0,0.174138253216595,0,0,1078.52195009087,"count",17,0.95,19.8963002974183,"working","Sum of original square-fita working sample sizes; MFCL information-weight convention","Square-fita working-normal reference range; independent records and fixed within-tail shape","axis/series/bin_unit",,
"length","F16_R2","cm",127,,0,0.545073811813405,0,,,"count",17,0.95,19.8963002974183,"working","Sum of original square-fita working sample sizes; MFCL information-weight convention","Square-fita working-normal reference range; independent records and fixed within-tail shape","axis/series/bin_unit",,
"length","F16_R2","cm",129,,0,0.37093555859681,0,,,"count",17,0.95,19.8963002974183,"working","Sum of original square-fita working sample sizes; MFCL information-weight convention","Square-fita working-normal reference range; independent records and fixed within-tail shape","axis/series/bin_unit",,
"length","F17_R2","cm",31,,0,0,0,,,"count",1,0.95,76,"working","Sum of original square-fita working sample sizes; MFCL information-weight convention","Square-fita working-normal reference range; independent records and fixed within-tail shape","axis/series/bin_unit",,
"length","F17_R2","cm",33,,0,0,0,,,"count",1,0.95,76,"working","Sum of original square-fita working sample sizes; MFCL information-weight convention","Square-fita working-normal reference range; independent records and fixed within-tail shape","axis/series/bin_unit",,
"length","F17_R2","cm",35,,0,0,0,,,"count",1,0.95,76,"working","Sum of original square-fita working sample sizes; MFCL information-weight convention","Square-fita working-normal reference range; independent records and fixed within-tail shape","axis/series/bin_unit",,
"length","F17_R2","cm",37,,0,0,0,,,"count",1,0.95,76,"working","Sum of original square-fita working sample sizes; MFCL information-weight convention","Square-fita working-normal reference range; independent records and fixed within-tail shape","axis/series/bin_unit",,
"length","F17_R2","cm",39,,0,0,0,,,"count",1,0.95,76,"working","Sum of original square-fita working sample sizes; MFCL information-weight convention","Square-fita working-normal reference range; independent records and fixed within-tail shape","axis/series/bin_unit",,
"length","F17_R2","cm",41,,0,0,0,,,"count",1,0.95,76,"working","Sum of original square-fita working sample sizes; MFCL information-weight convention","Square-fita working-normal reference range; independent records and fixed within-tail shape","axis/series/bin_unit",,
"length","F17_R2","cm",43,,0,1,0,,,"count",1,0.95,76,"working","Sum of original square-fita working sample sizes; MFCL information-weight convention","Square-fita working-normal reference range; independent records and fixed within-tail shape","axis/series/bin_unit",,
"length","F17_R2","cm",45,5.1140350877193,0,2,0,0,4.43230811170191,"count",1,0.95,76,"working","Sum of original square-fita working sample sizes; MFCL information-weight convention","Square-fita working-normal reference range; independent records and fixed within-tail shape","axis/series/bin_unit",,
"length","F17_R2","cm",47,3.16666666666667,0,0,0,0,3.48778147234954,"count",1,0.95,76,"working","Sum of original square-fita working sample sizes; MFCL information-weight convention","Square-fita working-normal reference range; independent records and fixed within-tail shape","axis/series/bin_unit",,
"length","F17_R2","cm",49,4.15350877192982,0.0809482467740527,1,0.0809482467740527,0,4.07538599303575,"count",1,0.95,76,"working","Sum of original square-fita working sample sizes; MFCL information-weight convention","Square-fita working-normal reference range; independent records and fixed within-tail shape","axis/series/bin_unit",,
"length","F17_R2","cm",51,4.15350877192982,0.413289134171835,1,0.413289134171835,0,4.40772688043353,"count",1,0.95,76,"working","Sum of original square-fita working sample sizes; MFCL information-weight convention","Square-fita working-normal reference range; independent records and fixed within-tail shape","axis/series/bin_unit",,
"length","F17_R2","cm",53,3.16666666666667,1.08186322249794,0,1.08186322249794,0,4.56964469484748,"count",1,0.95,76,"working","Sum of original square-fita working sample sizes; MFCL information-weight convention","Square-fita working-normal reference range; independent records and fixed within-tail shape","axis/series/bin_unit",,
"length","F17_R2","cm",55,3.16666666666667,1.6941386953525,0,1.6941386953525,0,5.18192016770204,"count",1,0.95,76,"working","Sum of original square-fita working sample sizes; MFCL information-weight convention","Square-fita working-normal reference range; independent records and fixed within-tail shape","axis/series/bin_unit",,
"length","F17_R2","cm",57,3.16666666666667,2.01067216066318,0,2.01067216066318,0,5.49845363301272,"count",1,0.95,76,"working","Sum of original square-fita working sample sizes; MFCL information-weight convention","Square-fita working-normal reference range; independent records and fixed within-tail shape","axis/series/bin_unit",,
"length","F17_R2","cm",59,4.15350877192982,3.24571877347045,1,3.24571877347045,0,7.24015651973215,"count",1,0.95,76,"working","Sum of original square-fita working sample sizes; MFCL information-weight convention","Square-fita working-normal reference range; independent records and fixed within-tail shape","axis/series/bin_unit",,
"length","F17_R2","cm",61,5.1140350877193,5.81202123702854,2,5.81202123702854,1.37971312532663,10.2443293487304,"count",1,0.95,76,"working","Sum of original square-fita working sample sizes; MFCL information-weight convention","Square-fita working-normal reference range; independent records and fixed within-tail shape","axis/series/bin_unit",,
"length","F17_R2","cm",63,6.04824561403509,7.90408105501232,3,7.90408105501232,3.08390611381365,12.724255996211,"count",1,0.95,76,"working","Sum of original square-fita working sample sizes; MFCL information-weight convention","Square-fita working-normal reference range; independent records and fixed within-tail shape","axis/series/bin_unit",,
"length","F17_R2","cm",65,10.3245614035088,7.85983385337917,8,7.85983385337917,1.56210589217706,14.1575618145813,"count",1,0.95,76,"working","Sum of original square-fita working sample sizes; MFCL information-weight convention","Square-fita working-normal reference range; independent records and fixed within-tail shape","axis/series/bin_unit",,
"length","F17_R2","cm",67,12.5745614035088,6.3618900866716,11,6.3618900866716,0,13.312045467659,"count",1,0.95,76,"working","Sum of original square-fita working sample sizes; MFCL information-weight convention","Square-fita working-normal reference range; independent records and fixed within-tail shape","axis/series/bin_unit",,
"length","F17_R2","cm",69,10.3245614035088,5.36491745666955,8,5.36491745666955,0,11.6626454178717,"count",1,0.95,76,"working","Sum of original square-fita working sample sizes; MFCL information-weight convention","Square-fita working-normal reference range; independent records and fixed within-tail shape","axis/series/bin_unit",,
"length","F17_R2","cm",71,5.1140350877193,5.31150502860023,2,5.31150502860023,0.879196916898326,9.74381314030214,"count",1,0.95,76,"working","Sum of original square-fita working sample sizes; MFCL information-weight convention","Square-fita working-normal reference range; independent records and fixed within-tail shape","axis/series/bin_unit",,
"length","F17_R2","cm",73,7.83771929824561,5.28606990180967,5,5.28606990180967,0,10.7731707695148,"count",1,0.95,76,"working","Sum of original square-fita working sample sizes; MFCL information-weight convention","Square-fita working-normal reference range; independent records and fixed within-tail shape","axis/series/bin_unit",,
"length","F17_R2","cm",75,9.5219298245614,4.65640989512101,7,4.65640989512101,0,10.7043931386983,"count",1,0.95,76,"working","Sum of original square-fita working sample sizes; MFCL information-weight convention","Square-fita working-normal reference range; independent records and fixed within-tail shape","axis/series/bin_unit",,
"length","F17_R2","cm",77,9.5219298245614,3.76774446800161,7,3.76774446800161,0,9.81572771157891,"count",1,0.95,76,"working","Sum of original square-fita working sample sizes; MFCL information-weight convention","Square-fita working-normal reference range; independent records and fixed within-tail shape","axis/series/bin_unit",,
"length","F17_R2","cm",79,7.83771929824561,3.06451456345266,5,3.06451456345266,0,8.55161543115777,"count",1,0.95,76,"working","Sum of original square-fita working sample sizes; MFCL information-weight convention","Square-fita working-normal reference range; independent records and fixed within-tail shape","axis/series/bin_unit",,
"length","F17_R2","cm",81,8.69298245614035,2.6362661935572,6,2.6362661935572,0,8.41499738078849,"count",1,0.95,76,"working","Sum of original square-fita working sample sizes; MFCL information-weight convention","Square-fita working-normal reference range; independent records and fixed within-tail shape","axis/series/bin_unit",,
"length","F17_R2","cm",83,4.15350877192982,2.26366809873013,1,2.26366809873013,0,6.25810584499183,"count",1,0.95,76,"working","Sum of original square-fita working sample sizes; MFCL information-weight convention","Square-fita working-normal reference range; independent records and fixed within-tail shape","axis/series/bin_unit",,
"length","F17_R2","cm",85,5.1140350877193,1.78536782259131,2,1.78536782259131,0,6.21767593429322,"count",1,0.95,76,"working","Sum of original square-fita working sample sizes; MFCL information-weight convention","Square-fita working-normal reference range; independent records and fixed within-tail shape","axis/series/bin_unit",,
"length","F17_R2","cm",87,5.1140350877193,1.3479758094967,2,1.3479758094967,0,5.78028392119861,"count",1,0.95,76,"working","Sum of original square-fita working sample sizes; MFCL information-weight convention","Square-fita working-normal reference range; independent records and fixed within-tail shape","axis/series/bin_unit",,
"length","F17_R2","cm",89,0.25046286378215,0.994804014897766,1,0.994804014897766,0.0139152458050353,1.9756927839905,"count",1,0.95,76,"working","Sum of original square-fita working sample sizes; MFCL information-weight convention","Square-fita working-normal reference range; independent records and fixed within-tail shape","axis/series/bin_unit",,
"length","F17_R2","cm",91,0.149874478015349,0.769537344138725,0,0.769537344138725,0.0107642320894181,1.52831045618803,"count",1,0.95,76,"working","Sum of original square-fita working sample sizes; MFCL information-weight convention","Square-fita working-normal reference range; independent records and fixed within-tail shape","axis/series/bin_unit",,
"length","F17_R2","cm",93,0.0989795410470127,0.625372206931806,0,0.625372206931806,0.00874766069373767,1.24199675316987,"count",1,0.95,76,"working","Sum of original square-fita working sample sizes; MFCL information-weight convention","Square-fita working-normal reference range; independent records and fixed within-tail shape","axis/series/bin_unit",,
"length","F17_R2","cm",95,0.0624987204656216,0.496937100241243,0,0.496937100241243,0.00695111981449836,0.986923080667988,"count",1,0.95,76,"working","Sum of original square-fita working sample sizes; MFCL information-weight convention","Square-fita working-normal reference range; independent records and fixed within-tail shape","axis/series/bin_unit",,
"length","F17_R2","cm",97,0.0376695010453984,0.385798728735797,0,0.385798728735797,0.00539652440202554,0.766200933069568,"count",1,0.95,76,"working","Sum of original square-fita working sample sizes; MFCL information-weight convention","Square-fita working-normal reference range; independent records and fixed within-tail shape","axis/series/bin_unit",,
"length","F17_R2","cm",99,0.0202617434170445,0.282946459548833,0,0.282946459548833,0.00395783438277647,0.56193508471489,"count",1,0.95,76,"working","Sum of original square-fita working sample sizes; MFCL information-weight convention","Square-fita working-normal reference range; independent records and fixed within-tail shape","axis/series/bin_unit",,
"length","F17_R2","cm",101,0.00958358544833101,0.194594189411304,0,0.194594189411304,0.00272196928976828,0.386466409532839,"count",1,0.95,76,"working","Sum of original square-fita working sample sizes; MFCL information-weight convention","Square-fita working-normal reference range; independent records and fixed within-tail shape","axis/series/bin_unit",,
"length","F17_R2","cm",103,0.00409946333870357,0.127270972256568,0,0.127270972256568,0.00178025705191587,0.252761687461219,"count",1,0.95,76,"working","Sum of original square-fita working sample sizes; MFCL information-weight convention","Square-fita working-normal reference range; independent records and fixed within-tail shape","axis/series/bin_unit",,
"length","F17_R2","cm",105,0.00160052599488786,0.0795238183152088,0,0.0795238183152088,0.00111237335458968,0.157935263275828,"count",1,0.95,76,"working","Sum of original square-fita working sample sizes; MFCL information-weight convention","Square-fita working-normal reference range; independent records and fixed within-tail shape","axis/series/bin_unit",,
"length","F17_R2","cm",107,0.000518411562436457,0.0452588170079882,0,0.0452588170079882,0.000633077022287647,0.0898845569936887,"count",1,0.95,76,"working","Sum of original square-fita working sample sizes; MFCL information-weight convention","Square-fita working-normal reference range; independent records and fixed within-tail shape","axis/series/bin_unit",,
"length","F17_R2","cm",109,0.000170273792990281,0.025938195756812,0,0.025938195756812,0.000362821585246878,0.0515135699283772,"count",1,0.95,76,"working","Sum of original square-fita working sample sizes; MFCL information-weight convention","Square-fita working-normal reference range; independent records and fixed within-tail shape","axis/series/bin_unit",,
"length","F17_R2","cm",111,4.24733336498547e-05,0.0129546007519194,0,0.0129546007519194,0.000181208007878396,0.0257279934959604,"count",1,0.95,76,"working","Sum of original square-fita working sample sizes; MFCL information-weight convention","Square-fita working-normal reference range; independent records and fixed within-tail shape","axis/series/bin_unit",,
"length","F17_R2","cm",113,1.0382468923433e-05,0.00640495640810674,0,0.00640495640810674,8.95920618077736e-05,0.0127203207544057,"count",1,0.95,76,"working","Sum of original square-fita working sample sizes; MFCL information-weight convention","Square-fita working-normal reference range; independent records and fixed within-tail shape","axis/series/bin_unit",,
"length","F17_R2","cm",115,1.85331312901925e-06,0.00270607768211881,0,0.00270607768211881,3.78524167074993e-05,0.00537430294753011,"count",1,0.95,76,"working","Sum of original square-fita working sample sizes; MFCL information-weight convention","Square-fita working-normal reference range; independent records and fixed within-tail shape","axis/series/bin_unit",,
"length","F17_R2","cm",117,1.84640212380234e-07,0.000854139888300339,0,0.000854139888300339,1.19476462897128e-05,0.00169633213031097,"count",1,0.95,76,"working","Sum of original square-fita working sample sizes; MFCL information-weight convention","Square-fita working-normal reference range; independent records and fixed within-tail shape","axis/series/bin_unit",,
"length","F17_R2","cm",119,1.03960481594934e-08,0.000202674915076535,0,0.000202674915076535,2.83500188938675e-06,0.000402514828263683,"count",1,0.95,76,"working","Sum of original square-fita working sample sizes; MFCL information-weight convention","Square-fita working-normal reference range; independent records and fixed within-tail shape","axis/series/bin_unit",,
"length","F17_R2","cm",121,0,0,0,0,0,0,"count",1,0.95,76,"working","Sum of original square-fita working sample sizes; MFCL information-weight convention","Square-fita working-normal reference range; independent records and fixed within-tail shape","axis/series/bin_unit",,
"length","F17_R2","cm",123,0,0,0,0,0,0,"count",1,0.95,76,"working","Sum of original square-fita working sample sizes; MFCL information-weight convention","Square-fita working-normal reference range; independent records and fixed within-tail shape","axis/series/bin_unit",,
"length","F17_R2","cm",125,0,0,0,0,0,0,"count",1,0.95,76,"working","Sum of original square-fita working sample sizes; MFCL information-weight convention","Square-fita working-normal reference range; independent records and fixed within-tail shape","axis/series/bin_unit",,
"length","F17_R2","cm",127,0,0,0,0,0,0,"count",1,0.95,76,"working","Sum of original square-fita working sample sizes; MFCL information-weight convention","Square-fita working-normal reference range; independent records and fixed within-tail shape","axis/series/bin_unit",,
"length","F17_R2","cm",129,0,0,0,0,0,0,"count",1,0.95,76,"working","Sum of original square-fita working sample sizes; MFCL information-weight convention","Square-fita working-normal reference range; independent records and fixed within-tail shape","axis/series/bin_unit",,
"length","F18_R1","cm",31,,0,33.6917799470406,0,,,"count",57,0.95,74.5403803636651,"working","Sum of original square-fita working sample sizes; MFCL information-weight convention","Square-fita working-normal reference range; independent records and fixed within-tail shape","axis/series/bin_unit",,
"length","F18_R1","cm",33,,0,12.8055156424507,0,,,"count",57,0.95,74.5403803636651,"working","Sum of original square-fita working sample sizes; MFCL information-weight convention","Square-fita working-normal reference range; independent records and fixed within-tail shape","axis/series/bin_unit",,
"length","F18_R1","cm",35,,0,30.9469351423598,0,,,"count",57,0.95,74.5403803636651,"working","Sum of original square-fita working sample sizes; MFCL information-weight convention","Square-fita working-normal reference range; independent records and fixed within-tail shape","axis/series/bin_unit",,
"length","F18_R1","cm",37,,0,25.7385131764136,0,,,"count",57,0.95,74.5403803636651,"working","Sum of original square-fita working sample sizes; MFCL information-weight convention","Square-fita working-normal reference range; independent records and fixed within-tail shape","axis/series/bin_unit",,
"length","F18_R1","cm",39,,0,38.3229095242534,0,,,"count",57,0.95,74.5403803636651,"working","Sum of original square-fita working sample sizes; MFCL information-weight convention","Square-fita working-normal reference range; independent records and fixed within-tail shape","axis/series/bin_unit",,
"length","F18_R1","cm",41,,0,65.6233889559607,0,,,"count",57,0.95,74.5403803636651,"working","Sum of original square-fita working sample sizes; MFCL information-weight convention","Square-fita working-normal reference range; independent records and fixed within-tail shape","axis/series/bin_unit",,
"length","F18_R1","cm",43,,0,9.53242275290985,0,,,"count",57,0.95,74.5403803636651,"working","Sum of original square-fita working sample sizes; MFCL information-weight convention","Square-fita working-normal reference range; independent records and fixed within-tail shape","axis/series/bin_unit",,
"length","F18_R1","cm",45,,0,54.2056411390328,0,,,"count",57,0.95,74.5403803636651,"working","Sum of original square-fita working sample sizes; MFCL information-weight convention","Square-fita working-normal reference range; independent records and fixed within-tail shape","axis/series/bin_unit",,
"length","F18_R1","cm",47,,0,45.5438613525396,0,,,"count",57,0.95,74.5403803636651,"working","Sum of original square-fita working sample sizes; MFCL information-weight convention","Square-fita working-normal reference range; independent records and fixed within-tail shape","axis/series/bin_unit",,
"length","F18_R1","cm",49,,0,220.710692913928,0,,,"count",57,0.95,74.5403803636651,"working","Sum of original square-fita working sample sizes; MFCL information-weight convention","Square-fita working-normal reference range; independent records and fixed within-tail shape","axis/series/bin_unit",,
"length","F18_R1","cm",51,,0,168.85524953236,0,,,"count",57,0.95,74.5403803636651,"working","Sum of original square-fita working sample sizes; MFCL information-weight convention","Square-fita working-normal reference range; independent records and fixed within-tail shape","axis/series/bin_unit",,
"length","F18_R1","cm",53,2431488451.03601,0.000210961881146374,255.984609859498,0.000210961881146374,0,96646.0697515706,"count",57,0.95,74.5403803636651,"working","Sum of original square-fita working sample sizes; MFCL information-weight convention","Square-fita working-normal reference range; independent records and fixed within-tail shape","axis/series/bin_unit",,
"length","F18_R1","cm",55,2445453306.50596,0.00113406053023372,502.31889871244,0.00113406053023372,0,96923.2087516015,"count",57,0.95,74.5403803636651,"working","Sum of original square-fita working sample sizes; MFCL information-weight convention","Square-fita working-normal reference range; independent records and fixed within-tail shape","axis/series/bin_unit",,
"length","F18_R1","cm",57,2453225905.44536,0.00359509431941616,665.673050183585,0.00359509431941616,0,97077.118785176,"count",57,0.95,74.5403803636651,"working","Sum of original square-fita working sample sizes; MFCL information-weight convention","Square-fita working-normal reference range; independent records and fixed within-tail shape","axis/series/bin_unit",,
"length","F18_R1","cm",59,2460988752.04541,0.00667796707599453,832.781052569642,0.00667796707599453,0,97230.5931678873,"count",57,0.95,74.5403803636651,"working","Sum of original square-fita working sample sizes; MFCL information-weight convention","Square-fita working-normal reference range; independent records and fixed within-tail shape","axis/series/bin_unit",,
"length","F18_R1","cm",61,2456384061.79689,0.00753301891885625,708.842790436006,0.00753301891885625,0,97139.5886583363,"count",57,0.95,74.5403803636651,"working","Sum of original square-fita working sample sizes; MFCL information-weight convention","Square-fita working-normal reference range; independent records and fixed within-tail shape","axis/series/bin_unit",,
"length","F18_R1","cm",63,2462221443.46159,166.610190992199,775.990072874804,166.610190992199,0,97421.5446801364,"count",57,0.95,74.5403803636651,"working","Sum of original square-fita working sample sizes; MFCL information-weight convention","Square-fita working-normal reference range; independent records and fixed within-tail shape","axis/series/bin_unit",,
"length","F18_R1","cm",65,2469553679.85263,583.970316192073,930.294638691331,583.970316192073,0,97983.6046412116,"count",57,0.95,74.5403803636651,"working","Sum of original square-fita working sample sizes; MFCL information-weight convention","Square-fita working-normal reference range; independent records and fixed within-tail shape","axis/series/bin_unit",,
"length","F18_R1","cm",67,2469814172.38211,1625.49509259061,896.702118568173,1625.49509259061,0,99030.2662178934,"count",57,0.95,74.5403803636651,"working","Sum of original square-fita working sample sizes; MFCL information-weight convention","Square-fita working-normal reference range; independent records and fixed within-tail shape","axis/series/bin_unit",,
"length","F18_R1","cm",69,2505427904.49901,3737.17397036513,1522.29524442335,3737.17397036513,0,101841.700488518,"count",57,0.95,74.5403803636651,"working","Sum of original square-fita working sample sizes; MFCL information-weight convention","Square-fita working-normal reference range; independent records and fixed within-tail shape","axis/series/bin_unit",,
"length","F18_R1","cm",71,2531143426.77328,6782.43170403971,2139.42660712251,6782.43170403971,0,105389.141634045,"count",57,0.95,74.5403803636651,"working","Sum of original square-fita working sample sizes; MFCL information-weight convention","Square-fita working-normal reference range; independent records and fixed within-tail shape","axis/series/bin_unit",,
"length","F18_R1","cm",73,2568984216.10759,10090.6670181623,2891.50288504566,10090.6670181623,0,109431.731423525,"count",57,0.95,74.5403803636651,"working","Sum of original square-fita working sample sizes; MFCL information-weight convention","Square-fita working-normal reference range; independent records and fixed within-tail shape","axis/series/bin_unit",,
"length","F18_R1","cm",75,2593162398.80342,12693.4251247653,3237.48642804931,12693.4251247653,0,112500.872594259,"count",57,0.95,74.5403803636651,"working","Sum of original square-fita working sample sizes; MFCL information-weight convention","Square-fita working-normal reference range; independent records and fixed within-tail shape","axis/series/bin_unit",,
"length","F18_R1","cm",77,2636051727.85807,14636.7227725123,4140.32917084561,14636.7227725123,0,115266.162608906,"count",57,0.95,74.5403803636651,"working","Sum of original square-fita working sample sizes; MFCL information-weight convention","Square-fita working-normal reference range; independent records and fixed within-tail shape","axis/series/bin_unit",,
"length","F18_R1","cm",79,2842315423.87664,16928.4506283112,7851.71907701509,16928.4506283112,0,121420.735780115,"count",57,0.95,74.5403803636651,"working","Sum of original square-fita working sample sizes; MFCL information-weight convention","Square-fita working-normal reference range; independent records and fixed within-tail shape","axis/series/bin_unit",,
"length","F18_R1","cm",81,3475685112.68833,21864.1856287295,19385.4844960618,21864.1856287295,0,137413.747437037,"count",57,0.95,74.5403803636651,"working","Sum of original square-fita working sample sizes; MFCL information-weight convention","Square-fita working-normal reference range; independent records and fixed within-tail shape","axis/series/bin_unit",,
"length","F18_R1","cm",83,4267090834.54876,31489.2427570835,33300.4825924679,31489.2427570835,0,159519.917695086,"count",57,0.95,74.5403803636651,"working","Sum of original square-fita working sample sizes; MFCL information-weight convention","Square-fita working-normal reference range; independent records and fixed within-tail shape","axis/series/bin_unit",,
"length","F18_R1","cm",85,5580207865.08143,47512.5056130612,56949.2017976032,47512.5056130612,0,193923.361510511,"count",57,0.95,74.5403803636651,"working","Sum of original square-fita working sample sizes; MFCL information-weight convention","Square-fita working-normal reference range; independent records and fixed within-tail shape","axis/series/bin_unit",,
"length","F18_R1","cm",87,7457751724.89813,73003.5260753488,92137.4281530463,73003.5260753488,0,242262.635567738,"count",57,0.95,74.5403803636651,"working","Sum of original square-fita working sample sizes; MFCL information-weight convention","Square-fita working-normal reference range; independent records and fixed within-tail shape","axis/series/bin_unit",,
"length","F18_R1","cm",89,9656816571.7214,108602.105410361,133509.137354061,108602.105410361,0,301206.007757287,"count",57,0.95,74.5403803636651,"working","Sum of original square-fita working sample sizes; MFCL information-weight convention","Square-fita working-normal reference range; independent records and fixed within-tail shape","axis/series/bin_unit",,
"length","F18_R1","cm",91,13567402866.1468,150965.41082131,209879.491335358,150965.41082131,0,379260.437955216,"count",57,0.95,74.5403803636651,"working","Sum of original square-fita working sample sizes; MFCL information-weight convention","Square-fita working-normal reference range; independent records and fixed within-tail shape","axis/series/bin_unit",,
"length","F18_R1","cm",93,15181445710.4173,192118.892729536,244873.700350111,192118.892729536,0,433611.953779272,"count",57,0.95,74.5403803636651,"working","Sum of original square-fita working sample sizes; MFCL information-weight convention","Square-fita working-normal reference range; independent records and fixed within-tail shape","axis/series/bin_unit",,
"length","F18_R1","cm",95,15475256691.5565,222120.714655291,251863.942293321,222120.714655291,0,465939.420501018,"count",57,0.95,74.5403803636651,"working","Sum of original square-fita working sample sizes; MFCL information-weight convention","Square-fita working-normal reference range; independent records and fixed within-tail shape","axis/series/bin_unit",,
"length","F18_R1","cm",97,15737282132.3284,232916.451706478,258106.879166187,232916.451706478,0,478790.649744794,"count",57,0.95,74.5403803636651,"working","Sum of original square-fita working sample sizes; MFCL information-weight convention","Square-fita working-normal reference range; independent records and fixed within-tail shape","axis/series/bin_unit",,
"length","F18_R1","cm",99,14317554906.9377,221600.181624281,228270.407016091,221600.181624281,0,456121.604074403,"count",57,0.95,74.5403803636651,"working","Sum of original square-fita working sample sizes; MFCL information-weight convention","Square-fita working-normal reference range; independent records and fixed within-tail shape","axis/series/bin_unit",,
"length","F18_R1","cm",101,11822872132.6488,191577.876826212,177115.583006188,191577.876826212,0,404690.702437207,"count",57,0.95,74.5403803636651,"working","Sum of original square-fita working sample sizes; MFCL information-weight convention","Square-fita working-normal reference range; independent records and fixed within-tail shape","axis/series/bin_unit",,
"length","F18_R1","cm",103,9012437758.59277,150518.908313638,120067.804061376,150518.908313638,0,336585.854662802,"count",57,0.95,74.5403803636651,"working","Sum of original square-fita working sample sizes; MFCL information-weight convention","Square-fita working-normal reference range; independent records and fixed within-tail shape","axis/series/bin_unit",,
"length","F18_R1","cm",105,5863265808.55136,107499.62065933,61134.0400814006,107499.62065933,0,257577.914087574,"count",57,0.95,74.5403803636651,"working","Sum of original square-fita working sample sizes; MFCL information-weight convention","Square-fita working-normal reference range; independent records and fixed within-tail shape","axis/series/bin_unit",,
"length","F18_R1","cm",107,3894013518.28807,69777.6454486768,25569.7168148276,69777.6454486768,0,192083.379483226,"count",57,0.95,74.5403803636651,"working","Sum of original square-fita working sample sizes; MFCL information-weight convention","Square-fita working-normal reference range; independent records and fixed within-tail shape","axis/series/bin_unit",,
"length","F18_R1","cm",109,3139106312.54278,41018.1231298752,12303.4042781826,41018.1231298752,0,150830.452280176,"count",57,0.95,74.5403803636651,"working","Sum of original square-fita working sample sizes; MFCL information-weight convention","Square-fita working-normal reference range; independent records and fixed within-tail shape","axis/series/bin_unit",,
"length","F18_R1","cm",111,2784143108.21768,21999.5788651024,6157.57253901317,21999.5788651024,0,125417.03919525,"count",57,0.95,74.5403803636651,"working","Sum of original square-fita working sample sizes; MFCL information-weight convention","Square-fita working-normal reference range; independent records and fixed within-tail shape","axis/series/bin_unit",,
"length","F18_R1","cm",113,2607629156.00989,10493.9899872707,3455.37933775038,10493.9899872707,0,110579.45357941,"count",57,0.95,74.5403803636651,"working","Sum of original square-fita working sample sizes; MFCL information-weight convention","Square-fita working-normal reference range; independent records and fixed within-tail shape","axis/series/bin_unit",,
"length","F18_R1","cm",115,2523088780.26436,4327.31146506743,1862.65602904055,4327.31146506743,0,102777.002426192,"count",57,0.95,74.5403803636651,"working","Sum of original square-fita working sample sizes; MFCL information-weight convention","Square-fita working-normal reference range; independent records and fixed within-tail shape","axis/series/bin_unit",,
"length","F18_R1","cm",117,2466131594.3447,1513.58785400371,891.586435089514,1513.58785400371,0,98845.7149554286,"count",57,0.95,74.5403803636651,"working","Sum of original square-fita working sample sizes; MFCL information-weight convention","Square-fita working-normal reference range; independent records and fixed within-tail shape","axis/series/bin_unit",,
"length","F18_R1","cm",119,2466533884.14115,218.564129114828,940.66118002136,218.564129114828,0,97558.6295994799,"count",57,0.95,74.5403803636651,"working","Sum of original square-fita working sample sizes; MFCL information-weight convention","Square-fita working-normal reference range; independent records and fixed within-tail shape","axis/series/bin_unit",,
"length","F18_R1","cm",121,,0,807.982104445688,0,,,"count",57,0.95,74.5403803636651,"working","Sum of original square-fita working sample sizes; MFCL information-weight convention","Square-fita working-normal reference range; independent records and fixed within-tail shape","axis/series/bin_unit",,
"length","F18_R1","cm",123,,0,458.25811100405,0,,,"count",57,0.95,74.5403803636651,"working","Sum of original square-fita working sample sizes; MFCL information-weight convention","Square-fita working-normal reference range; independent records and fixed within-tail shape","axis/series/bin_unit",,
"length","F18_R1","cm",125,,0,402.092845551559,0,,,"count",57,0.95,74.5403803636651,"working","Sum of original square-fita working sample sizes; MFCL information-weight convention","Square-fita working-normal reference range; independent records and fixed within-tail shape","axis/series/bin_unit",,
"length","F18_R1","cm",127,,0,176.690169987015,0,,,"count",57,0.95,74.5403803636651,"working","Sum of original square-fita working sample sizes; MFCL information-weight convention","Square-fita working-normal reference range; independent records and fixed within-tail shape","axis/series/bin_unit",,
"length","F18_R1","cm",129,,0,706.484567715352,0,,,"count",57,0.95,74.5403803636651,"working","Sum of original square-fita working sample sizes; MFCL information-weight convention","Square-fita working-normal reference range; independent records and fixed within-tail shape","axis/series/bin_unit",,
"length","F19_R1","cm",31,,0,0,0,,,"count",25,0.95,437.745454545455,"working","Sum of original square-fita working sample sizes; MFCL information-weight convention","Square-fita working-normal reference range; independent records and fixed within-tail shape","axis/series/bin_unit",,
"length","F19_R1","cm",33,,0,0,0,,,"count",25,0.95,437.745454545455,"working","Sum of original square-fita working sample sizes; MFCL information-weight convention","Square-fita working-normal reference range; independent records and fixed within-tail shape","axis/series/bin_unit",,
"length","F19_R1","cm",35,,0,0,0,,,"count",25,0.95,437.745454545455,"working","Sum of original square-fita working sample sizes; MFCL information-weight convention","Square-fita working-normal reference range; independent records and fixed within-tail shape","axis/series/bin_unit",,
"length","F19_R1","cm",37,,0,0,0,,,"count",25,0.95,437.745454545455,"working","Sum of original square-fita working sample sizes; MFCL information-weight convention","Square-fita working-normal reference range; independent records and fixed within-tail shape","axis/series/bin_unit",,
"length","F19_R1","cm",39,,0,0,0,,,"count",25,0.95,437.745454545455,"working","Sum of original square-fita working sample sizes; MFCL information-weight convention","Square-fita working-normal reference range; independent records and fixed within-tail shape","axis/series/bin_unit",,
"length","F19_R1","cm",41,,0,0,0,,,"count",25,0.95,437.745454545455,"working","Sum of original square-fita working sample sizes; MFCL information-weight convention","Square-fita working-normal reference range; independent records and fixed within-tail shape","axis/series/bin_unit",,
"length","F19_R1","cm",43,,0,17,0,,,"count",25,0.95,437.745454545455,"working","Sum of original square-fita working sample sizes; MFCL information-weight convention","Square-fita working-normal reference range; independent records and fixed within-tail shape","axis/series/bin_unit",,
"length","F19_R1","cm",45,118048.773431143,9.89359939018374,94,9.89359939018374,0,683.302466252797,"count",25,0.95,437.745454545455,"working","Sum of original square-fita working sample sizes; MFCL information-weight convention","Square-fita working-normal reference range; independent records and fixed within-tail shape","axis/series/bin_unit",,
"length","F19_R1","cm",47,142646.619004012,141.00838203493,251,141.00838203493,0,881.25909146732,"count",25,0.95,437.745454545455,"working","Sum of original square-fita working sample sizes; MFCL information-weight convention","Square-fita working-normal reference range; independent records and fixed within-tail shape","axis/series/bin_unit",,
"length","F19_R1","cm",49,164717.780696976,621.701254642658,454,621.701254642658,0,1417.16122948964,"count",25,0.95,437.745454545455,"working","Sum of original square-fita working sample sizes; MFCL information-weight convention","Square-fita working-normal reference range; independent records and fixed within-tail shape","axis/series/bin_unit",,
"length","F19_R1","cm",51,198722.9478533,1294.16653714458,883,1294.16653714458,420.446890515646,2167.88618377352,"count",25,0.95,437.745454545455,"working","Sum of original square-fita working sample sizes; MFCL information-weight convention","Square-fita working-normal reference range; independent records and fixed within-tail shape","axis/series/bin_unit",,
"length","F19_R1","cm",53,198209.767011331,1396.78577972392,908,1396.78577972392,524.19500631785,2269.37655312999,"count",25,0.95,437.745454545455,"working","Sum of original square-fita working sample sizes; MFCL information-weight convention","Square-fita working-normal reference range; independent records and fixed within-tail shape","axis/series/bin_unit",,
"length","F19_R1","cm",55,209870.104180246,1174.41296975014,1045,1174.41296975014,276.522462559425,2072.30347694086,"count",25,0.95,437.745454545455,"working","Sum of original square-fita working sample sizes; MFCL information-weight convention","Square-fita working-normal reference range; independent records and fixed within-tail shape","axis/series/bin_unit",,
"length","F19_R1","cm",57,270715.225117206,1942.4102345392,1830,1942.4102345392,922.635068425272,2962.18540065313,"count",25,0.95,437.745454545455,"working","Sum of original square-fita working sample sizes; MFCL information-weight convention","Square-fita working-normal reference range; independent records and fixed within-tail shape","axis/series/bin_unit",,
"length","F19_R1","cm",59,406150.515104009,3732.11615781936,3983,3732.11615781936,2483.03230203715,4981.20001360157,"count",25,0.95,437.745454545455,"working","Sum of original square-fita working sample sizes; MFCL information-weight convention","Square-fita working-normal reference range; independent records and fixed within-tail shape","axis/series/bin_unit",,
"length","F19_R1","cm",61,530854.243789608,5167.98431458813,6373,5167.98431458813,3739.95955384044,6596.00907533582,"count",25,0.95,437.745454545455,"working","Sum of original square-fita working sample sizes; MFCL information-weight convention","Square-fita working-normal reference range; independent records and fixed within-tail shape","axis/series/bin_unit",,
"length","F19_R1","cm",63,479899.829514019,4855.53733764485,5401,4855.53733764485,3497.77615351259,6213.29852177711,"count",25,0.95,437.745454545455,"working","Sum of original square-fita working sample sizes; MFCL information-weight convention","Square-fita working-normal reference range; independent records and fixed within-tail shape","axis/series/bin_unit",,
"length","F19_R1","cm",65,346635.80140236,3384.82224062101,3109,3384.82224062101,2230.87806655302,4538.76641468901,"count",25,0.95,437.745454545455,"working","Sum of original square-fita working sample sizes; MFCL information-weight convention","Square-fita working-normal reference range; independent records and fixed within-tail shape","axis/series/bin_unit",,
"length","F19_R1","cm",67,285369.911471933,2293.83603983251,2147,2293.83603983251,1246.82278128009,3340.84929838493,"count",25,0.95,437.745454545455,"working","Sum of original square-fita working sample sizes; MFCL information-weight convention","Square-fita working-normal reference range; independent records and fixed within-tail shape","axis/series/bin_unit",,
"length","F19_R1","cm",69,281068.191261991,2052.22740862652,2048,2052.22740862652,1013.13555390918,3091.31926334386,"count",25,0.95,437.745454545455,"working","Sum of original square-fita working sample sizes; MFCL information-weight convention","Square-fita working-normal reference range; independent records and fixed within-tail shape","axis/series/bin_unit",,
"length","F19_R1","cm",71,259004.913414938,1990.59793679848,1792,1990.59793679848,993.12276956827,2988.07310402869,"count",25,0.95,437.745454545455,"working","Sum of original square-fita working sample sizes; MFCL information-weight convention","Square-fita working-normal reference range; independent records and fixed within-tail shape","axis/series/bin_unit",,
"length","F19_R1","cm",73,237727.487855988,1724.7594049772,1527,1724.7594049772,769.133769518502,2680.3850404359,"count",25,0.95,437.745454545455,"working","Sum of original square-fita working sample sizes; MFCL information-weight convention","Square-fita working-normal reference range; independent records and fixed within-tail shape","axis/series/bin_unit",,
"length","F19_R1","cm",75,205202.490378473,1155.04524053705,1049,1155.04524053705,267.195638018252,2042.89484305585,"count",25,0.95,437.745454545455,"working","Sum of original square-fita working sample sizes; MFCL information-weight convention","Square-fita working-normal reference range; independent records and fixed within-tail shape","axis/series/bin_unit",,
"length","F19_R1","cm",77,170150.141007404,614.188763983847,547,614.188763983847,0,1422.6593942576,"count",25,0.95,437.745454545455,"working","Sum of original square-fita working sample sizes; MFCL information-weight convention","Square-fita working-normal reference range; independent records and fixed within-tail shape","axis/series/bin_unit",,
"length","F19_R1","cm",79,154452.889283873,280.797996114565,323,280.797996114565,0,1051.07354026823,"count",25,0.95,437.745454545455,"working","Sum of original square-fita working sample sizes; MFCL information-weight convention","Square-fita working-normal reference range; independent records and fixed within-tail shape","axis/series/bin_unit",,
"length","F19_R1","cm",81,142333.74399807,131.021380248301,197,131.021380248301,0,870.459826884534,"count",25,0.95,437.745454545455,"working","Sum of original square-fita working sample sizes; MFCL information-weight convention","Square-fita working-normal reference range; independent records and fixed within-tail shape","axis/series/bin_unit",,
"length","F19_R1","cm",83,115173.051313635,58.3992605606095,94,58.3992605606095,0,723.555282765189,"count",25,0.95,437.745454545455,"working","Sum of original square-fita working sample sizes; MFCL information-weight convention","Square-fita working-normal reference range; independent records and fixed within-tail shape","axis/series/bin_unit",,
"length","F19_R1","cm",85,40082.8256841774,41.7774761120818,37,41.7774761120818,0,434.175901545758,"count",25,0.95,437.745454545455,"working","Sum of original square-fita working sample sizes; MFCL information-weight convention","Square-fita working-normal reference range; independent records and fixed within-tail shape","axis/series/bin_unit",,
"length","F19_R1","cm",87,21916.8463769516,25.6562391277027,11,25.6562391277027,0,315.815958655653,"count",25,0.95,437.745454545455,"working","Sum of original square-fita working sample sizes; MFCL information-weight convention","Square-fita working-normal reference range; independent records and fixed within-tail shape","axis/series/bin_unit",,
"length","F19_R1","cm",89,4446.14692718446,14.4042802486584,4,14.4042802486584,0,145.093569524922,"count",25,0.95,437.745454545455,"working","Sum of original square-fita working sample sizes; MFCL information-weight convention","Square-fita working-normal reference range; independent records and fixed within-tail shape","axis/series/bin_unit",,
"length","F19_R1","cm",91,1613.31749434554,8.16063833640517,0,8.16063833640517,0,86.8847942177724,"count",25,0.95,437.745454545455,"working","Sum of original square-fita working sample sizes; MFCL information-weight convention","Square-fita working-normal reference range; independent records and fixed within-tail shape","axis/series/bin_unit",,
"length","F19_R1","cm",93,690.118243031305,5.01127795763285,0,5.01127795763285,0,56.4997311487565,"count",25,0.95,437.745454545455,"working","Sum of original square-fita working sample sizes; MFCL information-weight convention","Square-fita working-normal reference range; independent records and fixed within-tail shape","axis/series/bin_unit",,
"length","F19_R1","cm",95,269.003752580158,2.93988781509226,0,2.93988781509226,0,35.0859114906399,"count",25,0.95,437.745454545455,"working","Sum of original square-fita working sample sizes; MFCL information-weight convention","Square-fita working-normal reference range; independent records and fixed within-tail shape","axis/series/bin_unit",,
"length","F19_R1","cm",97,120.249979401332,1.97791864163118,0,1.97791864163118,0,23.4705998159178,"count",25,0.95,437.745454545455,"working","Sum of original square-fita working sample sizes; MFCL information-weight convention","Square-fita working-normal reference range; independent records and fixed within-tail shape","axis/series/bin_unit",,
"length","F19_R1","cm",99,42.1712166764844,1.18039292254714,0,1.18039292254714,0,13.9082753969136,"count",25,0.95,437.745454545455,"working","Sum of original square-fita working sample sizes; MFCL information-weight convention","Square-fita working-normal reference range; independent records and fixed within-tail shape","axis/series/bin_unit",,
"length","F19_R1","cm",101,12.1050036464502,0.637854385117384,0,0.637854385117384,0,7.45700924713589,"count",25,0.95,437.745454545455,"working","Sum of original square-fita working sample sizes; MFCL information-weight convention","Square-fita working-normal reference range; independent records and fixed within-tail shape","axis/series/bin_unit",,
"length","F19_R1","cm",103,2.99921423415059,0.320010934209271,0,0.320010934209271,0,3.71432352660985,"count",25,0.95,437.745454545455,"working","Sum of original square-fita working sample sizes; MFCL information-weight convention","Square-fita working-normal reference range; independent records and fixed within-tail shape","axis/series/bin_unit",,
"length","F19_R1","cm",105,0.379519344603505,0.114399251149088,0,0.114399251149088,0,1.32183783507425,"count",25,0.95,437.745454545455,"working","Sum of original square-fita working sample sizes; MFCL information-weight convention","Square-fita working-normal reference range; independent records and fixed within-tail shape","axis/series/bin_unit",,
"length","F19_R1","cm",107,0.10598981387492,0.0603334248625024,0,0.0603334248625024,0,0.698420805566384,"count",25,0.95,437.745454545455,"working","Sum of original square-fita working sample sizes; MFCL information-weight convention","Square-fita working-normal reference range; independent records and fixed within-tail shape","axis/series/bin_unit",,
"length","F19_R1","cm",109,0.0255389068397131,0.0294183747726338,0,0.0294183747726338,0,0.342638200055615,"count",25,0.95,437.745454545455,"working","Sum of original square-fita working sample sizes; MFCL information-weight convention","Square-fita working-normal reference range; independent records and fixed within-tail shape","axis/series/bin_unit",,
"length","F19_R1","cm",111,0.00390892129426965,0.0112616231645556,0,0.0112616231645556,0,0.133801250164442,"count",25,0.95,437.745454545455,"working","Sum of original square-fita working sample sizes; MFCL information-weight convention","Square-fita working-normal reference range; independent records and fixed within-tail shape","axis/series/bin_unit",,
"length","F19_R1","cm",113,0.000570569298301639,0.00412179734897768,0,0.00412179734897768,0,0.0509386582409479,"count",25,0.95,437.745454545455,"working","Sum of original square-fita working sample sizes; MFCL information-weight convention","Square-fita working-normal reference range; independent records and fixed within-tail shape","axis/series/bin_unit",,
"length","F19_R1","cm",115,0.000102995446013418,0.00172663552528503,0,0.00172663552528503,0,0.0216176577358093,"count",25,0.95,437.745454545455,"working","Sum of original square-fita working sample sizes; MFCL information-weight convention","Square-fita working-normal reference range; independent records and fixed within-tail shape","axis/series/bin_unit",,
"length","F19_R1","cm",117,7.36728248620236e-06,0.000445243829452091,0,0.000445243829452091,0,0.00576512280280923,"count",25,0.95,437.745454545455,"working","Sum of original square-fita working sample sizes; MFCL information-weight convention","Square-fita working-normal reference range; independent records and fixed within-tail shape","axis/series/bin_unit",,
"length","F19_R1","cm",119,2.56478662352008e-07,7.75628787530601e-05,0,7.75628787530601e-05,0,0.00107016159918945,"count",25,0.95,437.745454545455,"working","Sum of original square-fita working sample sizes; MFCL information-weight convention","Square-fita working-normal reference range; independent records and fixed within-tail shape","axis/series/bin_unit",,
"length","F19_R1","cm",121,0,0,0,0,0,0,"count",25,0.95,437.745454545455,"working","Sum of original square-fita working sample sizes; MFCL information-weight convention","Square-fita working-normal reference range; independent records and fixed within-tail shape","axis/series/bin_unit",,
"length","F19_R1","cm",123,0,0,0,0,0,0,"count",25,0.95,437.745454545455,"working","Sum of original square-fita working sample sizes; MFCL information-weight convention","Square-fita working-normal reference range; independent records and fixed within-tail shape","axis/series/bin_unit",,
"length","F19_R1","cm",125,0,0,0,0,0,0,"count",25,0.95,437.745454545455,"working","Sum of original square-fita working sample sizes; MFCL information-weight convention","Square-fita working-normal reference range; independent records and fixed within-tail shape","axis/series/bin_unit",,
"length","F19_R1","cm",127,0,0,0,0,0,0,"count",25,0.95,437.745454545455,"working","Sum of original square-fita working sample sizes; MFCL information-weight convention","Square-fita working-normal reference range; independent records and fixed within-tail shape","axis/series/bin_unit",,
"length","F19_R1","cm",129,0,0,0,0,0,0,"count",25,0.95,437.745454545455,"working","Sum of original square-fita working sample sizes; MFCL information-weight convention","Square-fita working-normal reference range; independent records and fixed within-tail shape","axis/series/bin_unit",,
"length","F20_R2","cm",31,,0,0,0,,,"count",39,0.95,346.104330419679,"working","Sum of original square-fita working sample sizes; MFCL information-weight convention","Square-fita working-normal reference range; independent records and fixed within-tail shape","axis/series/bin_unit",,
"length","F20_R2","cm",33,,0,0,0,,,"count",39,0.95,346.104330419679,"working","Sum of original square-fita working sample sizes; MFCL information-weight convention","Square-fita working-normal reference range; independent records and fixed within-tail shape","axis/series/bin_unit",,
"length","F20_R2","cm",35,,0,0,0,,,"count",39,0.95,346.104330419679,"working","Sum of original square-fita working sample sizes; MFCL information-weight convention","Square-fita working-normal reference range; independent records and fixed within-tail shape","axis/series/bin_unit",,
"length","F20_R2","cm",37,,0,0,0,,,"count",39,0.95,346.104330419679,"working","Sum of original square-fita working sample sizes; MFCL information-weight convention","Square-fita working-normal reference range; independent records and fixed within-tail shape","axis/series/bin_unit",,
"length","F20_R2","cm",39,,0,0,0,,,"count",39,0.95,346.104330419679,"working","Sum of original square-fita working sample sizes; MFCL information-weight convention","Square-fita working-normal reference range; independent records and fixed within-tail shape","axis/series/bin_unit",,
"length","F20_R2","cm",41,,0,0,0,,,"count",39,0.95,346.104330419679,"working","Sum of original square-fita working sample sizes; MFCL information-weight convention","Square-fita working-normal reference range; independent records and fixed within-tail shape","axis/series/bin_unit",,
"length","F20_R2","cm",43,,0,0,0,,,"count",39,0.95,346.104330419679,"working","Sum of original square-fita working sample sizes; MFCL information-weight convention","Square-fita working-normal reference range; independent records and fixed within-tail shape","axis/series/bin_unit",,
"length","F20_R2","cm",45,,0,0,0,,,"count",39,0.95,346.104330419679,"working","Sum of original square-fita working sample sizes; MFCL information-weight convention","Square-fita working-normal reference range; independent records and fixed within-tail shape","axis/series/bin_unit",,
"length","F20_R2","cm",47,,0,0,0,,,"count",39,0.95,346.104330419679,"working","Sum of original square-fita working sample sizes; MFCL information-weight convention","Square-fita working-normal reference range; independent records and fixed within-tail shape","axis/series/bin_unit",,
"length","F20_R2","cm",49,,0,0,0,,,"count",39,0.95,346.104330419679,"working","Sum of original square-fita working sample sizes; MFCL information-weight convention","Square-fita working-normal reference range; independent records and fixed within-tail shape","axis/series/bin_unit",,
"length","F20_R2","cm",51,,0,0.0842888470634712,0,,,"count",39,0.95,346.104330419679,"working","Sum of original square-fita working sample sizes; MFCL information-weight convention","Square-fita working-normal reference range; independent records and fixed within-tail shape","axis/series/bin_unit",,
"length","F20_R2","cm",53,4924.0097765574,6.75761896958188e-07,0.550158465208784,6.75761896958188e-07,0,137.53319953822,"count",39,0.95,346.104330419679,"working","Sum of original square-fita working sample sizes; MFCL information-weight convention","Square-fita working-normal reference range; independent records and fixed within-tail shape","axis/series/bin_unit",,
"length","F20_R2","cm",55,5587.38247832194,3.63266999237849e-06,0.550158465208784,3.63266999237849e-06,0,146.504951350969,"count",39,0.95,346.104330419679,"working","Sum of original square-fita working sample sizes; MFCL information-weight convention","Square-fita working-normal reference range; independent records and fixed within-tail shape","axis/series/bin_unit",,
"length","F20_R2","cm",57,11735.7005419787,1.15050497275995e-05,0,1.15050497275995e-05,0,212.325729127784,"count",39,0.95,346.104330419679,"working","Sum of original square-fita working sample sizes; MFCL information-weight convention","Square-fita working-normal reference range; independent records and fixed within-tail shape","axis/series/bin_unit",,
"length","F20_R2","cm",59,28483.0974283368,2.13416028739459e-05,2.26265688630883,2.13416028739459e-05,0,330.781891849608,"count",39,0.95,346.104330419679,"working","Sum of original square-fita working sample sizes; MFCL information-weight convention","Square-fita working-normal reference range; independent records and fixed within-tail shape","axis/series/bin_unit",,
"length","F20_R2","cm",61,69209.4338184528,2.39677830596626e-05,5.64751384186969,2.39677830596626e-05,0,515.621193061083,"count",39,0.95,346.104330419679,"working","Sum of original square-fita working sample sizes; MFCL information-weight convention","Square-fita working-normal reference range; independent records and fixed within-tail shape","axis/series/bin_unit",,
"length","F20_R2","cm",63,90574.4740203181,1.82398371957372e-05,4.4492426190207,1.82398371957372e-05,0,589.862809196413,"count",39,0.95,346.104330419679,"working","Sum of original square-fita working sample sizes; MFCL information-weight convention","Square-fita working-normal reference range; independent records and fixed within-tail shape","axis/series/bin_unit",,
"length","F20_R2","cm",65,89062.0874138913,1.28922315607632e-05,0.845118894318417,1.28922315607632e-05,0,584.917392772095,"count",39,0.95,346.104330419679,"working","Sum of original square-fita working sample sizes; MFCL information-weight convention","Square-fita working-normal reference range; independent records and fixed within-tail shape","axis/series/bin_unit",,
"length","F20_R2","cm",67,90768.8928830294,1.13783641414906e-05,0.403117640647613,1.13783641414906e-05,0,590.495535671439,"count",39,0.95,346.104330419679,"working","Sum of original square-fita working sample sizes; MFCL information-weight convention","Square-fita working-normal reference range; independent records and fixed within-tail shape","axis/series/bin_unit",,
"length","F20_R2","cm",69,96195.6470923399,1.05564020661682e-05,2.05806784475122,1.05564020661682e-05,0,607.891133238127,"count",39,0.95,346.104330419679,"working","Sum of original square-fita working sample sizes; MFCL information-weight convention","Square-fita working-normal reference range; independent records and fixed within-tail shape","axis/series/bin_unit",,
"length","F20_R2","cm",71,102856.111530211,9.38172376159624e-06,13.3186645594459,9.38172376159624e-06,0,628.583748353731,"count",39,0.95,346.104330419679,"working","Sum of original square-fita working sample sizes; MFCL information-weight convention","Square-fita working-normal reference range; independent records and fixed within-tail shape","axis/series/bin_unit",,
"length","F20_R2","cm",73,109885.851506389,8.37327863779091e-06,10.1860530388291,8.37327863779091e-06,0,649.709153713485,"count",39,0.95,346.104330419679,"working","Sum of original square-fita working sample sizes; MFCL information-weight convention","Square-fita working-normal reference range; independent records and fixed within-tail shape","axis/series/bin_unit",,
"length","F20_R2","cm",75,111387.35846536,7.92534367481623e-06,24.6256657757598,7.92534367481623e-06,0,654.132984231059,"count",39,0.95,346.104330419679,"working","Sum of original square-fita working sample sizes; MFCL information-weight convention","Square-fita working-normal reference range; independent records and fixed within-tail shape","axis/series/bin_unit",,
"length","F20_R2","cm",77,127730.692347012,24.2737844949749,37.0711005835586,24.2737844949749,0,724.753759076545,"count",39,0.95,346.104330419679,"working","Sum of original square-fita working sample sizes; MFCL information-weight convention","Square-fita working-normal reference range; independent records and fixed within-tail shape","axis/series/bin_unit",,
"length","F20_R2","cm",79,137816.973616731,84.2664709754346,127.420495745934,84.2664709754346,0,811.877788191818,"count",39,0.95,346.104330419679,"working","Sum of original square-fita working sample sizes; MFCL information-weight convention","Square-fita working-normal reference range; independent records and fixed within-tail shape","axis/series/bin_unit",,
"length","F20_R2","cm",81,148130.866960417,228.280891971824,177.42285423186,228.280891971824,0,982.627380995376,"count",39,0.95,346.104330419679,"working","Sum of original square-fita working sample sizes; MFCL information-weight convention","Square-fita working-normal reference range; independent records and fixed within-tail shape","axis/series/bin_unit",,
"length","F20_R2","cm",83,175149.874323143,517.184061046008,455.772263876289,517.184061046008,0,1337.44684190474,"count",39,0.95,346.104330419679,"working","Sum of original square-fita working sample sizes; MFCL information-weight convention","Square-fita working-normal reference range; independent records and fixed within-tail shape","axis/series/bin_unit",,
"length","F20_R2","cm",85,240839.112704849,998.477737865432,929.623087284202,998.477737865432,36.618323050467,1960.3371526804,"count",39,0.95,346.104330419679,"working","Sum of original square-fita working sample sizes; MFCL information-weight convention","Square-fita working-normal reference range; independent records and fixed within-tail shape","axis/series/bin_unit",,
"length","F20_R2","cm",87,322599.478996165,1678.93983148946,1703.16550029176,1678.93983148946,565.722595662984,2792.15706731594,"count",39,0.95,346.104330419679,"working","Sum of original square-fita working sample sizes; MFCL information-weight convention","Square-fita working-normal reference range; independent records and fixed within-tail shape","axis/series/bin_unit",,
"length","F20_R2","cm",89,431454.943178564,2470.04731710666,2981.51897821688,2470.04731710666,1182.6404671927,3757.45416702061,"count",39,0.95,346.104330419679,"working","Sum of original square-fita working sample sizes; MFCL information-weight convention","Square-fita working-normal reference range; independent records and fixed within-tail shape","axis/series/bin_unit",,
"length","F20_R2","cm",91,509336.709801896,3198.30456786146,3732.02680992371,3198.30456786146,1799.52081167474,4597.08832404817,"count",39,0.95,346.104330419679,"working","Sum of original square-fita working sample sizes; MFCL information-weight convention","Square-fita working-normal reference range; independent records and fixed within-tail shape","axis/series/bin_unit",,
"length","F20_R2","cm",93,545248.783318993,3672.13311680939,4051.27151395659,3672.13311680939,2224.87683399232,5119.38939962646,"count",39,0.95,346.104330419679,"working","Sum of original square-fita working sample sizes; MFCL information-weight convention","Square-fita working-normal reference range; independent records and fixed within-tail shape","axis/series/bin_unit",,
"length","F20_R2","cm",95,529972.887871144,3772.00672678751,4016.03401308729,3772.00672678751,2345.16790448089,5198.84554909413,"count",39,0.95,346.104330419679,"working","Sum of original square-fita working sample sizes; MFCL information-weight convention","Square-fita working-normal reference range; independent records and fixed within-tail shape","axis/series/bin_unit",,
"length","F20_R2","cm",97,520082.550867287,3500.7650250394,3420.00415593259,3500.7650250394,2087.30271478198,4914.22733529682,"count",39,0.95,346.104330419679,"working","Sum of original square-fita working sample sizes; MFCL information-weight convention","Square-fita working-normal reference range; independent records and fixed within-tail shape","axis/series/bin_unit",,
"length","F20_R2","cm",99,420090.984704225,2964.33813881095,2565.51819077614,2964.33813881095,1693.99872798952,4234.67754963237,"count",39,0.95,346.104330419679,"working","Sum of original square-fita working sample sizes; MFCL information-weight convention","Square-fita working-normal reference range; independent records and fixed within-tail shape","axis/series/bin_unit",,
"length","F20_R2","cm",101,351150.147943796,2309.12613022725,1795.30017028862,2309.12613022725,1147.69217463325,3470.56008582126,"count",39,0.95,346.104330419679,"working","Sum of original square-fita working sample sizes; MFCL information-weight convention","Square-fita working-normal reference range; independent records and fixed within-tail shape","axis/series/bin_unit",,
"length","F20_R2","cm",103,349975.688440596,1663.7582293684,1421.00199402923,1663.7582293684,504.268171028694,2823.24828770812,"count",39,0.95,346.104330419679,"working","Sum of original square-fita working sample sizes; MFCL information-weight convention","Square-fita working-normal reference range; independent records and fixed within-tail shape","axis/series/bin_unit",,
"length","F20_R2","cm",105,286243.466679761,1111.14169384852,966.048555655588,1111.14169384852,62.5271364714854,2159.75625122555,"count",39,0.95,346.104330419679,"working","Sum of original square-fita working sample sizes; MFCL information-weight convention","Square-fita working-normal reference range; independent records and fixed within-tail shape","axis/series/bin_unit",,
"length","F20_R2","cm",107,235885.679351989,687.259814937204,571.45820431147,687.259814937204,0,1639.17636780417,"count",39,0.95,346.104330419679,"working","Sum of original square-fita working sample sizes; MFCL information-weight convention","Square-fita working-normal reference range; independent records and fixed within-tail shape","axis/series/bin_unit",,
"length","F20_R2","cm",109,186881.242525236,385.589624856962,331.692061623311,385.589624856962,0,1232.87741393506,"count",39,0.95,346.104330419679,"working","Sum of original square-fita working sample sizes; MFCL information-weight convention","Square-fita working-normal reference range; independent records and fixed within-tail shape","axis/series/bin_unit",,
"length","F20_R2","cm",111,153262.97616731,204.630726324176,158.605581826302,204.630726324176,0,971.933412155358,"count",39,0.95,346.104330419679,"working","Sum of original square-fita working sample sizes; MFCL information-weight convention","Square-fita working-normal reference range; independent records and fixed within-tail shape","axis/series/bin_unit",,
"length","F20_R2","cm",113,131106.422633083,95.1908797720902,57.7020105281914,95.1908797720902,0,804.866808399734,"count",39,0.95,346.104330419679,"working","Sum of original square-fita working sample sizes; MFCL information-weight convention","Square-fita working-normal reference range; independent records and fixed within-tail shape","axis/series/bin_unit",,
"length","F20_R2","cm",115,107374.516758743,39.2053444105366,28.0045178425782,39.2053444105366,0,681.447342819736,"count",39,0.95,346.104330419679,"working","Sum of original square-fita working sample sizes; MFCL information-weight convention","Square-fita working-normal reference range; independent records and fixed within-tail shape","axis/series/bin_unit",,
"length","F20_R2","cm",117,89942.2938806008,14.3559680525851,13.3109753447405,14.3559680525851,0,602.156629995983,"count",39,0.95,346.104330419679,"working","Sum of original square-fita working sample sizes; MFCL information-weight convention","Square-fita working-normal reference range; independent records and fixed within-tail shape","axis/series/bin_unit",,
"length","F20_R2","cm",119,80007.171469065,2.76409186836664,10.519704718882,2.76409186836664,0,557.15046846742,"count",39,0.95,346.104330419679,"working","Sum of original square-fita working sample sizes; MFCL information-weight convention","Square-fita working-normal reference range; independent records and fixed within-tail shape","axis/series/bin_unit",,
"length","F20_R2","cm",121,,0,4.28635255594627,0,,,"count",39,0.95,346.104330419679,"working","Sum of original square-fita working sample sizes; MFCL information-weight convention","Square-fita working-normal reference range; independent records and fixed within-tail shape","axis/series/bin_unit",,
"length","F20_R2","cm",123,,0,1.42831444865464,0,,,"count",39,0.95,346.104330419679,"working","Sum of original square-fita working sample sizes; MFCL information-weight convention","Square-fita working-normal reference range; independent records and fixed within-tail shape","axis/series/bin_unit",,
"length","F20_R2","cm",125,,0,0,0,,,"count",39,0.95,346.104330419679,"working","Sum of original square-fita working sample sizes; MFCL information-weight convention","Square-fita working-normal reference range; independent records and fixed within-tail shape","axis/series/bin_unit",,
"length","F20_R2","cm",127,,0,0.0158193700874994,0,,,"count",39,0.95,346.104330419679,"working","Sum of original square-fita working sample sizes; MFCL information-weight convention","Square-fita working-normal reference range; independent records and fixed within-tail shape","axis/series/bin_unit",,
"length","F20_R2","cm",129,,0,0.836380489470122,0,,,"count",39,0.95,346.104330419679,"working","Sum of original square-fita working sample sizes; MFCL information-weight convention","Square-fita working-normal reference range; independent records and fixed within-tail shape","axis/series/bin_unit",,
"length","F3_R1","cm",31,,0,0.600651301504375,0,,,"count",178,0.95,2260.50924580899,"working","Sum of original square-fita working sample sizes; MFCL information-weight convention","Square-fita working-normal reference range; independent records and fixed within-tail shape","axis/series/bin_unit",,
"length","F3_R1","cm",33,,0,0,0,,,"count",178,0.95,2260.50924580899,"working","Sum of original square-fita working sample sizes; MFCL information-weight convention","Square-fita working-normal reference range; independent records and fixed within-tail shape","axis/series/bin_unit",,
"length","F3_R1","cm",35,,0,0,0,,,"count",178,0.95,2260.50924580899,"working","Sum of original square-fita working sample sizes; MFCL information-weight convention","Square-fita working-normal reference range; independent records and fixed within-tail shape","axis/series/bin_unit",,
"length","F3_R1","cm",37,,0,1.63456111913501,0,,,"count",178,0.95,2260.50924580899,"working","Sum of original square-fita working sample sizes; MFCL information-weight convention","Square-fita working-normal reference range; independent records and fixed within-tail shape","axis/series/bin_unit",,
"length","F3_R1","cm",39,,0,2.62417566634508,0,,,"count",178,0.95,2260.50924580899,"working","Sum of original square-fita working sample sizes; MFCL information-weight convention","Square-fita working-normal reference range; independent records and fixed within-tail shape","axis/series/bin_unit",,
"length","F3_R1","cm",41,,7.70469131235999e-07,1.44138800559088,7.70469131235999e-07,,,"count",178,0.95,2260.50924580899,"working","Sum of original square-fita working sample sizes; MFCL information-weight convention","Square-fita working-normal reference range; independent records and fixed within-tail shape","axis/series/bin_unit",,
"length","F3_R1","cm",43,,8.18328355815104e-06,3.36086891213487,8.18328355815104e-06,,,"count",178,0.95,2260.50924580899,"working","Sum of original square-fita working sample sizes; MFCL information-weight convention","Square-fita working-normal reference range; independent records and fixed within-tail shape","axis/series/bin_unit",,
"length","F3_R1","cm",45,,3.56730516523642e-05,4.04301340626161,3.56730516523642e-05,,,"count",178,0.95,2260.50924580899,"working","Sum of original square-fita working sample sizes; MFCL information-weight convention","Square-fita working-normal reference range; independent records and fixed within-tail shape","axis/series/bin_unit",,
"length","F3_R1","cm",47,,6.87328632337776e-05,8.55198388406473,6.87328632337776e-05,,,"count",178,0.95,2260.50924580899,"working","Sum of original square-fita working sample sizes; MFCL information-weight convention","Square-fita working-normal reference range; independent records and fixed within-tail shape","axis/series/bin_unit",,
"length","F3_R1","cm",49,,7.80923269769105e-05,38.970414035252,7.80923269769105e-05,,,"count",178,0.95,2260.50924580899,"working","Sum of original square-fita working sample sizes; MFCL information-weight convention","Square-fita working-normal reference range; independent records and fixed within-tail shape","axis/series/bin_unit",,
"length","F3_R1","cm",51,,9.18801780335089e-05,46.6685049482536,9.18801780335089e-05,,,"count",178,0.95,2260.50924580899,"working","Sum of original square-fita working sample sizes; MFCL information-weight convention","Square-fita working-normal reference range; independent records and fixed within-tail shape","axis/series/bin_unit",,
"length","F3_R1","cm",53,559815.374765459,0.000106696662982902,91.3525528391555,0.000106696662982902,0,1466.46105379105,"count",178,0.95,2260.50924580899,"working","Sum of original square-fita working sample sizes; MFCL information-weight convention","Square-fita working-normal reference range; independent records and fixed within-tail shape","axis/series/bin_unit",,
"length","F3_R1","cm",55,716751.15773456,0.000116671486661224,183.732703356845,0.000116671486661224,0,1659.32831118942,"count",178,0.95,2260.50924580899,"working","Sum of original square-fita working sample sizes; MFCL information-weight convention","Square-fita working-normal reference range; independent records and fixed within-tail shape","axis/series/bin_unit",,
"length","F3_R1","cm",57,870913.470535743,0.000138203326376336,229.699419127643,0.000138203326376336,0,1829.09232654454,"count",178,0.95,2260.50924580899,"working","Sum of original square-fita working sample sizes; MFCL information-weight convention","Square-fita working-normal reference range; independent records and fixed within-tail shape","axis/series/bin_unit",,
"length","F3_R1","cm",59,911577.517589558,0.000153739727147163,305.70285325812,0.000153739727147163,0,1871.306514465,"count",178,0.95,2260.50924580899,"working","Sum of original square-fita working sample sizes; MFCL information-weight convention","Square-fita working-normal reference range; independent records and fixed within-tail shape","axis/series/bin_unit",,
"length","F3_R1","cm",61,955435.600548307,1.89313134056868,245.651478126407,1.89313134056868,0,1917.68709607986,"count",178,0.95,2260.50924580899,"working","Sum of original square-fita working sample sizes; MFCL information-weight convention","Square-fita working-normal reference range; independent records and fixed within-tail shape","axis/series/bin_unit",,
"length","F3_R1","cm",63,998830.333077993,8.83591158650017,313.059481765089,8.83591158650017,0,1967.65330822645,"count",178,0.95,2260.50924580899,"working","Sum of original square-fita working sample sizes; MFCL information-weight convention","Square-fita working-normal reference range; independent records and fixed within-tail shape","axis/series/bin_unit",,
"length","F3_R1","cm",65,1039613.26729461,25.7215906391895,413.820999101432,25.7215906391895,0,2024.12884536969,"count",178,0.95,2260.50924580899,"working","Sum of original square-fita working sample sizes; MFCL information-weight convention","Square-fita working-normal reference range; independent records and fixed within-tail shape","axis/series/bin_unit",,
"length","F3_R1","cm",67,1066550.11585445,62.9324594380591,393.196517900888,62.9324594380591,0,2087.06396461785,"count",178,0.95,2260.50924580899,"working","Sum of original square-fita working sample sizes; MFCL information-weight convention","Square-fita working-normal reference range; independent records and fixed within-tail shape","axis/series/bin_unit",,
"length","F3_R1","cm",69,1107022.47270355,157.293814436622,558.293203251201,157.293814436622,0,2219.472575474,"count",178,0.95,2260.50924580899,"working","Sum of original square-fita working sample sizes; MFCL information-weight convention","Square-fita working-normal reference range; independent records and fixed within-tail shape","axis/series/bin_unit",,
"length","F3_R1","cm",71,1150462.34655668,310.788183256761,743.276590714649,310.788183256761,0,2413.03786611002,"count",178,0.95,2260.50924580899,"working","Sum of original square-fita working sample sizes; MFCL information-weight convention","Square-fita working-normal reference range; independent records and fixed within-tail shape","axis/series/bin_unit",,
"length","F3_R1","cm",73,1203909.47445192,575.677268277064,1009.16858010657,575.677268277064,0,2726.20480122115,"count",178,0.95,2260.50924580899,"working","Sum of original square-fita working sample sizes; MFCL information-weight convention","Square-fita working-normal reference range; independent records and fixed within-tail shape","axis/series/bin_unit",,
"length","F3_R1","cm",75,1304795.66336201,1016.59224095741,1487.70036598358,1016.59224095741,0,3255.41309359959,"count",178,0.95,2260.50924580899,"working","Sum of original square-fita working sample sizes; MFCL information-weight convention","Square-fita working-normal reference range; independent records and fixed within-tail shape","axis/series/bin_unit",,
"length","F3_R1","cm",77,1409157.19969972,1891.44294732363,2049.11778538931,1891.44294732363,0,4218.07556863089,"count",178,0.95,2260.50924580899,"working","Sum of original square-fita working sample sizes; MFCL information-weight convention","Square-fita working-normal reference range; independent records and fixed within-tail shape","axis/series/bin_unit",,
"length","F3_R1","cm",79,1715256.31453214,3316.11712663032,3566.31462267177,3316.11712663032,749.195526890507,5883.03872637013,"count",178,0.95,2260.50924580899,"working","Sum of original square-fita working sample sizes; MFCL information-weight convention","Square-fita working-normal reference range; independent records and fixed within-tail shape","axis/series/bin_unit",,
"length","F3_R1","cm",81,2169011.93039081,5426.52013298325,6104.07806225276,5426.52013298325,2539.97028720012,8313.06997876637,"count",178,0.95,2260.50924580899,"working","Sum of original square-fita working sample sizes; MFCL information-weight convention","Square-fita working-normal reference range; independent records and fixed within-tail shape","axis/series/bin_unit",,
"length","F3_R1","cm",83,2624016.8054071,8567.91458450079,9271.51375439379,8567.91458450079,5393.00474282328,11742.8244261783,"count",178,0.95,2260.50924580899,"working","Sum of original square-fita working sample sizes; MFCL information-weight convention","Square-fita working-normal reference range; independent records and fixed within-tail shape","axis/series/bin_unit",,
"length","F3_R1","cm",85,3175032.50011204,13005.7092807275,13610.9129534469,13005.7092807275,9513.32376312695,16498.094798328,"count",178,0.95,2260.50924580899,"working","Sum of original square-fita working sample sizes; MFCL information-weight convention","Square-fita working-normal reference range; independent records and fixed within-tail shape","axis/series/bin_unit",,
"length","F3_R1","cm",87,3887629.63377846,18591.3944830437,18789.4860773705,18591.3944830437,14726.9192084081,22455.8697576793,"count",178,0.95,2260.50924580899,"working","Sum of original square-fita working sample sizes; MFCL information-weight convention","Square-fita working-normal reference range; independent records and fixed within-tail shape","axis/series/bin_unit",,
"length","F3_R1","cm",89,4160214.29429575,24379.4342479287,21868.8682070255,24379.4342479287,20381.7734448089,28377.0950510485,"count",178,0.95,2260.50924580899,"working","Sum of original square-fita working sample sizes; MFCL information-weight convention","Square-fita working-normal reference range; independent records and fixed within-tail shape","axis/series/bin_unit",,
"length","F3_R1","cm",91,4935634.70060764,28798.2335375691,27338.96950462,28798.2335375691,24443.9210250853,33152.546050053,"count",178,0.95,2260.50924580899,"working","Sum of original square-fita working sample sizes; MFCL information-weight convention","Square-fita working-normal reference range; independent records and fixed within-tail shape","axis/series/bin_unit",,
"length","F3_R1","cm",93,5153156.58596509,30392.6177289759,29667.4533751811,30392.6177289759,25943.3887146888,34841.8467432629,"count",178,0.95,2260.50924580899,"working","Sum of original square-fita working sample sizes; MFCL information-weight convention","Square-fita working-normal reference range; independent records and fixed within-tail shape","axis/series/bin_unit",,
"length","F3_R1","cm",95,4865292.62001188,28642.1575694639,27613.2812075722,28642.1575694639,24318.9849785993,32965.3301603284,"count",178,0.95,2260.50924580899,"working","Sum of original square-fita working sample sizes; MFCL information-weight convention","Square-fita working-normal reference range; independent records and fixed within-tail shape","axis/series/bin_unit",,
"length","F3_R1","cm",97,4427565.59396521,24210.4563406448,24424.8749335905,24210.4563406448,20086.3429928888,28334.5696884009,"count",178,0.95,2260.50924580899,"working","Sum of original square-fita working sample sizes; MFCL information-weight convention","Square-fita working-normal reference range; independent records and fixed within-tail shape","axis/series/bin_unit",,
"length","F3_R1","cm",99,3782437.02723086,18487.621572555,19601.5253733669,18487.621572555,14675.7878823245,22299.4552627855,"count",178,0.95,2260.50924580899,"working","Sum of original square-fita working sample sizes; MFCL information-weight convention","Square-fita working-normal reference range; independent records and fixed within-tail shape","axis/series/bin_unit",,
"length","F3_R1","cm",101,2913499.88207265,12868.9298521411,13064.9665769759,12868.9298521411,9523.47176376524,16214.3879405169,"count",178,0.95,2260.50924580899,"working","Sum of original square-fita working sample sizes; MFCL information-weight convention","Square-fita working-normal reference range; independent records and fixed within-tail shape","axis/series/bin_unit",,
"length","F3_R1","cm",103,2185327.07304083,8228.62253682185,7733.80651451081,8228.62253682185,5331.2368253857,11126.008248258,"count",178,0.95,2260.50924580899,"working","Sum of original square-fita working sample sizes; MFCL information-weight convention","Square-fita working-normal reference range; independent records and fixed within-tail shape","axis/series/bin_unit",,
"length","F3_R1","cm",105,1672888.66154586,4842.75267691804,4240.57227099193,4842.75267691804,2307.73139398282,7377.77395985327,"count",178,0.95,2260.50924580899,"working","Sum of original square-fita working sample sizes; MFCL information-weight convention","Square-fita working-normal reference range; independent records and fixed within-tail shape","axis/series/bin_unit",,
"length","F3_R1","cm",107,1318917.68555545,2636.22313167129,1712.25194877339,2636.22313167129,385.319318322863,4887.12694501971,"count",178,0.95,2260.50924580899,"working","Sum of original square-fita working sample sizes; MFCL information-weight convention","Square-fita working-normal reference range; independent records and fixed within-tail shape","axis/series/bin_unit",,
"length","F3_R1","cm",109,1089005.40434448,1303.41207503351,810.369454273498,1303.41207503351,0,3348.74075676236,"count",178,0.95,2260.50924580899,"working","Sum of original square-fita working sample sizes; MFCL information-weight convention","Square-fita working-normal reference range; independent records and fixed within-tail shape","axis/series/bin_unit",,
"length","F3_R1","cm",111,975523.707888386,606.722554151654,443.69505859722,606.722554151654,0,2542.55161490678,"count",178,0.95,2260.50924580899,"working","Sum of original square-fita working sample sizes; MFCL information-weight convention","Square-fita working-normal reference range; independent records and fixed within-tail shape","axis/series/bin_unit",,
"length","F3_R1","cm",113,912497.877030629,245.871778978627,265.732193999592,245.871778978627,0,2118.12256842538,"count",178,0.95,2260.50924580899,"working","Sum of original square-fita working sample sizes; MFCL information-weight convention","Square-fita working-normal reference range; independent records and fixed within-tail shape","axis/series/bin_unit",,
"length","F3_R1","cm",115,857583.696796721,92.7463916080548,196.703556203263,92.7463916080548,0,1907.78701279074,"count",178,0.95,2260.50924580899,"working","Sum of original square-fita working sample sizes; MFCL information-weight convention","Square-fita working-normal reference range; independent records and fixed within-tail shape","axis/series/bin_unit",,
"length","F3_R1","cm",117,786405.315454097,27.9508705482714,102.498166454664,27.9508705482714,0,1766.03706970293,"count",178,0.95,2260.50924580899,"working","Sum of original square-fita working sample sizes; MFCL information-weight convention","Square-fita working-normal reference range; independent records and fixed within-tail shape","axis/series/bin_unit",,
"length","F3_R1","cm",119,741009.710030738,3.38198129630405,51.1443934699805,3.38198129630405,0,1690.55662750741,"count",178,0.95,2260.50924580899,"working","Sum of original square-fita working sample sizes; MFCL information-weight convention","Square-fita working-normal reference range; independent records and fixed within-tail shape","axis/series/bin_unit",,
"length","F3_R1","cm",121,,0,40.2099481332907,0,,,"count",178,0.95,2260.50924580899,"working","Sum of original square-fita working sample sizes; MFCL information-weight convention","Square-fita working-normal reference range; independent records and fixed within-tail shape","axis/series/bin_unit",,
"length","F3_R1","cm",123,,0,21.5523731445558,0,,,"count",178,0.95,2260.50924580899,"working","Sum of original square-fita working sample sizes; MFCL information-weight convention","Square-fita working-normal reference range; independent records and fixed within-tail shape","axis/series/bin_unit",,
"length","F3_R1","cm",125,,0,10.665397512329,0,,,"count",178,0.95,2260.50924580899,"working","Sum of original square-fita working sample sizes; MFCL information-weight convention","Square-fita working-normal reference range; independent records and fixed within-tail shape","axis/series/bin_unit",,
"length","F3_R1","cm",127,,0,9.19322418292765,0,,,"count",178,0.95,2260.50924580899,"working","Sum of original square-fita working sample sizes; MFCL information-weight convention","Square-fita working-normal reference range; independent records and fixed within-tail shape","axis/series/bin_unit",,
"length","F3_R1","cm",129,,0,33.6615593671368,0,,,"count",178,0.95,2260.50924580899,"working","Sum of original square-fita working sample sizes; MFCL information-weight convention","Square-fita working-normal reference range; independent records and fixed within-tail shape","axis/series/bin_unit",,
"length","F4_R1","cm",31,,0,5.0895531381487,0,,,"count",145,0.95,519.221965499788,"working","Sum of original square-fita working sample sizes; MFCL information-weight convention","Square-fita working-normal reference range; independent records and fixed within-tail shape","axis/series/bin_unit",,
"length","F4_R1","cm",33,,0,3.56048161209872,0,,,"count",145,0.95,519.221965499788,"working","Sum of original square-fita working sample sizes; MFCL information-weight convention","Square-fita working-normal reference range; independent records and fixed within-tail shape","axis/series/bin_unit",,
"length","F4_R1","cm",35,,0,5.54491669064308,0,,,"count",145,0.95,519.221965499788,"working","Sum of original square-fita working sample sizes; MFCL information-weight convention","Square-fita working-normal reference range; independent records and fixed within-tail shape","axis/series/bin_unit",,
"length","F4_R1","cm",37,,0,1.0472136613006,0,,,"count",145,0.95,519.221965499788,"working","Sum of original square-fita working sample sizes; MFCL information-weight convention","Square-fita working-normal reference range; independent records and fixed within-tail shape","axis/series/bin_unit",,
"length","F4_R1","cm",39,,0,0.75414742097414,0,,,"count",145,0.95,519.221965499788,"working","Sum of original square-fita working sample sizes; MFCL information-weight convention","Square-fita working-normal reference range; independent records and fixed within-tail shape","axis/series/bin_unit",,
"length","F4_R1","cm",41,,4.59572565773014e-06,3.08822153478678,4.59572565773014e-06,,,"count",145,0.95,519.221965499788,"working","Sum of original square-fita working sample sizes; MFCL information-weight convention","Square-fita working-normal reference range; independent records and fixed within-tail shape","axis/series/bin_unit",,
"length","F4_R1","cm",43,,4.8811983099627e-05,1.8000777895468,4.8811983099627e-05,,,"count",145,0.95,519.221965499788,"working","Sum of original square-fita working sample sizes; MFCL information-weight convention","Square-fita working-normal reference range; independent records and fixed within-tail shape","axis/series/bin_unit",,
"length","F4_R1","cm",45,,0.000210131522059784,10.4943859538149,0.000210131522059784,,,"count",145,0.95,519.221965499788,"working","Sum of original square-fita working sample sizes; MFCL information-weight convention","Square-fita working-normal reference range; independent records and fixed within-tail shape","axis/series/bin_unit",,
"length","F4_R1","cm",47,,0.000372175158759347,0.8803740526986,0.000372175158759347,,,"count",145,0.95,519.221965499788,"working","Sum of original square-fita working sample sizes; MFCL information-weight convention","Square-fita working-normal reference range; independent records and fixed within-tail shape","axis/series/bin_unit",,
"length","F4_R1","cm",49,,0.000293973002451638,2.81859190631611,0.000293973002451638,,,"count",145,0.95,519.221965499788,"working","Sum of original square-fita working sample sizes; MFCL information-weight convention","Square-fita working-normal reference range; independent records and fixed within-tail shape","axis/series/bin_unit",,
"length","F4_R1","cm",51,,0.000164066501730695,12.9943075257927,0.000164066501730695,,,"count",145,0.95,519.221965499788,"working","Sum of original square-fita working sample sizes; MFCL information-weight convention","Square-fita working-normal reference range; independent records and fixed within-tail shape","axis/series/bin_unit",,
"length","F4_R1","cm",53,5277024.23853931,0.000139276574493151,33.1424784459814,0.000139276574493151,0,4502.38520812103,"count",145,0.95,519.221965499788,"working","Sum of original square-fita working sample sizes; MFCL information-weight convention","Square-fita working-normal reference range; independent records and fixed within-tail shape","axis/series/bin_unit",,
"length","F4_R1","cm",55,5938614.36037366,0.000174330384907304,23.3095100938601,0.000174330384907304,0,4776.28979257572,"count",145,0.95,519.221965499788,"working","Sum of original square-fita working sample sizes; MFCL information-weight convention","Square-fita working-normal reference range; independent records and fixed within-tail shape","axis/series/bin_unit",,
"length","F4_R1","cm",57,6142669.2776365,0.000245699610166358,36.5507736871072,0.000245699610166358,0,4857.655140727,"count",145,0.95,519.221965499788,"working","Sum of original square-fita working sample sizes; MFCL information-weight convention","Square-fita working-normal reference range; independent records and fixed within-tail shape","axis/series/bin_unit",,
"length","F4_R1","cm",59,6519933.9742162,0.000287857089052011,34.0121212469701,0.000287857089052011,0,5004.60395604063,"count",145,0.95,519.221965499788,"working","Sum of original square-fita working sample sizes; MFCL information-weight convention","Square-fita working-normal reference range; independent records and fixed within-tail shape","axis/series/bin_unit",,
"length","F4_R1","cm",61,6573443.60638392,0.000258815402747317,37.3603212216547,0.000258815402747317,0,5025.09855875729,"count",145,0.95,519.221965499788,"working","Sum of original square-fita working sample sizes; MFCL information-weight convention","Square-fita working-normal reference range; independent records and fixed within-tail shape","axis/series/bin_unit",,
"length","F4_R1","cm",63,6907102.73000018,0.000195347155973578,104.420531305057,0.000195347155973578,0,5151.05355437962,"count",145,0.95,519.221965499788,"working","Sum of original square-fita working sample sizes; MFCL information-weight convention","Square-fita working-normal reference range; independent records and fixed within-tail shape","axis/series/bin_unit",,
"length","F4_R1","cm",65,6919048.27000754,0.000159694979406508,110.208624079651,0.000159694979406508,0,5155.50585823018,"count",145,0.95,519.221965499788,"working","Sum of original square-fita working sample sizes; MFCL information-weight convention","Square-fita working-normal reference range; independent records and fixed within-tail shape","axis/series/bin_unit",,
"length","F4_R1","cm",67,7741320.04441271,0.00327911537882837,152.10606960565,0.00327911537882837,0,5453.2557185707,"count",145,0.95,519.221965499788,"working","Sum of original square-fita working sample sizes; MFCL information-weight convention","Square-fita working-normal reference range; independent records and fixed within-tail shape","axis/series/bin_unit",,
"length","F4_R1","cm",69,7764459.04365742,0.0218393151720168,110.681032250395,0.0218393151720168,0,5461.41815172247,"count",145,0.95,519.221965499788,"working","Sum of original square-fita working sample sizes; MFCL information-weight convention","Square-fita working-normal reference range; independent records and fixed within-tail shape","axis/series/bin_unit",,
"length","F4_R1","cm",71,7909297.12247916,0.0638969043196862,167.719787313743,0.0638969043196862,0,5512.16324258362,"count",145,0.95,519.221965499788,"working","Sum of original square-fita working sample sizes; MFCL information-weight convention","Square-fita working-normal reference range; independent records and fixed within-tail shape","axis/series/bin_unit",,
"length","F4_R1","cm",73,8004155.09551594,0.155342826890456,168.882194467544,0.155342826890456,0,5545.21009403301,"count",145,0.95,519.221965499788,"working","Sum of original square-fita working sample sizes; MFCL information-weight convention","Square-fita working-normal reference range; independent records and fixed within-tail shape","axis/series/bin_unit",,
"length","F4_R1","cm",75,8199567.88038612,1.83271673662163,256.754188884451,1.83271673662163,0,5614.16755706729,"count",145,0.95,519.221965499788,"working","Sum of original square-fita working sample sizes; MFCL information-weight convention","Square-fita working-normal reference range; independent records and fixed within-tail shape","axis/series/bin_unit",,
"length","F4_R1","cm",77,8412696.16612533,80.2806677275513,348.041276247275,80.2806677275513,0,5765.08725134865,"count",145,0.95,519.221965499788,"working","Sum of original square-fita working sample sizes; MFCL information-weight convention","Square-fita working-normal reference range; independent records and fixed within-tail shape","axis/series/bin_unit",,
"length","F4_R1","cm",79,8628273.57249084,558.205877395096,581.333439652382,558.205877395096,0,6315.38901000491,"count",145,0.95,519.221965499788,"working","Sum of original square-fita working sample sizes; MFCL information-weight convention","Square-fita working-normal reference range; independent records and fixed within-tail shape","axis/series/bin_unit",,
"length","F4_R1","cm",81,9509255.92203443,1698.26181394925,1665.97981661652,1698.26181394925,0,7742.21871650381,"count",145,0.95,519.221965499788,"working","Sum of original square-fita working sample sizes; MFCL information-weight convention","Square-fita working-normal reference range; independent records and fixed within-tail shape","axis/series/bin_unit",,
"length","F4_R1","cm",83,10255167.141008,3998.35628867896,2331.68484497332,3998.35628867896,0,10274.8841721124,"count",145,0.95,519.221965499788,"working","Sum of original square-fita working sample sizes; MFCL information-weight convention","Square-fita working-normal reference range; independent records and fixed within-tail shape","axis/series/bin_unit",,
"length","F4_R1","cm",85,12332736.3743897,8037.51827612648,4603.29270602174,8037.51827612648,1154.51755487891,14920.5189973741,"count",145,0.95,519.221965499788,"working","Sum of original square-fita working sample sizes; MFCL information-weight convention","Square-fita working-normal reference range; independent records and fixed within-tail shape","axis/series/bin_unit",,
"length","F4_R1","cm",87,15967906.4459479,14181.3618408182,8551.36493001089,14181.3618408182,6349.37262575889,22013.3510558775,"count",145,0.95,519.221965499788,"working","Sum of original square-fita working sample sizes; MFCL information-weight convention","Square-fita working-normal reference range; independent records and fixed within-tail shape","axis/series/bin_unit",,
"length","F4_R1","cm",89,20838238.2130083,22034.7612892759,13381.3176063269,22034.7612892759,13087.7375388276,30981.7850397242,"count",145,0.95,519.221965499788,"working","Sum of original square-fita working sample sizes; MFCL information-weight convention","Square-fita working-normal reference range; independent records and fixed within-tail shape","axis/series/bin_unit",,
"length","F4_R1","cm",91,31614107.7047007,30255.7053232435,25201.939369716,30255.7053232435,19235.5286957753,41275.8819507117,"count",145,0.95,519.221965499788,"working","Sum of original square-fita working sample sizes; MFCL information-weight convention","Square-fita working-normal reference range; independent records and fixed within-tail shape","axis/series/bin_unit",,
"length","F4_R1","cm",93,42070886.5098657,36845.2706909625,35051.3734878967,36845.2706909625,24132.5377795171,49558.0036024078,"count",145,0.95,519.221965499788,"working","Sum of original square-fita working sample sizes; MFCL information-weight convention","Square-fita working-normal reference range; independent records and fixed within-tail shape","axis/series/bin_unit",,
"length","F4_R1","cm",95,48943673.0202404,39943.0833978417,41571.4882024447,39943.0833978417,26231.2234058212,53654.9433898622,"count",145,0.95,519.221965499788,"working","Sum of original square-fita working sample sizes; MFCL information-weight convention","Square-fita working-normal reference range; independent records and fixed within-tail shape","axis/series/bin_unit",,
"length","F4_R1","cm",97,53067810.797615,38693.5696783524,45109.0485190862,38693.5696783524,24415.6913386472,52971.4480180577,"count",145,0.95,519.221965499788,"working","Sum of original square-fita working sample sizes; MFCL information-weight convention","Square-fita working-normal reference range; independent records and fixed within-tail shape","axis/series/bin_unit",,
"length","F4_R1","cm",99,48315098.1418893,33625.5048239427,39396.5513059653,33625.5048239427,20001.9788512048,47249.0307966805,"count",145,0.95,519.221965499788,"working","Sum of original square-fita working sample sizes; MFCL information-weight convention","Square-fita working-normal reference range; independent records and fixed within-tail shape","axis/series/bin_unit",,
"length","F4_R1","cm",101,40305806.0135821,26318.4693179725,30811.7597485864,26318.4693179725,13875.2746302702,38761.6640056747,"count",145,0.95,519.221965499788,"working","Sum of original square-fita working sample sizes; MFCL information-weight convention","Square-fita working-normal reference range; independent records and fixed within-tail shape","axis/series/bin_unit",,
"length","F4_R1","cm",103,32698716.117072,18626.9296075729,22022.8633199358,18626.9296075729,7419.30847491053,29834.5507402352,"count",145,0.95,519.221965499788,"working","Sum of original square-fita working sample sizes; MFCL information-weight convention","Square-fita working-normal reference range; independent records and fixed within-tail shape","axis/series/bin_unit",,
"length","F4_R1","cm",105,23831786.5129416,11962.2063474816,13666.0300482054,11962.2063474816,2394.09125029354,21530.3214446697,"count",145,0.95,519.221965499788,"working","Sum of original square-fita working sample sizes; MFCL information-weight convention","Square-fita working-normal reference range; independent records and fixed within-tail shape","axis/series/bin_unit",,
"length","F4_R1","cm",107,16611809.317028,6988.61623531866,7075.96944550209,6988.61623531866,0,14976.9565778796,"count",145,0.95,519.221965499788,"working","Sum of original square-fita working sample sizes; MFCL information-weight convention","Square-fita working-normal reference range; independent records and fixed within-tail shape","axis/series/bin_unit",,
"length","F4_R1","cm",109,12627682.9531981,3717.92522154075,3583.02091778114,3717.92522154075,0,10682.7456833683,"count",145,0.95,519.221965499788,"working","Sum of original square-fita working sample sizes; MFCL information-weight convention","Square-fita working-normal reference range; independent records and fixed within-tail shape","axis/series/bin_unit",,
"length","F4_R1","cm",111,10353574.8716039,1767.02601231096,1682.79689406509,1767.02601231096,0,8073.5965158604,"count",145,0.95,519.221965499788,"working","Sum of original square-fita working sample sizes; MFCL information-weight convention","Square-fita working-normal reference range; independent records and fixed within-tail shape","axis/series/bin_unit",,
"length","F4_R1","cm",113,9498016.14916925,734.171149331285,1033.47658970568,734.171149331285,0,6774.55507051721,"count",145,0.95,519.221965499788,"working","Sum of original square-fita working sample sizes; MFCL information-weight convention","Square-fita working-normal reference range; independent records and fixed within-tail shape","axis/series/bin_unit",,
"length","F4_R1","cm",115,8697098.58175305,260.687587837163,519.19145287894,260.687587837163,0,6040.78672723967,"count",145,0.95,519.221965499788,"working","Sum of original square-fita working sample sizes; MFCL information-weight convention","Square-fita working-normal reference range; independent records and fixed within-tail shape","axis/series/bin_unit",,
"length","F4_R1","cm",117,8280268.10713177,76.3123597304314,273.277595233086,76.3123597304314,0,5716.19790447809,"count",145,0.95,519.221965499788,"working","Sum of original square-fita working sample sizes; MFCL information-weight convention","Square-fita working-normal reference range; independent records and fixed within-tail shape","axis/series/bin_unit",,
"length","F4_R1","cm",119,8030011.24856716,6.55152956926142,175.8947456387,6.55152956926142,0,5560.55526931245,"count",145,0.95,519.221965499788,"working","Sum of original square-fita working sample sizes; MFCL information-weight convention","Square-fita working-normal reference range; independent records and fixed within-tail shape","axis/series/bin_unit",,
"length","F4_R1","cm",121,,0,212.538538284928,0,,,"count",145,0.95,519.221965499788,"working","Sum of original square-fita working sample sizes; MFCL information-weight convention","Square-fita working-normal reference range; independent records and fixed within-tail shape","axis/series/bin_unit",,
"length","F4_R1","cm",123,,0,74.7657544223677,0,,,"count",145,0.95,519.221965499788,"working","Sum of original square-fita working sample sizes; MFCL information-weight convention","Square-fita working-normal reference range; independent records and fixed within-tail shape","axis/series/bin_unit",,
"length","F4_R1","cm",125,,0,85.941805947343,0,,,"count",145,0.95,519.221965499788,"working","Sum of original square-fita working sample sizes; MFCL information-weight convention","Square-fita working-normal reference range; independent records and fixed within-tail shape","axis/series/bin_unit",,
"length","F4_R1","cm",127,,0,38.3178865522144,0,,,"count",145,0.95,519.221965499788,"working","Sum of original square-fita working sample sizes; MFCL information-weight convention","Square-fita working-normal reference range; independent records and fixed within-tail shape","axis/series/bin_unit",,
"length","F4_R1","cm",129,,0,80.3748153081071,0,,,"count",145,0.95,519.221965499788,"working","Sum of original square-fita working sample sizes; MFCL information-weight convention","Square-fita working-normal reference range; independent records and fixed within-tail shape","axis/series/bin_unit",,
"length","F6_R1","cm",31,,0,15.444968102486,0,,,"count",116,0.95,1234.18658985854,"working","Sum of original square-fita working sample sizes; MFCL information-weight convention","Square-fita working-normal reference range; independent records and fixed within-tail shape","axis/series/bin_unit",,
"length","F6_R1","cm",33,,0,7.80210661293609,0,,,"count",116,0.95,1234.18658985854,"working","Sum of original square-fita working sample sizes; MFCL information-weight convention","Square-fita working-normal reference range; independent records and fixed within-tail shape","axis/series/bin_unit",,
"length","F6_R1","cm",35,,0,5.25389297727382,0,,,"count",116,0.95,1234.18658985854,"working","Sum of original square-fita working sample sizes; MFCL information-weight convention","Square-fita working-normal reference range; independent records and fixed within-tail shape","axis/series/bin_unit",,
"length","F6_R1","cm",37,,0,5.22321272096699,0,,,"count",116,0.95,1234.18658985854,"working","Sum of original square-fita working sample sizes; MFCL information-weight convention","Square-fita working-normal reference range; independent records and fixed within-tail shape","axis/series/bin_unit",,
"length","F6_R1","cm",39,,0,5.88396241976451,0,,,"count",116,0.95,1234.18658985854,"working","Sum of original square-fita working sample sizes; MFCL information-weight convention","Square-fita working-normal reference range; independent records and fixed within-tail shape","axis/series/bin_unit",,
"length","F6_R1","cm",41,,1.821036357827e-05,7.56587846889726,1.821036357827e-05,,,"count",116,0.95,1234.18658985854,"working","Sum of original square-fita working sample sizes; MFCL information-weight convention","Square-fita working-normal reference range; independent records and fixed within-tail shape","axis/series/bin_unit",,
"length","F6_R1","cm",43,,0.000193415365803102,6.15727945175538,0.000193415365803102,,,"count",116,0.95,1234.18658985854,"working","Sum of original square-fita working sample sizes; MFCL information-weight convention","Square-fita working-normal reference range; independent records and fixed within-tail shape","axis/series/bin_unit",,
"length","F6_R1","cm",45,,0.00083454375020797,6.87670267780867,0.00083454375020797,,,"count",116,0.95,1234.18658985854,"working","Sum of original square-fita working sample sizes; MFCL information-weight convention","Square-fita working-normal reference range; independent records and fixed within-tail shape","axis/series/bin_unit",,
"length","F6_R1","cm",47,,0.00150190325928804,11.5790225500747,0.00150190325928804,,,"count",116,0.95,1234.18658985854,"working","Sum of original square-fita working sample sizes; MFCL information-weight convention","Square-fita working-normal reference range; independent records and fixed within-tail shape","axis/series/bin_unit",,
"length","F6_R1","cm",49,,0.00129341777255517,19.2800173419066,0.00129341777255517,,,"count",116,0.95,1234.18658985854,"working","Sum of original square-fita working sample sizes; MFCL information-weight convention","Square-fita working-normal reference range; independent records and fixed within-tail shape","axis/series/bin_unit",,
"length","F6_R1","cm",51,31680858.0545127,0.000963222767153012,31.1790515720067,0.000963222767153012,0,11031.8055128269,"count",116,0.95,1234.18658985854,"working","Sum of original square-fita working sample sizes; MFCL information-weight convention","Square-fita working-normal reference range; independent records and fixed within-tail shape","axis/series/bin_unit",,
"length","F6_R1","cm",53,34486427.3311009,0.00106013599267741,55.8356509792927,0.00106013599267741,0,11509.91810872,"count",116,0.95,1234.18658985854,"working","Sum of original square-fita working sample sizes; MFCL information-weight convention","Square-fita working-normal reference range; independent records and fixed within-tail shape","axis/series/bin_unit",,
"length","F6_R1","cm",55,35210859.6432826,0.00140335701494905,62.9030882933777,0.00140335701494905,0,11630.1805662466,"count",116,0.95,1234.18658985854,"working","Sum of original square-fita working sample sizes; MFCL information-weight convention","Square-fita working-normal reference range; independent records and fixed within-tail shape","axis/series/bin_unit",,
"length","F6_R1","cm",57,35513992.4663277,0.00185017927942577,41.2725103721299,0.00185017927942577,0,11680.1362508546,"count",116,0.95,1234.18658985854,"working","Sum of original square-fita working sample sizes; MFCL information-weight convention","Square-fita working-normal reference range; independent records and fixed within-tail shape","axis/series/bin_unit",,
"length","F6_R1","cm",59,35896063.3523393,0.00204676050362522,78.4173947564904,0.00204676050362522,0,11742.7976761257,"count",116,0.95,1234.18658985854,"working","Sum of original square-fita working sample sizes; MFCL information-weight convention","Square-fita working-normal reference range; independent records and fixed within-tail shape","axis/series/bin_unit",,
"length","F6_R1","cm",61,38538840.2905121,0.00186485623847056,150.837560114341,0.00186485623847056,0,12167.3913947969,"count",116,0.95,1234.18658985854,"working","Sum of original square-fita working sample sizes; MFCL information-weight convention","Square-fita working-normal reference range; independent records and fixed within-tail shape","axis/series/bin_unit",,
"length","F6_R1","cm",63,39727458.3944399,0.00147424969715243,166.504932330513,0.00147424969715243,0,12353.5999570028,"count",116,0.95,1234.18658985854,"working","Sum of original square-fita working sample sizes; MFCL information-weight convention","Square-fita working-normal reference range; independent records and fixed within-tail shape","axis/series/bin_unit",,
"length","F6_R1","cm",65,41806070.6948893,0.00119347818906044,278.832553351907,0.00119347818906044,0,12672.6607024149,"count",116,0.95,1234.18658985854,"working","Sum of original square-fita working sample sizes; MFCL information-weight convention","Square-fita working-normal reference range; independent records and fixed within-tail shape","axis/series/bin_unit",,
"length","F6_R1","cm",67,42205300.9001824,66.137021567681,211.154235863378,66.137021567681,0,12799.1620126315,"count",116,0.95,1234.18658985854,"working","Sum of original square-fita working sample sizes; MFCL information-weight convention","Square-fita working-normal reference range; independent records and fixed within-tail shape","axis/series/bin_unit",,
"length","F6_R1","cm",69,43316898.9708405,302.852692030394,458.350288214494,302.852692030394,0,13202.4683311357,"count",116,0.95,1234.18658985854,"working","Sum of original square-fita working sample sizes; MFCL information-weight convention","Square-fita working-normal reference range; independent records and fixed within-tail shape","axis/series/bin_unit",,
"length","F6_R1","cm",71,44390697.0600034,838.949684938758,763.114320220662,838.949684938758,0,13897.473138144,"count",116,0.95,1234.18658985854,"working","Sum of original square-fita working sample sizes; MFCL information-weight convention","Square-fita working-normal reference range; independent records and fixed within-tail shape","axis/series/bin_unit",,
"length","F6_R1","cm",73,45019652.2006969,1916.38612005171,1168.83555187439,1916.38612005171,0,15067.0948481374,"count",116,0.95,1234.18658985854,"working","Sum of original square-fita working sample sizes; MFCL information-weight convention","Square-fita working-normal reference range; independent records and fixed within-tail shape","axis/series/bin_unit",,
"length","F6_R1","cm",75,45758052.5753424,3718.33859916415,1530.64395998818,3718.33859916415,0,16976.4559120911,"count",116,0.95,1234.18658985854,"working","Sum of original square-fita working sample sizes; MFCL information-weight convention","Square-fita working-normal reference range; independent records and fixed within-tail shape","axis/series/bin_unit",,
"length","F6_R1","cm",77,47167868.2668126,6493.31248354263,2361.09970186797,6493.31248354263,0,19954.1231428932,"count",116,0.95,1234.18658985854,"working","Sum of original square-fita working sample sizes; MFCL information-weight convention","Square-fita working-normal reference range; independent records and fixed within-tail shape","axis/series/bin_unit",,
"length","F6_R1","cm",79,50668871.7142887,11021.6055820167,4706.70606907167,11021.6055820167,0,24973.035049332,"count",116,0.95,1234.18658985854,"working","Sum of original square-fita working sample sizes; MFCL information-weight convention","Square-fita working-normal reference range; independent records and fixed within-tail shape","axis/series/bin_unit",,
"length","F6_R1","cm",81,60924975.3463093,17832.8980915554,11435.3623807957,17832.8980915554,2534.50654392357,33131.2896391872,"count",116,0.95,1234.18658985854,"working","Sum of original square-fita working sample sizes; MFCL information-weight convention","Square-fita working-normal reference range; independent records and fixed within-tail shape","axis/series/bin_unit",,
"length","F6_R1","cm",83,74023379.7110159,28688.5099857238,20018.2595223169,28688.5099857238,11825.5990588265,45551.4209126211,"count",116,0.95,1234.18658985854,"working","Sum of original square-fita working sample sizes; MFCL information-weight convention","Square-fita working-normal reference range; independent records and fixed within-tail shape","axis/series/bin_unit",,
"length","F6_R1","cm",85,97010248.2159602,45686.3920893079,34952.7766374628,45686.3920893079,26381.9658168976,64990.8183617183,"count",116,0.95,1234.18658985854,"working","Sum of original square-fita working sample sizes; MFCL information-weight convention","Square-fita working-normal reference range; independent records and fixed within-tail shape","axis/series/bin_unit",,
"length","F6_R1","cm",87,129421552.421022,69914.367253681,57467.1236170491,69914.367253681,47617.1126214251,92211.621885937,"count",116,0.95,1234.18658985854,"working","Sum of original square-fita working sample sizes; MFCL information-weight convention","Square-fita working-normal reference range; independent records and fixed within-tail shape","axis/series/bin_unit",,
"length","F6_R1","cm",89,166966161.252337,99210.8688469065,86401.7884699415,99210.8688469065,73885.1184552552,124536.619238558,"count",116,0.95,1234.18658985854,"working","Sum of original square-fita working sample sizes; MFCL information-weight convention","Square-fita working-normal reference range; independent records and fixed within-tail shape","axis/series/bin_unit",,
"length","F6_R1","cm",91,230004411.710343,127873.928719116,139632.613501716,127873.928719116,98149.3181049594,157598.539333274,"count",116,0.95,1234.18658985854,"working","Sum of original square-fita working sample sizes; MFCL information-weight convention","Square-fita working-normal reference range; independent records and fixed within-tail shape","axis/series/bin_unit",,
"length","F6_R1","cm",93,261432241.228164,148442.678926632,166388.90334675,148442.678926632,116752.28307742,180133.074775845,"count",116,0.95,1234.18658985854,"working","Sum of original square-fita working sample sizes; MFCL information-weight convention","Square-fita working-normal reference range; independent records and fixed within-tail shape","axis/series/bin_unit",,
"length","F6_R1","cm",95,257672753.251797,155005.006412417,166080.732282265,155005.006412417,123543.295225139,186466.717599694,"count",116,0.95,1234.18658985854,"working","Sum of original square-fita working sample sizes; MFCL information-weight convention","Square-fita working-normal reference range; independent records and fixed within-tail shape","axis/series/bin_unit",,
"length","F6_R1","cm",97,256466009.063115,145831.866182885,169606.080581891,145831.866182885,114443.912877138,177219.819488632,"count",116,0.95,1234.18658985854,"working","Sum of original square-fita working sample sizes; MFCL information-weight convention","Square-fita working-normal reference range; independent records and fixed within-tail shape","axis/series/bin_unit",,
"length","F6_R1","cm",99,229220823.519599,124012.833424552,146908.973329426,124012.833424552,94338.8995027385,153686.767346365,"count",116,0.95,1234.18658985854,"working","Sum of original square-fita working sample sizes; MFCL information-weight convention","Square-fita working-normal reference range; independent records and fixed within-tail shape","axis/series/bin_unit",,
"length","F6_R1","cm",101,186467429.109292,95674.4924699522,110477.220894861,95674.4924699522,68910.5811279222,122438.403811982,"count",116,0.95,1234.18658985854,"working","Sum of original square-fita working sample sizes; MFCL information-weight convention","Square-fita working-normal reference range; independent records and fixed within-tail shape","axis/series/bin_unit",,
"length","F6_R1","cm",103,134163872.937163,67173.2314959304,67596.9002494128,67173.2314959304,44471.1392330364,89875.3237588243,"count",116,0.95,1234.18658985854,"working","Sum of original square-fita working sample sizes; MFCL information-weight convention","Square-fita working-normal reference range; independent records and fixed within-tail shape","axis/series/bin_unit",,
"length","F6_R1","cm",105,84744634.2360558,42994.4847898602,30132.3424490191,42994.4847898602,24951.6739586013,61037.2956211191,"count",116,0.95,1234.18658985854,"working","Sum of original square-fita working sample sizes; MFCL information-weight convention","Square-fita working-normal reference range; independent records and fixed within-tail shape","axis/series/bin_unit",,
"length","F6_R1","cm",107,60027097.9605482,25153.925440264,11818.067784436,25153.925440264,9968.68178264628,40339.1690978816,"count",116,0.95,1234.18658985854,"working","Sum of original square-fita working sample sizes; MFCL information-weight convention","Square-fita working-normal reference range; independent records and fixed within-tail shape","axis/series/bin_unit",,
"length","F6_R1","cm",109,51141312.7978139,13392.2266807699,5219.37971896387,13392.2266807699,0,27408.5474229989,"count",116,0.95,1234.18658985854,"working","Sum of original square-fita working sample sizes; MFCL information-weight convention","Square-fita working-normal reference range; independent records and fixed within-tail shape","axis/series/bin_unit",,
"length","F6_R1","cm",111,46924050.8991276,6404.60685566408,2374.32688739603,6404.60685566408,0,19830.5820243121,"count",116,0.95,1234.18658985854,"working","Sum of original square-fita working sample sizes; MFCL information-weight convention","Square-fita working-normal reference range; independent records and fixed within-tail shape","axis/series/bin_unit",,
"length","F6_R1","cm",113,45279263.4676065,2725.47433987408,1269.59816737223,2725.47433987408,0,15914.0461367811,"count",116,0.95,1234.18658985854,"working","Sum of original square-fita working sample sizes; MFCL information-weight convention","Square-fita working-normal reference range; independent records and fixed within-tail shape","axis/series/bin_unit",,
"length","F6_R1","cm",115,44289567.7739414,1000.38569785202,690.975659058865,1000.38569785202,0,14044.0259408953,"count",116,0.95,1234.18658985854,"working","Sum of original square-fita working sample sizes; MFCL information-weight convention","Square-fita working-normal reference range; independent records and fixed within-tail shape","axis/series/bin_unit",,
"length","F6_R1","cm",117,43445095.3229702,287.168268250382,287.995366269713,287.168268250382,0,13205.8580100284,"count",116,0.95,1234.18658985854,"working","Sum of original square-fita working sample sizes; MFCL information-weight convention","Square-fita working-normal reference range; independent records and fixed within-tail shape","axis/series/bin_unit",,
"length","F6_R1","cm",119,42639272.5665709,28.8646176716605,257.563388828965,28.8646176716605,0,12827.1851992493,"count",116,0.95,1234.18658985854,"working","Sum of original square-fita working sample sizes; MFCL information-weight convention","Square-fita working-normal reference range; independent records and fixed within-tail shape","axis/series/bin_unit",,
"length","F6_R1","cm",121,,0,259.695542032107,0,,,"count",116,0.95,1234.18658985854,"working","Sum of original square-fita working sample sizes; MFCL information-weight convention","Square-fita working-normal reference range; independent records and fixed within-tail shape","axis/series/bin_unit",,
"length","F6_R1","cm",123,,0,66.9497358512502,0,,,"count",116,0.95,1234.18658985854,"working","Sum of original square-fita working sample sizes; MFCL information-weight convention","Square-fita working-normal reference range; independent records and fixed within-tail shape","axis/series/bin_unit",,
"length","F6_R1","cm",125,,0,47.046958500264,0,,,"count",116,0.95,1234.18658985854,"working","Sum of original square-fita working sample sizes; MFCL information-weight convention","Square-fita working-normal reference range; independent records and fixed within-tail shape","axis/series/bin_unit",,
"length","F6_R1","cm",127,,0,49.4933826180355,0,,,"count",116,0.95,1234.18658985854,"working","Sum of original square-fita working sample sizes; MFCL information-weight convention","Square-fita working-normal reference range; independent records and fixed within-tail shape","axis/series/bin_unit",,
"length","F6_R1","cm",129,,0,94.8847044724704,0,,,"count",116,0.95,1234.18658985854,"working","Sum of original square-fita working sample sizes; MFCL information-weight convention","Square-fita working-normal reference range; independent records and fixed within-tail shape","axis/series/bin_unit",,
"length","F7_R1","cm",31,,0,0,0,,,"count",25,0.95,261.462072898231,"working","Sum of original square-fita working sample sizes; MFCL information-weight convention","Square-fita working-normal reference range; independent records and fixed within-tail shape","axis/series/bin_unit",,
"length","F7_R1","cm",33,,0,0,0,,,"count",25,0.95,261.462072898231,"working","Sum of original square-fita working sample sizes; MFCL information-weight convention","Square-fita working-normal reference range; independent records and fixed within-tail shape","axis/series/bin_unit",,
"length","F7_R1","cm",35,,0,0,0,,,"count",25,0.95,261.462072898231,"working","Sum of original square-fita working sample sizes; MFCL information-weight convention","Square-fita working-normal reference range; independent records and fixed within-tail shape","axis/series/bin_unit",,
"length","F7_R1","cm",37,,0,0,0,,,"count",25,0.95,261.462072898231,"working","Sum of original square-fita working sample sizes; MFCL information-weight convention","Square-fita working-normal reference range; independent records and fixed within-tail shape","axis/series/bin_unit",,
"length","F7_R1","cm",39,,0,0,0,,,"count",25,0.95,261.462072898231,"working","Sum of original square-fita working sample sizes; MFCL information-weight convention","Square-fita working-normal reference range; independent records and fixed within-tail shape","axis/series/bin_unit",,
"length","F7_R1","cm",41,,2.41399252406391e-07,0.238349011823595,2.41399252406391e-07,,,"count",25,0.95,261.462072898231,"working","Sum of original square-fita working sample sizes; MFCL information-weight convention","Square-fita working-normal reference range; independent records and fixed within-tail shape","axis/series/bin_unit",,
"length","F7_R1","cm",43,,2.5639424774853e-06,0,2.5639424774853e-06,,,"count",25,0.95,261.462072898231,"working","Sum of original square-fita working sample sizes; MFCL information-weight convention","Square-fita working-normal reference range; independent records and fixed within-tail shape","axis/series/bin_unit",,
"length","F7_R1","cm",45,,1.12390778485454e-05,0.784129927050217,1.12390778485454e-05,,,"count",25,0.95,261.462072898231,"working","Sum of original square-fita working sample sizes; MFCL information-weight convention","Square-fita working-normal reference range; independent records and fixed within-tail shape","axis/series/bin_unit",,
"length","F7_R1","cm",47,811.082939226675,2.24213566410215e-05,0.526715721804679,2.24213566410215e-05,0,55.8188517821272,"count",25,0.95,261.462072898231,"working","Sum of original square-fita working sample sizes; MFCL information-weight convention","Square-fita working-normal reference range; independent records and fixed within-tail shape","axis/series/bin_unit",,
"length","F7_R1","cm",49,909.931021125947,2.82301749937465e-05,1.26794762524279,2.82301749937465e-05,0,59.1224651499052,"count",25,0.95,261.462072898231,"working","Sum of original square-fita working sample sizes; MFCL information-weight convention","Square-fita working-normal reference range; independent records and fixed within-tail shape","axis/series/bin_unit",,
"length","F7_R1","cm",51,908.527875858345,3.58225297587866e-05,0,3.58225297587866e-05,0,59.0768707289678,"count",25,0.95,261.462072898231,"working","Sum of original square-fita working sample sizes; MFCL information-weight convention","Square-fita working-normal reference range; independent records and fixed within-tail shape","axis/series/bin_unit",,
"length","F7_R1","cm",53,1005.50050692486,3.66546794921506e-05,0,3.66546794921506e-05,0,62.1497654677558,"count",25,0.95,261.462072898231,"working","Sum of original square-fita working sample sizes; MFCL information-weight convention","Square-fita working-normal reference range; independent records and fixed within-tail shape","axis/series/bin_unit",,
"length","F7_R1","cm",55,1914.2840701423,2.85907236670048e-05,0.760428227994226,2.85907236670048e-05,0,85.7534158507171,"count",25,0.95,261.462072898231,"working","Sum of original square-fita working sample sizes; MFCL information-weight convention","Square-fita working-normal reference range; independent records and fixed within-tail shape","axis/series/bin_unit",,
"length","F7_R1","cm",57,2698.71382303995,2.5139645652901e-05,2.97207305411712,2.5139645652901e-05,0,101.818481325378,"count",25,0.95,261.462072898231,"working","Sum of original square-fita working sample sizes; MFCL information-weight convention","Square-fita working-normal reference range; independent records and fixed within-tail shape","axis/series/bin_unit",,
"length","F7_R1","cm",59,3027.02198777565,2.47439120090626e-05,0,2.47439120090626e-05,0,107.834065358997,"count",25,0.95,261.462072898231,"working","Sum of original square-fita working sample sizes; MFCL information-weight convention","Square-fita working-normal reference range; independent records and fixed within-tail shape","axis/series/bin_unit",,
"length","F7_R1","cm",61,3021.0810062234,2.35646951616156e-05,0.893320837904471,2.35646951616156e-05,0,107.728192023035,"count",25,0.95,261.462072898231,"working","Sum of original square-fita working sample sizes; MFCL information-weight convention","Square-fita working-normal reference range; independent records and fixed within-tail shape","axis/series/bin_unit",,
"length","F7_R1","cm",63,3266.20123409614,1.97362443755901e-05,0.589955654860296,1.97362443755901e-05,0,112.013311540747,"count",25,0.95,261.462072898231,"working","Sum of original square-fita working sample sizes; MFCL information-weight convention","Square-fita working-normal reference range; independent records and fixed within-tail shape","axis/series/bin_unit",,
"length","F7_R1","cm",65,3249.15952548579,1.54319965458834e-05,0,1.54319965458834e-05,0,111.720705185595,"count",25,0.95,261.462072898231,"working","Sum of original square-fita working sample sizes; MFCL information-weight convention","Square-fita working-normal reference range; independent records and fixed within-tail shape","axis/series/bin_unit",,
"length","F7_R1","cm",67,3619.78465899938,0.748686603955983,1.08651211348881,0.748686603955983,0,118.669226406513,"count",25,0.95,261.462072898231,"working","Sum of original square-fita working sample sizes; MFCL information-weight convention","Square-fita working-normal reference range; independent records and fixed within-tail shape","axis/series/bin_unit",,
"length","F7_R1","cm",69,4406.39291804259,3.5349245692977,1.2053602834977,3.5349245692977,0,133.638640667105,"count",25,0.95,261.462072898231,"working","Sum of original square-fita working sample sizes; MFCL information-weight convention","Square-fita working-normal reference range; independent records and fixed within-tail shape","axis/series/bin_unit",,
"length","F7_R1","cm",71,4787.75891242101,10.0586152407403,1.24476539538114,10.0586152407403,0,145.675644796311,"count",25,0.95,261.462072898231,"working","Sum of original square-fita working sample sizes; MFCL information-weight convention","Square-fita working-normal reference range; independent records and fixed within-tail shape","axis/series/bin_unit",,
"length","F7_R1","cm",73,5367.62885679869,23.6003475343442,0,23.6003475343442,0,167.195351688951,"count",25,0.95,261.462072898231,"working","Sum of original square-fita working sample sizes; MFCL information-weight convention","Square-fita working-normal reference range; independent records and fixed within-tail shape","axis/series/bin_unit",,
"length","F7_R1","cm",75,5643.45822455334,46.1029337239766,3.99901369960986,46.1029337239766,0,193.341218065819,"count",25,0.95,261.462072898231,"working","Sum of original square-fita working sample sizes; MFCL information-weight convention","Square-fita working-normal reference range; independent records and fixed within-tail shape","axis/series/bin_unit",,
"length","F7_R1","cm",77,6179.2250067547,76.4585946356805,8.03752718223688,76.4585946356805,0,230.527535072264,"count",25,0.95,261.462072898231,"working","Sum of original square-fita working sample sizes; MFCL information-weight convention","Square-fita working-normal reference range; independent records and fixed within-tail shape","axis/series/bin_unit",,
"length","F7_R1","cm",79,7472.82012706465,109.202510927795,36.5976734042362,109.202510927795,0,278.632528317197,"count",25,0.95,261.462072898231,"working","Sum of original square-fita working sample sizes; MFCL information-weight convention","Square-fita working-normal reference range; independent records and fixed within-tail shape","axis/series/bin_unit",,
"length","F7_R1","cm",81,9922.43504068252,140.599368792512,63.9713356561385,140.599368792512,0,335.834164896573,"count",25,0.95,261.462072898231,"working","Sum of original square-fita working sample sizes; MFCL information-weight convention","Square-fita working-normal reference range; independent records and fixed within-tail shape","axis/series/bin_unit",,
"length","F7_R1","cm",83,13371.3579831878,175.919591306819,191.395880133914,175.919591306819,0,402.559219503601,"count",25,0.95,261.462072898231,"working","Sum of original square-fita working sample sizes; MFCL information-weight convention","Square-fita working-normal reference range; independent records and fixed within-tail shape","axis/series/bin_unit",,
"length","F7_R1","cm",85,16136.2885696782,221.488146127485,275.981894818625,221.488146127485,0,470.459807284445,"count",25,0.95,261.462072898231,"working","Sum of original square-fita working sample sizes; MFCL information-weight convention","Square-fita working-normal reference range; independent records and fixed within-tail shape","axis/series/bin_unit",,
"length","F7_R1","cm",87,18013.9410958472,296.374162343056,362.358524191913,296.374162343056,33.3155891733025,559.432735512809,"count",25,0.95,261.462072898231,"working","Sum of original square-fita working sample sizes; MFCL information-weight convention","Square-fita working-normal reference range; independent records and fixed within-tail shape","axis/series/bin_unit",,
"length","F7_R1","cm",89,20108.049501891,408.609145015921,428.443952559214,408.609145015921,130.680657584364,686.537632447479,"count",25,0.95,261.462072898231,"working","Sum of original square-fita working sample sizes; MFCL information-weight convention","Square-fita working-normal reference range; independent records and fixed within-tail shape","axis/series/bin_unit",,
"length","F7_R1","cm",91,22696.3169882824,549.495316277511,518.203649021307,549.495316277511,254.220923395387,844.769709159636,"count",25,0.95,261.462072898231,"working","Sum of original square-fita working sample sizes; MFCL information-weight convention","Square-fita working-normal reference range; independent records and fixed within-tail shape","axis/series/bin_unit",,
"length","F7_R1","cm",93,25271.2062972468,693.401840675169,625.240400866018,693.401840675169,381.827935573764,1004.97574577657,"count",25,0.95,261.462072898231,"working","Sum of original square-fita working sample sizes; MFCL information-weight convention","Square-fita working-normal reference range; independent records and fixed within-tail shape","axis/series/bin_unit",,
"length","F7_R1","cm",95,26490.9362025963,806.150221858481,675.223719290971,806.150221858481,487.14576962637,1125.15467409059,"count",25,0.95,261.462072898231,"working","Sum of original square-fita working sample sizes; MFCL information-weight convention","Square-fita working-normal reference range; independent records and fixed within-tail shape","axis/series/bin_unit",,
"length","F7_R1","cm",97,29622.0572534201,857.374033164782,809.74098556037,857.374033164782,520.04346365876,1194.7046026708,"count",25,0.95,261.462072898231,"working","Sum of original square-fita working sample sizes; MFCL information-weight convention","Square-fita working-normal reference range; independent records and fixed within-tail shape","axis/series/bin_unit",,
"length","F7_R1","cm",99,28072.1146576046,831.603153089315,742.344007728444,831.603153089315,503.216380415701,1159.98992576293,"count",25,0.95,261.462072898231,"working","Sum of original square-fita working sample sizes; MFCL information-weight convention","Square-fita working-normal reference range; independent records and fixed within-tail shape","axis/series/bin_unit",,
"length","F7_R1","cm",101,30201.276956006,734.688037837962,839.186598499476,734.688037837962,394.075410710201,1075.30066496572,"count",25,0.95,261.462072898231,"working","Sum of original square-fita working sample sizes; MFCL information-weight convention","Square-fita working-normal reference range; independent records and fixed within-tail shape","axis/series/bin_unit",,
"length","F7_R1","cm",103,27947.5526232619,590.233638907833,738.54486296752,590.233638907833,262.576237737887,917.891040077779,"count",25,0.95,261.462072898231,"working","Sum of original square-fita working sample sizes; MFCL information-weight convention","Square-fita working-normal reference range; independent records and fixed within-tail shape","axis/series/bin_unit",,
"length","F7_R1","cm",105,24338.1199248514,430.584686045102,590.06329686215,430.584686045102,124.81698751494,736.352384575264,"count",25,0.95,261.462072898231,"working","Sum of original square-fita working sample sizes; MFCL information-weight convention","Square-fita working-normal reference range; independent records and fixed within-tail shape","axis/series/bin_unit",,
"length","F7_R1","cm",107,18055.6258736839,284.982734828525,344.431331293401,284.982734828525,21.6199749788909,548.345494678159,"count",25,0.95,261.462072898231,"working","Sum of original square-fita working sample sizes; MFCL information-weight convention","Square-fita working-normal reference range; independent records and fixed within-tail shape","axis/series/bin_unit",,
"length","F7_R1","cm",109,11940.1076261841,170.839809456142,174.554630304208,170.839809456142,0,385.006641063284,"count",25,0.95,261.462072898231,"working","Sum of original square-fita working sample sizes; MFCL information-weight convention","Square-fita working-normal reference range; independent records and fixed within-tail shape","axis/series/bin_unit",,
"length","F7_R1","cm",111,8156.67526523247,92.6299726890193,89.2589850345638,92.6299726890193,0,269.642774895992,"count",25,0.95,261.462072898231,"working","Sum of original square-fita working sample sizes; MFCL information-weight convention","Square-fita working-normal reference range; independent records and fixed within-tail shape","axis/series/bin_unit",,
"length","F7_R1","cm",113,5977.71380536537,45.1130920181688,48.6021128401859,45.1130920181688,0,196.64903305265,"count",25,0.95,261.462072898231,"working","Sum of original square-fita working sample sizes; MFCL information-weight convention","Square-fita working-normal reference range; independent records and fixed within-tail shape","axis/series/bin_unit",,
"length","F7_R1","cm",115,4195.02688204188,19.2814409752828,16.2154765123167,19.2814409752828,0,146.226401564779,"count",25,0.95,261.462072898231,"working","Sum of original square-fita working sample sizes; MFCL information-weight convention","Square-fita working-normal reference range; independent records and fixed within-tail shape","axis/series/bin_unit",,
"length","F7_R1","cm",117,3463.17471391639,6.2273865552268,12.2833889550326,6.2273865552268,0,121.568806055677,"count",25,0.95,261.462072898231,"working","Sum of original square-fita working sample sizes; MFCL information-weight convention","Square-fita working-normal reference range; independent records and fixed within-tail shape","axis/series/bin_unit",,
"length","F7_R1","cm",119,2948.42153191222,1.02286224800445,8.45568166988726,1.02286224800445,0,107.447670920084,"count",25,0.95,261.462072898231,"working","Sum of original square-fita working sample sizes; MFCL information-weight convention","Square-fita working-normal reference range; independent records and fixed within-tail shape","axis/series/bin_unit",,
"length","F7_R1","cm",121,,0,3.75425566176856,0,,,"count",25,0.95,261.462072898231,"working","Sum of original square-fita working sample sizes; MFCL information-weight convention","Square-fita working-normal reference range; independent records and fixed within-tail shape","axis/series/bin_unit",,
"length","F7_R1","cm",123,,0,0.49588762088702,0,,,"count",25,0.95,261.462072898231,"working","Sum of original square-fita working sample sizes; MFCL information-weight convention","Square-fita working-normal reference range; independent records and fixed within-tail shape","axis/series/bin_unit",,
"length","F7_R1","cm",125,,0,2.34746832313206,0,,,"count",25,0.95,261.462072898231,"working","Sum of original square-fita working sample sizes; MFCL information-weight convention","Square-fita working-normal reference range; independent records and fixed within-tail shape","axis/series/bin_unit",,
"length","F7_R1","cm",127,,0,1.92591822836316,0,,,"count",25,0.95,261.462072898231,"working","Sum of original square-fita working sample sizes; MFCL information-weight convention","Square-fita working-normal reference range; independent records and fixed within-tail shape","axis/series/bin_unit",,
"length","F7_R1","cm",129,,0,3.09751109553,0,,,"count",25,0.95,261.462072898231,"working","Sum of original square-fita working sample sizes; MFCL information-weight convention","Square-fita working-normal reference range; independent records and fixed within-tail shape","axis/series/bin_unit",,
"length","F8_R1","cm",31,,0,0.172604491218693,0,,,"count",89,0.95,162.140353783106,"working","Sum of original square-fita working sample sizes; MFCL information-weight convention","Square-fita working-normal reference range; independent records and fixed within-tail shape","axis/series/bin_unit",,
"length","F8_R1","cm",33,,0,0,0,,,"count",89,0.95,162.140353783106,"working","Sum of original square-fita working sample sizes; MFCL information-weight convention","Square-fita working-normal reference range; independent records and fixed within-tail shape","axis/series/bin_unit",,
"length","F8_R1","cm",35,,0,0.0251863570571787,0,,,"count",89,0.95,162.140353783106,"working","Sum of original square-fita working sample sizes; MFCL information-weight convention","Square-fita working-normal reference range; independent records and fixed within-tail shape","axis/series/bin_unit",,
"length","F8_R1","cm",37,,0,0.763151989584099,0,,,"count",89,0.95,162.140353783106,"working","Sum of original square-fita working sample sizes; MFCL information-weight convention","Square-fita working-normal reference range; independent records and fixed within-tail shape","axis/series/bin_unit",,
"length","F8_R1","cm",39,,0,0.614029951642061,0,,,"count",89,0.95,162.140353783106,"working","Sum of original square-fita working sample sizes; MFCL information-weight convention","Square-fita working-normal reference range; independent records and fixed within-tail shape","axis/series/bin_unit",,
"length","F8_R1","cm",41,,3.62271260658801e-08,3.93240609572544,3.62271260658801e-08,,,"count",89,0.95,162.140353783106,"working","Sum of original square-fita working sample sizes; MFCL information-weight convention","Square-fita working-normal reference range; independent records and fixed within-tail shape","axis/series/bin_unit",,
"length","F8_R1","cm",43,,3.84774461526318e-07,2.82312376615251,3.84774461526318e-07,,,"count",89,0.95,162.140353783106,"working","Sum of original square-fita working sample sizes; MFCL information-weight convention","Square-fita working-normal reference range; independent records and fixed within-tail shape","axis/series/bin_unit",,
"length","F8_R1","cm",45,,1.66095071690352e-06,8.66829686747405,1.66095071690352e-06,,,"count",89,0.95,162.140353783106,"working","Sum of original square-fita working sample sizes; MFCL information-weight convention","Square-fita working-normal reference range; independent records and fixed within-tail shape","axis/series/bin_unit",,
"length","F8_R1","cm",47,,2.99832277305129e-06,2.54196847788388,2.99832277305129e-06,,,"count",89,0.95,162.140353783106,"working","Sum of original square-fita working sample sizes; MFCL information-weight convention","Square-fita working-normal reference range; independent records and fixed within-tail shape","axis/series/bin_unit",,
"length","F8_R1","cm",49,,3.69541877715927e-06,12.1786439064052,3.69541877715927e-06,,,"count",89,0.95,162.140353783106,"working","Sum of original square-fita working sample sizes; MFCL information-weight convention","Square-fita working-normal reference range; independent records and fixed within-tail shape","axis/series/bin_unit",,
"length","F8_R1","cm",51,,1.11846267359154,57.6833152845763,1.11846267359154,,,"count",89,0.95,162.140353783106,"working","Sum of original square-fita working sample sizes; MFCL information-weight convention","Square-fita working-normal reference range; independent records and fixed within-tail shape","axis/series/bin_unit",,
"length","F8_R1","cm",53,10254699.1458981,5.14548319970941,86.6335191850131,5.14548319970941,0,6281.53015015366,"count",89,0.95,162.140353783106,"working","Sum of original square-fita working sample sizes; MFCL information-weight convention","Square-fita working-normal reference range; independent records and fixed within-tail shape","axis/series/bin_unit",,
"length","F8_R1","cm",55,10519305.8396733,31.5764641757118,144.365779474781,31.5764641757118,0,6388.42160979569,"count",89,0.95,162.140353783106,"working","Sum of original square-fita working sample sizes; MFCL information-weight convention","Square-fita working-normal reference range; independent records and fixed within-tail shape","axis/series/bin_unit",,
"length","F8_R1","cm",57,11034672.7971454,120.780670465916,154.938868826131,120.780670465916,0,6631.48271786968,"count",89,0.95,162.140353783106,"working","Sum of original square-fita working sample sizes; MFCL information-weight convention","Square-fita working-normal reference range; independent records and fixed within-tail shape","axis/series/bin_unit",,
"length","F8_R1","cm",59,11140557.6065933,361.531340177422,181.115701942374,361.531340177422,0,6903.39600442254,"count",89,0.95,162.140353783106,"working","Sum of original square-fita working sample sizes; MFCL information-weight convention","Square-fita working-normal reference range; independent records and fixed within-tail shape","axis/series/bin_unit",,
"length","F8_R1","cm",61,12389887.1685635,890.744343392781,628.987936056581,890.744343392781,0,7789.67479318594,"count",89,0.95,162.140353783106,"working","Sum of original square-fita working sample sizes; MFCL information-weight convention","Square-fita working-normal reference range; independent records and fixed within-tail shape","axis/series/bin_unit",,
"length","F8_R1","cm",63,15067582.330185,1734.45379225852,1374.09734530816,1734.45379225852,0,9342.44282017016,"count",89,0.95,162.140353783106,"working","Sum of original square-fita working sample sizes; MFCL information-weight convention","Square-fita working-normal reference range; independent records and fixed within-tail shape","axis/series/bin_unit",,
"length","F8_R1","cm",65,19197566.0189039,2746.03441218425,2710.35352075797,2746.03441218425,0,11333.6219266831,"count",89,0.95,162.140353783106,"working","Sum of original square-fita working sample sizes; MFCL information-weight convention","Square-fita working-normal reference range; independent records and fixed within-tail shape","axis/series/bin_unit",,
"length","F8_R1","cm",67,21188918.7659994,3945.1980065285,3510.52996856186,3945.1980065285,0,12967.1910731751,"count",89,0.95,162.140353783106,"working","Sum of original square-fita working sample sizes; MFCL information-weight convention","Square-fita working-normal reference range; independent records and fixed within-tail shape","axis/series/bin_unit",,
"length","F8_R1","cm",69,22536434.7526282,5617.72902101531,4474.66336647982,5617.72902101531,0,14922.1788203039,"count",89,0.95,162.140353783106,"working","Sum of original square-fita working sample sizes; MFCL information-weight convention","Square-fita working-normal reference range; independent records and fixed within-tail shape","axis/series/bin_unit",,
"length","F8_R1","cm",71,25353937.3214259,7624.25998033864,6604.29944946491,7624.25998033864,0,17493.2065382402,"count",89,0.95,162.140353783106,"working","Sum of original square-fita working sample sizes; MFCL information-weight convention","Square-fita working-normal reference range; independent records and fixed within-tail shape","axis/series/bin_unit",,
"length","F8_R1","cm",73,28347094.9754568,9448.86896263777,8230.77407547832,9448.86896263777,0,19884.1072461904,"count",89,0.95,162.140353783106,"working","Sum of original square-fita working sample sizes; MFCL information-weight convention","Square-fita working-normal reference range; independent records and fixed within-tail shape","axis/series/bin_unit",,
"length","F8_R1","cm",75,32337509.86582,10504.5904146224,10515.5666810263,10504.5904146224,0,21650.1371716612,"count",89,0.95,162.140353783106,"working","Sum of original square-fita working sample sizes; MFCL information-weight convention","Square-fita working-normal reference range; independent records and fixed within-tail shape","axis/series/bin_unit",,
"length","F8_R1","cm",77,33293130.7837563,10921.1675869849,11093.0335373401,10921.1675869849,0,22230.1989742339,"count",89,0.95,162.140353783106,"working","Sum of original square-fita working sample sizes; MFCL information-weight convention","Square-fita working-normal reference range; independent records and fixed within-tail shape","axis/series/bin_unit",,
"length","F8_R1","cm",79,34669337.9769984,11130.1391920836,11252.5258620376,11130.1391920836,0,22670.5392795747,"count",89,0.95,162.140353783106,"working","Sum of original square-fita working sample sizes; MFCL information-weight convention","Square-fita working-normal reference range; independent records and fixed within-tail shape","axis/series/bin_unit",,
"length","F8_R1","cm",81,34658413.6587203,11416.9821721324,11463.8593294766,11416.9821721324,0,22955.5639246944,"count",89,0.95,162.140353783106,"working","Sum of original square-fita working sample sizes; MFCL information-weight convention","Square-fita working-normal reference range; independent records and fixed within-tail shape","axis/series/bin_unit",,
"length","F8_R1","cm",83,35343887.6510091,11599.2301663348,11527.9046539914,11599.2301663348,0,23251.3582541388,"count",89,0.95,162.140353783106,"working","Sum of original square-fita working sample sizes; MFCL information-weight convention","Square-fita working-normal reference range; independent records and fixed within-tail shape","axis/series/bin_unit",,
"length","F8_R1","cm",85,32056484.1361119,11542.9994711253,10171.0634604093,11542.9994711253,445.987993024153,22640.0109492264,"count",89,0.95,162.140353783106,"working","Sum of original square-fita working sample sizes; MFCL information-weight convention","Square-fita working-normal reference range; independent records and fixed within-tail shape","axis/series/bin_unit",,
"length","F8_R1","cm",87,28984551.1408471,11476.7185966984,9221.16734961552,11476.7185966984,924.801252259667,22028.6359411371,"count",89,0.95,162.140353783106,"working","Sum of original square-fita working sample sizes; MFCL information-weight convention","Square-fita working-normal reference range; independent records and fixed within-tail shape","axis/series/bin_unit",,
"length","F8_R1","cm",89,27676620.6900807,11691.4223415127,8167.72499181626,11691.4223415127,1380.33128978998,22002.5133932354,"count",89,0.95,162.140353783106,"working","Sum of original square-fita working sample sizes; MFCL information-weight convention","Square-fita working-normal reference range; independent records and fixed within-tail shape","axis/series/bin_unit",,
"length","F8_R1","cm",91,30079886.8947899,12103.5776587723,9473.91788162658,12103.5776587723,1354.12898279485,22853.0263347497,"count",89,0.95,162.140353783106,"working","Sum of original square-fita working sample sizes; MFCL information-weight convention","Square-fita working-normal reference range; independent records and fixed within-tail shape","axis/series/bin_unit",,
"length","F8_R1","cm",93,35018465.1904393,12222.2791288652,11483.0670683232,12222.2791288652,623.917520733539,23820.6407369969,"count",89,0.95,162.140353783106,"working","Sum of original square-fita working sample sizes; MFCL information-weight convention","Square-fita working-normal reference range; independent records and fixed within-tail shape","axis/series/bin_unit",,
"length","F8_R1","cm",95,38771184.4716105,11624.6279541909,12630.8229971055,11624.6279541909,0,23828.6399411248,"count",89,0.95,162.140353783106,"working","Sum of original square-fita working sample sizes; MFCL information-weight convention","Square-fita working-normal reference range; independent records and fixed within-tail shape","axis/series/bin_unit",,
"length","F8_R1","cm",97,40621095.9593756,10210.0892232524,12285.2730530331,10210.0892232524,0,22701.8572077855,"count",89,0.95,162.140353783106,"working","Sum of original square-fita working sample sizes; MFCL information-weight convention","Square-fita working-normal reference range; independent records and fixed within-tail shape","axis/series/bin_unit",,
"length","F8_R1","cm",99,41858575.2937467,8273.43667298255,11786.6995495795,8273.43667298255,0,20954.0515351985,"count",89,0.95,162.140353783106,"working","Sum of original square-fita working sample sizes; MFCL information-weight convention","Square-fita working-normal reference range; independent records and fixed within-tail shape","axis/series/bin_unit",,
"length","F8_R1","cm",101,33292709.7553682,6207.5578586617,8206.16042621814,6207.5578586617,0,17516.5177380922,"count",89,0.95,162.140353783106,"working","Sum of original square-fita working sample sizes; MFCL information-weight convention","Square-fita working-normal reference range; independent records and fixed within-tail shape","axis/series/bin_unit",,
"length","F8_R1","cm",103,29004439.1624004,4313.70633805363,6177.1270350751,4313.70633805363,0,14869.2432102212,"count",89,0.95,162.140353783106,"working","Sum of original square-fita working sample sizes; MFCL information-weight convention","Square-fita working-normal reference range; independent records and fixed within-tail shape","axis/series/bin_unit",,
"length","F8_R1","cm",105,23639005.4820117,2782.92794040692,4322.09602170288,2782.92794040692,0,12312.2650695734,"count",89,0.95,162.140353783106,"working","Sum of original square-fita working sample sizes; MFCL information-weight convention","Square-fita working-normal reference range; independent records and fixed within-tail shape","axis/series/bin_unit",,
"length","F8_R1","cm",107,19943815.1578675,1647.84832851432,2895.45401646569,1647.84832851432,0,10400.7532552505,"count",89,0.95,162.140353783106,"working","Sum of original square-fita working sample sizes; MFCL information-weight convention","Square-fita working-normal reference range; independent records and fixed within-tail shape","axis/series/bin_unit",,
"length","F8_R1","cm",109,15526939.3804701,908.177288897072,1327.16116188395,908.177288897072,0,8631.26593538366,"count",89,0.95,162.140353783106,"working","Sum of original square-fita working sample sizes; MFCL information-weight convention","Square-fita working-normal reference range; independent records and fixed within-tail shape","axis/series/bin_unit",,
"length","F8_R1","cm",111,13394877.0496478,455.638033217819,688.733620515708,455.638033217819,0,7628.91264070936,"count",89,0.95,162.140353783106,"working","Sum of original square-fita working sample sizes; MFCL information-weight convention","Square-fita working-normal reference range; independent records and fixed within-tail shape","axis/series/bin_unit",,
"length","F8_R1","cm",113,12830482.1124491,211.604911719149,509.144142798442,211.604911719149,0,7232.12972718886,"count",89,0.95,162.140353783106,"working","Sum of original square-fita working sample sizes; MFCL information-weight convention","Square-fita working-normal reference range; independent records and fixed within-tail shape","axis/series/bin_unit",,
"length","F8_R1","cm",115,11842853.499351,84.3742746623852,266.948652127345,84.3742746623852,0,6829.28598922694,"count",89,0.95,162.140353783106,"working","Sum of original square-fita working sample sizes; MFCL information-weight convention","Square-fita working-normal reference range; independent records and fixed within-tail shape","axis/series/bin_unit",,
"length","F8_R1","cm",117,11144069.0644904,27.5486236491479,129.459845595843,27.5486236491479,0,6570.44419107274,"count",89,0.95,162.140353783106,"working","Sum of original square-fita working sample sizes; MFCL information-weight convention","Square-fita working-normal reference range; independent records and fixed within-tail shape","axis/series/bin_unit",,
"length","F8_R1","cm",119,10289164.8655682,4.94792318139521,52.655494275982,4.94792318139521,0,6291.87110788892,"count",89,0.95,162.140353783106,"working","Sum of original square-fita working sample sizes; MFCL information-weight convention","Square-fita working-normal reference range; independent records and fixed within-tail shape","axis/series/bin_unit",,
"length","F8_R1","cm",121,,0,9.68932389393534,0,,,"count",89,0.95,162.140353783106,"working","Sum of original square-fita working sample sizes; MFCL information-weight convention","Square-fita working-normal reference range; independent records and fixed within-tail shape","axis/series/bin_unit",,
"length","F8_R1","cm",123,,0,2.4956679226154,0,,,"count",89,0.95,162.140353783106,"working","Sum of original square-fita working sample sizes; MFCL information-weight convention","Square-fita working-normal reference range; independent records and fixed within-tail shape","axis/series/bin_unit",,
"length","F8_R1","cm",125,,0,23.2526106936205,0,,,"count",89,0.95,162.140353783106,"working","Sum of original square-fita working sample sizes; MFCL information-weight convention","Square-fita working-normal reference range; independent records and fixed within-tail shape","axis/series/bin_unit",,
"length","F8_R1","cm",127,,0,8.02381925376544,0,,,"count",89,0.95,162.140353783106,"working","Sum of original square-fita working sample sizes; MFCL information-weight convention","Square-fita working-normal reference range; independent records and fixed within-tail shape","axis/series/bin_unit",,
"length","F8_R1","cm",129,,0,7.84253597239777,0,,,"count",89,0.95,162.140353783106,"working","Sum of original square-fita working sample sizes; MFCL information-weight convention","Square-fita working-normal reference range; independent records and fixed within-tail shape","axis/series/bin_unit",,
"length","F9_R1","cm",31,,0,0.48828272420568,0,,,"count",17,0.95,37.8587910218986,"working","Sum of original square-fita working sample sizes; MFCL information-weight convention","Square-fita working-normal reference range; independent records and fixed within-tail shape","axis/series/bin_unit",,
"length","F9_R1","cm",33,,0,0,0,,,"count",17,0.95,37.8587910218986,"working","Sum of original square-fita working sample sizes; MFCL information-weight convention","Square-fita working-normal reference range; independent records and fixed within-tail shape","axis/series/bin_unit",,
"length","F9_R1","cm",35,,0,0.48828272420568,0,,,"count",17,0.95,37.8587910218986,"working","Sum of original square-fita working sample sizes; MFCL information-weight convention","Square-fita working-normal reference range; independent records and fixed within-tail shape","axis/series/bin_unit",,
"length","F9_R1","cm",37,,0,0,0,,,"count",17,0.95,37.8587910218986,"working","Sum of original square-fita working sample sizes; MFCL information-weight convention","Square-fita working-normal reference range; independent records and fixed within-tail shape","axis/series/bin_unit",,
"length","F9_R1","cm",39,,0,0,0,,,"count",17,0.95,37.8587910218986,"working","Sum of original square-fita working sample sizes; MFCL information-weight convention","Square-fita working-normal reference range; independent records and fixed within-tail shape","axis/series/bin_unit",,
"length","F9_R1","cm",41,,0,0,0,,,"count",17,0.95,37.8587910218986,"working","Sum of original square-fita working sample sizes; MFCL information-weight convention","Square-fita working-normal reference range; independent records and fixed within-tail shape","axis/series/bin_unit",,
"length","F9_R1","cm",43,,0,0.713141942363257,0,,,"count",17,0.95,37.8587910218986,"working","Sum of original square-fita working sample sizes; MFCL information-weight convention","Square-fita working-normal reference range; independent records and fixed within-tail shape","axis/series/bin_unit",,
"length","F9_R1","cm",45,,0,0,0,,,"count",17,0.95,37.8587910218986,"working","Sum of original square-fita working sample sizes; MFCL information-weight convention","Square-fita working-normal reference range; independent records and fixed within-tail shape","axis/series/bin_unit",,
"length","F9_R1","cm",47,,0,0.0999280924875488,0,,,"count",17,0.95,37.8587910218986,"working","Sum of original square-fita working sample sizes; MFCL information-weight convention","Square-fita working-normal reference range; independent records and fixed within-tail shape","axis/series/bin_unit",,
"length","F9_R1","cm",49,,3.92804178599732e-08,0,3.92804178599732e-08,,,"count",17,0.95,37.8587910218986,"working","Sum of original square-fita working sample sizes; MFCL information-weight convention","Square-fita working-normal reference range; independent records and fixed within-tail shape","axis/series/bin_unit",,
"length","F9_R1","cm",51,,2.85630444281809e-07,0.302910996130267,2.85630444281809e-07,,,"count",17,0.95,37.8587910218986,"working","Sum of original square-fita working sample sizes; MFCL information-weight convention","Square-fita working-normal reference range; independent records and fixed within-tail shape","axis/series/bin_unit",,
"length","F9_R1","cm",53,27964.9214993488,1.32752940412849e-06,0.698695375324401,1.32752940412849e-06,0,327.759203126185,"count",17,0.95,37.8587910218986,"working","Sum of original square-fita working sample sizes; MFCL information-weight convention","Square-fita working-normal reference range; independent records and fixed within-tail shape","axis/series/bin_unit",,
"length","F9_R1","cm",55,28424.3923835926,0.000911594313956542,0.719158902327922,0.000911594313956542,0,330.441727542984,"count",17,0.95,37.8587910218986,"working","Sum of original square-fita working sample sizes; MFCL information-weight convention","Square-fita working-normal reference range; independent records and fixed within-tail shape","axis/series/bin_unit",,
"length","F9_R1","cm",57,96931.8894334457,0.0068171100039653,1.75439571942257,0.0068171100039653,0,610.219781304192,"count",17,0.95,37.8587910218986,"working","Sum of original square-fita working sample sizes; MFCL information-weight convention","Square-fita working-normal reference range; independent records and fixed within-tail shape","axis/series/bin_unit",,
"length","F9_R1","cm",59,97046.6363238481,0.0255339813658653,2.49346902011809,0.0255339813658653,0,610.599573001157,"count",17,0.95,37.8587910218986,"working","Sum of original square-fita working sample sizes; MFCL information-weight convention","Square-fita working-normal reference range; independent records and fixed within-tail shape","axis/series/bin_unit",,
"length","F9_R1","cm",61,97824.6394075165,0.160903167013751,6.14746978554905,0.160903167013751,0,613.177480376167,"count",17,0.95,37.8587910218986,"working","Sum of original square-fita working sample sizes; MFCL information-weight convention","Square-fita working-normal reference range; independent records and fixed within-tail shape","axis/series/bin_unit",,
"length","F9_R1","cm",63,102372.565140595,0.827468451491948,6.13466112756742,0.827468451491948,0,627.931920163024,"count",17,0.95,37.8587910218986,"working","Sum of original square-fita working sample sizes; MFCL information-weight convention","Square-fita working-normal reference range; independent records and fixed within-tail shape","axis/series/bin_unit",,
"length","F9_R1","cm",65,103371.868770194,2.45693356500558,7.01407535552155,2.45693356500558,0,632.614673419795,"count",17,0.95,37.8587910218986,"working","Sum of original square-fita working sample sizes; MFCL information-weight convention","Square-fita working-normal reference range; independent records and fixed within-tail shape","axis/series/bin_unit",,
"length","F9_R1","cm",67,107025.995510392,6.05196516215542,17.3971439347823,6.05196516215542,0,647.250806783821,"count",17,0.95,37.8587910218986,"working","Sum of original square-fita working sample sizes; MFCL information-weight convention","Square-fita working-normal reference range; independent records and fixed within-tail shape","axis/series/bin_unit",,
"length","F9_R1","cm",69,120901.841594369,17.0839712813384,63.3534055361439,17.0839712813384,0,698.581913927427,"count",17,0.95,37.8587910218986,"working","Sum of original square-fita working sample sizes; MFCL information-weight convention","Square-fita working-normal reference range; independent records and fixed within-tail shape","axis/series/bin_unit",,
"length","F9_R1","cm",71,138224.383661936,35.5566062632038,132.834631711556,35.5566062632038,0,764.242600264153,"count",17,0.95,37.8587910218986,"working","Sum of original square-fita working sample sizes; MFCL information-weight convention","Square-fita working-normal reference range; independent records and fixed within-tail shape","axis/series/bin_unit",,
"length","F9_R1","cm",73,171689.930766047,68.0051985969484,301.728602662858,68.0051985969484,0,880.125755512973,"count",17,0.95,37.8587910218986,"working","Sum of original square-fita working sample sizes; MFCL information-weight convention","Square-fita working-normal reference range; independent records and fixed within-tail shape","axis/series/bin_unit",,
"length","F9_R1","cm",75,201907.666888166,121.203920090257,420.891289080872,121.203920090257,0,1001.89682226065,"count",17,0.95,37.8587910218986,"working","Sum of original square-fita working sample sizes; MFCL information-weight convention","Square-fita working-normal reference range; independent records and fixed within-tail shape","axis/series/bin_unit",,
"length","F9_R1","cm",77,263177.251082638,206.915314929996,676.640181802241,206.915314929996,0,1212.39260088798,"count",17,0.95,37.8587910218986,"working","Sum of original square-fita working sample sizes; MFCL information-weight convention","Square-fita working-normal reference range; independent records and fixed within-tail shape","axis/series/bin_unit",,
"length","F9_R1","cm",79,309201.722472246,318.036509294699,748.704376596003,318.036509294699,0,1407.89231818174,"count",17,0.95,37.8587910218986,"working","Sum of original square-fita working sample sizes; MFCL information-weight convention","Square-fita working-normal reference range; independent records and fixed within-tail shape","axis/series/bin_unit",,
"length","F9_R1","cm",81,292509.210731698,440.540098511837,676.357931622718,440.540098511837,0,1500.569384758,"count",17,0.95,37.8587910218986,"working","Sum of original square-fita working sample sizes; MFCL information-weight convention","Square-fita working-normal reference range; independent records and fixed within-tail shape","axis/series/bin_unit",,
"length","F9_R1","cm",83,284619.64093145,560.090983538714,655.407621927525,560.090983538714,0,1605.72697670216,"count",17,0.95,37.8587910218986,"working","Sum of original square-fita working sample sizes; MFCL information-weight convention","Square-fita working-normal reference range; independent records and fixed within-tail shape","axis/series/bin_unit",,
"length","F9_R1","cm",85,250501.521912742,677.694084128215,465.432932629766,677.694084128215,0,1658.6585488001,"count",17,0.95,37.8587910218986,"working","Sum of original square-fita working sample sizes; MFCL information-weight convention","Square-fita working-normal reference range; independent records and fixed within-tail shape","axis/series/bin_unit",,
"length","F9_R1","cm",87,309564.927234278,806.31427785137,581.952600462431,806.31427785137,0,1896.81000012709,"count",17,0.95,37.8587910218986,"working","Sum of original square-fita working sample sizes; MFCL information-weight convention","Square-fita working-normal reference range; independent records and fixed within-tail shape","axis/series/bin_unit",,
"length","F9_R1","cm",89,355792.270245689,945.302797953236,639.606151181824,945.302797953236,0,2114.38848979541,"count",17,0.95,37.8587910218986,"working","Sum of original square-fita working sample sizes; MFCL information-weight convention","Square-fita working-normal reference range; independent records and fixed within-tail shape","axis/series/bin_unit",,
"length","F9_R1","cm",91,503655.549683319,1063.31313453714,1035.42380371812,1063.31313453714,0,2454.27397292279,"count",17,0.95,37.8587910218986,"working","Sum of original square-fita working sample sizes; MFCL information-weight convention","Square-fita working-normal reference range; independent records and fixed within-tail shape","axis/series/bin_unit",,
"length","F9_R1","cm",93,521628.397674394,1111.3661087912,1070.17178006923,1111.3661087912,0,2526.92748484342,"count",17,0.95,37.8587910218986,"working","Sum of original square-fita working sample sizes; MFCL information-weight convention","Square-fita working-normal reference range; independent records and fixed within-tail shape","axis/series/bin_unit",,
"length","F9_R1","cm",95,490499.284834981,1057.56955360569,914.16013025355,1057.56955360569,0,2430.24315074141,"count",17,0.95,37.8587910218986,"working","Sum of original square-fita working sample sizes; MFCL information-weight convention","Square-fita working-normal reference range; independent records and fixed within-tail shape","axis/series/bin_unit",,
"length","F9_R1","cm",97,443710.014613624,909.240239855194,826.713898557493,909.240239855194,0,2214.80285783559,"count",17,0.95,37.8587910218986,"working","Sum of original square-fita working sample sizes; MFCL information-weight convention","Square-fita working-normal reference range; independent records and fixed within-tail shape","axis/series/bin_unit",,
"length","F9_R1","cm",99,292443.488822092,706.872842783513,436.467169366633,706.872842783513,0,1766.7830369463,"count",17,0.95,37.8587910218986,"working","Sum of original square-fita working sample sizes; MFCL information-weight convention","Square-fita working-normal reference range; independent records and fixed within-tail shape","axis/series/bin_unit",,
"length","F9_R1","cm",101,208834.146228263,501.222149379997,273.333883787093,501.222149379997,0,1396.8938376066,"count",17,0.95,37.8587910218986,"working","Sum of original square-fita working sample sizes; MFCL information-weight convention","Square-fita working-normal reference range; independent records and fixed within-tail shape","axis/series/bin_unit",,
"length","F9_R1","cm",103,151399.770983084,325.349049962616,133.139396803599,325.349049962616,0,1087.9734566623,"count",17,0.95,37.8587910218986,"working","Sum of original square-fita working sample sizes; MFCL information-weight convention","Square-fita working-normal reference range; independent records and fixed within-tail shape","axis/series/bin_unit",,
"length","F9_R1","cm",105,111602.899981716,194.540766673095,67.9647899122321,194.540766673095,0,849.30633124549,"count",17,0.95,37.8587910218986,"working","Sum of original square-fita working sample sizes; MFCL information-weight convention","Square-fita working-normal reference range; independent records and fixed within-tail shape","axis/series/bin_unit",,
"length","F9_R1","cm",107,94765.1533865666,106.737007159815,42.9226827261514,106.737007159815,0,710.091326255368,"count",17,0.95,37.8587910218986,"working","Sum of original square-fita working sample sizes; MFCL information-weight convention","Square-fita working-normal reference range; independent records and fixed within-tail shape","axis/series/bin_unit",,
"length","F9_R1","cm",109,85477.7378878924,53.0513529190957,27.6354498617875,53.0513529190957,0,626.077713728461,"count",17,0.95,37.8587910218986,"working","Sum of original square-fita working sample sizes; MFCL information-weight convention","Square-fita working-normal reference range; independent records and fixed within-tail shape","axis/series/bin_unit",,
"length","F9_R1","cm",111,75496.4811034757,24.9107025125838,8.83456549335423,24.9107025125838,0,563.442617320159,"count",17,0.95,37.8587910218986,"working","Sum of original square-fita working sample sizes; MFCL information-weight convention","Square-fita working-normal reference range; independent records and fixed within-tail shape","axis/series/bin_unit",,
"length","F9_R1","cm",113,72009.324326248,10.1465779814664,10.6157443363945,10.1465779814664,0,536.094155317164,"count",17,0.95,37.8587910218986,"working","Sum of original square-fita working sample sizes; MFCL information-weight convention","Square-fita working-normal reference range; independent records and fixed within-tail shape","axis/series/bin_unit",,
"length","F9_R1","cm",115,70214.2304270345,3.58946200337631,8.05593298703995,3.58946200337631,0,522.940090011258,"count",17,0.95,37.8587910218986,"working","Sum of original square-fita working sample sizes; MFCL information-weight convention","Square-fita working-normal reference range; independent records and fixed within-tail shape","axis/series/bin_unit",,
"length","F9_R1","cm",117,69545.2345682613,1.07783590590777,5.62395321736751,1.07783590590777,0,517.948375566942,"count",17,0.95,37.8587910218986,"working","Sum of original square-fita working sample sizes; MFCL information-weight convention","Square-fita working-normal reference range; independent records and fixed within-tail shape","axis/series/bin_unit",,
"length","F9_R1","cm",119,70101.5106079187,0.11194446528084,6.45710890656468,0.11194446528084,0,519.045530070194,"count",17,0.95,37.8587910218986,"working","Sum of original square-fita working sample sizes; MFCL information-weight convention","Square-fita working-normal reference range; independent records and fixed within-tail shape","axis/series/bin_unit",,
"length","F9_R1","cm",121,66244.9907518473,0,0,0,0,504.457534437225,"count",17,0.95,37.8587910218986,"working","Sum of original square-fita working sample sizes; MFCL information-weight convention","Square-fita working-normal reference range; independent records and fixed within-tail shape","axis/series/bin_unit",,
"length","F9_R1","cm",123,66403.8496503406,0,0.234508043299071,0,0,505.062029821434,"count",17,0.95,37.8587910218986,"working","Sum of original square-fita working sample sizes; MFCL information-weight convention","Square-fita working-normal reference range; independent records and fixed within-tail shape","axis/series/bin_unit",,
"length","F9_R1","cm",125,,0,0.234508043299071,0,,,"count",17,0.95,37.8587910218986,"working","Sum of original square-fita working sample sizes; MFCL information-weight convention","Square-fita working-normal reference range; independent records and fixed within-tail shape","axis/series/bin_unit",,
"length","F9_R1","cm",127,,0,0,0,,,"count",17,0.95,37.8587910218986,"working","Sum of original square-fita working sample sizes; MFCL information-weight convention","Square-fita working-normal reference range; independent records and fixed within-tail shape","axis/series/bin_unit",,
"length","F9_R1","cm",129,,0,0.0223786706431037,0,,,"count",17,0.95,37.8587910218986,"working","Sum of original square-fita working sample sizes; MFCL information-weight convention","Square-fita working-normal reference range; independent records and fixed within-tail shape","axis/series/bin_unit",,
"length",,"cm",31,,0,55.8791829720736,0,,,"count",898,0.95,9199.51094214644,"working","Sum of original square-fita working sample sizes; MFCL information-weight convention","Square-fita working-normal reference range; independent records and fixed within-tail shape","axis/region/bin_unit","Region 1",
"length",,"cm",33,,0,28.2283626365519,0,,,"count",898,0.95,9199.51094214644,"working","Sum of original square-fita working sample sizes; MFCL information-weight convention","Square-fita working-normal reference range; independent records and fixed within-tail shape","axis/region/bin_unit","Region 1",
"length",,"cm",35,,0,43.2592138915395,0,,,"count",898,0.95,9199.51094214644,"working","Sum of original square-fita working sample sizes; MFCL information-weight convention","Square-fita working-normal reference range; independent records and fixed within-tail shape","axis/region/bin_unit","Region 1",
"length",,"cm",37,,0,40.4788670093722,0,,,"count",898,0.95,9199.51094214644,"working","Sum of original square-fita working sample sizes; MFCL information-weight convention","Square-fita working-normal reference range; independent records and fixed within-tail shape","axis/region/bin_unit","Region 1",
"length",,"cm",39,,0,55.1874493790383,0,,,"count",898,0.95,9199.51094214644,"working","Sum of original square-fita working sample sizes; MFCL information-weight convention","Square-fita working-normal reference range; independent records and fixed within-tail shape","axis/region/bin_unit","Region 1",
"length",,"cm",41,,2.38245332012571,104.116615390364,2.38245332012571,,,"count",898,0.95,9199.51094214644,"working","Sum of original square-fita working sample sizes; MFCL information-weight convention","Square-fita working-normal reference range; independent records and fixed within-tail shape","axis/region/bin_unit","Region 1",
"length",,"cm",43,,43.1810134699119,115.694929417124,43.1810134699119,,,"count",898,0.95,9199.51094214644,"working","Sum of original square-fita working sample sizes; MFCL information-weight convention","Square-fita working-normal reference range; independent records and fixed within-tail shape","axis/region/bin_unit","Region 1",
"length",,"cm",45,,344.394944744721,654.75849601965,344.394944744721,,,"count",898,0.95,9199.51094214644,"working","Sum of original square-fita working sample sizes; MFCL information-weight convention","Square-fita working-normal reference range; independent records and fixed within-tail shape","axis/region/bin_unit","Region 1",
"length",,"cm",47,,1412.83487383088,1732.65186447064,1412.83487383088,,,"count",898,0.95,9199.51094214644,"working","Sum of original square-fita working sample sizes; MFCL information-weight convention","Square-fita working-normal reference range; independent records and fixed within-tail shape","axis/region/bin_unit","Region 1",
"length",,"cm",49,,3448.38369523108,3787.3164746666,3448.38369523108,,,"count",898,0.95,9199.51094214644,"working","Sum of original square-fita working sample sizes; MFCL information-weight convention","Square-fita working-normal reference range; independent records and fixed within-tail shape","axis/region/bin_unit","Region 1",
"length",,"cm",51,,5412.95682668504,6580.28164883573,5412.95682668504,,,"count",898,0.95,9199.51094214644,"working","Sum of original square-fita working sample sizes; MFCL information-weight convention","Square-fita working-normal reference range; independent records and fixed within-tail shape","axis/region/bin_unit","Region 1",
"length",,"cm",53,2485639039.45229,6115.89243494916,5914.92648847784,6115.89243494916,0,103832.216624747,"count",898,0.95,9199.51094214644,"working","Sum of original square-fita working sample sizes; MFCL information-weight convention","Square-fita working-normal reference range; independent records and fixed within-tail shape","axis/region/bin_unit","Region 1",
"length",,"cm",55,2502663996.01849,7078.24417691503,6514.26159066261,7078.24417691503,0,105128.642864217,"count",898,0.95,9199.51094214644,"working","Sum of original square-fita working sample sizes; MFCL information-weight convention","Square-fita working-normal reference range; independent records and fixed within-tail shape","axis/region/bin_unit","Region 1",
"length",,"cm",57,2514300564.36424,11481.8619051544,11169.1501072698,11481.8619051544,0,109759.947360932,"count",898,0.95,9199.51094214644,"working","Sum of original square-fita working sample sizes; MFCL information-weight convention","Square-fita working-normal reference range; independent records and fixed within-tail shape","axis/region/bin_unit","Region 1",
"length",,"cm",59,2524129921.08432,18508.6634643471,20420.6275345046,18508.6634643471,0,116978.6647334,"count",898,0.95,9199.51094214644,"working","Sum of original square-fita working sample sizes; MFCL information-weight convention","Square-fita working-normal reference range; independent records and fixed within-tail shape","axis/region/bin_unit","Region 1",
"length",,"cm",61,2523210568.65785,23408.1117165917,30504.375390204,23408.1117165917,0,121860.178710837,"count",898,0.95,9199.51094214644,"working","Sum of original square-fita working sample sizes; MFCL information-weight convention","Square-fita working-normal reference range; independent records and fixed within-tail shape","axis/region/bin_unit","Region 1",
"length",,"cm",63,2533686527.81172,23095.7348559174,27486.5866886309,23095.7348559174,0,121751.968623157,"count",898,0.95,9199.51094214644,"working","Sum of original square-fita working sample sizes; MFCL information-weight convention","Square-fita working-normal reference range; independent records and fixed within-tail shape","axis/region/bin_unit","Region 1",
"length",,"cm",65,2549141391.91624,20359.722410353,21045.05779544,20359.722410353,0,119316.388103843,"count",898,0.95,9199.51094214644,"working","Sum of original square-fita working sample sizes; MFCL information-weight convention","Square-fita working-normal reference range; independent records and fixed within-tail shape","axis/region/bin_unit","Region 1",
"length",,"cm",67,2552849801.95317,20326.7707882541,18662.1323110306,20326.7707882541,0,119355.38983154,"count",898,0.95,9199.51094214644,"working","Sum of original square-fita working sample sizes; MFCL information-weight convention","Square-fita working-normal reference range; independent records and fixed within-tail shape","axis/region/bin_unit","Region 1",
"length",,"cm",69,2589372629.13267,24617.0576322066,20679.6094901145,24617.0576322066,0,124351.54678338,"count",898,0.95,9199.51094214644,"working","Sum of original square-fita working sample sizes; MFCL information-weight convention","Square-fita working-normal reference range; independent records and fixed within-tail shape","axis/region/bin_unit","Region 1",
"length",,"cm",71,2618521281.18157,30419.118801668,23845.4749310172,30419.118801668,0,130713.394175541,"count",898,0.95,9199.51094214644,"working","Sum of original square-fita working sample sizes; MFCL information-weight convention","Square-fita working-normal reference range; independent records and fixed within-tail shape","axis/region/bin_unit","Region 1",
"length",,"cm",73,2661704105.86233,35288.1366089395,26716.2340837733,35288.1366089395,0,136406.021849596,"count",898,0.95,9199.51094214644,"working","Sum of original square-fita working sample sizes; MFCL information-weight convention","Square-fita working-normal reference range; independent records and fixed within-tail shape","axis/region/bin_unit","Region 1",
"length",,"cm",75,2690319597.0152,38256.3164795281,28000.2057651743,38256.3164795281,0,139916.298510022,"count",898,0.95,9199.51094214644,"working","Sum of original square-fita working sample sizes; MFCL information-weight convention","Square-fita working-normal reference range; independent records and fixed within-tail shape","axis/region/bin_unit","Region 1",
"length",,"cm",77,2734246705.73098,41675.2777598539,28560.7650678052,41675.2777598539,0,144161.843346199,"count",898,0.95,9199.51094214644,"working","Sum of original square-fita working sample sizes; MFCL information-weight convention","Square-fita working-normal reference range; independent records and fixed within-tail shape","axis/region/bin_unit","Region 1",
"length",,"cm",79,2943886221.39652,48979.6807783069,34762.6530285159,48979.6807783069,0,155322.605753613,"count",898,0.95,9199.51094214644,"working","Sum of original square-fita working sample sizes; MFCL information-weight convention","Square-fita working-normal reference range; independent records and fixed within-tail shape","axis/region/bin_unit","Region 1",
"length",,"cm",81,3587788120.84329,63469.0640029062,55609.4513115816,63469.0640029062,0,180867.276611085,"count",898,0.95,9199.51094214644,"working","Sum of original square-fita working sample sizes; MFCL information-weight convention","Square-fita working-normal reference range; independent records and fixed within-tail shape","axis/region/bin_unit","Region 1",
"length",,"cm",83,4393556238.92569,89109.5134864602,81122.7708182566,89109.5134864602,0,219023.582656188,"count",898,0.95,9199.51094214644,"working","Sum of original square-fita working sample sizes; MFCL information-weight convention","Square-fita working-normal reference range; independent records and fixed within-tail shape","axis/region/bin_unit","Region 1",
"length",,"cm",85,5728519027.52504,130242.577067123,123976.940286958,130242.577067123,0,278586.333079299,"count",898,0.95,9199.51094214644,"working","Sum of original square-fita working sample sizes; MFCL information-weight convention","Square-fita working-normal reference range; independent records and fixed within-tail shape","axis/region/bin_unit","Region 1",
"length",,"cm",87,7639627697.5771,191460.835592822,189423.752538839,191460.835592822,20150.2544669709,362771.416718672,"count",898,0.95,9199.51094214644,"working","Sum of original square-fita working sample sizes; MFCL information-weight convention","Square-fita working-normal reference range; independent records and fixed within-tail shape","axis/region/bin_unit","Region 1",
"length",,"cm",89,9879893527.16032,270260.169825315,266515.252540371,270260.169825315,75444.348759805,465075.990890825,"count",898,0.95,9199.51094214644,"working","Sum of original square-fita working sample sizes; MFCL information-weight convention","Square-fita working-normal reference range; independent records and fixed within-tail shape","axis/region/bin_unit","Region 1",
"length",,"cm",91,13867586546.4919,354512.91912876,415146.842256324,354512.91912876,123706.154364899,585319.683892622,"count",898,0.95,9199.51094214644,"working","Sum of original square-fita working sample sizes; MFCL information-weight convention","Square-fita working-normal reference range; independent records and fixed within-tail shape","axis/region/bin_unit","Region 1",
"length",,"cm",93,15528629977.0268,424614.211288263,491129.173778385,424614.211288263,180375.40888671,668853.013689816,"count",898,0.95,9199.51094214644,"working","Sum of original square-fita working sample sizes; MFCL information-weight convention","Square-fita working-normal reference range; independent records and fixed within-tail shape","axis/region/bin_unit","Region 1",
"length",,"cm",95,15828958374.742,461740.716371069,503089.762655411,461740.716371069,215151.398331838,708330.034410299,"count",898,0.95,9199.51094214644,"working","Sum of original square-fita working sample sizes; MFCL information-weight convention","Square-fita working-normal reference range; independent records and fixed within-tail shape","axis/region/bin_unit","Region 1",
"length",,"cm",97,16095251126.6657,455784.511235079,512889.686098378,455784.511235079,207129.641160478,704439.381309681,"count",898,0.95,9199.51094214644,"working","Sum of original square-fita working sample sizes; MFCL information-weight convention","Square-fita working-normal reference range; independent records and fixed within-tail shape","axis/region/bin_unit","Region 1",
"length",,"cm",99,14642061219.5355,409230.625646899,448592.101385766,409230.625646899,172066.388830029,646394.862463768,"count",898,0.95,9199.51094214644,"working","Sum of original square-fita working sample sizes; MFCL information-weight convention","Square-fita working-normal reference range; independent records and fixed within-tail shape","axis/region/bin_unit","Region 1",
"length",,"cm",101,12086706933.1754,335120.170096113,341924.268667401,335120.170096113,119642.591305207,550597.74888702,"count",898,0.95,9199.51094214644,"working","Sum of original square-fita working sample sizes; MFCL information-weight convention","Square-fita working-normal reference range; independent records and fixed within-tail shape","axis/region/bin_unit","Region 1",
"length",,"cm",103,9211150331.31889,250618.264294234,225420.179183606,250618.264294234,62511.2344176652,438725.294170804,"count",898,0.95,9199.51094214644,"working","Sum of original square-fita working sample sizes; MFCL information-weight convention","Square-fita working-normal reference range; independent records and fixed within-tail shape","axis/region/bin_unit","Region 1",
"length",,"cm",105,5997661359.70369,171238.587873989,114768.004568273,171238.587873989,19450.0206702305,323027.155077748,"count",898,0.95,9199.51094214644,"working","Sum of original square-fita working sample sizes; MFCL information-weight convention","Square-fita working-normal reference range; independent records and fixed within-tail shape","axis/region/bin_unit","Region 1",
"length",,"cm",107,3992329611.66341,106906.397086035,49810.1519177091,106906.397086035,0,230746.494800155,"count",898,0.95,9199.51094214644,"working","Sum of original square-fita working sample sizes; MFCL information-weight convention","Square-fita working-normal reference range; independent records and fixed within-tail shape","axis/region/bin_unit","Region 1",
"length",,"cm",109,3219840048.48688,60732.3959919759,23636.2255907852,60732.3959919759,0,171947.87582947,"count",898,0.95,9199.51094214644,"working","Sum of original square-fita working sample sizes; MFCL information-weight convention","Square-fita working-normal reference range; independent records and fixed within-tail shape","axis/region/bin_unit","Region 1",
"length",,"cm",111,2856101101.70935,31435.0225299051,11549.1465180647,31435.0225299051,0,136180.403191563,"count",898,0.95,9199.51094214644,"working","Sum of original square-fita working sample sizes; MFCL information-weight convention","Square-fita working-normal reference range; independent records and fixed within-tail shape","axis/region/bin_unit","Region 1",
"length",,"cm",113,2676436102.13512,14504.6033958635,6639.44172327606,14504.6033958635,0,115901.936065767,"count",898,0.95,9199.51094214644,"working","Sum of original square-fita working sample sizes; MFCL information-weight convention","Square-fita working-normal reference range; independent records and fixed within-tail shape","axis/region/bin_unit","Region 1",
"length",,"cm",115,2589028932.2215,5803.42228193962,3578.1118403809,5803.42228193962,0,105531.292151473,"count",898,0.95,9199.51094214644,"working","Sum of original square-fita working sample sizes; MFCL information-weight convention","Square-fita working-normal reference range; independent records and fixed within-tail shape","axis/region/bin_unit","Region 1",
"length",,"cm",117,2530015663.48142,1944.55498601363,1707.96845631787,1944.55498601363,0,100529.295118425,"count",898,0.95,9199.51094214644,"working","Sum of original square-fita working sample sizes; MFCL information-weight convention","Square-fita working-normal reference range; independent records and fixed within-tail shape","axis/region/bin_unit","Region 1",
"length",,"cm",119,2528454450.70932,264.204338662647,1500.33724617576,264.204338662647,0,98818.5226225442,"count",898,0.95,9199.51094214644,"working","Sum of original square-fita working sample sizes; MFCL information-weight convention","Square-fita working-normal reference range; independent records and fixed within-tail shape","axis/region/bin_unit","Region 1",
"length",,"cm",121,,0,1342.76279990616,0,,,"count",898,0.95,9199.51094214644,"working","Sum of original square-fita working sample sizes; MFCL information-weight convention","Square-fita working-normal reference range; independent records and fixed within-tail shape","axis/region/bin_unit","Region 1",
"length",,"cm",123,,0,628.262008117477,0,,,"count",898,0.95,9199.51094214644,"working","Sum of original square-fita working sample sizes; MFCL information-weight convention","Square-fita working-normal reference range; independent records and fixed within-tail shape","axis/region/bin_unit","Region 1",
"length",,"cm",125,,0,572.641911184021,0,,,"count",898,0.95,9199.51094214644,"working","Sum of original square-fita working sample sizes; MFCL information-weight convention","Square-fita working-normal reference range; independent records and fixed within-tail shape","axis/region/bin_unit","Region 1",
"length",,"cm",127,,0,285.308972915717,0,,,"count",898,0.95,9199.51094214644,"working","Sum of original square-fita working sample sizes; MFCL information-weight convention","Square-fita working-normal reference range; independent records and fixed within-tail shape","axis/region/bin_unit","Region 1",
"length",,"cm",129,,0,929.031691353115,0,,,"count",898,0.95,9199.51094214644,"working","Sum of original square-fita working sample sizes; MFCL information-weight convention","Square-fita working-normal reference range; independent records and fixed within-tail shape","axis/region/bin_unit","Region 1",
"length",,"cm",31,,0,9.75385964465823,0,,,"count",241,0.95,1057.43372643029,"working","Sum of original square-fita working sample sizes; MFCL information-weight convention","Square-fita working-normal reference range; independent records and fixed within-tail shape","axis/region/bin_unit","Region 2",
"length",,"cm",33,,0,2.25232808949679,0,,,"count",241,0.95,1057.43372643029,"working","Sum of original square-fita working sample sizes; MFCL information-weight convention","Square-fita working-normal reference range; independent records and fixed within-tail shape","axis/region/bin_unit","Region 2",
"length",,"cm",35,,0,3.41807571804196,0,,,"count",241,0.95,1057.43372643029,"working","Sum of original square-fita working sample sizes; MFCL information-weight convention","Square-fita working-normal reference range; independent records and fixed within-tail shape","axis/region/bin_unit","Region 2",
"length",,"cm",37,,0,3.85957430173777,0,,,"count",241,0.95,1057.43372643029,"working","Sum of original square-fita working sample sizes; MFCL information-weight convention","Square-fita working-normal reference range; independent records and fixed within-tail shape","axis/region/bin_unit","Region 2",
"length",,"cm",39,,0,4.9360936015625,0,,,"count",241,0.95,1057.43372643029,"working","Sum of original square-fita working sample sizes; MFCL information-weight convention","Square-fita working-normal reference range; independent records and fixed within-tail shape","axis/region/bin_unit","Region 2",
"length",,"cm",41,,1.1241790684966e-06,2.04145996902307,1.1241790684966e-06,,,"count",241,0.95,1057.43372643029,"working","Sum of original square-fita working sample sizes; MFCL information-weight convention","Square-fita working-normal reference range; independent records and fixed within-tail shape","axis/region/bin_unit","Region 2",
"length",,"cm",43,,1.19400969028932e-05,3.3230856217982,1.19400969028932e-05,,,"count",241,0.95,1057.43372643029,"working","Sum of original square-fita working sample sizes; MFCL information-weight convention","Square-fita working-normal reference range; independent records and fixed within-tail shape","axis/region/bin_unit","Region 2",
"length",,"cm",45,,5.14729901226009e-05,7.39323817214242,5.14729901226009e-05,,,"count",241,0.95,1057.43372643029,"working","Sum of original square-fita working sample sizes; MFCL information-weight convention","Square-fita working-normal reference range; independent records and fixed within-tail shape","axis/region/bin_unit","Region 2",
"length",,"cm",47,,9.20635615717772e-05,5.45226059932898,9.20635615717772e-05,,,"count",241,0.95,1057.43372643029,"working","Sum of original square-fita working sample sizes; MFCL information-weight convention","Square-fita working-normal reference range; independent records and fixed within-tail shape","axis/region/bin_unit","Region 2",
"length",,"cm",49,,0.0810247250151343,11.5196846973928,0.0810247250151343,,,"count",241,0.95,1057.43372643029,"working","Sum of original square-fita working sample sizes; MFCL information-weight convention","Square-fita working-normal reference range; independent records and fixed within-tail shape","axis/region/bin_unit","Region 2",
"length",,"cm",51,,1.94480363828843,29.9154997616779,1.94480363828843,,,"count",241,0.95,1057.43372643029,"working","Sum of original square-fita working sample sizes; MFCL information-weight convention","Square-fita working-normal reference range; independent records and fixed within-tail shape","axis/region/bin_unit","Region 2",
"length",,"cm",53,3226429.64145474,7.66501849243458,28.8293123467663,7.66501849243458,0,3528.20426774322,"count",241,0.95,1057.43372643029,"working","Sum of original square-fita working sample sizes; MFCL information-weight convention","Square-fita working-normal reference range; independent records and fixed within-tail shape","axis/region/bin_unit","Region 2",
"length",,"cm",55,3405999.32524897,19.62647110416,23.5929999922899,19.62647110416,0,3636.80854438384,"count",241,0.95,1057.43372643029,"working","Sum of original square-fita working sample sizes; MFCL information-weight convention","Square-fita working-normal reference range; independent records and fixed within-tail shape","axis/region/bin_unit","Region 2",
"length",,"cm",57,5981080.6427953,35.2046639605258,57.9415727455913,35.2046639605258,0,4828.54118381273,"count",241,0.95,1057.43372643029,"working","Sum of original square-fita working sample sizes; MFCL information-weight convention","Square-fita working-normal reference range; independent records and fixed within-tail shape","axis/region/bin_unit","Region 2",
"length",,"cm",59,6295944.5814464,58.1355257804271,168.934451524485,58.1355257804271,0,4976.02245483834,"count",241,0.95,1057.43372643029,"working","Sum of original square-fita working sample sizes; MFCL information-weight convention","Square-fita working-normal reference range; independent records and fixed within-tail shape","axis/region/bin_unit","Region 2",
"length",,"cm",61,7240163.85146223,104.336951824844,390.742739090243,104.336951824844,0,5378.12034616996,"count",241,0.95,1057.43372643029,"working","Sum of original square-fita working sample sizes; MFCL information-weight convention","Square-fita working-normal reference range; independent records and fixed within-tail shape","axis/region/bin_unit","Region 2",
"length",,"cm",63,8121212.02110042,235.404860467697,554.163945700256,235.404860467697,0,5820.85932301444,"count",241,0.95,1057.43372643029,"working","Sum of original square-fita working sample sizes; MFCL information-weight convention","Square-fita working-normal reference range; independent records and fixed within-tail shape","axis/region/bin_unit","Region 2",
"length",,"cm",65,9566378.24227688,461.239877806864,1001.09410350184,461.239877806864,0,6523.3226948666,"count",241,0.95,1057.43372643029,"working","Sum of original square-fita working sample sizes; MFCL information-weight convention","Square-fita working-normal reference range; independent records and fixed within-tail shape","axis/region/bin_unit","Region 2",
"length",,"cm",67,10579675.7922501,808.877700010789,1414.59376236811,808.877700010789,0,7183.9376128448,"count",241,0.95,1057.43372643029,"working","Sum of original square-fita working sample sizes; MFCL information-weight convention","Square-fita working-normal reference range; independent records and fixed within-tail shape","axis/region/bin_unit","Region 2",
"length",,"cm",69,10512753.5219915,1320.80371345146,1387.76031176557,1320.80371345146,0,7675.66875897663,"count",241,0.95,1057.43372643029,"working","Sum of original square-fita working sample sizes; MFCL information-weight convention","Square-fita working-normal reference range; independent records and fixed within-tail shape","axis/region/bin_unit","Region 2",
"length",,"cm",71,11989988.3150951,2015.42388278686,2301.70930368545,2015.42388278686,0,8802.1054262985,"count",241,0.95,1057.43372643029,"working","Sum of original square-fita working sample sizes; MFCL information-weight convention","Square-fita working-normal reference range; independent records and fixed within-tail shape","axis/region/bin_unit","Region 2",
"length",,"cm",73,15744404.5311471,2936.96491326136,4015.92552728286,2936.96491326136,0,10713.9490114032,"count",241,0.95,1057.43372643029,"working","Sum of original square-fita working sample sizes; MFCL information-weight convention","Square-fita working-normal reference range; independent records and fixed within-tail shape","axis/region/bin_unit","Region 2",
"length",,"cm",75,15496830.762635,4030.3239005323,4595.42691293311,4030.3239005323,0,11745.9209108698,"count",241,0.95,1057.43372643029,"working","Sum of original square-fita working sample sizes; MFCL information-weight convention","Square-fita working-normal reference range; independent records and fixed within-tail shape","axis/region/bin_unit","Region 2",
"length",,"cm",77,18723048.5087569,5230.06414203857,6548.85809082242,5230.06414203857,0,13710.8553695272,"count",241,0.95,1057.43372643029,"working","Sum of original square-fita working sample sizes; MFCL information-weight convention","Square-fita working-normal reference range; independent records and fixed within-tail shape","axis/region/bin_unit","Region 2",
"length",,"cm",79,17196924.4285461,6526.95160145823,5868.57832149534,6526.95160145823,0,14654.7604719256,"count",241,0.95,1057.43372643029,"working","Sum of original square-fita working sample sizes; MFCL information-weight convention","Square-fita working-normal reference range; independent records and fixed within-tail shape","axis/region/bin_unit","Region 2",
"length",,"cm",81,19266122.2560018,7915.09132181302,7314.30412947215,7915.09132181302,0,16517.9986955379,"count",241,0.95,1057.43372643029,"working","Sum of original square-fita working sample sizes; MFCL information-weight convention","Square-fita working-normal reference range; independent records and fixed within-tail shape","axis/region/bin_unit","Region 2",
"length",,"cm",83,21309039.1471332,9441.96680822956,9156.73336495956,9441.96680822956,394.436957918409,18489.4966585407,"count",241,0.95,1057.43372643029,"working","Sum of original square-fita working sample sizes; MFCL information-weight convention","Square-fita working-normal reference range; independent records and fixed within-tail shape","axis/region/bin_unit","Region 2",
"length",,"cm",85,21482551.4952447,11458.0936784617,10326.0122709864,11458.0936784617,2373.80301091792,20542.3843460056,"count",241,0.95,1057.43372643029,"working","Sum of original square-fita working sample sizes; MFCL information-weight convention","Square-fita working-normal reference range; independent records and fixed within-tail shape","axis/region/bin_unit","Region 2",
"length",,"cm",87,22122053.1091424,14492.5779080497,12865.4224593332,14492.5779080497,5274.06631191996,23711.0895041795,"count",241,0.95,1057.43372643029,"working","Sum of original square-fita working sample sizes; MFCL information-weight convention","Square-fita working-normal reference range; independent records and fixed within-tail shape","axis/region/bin_unit","Region 2",
"length",,"cm",89,21622240.7344634,18708.6903343101,15861.8899736062,18708.6903343101,9594.9124462674,27822.4682223528,"count",241,0.95,1057.43372643029,"working","Sum of original square-fita working sample sizes; MFCL information-weight convention","Square-fita working-normal reference range; independent records and fixed within-tail shape","axis/region/bin_unit","Region 2",
"length",,"cm",91,25896308.235238,23526.8276087325,21254.6191117652,23526.8276087325,13552.8814642183,33500.7737532467,"count",241,0.95,1057.43372643029,"working","Sum of original square-fita working sample sizes; MFCL information-weight convention","Square-fita working-normal reference range; independent records and fixed within-tail shape","axis/region/bin_unit","Region 2",
"length",,"cm",93,29184713.2466633,27624.0001287994,26234.7190639329,27624.0001287994,17035.7106479237,38212.2896096751,"count",241,0.95,1057.43372643029,"working","Sum of original square-fita working sample sizes; MFCL information-weight convention","Square-fita working-normal reference range; independent records and fixed within-tail shape","axis/region/bin_unit","Region 2",
"length",,"cm",95,34872005.4524457,29606.0946235134,31403.0739370145,29606.0946235134,18032.0126754455,41180.1765715813,"count",241,0.95,1057.43372643029,"working","Sum of original square-fita working sample sizes; MFCL information-weight convention","Square-fita working-normal reference range; independent records and fixed within-tail shape","axis/region/bin_unit","Region 2",
"length",,"cm",97,36698739.817202,28676.5156112293,30179.1694856437,28676.5156112293,16803.1547652368,40549.8764572219,"count",241,0.95,1057.43372643029,"working","Sum of original square-fita working sample sizes; MFCL information-weight convention","Square-fita working-normal reference range; independent records and fixed within-tail shape","axis/region/bin_unit","Region 2",
"length",,"cm",99,32532124.1884131,25041.4019573636,24677.9420551771,25041.4019573636,13862.3673201735,36220.4365945537,"count",241,0.95,1057.43372643029,"working","Sum of original square-fita working sample sizes; MFCL information-weight convention","Square-fita working-normal reference range; independent records and fixed within-tail shape","axis/region/bin_unit","Region 2",
"length",,"cm",101,26415386.6604076,19766.6930989097,17860.3642436584,19766.6930989097,9693.28155719911,29840.1046406203,"count",241,0.95,1057.43372643029,"working","Sum of original square-fita working sample sizes; MFCL information-weight convention","Square-fita working-normal reference range; independent records and fixed within-tail shape","axis/region/bin_unit","Region 2",
"length",,"cm",103,25539654.5336577,14115.1117345863,14958.0569628911,14115.1117345863,4210.08618258497,24020.1372865877,"count",241,0.95,1057.43372643029,"working","Sum of original square-fita working sample sizes; MFCL information-weight convention","Square-fita working-normal reference range; independent records and fixed within-tail shape","axis/region/bin_unit","Region 2",
"length",,"cm",105,19860678.8204128,9142.16219669276,9679.70816943359,9142.16219669276,407.519683135166,17876.8047102503,"count",241,0.95,1057.43372643029,"working","Sum of original square-fita working sample sizes; MFCL information-weight convention","Square-fita working-normal reference range; independent records and fixed within-tail shape","axis/region/bin_unit","Region 2",
"length",,"cm",107,15267601.59456,5382.192445096,5574.47278659328,5382.192445096,0,13040.5122880032,"count",241,0.95,1057.43372643029,"working","Sum of original square-fita working sample sizes; MFCL information-weight convention","Square-fita working-normal reference range; independent records and fixed within-tail shape","axis/region/bin_unit","Region 2",
"length",,"cm",109,12806428.8870889,2860.79375336793,3424.54716493916,2860.79375336793,0,9874.73481456169,"count",241,0.95,1057.43372643029,"working","Sum of original square-fita working sample sizes; MFCL information-weight convention","Square-fita working-normal reference range; independent records and fixed within-tail shape","axis/region/bin_unit","Region 2",
"length",,"cm",111,11258885.3275492,1399.65649368293,1998.38507036247,1399.65649368293,0,7976.17109890488,"count",241,0.95,1057.43372643029,"working","Sum of original square-fita working sample sizes; MFCL information-weight convention","Square-fita working-normal reference range; independent records and fixed within-tail shape","axis/region/bin_unit","Region 2",
"length",,"cm",113,9948171.819671,552.821683000639,1165.40750263802,552.821683000639,0,6734.68971673089,"count",241,0.95,1057.43372643029,"working","Sum of original square-fita working sample sizes; MFCL information-weight convention","Square-fita working-normal reference range; independent records and fixed within-tail shape","axis/region/bin_unit","Region 2",
"length",,"cm",115,9263491.99817782,196.90917900857,604.837369254407,196.90917900857,0,6162.25267681568,"count",241,0.95,1057.43372643029,"working","Sum of original square-fita working sample sizes; MFCL information-weight convention","Square-fita working-normal reference range; independent records and fixed within-tail shape","axis/region/bin_unit","Region 2",
"length",,"cm",117,8693160.10412627,58.5534027172635,332.75697588203,58.5534027172635,0,5837.3436361227,"count",241,0.95,1057.43372643029,"working","Sum of original square-fita working sample sizes; MFCL information-weight convention","Square-fita working-normal reference range; independent records and fixed within-tail shape","axis/region/bin_unit","Region 2",
"length",,"cm",119,8349245.39914517,6.31116606139771,185.561588543179,6.31116606139771,0,5669.63902030806,"count",241,0.95,1057.43372643029,"working","Sum of original square-fita working sample sizes; MFCL information-weight convention","Square-fita working-normal reference range; independent records and fixed within-tail shape","axis/region/bin_unit","Region 2",
"length",,"cm",121,,0,117.856328796725,0,,,"count",241,0.95,1057.43372643029,"working","Sum of original square-fita working sample sizes; MFCL information-weight convention","Square-fita working-normal reference range; independent records and fixed within-tail shape","axis/region/bin_unit","Region 2",
"length",,"cm",123,,0,39.1455987547688,0,,,"count",241,0.95,1057.43372643029,"working","Sum of original square-fita working sample sizes; MFCL information-weight convention","Square-fita working-normal reference range; independent records and fixed within-tail shape","axis/region/bin_unit","Region 2",
"length",,"cm",125,,0,43.9453588387931,0,,,"count",241,0.95,1057.43372643029,"working","Sum of original square-fita working sample sizes; MFCL information-weight convention","Square-fita working-normal reference range; independent records and fixed within-tail shape","axis/region/bin_unit","Region 2",
"length",,"cm",127,,0,12.9880954010725,0,,,"count",241,0.95,1057.43372643029,"working","Sum of original square-fita working sample sizes; MFCL information-weight convention","Square-fita working-normal reference range; independent records and fixed within-tail shape","axis/region/bin_unit","Region 2",
"length",,"cm",129,,0,51.5787584764796,0,,,"count",241,0.95,1057.43372643029,"working","Sum of original square-fita working sample sizes; MFCL information-weight convention","Square-fita working-normal reference range; independent records and fixed within-tail shape","axis/region/bin_unit","Region 2",
"length",,"cm",31,,0,65.6330426167318,0,,,"count",1139,0.95,10256.9446685767,"working","Sum of original square-fita working sample sizes; MFCL information-weight convention","Square-fita working-normal reference range; independent records and fixed within-tail shape","axis/group/bin_unit",,"All regions"
"length",,"cm",33,,0,30.4806907260487,0,,,"count",1139,0.95,10256.9446685767,"working","Sum of original square-fita working sample sizes; MFCL information-weight convention","Square-fita working-normal reference range; independent records and fixed within-tail shape","axis/group/bin_unit",,"All regions"
"length",,"cm",35,,0,46.6772896095815,0,,,"count",1139,0.95,10256.9446685767,"working","Sum of original square-fita working sample sizes; MFCL information-weight convention","Square-fita working-normal reference range; independent records and fixed within-tail shape","axis/group/bin_unit",,"All regions"
"length",,"cm",37,,0,44.3384413111099,0,,,"count",1139,0.95,10256.9446685767,"working","Sum of original square-fita working sample sizes; MFCL information-weight convention","Square-fita working-normal reference range; independent records and fixed within-tail shape","axis/group/bin_unit",,"All regions"
"length",,"cm",39,,0,60.1235429806008,0,,,"count",1139,0.95,10256.9446685767,"working","Sum of original square-fita working sample sizes; MFCL information-weight convention","Square-fita working-normal reference range; independent records and fixed within-tail shape","axis/group/bin_unit",,"All regions"
"length",,"cm",41,,2.38245444430478,106.158075359387,2.38245444430478,,,"count",1139,0.95,10256.9446685767,"working","Sum of original square-fita working sample sizes; MFCL information-weight convention","Square-fita working-normal reference range; independent records and fixed within-tail shape","axis/group/bin_unit",,"All regions"
"length",,"cm",43,,43.1810254100088,119.018015038922,43.1810254100088,,,"count",1139,0.95,10256.9446685767,"working","Sum of original square-fita working sample sizes; MFCL information-weight convention","Square-fita working-normal reference range; independent records and fixed within-tail shape","axis/group/bin_unit",,"All regions"
"length",,"cm",45,,344.394996217711,662.151734191792,344.394996217711,,,"count",1139,0.95,10256.9446685767,"working","Sum of original square-fita working sample sizes; MFCL information-weight convention","Square-fita working-normal reference range; independent records and fixed within-tail shape","axis/group/bin_unit",,"All regions"
"length",,"cm",47,,1412.83496589444,1738.10412506997,1412.83496589444,,,"count",1139,0.95,10256.9446685767,"working","Sum of original square-fita working sample sizes; MFCL information-weight convention","Square-fita working-normal reference range; independent records and fixed within-tail shape","axis/group/bin_unit",,"All regions"
"length",,"cm",49,,3448.4647199561,3798.83615936399,3448.4647199561,,,"count",1139,0.95,10256.9446685767,"working","Sum of original square-fita working sample sizes; MFCL information-weight convention","Square-fita working-normal reference range; independent records and fixed within-tail shape","axis/group/bin_unit",,"All regions"
"length",,"cm",51,,5414.90163032332,6610.1971485974,5414.90163032332,,,"count",1139,0.95,10256.9446685767,"working","Sum of original square-fita working sample sizes; MFCL information-weight convention","Square-fita working-normal reference range; independent records and fixed within-tail shape","axis/group/bin_unit",,"All regions"
"length",,"cm",53,2488865469.09374,6123.5574534416,5943.75580082461,6123.5574534416,0,103903.280350222,"count",1139,0.95,10256.9446685767,"working","Sum of original square-fita working sample sizes; MFCL information-weight convention","Square-fita working-normal reference range; independent records and fixed within-tail shape","axis/group/bin_unit",,"All regions"
"length",,"cm",55,2506069995.34374,7097.87064801919,6537.8545906549,7097.87064801919,0,105214.967470592,"count",1139,0.95,10256.9446685767,"working","Sum of original square-fita working sample sizes; MFCL information-weight convention","Square-fita working-normal reference range; independent records and fixed within-tail shape","axis/group/bin_unit",,"All regions"
"length",,"cm",57,2520281645.00704,11517.0665691149,11227.0916800154,11517.0665691149,0,109911.975765911,"count",1139,0.95,10256.9446685767,"working","Sum of original square-fita working sample sizes; MFCL information-weight convention","Square-fita working-normal reference range; independent records and fixed within-tail shape","axis/group/bin_unit",,"All regions"
"length",,"cm",59,2530425865.66576,18566.7989901275,20589.5619860291,18566.7989901275,0,117159.530779922,"count",1139,0.95,10256.9446685767,"working","Sum of original square-fita working sample sizes; MFCL information-weight convention","Square-fita working-normal reference range; independent records and fixed within-tail shape","axis/group/bin_unit",,"All regions"
"length",,"cm",61,2530450732.50931,23512.4486684166,30895.1181292942,23512.4486684166,0,122105.664899199,"count",1139,0.95,10256.9446685767,"working","Sum of original square-fita working sample sizes; MFCL information-weight convention","Square-fita working-normal reference range; independent records and fixed within-tail shape","axis/group/bin_unit",,"All regions"
"length",,"cm",63,2541807739.83282,23331.1397163851,28040.7506343312,23331.1397163851,0,122145.358140099,"count",1139,0.95,10256.9446685767,"working","Sum of original square-fita working sample sizes; MFCL information-weight convention","Square-fita working-normal reference range; independent records and fixed within-tail shape","axis/group/bin_unit",,"All regions"
"length",,"cm",65,2558707770.15851,20820.9622881599,22046.1518989419,20820.9622881599,0,119963.13562148,"count",1139,0.95,10256.9446685767,"working","Sum of original square-fita working sample sizes; MFCL information-weight convention","Square-fita working-normal reference range; independent records and fixed within-tail shape","axis/group/bin_unit",,"All regions"
"length",,"cm",67,2563429477.74542,21135.6484882649,20076.7260733987,21135.6484882649,0,120369.255590458,"count",1139,0.95,10256.9446685767,"working","Sum of original square-fita working sample sizes; MFCL information-weight convention","Square-fita working-normal reference range; independent records and fixed within-tail shape","axis/group/bin_unit",,"All regions"
"length",,"cm",69,2599885382.65466,25937.861345658,22067.3698018801,25937.861345658,0,125874.604518489,"count",1139,0.95,10256.9446685767,"working","Sum of original square-fita working sample sizes; MFCL information-weight convention","Square-fita working-normal reference range; independent records and fixed within-tail shape","axis/group/bin_unit",,"All regions"
"length",,"cm",71,2630511269.49666,32434.5426844548,26147.1842347026,32434.5426844548,0,132958.175324463,"count",1139,0.95,10256.9446685767,"working","Sum of original square-fita working sample sizes; MFCL information-weight convention","Square-fita working-normal reference range; independent records and fixed within-tail shape","axis/group/bin_unit",,"All regions"
"length",,"cm",73,2677448510.39348,38225.1015222009,30732.1596110562,38225.1015222009,0,139641.610026514,"count",1139,0.95,10256.9446685767,"working","Sum of original square-fita working sample sizes; MFCL information-weight convention","Square-fita working-normal reference range; independent records and fixed within-tail shape","axis/group/bin_unit",,"All regions"
"length",,"cm",75,2705816427.77783,42286.6403800604,32595.6326781074,42286.6403800604,0,144238.993877497,"count",1139,0.95,10256.9446685767,"working","Sum of original square-fita working sample sizes; MFCL information-weight convention","Square-fita working-normal reference range; independent records and fixed within-tail shape","axis/group/bin_unit",,"All regions"
"length",,"cm",77,2752969754.23974,46905.3419018925,35109.6231586276,46905.3419018925,0,149742.202732668,"count",1139,0.95,10256.9446685767,"working","Sum of original square-fita working sample sizes; MFCL information-weight convention","Square-fita working-normal reference range; independent records and fixed within-tail shape","axis/group/bin_unit",,"All regions"
"length",,"cm",79,2961083145.82507,55506.6323797652,40631.2313500113,55506.6323797652,0,162159.71001627,"count",1139,0.95,10256.9446685767,"working","Sum of original square-fita working sample sizes; MFCL information-weight convention","Square-fita working-normal reference range; independent records and fixed within-tail shape","axis/group/bin_unit",,"All regions"
"length",,"cm",81,3607054243.09929,71384.1553247192,62923.7554410537,71384.1553247192,0,189097.155196764,"count",1139,0.95,10256.9446685767,"working","Sum of original square-fita working sample sizes; MFCL information-weight convention","Square-fita working-normal reference range; independent records and fixed within-tail shape","axis/group/bin_unit",,"All regions"
"length",,"cm",83,4414865278.07282,98551.4802946898,90279.5041832161,98551.4802946898,0,228780.21431537,"count",1139,0.95,10256.9446685767,"working","Sum of original square-fita working sample sizes; MFCL information-weight convention","Square-fita working-normal reference range; independent records and fixed within-tail shape","axis/group/bin_unit",,"All regions"
"length",,"cm",85,5750001579.02028,141700.670745584,134302.952557945,141700.670745584,0,290322.318848183,"count",1139,0.95,10256.9446685767,"working","Sum of original square-fita working sample sizes; MFCL information-weight convention","Square-fita working-normal reference range; independent records and fixed within-tail shape","axis/group/bin_unit",,"All regions"
"length",,"cm",87,7661749750.68625,205953.413500871,202289.174998172,205953.413500871,34394.9798354736,377511.847166269,"count",1139,0.95,10256.9446685767,"working","Sum of original square-fita working sample sizes; MFCL information-weight convention","Square-fita working-normal reference range; independent records and fixed within-tail shape","axis/group/bin_unit",,"All regions"
"length",,"cm",89,9901515767.89478,288968.860159625,282377.142513977,288968.860159625,93939.9774657497,483997.7428535,"count",1139,0.95,10256.9446685767,"working","Sum of original square-fita working sample sizes; MFCL information-weight convention","Square-fita working-normal reference range; independent records and fixed within-tail shape","axis/group/bin_unit",,"All regions"
"length",,"cm",91,13893482854.7271,378039.746737493,436401.461368089,378039.746737493,147017.578401954,609061.915073032,"count",1139,0.95,10256.9446685767,"working","Sum of original square-fita working sample sizes; MFCL information-weight convention","Square-fita working-normal reference range; independent records and fixed within-tail shape","axis/group/bin_unit",,"All regions"
"length",,"cm",93,15557814690.2735,452238.211417062,517363.892842318,452238.211417062,207770.00392849,696706.418905634,"count",1139,0.95,10256.9446685767,"working","Sum of original square-fita working sample sizes; MFCL information-weight convention","Square-fita working-normal reference range; independent records and fixed within-tail shape","axis/group/bin_unit",,"All regions"
"length",,"cm",95,15863830380.1944,491346.810994582,534492.836592425,491346.810994582,244486.017947178,738207.604041986,"count",1139,0.95,10256.9446685767,"working","Sum of original square-fita working sample sizes; MFCL information-weight convention","Square-fita working-normal reference range; independent records and fixed within-tail shape","axis/group/bin_unit",,"All regions"
"length",,"cm",97,16131949866.4829,484461.026846309,543068.855584022,484461.026846309,235522.839519422,733399.214173196,"count",1139,0.95,10256.9446685767,"working","Sum of original square-fita working sample sizes; MFCL information-weight convention","Square-fita working-normal reference range; independent records and fixed within-tail shape","axis/group/bin_unit",,"All regions"
"length",,"cm",99,14674593343.724,434272.027604263,473270.043440944,434272.027604263,196844.468040619,671699.587167906,"count",1139,0.95,10256.9446685767,"working","Sum of original square-fita working sample sizes; MFCL information-weight convention","Square-fita working-normal reference range; independent records and fixed within-tail shape","axis/group/bin_unit",,"All regions"
"length",,"cm",101,12113122319.8358,354886.863195023,359784.63291106,354886.863195023,139173.950782066,570599.77560798,"count",1139,0.95,10256.9446685767,"working","Sum of original square-fita working sample sizes; MFCL information-weight convention","Square-fita working-normal reference range; independent records and fixed within-tail shape","axis/group/bin_unit",,"All regions"
"length",,"cm",103,9236689985.85254,264733.376028821,240378.236146497,264733.376028821,76365.7455288586,453101.006528783,"count",1139,0.95,10256.9446685767,"working","Sum of original square-fita working sample sizes; MFCL information-weight convention","Square-fita working-normal reference range; independent records and fixed within-tail shape","axis/group/bin_unit",,"All regions"
"length",,"cm",105,6017522038.5241,180380.750070682,124447.712737706,180380.750070682,28341.073954184,332420.426187181,"count",1139,0.95,10256.9446685767,"working","Sum of original square-fita working sample sizes; MFCL information-weight convention","Square-fita working-normal reference range; independent records and fixed within-tail shape","axis/group/bin_unit",,"All regions"
"length",,"cm",107,4007597213.25797,112288.589531131,55384.6247043024,112288.589531131,0,236365.25802549,"count",1139,0.95,10256.9446685767,"working","Sum of original square-fita working sample sizes; MFCL information-weight convention","Square-fita working-normal reference range; independent records and fixed within-tail shape","axis/group/bin_unit",,"All regions"
"length",,"cm",109,3232646477.37397,63593.1897453438,27060.7727557243,63593.1897453438,0,175029.621511145,"count",1139,0.95,10256.9446685767,"working","Sum of original square-fita working sample sizes; MFCL information-weight convention","Square-fita working-normal reference range; independent records and fixed within-tail shape","axis/group/bin_unit",,"All regions"
"length",,"cm",111,2867359987.0369,32834.679023588,13547.5315884271,32834.679023588,0,137786.312237694,"count",1139,0.95,10256.9446685767,"working","Sum of original square-fita working sample sizes; MFCL information-weight convention","Square-fita working-normal reference range; independent records and fixed within-tail shape","axis/group/bin_unit",,"All regions"
"length",,"cm",113,2686384273.95479,15057.4250788642,7804.84922591408,15057.4250788642,0,116643.027232701,"count",1139,0.95,10256.9446685767,"working","Sum of original square-fita working sample sizes; MFCL information-weight convention","Square-fita working-normal reference range; independent records and fixed within-tail shape","axis/group/bin_unit",,"All regions"
"length",,"cm",115,2598292424.21968,6000.33146094819,4182.9492096353,6000.33146094819,0,105906.454155012,"count",1139,0.95,10256.9446685767,"working","Sum of original square-fita working sample sizes; MFCL information-weight convention","Square-fita working-normal reference range; independent records and fixed within-tail shape","axis/group/bin_unit",,"All regions"
"length",,"cm",117,2538708823.58555,2003.10838873089,2040.7254321999,2003.10838873089,0,100757.072377711,"count",1139,0.95,10256.9446685767,"working","Sum of original square-fita working sample sizes; MFCL information-weight convention","Square-fita working-normal reference range; independent records and fixed within-tail shape","axis/group/bin_unit",,"All regions"
"length",,"cm",119,2536803696.10846,270.515504724045,1685.89883471894,270.515504724045,0,98987.4184888904,"count",1139,0.95,10256.9446685767,"working","Sum of original square-fita working sample sizes; MFCL information-weight convention","Square-fita working-normal reference range; independent records and fixed within-tail shape","axis/group/bin_unit",,"All regions"
"length",,"cm",121,,0,1460.61912870289,0,,,"count",1139,0.95,10256.9446685767,"working","Sum of original square-fita working sample sizes; MFCL information-weight convention","Square-fita working-normal reference range; independent records and fixed within-tail shape","axis/group/bin_unit",,"All regions"
"length",,"cm",123,,0,667.407606872245,0,,,"count",1139,0.95,10256.9446685767,"working","Sum of original square-fita working sample sizes; MFCL information-weight convention","Square-fita working-normal reference range; independent records and fixed within-tail shape","axis/group/bin_unit",,"All regions"
"length",,"cm",125,,0,616.587270022815,0,,,"count",1139,0.95,10256.9446685767,"working","Sum of original square-fita working sample sizes; MFCL information-weight convention","Square-fita working-normal reference range; independent records and fixed within-tail shape","axis/group/bin_unit",,"All regions"
"length",,"cm",127,,0,298.29706831679,0,,,"count",1139,0.95,10256.9446685767,"working","Sum of original square-fita working sample sizes; MFCL information-weight convention","Square-fita working-normal reference range; independent records and fixed within-tail shape","axis/group/bin_unit",,"All regions"
"length",,"cm",129,,0,980.610449829595,0,,,"count",1139,0.95,10256.9446685767,"working","Sum of original square-fita working sample sizes; MFCL information-weight convention","Square-fita working-normal reference range; independent records and fixed within-tail shape","axis/group/bin_unit",,"All regions"
