"time","metric","group","value","unit","definition","initial_state","display_name","coverage","model","label"
1954,"spawning_biomass","all",1239615.42822914,"t","Abundance weighted by the model reproductive coefficient and weight at age, on the MFCL biomass scale",,"Spawning potential",0.916666666666742,"formats","Illustrative ALB outputs"
1955,"spawning_biomass","all",1162709.56007971,"t","Abundance weighted by the model reproductive coefficient and weight at age, on the MFCL biomass scale",,"Spawning potential",1,"formats","Illustrative ALB outputs"
1956,"spawning_biomass","all",1145526.1147006,"t","Abundance weighted by the model reproductive coefficient and weight at age, on the MFCL biomass scale",,"Spawning potential",1,"formats","Illustrative ALB outputs"
1957,"spawning_biomass","all",1131587.88394815,"t","Abundance weighted by the model reproductive coefficient and weight at age, on the MFCL biomass scale",,"Spawning potential",1,"formats","Illustrative ALB outputs"
1958,"spawning_biomass","all",1112288.62852715,"t","Abundance weighted by the model reproductive coefficient and weight at age, on the MFCL biomass scale",,"Spawning potential",1,"formats","Illustrative ALB outputs"
1959,"spawning_biomass","all",1082247.28656791,"t","Abundance weighted by the model reproductive coefficient and weight at age, on the MFCL biomass scale",,"Spawning potential",1,"formats","Illustrative ALB outputs"
1960,"spawning_biomass","all",1023724.88113246,"t","Abundance weighted by the model reproductive coefficient and weight at age, on the MFCL biomass scale",,"Spawning potential",1,"formats","Illustrative ALB outputs"
1961,"spawning_biomass","all",936290.131728865,"t","Abundance weighted by the model reproductive coefficient and weight at age, on the MFCL biomass scale",,"Spawning potential",1,"formats","Illustrative ALB outputs"
1962,"spawning_biomass","all",821963.079561218,"t","Abundance weighted by the model reproductive coefficient and weight at age, on the MFCL biomass scale",,"Spawning potential",1,"formats","Illustrative ALB outputs"
1963,"spawning_biomass","all",680989.198117914,"t","Abundance weighted by the model reproductive coefficient and weight at age, on the MFCL biomass scale",,"Spawning potential",1,"formats","Illustrative ALB outputs"
1964,"spawning_biomass","all",582990.089304205,"t","Abundance weighted by the model reproductive coefficient and weight at age, on the MFCL biomass scale",,"Spawning potential",1,"formats","Illustrative ALB outputs"
1965,"spawning_biomass","all",566415.681911359,"t","Abundance weighted by the model reproductive coefficient and weight at age, on the MFCL biomass scale",,"Spawning potential",1,"formats","Illustrative ALB outputs"
1966,"spawning_biomass","all",583901.121570279,"t","Abundance weighted by the model reproductive coefficient and weight at age, on the MFCL biomass scale",,"Spawning potential",1,"formats","Illustrative ALB outputs"
1967,"spawning_biomass","all",561110.821029138,"t","Abundance weighted by the model reproductive coefficient and weight at age, on the MFCL biomass scale",,"Spawning potential",1,"formats","Illustrative ALB outputs"
1968,"spawning_biomass","all",478419.628312521,"t","Abundance weighted by the model reproductive coefficient and weight at age, on the MFCL biomass scale",,"Spawning potential",1,"formats","Illustrative ALB outputs"
1969,"spawning_biomass","all",408192.579198095,"t","Abundance weighted by the model reproductive coefficient and weight at age, on the MFCL biomass scale",,"Spawning potential",1,"formats","Illustrative ALB outputs"
1970,"spawning_biomass","all",369373.717677025,"t","Abundance weighted by the model reproductive coefficient and weight at age, on the MFCL biomass scale",,"Spawning potential",1,"formats","Illustrative ALB outputs"
1971,"spawning_biomass","all",333372.372167945,"t","Abundance weighted by the model reproductive coefficient and weight at age, on the MFCL biomass scale",,"Spawning potential",1,"formats","Illustrative ALB outputs"
1972,"spawning_biomass","all",300306.186061407,"t","Abundance weighted by the model reproductive coefficient and weight at age, on the MFCL biomass scale",,"Spawning potential",1,"formats","Illustrative ALB outputs"
1973,"spawning_biomass","all",263450.285410641,"t","Abundance weighted by the model reproductive coefficient and weight at age, on the MFCL biomass scale",,"Spawning potential",1,"formats","Illustrative ALB outputs"
1974,"spawning_biomass","all",230707.888237219,"t","Abundance weighted by the model reproductive coefficient and weight at age, on the MFCL biomass scale",,"Spawning potential",1,"formats","Illustrative ALB outputs"
1975,"spawning_biomass","all",222273.347750778,"t","Abundance weighted by the model reproductive coefficient and weight at age, on the MFCL biomass scale",,"Spawning potential",1,"formats","Illustrative ALB outputs"
1976,"spawning_biomass","all",251208.946315599,"t","Abundance weighted by the model reproductive coefficient and weight at age, on the MFCL biomass scale",,"Spawning potential",1,"formats","Illustrative ALB outputs"
1977,"spawning_biomass","all",304569.018132332,"t","Abundance weighted by the model reproductive coefficient and weight at age, on the MFCL biomass scale",,"Spawning potential",1,"formats","Illustrative ALB outputs"
1978,"spawning_biomass","all",335626.133461764,"t","Abundance weighted by the model reproductive coefficient and weight at age, on the MFCL biomass scale",,"Spawning potential",1,"formats","Illustrative ALB outputs"
1979,"spawning_biomass","all",317523.716032615,"t","Abundance weighted by the model reproductive coefficient and weight at age, on the MFCL biomass scale",,"Spawning potential",1,"formats","Illustrative ALB outputs"
1980,"spawning_biomass","all",276920.506300693,"t","Abundance weighted by the model reproductive coefficient and weight at age, on the MFCL biomass scale",,"Spawning potential",1,"formats","Illustrative ALB outputs"
1981,"spawning_biomass","all",237920.811879305,"t","Abundance weighted by the model reproductive coefficient and weight at age, on the MFCL biomass scale",,"Spawning potential",1,"formats","Illustrative ALB outputs"
1982,"spawning_biomass","all",221985.952031373,"t","Abundance weighted by the model reproductive coefficient and weight at age, on the MFCL biomass scale",,"Spawning potential",1,"formats","Illustrative ALB outputs"
1983,"spawning_biomass","all",236543.461673196,"t","Abundance weighted by the model reproductive coefficient and weight at age, on the MFCL biomass scale",,"Spawning potential",1,"formats","Illustrative ALB outputs"
1984,"spawning_biomass","all",256759.969660021,"t","Abundance weighted by the model reproductive coefficient and weight at age, on the MFCL biomass scale",,"Spawning potential",1,"formats","Illustrative ALB outputs"
1985,"spawning_biomass","all",265512.517601503,"t","Abundance weighted by the model reproductive coefficient and weight at age, on the MFCL biomass scale",,"Spawning potential",1,"formats","Illustrative ALB outputs"
1986,"spawning_biomass","all",263205.677782525,"t","Abundance weighted by the model reproductive coefficient and weight at age, on the MFCL biomass scale",,"Spawning potential",1,"formats","Illustrative ALB outputs"
1987,"spawning_biomass","all",259386.104586113,"t","Abundance weighted by the model reproductive coefficient and weight at age, on the MFCL biomass scale",,"Spawning potential",1,"formats","Illustrative ALB outputs"
1988,"spawning_biomass","all",249899.094063686,"t","Abundance weighted by the model reproductive coefficient and weight at age, on the MFCL biomass scale",,"Spawning potential",1,"formats","Illustrative ALB outputs"
1989,"spawning_biomass","all",234298.090993532,"t","Abundance weighted by the model reproductive coefficient and weight at age, on the MFCL biomass scale",,"Spawning potential",1,"formats","Illustrative ALB outputs"
1990,"spawning_biomass","all",236408.614477045,"t","Abundance weighted by the model reproductive coefficient and weight at age, on the MFCL biomass scale",,"Spawning potential",1,"formats","Illustrative ALB outputs"
1991,"spawning_biomass","all",250857.054580887,"t","Abundance weighted by the model reproductive coefficient and weight at age, on the MFCL biomass scale",,"Spawning potential",1,"formats","Illustrative ALB outputs"
1992,"spawning_biomass","all",268386.423842364,"t","Abundance weighted by the model reproductive coefficient and weight at age, on the MFCL biomass scale",,"Spawning potential",1,"formats","Illustrative ALB outputs"
1993,"spawning_biomass","all",280654.181216291,"t","Abundance weighted by the model reproductive coefficient and weight at age, on the MFCL biomass scale",,"Spawning potential",1,"formats","Illustrative ALB outputs"
1994,"spawning_biomass","all",283478.077274029,"t","Abundance weighted by the model reproductive coefficient and weight at age, on the MFCL biomass scale",,"Spawning potential",1,"formats","Illustrative ALB outputs"
1995,"spawning_biomass","all",296172.213515552,"t","Abundance weighted by the model reproductive coefficient and weight at age, on the MFCL biomass scale",,"Spawning potential",1,"formats","Illustrative ALB outputs"
1996,"spawning_biomass","all",302449.682245878,"t","Abundance weighted by the model reproductive coefficient and weight at age, on the MFCL biomass scale",,"Spawning potential",1,"formats","Illustrative ALB outputs"
1997,"spawning_biomass","all",317109.3354453,"t","Abundance weighted by the model reproductive coefficient and weight at age, on the MFCL biomass scale",,"Spawning potential",1,"formats","Illustrative ALB outputs"
1998,"spawning_biomass","all",327509.873491464,"t","Abundance weighted by the model reproductive coefficient and weight at age, on the MFCL biomass scale",,"Spawning potential",1,"formats","Illustrative ALB outputs"
1999,"spawning_biomass","all",329303.958113062,"t","Abundance weighted by the model reproductive coefficient and weight at age, on the MFCL biomass scale",,"Spawning potential",1,"formats","Illustrative ALB outputs"
2000,"spawning_biomass","all",309271.151326119,"t","Abundance weighted by the model reproductive coefficient and weight at age, on the MFCL biomass scale",,"Spawning potential",1,"formats","Illustrative ALB outputs"
2001,"spawning_biomass","all",282715.347032037,"t","Abundance weighted by the model reproductive coefficient and weight at age, on the MFCL biomass scale",,"Spawning potential",1,"formats","Illustrative ALB outputs"
2002,"spawning_biomass","all",267211.740192896,"t","Abundance weighted by the model reproductive coefficient and weight at age, on the MFCL biomass scale",,"Spawning potential",1,"formats","Illustrative ALB outputs"
2003,"spawning_biomass","all",262208.363089461,"t","Abundance weighted by the model reproductive coefficient and weight at age, on the MFCL biomass scale",,"Spawning potential",1,"formats","Illustrative ALB outputs"
2004,"spawning_biomass","all",258595.278343163,"t","Abundance weighted by the model reproductive coefficient and weight at age, on the MFCL biomass scale",,"Spawning potential",1,"formats","Illustrative ALB outputs"
2005,"spawning_biomass","all",294105.92885607,"t","Abundance weighted by the model reproductive coefficient and weight at age, on the MFCL biomass scale",,"Spawning potential",1,"formats","Illustrative ALB outputs"
2006,"spawning_biomass","all",320113.177565044,"t","Abundance weighted by the model reproductive coefficient and weight at age, on the MFCL biomass scale",,"Spawning potential",1,"formats","Illustrative ALB outputs"
2007,"spawning_biomass","all",316322.241590265,"t","Abundance weighted by the model reproductive coefficient and weight at age, on the MFCL biomass scale",,"Spawning potential",1,"formats","Illustrative ALB outputs"
2008,"spawning_biomass","all",296487.742477886,"t","Abundance weighted by the model reproductive coefficient and weight at age, on the MFCL biomass scale",,"Spawning potential",1,"formats","Illustrative ALB outputs"
2009,"spawning_biomass","all",287045.364453604,"t","Abundance weighted by the model reproductive coefficient and weight at age, on the MFCL biomass scale",,"Spawning potential",1,"formats","Illustrative ALB outputs"
2010,"spawning_biomass","all",297453.172859345,"t","Abundance weighted by the model reproductive coefficient and weight at age, on the MFCL biomass scale",,"Spawning potential",1,"formats","Illustrative ALB outputs"
2011,"spawning_biomass","all",312718.333000707,"t","Abundance weighted by the model reproductive coefficient and weight at age, on the MFCL biomass scale",,"Spawning potential",1,"formats","Illustrative ALB outputs"
2012,"spawning_biomass","all",318864.260295383,"t","Abundance weighted by the model reproductive coefficient and weight at age, on the MFCL biomass scale",,"Spawning potential",1,"formats","Illustrative ALB outputs"
2013,"spawning_biomass","all",328185.029163764,"t","Abundance weighted by the model reproductive coefficient and weight at age, on the MFCL biomass scale",,"Spawning potential",1,"formats","Illustrative ALB outputs"
2014,"spawning_biomass","all",345014.794441177,"t","Abundance weighted by the model reproductive coefficient and weight at age, on the MFCL biomass scale",,"Spawning potential",1,"formats","Illustrative ALB outputs"
2015,"spawning_biomass","all",338119.459697383,"t","Abundance weighted by the model reproductive coefficient and weight at age, on the MFCL biomass scale",,"Spawning potential",1,"formats","Illustrative ALB outputs"
2016,"spawning_biomass","all",317425.202569025,"t","Abundance weighted by the model reproductive coefficient and weight at age, on the MFCL biomass scale",,"Spawning potential",1,"formats","Illustrative ALB outputs"
2017,"spawning_biomass","all",294798.86278218,"t","Abundance weighted by the model reproductive coefficient and weight at age, on the MFCL biomass scale",,"Spawning potential",1,"formats","Illustrative ALB outputs"
2018,"spawning_biomass","all",287993.624177415,"t","Abundance weighted by the model reproductive coefficient and weight at age, on the MFCL biomass scale",,"Spawning potential",1,"formats","Illustrative ALB outputs"
2019,"spawning_biomass","all",266659.412604178,"t","Abundance weighted by the model reproductive coefficient and weight at age, on the MFCL biomass scale",,"Spawning potential",1,"formats","Illustrative ALB outputs"
2020,"spawning_biomass","all",240036.381182403,"t","Abundance weighted by the model reproductive coefficient and weight at age, on the MFCL biomass scale",,"Spawning potential",1,"formats","Illustrative ALB outputs"
2021,"spawning_biomass","all",244709.991950116,"t","Abundance weighted by the model reproductive coefficient and weight at age, on the MFCL biomass scale",,"Spawning potential",1,"formats","Illustrative ALB outputs"
2022,"spawning_biomass","all",264844.986219579,"t","Abundance weighted by the model reproductive coefficient and weight at age, on the MFCL biomass scale",,"Spawning potential",0.583333333333258,"formats","Illustrative ALB outputs"
1954,"dynamic_spawning_depletion","all",0.996924372976471,"ratio","Spawning potential relative to its dynamic no-fishing counterfactual (SB/SB_F0)",,,0.916666666666742,"formats","Illustrative ALB outputs"
1955,"dynamic_spawning_depletion","all",0.990303179134773,"ratio","Spawning potential relative to its dynamic no-fishing counterfactual (SB/SB_F0)",,,1,"formats","Illustrative ALB outputs"
1956,"dynamic_spawning_depletion","all",0.98577877597364,"ratio","Spawning potential relative to its dynamic no-fishing counterfactual (SB/SB_F0)",,,1,"formats","Illustrative ALB outputs"
1957,"dynamic_spawning_depletion","all",0.981351051989542,"ratio","Spawning potential relative to its dynamic no-fishing counterfactual (SB/SB_F0)",,,1,"formats","Illustrative ALB outputs"
1958,"dynamic_spawning_depletion","all",0.975966306500481,"ratio","Spawning potential relative to its dynamic no-fishing counterfactual (SB/SB_F0)",,,1,"formats","Illustrative ALB outputs"
1959,"dynamic_spawning_depletion","all",0.963809756330066,"ratio","Spawning potential relative to its dynamic no-fishing counterfactual (SB/SB_F0)",,,1,"formats","Illustrative ALB outputs"
1960,"dynamic_spawning_depletion","all",0.952578512252473,"ratio","Spawning potential relative to its dynamic no-fishing counterfactual (SB/SB_F0)",,,1,"formats","Illustrative ALB outputs"
1961,"dynamic_spawning_depletion","all",0.938049623907154,"ratio","Spawning potential relative to its dynamic no-fishing counterfactual (SB/SB_F0)",,,1,"formats","Illustrative ALB outputs"
1962,"dynamic_spawning_depletion","all",0.918065916838279,"ratio","Spawning potential relative to its dynamic no-fishing counterfactual (SB/SB_F0)",,,1,"formats","Illustrative ALB outputs"
1963,"dynamic_spawning_depletion","all",0.890716233700074,"ratio","Spawning potential relative to its dynamic no-fishing counterfactual (SB/SB_F0)",,,1,"formats","Illustrative ALB outputs"
1964,"dynamic_spawning_depletion","all",0.869284990523822,"ratio","Spawning potential relative to its dynamic no-fishing counterfactual (SB/SB_F0)",,,1,"formats","Illustrative ALB outputs"
1965,"dynamic_spawning_depletion","all",0.866904146316212,"ratio","Spawning potential relative to its dynamic no-fishing counterfactual (SB/SB_F0)",,,1,"formats","Illustrative ALB outputs"
1966,"dynamic_spawning_depletion","all",0.855425669898783,"ratio","Spawning potential relative to its dynamic no-fishing counterfactual (SB/SB_F0)",,,1,"formats","Illustrative ALB outputs"
1967,"dynamic_spawning_depletion","all",0.825296462117441,"ratio","Spawning potential relative to its dynamic no-fishing counterfactual (SB/SB_F0)",,,1,"formats","Illustrative ALB outputs"
1968,"dynamic_spawning_depletion","all",0.784718961456113,"ratio","Spawning potential relative to its dynamic no-fishing counterfactual (SB/SB_F0)",,,1,"formats","Illustrative ALB outputs"
1969,"dynamic_spawning_depletion","all",0.759421515631149,"ratio","Spawning potential relative to its dynamic no-fishing counterfactual (SB/SB_F0)",,,1,"formats","Illustrative ALB outputs"
1970,"dynamic_spawning_depletion","all",0.743563632106971,"ratio","Spawning potential relative to its dynamic no-fishing counterfactual (SB/SB_F0)",,,1,"formats","Illustrative ALB outputs"
1971,"dynamic_spawning_depletion","all",0.713645237484005,"ratio","Spawning potential relative to its dynamic no-fishing counterfactual (SB/SB_F0)",,,1,"formats","Illustrative ALB outputs"
1972,"dynamic_spawning_depletion","all",0.681388131623728,"ratio","Spawning potential relative to its dynamic no-fishing counterfactual (SB/SB_F0)",,,1,"formats","Illustrative ALB outputs"
1973,"dynamic_spawning_depletion","all",0.642418370662253,"ratio","Spawning potential relative to its dynamic no-fishing counterfactual (SB/SB_F0)",,,1,"formats","Illustrative ALB outputs"
1974,"dynamic_spawning_depletion","all",0.607520145002937,"ratio","Spawning potential relative to its dynamic no-fishing counterfactual (SB/SB_F0)",,,1,"formats","Illustrative ALB outputs"
1975,"dynamic_spawning_depletion","all",0.614840142864902,"ratio","Spawning potential relative to its dynamic no-fishing counterfactual (SB/SB_F0)",,,1,"formats","Illustrative ALB outputs"
1976,"dynamic_spawning_depletion","all",0.669404101074095,"ratio","Spawning potential relative to its dynamic no-fishing counterfactual (SB/SB_F0)",,,1,"formats","Illustrative ALB outputs"
1977,"dynamic_spawning_depletion","all",0.711265221476001,"ratio","Spawning potential relative to its dynamic no-fishing counterfactual (SB/SB_F0)",,,1,"formats","Illustrative ALB outputs"
1978,"dynamic_spawning_depletion","all",0.715608032782309,"ratio","Spawning potential relative to its dynamic no-fishing counterfactual (SB/SB_F0)",,,1,"formats","Illustrative ALB outputs"
1979,"dynamic_spawning_depletion","all",0.700778628650069,"ratio","Spawning potential relative to its dynamic no-fishing counterfactual (SB/SB_F0)",,,1,"formats","Illustrative ALB outputs"
1980,"dynamic_spawning_depletion","all",0.676310909073571,"ratio","Spawning potential relative to its dynamic no-fishing counterfactual (SB/SB_F0)",,,1,"formats","Illustrative ALB outputs"
1981,"dynamic_spawning_depletion","all",0.640354100690459,"ratio","Spawning potential relative to its dynamic no-fishing counterfactual (SB/SB_F0)",,,1,"formats","Illustrative ALB outputs"
1982,"dynamic_spawning_depletion","all",0.627799886902226,"ratio","Spawning potential relative to its dynamic no-fishing counterfactual (SB/SB_F0)",,,1,"formats","Illustrative ALB outputs"
1983,"dynamic_spawning_depletion","all",0.652548326614445,"ratio","Spawning potential relative to its dynamic no-fishing counterfactual (SB/SB_F0)",,,1,"formats","Illustrative ALB outputs"
1984,"dynamic_spawning_depletion","all",0.68080553638533,"ratio","Spawning potential relative to its dynamic no-fishing counterfactual (SB/SB_F0)",,,1,"formats","Illustrative ALB outputs"
1985,"dynamic_spawning_depletion","all",0.695693093863639,"ratio","Spawning potential relative to its dynamic no-fishing counterfactual (SB/SB_F0)",,,1,"formats","Illustrative ALB outputs"
1986,"dynamic_spawning_depletion","all",0.689954199675352,"ratio","Spawning potential relative to its dynamic no-fishing counterfactual (SB/SB_F0)",,,1,"formats","Illustrative ALB outputs"
1987,"dynamic_spawning_depletion","all",0.679336599147198,"ratio","Spawning potential relative to its dynamic no-fishing counterfactual (SB/SB_F0)",,,1,"formats","Illustrative ALB outputs"
1988,"dynamic_spawning_depletion","all",0.661976239111717,"ratio","Spawning potential relative to its dynamic no-fishing counterfactual (SB/SB_F0)",,,1,"formats","Illustrative ALB outputs"
1989,"dynamic_spawning_depletion","all",0.635508438463113,"ratio","Spawning potential relative to its dynamic no-fishing counterfactual (SB/SB_F0)",,,1,"formats","Illustrative ALB outputs"
1990,"dynamic_spawning_depletion","all",0.636818710475566,"ratio","Spawning potential relative to its dynamic no-fishing counterfactual (SB/SB_F0)",,,1,"formats","Illustrative ALB outputs"
1991,"dynamic_spawning_depletion","all",0.635235146962726,"ratio","Spawning potential relative to its dynamic no-fishing counterfactual (SB/SB_F0)",,,1,"formats","Illustrative ALB outputs"
1992,"dynamic_spawning_depletion","all",0.634430177960873,"ratio","Spawning potential relative to its dynamic no-fishing counterfactual (SB/SB_F0)",,,1,"formats","Illustrative ALB outputs"
1993,"dynamic_spawning_depletion","all",0.638900215957631,"ratio","Spawning potential relative to its dynamic no-fishing counterfactual (SB/SB_F0)",,,1,"formats","Illustrative ALB outputs"
1994,"dynamic_spawning_depletion","all",0.637781286947313,"ratio","Spawning potential relative to its dynamic no-fishing counterfactual (SB/SB_F0)",,,1,"formats","Illustrative ALB outputs"
1995,"dynamic_spawning_depletion","all",0.646370734761608,"ratio","Spawning potential relative to its dynamic no-fishing counterfactual (SB/SB_F0)",,,1,"formats","Illustrative ALB outputs"
1996,"dynamic_spawning_depletion","all",0.652231990661402,"ratio","Spawning potential relative to its dynamic no-fishing counterfactual (SB/SB_F0)",,,1,"formats","Illustrative ALB outputs"
1997,"dynamic_spawning_depletion","all",0.663380488880837,"ratio","Spawning potential relative to its dynamic no-fishing counterfactual (SB/SB_F0)",,,1,"formats","Illustrative ALB outputs"
1998,"dynamic_spawning_depletion","all",0.653840251969026,"ratio","Spawning potential relative to its dynamic no-fishing counterfactual (SB/SB_F0)",,,1,"formats","Illustrative ALB outputs"
1999,"dynamic_spawning_depletion","all",0.648278791508346,"ratio","Spawning potential relative to its dynamic no-fishing counterfactual (SB/SB_F0)",,,1,"formats","Illustrative ALB outputs"
2000,"dynamic_spawning_depletion","all",0.63241854429045,"ratio","Spawning potential relative to its dynamic no-fishing counterfactual (SB/SB_F0)",,,1,"formats","Illustrative ALB outputs"
2001,"dynamic_spawning_depletion","all",0.60040970885715,"ratio","Spawning potential relative to its dynamic no-fishing counterfactual (SB/SB_F0)",,,1,"formats","Illustrative ALB outputs"
2002,"dynamic_spawning_depletion","all",0.565252312736127,"ratio","Spawning potential relative to its dynamic no-fishing counterfactual (SB/SB_F0)",,,1,"formats","Illustrative ALB outputs"
2003,"dynamic_spawning_depletion","all",0.535221725999121,"ratio","Spawning potential relative to its dynamic no-fishing counterfactual (SB/SB_F0)",,,1,"formats","Illustrative ALB outputs"
2004,"dynamic_spawning_depletion","all",0.525538115510552,"ratio","Spawning potential relative to its dynamic no-fishing counterfactual (SB/SB_F0)",,,1,"formats","Illustrative ALB outputs"
2005,"dynamic_spawning_depletion","all",0.542006512071403,"ratio","Spawning potential relative to its dynamic no-fishing counterfactual (SB/SB_F0)",,,1,"formats","Illustrative ALB outputs"
2006,"dynamic_spawning_depletion","all",0.547146256989939,"ratio","Spawning potential relative to its dynamic no-fishing counterfactual (SB/SB_F0)",,,1,"formats","Illustrative ALB outputs"
2007,"dynamic_spawning_depletion","all",0.536827121823333,"ratio","Spawning potential relative to its dynamic no-fishing counterfactual (SB/SB_F0)",,,1,"formats","Illustrative ALB outputs"
2008,"dynamic_spawning_depletion","all",0.524304353587817,"ratio","Spawning potential relative to its dynamic no-fishing counterfactual (SB/SB_F0)",,,1,"formats","Illustrative ALB outputs"
2009,"dynamic_spawning_depletion","all",0.511153752978661,"ratio","Spawning potential relative to its dynamic no-fishing counterfactual (SB/SB_F0)",,,1,"formats","Illustrative ALB outputs"
2010,"dynamic_spawning_depletion","all",0.501882761649498,"ratio","Spawning potential relative to its dynamic no-fishing counterfactual (SB/SB_F0)",,,1,"formats","Illustrative ALB outputs"
2011,"dynamic_spawning_depletion","all",0.50640987102095,"ratio","Spawning potential relative to its dynamic no-fishing counterfactual (SB/SB_F0)",,,1,"formats","Illustrative ALB outputs"
2012,"dynamic_spawning_depletion","all",0.509172787261542,"ratio","Spawning potential relative to its dynamic no-fishing counterfactual (SB/SB_F0)",,,1,"formats","Illustrative ALB outputs"
2013,"dynamic_spawning_depletion","all",0.501701358608563,"ratio","Spawning potential relative to its dynamic no-fishing counterfactual (SB/SB_F0)",,,1,"formats","Illustrative ALB outputs"
2014,"dynamic_spawning_depletion","all",0.508445203832983,"ratio","Spawning potential relative to its dynamic no-fishing counterfactual (SB/SB_F0)",,,1,"formats","Illustrative ALB outputs"
2015,"dynamic_spawning_depletion","all",0.496520635667687,"ratio","Spawning potential relative to its dynamic no-fishing counterfactual (SB/SB_F0)",,,1,"formats","Illustrative ALB outputs"
2016,"dynamic_spawning_depletion","all",0.476957498262039,"ratio","Spawning potential relative to its dynamic no-fishing counterfactual (SB/SB_F0)",,,1,"formats","Illustrative ALB outputs"
2017,"dynamic_spawning_depletion","all",0.457054786076381,"ratio","Spawning potential relative to its dynamic no-fishing counterfactual (SB/SB_F0)",,,1,"formats","Illustrative ALB outputs"
2018,"dynamic_spawning_depletion","all",0.45144001169523,"ratio","Spawning potential relative to its dynamic no-fishing counterfactual (SB/SB_F0)",,,1,"formats","Illustrative ALB outputs"
2019,"dynamic_spawning_depletion","all",0.434747840377849,"ratio","Spawning potential relative to its dynamic no-fishing counterfactual (SB/SB_F0)",,,1,"formats","Illustrative ALB outputs"
2020,"dynamic_spawning_depletion","all",0.416085411679199,"ratio","Spawning potential relative to its dynamic no-fishing counterfactual (SB/SB_F0)",,,1,"formats","Illustrative ALB outputs"
2021,"dynamic_spawning_depletion","all",0.425443492856604,"ratio","Spawning potential relative to its dynamic no-fishing counterfactual (SB/SB_F0)",,,1,"formats","Illustrative ALB outputs"
2022,"dynamic_spawning_depletion","all",0.457686299223471,"ratio","Spawning potential relative to its dynamic no-fishing counterfactual (SB/SB_F0)",,,0.583333333333258,"formats","Illustrative ALB outputs"
1954,"total_biomass","Region 1",2039361.12661035,"t","Total biomass at the model's census time",FALSE,,0.916666666666742,"formats","Illustrative ALB outputs"
1955,"total_biomass","Region 1",1874729.46576711,"t","Total biomass at the model's census time",FALSE,,1,"formats","Illustrative ALB outputs"
1956,"total_biomass","Region 1",1821396.21230671,"t","Total biomass at the model's census time",FALSE,,1,"formats","Illustrative ALB outputs"
1957,"total_biomass","Region 1",1706327.02398951,"t","Total biomass at the model's census time",FALSE,,1,"formats","Illustrative ALB outputs"
1958,"total_biomass","Region 1",1595819.68857567,"t","Total biomass at the model's census time",FALSE,,1,"formats","Illustrative ALB outputs"
1959,"total_biomass","Region 1",1378920.59710219,"t","Total biomass at the model's census time",FALSE,,1,"formats","Illustrative ALB outputs"
1960,"total_biomass","Region 1",1187770.7376817,"t","Total biomass at the model's census time",FALSE,,1,"formats","Illustrative ALB outputs"
1961,"total_biomass","Region 1",1105258.68648542,"t","Total biomass at the model's census time",FALSE,,1,"formats","Illustrative ALB outputs"
1962,"total_biomass","Region 1",1100473.80821485,"t","Total biomass at the model's census time",FALSE,,1,"formats","Illustrative ALB outputs"
1963,"total_biomass","Region 1",1101651.46262553,"t","Total biomass at the model's census time",FALSE,,1,"formats","Illustrative ALB outputs"
1964,"total_biomass","Region 1",981397.487542914,"t","Total biomass at the model's census time",FALSE,,1,"formats","Illustrative ALB outputs"
1965,"total_biomass","Region 1",864534.307071607,"t","Total biomass at the model's census time",FALSE,,1,"formats","Illustrative ALB outputs"
1966,"total_biomass","Region 1",815056.225213189,"t","Total biomass at the model's census time",FALSE,,1,"formats","Illustrative ALB outputs"
1967,"total_biomass","Region 1",740498.631517945,"t","Total biomass at the model's census time",FALSE,,1,"formats","Illustrative ALB outputs"
1968,"total_biomass","Region 1",676018.697432526,"t","Total biomass at the model's census time",FALSE,,1,"formats","Illustrative ALB outputs"
1969,"total_biomass","Region 1",619136.41175074,"t","Total biomass at the model's census time",FALSE,,1,"formats","Illustrative ALB outputs"
1970,"total_biomass","Region 1",565006.294362286,"t","Total biomass at the model's census time",FALSE,,1,"formats","Illustrative ALB outputs"
1971,"total_biomass","Region 1",516966.433141796,"t","Total biomass at the model's census time",FALSE,,1,"formats","Illustrative ALB outputs"
1972,"total_biomass","Region 1",496435.745496179,"t","Total biomass at the model's census time",FALSE,,1,"formats","Illustrative ALB outputs"
1973,"total_biomass","Region 1",542690.142235656,"t","Total biomass at the model's census time",FALSE,,1,"formats","Illustrative ALB outputs"
1974,"total_biomass","Region 1",619637.327406748,"t","Total biomass at the model's census time",FALSE,,1,"formats","Illustrative ALB outputs"
1975,"total_biomass","Region 1",608691.084048956,"t","Total biomass at the model's census time",FALSE,,1,"formats","Illustrative ALB outputs"
1976,"total_biomass","Region 1",574027.106657154,"t","Total biomass at the model's census time",FALSE,,1,"formats","Illustrative ALB outputs"
1977,"total_biomass","Region 1",535435.160015652,"t","Total biomass at the model's census time",FALSE,,1,"formats","Illustrative ALB outputs"
1978,"total_biomass","Region 1",503391.146661936,"t","Total biomass at the model's census time",FALSE,,1,"formats","Illustrative ALB outputs"
1979,"total_biomass","Region 1",497358.54134237,"t","Total biomass at the model's census time",FALSE,,1,"formats","Illustrative ALB outputs"
1980,"total_biomass","Region 1",518448.956272348,"t","Total biomass at the model's census time",FALSE,,1,"formats","Illustrative ALB outputs"
1981,"total_biomass","Region 1",515698.545340038,"t","Total biomass at the model's census time",FALSE,,1,"formats","Illustrative ALB outputs"
1982,"total_biomass","Region 1",503920.092997209,"t","Total biomass at the model's census time",FALSE,,1,"formats","Illustrative ALB outputs"
1983,"total_biomass","Region 1",520166.479654415,"t","Total biomass at the model's census time",FALSE,,1,"formats","Illustrative ALB outputs"
1984,"total_biomass","Region 1",521280.69395483,"t","Total biomass at the model's census time",FALSE,,1,"formats","Illustrative ALB outputs"
1985,"total_biomass","Region 1",492182.562174397,"t","Total biomass at the model's census time",FALSE,,1,"formats","Illustrative ALB outputs"
1986,"total_biomass","Region 1",492487.284388765,"t","Total biomass at the model's census time",FALSE,,1,"formats","Illustrative ALB outputs"
1987,"total_biomass","Region 1",520513.687662273,"t","Total biomass at the model's census time",FALSE,,1,"formats","Illustrative ALB outputs"
1988,"total_biomass","Region 1",546060.687328847,"t","Total biomass at the model's census time",FALSE,,1,"formats","Illustrative ALB outputs"
1989,"total_biomass","Region 1",558239.667945643,"t","Total biomass at the model's census time",FALSE,,1,"formats","Illustrative ALB outputs"
1990,"total_biomass","Region 1",543279.510788608,"t","Total biomass at the model's census time",FALSE,,1,"formats","Illustrative ALB outputs"
1991,"total_biomass","Region 1",591108.150055883,"t","Total biomass at the model's census time",FALSE,,1,"formats","Illustrative ALB outputs"
1992,"total_biomass","Region 1",605952.115568952,"t","Total biomass at the model's census time",FALSE,,1,"formats","Illustrative ALB outputs"
1993,"total_biomass","Region 1",623984.744714606,"t","Total biomass at the model's census time",FALSE,,1,"formats","Illustrative ALB outputs"
1994,"total_biomass","Region 1",662441.592091519,"t","Total biomass at the model's census time",FALSE,,1,"formats","Illustrative ALB outputs"
1995,"total_biomass","Region 1",695047.452931004,"t","Total biomass at the model's census time",FALSE,,1,"formats","Illustrative ALB outputs"
1996,"total_biomass","Region 1",651446.428921371,"t","Total biomass at the model's census time",FALSE,,1,"formats","Illustrative ALB outputs"
1997,"total_biomass","Region 1",620599.391493277,"t","Total biomass at the model's census time",FALSE,,1,"formats","Illustrative ALB outputs"
1998,"total_biomass","Region 1",603819.618561028,"t","Total biomass at the model's census time",FALSE,,1,"formats","Illustrative ALB outputs"
1999,"total_biomass","Region 1",653564.355863889,"t","Total biomass at the model's census time",FALSE,,1,"formats","Illustrative ALB outputs"
2000,"total_biomass","Region 1",617636.24925555,"t","Total biomass at the model's census time",FALSE,,1,"formats","Illustrative ALB outputs"
2001,"total_biomass","Region 1",681605.90189199,"t","Total biomass at the model's census time",FALSE,,1,"formats","Illustrative ALB outputs"
2002,"total_biomass","Region 1",725557.67974991,"t","Total biomass at the model's census time",FALSE,,1,"formats","Illustrative ALB outputs"
2003,"total_biomass","Region 1",751244.678158256,"t","Total biomass at the model's census time",FALSE,,1,"formats","Illustrative ALB outputs"
2004,"total_biomass","Region 1",703435.401208522,"t","Total biomass at the model's census time",FALSE,,1,"formats","Illustrative ALB outputs"
2005,"total_biomass","Region 1",687486.048933776,"t","Total biomass at the model's census time",FALSE,,1,"formats","Illustrative ALB outputs"
2006,"total_biomass","Region 1",723094.291310759,"t","Total biomass at the model's census time",FALSE,,1,"formats","Illustrative ALB outputs"
2007,"total_biomass","Region 1",769547.784805449,"t","Total biomass at the model's census time",FALSE,,1,"formats","Illustrative ALB outputs"
2008,"total_biomass","Region 1",753474.025264526,"t","Total biomass at the model's census time",FALSE,,1,"formats","Illustrative ALB outputs"
2009,"total_biomass","Region 1",786635.309418259,"t","Total biomass at the model's census time",FALSE,,1,"formats","Illustrative ALB outputs"
2010,"total_biomass","Region 1",811752.122126449,"t","Total biomass at the model's census time",FALSE,,1,"formats","Illustrative ALB outputs"
2011,"total_biomass","Region 1",836054.983554771,"t","Total biomass at the model's census time",FALSE,,1,"formats","Illustrative ALB outputs"
2012,"total_biomass","Region 1",808714.9339417,"t","Total biomass at the model's census time",FALSE,,1,"formats","Illustrative ALB outputs"
2013,"total_biomass","Region 1",797472.411292633,"t","Total biomass at the model's census time",FALSE,,1,"formats","Illustrative ALB outputs"
2014,"total_biomass","Region 1",792626.898037103,"t","Total biomass at the model's census time",FALSE,,1,"formats","Illustrative ALB outputs"
2015,"total_biomass","Region 1",761704.747570222,"t","Total biomass at the model's census time",FALSE,,1,"formats","Illustrative ALB outputs"
2016,"total_biomass","Region 1",703187.971294672,"t","Total biomass at the model's census time",FALSE,,1,"formats","Illustrative ALB outputs"
2017,"total_biomass","Region 1",660962.088062021,"t","Total biomass at the model's census time",FALSE,,1,"formats","Illustrative ALB outputs"
2018,"total_biomass","Region 1",716069.087633028,"t","Total biomass at the model's census time",FALSE,,1,"formats","Illustrative ALB outputs"
2019,"total_biomass","Region 1",743370.396979315,"t","Total biomass at the model's census time",FALSE,,1,"formats","Illustrative ALB outputs"
2020,"total_biomass","Region 1",752506.480192382,"t","Total biomass at the model's census time",FALSE,,1,"formats","Illustrative ALB outputs"
2021,"total_biomass","Region 1",760225.872884222,"t","Total biomass at the model's census time",FALSE,,1,"formats","Illustrative ALB outputs"
2022,"total_biomass","Region 1",719990.960828306,"t","Total biomass at the model's census time",FALSE,,0.583333333333258,"formats","Illustrative ALB outputs"
1954,"total_biomass","Region 2",589851.040829892,"t","Total biomass at the model's census time",FALSE,,0.916666666666742,"formats","Illustrative ALB outputs"
1955,"total_biomass","Region 2",564514.127991471,"t","Total biomass at the model's census time",FALSE,,1,"formats","Illustrative ALB outputs"
1956,"total_biomass","Region 2",551648.425292969,"t","Total biomass at the model's census time",FALSE,,1,"formats","Illustrative ALB outputs"
1957,"total_biomass","Region 2",525304.734927518,"t","Total biomass at the model's census time",FALSE,,1,"formats","Illustrative ALB outputs"
1958,"total_biomass","Region 2",492909.067322949,"t","Total biomass at the model's census time",FALSE,,1,"formats","Illustrative ALB outputs"
1959,"total_biomass","Region 2",448182.87747121,"t","Total biomass at the model's census time",FALSE,,1,"formats","Illustrative ALB outputs"
1960,"total_biomass","Region 2",404319.312550158,"t","Total biomass at the model's census time",FALSE,,1,"formats","Illustrative ALB outputs"
1961,"total_biomass","Region 2",378204.381998006,"t","Total biomass at the model's census time",FALSE,,1,"formats","Illustrative ALB outputs"
1962,"total_biomass","Region 2",362662.478416725,"t","Total biomass at the model's census time",FALSE,,1,"formats","Illustrative ALB outputs"
1963,"total_biomass","Region 2",343187.806180659,"t","Total biomass at the model's census time",FALSE,,1,"formats","Illustrative ALB outputs"
1964,"total_biomass","Region 2",302345.664189162,"t","Total biomass at the model's census time",FALSE,,1,"formats","Illustrative ALB outputs"
1965,"total_biomass","Region 2",274863.012651789,"t","Total biomass at the model's census time",FALSE,,1,"formats","Illustrative ALB outputs"
1966,"total_biomass","Region 2",264209.643263865,"t","Total biomass at the model's census time",FALSE,,1,"formats","Illustrative ALB outputs"
1967,"total_biomass","Region 2",241092.632618171,"t","Total biomass at the model's census time",FALSE,,1,"formats","Illustrative ALB outputs"
1968,"total_biomass","Region 2",217176.773413711,"t","Total biomass at the model's census time",FALSE,,1,"formats","Illustrative ALB outputs"
1969,"total_biomass","Region 2",197117.776285556,"t","Total biomass at the model's census time",FALSE,,1,"formats","Illustrative ALB outputs"
1970,"total_biomass","Region 2",180063.154303021,"t","Total biomass at the model's census time",FALSE,,1,"formats","Illustrative ALB outputs"
1971,"total_biomass","Region 2",163492.720900827,"t","Total biomass at the model's census time",FALSE,,1,"formats","Illustrative ALB outputs"
1972,"total_biomass","Region 2",150856.657472563,"t","Total biomass at the model's census time",FALSE,,1,"formats","Illustrative ALB outputs"
1973,"total_biomass","Region 2",156305.039021491,"t","Total biomass at the model's census time",FALSE,,1,"formats","Illustrative ALB outputs"
1974,"total_biomass","Region 2",168420.744747785,"t","Total biomass at the model's census time",FALSE,,1,"formats","Illustrative ALB outputs"
1975,"total_biomass","Region 2",162480.458827791,"t","Total biomass at the model's census time",FALSE,,1,"formats","Illustrative ALB outputs"
1976,"total_biomass","Region 2",157393.798065452,"t","Total biomass at the model's census time",FALSE,,1,"formats","Illustrative ALB outputs"
1977,"total_biomass","Region 2",155851.220078629,"t","Total biomass at the model's census time",FALSE,,1,"formats","Illustrative ALB outputs"
1978,"total_biomass","Region 2",150708.486594416,"t","Total biomass at the model's census time",FALSE,,1,"formats","Illustrative ALB outputs"
1979,"total_biomass","Region 2",148858.916026812,"t","Total biomass at the model's census time",FALSE,,1,"formats","Illustrative ALB outputs"
1980,"total_biomass","Region 2",150196.994478505,"t","Total biomass at the model's census time",FALSE,,1,"formats","Illustrative ALB outputs"
1981,"total_biomass","Region 2",146080.428121113,"t","Total biomass at the model's census time",FALSE,,1,"formats","Illustrative ALB outputs"
1982,"total_biomass","Region 2",141305.327722737,"t","Total biomass at the model's census time",FALSE,,1,"formats","Illustrative ALB outputs"
1983,"total_biomass","Region 2",142391.196422304,"t","Total biomass at the model's census time",FALSE,,1,"formats","Illustrative ALB outputs"
1984,"total_biomass","Region 2",144989.693280916,"t","Total biomass at the model's census time",FALSE,,1,"formats","Illustrative ALB outputs"
1985,"total_biomass","Region 2",139723.154907409,"t","Total biomass at the model's census time",FALSE,,1,"formats","Illustrative ALB outputs"
1986,"total_biomass","Region 2",142033.727667462,"t","Total biomass at the model's census time",FALSE,,1,"formats","Illustrative ALB outputs"
1987,"total_biomass","Region 2",140039.82579452,"t","Total biomass at the model's census time",FALSE,,1,"formats","Illustrative ALB outputs"
1988,"total_biomass","Region 2",151125.782522315,"t","Total biomass at the model's census time",FALSE,,1,"formats","Illustrative ALB outputs"
1989,"total_biomass","Region 2",152723.121371026,"t","Total biomass at the model's census time",FALSE,,1,"formats","Illustrative ALB outputs"
1990,"total_biomass","Region 2",152905.282738928,"t","Total biomass at the model's census time",FALSE,,1,"formats","Illustrative ALB outputs"
1991,"total_biomass","Region 2",160233.12092898,"t","Total biomass at the model's census time",FALSE,,1,"formats","Illustrative ALB outputs"
1992,"total_biomass","Region 2",160404.491307093,"t","Total biomass at the model's census time",FALSE,,1,"formats","Illustrative ALB outputs"
1993,"total_biomass","Region 2",167972.934277559,"t","Total biomass at the model's census time",FALSE,,1,"formats","Illustrative ALB outputs"
1994,"total_biomass","Region 2",174682.206403954,"t","Total biomass at the model's census time",FALSE,,1,"formats","Illustrative ALB outputs"
1995,"total_biomass","Region 2",184972.37147704,"t","Total biomass at the model's census time",FALSE,,1,"formats","Illustrative ALB outputs"
1996,"total_biomass","Region 2",182154.219924278,"t","Total biomass at the model's census time",FALSE,,1,"formats","Illustrative ALB outputs"
1997,"total_biomass","Region 2",177953.636895598,"t","Total biomass at the model's census time",FALSE,,1,"formats","Illustrative ALB outputs"
1998,"total_biomass","Region 2",174562.862885696,"t","Total biomass at the model's census time",FALSE,,1,"formats","Illustrative ALB outputs"
1999,"total_biomass","Region 2",185146.000919036,"t","Total biomass at the model's census time",FALSE,,1,"formats","Illustrative ALB outputs"
2000,"total_biomass","Region 2",174200.941875192,"t","Total biomass at the model's census time",FALSE,,1,"formats","Illustrative ALB outputs"
2001,"total_biomass","Region 2",185903.446433575,"t","Total biomass at the model's census time",FALSE,,1,"formats","Illustrative ALB outputs"
2002,"total_biomass","Region 2",197203.345932094,"t","Total biomass at the model's census time",FALSE,,1,"formats","Illustrative ALB outputs"
2003,"total_biomass","Region 2",193676.238567975,"t","Total biomass at the model's census time",FALSE,,1,"formats","Illustrative ALB outputs"
2004,"total_biomass","Region 2",185003.773107704,"t","Total biomass at the model's census time",FALSE,,1,"formats","Illustrative ALB outputs"
2005,"total_biomass","Region 2",187992.563520974,"t","Total biomass at the model's census time",FALSE,,1,"formats","Illustrative ALB outputs"
2006,"total_biomass","Region 2",196037.654416913,"t","Total biomass at the model's census time",FALSE,,1,"formats","Illustrative ALB outputs"
2007,"total_biomass","Region 2",206883.462056868,"t","Total biomass at the model's census time",FALSE,,1,"formats","Illustrative ALB outputs"
2008,"total_biomass","Region 2",203809.474948969,"t","Total biomass at the model's census time",FALSE,,1,"formats","Illustrative ALB outputs"
2009,"total_biomass","Region 2",209658.136131782,"t","Total biomass at the model's census time",FALSE,,1,"formats","Illustrative ALB outputs"
2010,"total_biomass","Region 2",221341.839030997,"t","Total biomass at the model's census time",FALSE,,1,"formats","Illustrative ALB outputs"
2011,"total_biomass","Region 2",223303.083809444,"t","Total biomass at the model's census time",FALSE,,1,"formats","Illustrative ALB outputs"
2012,"total_biomass","Region 2",214297.04314901,"t","Total biomass at the model's census time",FALSE,,1,"formats","Illustrative ALB outputs"
2013,"total_biomass","Region 2",208791.278400365,"t","Total biomass at the model's census time",FALSE,,1,"formats","Illustrative ALB outputs"
2014,"total_biomass","Region 2",209138.22958986,"t","Total biomass at the model's census time",FALSE,,1,"formats","Illustrative ALB outputs"
2015,"total_biomass","Region 2",198240.494444281,"t","Total biomass at the model's census time",FALSE,,1,"formats","Illustrative ALB outputs"
2016,"total_biomass","Region 2",181813.808762096,"t","Total biomass at the model's census time",FALSE,,1,"formats","Illustrative ALB outputs"
2017,"total_biomass","Region 2",173291.244521794,"t","Total biomass at the model's census time",FALSE,,1,"formats","Illustrative ALB outputs"
2018,"total_biomass","Region 2",186105.817293744,"t","Total biomass at the model's census time",FALSE,,1,"formats","Illustrative ALB outputs"
2019,"total_biomass","Region 2",188888.752732854,"t","Total biomass at the model's census time",FALSE,,1,"formats","Illustrative ALB outputs"
2020,"total_biomass","Region 2",190483.025305435,"t","Total biomass at the model's census time",FALSE,,1,"formats","Illustrative ALB outputs"
2021,"total_biomass","Region 2",182859.391735552,"t","Total biomass at the model's census time",FALSE,,1,"formats","Illustrative ALB outputs"
2022,"total_biomass","Region 2",182927.353981337,"t","Total biomass at the model's census time",FALSE,,0.583333333333258,"formats","Illustrative ALB outputs"
1954,"total_biomass","all",2629212.16744024,"t","Total biomass at the model's census time",FALSE,,0.916666666666742,"formats","Illustrative ALB outputs"
1955,"total_biomass","all",2439243.59375858,"t","Total biomass at the model's census time",FALSE,,1,"formats","Illustrative ALB outputs"
1956,"total_biomass","all",2373044.63759968,"t","Total biomass at the model's census time",FALSE,,1,"formats","Illustrative ALB outputs"
1957,"total_biomass","all",2231631.75891703,"t","Total biomass at the model's census time",FALSE,,1,"formats","Illustrative ALB outputs"
1958,"total_biomass","all",2088728.75589862,"t","Total biomass at the model's census time",FALSE,,1,"formats","Illustrative ALB outputs"
1959,"total_biomass","all",1827103.4745734,"t","Total biomass at the model's census time",FALSE,,1,"formats","Illustrative ALB outputs"
1960,"total_biomass","all",1592090.05023186,"t","Total biomass at the model's census time",FALSE,,1,"formats","Illustrative ALB outputs"
1961,"total_biomass","all",1483463.06848343,"t","Total biomass at the model's census time",FALSE,,1,"formats","Illustrative ALB outputs"
1962,"total_biomass","all",1463136.28663158,"t","Total biomass at the model's census time",FALSE,,1,"formats","Illustrative ALB outputs"
1963,"total_biomass","all",1444839.26880619,"t","Total biomass at the model's census time",FALSE,,1,"formats","Illustrative ALB outputs"
1964,"total_biomass","all",1283743.15173208,"t","Total biomass at the model's census time",FALSE,,1,"formats","Illustrative ALB outputs"
1965,"total_biomass","all",1139397.3197234,"t","Total biomass at the model's census time",FALSE,,1,"formats","Illustrative ALB outputs"
1966,"total_biomass","all",1079265.86847705,"t","Total biomass at the model's census time",FALSE,,1,"formats","Illustrative ALB outputs"
1967,"total_biomass","all",981591.264136116,"t","Total biomass at the model's census time",FALSE,,1,"formats","Illustrative ALB outputs"
1968,"total_biomass","all",893195.470846237,"t","Total biomass at the model's census time",FALSE,,1,"formats","Illustrative ALB outputs"
1969,"total_biomass","all",816254.188036296,"t","Total biomass at the model's census time",FALSE,,1,"formats","Illustrative ALB outputs"
1970,"total_biomass","all",745069.448665307,"t","Total biomass at the model's census time",FALSE,,1,"formats","Illustrative ALB outputs"
1971,"total_biomass","all",680459.154042623,"t","Total biomass at the model's census time",FALSE,,1,"formats","Illustrative ALB outputs"
1972,"total_biomass","all",647292.402968742,"t","Total biomass at the model's census time",FALSE,,1,"formats","Illustrative ALB outputs"
1973,"total_biomass","all",698995.181257147,"t","Total biomass at the model's census time",FALSE,,1,"formats","Illustrative ALB outputs"
1974,"total_biomass","all",788058.072154534,"t","Total biomass at the model's census time",FALSE,,1,"formats","Illustrative ALB outputs"
1975,"total_biomass","all",771171.542876747,"t","Total biomass at the model's census time",FALSE,,1,"formats","Illustrative ALB outputs"
1976,"total_biomass","all",731420.904722606,"t","Total biomass at the model's census time",FALSE,,1,"formats","Illustrative ALB outputs"
1977,"total_biomass","all",691286.380094281,"t","Total biomass at the model's census time",FALSE,,1,"formats","Illustrative ALB outputs"
1978,"total_biomass","all",654099.633256352,"t","Total biomass at the model's census time",FALSE,,1,"formats","Illustrative ALB outputs"
1979,"total_biomass","all",646217.457369182,"t","Total biomass at the model's census time",FALSE,,1,"formats","Illustrative ALB outputs"
1980,"total_biomass","all",668645.950750853,"t","Total biomass at the model's census time",FALSE,,1,"formats","Illustrative ALB outputs"
1981,"total_biomass","all",661778.973461151,"t","Total biomass at the model's census time",FALSE,,1,"formats","Illustrative ALB outputs"
1982,"total_biomass","all",645225.420719946,"t","Total biomass at the model's census time",FALSE,,1,"formats","Illustrative ALB outputs"
1983,"total_biomass","all",662557.676076719,"t","Total biomass at the model's census time",FALSE,,1,"formats","Illustrative ALB outputs"
1984,"total_biomass","all",666270.387235746,"t","Total biomass at the model's census time",FALSE,,1,"formats","Illustrative ALB outputs"
1985,"total_biomass","all",631905.717081806,"t","Total biomass at the model's census time",FALSE,,1,"formats","Illustrative ALB outputs"
1986,"total_biomass","all",634521.012056226,"t","Total biomass at the model's census time",FALSE,,1,"formats","Illustrative ALB outputs"
1987,"total_biomass","all",660553.513456794,"t","Total biomass at the model's census time",FALSE,,1,"formats","Illustrative ALB outputs"
1988,"total_biomass","all",697186.469851162,"t","Total biomass at the model's census time",FALSE,,1,"formats","Illustrative ALB outputs"
1989,"total_biomass","all",710962.789316669,"t","Total biomass at the model's census time",FALSE,,1,"formats","Illustrative ALB outputs"
1990,"total_biomass","all",696184.793527537,"t","Total biomass at the model's census time",FALSE,,1,"formats","Illustrative ALB outputs"
1991,"total_biomass","all",751341.270984863,"t","Total biomass at the model's census time",FALSE,,1,"formats","Illustrative ALB outputs"
1992,"total_biomass","all",766356.606876046,"t","Total biomass at the model's census time",FALSE,,1,"formats","Illustrative ALB outputs"
1993,"total_biomass","all",791957.678992164,"t","Total biomass at the model's census time",FALSE,,1,"formats","Illustrative ALB outputs"
1994,"total_biomass","all",837123.798495473,"t","Total biomass at the model's census time",FALSE,,1,"formats","Illustrative ALB outputs"
1995,"total_biomass","all",880019.824408044,"t","Total biomass at the model's census time",FALSE,,1,"formats","Illustrative ALB outputs"
1996,"total_biomass","all",833600.648845649,"t","Total biomass at the model's census time",FALSE,,1,"formats","Illustrative ALB outputs"
1997,"total_biomass","all",798553.028388876,"t","Total biomass at the model's census time",FALSE,,1,"formats","Illustrative ALB outputs"
1998,"total_biomass","all",778382.481446724,"t","Total biomass at the model's census time",FALSE,,1,"formats","Illustrative ALB outputs"
1999,"total_biomass","all",838710.356782925,"t","Total biomass at the model's census time",FALSE,,1,"formats","Illustrative ALB outputs"
2000,"total_biomass","all",791837.191130741,"t","Total biomass at the model's census time",FALSE,,1,"formats","Illustrative ALB outputs"
2001,"total_biomass","all",867509.348325565,"t","Total biomass at the model's census time",FALSE,,1,"formats","Illustrative ALB outputs"
2002,"total_biomass","all",922761.025682003,"t","Total biomass at the model's census time",FALSE,,1,"formats","Illustrative ALB outputs"
2003,"total_biomass","all",944920.916726232,"t","Total biomass at the model's census time",FALSE,,1,"formats","Illustrative ALB outputs"
2004,"total_biomass","all",888439.174316226,"t","Total biomass at the model's census time",FALSE,,1,"formats","Illustrative ALB outputs"
2005,"total_biomass","all",875478.61245475,"t","Total biomass at the model's census time",FALSE,,1,"formats","Illustrative ALB outputs"
2006,"total_biomass","all",919131.945727672,"t","Total biomass at the model's census time",FALSE,,1,"formats","Illustrative ALB outputs"
2007,"total_biomass","all",976431.246862316,"t","Total biomass at the model's census time",FALSE,,1,"formats","Illustrative ALB outputs"
2008,"total_biomass","all",957283.500213495,"t","Total biomass at the model's census time",FALSE,,1,"formats","Illustrative ALB outputs"
2009,"total_biomass","all",996293.445550041,"t","Total biomass at the model's census time",FALSE,,1,"formats","Illustrative ALB outputs"
2010,"total_biomass","all",1033093.96115745,"t","Total biomass at the model's census time",FALSE,,1,"formats","Illustrative ALB outputs"
2011,"total_biomass","all",1059358.06736422,"t","Total biomass at the model's census time",FALSE,,1,"formats","Illustrative ALB outputs"
2012,"total_biomass","all",1023011.97709071,"t","Total biomass at the model's census time",FALSE,,1,"formats","Illustrative ALB outputs"
2013,"total_biomass","all",1006263.689693,"t","Total biomass at the model's census time",FALSE,,1,"formats","Illustrative ALB outputs"
2014,"total_biomass","all",1001765.12762696,"t","Total biomass at the model's census time",FALSE,,1,"formats","Illustrative ALB outputs"
2015,"total_biomass","all",959945.242014503,"t","Total biomass at the model's census time",FALSE,,1,"formats","Illustrative ALB outputs"
2016,"total_biomass","all",885001.780056767,"t","Total biomass at the model's census time",FALSE,,1,"formats","Illustrative ALB outputs"
2017,"total_biomass","all",834253.332583814,"t","Total biomass at the model's census time",FALSE,,1,"formats","Illustrative ALB outputs"
2018,"total_biomass","all",902174.904926772,"t","Total biomass at the model's census time",FALSE,,1,"formats","Illustrative ALB outputs"
2019,"total_biomass","all",932259.14971217,"t","Total biomass at the model's census time",FALSE,,1,"formats","Illustrative ALB outputs"
2020,"total_biomass","all",942989.505497817,"t","Total biomass at the model's census time",FALSE,,1,"formats","Illustrative ALB outputs"
2021,"total_biomass","all",943085.264619774,"t","Total biomass at the model's census time",FALSE,,1,"formats","Illustrative ALB outputs"
2022,"total_biomass","all",902918.314809643,"t","Total biomass at the model's census time",FALSE,,0.583333333333258,"formats","Illustrative ALB outputs"
1954,"dynamic_unfished_total_biomass","Region 1",2043162.26969854,"t","Total biomass in the dynamic no-fishing counterfactual",FALSE,,0.916666666666742,"formats","Illustrative ALB outputs"
1955,"dynamic_unfished_total_biomass","Region 1",1885462.09791303,"t","Total biomass in the dynamic no-fishing counterfactual",FALSE,,1,"formats","Illustrative ALB outputs"
1956,"dynamic_unfished_total_biomass","Region 1",1836119.92470929,"t","Total biomass in the dynamic no-fishing counterfactual",FALSE,,1,"formats","Illustrative ALB outputs"
1957,"dynamic_unfished_total_biomass","Region 1",1724926.04774983,"t","Total biomass in the dynamic no-fishing counterfactual",FALSE,,1,"formats","Illustrative ALB outputs"
1958,"dynamic_unfished_total_biomass","Region 1",1619452.36973024,"t","Total biomass in the dynamic no-fishing counterfactual",FALSE,,1,"formats","Illustrative ALB outputs"
1959,"dynamic_unfished_total_biomass","Region 1",1414233.05275547,"t","Total biomass in the dynamic no-fishing counterfactual",FALSE,,1,"formats","Illustrative ALB outputs"
1960,"dynamic_unfished_total_biomass","Region 1",1230966.53995576,"t","Total biomass in the dynamic no-fishing counterfactual",FALSE,,1,"formats","Illustrative ALB outputs"
1961,"dynamic_unfished_total_biomass","Region 1",1156984.99673847,"t","Total biomass in the dynamic no-fishing counterfactual",FALSE,,1,"formats","Illustrative ALB outputs"
1962,"dynamic_unfished_total_biomass","Region 1",1161113.92369409,"t","Total biomass in the dynamic no-fishing counterfactual",FALSE,,1,"formats","Illustrative ALB outputs"
1963,"dynamic_unfished_total_biomass","Region 1",1168149.65275257,"t","Total biomass in the dynamic no-fishing counterfactual",FALSE,,1,"formats","Illustrative ALB outputs"
1964,"dynamic_unfished_total_biomass","Region 1",1048239.86891672,"t","Total biomass in the dynamic no-fishing counterfactual",FALSE,,1,"formats","Illustrative ALB outputs"
1965,"dynamic_unfished_total_biomass","Region 1",932127.112074364,"t","Total biomass in the dynamic no-fishing counterfactual",FALSE,,1,"formats","Illustrative ALB outputs"
1966,"dynamic_unfished_total_biomass","Region 1",895387.270979132,"t","Total biomass in the dynamic no-fishing counterfactual",FALSE,,1,"formats","Illustrative ALB outputs"
1967,"dynamic_unfished_total_biomass","Region 1",836196.467211805,"t","Total biomass in the dynamic no-fishing counterfactual",FALSE,,1,"formats","Illustrative ALB outputs"
1968,"dynamic_unfished_total_biomass","Region 1",779642.618269002,"t","Total biomass in the dynamic no-fishing counterfactual",FALSE,,1,"formats","Illustrative ALB outputs"
1969,"dynamic_unfished_total_biomass","Region 1",720852.752554148,"t","Total biomass in the dynamic no-fishing counterfactual",FALSE,,1,"formats","Illustrative ALB outputs"
1970,"dynamic_unfished_total_biomass","Region 1",666238.109897544,"t","Total biomass in the dynamic no-fishing counterfactual",FALSE,,1,"formats","Illustrative ALB outputs"
1971,"dynamic_unfished_total_biomass","Region 1",624235.971684183,"t","Total biomass in the dynamic no-fishing counterfactual",FALSE,,1,"formats","Illustrative ALB outputs"
1972,"dynamic_unfished_total_biomass","Region 1",607815.314937273,"t","Total biomass in the dynamic no-fishing counterfactual",FALSE,,1,"formats","Illustrative ALB outputs"
1973,"dynamic_unfished_total_biomass","Region 1",663710.966935922,"t","Total biomass in the dynamic no-fishing counterfactual",FALSE,,1,"formats","Illustrative ALB outputs"
1974,"dynamic_unfished_total_biomass","Region 1",750036.832737246,"t","Total biomass in the dynamic no-fishing counterfactual",FALSE,,1,"formats","Illustrative ALB outputs"
1975,"dynamic_unfished_total_biomass","Region 1",731567.005747726,"t","Total biomass in the dynamic no-fishing counterfactual",FALSE,,1,"formats","Illustrative ALB outputs"
1976,"dynamic_unfished_total_biomass","Region 1",683159.834887507,"t","Total biomass in the dynamic no-fishing counterfactual",FALSE,,1,"formats","Illustrative ALB outputs"
1977,"dynamic_unfished_total_biomass","Region 1",644472.287340756,"t","Total biomass in the dynamic no-fishing counterfactual",FALSE,,1,"formats","Illustrative ALB outputs"
1978,"dynamic_unfished_total_biomass","Region 1",617165.711551781,"t","Total biomass in the dynamic no-fishing counterfactual",FALSE,,1,"formats","Illustrative ALB outputs"
1979,"dynamic_unfished_total_biomass","Region 1",610560.122180689,"t","Total biomass in the dynamic no-fishing counterfactual",FALSE,,1,"formats","Illustrative ALB outputs"
1980,"dynamic_unfished_total_biomass","Region 1",629063.174512973,"t","Total biomass in the dynamic no-fishing counterfactual",FALSE,,1,"formats","Illustrative ALB outputs"
1981,"dynamic_unfished_total_biomass","Region 1",629574.77135072,"t","Total biomass in the dynamic no-fishing counterfactual",FALSE,,1,"formats","Illustrative ALB outputs"
1982,"dynamic_unfished_total_biomass","Region 1",617923.500018101,"t","Total biomass in the dynamic no-fishing counterfactual",FALSE,,1,"formats","Illustrative ALB outputs"
1983,"dynamic_unfished_total_biomass","Region 1",633365.765025897,"t","Total biomass in the dynamic no-fishing counterfactual",FALSE,,1,"formats","Illustrative ALB outputs"
1984,"dynamic_unfished_total_biomass","Region 1",633704.036337881,"t","Total biomass in the dynamic no-fishing counterfactual",FALSE,,1,"formats","Illustrative ALB outputs"
1985,"dynamic_unfished_total_biomass","Region 1",601981.453784914,"t","Total biomass in the dynamic no-fishing counterfactual",FALSE,,1,"formats","Illustrative ALB outputs"
1986,"dynamic_unfished_total_biomass","Region 1",604009.764606032,"t","Total biomass in the dynamic no-fishing counterfactual",FALSE,,1,"formats","Illustrative ALB outputs"
1987,"dynamic_unfished_total_biomass","Region 1",634254.903810733,"t","Total biomass in the dynamic no-fishing counterfactual",FALSE,,1,"formats","Illustrative ALB outputs"
1988,"dynamic_unfished_total_biomass","Region 1",664303.869392684,"t","Total biomass in the dynamic no-fishing counterfactual",FALSE,,1,"formats","Illustrative ALB outputs"
1989,"dynamic_unfished_total_biomass","Region 1",704197.862259225,"t","Total biomass in the dynamic no-fishing counterfactual",FALSE,,1,"formats","Illustrative ALB outputs"
1990,"dynamic_unfished_total_biomass","Region 1",688618.497284947,"t","Total biomass in the dynamic no-fishing counterfactual",FALSE,,1,"formats","Illustrative ALB outputs"
1991,"dynamic_unfished_total_biomass","Region 1",739021.249982924,"t","Total biomass in the dynamic no-fishing counterfactual",FALSE,,1,"formats","Illustrative ALB outputs"
1992,"dynamic_unfished_total_biomass","Region 1",759596.413843997,"t","Total biomass in the dynamic no-fishing counterfactual",FALSE,,1,"formats","Illustrative ALB outputs"
1993,"dynamic_unfished_total_biomass","Region 1",777504.434180073,"t","Total biomass in the dynamic no-fishing counterfactual",FALSE,,1,"formats","Illustrative ALB outputs"
1994,"dynamic_unfished_total_biomass","Region 1",819034.854539297,"t","Total biomass in the dynamic no-fishing counterfactual",FALSE,,1,"formats","Illustrative ALB outputs"
1995,"dynamic_unfished_total_biomass","Region 1",852432.296702469,"t","Total biomass in the dynamic no-fishing counterfactual",FALSE,,1,"formats","Illustrative ALB outputs"
1996,"dynamic_unfished_total_biomass","Region 1",806013.187943544,"t","Total biomass in the dynamic no-fishing counterfactual",FALSE,,1,"formats","Illustrative ALB outputs"
1997,"dynamic_unfished_total_biomass","Region 1",771148.112175234,"t","Total biomass in the dynamic no-fishing counterfactual",FALSE,,1,"formats","Illustrative ALB outputs"
1998,"dynamic_unfished_total_biomass","Region 1",762901.988677507,"t","Total biomass in the dynamic no-fishing counterfactual",FALSE,,1,"formats","Illustrative ALB outputs"
1999,"dynamic_unfished_total_biomass","Region 1",814323.95398271,"t","Total biomass in the dynamic no-fishing counterfactual",FALSE,,1,"formats","Illustrative ALB outputs"
2000,"dynamic_unfished_total_biomass","Region 1",776684.820582058,"t","Total biomass in the dynamic no-fishing counterfactual",FALSE,,1,"formats","Illustrative ALB outputs"
2001,"dynamic_unfished_total_biomass","Region 1",853725.544106899,"t","Total biomass in the dynamic no-fishing counterfactual",FALSE,,1,"formats","Illustrative ALB outputs"
2002,"dynamic_unfished_total_biomass","Region 1",915507.085693453,"t","Total biomass in the dynamic no-fishing counterfactual",FALSE,,1,"formats","Illustrative ALB outputs"
2003,"dynamic_unfished_total_biomass","Region 1",962151.313041,"t","Total biomass in the dynamic no-fishing counterfactual",FALSE,,1,"formats","Illustrative ALB outputs"
2004,"dynamic_unfished_total_biomass","Region 1",919675.915456811,"t","Total biomass in the dynamic no-fishing counterfactual",FALSE,,1,"formats","Illustrative ALB outputs"
2005,"dynamic_unfished_total_biomass","Region 1",914007.71173943,"t","Total biomass in the dynamic no-fishing counterfactual",FALSE,,1,"formats","Illustrative ALB outputs"
2006,"dynamic_unfished_total_biomass","Region 1",961960.534310158,"t","Total biomass in the dynamic no-fishing counterfactual",FALSE,,1,"formats","Illustrative ALB outputs"
2007,"dynamic_unfished_total_biomass","Region 1",1011745.31556154,"t","Total biomass in the dynamic no-fishing counterfactual",FALSE,,1,"formats","Illustrative ALB outputs"
2008,"dynamic_unfished_total_biomass","Region 1",989907.923382685,"t","Total biomass in the dynamic no-fishing counterfactual",FALSE,,1,"formats","Illustrative ALB outputs"
2009,"dynamic_unfished_total_biomass","Region 1",1032805.05877004,"t","Total biomass in the dynamic no-fishing counterfactual",FALSE,,1,"formats","Illustrative ALB outputs"
2010,"dynamic_unfished_total_biomass","Region 1",1077786.74952349,"t","Total biomass in the dynamic no-fishing counterfactual",FALSE,,1,"formats","Illustrative ALB outputs"
2011,"dynamic_unfished_total_biomass","Region 1",1107609.50624422,"t","Total biomass in the dynamic no-fishing counterfactual",FALSE,,1,"formats","Illustrative ALB outputs"
2012,"dynamic_unfished_total_biomass","Region 1",1077115.86401152,"t","Total biomass in the dynamic no-fishing counterfactual",FALSE,,1,"formats","Illustrative ALB outputs"
2013,"dynamic_unfished_total_biomass","Region 1",1080340.84737793,"t","Total biomass in the dynamic no-fishing counterfactual",FALSE,,1,"formats","Illustrative ALB outputs"
2014,"dynamic_unfished_total_biomass","Region 1",1076644.53327409,"t","Total biomass in the dynamic no-fishing counterfactual",FALSE,,1,"formats","Illustrative ALB outputs"
2015,"dynamic_unfished_total_biomass","Region 1",1044731.80014219,"t","Total biomass in the dynamic no-fishing counterfactual",FALSE,,1,"formats","Illustrative ALB outputs"
2016,"dynamic_unfished_total_biomass","Region 1",989777.21426202,"t","Total biomass in the dynamic no-fishing counterfactual",FALSE,,1,"formats","Illustrative ALB outputs"
2017,"dynamic_unfished_total_biomass","Region 1",951535.0521424,"t","Total biomass in the dynamic no-fishing counterfactual",FALSE,,1,"formats","Illustrative ALB outputs"
2018,"dynamic_unfished_total_biomass","Region 1",1006443.70904223,"t","Total biomass in the dynamic no-fishing counterfactual",FALSE,,1,"formats","Illustrative ALB outputs"
2019,"dynamic_unfished_total_biomass","Region 1",1037882.34117583,"t","Total biomass in the dynamic no-fishing counterfactual",FALSE,,1,"formats","Illustrative ALB outputs"
2020,"dynamic_unfished_total_biomass","Region 1",1046045.17983022,"t","Total biomass in the dynamic no-fishing counterfactual",FALSE,,1,"formats","Illustrative ALB outputs"
2021,"dynamic_unfished_total_biomass","Region 1",1049310.47834066,"t","Total biomass in the dynamic no-fishing counterfactual",FALSE,,1,"formats","Illustrative ALB outputs"
2022,"dynamic_unfished_total_biomass","Region 1",989022.601370623,"t","Total biomass in the dynamic no-fishing counterfactual",FALSE,,0.583333333333258,"formats","Illustrative ALB outputs"
1954,"dynamic_unfished_total_biomass","Region 2",590148.709056024,"t","Total biomass in the dynamic no-fishing counterfactual",FALSE,,0.916666666666742,"formats","Illustrative ALB outputs"
1955,"dynamic_unfished_total_biomass","Region 2",565996.444926507,"t","Total biomass in the dynamic no-fishing counterfactual",FALSE,,1,"formats","Illustrative ALB outputs"
1956,"dynamic_unfished_total_biomass","Region 2",554582.872038852,"t","Total biomass in the dynamic no-fishing counterfactual",FALSE,,1,"formats","Illustrative ALB outputs"
1957,"dynamic_unfished_total_biomass","Region 2",529588.459052872,"t","Total biomass in the dynamic no-fishing counterfactual",FALSE,,1,"formats","Illustrative ALB outputs"
1958,"dynamic_unfished_total_biomass","Region 2",498590.859405331,"t","Total biomass in the dynamic no-fishing counterfactual",FALSE,,1,"formats","Illustrative ALB outputs"
1959,"dynamic_unfished_total_biomass","Region 2",456500.052859813,"t","Total biomass in the dynamic no-fishing counterfactual",FALSE,,1,"formats","Illustrative ALB outputs"
1960,"dynamic_unfished_total_biomass","Region 2",415505.538302068,"t","Total biomass in the dynamic no-fishing counterfactual",FALSE,,1,"formats","Illustrative ALB outputs"
1961,"dynamic_unfished_total_biomass","Region 2",392326.305929593,"t","Total biomass in the dynamic no-fishing counterfactual",FALSE,,1,"formats","Illustrative ALB outputs"
1962,"dynamic_unfished_total_biomass","Region 2",380298.135417537,"t","Total biomass in the dynamic no-fishing counterfactual",FALSE,,1,"formats","Illustrative ALB outputs"
1963,"dynamic_unfished_total_biomass","Region 2",366252.717336425,"t","Total biomass in the dynamic no-fishing counterfactual",FALSE,,1,"formats","Illustrative ALB outputs"
1964,"dynamic_unfished_total_biomass","Region 2",330106.054983999,"t","Total biomass in the dynamic no-fishing counterfactual",FALSE,,1,"formats","Illustrative ALB outputs"
1965,"dynamic_unfished_total_biomass","Region 2",302155.974846031,"t","Total biomass in the dynamic no-fishing counterfactual",FALSE,,1,"formats","Illustrative ALB outputs"
1966,"dynamic_unfished_total_biomass","Region 2",292647.105891257,"t","Total biomass in the dynamic no-fishing counterfactual",FALSE,,1,"formats","Illustrative ALB outputs"
1967,"dynamic_unfished_total_biomass","Region 2",275315.752965679,"t","Total biomass in the dynamic no-fishing counterfactual",FALSE,,1,"formats","Illustrative ALB outputs"
1968,"dynamic_unfished_total_biomass","Region 2",255498.466735969,"t","Total biomass in the dynamic no-fishing counterfactual",FALSE,,1,"formats","Illustrative ALB outputs"
1969,"dynamic_unfished_total_biomass","Region 2",235604.053690591,"t","Total biomass in the dynamic no-fishing counterfactual",FALSE,,1,"formats","Illustrative ALB outputs"
1970,"dynamic_unfished_total_biomass","Region 2",218305.602530827,"t","Total biomass in the dynamic no-fishing counterfactual",FALSE,,1,"formats","Illustrative ALB outputs"
1971,"dynamic_unfished_total_biomass","Region 2",204388.54910108,"t","Total biomass in the dynamic no-fishing counterfactual",FALSE,,1,"formats","Illustrative ALB outputs"
1972,"dynamic_unfished_total_biomass","Region 2",196157.79941098,"t","Total biomass in the dynamic no-fishing counterfactual",FALSE,,1,"formats","Illustrative ALB outputs"
1973,"dynamic_unfished_total_biomass","Region 2",202724.051439191,"t","Total biomass in the dynamic no-fishing counterfactual",FALSE,,1,"formats","Illustrative ALB outputs"
1974,"dynamic_unfished_total_biomass","Region 2",215123.275039416,"t","Total biomass in the dynamic no-fishing counterfactual",FALSE,,1,"formats","Illustrative ALB outputs"
1975,"dynamic_unfished_total_biomass","Region 2",207927.281724989,"t","Total biomass in the dynamic no-fishing counterfactual",FALSE,,1,"formats","Illustrative ALB outputs"
1976,"dynamic_unfished_total_biomass","Region 2",199323.705184144,"t","Total biomass in the dynamic no-fishing counterfactual",FALSE,,1,"formats","Illustrative ALB outputs"
1977,"dynamic_unfished_total_biomass","Region 2",195553.495406507,"t","Total biomass in the dynamic no-fishing counterfactual",FALSE,,1,"formats","Illustrative ALB outputs"
1978,"dynamic_unfished_total_biomass","Region 2",192486.617111335,"t","Total biomass in the dynamic no-fishing counterfactual",FALSE,,1,"formats","Illustrative ALB outputs"
1979,"dynamic_unfished_total_biomass","Region 2",189915.189714621,"t","Total biomass in the dynamic no-fishing counterfactual",FALSE,,1,"formats","Illustrative ALB outputs"
1980,"dynamic_unfished_total_biomass","Region 2",190258.219024399,"t","Total biomass in the dynamic no-fishing counterfactual",FALSE,,1,"formats","Illustrative ALB outputs"
1981,"dynamic_unfished_total_biomass","Region 2",186114.373861661,"t","Total biomass in the dynamic no-fishing counterfactual",FALSE,,1,"formats","Illustrative ALB outputs"
1982,"dynamic_unfished_total_biomass","Region 2",181939.365620533,"t","Total biomass in the dynamic no-fishing counterfactual",FALSE,,1,"formats","Illustrative ALB outputs"
1983,"dynamic_unfished_total_biomass","Region 2",181613.621661874,"t","Total biomass in the dynamic no-fishing counterfactual",FALSE,,1,"formats","Illustrative ALB outputs"
1984,"dynamic_unfished_total_biomass","Region 2",182904.223211859,"t","Total biomass in the dynamic no-fishing counterfactual",FALSE,,1,"formats","Illustrative ALB outputs"
1985,"dynamic_unfished_total_biomass","Region 2",176374.136678223,"t","Total biomass in the dynamic no-fishing counterfactual",FALSE,,1,"formats","Illustrative ALB outputs"
1986,"dynamic_unfished_total_biomass","Region 2",179263.909732643,"t","Total biomass in the dynamic no-fishing counterfactual",FALSE,,1,"formats","Illustrative ALB outputs"
1987,"dynamic_unfished_total_biomass","Region 2",178326.469732675,"t","Total biomass in the dynamic no-fishing counterfactual",FALSE,,1,"formats","Illustrative ALB outputs"
1988,"dynamic_unfished_total_biomass","Region 2",191477.514003003,"t","Total biomass in the dynamic no-fishing counterfactual",FALSE,,1,"formats","Illustrative ALB outputs"
1989,"dynamic_unfished_total_biomass","Region 2",194749.766891946,"t","Total biomass in the dynamic no-fishing counterfactual",FALSE,,1,"formats","Illustrative ALB outputs"
1990,"dynamic_unfished_total_biomass","Region 2",195837.763854047,"t","Total biomass in the dynamic no-fishing counterfactual",FALSE,,1,"formats","Illustrative ALB outputs"
1991,"dynamic_unfished_total_biomass","Region 2",205278.231615666,"t","Total biomass in the dynamic no-fishing counterfactual",FALSE,,1,"formats","Illustrative ALB outputs"
1992,"dynamic_unfished_total_biomass","Region 2",207714.379932129,"t","Total biomass in the dynamic no-fishing counterfactual",FALSE,,1,"formats","Illustrative ALB outputs"
1993,"dynamic_unfished_total_biomass","Region 2",216318.251753965,"t","Total biomass in the dynamic no-fishing counterfactual",FALSE,,1,"formats","Illustrative ALB outputs"
1994,"dynamic_unfished_total_biomass","Region 2",223587.127310378,"t","Total biomass in the dynamic no-fishing counterfactual",FALSE,,1,"formats","Illustrative ALB outputs"
1995,"dynamic_unfished_total_biomass","Region 2",234322.766524929,"t","Total biomass in the dynamic no-fishing counterfactual",FALSE,,1,"formats","Illustrative ALB outputs"
1996,"dynamic_unfished_total_biomass","Region 2",231240.353674402,"t","Total biomass in the dynamic no-fishing counterfactual",FALSE,,1,"formats","Illustrative ALB outputs"
1997,"dynamic_unfished_total_biomass","Region 2",226921.063571532,"t","Total biomass in the dynamic no-fishing counterfactual",FALSE,,1,"formats","Illustrative ALB outputs"
1998,"dynamic_unfished_total_biomass","Region 2",225881.629751735,"t","Total biomass in the dynamic no-fishing counterfactual",FALSE,,1,"formats","Illustrative ALB outputs"
1999,"dynamic_unfished_total_biomass","Region 2",237734.425527527,"t","Total biomass in the dynamic no-fishing counterfactual",FALSE,,1,"formats","Illustrative ALB outputs"
2000,"dynamic_unfished_total_biomass","Region 2",228322.487555197,"t","Total biomass in the dynamic no-fishing counterfactual",FALSE,,1,"formats","Illustrative ALB outputs"
2001,"dynamic_unfished_total_biomass","Region 2",240907.160467221,"t","Total biomass in the dynamic no-fishing counterfactual",FALSE,,1,"formats","Illustrative ALB outputs"
2002,"dynamic_unfished_total_biomass","Region 2",258598.213417705,"t","Total biomass in the dynamic no-fishing counterfactual",FALSE,,1,"formats","Illustrative ALB outputs"
2003,"dynamic_unfished_total_biomass","Region 2",261650.594957615,"t","Total biomass in the dynamic no-fishing counterfactual",FALSE,,1,"formats","Illustrative ALB outputs"
2004,"dynamic_unfished_total_biomass","Region 2",255364.658015088,"t","Total biomass in the dynamic no-fishing counterfactual",FALSE,,1,"formats","Illustrative ALB outputs"
2005,"dynamic_unfished_total_biomass","Region 2",263705.032499125,"t","Total biomass in the dynamic no-fishing counterfactual",FALSE,,1,"formats","Illustrative ALB outputs"
2006,"dynamic_unfished_total_biomass","Region 2",274205.414159495,"t","Total biomass in the dynamic no-fishing counterfactual",FALSE,,1,"formats","Illustrative ALB outputs"
2007,"dynamic_unfished_total_biomass","Region 2",285462.409524585,"t","Total biomass in the dynamic no-fishing counterfactual",FALSE,,1,"formats","Illustrative ALB outputs"
2008,"dynamic_unfished_total_biomass","Region 2",282239.359651373,"t","Total biomass in the dynamic no-fishing counterfactual",FALSE,,1,"formats","Illustrative ALB outputs"
2009,"dynamic_unfished_total_biomass","Region 2",288291.518384084,"t","Total biomass in the dynamic no-fishing counterfactual",FALSE,,1,"formats","Illustrative ALB outputs"
2010,"dynamic_unfished_total_biomass","Region 2",305146.373555617,"t","Total biomass in the dynamic no-fishing counterfactual",FALSE,,1,"formats","Illustrative ALB outputs"
2011,"dynamic_unfished_total_biomass","Region 2",312340.734697662,"t","Total biomass in the dynamic no-fishing counterfactual",FALSE,,1,"formats","Illustrative ALB outputs"
2012,"dynamic_unfished_total_biomass","Region 2",306615.100093688,"t","Total biomass in the dynamic no-fishing counterfactual",FALSE,,1,"formats","Illustrative ALB outputs"
2013,"dynamic_unfished_total_biomass","Region 2",306327.564297949,"t","Total biomass in the dynamic no-fishing counterfactual",FALSE,,1,"formats","Illustrative ALB outputs"
2014,"dynamic_unfished_total_biomass","Region 2",311771.916127079,"t","Total biomass in the dynamic no-fishing counterfactual",FALSE,,1,"formats","Illustrative ALB outputs"
2015,"dynamic_unfished_total_biomass","Region 2",308238.812883621,"t","Total biomass in the dynamic no-fishing counterfactual",FALSE,,1,"formats","Illustrative ALB outputs"
2016,"dynamic_unfished_total_biomass","Region 2",291342.7103991,"t","Total biomass in the dynamic no-fishing counterfactual",FALSE,,1,"formats","Illustrative ALB outputs"
2017,"dynamic_unfished_total_biomass","Region 2",283298.456638476,"t","Total biomass in the dynamic no-fishing counterfactual",FALSE,,1,"formats","Illustrative ALB outputs"
2018,"dynamic_unfished_total_biomass","Region 2",300022.233607456,"t","Total biomass in the dynamic no-fishing counterfactual",FALSE,,1,"formats","Illustrative ALB outputs"
2019,"dynamic_unfished_total_biomass","Region 2",298216.544152634,"t","Total biomass in the dynamic no-fishing counterfactual",FALSE,,1,"formats","Illustrative ALB outputs"
2020,"dynamic_unfished_total_biomass","Region 2",296602.314355242,"t","Total biomass in the dynamic no-fishing counterfactual",FALSE,,1,"formats","Illustrative ALB outputs"
2021,"dynamic_unfished_total_biomass","Region 2",294445.760641362,"t","Total biomass in the dynamic no-fishing counterfactual",FALSE,,1,"formats","Illustrative ALB outputs"
2022,"dynamic_unfished_total_biomass","Region 2",296343.254490534,"t","Total biomass in the dynamic no-fishing counterfactual",FALSE,,0.583333333333258,"formats","Illustrative ALB outputs"
1954,"dynamic_unfished_total_biomass","all",2633310.97875456,"t","Total biomass in the dynamic no-fishing counterfactual",FALSE,,0.916666666666742,"formats","Illustrative ALB outputs"
1955,"dynamic_unfished_total_biomass","all",2451458.54283953,"t","Total biomass in the dynamic no-fishing counterfactual",FALSE,,1,"formats","Illustrative ALB outputs"
1956,"dynamic_unfished_total_biomass","all",2390702.79674815,"t","Total biomass in the dynamic no-fishing counterfactual",FALSE,,1,"formats","Illustrative ALB outputs"
1957,"dynamic_unfished_total_biomass","all",2254514.50680271,"t","Total biomass in the dynamic no-fishing counterfactual",FALSE,,1,"formats","Illustrative ALB outputs"
1958,"dynamic_unfished_total_biomass","all",2118043.22913558,"t","Total biomass in the dynamic no-fishing counterfactual",FALSE,,1,"formats","Illustrative ALB outputs"
1959,"dynamic_unfished_total_biomass","all",1870733.10561528,"t","Total biomass in the dynamic no-fishing counterfactual",FALSE,,1,"formats","Illustrative ALB outputs"
1960,"dynamic_unfished_total_biomass","all",1646472.07825783,"t","Total biomass in the dynamic no-fishing counterfactual",FALSE,,1,"formats","Illustrative ALB outputs"
1961,"dynamic_unfished_total_biomass","all",1549311.30266807,"t","Total biomass in the dynamic no-fishing counterfactual",FALSE,,1,"formats","Illustrative ALB outputs"
1962,"dynamic_unfished_total_biomass","all",1541412.05911163,"t","Total biomass in the dynamic no-fishing counterfactual",FALSE,,1,"formats","Illustrative ALB outputs"
1963,"dynamic_unfished_total_biomass","all",1534402.37008899,"t","Total biomass in the dynamic no-fishing counterfactual",FALSE,,1,"formats","Illustrative ALB outputs"
1964,"dynamic_unfished_total_biomass","all",1378345.92390072,"t","Total biomass in the dynamic no-fishing counterfactual",FALSE,,1,"formats","Illustrative ALB outputs"
1965,"dynamic_unfished_total_biomass","all",1234283.08692039,"t","Total biomass in the dynamic no-fishing counterfactual",FALSE,,1,"formats","Illustrative ALB outputs"
1966,"dynamic_unfished_total_biomass","all",1188034.37687039,"t","Total biomass in the dynamic no-fishing counterfactual",FALSE,,1,"formats","Illustrative ALB outputs"
1967,"dynamic_unfished_total_biomass","all",1111512.22017748,"t","Total biomass in the dynamic no-fishing counterfactual",FALSE,,1,"formats","Illustrative ALB outputs"
1968,"dynamic_unfished_total_biomass","all",1035141.08500497,"t","Total biomass in the dynamic no-fishing counterfactual",FALSE,,1,"formats","Illustrative ALB outputs"
1969,"dynamic_unfished_total_biomass","all",956456.806244739,"t","Total biomass in the dynamic no-fishing counterfactual",FALSE,,1,"formats","Illustrative ALB outputs"
1970,"dynamic_unfished_total_biomass","all",884543.712428371,"t","Total biomass in the dynamic no-fishing counterfactual",FALSE,,1,"formats","Illustrative ALB outputs"
1971,"dynamic_unfished_total_biomass","all",828624.520785263,"t","Total biomass in the dynamic no-fishing counterfactual",FALSE,,1,"formats","Illustrative ALB outputs"
1972,"dynamic_unfished_total_biomass","all",803973.114348253,"t","Total biomass in the dynamic no-fishing counterfactual",FALSE,,1,"formats","Illustrative ALB outputs"
1973,"dynamic_unfished_total_biomass","all",866435.018375113,"t","Total biomass in the dynamic no-fishing counterfactual",FALSE,,1,"formats","Illustrative ALB outputs"
1974,"dynamic_unfished_total_biomass","all",965160.107776662,"t","Total biomass in the dynamic no-fishing counterfactual",FALSE,,1,"formats","Illustrative ALB outputs"
1975,"dynamic_unfished_total_biomass","all",939494.287472716,"t","Total biomass in the dynamic no-fishing counterfactual",FALSE,,1,"formats","Illustrative ALB outputs"
1976,"dynamic_unfished_total_biomass","all",882483.540071652,"t","Total biomass in the dynamic no-fishing counterfactual",FALSE,,1,"formats","Illustrative ALB outputs"
1977,"dynamic_unfished_total_biomass","all",840025.782747263,"t","Total biomass in the dynamic no-fishing counterfactual",FALSE,,1,"formats","Illustrative ALB outputs"
1978,"dynamic_unfished_total_biomass","all",809652.328663117,"t","Total biomass in the dynamic no-fishing counterfactual",FALSE,,1,"formats","Illustrative ALB outputs"
1979,"dynamic_unfished_total_biomass","all",800475.31189531,"t","Total biomass in the dynamic no-fishing counterfactual",FALSE,,1,"formats","Illustrative ALB outputs"
1980,"dynamic_unfished_total_biomass","all",819321.393537372,"t","Total biomass in the dynamic no-fishing counterfactual",FALSE,,1,"formats","Illustrative ALB outputs"
1981,"dynamic_unfished_total_biomass","all",815689.145212381,"t","Total biomass in the dynamic no-fishing counterfactual",FALSE,,1,"formats","Illustrative ALB outputs"
1982,"dynamic_unfished_total_biomass","all",799862.865638633,"t","Total biomass in the dynamic no-fishing counterfactual",FALSE,,1,"formats","Illustrative ALB outputs"
1983,"dynamic_unfished_total_biomass","all",814979.386687771,"t","Total biomass in the dynamic no-fishing counterfactual",FALSE,,1,"formats","Illustrative ALB outputs"
1984,"dynamic_unfished_total_biomass","all",816608.25954974,"t","Total biomass in the dynamic no-fishing counterfactual",FALSE,,1,"formats","Illustrative ALB outputs"
1985,"dynamic_unfished_total_biomass","all",778355.590463137,"t","Total biomass in the dynamic no-fishing counterfactual",FALSE,,1,"formats","Illustrative ALB outputs"
1986,"dynamic_unfished_total_biomass","all",783273.674338675,"t","Total biomass in the dynamic no-fishing counterfactual",FALSE,,1,"formats","Illustrative ALB outputs"
1987,"dynamic_unfished_total_biomass","all",812581.373543407,"t","Total biomass in the dynamic no-fishing counterfactual",FALSE,,1,"formats","Illustrative ALB outputs"
1988,"dynamic_unfished_total_biomass","all",855781.383395687,"t","Total biomass in the dynamic no-fishing counterfactual",FALSE,,1,"formats","Illustrative ALB outputs"
1989,"dynamic_unfished_total_biomass","all",898947.629151172,"t","Total biomass in the dynamic no-fishing counterfactual",FALSE,,1,"formats","Illustrative ALB outputs"
1990,"dynamic_unfished_total_biomass","all",884456.261138993,"t","Total biomass in the dynamic no-fishing counterfactual",FALSE,,1,"formats","Illustrative ALB outputs"
1991,"dynamic_unfished_total_biomass","all",944299.481598589,"t","Total biomass in the dynamic no-fishing counterfactual",FALSE,,1,"formats","Illustrative ALB outputs"
1992,"dynamic_unfished_total_biomass","all",967310.793776126,"t","Total biomass in the dynamic no-fishing counterfactual",FALSE,,1,"formats","Illustrative ALB outputs"
1993,"dynamic_unfished_total_biomass","all",993822.685934038,"t","Total biomass in the dynamic no-fishing counterfactual",FALSE,,1,"formats","Illustrative ALB outputs"
1994,"dynamic_unfished_total_biomass","all",1042621.98184968,"t","Total biomass in the dynamic no-fishing counterfactual",FALSE,,1,"formats","Illustrative ALB outputs"
1995,"dynamic_unfished_total_biomass","all",1086755.0632274,"t","Total biomass in the dynamic no-fishing counterfactual",FALSE,,1,"formats","Illustrative ALB outputs"
1996,"dynamic_unfished_total_biomass","all",1037253.54161795,"t","Total biomass in the dynamic no-fishing counterfactual",FALSE,,1,"formats","Illustrative ALB outputs"
1997,"dynamic_unfished_total_biomass","all",998069.175746766,"t","Total biomass in the dynamic no-fishing counterfactual",FALSE,,1,"formats","Illustrative ALB outputs"
1998,"dynamic_unfished_total_biomass","all",988783.618429243,"t","Total biomass in the dynamic no-fishing counterfactual",FALSE,,1,"formats","Illustrative ALB outputs"
1999,"dynamic_unfished_total_biomass","all",1052058.37951024,"t","Total biomass in the dynamic no-fishing counterfactual",FALSE,,1,"formats","Illustrative ALB outputs"
2000,"dynamic_unfished_total_biomass","all",1005007.30813726,"t","Total biomass in the dynamic no-fishing counterfactual",FALSE,,1,"formats","Illustrative ALB outputs"
2001,"dynamic_unfished_total_biomass","all",1094632.70457412,"t","Total biomass in the dynamic no-fishing counterfactual",FALSE,,1,"formats","Illustrative ALB outputs"
2002,"dynamic_unfished_total_biomass","all",1174105.29911116,"t","Total biomass in the dynamic no-fishing counterfactual",FALSE,,1,"formats","Illustrative ALB outputs"
2003,"dynamic_unfished_total_biomass","all",1223801.90799861,"t","Total biomass in the dynamic no-fishing counterfactual",FALSE,,1,"formats","Illustrative ALB outputs"
2004,"dynamic_unfished_total_biomass","all",1175040.5734719,"t","Total biomass in the dynamic no-fishing counterfactual",FALSE,,1,"formats","Illustrative ALB outputs"
2005,"dynamic_unfished_total_biomass","all",1177712.74423855,"t","Total biomass in the dynamic no-fishing counterfactual",FALSE,,1,"formats","Illustrative ALB outputs"
2006,"dynamic_unfished_total_biomass","all",1236165.94846965,"t","Total biomass in the dynamic no-fishing counterfactual",FALSE,,1,"formats","Illustrative ALB outputs"
2007,"dynamic_unfished_total_biomass","all",1297207.72508612,"t","Total biomass in the dynamic no-fishing counterfactual",FALSE,,1,"formats","Illustrative ALB outputs"
2008,"dynamic_unfished_total_biomass","all",1272147.28303406,"t","Total biomass in the dynamic no-fishing counterfactual",FALSE,,1,"formats","Illustrative ALB outputs"
2009,"dynamic_unfished_total_biomass","all",1321096.57715413,"t","Total biomass in the dynamic no-fishing counterfactual",FALSE,,1,"formats","Illustrative ALB outputs"
2010,"dynamic_unfished_total_biomass","all",1382933.12307911,"t","Total biomass in the dynamic no-fishing counterfactual",FALSE,,1,"formats","Illustrative ALB outputs"
2011,"dynamic_unfished_total_biomass","all",1419950.24094188,"t","Total biomass in the dynamic no-fishing counterfactual",FALSE,,1,"formats","Illustrative ALB outputs"
2012,"dynamic_unfished_total_biomass","all",1383730.96410521,"t","Total biomass in the dynamic no-fishing counterfactual",FALSE,,1,"formats","Illustrative ALB outputs"
2013,"dynamic_unfished_total_biomass","all",1386668.41167588,"t","Total biomass in the dynamic no-fishing counterfactual",FALSE,,1,"formats","Illustrative ALB outputs"
2014,"dynamic_unfished_total_biomass","all",1388416.44940117,"t","Total biomass in the dynamic no-fishing counterfactual",FALSE,,1,"formats","Illustrative ALB outputs"
2015,"dynamic_unfished_total_biomass","all",1352970.61302581,"t","Total biomass in the dynamic no-fishing counterfactual",FALSE,,1,"formats","Illustrative ALB outputs"
2016,"dynamic_unfished_total_biomass","all",1281119.92466112,"t","Total biomass in the dynamic no-fishing counterfactual",FALSE,,1,"formats","Illustrative ALB outputs"
2017,"dynamic_unfished_total_biomass","all",1234833.50878088,"t","Total biomass in the dynamic no-fishing counterfactual",FALSE,,1,"formats","Illustrative ALB outputs"
2018,"dynamic_unfished_total_biomass","all",1306465.94264969,"t","Total biomass in the dynamic no-fishing counterfactual",FALSE,,1,"formats","Illustrative ALB outputs"
2019,"dynamic_unfished_total_biomass","all",1336098.88532846,"t","Total biomass in the dynamic no-fishing counterfactual",FALSE,,1,"formats","Illustrative ALB outputs"
2020,"dynamic_unfished_total_biomass","all",1342647.49418547,"t","Total biomass in the dynamic no-fishing counterfactual",FALSE,,1,"formats","Illustrative ALB outputs"
2021,"dynamic_unfished_total_biomass","all",1343756.23898203,"t","Total biomass in the dynamic no-fishing counterfactual",FALSE,,1,"formats","Illustrative ALB outputs"
2022,"dynamic_unfished_total_biomass","all",1285365.85586116,"t","Total biomass in the dynamic no-fishing counterfactual",FALSE,,0.583333333333258,"formats","Illustrative ALB outputs"
1954,"spawning_biomass","Region 1",902081.160289645,"t","Abundance weighted by the model reproductive coefficient and weight at age, on the MFCL biomass scale",FALSE,"Spawning potential",0.916666666666742,"formats","Illustrative ALB outputs"
1955,"spawning_biomass","Region 1",836806.354068872,"t","Abundance weighted by the model reproductive coefficient and weight at age, on the MFCL biomass scale",FALSE,"Spawning potential",1,"formats","Illustrative ALB outputs"
1956,"spawning_biomass","Region 1",822423.619670843,"t","Abundance weighted by the model reproductive coefficient and weight at age, on the MFCL biomass scale",FALSE,"Spawning potential",1,"formats","Illustrative ALB outputs"
1957,"spawning_biomass","Region 1",811619.077363858,"t","Abundance weighted by the model reproductive coefficient and weight at age, on the MFCL biomass scale",FALSE,"Spawning potential",1,"formats","Illustrative ALB outputs"
1958,"spawning_biomass","Region 1",799884.673342871,"t","Abundance weighted by the model reproductive coefficient and weight at age, on the MFCL biomass scale",FALSE,"Spawning potential",1,"formats","Illustrative ALB outputs"
1959,"spawning_biomass","Region 1",774928.603492575,"t","Abundance weighted by the model reproductive coefficient and weight at age, on the MFCL biomass scale",FALSE,"Spawning potential",1,"formats","Illustrative ALB outputs"
1960,"spawning_biomass","Region 1",729450.43801137,"t","Abundance weighted by the model reproductive coefficient and weight at age, on the MFCL biomass scale",FALSE,"Spawning potential",1,"formats","Illustrative ALB outputs"
1961,"spawning_biomass","Region 1",662937.407217712,"t","Abundance weighted by the model reproductive coefficient and weight at age, on the MFCL biomass scale",FALSE,"Spawning potential",1,"formats","Illustrative ALB outputs"
1962,"spawning_biomass","Region 1",576791.927427166,"t","Abundance weighted by the model reproductive coefficient and weight at age, on the MFCL biomass scale",FALSE,"Spawning potential",1,"formats","Illustrative ALB outputs"
1963,"spawning_biomass","Region 1",474071.584741675,"t","Abundance weighted by the model reproductive coefficient and weight at age, on the MFCL biomass scale",FALSE,"Spawning potential",1,"formats","Illustrative ALB outputs"
1964,"spawning_biomass","Region 1",407723.284212984,"t","Abundance weighted by the model reproductive coefficient and weight at age, on the MFCL biomass scale",FALSE,"Spawning potential",1,"formats","Illustrative ALB outputs"
1965,"spawning_biomass","Region 1",400462.067170431,"t","Abundance weighted by the model reproductive coefficient and weight at age, on the MFCL biomass scale",FALSE,"Spawning potential",1,"formats","Illustrative ALB outputs"
1966,"spawning_biomass","Region 1",415646.329180178,"t","Abundance weighted by the model reproductive coefficient and weight at age, on the MFCL biomass scale",FALSE,"Spawning potential",1,"formats","Illustrative ALB outputs"
1967,"spawning_biomass","Region 1",399102.00402796,"t","Abundance weighted by the model reproductive coefficient and weight at age, on the MFCL biomass scale",FALSE,"Spawning potential",1,"formats","Illustrative ALB outputs"
1968,"spawning_biomass","Region 1",336807.44533771,"t","Abundance weighted by the model reproductive coefficient and weight at age, on the MFCL biomass scale",FALSE,"Spawning potential",1,"formats","Illustrative ALB outputs"
1969,"spawning_biomass","Region 1",285756.614051071,"t","Abundance weighted by the model reproductive coefficient and weight at age, on the MFCL biomass scale",FALSE,"Spawning potential",1,"formats","Illustrative ALB outputs"
1970,"spawning_biomass","Region 1",258952.023508957,"t","Abundance weighted by the model reproductive coefficient and weight at age, on the MFCL biomass scale",FALSE,"Spawning potential",1,"formats","Illustrative ALB outputs"
1971,"spawning_biomass","Region 1",234518.822515545,"t","Abundance weighted by the model reproductive coefficient and weight at age, on the MFCL biomass scale",FALSE,"Spawning potential",1,"formats","Illustrative ALB outputs"
1972,"spawning_biomass","Region 1",213468.670036159,"t","Abundance weighted by the model reproductive coefficient and weight at age, on the MFCL biomass scale",FALSE,"Spawning potential",1,"formats","Illustrative ALB outputs"
1973,"spawning_biomass","Region 1",185590.787119729,"t","Abundance weighted by the model reproductive coefficient and weight at age, on the MFCL biomass scale",FALSE,"Spawning potential",1,"formats","Illustrative ALB outputs"
1974,"spawning_biomass","Region 1",160737.587011094,"t","Abundance weighted by the model reproductive coefficient and weight at age, on the MFCL biomass scale",FALSE,"Spawning potential",1,"formats","Illustrative ALB outputs"
1975,"spawning_biomass","Region 1",157019.28155517,"t","Abundance weighted by the model reproductive coefficient and weight at age, on the MFCL biomass scale",FALSE,"Spawning potential",1,"formats","Illustrative ALB outputs"
1976,"spawning_biomass","Region 1",181809.279782434,"t","Abundance weighted by the model reproductive coefficient and weight at age, on the MFCL biomass scale",FALSE,"Spawning potential",1,"formats","Illustrative ALB outputs"
1977,"spawning_biomass","Region 1",222271.290309295,"t","Abundance weighted by the model reproductive coefficient and weight at age, on the MFCL biomass scale",FALSE,"Spawning potential",1,"formats","Illustrative ALB outputs"
1978,"spawning_biomass","Region 1",244990.568106747,"t","Abundance weighted by the model reproductive coefficient and weight at age, on the MFCL biomass scale",FALSE,"Spawning potential",1,"formats","Illustrative ALB outputs"
1979,"spawning_biomass","Region 1",228294.137388192,"t","Abundance weighted by the model reproductive coefficient and weight at age, on the MFCL biomass scale",FALSE,"Spawning potential",1,"formats","Illustrative ALB outputs"
1980,"spawning_biomass","Region 1",196304.772441593,"t","Abundance weighted by the model reproductive coefficient and weight at age, on the MFCL biomass scale",FALSE,"Spawning potential",1,"formats","Illustrative ALB outputs"
1981,"spawning_biomass","Region 1",166954.88137856,"t","Abundance weighted by the model reproductive coefficient and weight at age, on the MFCL biomass scale",FALSE,"Spawning potential",1,"formats","Illustrative ALB outputs"
1982,"spawning_biomass","Region 1",157044.350774891,"t","Abundance weighted by the model reproductive coefficient and weight at age, on the MFCL biomass scale",FALSE,"Spawning potential",1,"formats","Illustrative ALB outputs"
1983,"spawning_biomass","Region 1",170461.317418709,"t","Abundance weighted by the model reproductive coefficient and weight at age, on the MFCL biomass scale",FALSE,"Spawning potential",1,"formats","Illustrative ALB outputs"
1984,"spawning_biomass","Region 1",185833.353808336,"t","Abundance weighted by the model reproductive coefficient and weight at age, on the MFCL biomass scale",FALSE,"Spawning potential",1,"formats","Illustrative ALB outputs"
1985,"spawning_biomass","Region 1",192223.013131923,"t","Abundance weighted by the model reproductive coefficient and weight at age, on the MFCL biomass scale",FALSE,"Spawning potential",1,"formats","Illustrative ALB outputs"
1986,"spawning_biomass","Region 1",189722.986972274,"t","Abundance weighted by the model reproductive coefficient and weight at age, on the MFCL biomass scale",FALSE,"Spawning potential",1,"formats","Illustrative ALB outputs"
1987,"spawning_biomass","Region 1",189094.724927187,"t","Abundance weighted by the model reproductive coefficient and weight at age, on the MFCL biomass scale",FALSE,"Spawning potential",1,"formats","Illustrative ALB outputs"
1988,"spawning_biomass","Region 1",179520.484727197,"t","Abundance weighted by the model reproductive coefficient and weight at age, on the MFCL biomass scale",FALSE,"Spawning potential",1,"formats","Illustrative ALB outputs"
1989,"spawning_biomass","Region 1",168333.352324165,"t","Abundance weighted by the model reproductive coefficient and weight at age, on the MFCL biomass scale",FALSE,"Spawning potential",1,"formats","Illustrative ALB outputs"
1990,"spawning_biomass","Region 1",169022.606881576,"t","Abundance weighted by the model reproductive coefficient and weight at age, on the MFCL biomass scale",FALSE,"Spawning potential",1,"formats","Illustrative ALB outputs"
1991,"spawning_biomass","Region 1",181221.820097517,"t","Abundance weighted by the model reproductive coefficient and weight at age, on the MFCL biomass scale",FALSE,"Spawning potential",1,"formats","Illustrative ALB outputs"
1992,"spawning_biomass","Region 1",195646.513900626,"t","Abundance weighted by the model reproductive coefficient and weight at age, on the MFCL biomass scale",FALSE,"Spawning potential",1,"formats","Illustrative ALB outputs"
1993,"spawning_biomass","Region 1",203282.320269084,"t","Abundance weighted by the model reproductive coefficient and weight at age, on the MFCL biomass scale",FALSE,"Spawning potential",1,"formats","Illustrative ALB outputs"
1994,"spawning_biomass","Region 1",205432.640881971,"t","Abundance weighted by the model reproductive coefficient and weight at age, on the MFCL biomass scale",FALSE,"Spawning potential",1,"formats","Illustrative ALB outputs"
1995,"spawning_biomass","Region 1",213918.395282607,"t","Abundance weighted by the model reproductive coefficient and weight at age, on the MFCL biomass scale",FALSE,"Spawning potential",1,"formats","Illustrative ALB outputs"
1996,"spawning_biomass","Region 1",217160.984848473,"t","Abundance weighted by the model reproductive coefficient and weight at age, on the MFCL biomass scale",FALSE,"Spawning potential",1,"formats","Illustrative ALB outputs"
1997,"spawning_biomass","Region 1",228629.144440649,"t","Abundance weighted by the model reproductive coefficient and weight at age, on the MFCL biomass scale",FALSE,"Spawning potential",1,"formats","Illustrative ALB outputs"
1998,"spawning_biomass","Region 1",236595.160588801,"t","Abundance weighted by the model reproductive coefficient and weight at age, on the MFCL biomass scale",FALSE,"Spawning potential",1,"formats","Illustrative ALB outputs"
1999,"spawning_biomass","Region 1",236654.812049679,"t","Abundance weighted by the model reproductive coefficient and weight at age, on the MFCL biomass scale",FALSE,"Spawning potential",1,"formats","Illustrative ALB outputs"
2000,"spawning_biomass","Region 1",221637.226190633,"t","Abundance weighted by the model reproductive coefficient and weight at age, on the MFCL biomass scale",FALSE,"Spawning potential",1,"formats","Illustrative ALB outputs"
2001,"spawning_biomass","Region 1",200749.021786842,"t","Abundance weighted by the model reproductive coefficient and weight at age, on the MFCL biomass scale",FALSE,"Spawning potential",1,"formats","Illustrative ALB outputs"
2002,"spawning_biomass","Region 1",188783.231681484,"t","Abundance weighted by the model reproductive coefficient and weight at age, on the MFCL biomass scale",FALSE,"Spawning potential",1,"formats","Illustrative ALB outputs"
2003,"spawning_biomass","Region 1",187345.513263599,"t","Abundance weighted by the model reproductive coefficient and weight at age, on the MFCL biomass scale",FALSE,"Spawning potential",1,"formats","Illustrative ALB outputs"
2004,"spawning_biomass","Region 1",185062.851715548,"t","Abundance weighted by the model reproductive coefficient and weight at age, on the MFCL biomass scale",FALSE,"Spawning potential",1,"formats","Illustrative ALB outputs"
2005,"spawning_biomass","Region 1",212766.813511527,"t","Abundance weighted by the model reproductive coefficient and weight at age, on the MFCL biomass scale",FALSE,"Spawning potential",1,"formats","Illustrative ALB outputs"
2006,"spawning_biomass","Region 1",231518.684416233,"t","Abundance weighted by the model reproductive coefficient and weight at age, on the MFCL biomass scale",FALSE,"Spawning potential",1,"formats","Illustrative ALB outputs"
2007,"spawning_biomass","Region 1",225567.530210337,"t","Abundance weighted by the model reproductive coefficient and weight at age, on the MFCL biomass scale",FALSE,"Spawning potential",1,"formats","Illustrative ALB outputs"
2008,"spawning_biomass","Region 1",209748.552807093,"t","Abundance weighted by the model reproductive coefficient and weight at age, on the MFCL biomass scale",FALSE,"Spawning potential",1,"formats","Illustrative ALB outputs"
2009,"spawning_biomass","Region 1",202518.527480005,"t","Abundance weighted by the model reproductive coefficient and weight at age, on the MFCL biomass scale",FALSE,"Spawning potential",1,"formats","Illustrative ALB outputs"
2010,"spawning_biomass","Region 1",209176.409334258,"t","Abundance weighted by the model reproductive coefficient and weight at age, on the MFCL biomass scale",FALSE,"Spawning potential",1,"formats","Illustrative ALB outputs"
2011,"spawning_biomass","Region 1",223129.367269045,"t","Abundance weighted by the model reproductive coefficient and weight at age, on the MFCL biomass scale",FALSE,"Spawning potential",1,"formats","Illustrative ALB outputs"
2012,"spawning_biomass","Region 1",230191.130375527,"t","Abundance weighted by the model reproductive coefficient and weight at age, on the MFCL biomass scale",FALSE,"Spawning potential",1,"formats","Illustrative ALB outputs"
2013,"spawning_biomass","Region 1",239185.009052589,"t","Abundance weighted by the model reproductive coefficient and weight at age, on the MFCL biomass scale",FALSE,"Spawning potential",1,"formats","Illustrative ALB outputs"
2014,"spawning_biomass","Region 1",253694.307031475,"t","Abundance weighted by the model reproductive coefficient and weight at age, on the MFCL biomass scale",FALSE,"Spawning potential",1,"formats","Illustrative ALB outputs"
2015,"spawning_biomass","Region 1",251044.557130433,"t","Abundance weighted by the model reproductive coefficient and weight at age, on the MFCL biomass scale",FALSE,"Spawning potential",1,"formats","Illustrative ALB outputs"
2016,"spawning_biomass","Region 1",234628.343949106,"t","Abundance weighted by the model reproductive coefficient and weight at age, on the MFCL biomass scale",FALSE,"Spawning potential",1,"formats","Illustrative ALB outputs"
2017,"spawning_biomass","Region 1",216654.765979331,"t","Abundance weighted by the model reproductive coefficient and weight at age, on the MFCL biomass scale",FALSE,"Spawning potential",1,"formats","Illustrative ALB outputs"
2018,"spawning_biomass","Region 1",212302.658252808,"t","Abundance weighted by the model reproductive coefficient and weight at age, on the MFCL biomass scale",FALSE,"Spawning potential",1,"formats","Illustrative ALB outputs"
2019,"spawning_biomass","Region 1",193552.369610557,"t","Abundance weighted by the model reproductive coefficient and weight at age, on the MFCL biomass scale",FALSE,"Spawning potential",1,"formats","Illustrative ALB outputs"
2020,"spawning_biomass","Region 1",172365.469789825,"t","Abundance weighted by the model reproductive coefficient and weight at age, on the MFCL biomass scale",FALSE,"Spawning potential",1,"formats","Illustrative ALB outputs"
2021,"spawning_biomass","Region 1",183497.971548908,"t","Abundance weighted by the model reproductive coefficient and weight at age, on the MFCL biomass scale",FALSE,"Spawning potential",1,"formats","Illustrative ALB outputs"
2022,"spawning_biomass","Region 1",200870.621273069,"t","Abundance weighted by the model reproductive coefficient and weight at age, on the MFCL biomass scale",FALSE,"Spawning potential",0.583333333333258,"formats","Illustrative ALB outputs"
1954,"spawning_biomass","Region 2",337534.26793949,"t","Abundance weighted by the model reproductive coefficient and weight at age, on the MFCL biomass scale",FALSE,"Spawning potential",0.916666666666742,"formats","Illustrative ALB outputs"
1955,"spawning_biomass","Region 2",325903.206010843,"t","Abundance weighted by the model reproductive coefficient and weight at age, on the MFCL biomass scale",FALSE,"Spawning potential",1,"formats","Illustrative ALB outputs"
1956,"spawning_biomass","Region 2",323102.495029757,"t","Abundance weighted by the model reproductive coefficient and weight at age, on the MFCL biomass scale",FALSE,"Spawning potential",1,"formats","Illustrative ALB outputs"
1957,"spawning_biomass","Region 2",319968.80658429,"t","Abundance weighted by the model reproductive coefficient and weight at age, on the MFCL biomass scale",FALSE,"Spawning potential",1,"formats","Illustrative ALB outputs"
1958,"spawning_biomass","Region 2",312403.955184281,"t","Abundance weighted by the model reproductive coefficient and weight at age, on the MFCL biomass scale",FALSE,"Spawning potential",1,"formats","Illustrative ALB outputs"
1959,"spawning_biomass","Region 2",307318.683075337,"t","Abundance weighted by the model reproductive coefficient and weight at age, on the MFCL biomass scale",FALSE,"Spawning potential",1,"formats","Illustrative ALB outputs"
1960,"spawning_biomass","Region 2",294274.44312109,"t","Abundance weighted by the model reproductive coefficient and weight at age, on the MFCL biomass scale",FALSE,"Spawning potential",1,"formats","Illustrative ALB outputs"
1961,"spawning_biomass","Region 2",273352.724511153,"t","Abundance weighted by the model reproductive coefficient and weight at age, on the MFCL biomass scale",FALSE,"Spawning potential",1,"formats","Illustrative ALB outputs"
1962,"spawning_biomass","Region 2",245171.152134051,"t","Abundance weighted by the model reproductive coefficient and weight at age, on the MFCL biomass scale",FALSE,"Spawning potential",1,"formats","Illustrative ALB outputs"
1963,"spawning_biomass","Region 2",206917.613376239,"t","Abundance weighted by the model reproductive coefficient and weight at age, on the MFCL biomass scale",FALSE,"Spawning potential",1,"formats","Illustrative ALB outputs"
1964,"spawning_biomass","Region 2",175266.80509122,"t","Abundance weighted by the model reproductive coefficient and weight at age, on the MFCL biomass scale",FALSE,"Spawning potential",1,"formats","Illustrative ALB outputs"
1965,"spawning_biomass","Region 2",165953.614740929,"t","Abundance weighted by the model reproductive coefficient and weight at age, on the MFCL biomass scale",FALSE,"Spawning potential",1,"formats","Illustrative ALB outputs"
1966,"spawning_biomass","Region 2",168254.7923901,"t","Abundance weighted by the model reproductive coefficient and weight at age, on the MFCL biomass scale",FALSE,"Spawning potential",1,"formats","Illustrative ALB outputs"
1967,"spawning_biomass","Region 2",162008.817001178,"t","Abundance weighted by the model reproductive coefficient and weight at age, on the MFCL biomass scale",FALSE,"Spawning potential",1,"formats","Illustrative ALB outputs"
1968,"spawning_biomass","Region 2",141612.182974811,"t","Abundance weighted by the model reproductive coefficient and weight at age, on the MFCL biomass scale",FALSE,"Spawning potential",1,"formats","Illustrative ALB outputs"
1969,"spawning_biomass","Region 2",122435.965147024,"t","Abundance weighted by the model reproductive coefficient and weight at age, on the MFCL biomass scale",FALSE,"Spawning potential",1,"formats","Illustrative ALB outputs"
1970,"spawning_biomass","Region 2",110421.694168068,"t","Abundance weighted by the model reproductive coefficient and weight at age, on the MFCL biomass scale",FALSE,"Spawning potential",1,"formats","Illustrative ALB outputs"
1971,"spawning_biomass","Region 2",98853.5496523996,"t","Abundance weighted by the model reproductive coefficient and weight at age, on the MFCL biomass scale",FALSE,"Spawning potential",1,"formats","Illustrative ALB outputs"
1972,"spawning_biomass","Region 2",86837.5160252486,"t","Abundance weighted by the model reproductive coefficient and weight at age, on the MFCL biomass scale",FALSE,"Spawning potential",1,"formats","Illustrative ALB outputs"
1973,"spawning_biomass","Region 2",77859.4982909112,"t","Abundance weighted by the model reproductive coefficient and weight at age, on the MFCL biomass scale",FALSE,"Spawning potential",1,"formats","Illustrative ALB outputs"
1974,"spawning_biomass","Region 2",69970.3012261257,"t","Abundance weighted by the model reproductive coefficient and weight at age, on the MFCL biomass scale",FALSE,"Spawning potential",1,"formats","Illustrative ALB outputs"
1975,"spawning_biomass","Region 2",65254.0661956076,"t","Abundance weighted by the model reproductive coefficient and weight at age, on the MFCL biomass scale",FALSE,"Spawning potential",1,"formats","Illustrative ALB outputs"
1976,"spawning_biomass","Region 2",69399.6665331656,"t","Abundance weighted by the model reproductive coefficient and weight at age, on the MFCL biomass scale",FALSE,"Spawning potential",1,"formats","Illustrative ALB outputs"
1977,"spawning_biomass","Region 2",82297.7278230368,"t","Abundance weighted by the model reproductive coefficient and weight at age, on the MFCL biomass scale",FALSE,"Spawning potential",1,"formats","Illustrative ALB outputs"
1978,"spawning_biomass","Region 2",90635.5653550171,"t","Abundance weighted by the model reproductive coefficient and weight at age, on the MFCL biomass scale",FALSE,"Spawning potential",1,"formats","Illustrative ALB outputs"
1979,"spawning_biomass","Region 2",89229.5786444238,"t","Abundance weighted by the model reproductive coefficient and weight at age, on the MFCL biomass scale",FALSE,"Spawning potential",1,"formats","Illustrative ALB outputs"
1980,"spawning_biomass","Region 2",80615.7338591005,"t","Abundance weighted by the model reproductive coefficient and weight at age, on the MFCL biomass scale",FALSE,"Spawning potential",1,"formats","Illustrative ALB outputs"
1981,"spawning_biomass","Region 2",70965.9305007458,"t","Abundance weighted by the model reproductive coefficient and weight at age, on the MFCL biomass scale",FALSE,"Spawning potential",1,"formats","Illustrative ALB outputs"
1982,"spawning_biomass","Region 2",64941.6012564827,"t","Abundance weighted by the model reproductive coefficient and weight at age, on the MFCL biomass scale",FALSE,"Spawning potential",1,"formats","Illustrative ALB outputs"
1983,"spawning_biomass","Region 2",66082.1442544874,"t","Abundance weighted by the model reproductive coefficient and weight at age, on the MFCL biomass scale",FALSE,"Spawning potential",1,"formats","Illustrative ALB outputs"
1984,"spawning_biomass","Region 2",70926.6158516844,"t","Abundance weighted by the model reproductive coefficient and weight at age, on the MFCL biomass scale",FALSE,"Spawning potential",1,"formats","Illustrative ALB outputs"
1985,"spawning_biomass","Region 2",73289.5044695806,"t","Abundance weighted by the model reproductive coefficient and weight at age, on the MFCL biomass scale",FALSE,"Spawning potential",1,"formats","Illustrative ALB outputs"
1986,"spawning_biomass","Region 2",73482.690810251,"t","Abundance weighted by the model reproductive coefficient and weight at age, on the MFCL biomass scale",FALSE,"Spawning potential",1,"formats","Illustrative ALB outputs"
1987,"spawning_biomass","Region 2",70291.3796589258,"t","Abundance weighted by the model reproductive coefficient and weight at age, on the MFCL biomass scale",FALSE,"Spawning potential",1,"formats","Illustrative ALB outputs"
1988,"spawning_biomass","Region 2",70378.609336489,"t","Abundance weighted by the model reproductive coefficient and weight at age, on the MFCL biomass scale",FALSE,"Spawning potential",1,"formats","Illustrative ALB outputs"
1989,"spawning_biomass","Region 2",65964.7386693674,"t","Abundance weighted by the model reproductive coefficient and weight at age, on the MFCL biomass scale",FALSE,"Spawning potential",1,"formats","Illustrative ALB outputs"
1990,"spawning_biomass","Region 2",67386.007595469,"t","Abundance weighted by the model reproductive coefficient and weight at age, on the MFCL biomass scale",FALSE,"Spawning potential",1,"formats","Illustrative ALB outputs"
1991,"spawning_biomass","Region 2",69635.2344833696,"t","Abundance weighted by the model reproductive coefficient and weight at age, on the MFCL biomass scale",FALSE,"Spawning potential",1,"formats","Illustrative ALB outputs"
1992,"spawning_biomass","Region 2",72739.9099417381,"t","Abundance weighted by the model reproductive coefficient and weight at age, on the MFCL biomass scale",FALSE,"Spawning potential",1,"formats","Illustrative ALB outputs"
1993,"spawning_biomass","Region 2",77371.8609472074,"t","Abundance weighted by the model reproductive coefficient and weight at age, on the MFCL biomass scale",FALSE,"Spawning potential",1,"formats","Illustrative ALB outputs"
1994,"spawning_biomass","Region 2",78045.4363920576,"t","Abundance weighted by the model reproductive coefficient and weight at age, on the MFCL biomass scale",FALSE,"Spawning potential",1,"formats","Illustrative ALB outputs"
1995,"spawning_biomass","Region 2",82253.8182329455,"t","Abundance weighted by the model reproductive coefficient and weight at age, on the MFCL biomass scale",FALSE,"Spawning potential",1,"formats","Illustrative ALB outputs"
1996,"spawning_biomass","Region 2",85288.6973974049,"t","Abundance weighted by the model reproductive coefficient and weight at age, on the MFCL biomass scale",FALSE,"Spawning potential",1,"formats","Illustrative ALB outputs"
1997,"spawning_biomass","Region 2",88480.1910046514,"t","Abundance weighted by the model reproductive coefficient and weight at age, on the MFCL biomass scale",FALSE,"Spawning potential",1,"formats","Illustrative ALB outputs"
1998,"spawning_biomass","Region 2",90914.7129026635,"t","Abundance weighted by the model reproductive coefficient and weight at age, on the MFCL biomass scale",FALSE,"Spawning potential",1,"formats","Illustrative ALB outputs"
1999,"spawning_biomass","Region 2",92649.1460633833,"t","Abundance weighted by the model reproductive coefficient and weight at age, on the MFCL biomass scale",FALSE,"Spawning potential",1,"formats","Illustrative ALB outputs"
2000,"spawning_biomass","Region 2",87633.9251354854,"t","Abundance weighted by the model reproductive coefficient and weight at age, on the MFCL biomass scale",FALSE,"Spawning potential",1,"formats","Illustrative ALB outputs"
2001,"spawning_biomass","Region 2",81966.3252451947,"t","Abundance weighted by the model reproductive coefficient and weight at age, on the MFCL biomass scale",FALSE,"Spawning potential",1,"formats","Illustrative ALB outputs"
2002,"spawning_biomass","Region 2",78428.5085114117,"t","Abundance weighted by the model reproductive coefficient and weight at age, on the MFCL biomass scale",FALSE,"Spawning potential",1,"formats","Illustrative ALB outputs"
2003,"spawning_biomass","Region 2",74862.8498258621,"t","Abundance weighted by the model reproductive coefficient and weight at age, on the MFCL biomass scale",FALSE,"Spawning potential",1,"formats","Illustrative ALB outputs"
2004,"spawning_biomass","Region 2",73532.4266276149,"t","Abundance weighted by the model reproductive coefficient and weight at age, on the MFCL biomass scale",FALSE,"Spawning potential",1,"formats","Illustrative ALB outputs"
2005,"spawning_biomass","Region 2",81339.1153445428,"t","Abundance weighted by the model reproductive coefficient and weight at age, on the MFCL biomass scale",FALSE,"Spawning potential",1,"formats","Illustrative ALB outputs"
2006,"spawning_biomass","Region 2",88594.4931488104,"t","Abundance weighted by the model reproductive coefficient and weight at age, on the MFCL biomass scale",FALSE,"Spawning potential",1,"formats","Illustrative ALB outputs"
2007,"spawning_biomass","Region 2",90754.711379928,"t","Abundance weighted by the model reproductive coefficient and weight at age, on the MFCL biomass scale",FALSE,"Spawning potential",1,"formats","Illustrative ALB outputs"
2008,"spawning_biomass","Region 2",86739.1896707932,"t","Abundance weighted by the model reproductive coefficient and weight at age, on the MFCL biomass scale",FALSE,"Spawning potential",1,"formats","Illustrative ALB outputs"
2009,"spawning_biomass","Region 2",84526.8369735993,"t","Abundance weighted by the model reproductive coefficient and weight at age, on the MFCL biomass scale",FALSE,"Spawning potential",1,"formats","Illustrative ALB outputs"
2010,"spawning_biomass","Region 2",88276.7635250874,"t","Abundance weighted by the model reproductive coefficient and weight at age, on the MFCL biomass scale",FALSE,"Spawning potential",1,"formats","Illustrative ALB outputs"
2011,"spawning_biomass","Region 2",89588.9657316616,"t","Abundance weighted by the model reproductive coefficient and weight at age, on the MFCL biomass scale",FALSE,"Spawning potential",1,"formats","Illustrative ALB outputs"
2012,"spawning_biomass","Region 2",88673.1299198564,"t","Abundance weighted by the model reproductive coefficient and weight at age, on the MFCL biomass scale",FALSE,"Spawning potential",1,"formats","Illustrative ALB outputs"
2013,"spawning_biomass","Region 2",89000.0201111749,"t","Abundance weighted by the model reproductive coefficient and weight at age, on the MFCL biomass scale",FALSE,"Spawning potential",1,"formats","Illustrative ALB outputs"
2014,"spawning_biomass","Region 2",91320.4874097019,"t","Abundance weighted by the model reproductive coefficient and weight at age, on the MFCL biomass scale",FALSE,"Spawning potential",1,"formats","Illustrative ALB outputs"
2015,"spawning_biomass","Region 2",87074.9025669495,"t","Abundance weighted by the model reproductive coefficient and weight at age, on the MFCL biomass scale",FALSE,"Spawning potential",1,"formats","Illustrative ALB outputs"
2016,"spawning_biomass","Region 2",82796.8586199197,"t","Abundance weighted by the model reproductive coefficient and weight at age, on the MFCL biomass scale",FALSE,"Spawning potential",1,"formats","Illustrative ALB outputs"
2017,"spawning_biomass","Region 2",78144.0968028486,"t","Abundance weighted by the model reproductive coefficient and weight at age, on the MFCL biomass scale",FALSE,"Spawning potential",1,"formats","Illustrative ALB outputs"
2018,"spawning_biomass","Region 2",75690.9659246063,"t","Abundance weighted by the model reproductive coefficient and weight at age, on the MFCL biomass scale",FALSE,"Spawning potential",1,"formats","Illustrative ALB outputs"
2019,"spawning_biomass","Region 2",73107.042993621,"t","Abundance weighted by the model reproductive coefficient and weight at age, on the MFCL biomass scale",FALSE,"Spawning potential",1,"formats","Illustrative ALB outputs"
2020,"spawning_biomass","Region 2",67670.9113925773,"t","Abundance weighted by the model reproductive coefficient and weight at age, on the MFCL biomass scale",FALSE,"Spawning potential",1,"formats","Illustrative ALB outputs"
2021,"spawning_biomass","Region 2",61212.0204012083,"t","Abundance weighted by the model reproductive coefficient and weight at age, on the MFCL biomass scale",FALSE,"Spawning potential",1,"formats","Illustrative ALB outputs"
2022,"spawning_biomass","Region 2",63974.3649465106,"t","Abundance weighted by the model reproductive coefficient and weight at age, on the MFCL biomass scale",FALSE,"Spawning potential",0.583333333333258,"formats","Illustrative ALB outputs"
1954,"dynamic_unfished_spawning_biomass","Region 1",905624.388918303,"t","Abundance weighted by the model reproductive coefficient and weight at age, on the MFCL biomass scale in the dynamic no-fishing counterfactual",FALSE,"Unfished spawning potential",0.916666666666742,"formats","Illustrative ALB outputs"
1955,"dynamic_unfished_spawning_biomass","Region 1",846786.53325758,"t","Abundance weighted by the model reproductive coefficient and weight at age, on the MFCL biomass scale in the dynamic no-fishing counterfactual",FALSE,"Unfished spawning potential",1,"formats","Illustrative ALB outputs"
1956,"dynamic_unfished_spawning_biomass","Region 1",836167.720974943,"t","Abundance weighted by the model reproductive coefficient and weight at age, on the MFCL biomass scale in the dynamic no-fishing counterfactual",FALSE,"Unfished spawning potential",1,"formats","Illustrative ALB outputs"
1957,"dynamic_unfished_spawning_biomass","Region 1",829068.117785076,"t","Abundance weighted by the model reproductive coefficient and weight at age, on the MFCL biomass scale in the dynamic no-fishing counterfactual",FALSE,"Unfished spawning potential",1,"formats","Illustrative ALB outputs"
1958,"dynamic_unfished_spawning_biomass","Region 1",821919.137073208,"t","Abundance weighted by the model reproductive coefficient and weight at age, on the MFCL biomass scale in the dynamic no-fishing counterfactual",FALSE,"Unfished spawning potential",1,"formats","Illustrative ALB outputs"
1959,"dynamic_unfished_spawning_biomass","Region 1",807746.507119106,"t","Abundance weighted by the model reproductive coefficient and weight at age, on the MFCL biomass scale in the dynamic no-fishing counterfactual",FALSE,"Unfished spawning potential",1,"formats","Illustrative ALB outputs"
1960,"dynamic_unfished_spawning_biomass","Region 1",769879.837879649,"t","Abundance weighted by the model reproductive coefficient and weight at age, on the MFCL biomass scale in the dynamic no-fishing counterfactual",FALSE,"Unfished spawning potential",1,"formats","Illustrative ALB outputs"
1961,"dynamic_unfished_spawning_biomass","Region 1",711479.711285869,"t","Abundance weighted by the model reproductive coefficient and weight at age, on the MFCL biomass scale in the dynamic no-fishing counterfactual",FALSE,"Unfished spawning potential",1,"formats","Illustrative ALB outputs"
1962,"dynamic_unfished_spawning_biomass","Region 1",633591.012157265,"t","Abundance weighted by the model reproductive coefficient and weight at age, on the MFCL biomass scale in the dynamic no-fishing counterfactual",FALSE,"Unfished spawning potential",1,"formats","Illustrative ALB outputs"
1963,"dynamic_unfished_spawning_biomass","Region 1",536048.605624929,"t","Abundance weighted by the model reproductive coefficient and weight at age, on the MFCL biomass scale in the dynamic no-fishing counterfactual",FALSE,"Unfished spawning potential",1,"formats","Illustrative ALB outputs"
1964,"dynamic_unfished_spawning_biomass","Region 1",469483.709722568,"t","Abundance weighted by the model reproductive coefficient and weight at age, on the MFCL biomass scale in the dynamic no-fishing counterfactual",FALSE,"Unfished spawning potential",1,"formats","Illustrative ALB outputs"
1965,"dynamic_unfished_spawning_biomass","Region 1",462184.024149744,"t","Abundance weighted by the model reproductive coefficient and weight at age, on the MFCL biomass scale in the dynamic no-fishing counterfactual",FALSE,"Unfished spawning potential",1,"formats","Illustrative ALB outputs"
1966,"dynamic_unfished_spawning_biomass","Region 1",488212.680817232,"t","Abundance weighted by the model reproductive coefficient and weight at age, on the MFCL biomass scale in the dynamic no-fishing counterfactual",FALSE,"Unfished spawning potential",1,"formats","Illustrative ALB outputs"
1967,"dynamic_unfished_spawning_biomass","Region 1",486278.182139563,"t","Abundance weighted by the model reproductive coefficient and weight at age, on the MFCL biomass scale in the dynamic no-fishing counterfactual",FALSE,"Unfished spawning potential",1,"formats","Illustrative ALB outputs"
1968,"dynamic_unfished_spawning_biomass","Region 1",432386.177088015,"t","Abundance weighted by the model reproductive coefficient and weight at age, on the MFCL biomass scale in the dynamic no-fishing counterfactual",FALSE,"Unfished spawning potential",1,"formats","Illustrative ALB outputs"
1969,"dynamic_unfished_spawning_biomass","Region 1",379318.90175841,"t","Abundance weighted by the model reproductive coefficient and weight at age, on the MFCL biomass scale in the dynamic no-fishing counterfactual",FALSE,"Unfished spawning potential",1,"formats","Illustrative ALB outputs"
1970,"dynamic_unfished_spawning_biomass","Region 1",351009.520865005,"t","Abundance weighted by the model reproductive coefficient and weight at age, on the MFCL biomass scale in the dynamic no-fishing counterfactual",FALSE,"Unfished spawning potential",1,"formats","Illustrative ALB outputs"
1971,"dynamic_unfished_spawning_biomass","Region 1",330755.681095009,"t","Abundance weighted by the model reproductive coefficient and weight at age, on the MFCL biomass scale in the dynamic no-fishing counterfactual",FALSE,"Unfished spawning potential",1,"formats","Illustrative ALB outputs"
1972,"dynamic_unfished_spawning_biomass","Region 1",312352.170137801,"t","Abundance weighted by the model reproductive coefficient and weight at age, on the MFCL biomass scale in the dynamic no-fishing counterfactual",FALSE,"Unfished spawning potential",1,"formats","Illustrative ALB outputs"
1973,"dynamic_unfished_spawning_biomass","Region 1",290335.322277975,"t","Abundance weighted by the model reproductive coefficient and weight at age, on the MFCL biomass scale in the dynamic no-fishing counterfactual",FALSE,"Unfished spawning potential",1,"formats","Illustrative ALB outputs"
1974,"dynamic_unfished_spawning_biomass","Region 1",268651.035343586,"t","Abundance weighted by the model reproductive coefficient and weight at age, on the MFCL biomass scale in the dynamic no-fishing counterfactual",FALSE,"Unfished spawning potential",1,"formats","Illustrative ALB outputs"
1975,"dynamic_unfished_spawning_biomass","Region 1",256613.44520173,"t","Abundance weighted by the model reproductive coefficient and weight at age, on the MFCL biomass scale in the dynamic no-fishing counterfactual",FALSE,"Unfished spawning potential",1,"formats","Illustrative ALB outputs"
1976,"dynamic_unfished_spawning_biomass","Region 1",269479.868672581,"t","Abundance weighted by the model reproductive coefficient and weight at age, on the MFCL biomass scale in the dynamic no-fishing counterfactual",FALSE,"Unfished spawning potential",1,"formats","Illustrative ALB outputs"
1977,"dynamic_unfished_spawning_biomass","Region 1",311344.922171015,"t","Abundance weighted by the model reproductive coefficient and weight at age, on the MFCL biomass scale in the dynamic no-fishing counterfactual",FALSE,"Unfished spawning potential",1,"formats","Illustrative ALB outputs"
1978,"dynamic_unfished_spawning_biomass","Region 1",341253.92911295,"t","Abundance weighted by the model reproductive coefficient and weight at age, on the MFCL biomass scale in the dynamic no-fishing counterfactual",FALSE,"Unfished spawning potential",1,"formats","Illustrative ALB outputs"
1979,"dynamic_unfished_spawning_biomass","Region 1",326869.858996237,"t","Abundance weighted by the model reproductive coefficient and weight at age, on the MFCL biomass scale in the dynamic no-fishing counterfactual",FALSE,"Unfished spawning potential",1,"formats","Illustrative ALB outputs"
1980,"dynamic_unfished_spawning_biomass","Region 1",292627.884629994,"t","Abundance weighted by the model reproductive coefficient and weight at age, on the MFCL biomass scale in the dynamic no-fishing counterfactual",FALSE,"Unfished spawning potential",1,"formats","Illustrative ALB outputs"
1981,"dynamic_unfished_spawning_biomass","Region 1",264591.436286834,"t","Abundance weighted by the model reproductive coefficient and weight at age, on the MFCL biomass scale in the dynamic no-fishing counterfactual",FALSE,"Unfished spawning potential",1,"formats","Illustrative ALB outputs"
1982,"dynamic_unfished_spawning_biomass","Region 1",252546.935259781,"t","Abundance weighted by the model reproductive coefficient and weight at age, on the MFCL biomass scale in the dynamic no-fishing counterfactual",FALSE,"Unfished spawning potential",1,"formats","Illustrative ALB outputs"
1983,"dynamic_unfished_spawning_biomass","Region 1",262121.737307422,"t","Abundance weighted by the model reproductive coefficient and weight at age, on the MFCL biomass scale in the dynamic no-fishing counterfactual",FALSE,"Unfished spawning potential",1,"formats","Illustrative ALB outputs"
1984,"dynamic_unfished_spawning_biomass","Region 1",273568.336726082,"t","Abundance weighted by the model reproductive coefficient and weight at age, on the MFCL biomass scale in the dynamic no-fishing counterfactual",FALSE,"Unfished spawning potential",1,"formats","Illustrative ALB outputs"
1985,"dynamic_unfished_spawning_biomass","Region 1",276799.188519551,"t","Abundance weighted by the model reproductive coefficient and weight at age, on the MFCL biomass scale in the dynamic no-fishing counterfactual",FALSE,"Unfished spawning potential",1,"formats","Illustrative ALB outputs"
1986,"dynamic_unfished_spawning_biomass","Region 1",275904.721264348,"t","Abundance weighted by the model reproductive coefficient and weight at age, on the MFCL biomass scale in the dynamic no-fishing counterfactual",FALSE,"Unfished spawning potential",1,"formats","Illustrative ALB outputs"
1987,"dynamic_unfished_spawning_biomass","Region 1",278413.950659148,"t","Abundance weighted by the model reproductive coefficient and weight at age, on the MFCL biomass scale in the dynamic no-fishing counterfactual",FALSE,"Unfished spawning potential",1,"formats","Illustrative ALB outputs"
1988,"dynamic_unfished_spawning_biomass","Region 1",271992.248735708,"t","Abundance weighted by the model reproductive coefficient and weight at age, on the MFCL biomass scale in the dynamic no-fishing counterfactual",FALSE,"Unfished spawning potential",1,"formats","Illustrative ALB outputs"
1989,"dynamic_unfished_spawning_biomass","Region 1",266785.970806498,"t","Abundance weighted by the model reproductive coefficient and weight at age, on the MFCL biomass scale in the dynamic no-fishing counterfactual",FALSE,"Unfished spawning potential",1,"formats","Illustrative ALB outputs"
1990,"dynamic_unfished_spawning_biomass","Region 1",268230.36906768,"t","Abundance weighted by the model reproductive coefficient and weight at age, on the MFCL biomass scale in the dynamic no-fishing counterfactual",FALSE,"Unfished spawning potential",1,"formats","Illustrative ALB outputs"
1991,"dynamic_unfished_spawning_biomass","Region 1",287862.631370863,"t","Abundance weighted by the model reproductive coefficient and weight at age, on the MFCL biomass scale in the dynamic no-fishing counterfactual",FALSE,"Unfished spawning potential",1,"formats","Illustrative ALB outputs"
1992,"dynamic_unfished_spawning_biomass","Region 1",310254.089602945,"t","Abundance weighted by the model reproductive coefficient and weight at age, on the MFCL biomass scale in the dynamic no-fishing counterfactual",FALSE,"Unfished spawning potential",1,"formats","Illustrative ALB outputs"
1993,"dynamic_unfished_spawning_biomass","Region 1",320595.773682917,"t","Abundance weighted by the model reproductive coefficient and weight at age, on the MFCL biomass scale in the dynamic no-fishing counterfactual",FALSE,"Unfished spawning potential",1,"formats","Illustrative ALB outputs"
1994,"dynamic_unfished_spawning_biomass","Region 1",324679.020088204,"t","Abundance weighted by the model reproductive coefficient and weight at age, on the MFCL biomass scale in the dynamic no-fishing counterfactual",FALSE,"Unfished spawning potential",1,"formats","Illustrative ALB outputs"
1995,"dynamic_unfished_spawning_biomass","Region 1",333746.610255349,"t","Abundance weighted by the model reproductive coefficient and weight at age, on the MFCL biomass scale in the dynamic no-fishing counterfactual",FALSE,"Unfished spawning potential",1,"formats","Illustrative ALB outputs"
1996,"dynamic_unfished_spawning_biomass","Region 1",336082.21369548,"t","Abundance weighted by the model reproductive coefficient and weight at age, on the MFCL biomass scale in the dynamic no-fishing counterfactual",FALSE,"Unfished spawning potential",1,"formats","Illustrative ALB outputs"
1997,"dynamic_unfished_spawning_biomass","Region 1",347010.355383267,"t","Abundance weighted by the model reproductive coefficient and weight at age, on the MFCL biomass scale in the dynamic no-fishing counterfactual",FALSE,"Unfished spawning potential",1,"formats","Illustrative ALB outputs"
1998,"dynamic_unfished_spawning_biomass","Region 1",364769.023730218,"t","Abundance weighted by the model reproductive coefficient and weight at age, on the MFCL biomass scale in the dynamic no-fishing counterfactual",FALSE,"Unfished spawning potential",1,"formats","Illustrative ALB outputs"
1999,"dynamic_unfished_spawning_biomass","Region 1",368809.378569038,"t","Abundance weighted by the model reproductive coefficient and weight at age, on the MFCL biomass scale in the dynamic no-fishing counterfactual",FALSE,"Unfished spawning potential",1,"formats","Illustrative ALB outputs"
2000,"dynamic_unfished_spawning_biomass","Region 1",353037.636362329,"t","Abundance weighted by the model reproductive coefficient and weight at age, on the MFCL biomass scale in the dynamic no-fishing counterfactual",FALSE,"Unfished spawning potential",1,"formats","Illustrative ALB outputs"
2001,"dynamic_unfished_spawning_biomass","Region 1",340352.223740604,"t","Abundance weighted by the model reproductive coefficient and weight at age, on the MFCL biomass scale in the dynamic no-fishing counterfactual",FALSE,"Unfished spawning potential",1,"formats","Illustrative ALB outputs"
2002,"dynamic_unfished_spawning_biomass","Region 1",341121.141591988,"t","Abundance weighted by the model reproductive coefficient and weight at age, on the MFCL biomass scale in the dynamic no-fishing counterfactual",FALSE,"Unfished spawning potential",1,"formats","Illustrative ALB outputs"
2003,"dynamic_unfished_spawning_biomass","Region 1",356152.780417906,"t","Abundance weighted by the model reproductive coefficient and weight at age, on the MFCL biomass scale in the dynamic no-fishing counterfactual",FALSE,"Unfished spawning potential",1,"formats","Illustrative ALB outputs"
2004,"dynamic_unfished_spawning_biomass","Region 1",357698.061525084,"t","Abundance weighted by the model reproductive coefficient and weight at age, on the MFCL biomass scale in the dynamic no-fishing counterfactual",FALSE,"Unfished spawning potential",1,"formats","Illustrative ALB outputs"
2005,"dynamic_unfished_spawning_biomass","Region 1",395821.398574158,"t","Abundance weighted by the model reproductive coefficient and weight at age, on the MFCL biomass scale in the dynamic no-fishing counterfactual",FALSE,"Unfished spawning potential",1,"formats","Illustrative ALB outputs"
2006,"dynamic_unfished_spawning_biomass","Region 1",428305.265300222,"t","Abundance weighted by the model reproductive coefficient and weight at age, on the MFCL biomass scale in the dynamic no-fishing counterfactual",FALSE,"Unfished spawning potential",1,"formats","Illustrative ALB outputs"
2007,"dynamic_unfished_spawning_biomass","Region 1",429133.708670024,"t","Abundance weighted by the model reproductive coefficient and weight at age, on the MFCL biomass scale in the dynamic no-fishing counterfactual",FALSE,"Unfished spawning potential",1,"formats","Illustrative ALB outputs"
2008,"dynamic_unfished_spawning_biomass","Region 1",409116.173785135,"t","Abundance weighted by the model reproductive coefficient and weight at age, on the MFCL biomass scale in the dynamic no-fishing counterfactual",FALSE,"Unfished spawning potential",1,"formats","Illustrative ALB outputs"
2009,"dynamic_unfished_spawning_biomass","Region 1",407811.30543743,"t","Abundance weighted by the model reproductive coefficient and weight at age, on the MFCL biomass scale in the dynamic no-fishing counterfactual",FALSE,"Unfished spawning potential",1,"formats","Illustrative ALB outputs"
2010,"dynamic_unfished_spawning_biomass","Region 1",430885.089642818,"t","Abundance weighted by the model reproductive coefficient and weight at age, on the MFCL biomass scale in the dynamic no-fishing counterfactual",FALSE,"Unfished spawning potential",1,"formats","Illustrative ALB outputs"
2011,"dynamic_unfished_spawning_biomass","Region 1",449397.401682273,"t","Abundance weighted by the model reproductive coefficient and weight at age, on the MFCL biomass scale in the dynamic no-fishing counterfactual",FALSE,"Unfished spawning potential",1,"formats","Illustrative ALB outputs"
2012,"dynamic_unfished_spawning_biomass","Region 1",455747.769325316,"t","Abundance weighted by the model reproductive coefficient and weight at age, on the MFCL biomass scale in the dynamic no-fishing counterfactual",FALSE,"Unfished spawning potential",1,"formats","Illustrative ALB outputs"
2013,"dynamic_unfished_spawning_biomass","Region 1",478630.466672852,"t","Abundance weighted by the model reproductive coefficient and weight at age, on the MFCL biomass scale in the dynamic no-fishing counterfactual",FALSE,"Unfished spawning potential",1,"formats","Illustrative ALB outputs"
2014,"dynamic_unfished_spawning_biomass","Region 1",495353.949291831,"t","Abundance weighted by the model reproductive coefficient and weight at age, on the MFCL biomass scale in the dynamic no-fishing counterfactual",FALSE,"Unfished spawning potential",1,"formats","Illustrative ALB outputs"
2015,"dynamic_unfished_spawning_biomass","Region 1",494606.583695991,"t","Abundance weighted by the model reproductive coefficient and weight at age, on the MFCL biomass scale in the dynamic no-fishing counterfactual",FALSE,"Unfished spawning potential",1,"formats","Illustrative ALB outputs"
2016,"dynamic_unfished_spawning_biomass","Region 1",483717.451009129,"t","Abundance weighted by the model reproductive coefficient and weight at age, on the MFCL biomass scale in the dynamic no-fishing counterfactual",FALSE,"Unfished spawning potential",1,"formats","Illustrative ALB outputs"
2017,"dynamic_unfished_spawning_biomass","Region 1",467812.322981081,"t","Abundance weighted by the model reproductive coefficient and weight at age, on the MFCL biomass scale in the dynamic no-fishing counterfactual",FALSE,"Unfished spawning potential",1,"formats","Illustrative ALB outputs"
2018,"dynamic_unfished_spawning_biomass","Region 1",459959.76832226,"t","Abundance weighted by the model reproductive coefficient and weight at age, on the MFCL biomass scale in the dynamic no-fishing counterfactual",FALSE,"Unfished spawning potential",1,"formats","Illustrative ALB outputs"
2019,"dynamic_unfished_spawning_biomass","Region 1",442293.224475045,"t","Abundance weighted by the model reproductive coefficient and weight at age, on the MFCL biomass scale in the dynamic no-fishing counterfactual",FALSE,"Unfished spawning potential",1,"formats","Illustrative ALB outputs"
2020,"dynamic_unfished_spawning_biomass","Region 1",415046.36269596,"t","Abundance weighted by the model reproductive coefficient and weight at age, on the MFCL biomass scale in the dynamic no-fishing counterfactual",FALSE,"Unfished spawning potential",1,"formats","Illustrative ALB outputs"
2021,"dynamic_unfished_spawning_biomass","Region 1",416560.594110179,"t","Abundance weighted by the model reproductive coefficient and weight at age, on the MFCL biomass scale in the dynamic no-fishing counterfactual",FALSE,"Unfished spawning potential",1,"formats","Illustrative ALB outputs"
2022,"dynamic_unfished_spawning_biomass","Region 1",415654.079309892,"t","Abundance weighted by the model reproductive coefficient and weight at age, on the MFCL biomass scale in the dynamic no-fishing counterfactual",FALSE,"Unfished spawning potential",0.583333333333258,"formats","Illustrative ALB outputs"
1954,"dynamic_unfished_spawning_biomass","Region 2",337815.396316432,"t","Abundance weighted by the model reproductive coefficient and weight at age, on the MFCL biomass scale in the dynamic no-fishing counterfactual",FALSE,"Unfished spawning potential",0.916666666666742,"formats","Illustrative ALB outputs"
1955,"dynamic_unfished_spawning_biomass","Region 2",327308.011299546,"t","Abundance weighted by the model reproductive coefficient and weight at age, on the MFCL biomass scale in the dynamic no-fishing counterfactual",FALSE,"Unfished spawning potential",1,"formats","Illustrative ALB outputs"
1956,"dynamic_unfished_spawning_biomass","Region 2",325884.194343663,"t","Abundance weighted by the model reproductive coefficient and weight at age, on the MFCL biomass scale in the dynamic no-fishing counterfactual",FALSE,"Unfished spawning potential",1,"formats","Illustrative ALB outputs"
1957,"dynamic_unfished_spawning_biomass","Region 2",324023.715819244,"t","Abundance weighted by the model reproductive coefficient and weight at age, on the MFCL biomass scale in the dynamic no-fishing counterfactual",FALSE,"Unfished spawning potential",1,"formats","Illustrative ALB outputs"
1958,"dynamic_unfished_spawning_biomass","Region 2",317760.195213868,"t","Abundance weighted by the model reproductive coefficient and weight at age, on the MFCL biomass scale in the dynamic no-fishing counterfactual",FALSE,"Unfished spawning potential",1,"formats","Illustrative ALB outputs"
1959,"dynamic_unfished_spawning_biomass","Region 2",315138.252513154,"t","Abundance weighted by the model reproductive coefficient and weight at age, on the MFCL biomass scale in the dynamic no-fishing counterfactual",FALSE,"Unfished spawning potential",1,"formats","Illustrative ALB outputs"
1960,"dynamic_unfished_spawning_biomass","Region 2",304808.356284791,"t","Abundance weighted by the model reproductive coefficient and weight at age, on the MFCL biomass scale in the dynamic no-fishing counterfactual",FALSE,"Unfished spawning potential",1,"formats","Illustrative ALB outputs"
1961,"dynamic_unfished_spawning_biomass","Region 2",286644.596710802,"t","Abundance weighted by the model reproductive coefficient and weight at age, on the MFCL biomass scale in the dynamic no-fishing counterfactual",FALSE,"Unfished spawning potential",1,"formats","Illustrative ALB outputs"
1962,"dynamic_unfished_spawning_biomass","Region 2",261729.317772824,"t","Abundance weighted by the model reproductive coefficient and weight at age, on the MFCL biomass scale in the dynamic no-fishing counterfactual",FALSE,"Unfished spawning potential",1,"formats","Illustrative ALB outputs"
1963,"dynamic_unfished_spawning_biomass","Region 2",228492.526952228,"t","Abundance weighted by the model reproductive coefficient and weight at age, on the MFCL biomass scale in the dynamic no-fishing counterfactual",FALSE,"Unfished spawning potential",1,"formats","Illustrative ALB outputs"
1964,"dynamic_unfished_spawning_biomass","Region 2",201171.018772055,"t","Abundance weighted by the model reproductive coefficient and weight at age, on the MFCL biomass scale in the dynamic no-fishing counterfactual",FALSE,"Unfished spawning potential",1,"formats","Illustrative ALB outputs"
1965,"dynamic_unfished_spawning_biomass","Region 2",191193.496673364,"t","Abundance weighted by the model reproductive coefficient and weight at age, on the MFCL biomass scale in the dynamic no-fishing counterfactual",FALSE,"Unfished spawning potential",1,"formats","Illustrative ALB outputs"
1966,"dynamic_unfished_spawning_biomass","Region 2",194372.77589389,"t","Abundance weighted by the model reproductive coefficient and weight at age, on the MFCL biomass scale in the dynamic no-fishing counterfactual",FALSE,"Unfished spawning potential",1,"formats","Illustrative ALB outputs"
1967,"dynamic_unfished_spawning_biomass","Region 2",193611.829250419,"t","Abundance weighted by the model reproductive coefficient and weight at age, on the MFCL biomass scale in the dynamic no-fishing counterfactual",FALSE,"Unfished spawning potential",1,"formats","Illustrative ALB outputs"
1968,"dynamic_unfished_spawning_biomass","Region 2",177283.847228426,"t","Abundance weighted by the model reproductive coefficient and weight at age, on the MFCL biomass scale in the dynamic no-fishing counterfactual",FALSE,"Unfished spawning potential",1,"formats","Illustrative ALB outputs"
1969,"dynamic_unfished_spawning_biomass","Region 2",158185.726167294,"t","Abundance weighted by the model reproductive coefficient and weight at age, on the MFCL biomass scale in the dynamic no-fishing counterfactual",FALSE,"Unfished spawning potential",1,"formats","Illustrative ALB outputs"
1970,"dynamic_unfished_spawning_biomass","Region 2",145751.888283481,"t","Abundance weighted by the model reproductive coefficient and weight at age, on the MFCL biomass scale in the dynamic no-fishing counterfactual",FALSE,"Unfished spawning potential",1,"formats","Illustrative ALB outputs"
1971,"dynamic_unfished_spawning_biomass","Region 2",136384.509377314,"t","Abundance weighted by the model reproductive coefficient and weight at age, on the MFCL biomass scale in the dynamic no-fishing counterfactual",FALSE,"Unfished spawning potential",1,"formats","Illustrative ALB outputs"
1972,"dynamic_unfished_spawning_biomass","Region 2",128374.887062016,"t","Abundance weighted by the model reproductive coefficient and weight at age, on the MFCL biomass scale in the dynamic no-fishing counterfactual",FALSE,"Unfished spawning potential",1,"formats","Illustrative ALB outputs"
1973,"dynamic_unfished_spawning_biomass","Region 2",119756.13438298,"t","Abundance weighted by the model reproductive coefficient and weight at age, on the MFCL biomass scale in the dynamic no-fishing counterfactual",FALSE,"Unfished spawning potential",1,"formats","Illustrative ALB outputs"
1974,"dynamic_unfished_spawning_biomass","Region 2",111102.44301408,"t","Abundance weighted by the model reproductive coefficient and weight at age, on the MFCL biomass scale in the dynamic no-fishing counterfactual",FALSE,"Unfished spawning potential",1,"formats","Illustrative ALB outputs"
1975,"dynamic_unfished_spawning_biomass","Region 2",104900.600896619,"t","Abundance weighted by the model reproductive coefficient and weight at age, on the MFCL biomass scale in the dynamic no-fishing counterfactual",FALSE,"Unfished spawning potential",1,"formats","Illustrative ALB outputs"
1976,"dynamic_unfished_spawning_biomass","Region 2",105792.625046117,"t","Abundance weighted by the model reproductive coefficient and weight at age, on the MFCL biomass scale in the dynamic no-fishing counterfactual",FALSE,"Unfished spawning potential",1,"formats","Illustrative ALB outputs"
1977,"dynamic_unfished_spawning_biomass","Region 2",116862.459458438,"t","Abundance weighted by the model reproductive coefficient and weight at age, on the MFCL biomass scale in the dynamic no-fishing counterfactual",FALSE,"Unfished spawning potential",1,"formats","Illustrative ALB outputs"
1978,"dynamic_unfished_spawning_biomass","Region 2",127754.407974656,"t","Abundance weighted by the model reproductive coefficient and weight at age, on the MFCL biomass scale in the dynamic no-fishing counterfactual",FALSE,"Unfished spawning potential",1,"formats","Illustrative ALB outputs"
1979,"dynamic_unfished_spawning_biomass","Region 2",126231.452960537,"t","Abundance weighted by the model reproductive coefficient and weight at age, on the MFCL biomass scale in the dynamic no-fishing counterfactual",FALSE,"Unfished spawning potential",1,"formats","Illustrative ALB outputs"
1980,"dynamic_unfished_spawning_biomass","Region 2",116829.515192266,"t","Abundance weighted by the model reproductive coefficient and weight at age, on the MFCL biomass scale in the dynamic no-fishing counterfactual",FALSE,"Unfished spawning potential",1,"formats","Illustrative ALB outputs"
1981,"dynamic_unfished_spawning_biomass","Region 2",106954.262605027,"t","Abundance weighted by the model reproductive coefficient and weight at age, on the MFCL biomass scale in the dynamic no-fishing counterfactual",FALSE,"Unfished spawning potential",1,"formats","Illustrative ALB outputs"
1982,"dynamic_unfished_spawning_biomass","Region 2",101046.553147371,"t","Abundance weighted by the model reproductive coefficient and weight at age, on the MFCL biomass scale in the dynamic no-fishing counterfactual",FALSE,"Unfished spawning potential",1,"formats","Illustrative ALB outputs"
1983,"dynamic_unfished_spawning_biomass","Region 2",100370.130383715,"t","Abundance weighted by the model reproductive coefficient and weight at age, on the MFCL biomass scale in the dynamic no-fishing counterfactual",FALSE,"Unfished spawning potential",1,"formats","Illustrative ALB outputs"
1984,"dynamic_unfished_spawning_biomass","Region 2",103573.08756853,"t","Abundance weighted by the model reproductive coefficient and weight at age, on the MFCL biomass scale in the dynamic no-fishing counterfactual",FALSE,"Unfished spawning potential",1,"formats","Illustrative ALB outputs"
1985,"dynamic_unfished_spawning_biomass","Region 2",104852.60584704,"t","Abundance weighted by the model reproductive coefficient and weight at age, on the MFCL biomass scale in the dynamic no-fishing counterfactual",FALSE,"Unfished spawning potential",1,"formats","Illustrative ALB outputs"
1986,"dynamic_unfished_spawning_biomass","Region 2",105578.104561443,"t","Abundance weighted by the model reproductive coefficient and weight at age, on the MFCL biomass scale in the dynamic no-fishing counterfactual",FALSE,"Unfished spawning potential",1,"formats","Illustrative ALB outputs"
1987,"dynamic_unfished_spawning_biomass","Region 2",103408.705313947,"t","Abundance weighted by the model reproductive coefficient and weight at age, on the MFCL biomass scale in the dynamic no-fishing counterfactual",FALSE,"Unfished spawning potential",1,"formats","Illustrative ALB outputs"
1988,"dynamic_unfished_spawning_biomass","Region 2",105512.379525598,"t","Abundance weighted by the model reproductive coefficient and weight at age, on the MFCL biomass scale in the dynamic no-fishing counterfactual",FALSE,"Unfished spawning potential",1,"formats","Illustrative ALB outputs"
1989,"dynamic_unfished_spawning_biomass","Region 2",101892.203727501,"t","Abundance weighted by the model reproductive coefficient and weight at age, on the MFCL biomass scale in the dynamic no-fishing counterfactual",FALSE,"Unfished spawning potential",1,"formats","Illustrative ALB outputs"
1990,"dynamic_unfished_spawning_biomass","Region 2",103003.406869115,"t","Abundance weighted by the model reproductive coefficient and weight at age, on the MFCL biomass scale in the dynamic no-fishing counterfactual",FALSE,"Unfished spawning potential",1,"formats","Illustrative ALB outputs"
1991,"dynamic_unfished_spawning_biomass","Region 2",107041.611223897,"t","Abundance weighted by the model reproductive coefficient and weight at age, on the MFCL biomass scale in the dynamic no-fishing counterfactual",FALSE,"Unfished spawning potential",1,"formats","Illustrative ALB outputs"
1992,"dynamic_unfished_spawning_biomass","Region 2",112781.309981903,"t","Abundance weighted by the model reproductive coefficient and weight at age, on the MFCL biomass scale in the dynamic no-fishing counterfactual",FALSE,"Unfished spawning potential",1,"formats","Illustrative ALB outputs"
1993,"dynamic_unfished_spawning_biomass","Region 2",118681.243614105,"t","Abundance weighted by the model reproductive coefficient and weight at age, on the MFCL biomass scale in the dynamic no-fishing counterfactual",FALSE,"Unfished spawning potential",1,"formats","Illustrative ALB outputs"
1994,"dynamic_unfished_spawning_biomass","Region 2",119796.355837095,"t","Abundance weighted by the model reproductive coefficient and weight at age, on the MFCL biomass scale in the dynamic no-fishing counterfactual",FALSE,"Unfished spawning potential",1,"formats","Illustrative ALB outputs"
1995,"dynamic_unfished_spawning_biomass","Region 2",124461.346243153,"t","Abundance weighted by the model reproductive coefficient and weight at age, on the MFCL biomass scale in the dynamic no-fishing counterfactual",FALSE,"Unfished spawning potential",1,"formats","Illustrative ALB outputs"
1996,"dynamic_unfished_spawning_biomass","Region 2",127632.670849169,"t","Abundance weighted by the model reproductive coefficient and weight at age, on the MFCL biomass scale in the dynamic no-fishing counterfactual",FALSE,"Unfished spawning potential",1,"formats","Illustrative ALB outputs"
1997,"dynamic_unfished_spawning_biomass","Region 2",131009.937285098,"t","Abundance weighted by the model reproductive coefficient and weight at age, on the MFCL biomass scale in the dynamic no-fishing counterfactual",FALSE,"Unfished spawning potential",1,"formats","Illustrative ALB outputs"
1998,"dynamic_unfished_spawning_biomass","Region 2",136132.951186707,"t","Abundance weighted by the model reproductive coefficient and weight at age, on the MFCL biomass scale in the dynamic no-fishing counterfactual",FALSE,"Unfished spawning potential",1,"formats","Illustrative ALB outputs"
1999,"dynamic_unfished_spawning_biomass","Region 2",139157.19758082,"t","Abundance weighted by the model reproductive coefficient and weight at age, on the MFCL biomass scale in the dynamic no-fishing counterfactual",FALSE,"Unfished spawning potential",1,"formats","Illustrative ALB outputs"
2000,"dynamic_unfished_spawning_biomass","Region 2",135991.589801665,"t","Abundance weighted by the model reproductive coefficient and weight at age, on the MFCL biomass scale in the dynamic no-fishing counterfactual",FALSE,"Unfished spawning potential",1,"formats","Illustrative ALB outputs"
2001,"dynamic_unfished_spawning_biomass","Region 2",130518.488144072,"t","Abundance weighted by the model reproductive coefficient and weight at age, on the MFCL biomass scale in the dynamic no-fishing counterfactual",FALSE,"Unfished spawning potential",1,"formats","Illustrative ALB outputs"
2002,"dynamic_unfished_spawning_biomass","Region 2",131608.883871236,"t","Abundance weighted by the model reproductive coefficient and weight at age, on the MFCL biomass scale in the dynamic no-fishing counterfactual",FALSE,"Unfished spawning potential",1,"formats","Illustrative ALB outputs"
2003,"dynamic_unfished_spawning_biomass","Region 2",133753.272255845,"t","Abundance weighted by the model reproductive coefficient and weight at age, on the MFCL biomass scale in the dynamic no-fishing counterfactual",FALSE,"Unfished spawning potential",1,"formats","Illustrative ALB outputs"
2004,"dynamic_unfished_spawning_biomass","Region 2",134360.022771888,"t","Abundance weighted by the model reproductive coefficient and weight at age, on the MFCL biomass scale in the dynamic no-fishing counterfactual",FALSE,"Unfished spawning potential",1,"formats","Illustrative ALB outputs"
2005,"dynamic_unfished_spawning_biomass","Region 2",146802.946901095,"t","Abundance weighted by the model reproductive coefficient and weight at age, on the MFCL biomass scale in the dynamic no-fishing counterfactual",FALSE,"Unfished spawning potential",1,"formats","Illustrative ALB outputs"
2006,"dynamic_unfished_spawning_biomass","Region 2",156754.348058204,"t","Abundance weighted by the model reproductive coefficient and weight at age, on the MFCL biomass scale in the dynamic no-fishing counterfactual",FALSE,"Unfished spawning potential",1,"formats","Illustrative ALB outputs"
2007,"dynamic_unfished_spawning_biomass","Region 2",160110.442251183,"t","Abundance weighted by the model reproductive coefficient and weight at age, on the MFCL biomass scale in the dynamic no-fishing counterfactual",FALSE,"Unfished spawning potential",1,"formats","Illustrative ALB outputs"
2008,"dynamic_unfished_spawning_biomass","Region 2",156371.677782413,"t","Abundance weighted by the model reproductive coefficient and weight at age, on the MFCL biomass scale in the dynamic no-fishing counterfactual",FALSE,"Unfished spawning potential",1,"formats","Illustrative ALB outputs"
2009,"dynamic_unfished_spawning_biomass","Region 2",153752.339123325,"t","Abundance weighted by the model reproductive coefficient and weight at age, on the MFCL biomass scale in the dynamic no-fishing counterfactual",FALSE,"Unfished spawning potential",1,"formats","Illustrative ALB outputs"
2010,"dynamic_unfished_spawning_biomass","Region 2",161789.52600194,"t","Abundance weighted by the model reproductive coefficient and weight at age, on the MFCL biomass scale in the dynamic no-fishing counterfactual",FALSE,"Unfished spawning potential",1,"formats","Illustrative ALB outputs"
2011,"dynamic_unfished_spawning_biomass","Region 2",168122.81444276,"t","Abundance weighted by the model reproductive coefficient and weight at age, on the MFCL biomass scale in the dynamic no-fishing counterfactual",FALSE,"Unfished spawning potential",1,"formats","Illustrative ALB outputs"
2012,"dynamic_unfished_spawning_biomass","Region 2",170492.022495285,"t","Abundance weighted by the model reproductive coefficient and weight at age, on the MFCL biomass scale in the dynamic no-fishing counterfactual",FALSE,"Unfished spawning potential",1,"formats","Illustrative ALB outputs"
2013,"dynamic_unfished_spawning_biomass","Region 2",175513.723954744,"t","Abundance weighted by the model reproductive coefficient and weight at age, on the MFCL biomass scale in the dynamic no-fishing counterfactual",FALSE,"Unfished spawning potential",1,"formats","Illustrative ALB outputs"
2014,"dynamic_unfished_spawning_biomass","Region 2",183214.344479526,"t","Abundance weighted by the model reproductive coefficient and weight at age, on the MFCL biomass scale in the dynamic no-fishing counterfactual",FALSE,"Unfished spawning potential",1,"formats","Illustrative ALB outputs"
2015,"dynamic_unfished_spawning_biomass","Region 2",186371.074448474,"t","Abundance weighted by the model reproductive coefficient and weight at age, on the MFCL biomass scale in the dynamic no-fishing counterfactual",FALSE,"Unfished spawning potential",1,"formats","Illustrative ALB outputs"
2016,"dynamic_unfished_spawning_biomass","Region 2",181803.488960731,"t","Abundance weighted by the model reproductive coefficient and weight at age, on the MFCL biomass scale in the dynamic no-fishing counterfactual",FALSE,"Unfished spawning potential",1,"formats","Illustrative ALB outputs"
2017,"dynamic_unfished_spawning_biomass","Region 2",177184.45150388,"t","Abundance weighted by the model reproductive coefficient and weight at age, on the MFCL biomass scale in the dynamic no-fishing counterfactual",FALSE,"Unfished spawning potential",1,"formats","Illustrative ALB outputs"
2018,"dynamic_unfished_spawning_biomass","Region 2",177984.624546135,"t","Abundance weighted by the model reproductive coefficient and weight at age, on the MFCL biomass scale in the dynamic no-fishing counterfactual",FALSE,"Unfished spawning potential",1,"formats","Illustrative ALB outputs"
2019,"dynamic_unfished_spawning_biomass","Region 2",171072.473609661,"t","Abundance weighted by the model reproductive coefficient and weight at age, on the MFCL biomass scale in the dynamic no-fishing counterfactual",FALSE,"Unfished spawning potential",1,"formats","Illustrative ALB outputs"
2020,"dynamic_unfished_spawning_biomass","Region 2",161845.723507413,"t","Abundance weighted by the model reproductive coefficient and weight at age, on the MFCL biomass scale in the dynamic no-fishing counterfactual",FALSE,"Unfished spawning potential",1,"formats","Illustrative ALB outputs"
2021,"dynamic_unfished_spawning_biomass","Region 2",158627.406315052,"t","Abundance weighted by the model reproductive coefficient and weight at age, on the MFCL biomass scale in the dynamic no-fishing counterfactual",FALSE,"Unfished spawning potential",1,"formats","Illustrative ALB outputs"
2022,"dynamic_unfished_spawning_biomass","Region 2",163006.428266861,"t","Abundance weighted by the model reproductive coefficient and weight at age, on the MFCL biomass scale in the dynamic no-fishing counterfactual",FALSE,"Unfished spawning potential",0.583333333333258,"formats","Illustrative ALB outputs"
1954,"dynamic_unfished_spawning_biomass","all",1243439.78523473,"t","Abundance weighted by the model reproductive coefficient and weight at age, on the MFCL biomass scale in the dynamic no-fishing counterfactual",FALSE,"Unfished spawning potential",0.916666666666742,"formats","Illustrative ALB outputs"
1955,"dynamic_unfished_spawning_biomass","all",1174094.54455713,"t","Abundance weighted by the model reproductive coefficient and weight at age, on the MFCL biomass scale in the dynamic no-fishing counterfactual",FALSE,"Unfished spawning potential",1,"formats","Illustrative ALB outputs"
1956,"dynamic_unfished_spawning_biomass","all",1162051.91531861,"t","Abundance weighted by the model reproductive coefficient and weight at age, on the MFCL biomass scale in the dynamic no-fishing counterfactual",FALSE,"Unfished spawning potential",1,"formats","Illustrative ALB outputs"
1957,"dynamic_unfished_spawning_biomass","all",1153091.83360432,"t","Abundance weighted by the model reproductive coefficient and weight at age, on the MFCL biomass scale in the dynamic no-fishing counterfactual",FALSE,"Unfished spawning potential",1,"formats","Illustrative ALB outputs"
1958,"dynamic_unfished_spawning_biomass","all",1139679.33228708,"t","Abundance weighted by the model reproductive coefficient and weight at age, on the MFCL biomass scale in the dynamic no-fishing counterfactual",FALSE,"Unfished spawning potential",1,"formats","Illustrative ALB outputs"
1959,"dynamic_unfished_spawning_biomass","all",1122884.75963226,"t","Abundance weighted by the model reproductive coefficient and weight at age, on the MFCL biomass scale in the dynamic no-fishing counterfactual",FALSE,"Unfished spawning potential",1,"formats","Illustrative ALB outputs"
1960,"dynamic_unfished_spawning_biomass","all",1074688.19416444,"t","Abundance weighted by the model reproductive coefficient and weight at age, on the MFCL biomass scale in the dynamic no-fishing counterfactual",FALSE,"Unfished spawning potential",1,"formats","Illustrative ALB outputs"
1961,"dynamic_unfished_spawning_biomass","all",998124.307996671,"t","Abundance weighted by the model reproductive coefficient and weight at age, on the MFCL biomass scale in the dynamic no-fishing counterfactual",FALSE,"Unfished spawning potential",1,"formats","Illustrative ALB outputs"
1962,"dynamic_unfished_spawning_biomass","all",895320.329930089,"t","Abundance weighted by the model reproductive coefficient and weight at age, on the MFCL biomass scale in the dynamic no-fishing counterfactual",FALSE,"Unfished spawning potential",1,"formats","Illustrative ALB outputs"
1963,"dynamic_unfished_spawning_biomass","all",764541.132577157,"t","Abundance weighted by the model reproductive coefficient and weight at age, on the MFCL biomass scale in the dynamic no-fishing counterfactual",FALSE,"Unfished spawning potential",1,"formats","Illustrative ALB outputs"
1964,"dynamic_unfished_spawning_biomass","all",670654.728494623,"t","Abundance weighted by the model reproductive coefficient and weight at age, on the MFCL biomass scale in the dynamic no-fishing counterfactual",FALSE,"Unfished spawning potential",1,"formats","Illustrative ALB outputs"
1965,"dynamic_unfished_spawning_biomass","all",653377.520823108,"t","Abundance weighted by the model reproductive coefficient and weight at age, on the MFCL biomass scale in the dynamic no-fishing counterfactual",FALSE,"Unfished spawning potential",1,"formats","Illustrative ALB outputs"
1966,"dynamic_unfished_spawning_biomass","all",682585.456711123,"t","Abundance weighted by the model reproductive coefficient and weight at age, on the MFCL biomass scale in the dynamic no-fishing counterfactual",FALSE,"Unfished spawning potential",1,"formats","Illustrative ALB outputs"
1967,"dynamic_unfished_spawning_biomass","all",679890.011389982,"t","Abundance weighted by the model reproductive coefficient and weight at age, on the MFCL biomass scale in the dynamic no-fishing counterfactual",FALSE,"Unfished spawning potential",1,"formats","Illustrative ALB outputs"
1968,"dynamic_unfished_spawning_biomass","all",609670.024316441,"t","Abundance weighted by the model reproductive coefficient and weight at age, on the MFCL biomass scale in the dynamic no-fishing counterfactual",FALSE,"Unfished spawning potential",1,"formats","Illustrative ALB outputs"
1969,"dynamic_unfished_spawning_biomass","all",537504.627925704,"t","Abundance weighted by the model reproductive coefficient and weight at age, on the MFCL biomass scale in the dynamic no-fishing counterfactual",FALSE,"Unfished spawning potential",1,"formats","Illustrative ALB outputs"
1970,"dynamic_unfished_spawning_biomass","all",496761.409148485,"t","Abundance weighted by the model reproductive coefficient and weight at age, on the MFCL biomass scale in the dynamic no-fishing counterfactual",FALSE,"Unfished spawning potential",1,"formats","Illustrative ALB outputs"
1971,"dynamic_unfished_spawning_biomass","all",467140.190472323,"t","Abundance weighted by the model reproductive coefficient and weight at age, on the MFCL biomass scale in the dynamic no-fishing counterfactual",FALSE,"Unfished spawning potential",1,"formats","Illustrative ALB outputs"
1972,"dynamic_unfished_spawning_biomass","all",440727.057199817,"t","Abundance weighted by the model reproductive coefficient and weight at age, on the MFCL biomass scale in the dynamic no-fishing counterfactual",FALSE,"Unfished spawning potential",1,"formats","Illustrative ALB outputs"
1973,"dynamic_unfished_spawning_biomass","all",410091.456660955,"t","Abundance weighted by the model reproductive coefficient and weight at age, on the MFCL biomass scale in the dynamic no-fishing counterfactual",FALSE,"Unfished spawning potential",1,"formats","Illustrative ALB outputs"
1974,"dynamic_unfished_spawning_biomass","all",379753.478357667,"t","Abundance weighted by the model reproductive coefficient and weight at age, on the MFCL biomass scale in the dynamic no-fishing counterfactual",FALSE,"Unfished spawning potential",1,"formats","Illustrative ALB outputs"
1975,"dynamic_unfished_spawning_biomass","all",361514.046098349,"t","Abundance weighted by the model reproductive coefficient and weight at age, on the MFCL biomass scale in the dynamic no-fishing counterfactual",FALSE,"Unfished spawning potential",1,"formats","Illustrative ALB outputs"
1976,"dynamic_unfished_spawning_biomass","all",375272.493718698,"t","Abundance weighted by the model reproductive coefficient and weight at age, on the MFCL biomass scale in the dynamic no-fishing counterfactual",FALSE,"Unfished spawning potential",1,"formats","Illustrative ALB outputs"
1977,"dynamic_unfished_spawning_biomass","all",428207.381629453,"t","Abundance weighted by the model reproductive coefficient and weight at age, on the MFCL biomass scale in the dynamic no-fishing counterfactual",FALSE,"Unfished spawning potential",1,"formats","Illustrative ALB outputs"
1978,"dynamic_unfished_spawning_biomass","all",469008.337087606,"t","Abundance weighted by the model reproductive coefficient and weight at age, on the MFCL biomass scale in the dynamic no-fishing counterfactual",FALSE,"Unfished spawning potential",1,"formats","Illustrative ALB outputs"
1979,"dynamic_unfished_spawning_biomass","all",453101.311956774,"t","Abundance weighted by the model reproductive coefficient and weight at age, on the MFCL biomass scale in the dynamic no-fishing counterfactual",FALSE,"Unfished spawning potential",1,"formats","Illustrative ALB outputs"
1980,"dynamic_unfished_spawning_biomass","all",409457.39982226,"t","Abundance weighted by the model reproductive coefficient and weight at age, on the MFCL biomass scale in the dynamic no-fishing counterfactual",FALSE,"Unfished spawning potential",1,"formats","Illustrative ALB outputs"
1981,"dynamic_unfished_spawning_biomass","all",371545.698891861,"t","Abundance weighted by the model reproductive coefficient and weight at age, on the MFCL biomass scale in the dynamic no-fishing counterfactual",FALSE,"Unfished spawning potential",1,"formats","Illustrative ALB outputs"
1982,"dynamic_unfished_spawning_biomass","all",353593.488407152,"t","Abundance weighted by the model reproductive coefficient and weight at age, on the MFCL biomass scale in the dynamic no-fishing counterfactual",FALSE,"Unfished spawning potential",1,"formats","Illustrative ALB outputs"
1983,"dynamic_unfished_spawning_biomass","all",362491.867691137,"t","Abundance weighted by the model reproductive coefficient and weight at age, on the MFCL biomass scale in the dynamic no-fishing counterfactual",FALSE,"Unfished spawning potential",1,"formats","Illustrative ALB outputs"
1984,"dynamic_unfished_spawning_biomass","all",377141.424294612,"t","Abundance weighted by the model reproductive coefficient and weight at age, on the MFCL biomass scale in the dynamic no-fishing counterfactual",FALSE,"Unfished spawning potential",1,"formats","Illustrative ALB outputs"
1985,"dynamic_unfished_spawning_biomass","all",381651.794366591,"t","Abundance weighted by the model reproductive coefficient and weight at age, on the MFCL biomass scale in the dynamic no-fishing counterfactual",FALSE,"Unfished spawning potential",1,"formats","Illustrative ALB outputs"
1986,"dynamic_unfished_spawning_biomass","all",381482.825825791,"t","Abundance weighted by the model reproductive coefficient and weight at age, on the MFCL biomass scale in the dynamic no-fishing counterfactual",FALSE,"Unfished spawning potential",1,"formats","Illustrative ALB outputs"
1987,"dynamic_unfished_spawning_biomass","all",381822.655973095,"t","Abundance weighted by the model reproductive coefficient and weight at age, on the MFCL biomass scale in the dynamic no-fishing counterfactual",FALSE,"Unfished spawning potential",1,"formats","Illustrative ALB outputs"
1988,"dynamic_unfished_spawning_biomass","all",377504.628261306,"t","Abundance weighted by the model reproductive coefficient and weight at age, on the MFCL biomass scale in the dynamic no-fishing counterfactual",FALSE,"Unfished spawning potential",1,"formats","Illustrative ALB outputs"
1989,"dynamic_unfished_spawning_biomass","all",368678.174533998,"t","Abundance weighted by the model reproductive coefficient and weight at age, on the MFCL biomass scale in the dynamic no-fishing counterfactual",FALSE,"Unfished spawning potential",1,"formats","Illustrative ALB outputs"
1990,"dynamic_unfished_spawning_biomass","all",371233.775936794,"t","Abundance weighted by the model reproductive coefficient and weight at age, on the MFCL biomass scale in the dynamic no-fishing counterfactual",FALSE,"Unfished spawning potential",1,"formats","Illustrative ALB outputs"
1991,"dynamic_unfished_spawning_biomass","all",394904.24259476,"t","Abundance weighted by the model reproductive coefficient and weight at age, on the MFCL biomass scale in the dynamic no-fishing counterfactual",FALSE,"Unfished spawning potential",1,"formats","Illustrative ALB outputs"
1992,"dynamic_unfished_spawning_biomass","all",423035.399584848,"t","Abundance weighted by the model reproductive coefficient and weight at age, on the MFCL biomass scale in the dynamic no-fishing counterfactual",FALSE,"Unfished spawning potential",1,"formats","Illustrative ALB outputs"
1993,"dynamic_unfished_spawning_biomass","all",439277.017297022,"t","Abundance weighted by the model reproductive coefficient and weight at age, on the MFCL biomass scale in the dynamic no-fishing counterfactual",FALSE,"Unfished spawning potential",1,"formats","Illustrative ALB outputs"
1994,"dynamic_unfished_spawning_biomass","all",444475.3759253,"t","Abundance weighted by the model reproductive coefficient and weight at age, on the MFCL biomass scale in the dynamic no-fishing counterfactual",FALSE,"Unfished spawning potential",1,"formats","Illustrative ALB outputs"
1995,"dynamic_unfished_spawning_biomass","all",458207.956498502,"t","Abundance weighted by the model reproductive coefficient and weight at age, on the MFCL biomass scale in the dynamic no-fishing counterfactual",FALSE,"Unfished spawning potential",1,"formats","Illustrative ALB outputs"
1996,"dynamic_unfished_spawning_biomass","all",463714.884544649,"t","Abundance weighted by the model reproductive coefficient and weight at age, on the MFCL biomass scale in the dynamic no-fishing counterfactual",FALSE,"Unfished spawning potential",1,"formats","Illustrative ALB outputs"
1997,"dynamic_unfished_spawning_biomass","all",478020.292668365,"t","Abundance weighted by the model reproductive coefficient and weight at age, on the MFCL biomass scale in the dynamic no-fishing counterfactual",FALSE,"Unfished spawning potential",1,"formats","Illustrative ALB outputs"
1998,"dynamic_unfished_spawning_biomass","all",500901.974916924,"t","Abundance weighted by the model reproductive coefficient and weight at age, on the MFCL biomass scale in the dynamic no-fishing counterfactual",FALSE,"Unfished spawning potential",1,"formats","Illustrative ALB outputs"
1999,"dynamic_unfished_spawning_biomass","all",507966.576149858,"t","Abundance weighted by the model reproductive coefficient and weight at age, on the MFCL biomass scale in the dynamic no-fishing counterfactual",FALSE,"Unfished spawning potential",1,"formats","Illustrative ALB outputs"
2000,"dynamic_unfished_spawning_biomass","all",489029.226163994,"t","Abundance weighted by the model reproductive coefficient and weight at age, on the MFCL biomass scale in the dynamic no-fishing counterfactual",FALSE,"Unfished spawning potential",1,"formats","Illustrative ALB outputs"
2001,"dynamic_unfished_spawning_biomass","all",470870.711884676,"t","Abundance weighted by the model reproductive coefficient and weight at age, on the MFCL biomass scale in the dynamic no-fishing counterfactual",FALSE,"Unfished spawning potential",1,"formats","Illustrative ALB outputs"
2002,"dynamic_unfished_spawning_biomass","all",472730.025463225,"t","Abundance weighted by the model reproductive coefficient and weight at age, on the MFCL biomass scale in the dynamic no-fishing counterfactual",FALSE,"Unfished spawning potential",1,"formats","Illustrative ALB outputs"
2003,"dynamic_unfished_spawning_biomass","all",489906.052673751,"t","Abundance weighted by the model reproductive coefficient and weight at age, on the MFCL biomass scale in the dynamic no-fishing counterfactual",FALSE,"Unfished spawning potential",1,"formats","Illustrative ALB outputs"
2004,"dynamic_unfished_spawning_biomass","all",492058.084296972,"t","Abundance weighted by the model reproductive coefficient and weight at age, on the MFCL biomass scale in the dynamic no-fishing counterfactual",FALSE,"Unfished spawning potential",1,"formats","Illustrative ALB outputs"
2005,"dynamic_unfished_spawning_biomass","all",542624.345475253,"t","Abundance weighted by the model reproductive coefficient and weight at age, on the MFCL biomass scale in the dynamic no-fishing counterfactual",FALSE,"Unfished spawning potential",1,"formats","Illustrative ALB outputs"
2006,"dynamic_unfished_spawning_biomass","all",585059.613358426,"t","Abundance weighted by the model reproductive coefficient and weight at age, on the MFCL biomass scale in the dynamic no-fishing counterfactual",FALSE,"Unfished spawning potential",1,"formats","Illustrative ALB outputs"
2007,"dynamic_unfished_spawning_biomass","all",589244.150921207,"t","Abundance weighted by the model reproductive coefficient and weight at age, on the MFCL biomass scale in the dynamic no-fishing counterfactual",FALSE,"Unfished spawning potential",1,"formats","Illustrative ALB outputs"
2008,"dynamic_unfished_spawning_biomass","all",565487.851567548,"t","Abundance weighted by the model reproductive coefficient and weight at age, on the MFCL biomass scale in the dynamic no-fishing counterfactual",FALSE,"Unfished spawning potential",1,"formats","Illustrative ALB outputs"
2009,"dynamic_unfished_spawning_biomass","all",561563.644560755,"t","Abundance weighted by the model reproductive coefficient and weight at age, on the MFCL biomass scale in the dynamic no-fishing counterfactual",FALSE,"Unfished spawning potential",1,"formats","Illustrative ALB outputs"
2010,"dynamic_unfished_spawning_biomass","all",592674.615644757,"t","Abundance weighted by the model reproductive coefficient and weight at age, on the MFCL biomass scale in the dynamic no-fishing counterfactual",FALSE,"Unfished spawning potential",1,"formats","Illustrative ALB outputs"
2011,"dynamic_unfished_spawning_biomass","all",617520.216125032,"t","Abundance weighted by the model reproductive coefficient and weight at age, on the MFCL biomass scale in the dynamic no-fishing counterfactual",FALSE,"Unfished spawning potential",1,"formats","Illustrative ALB outputs"
2012,"dynamic_unfished_spawning_biomass","all",626239.791820601,"t","Abundance weighted by the model reproductive coefficient and weight at age, on the MFCL biomass scale in the dynamic no-fishing counterfactual",FALSE,"Unfished spawning potential",1,"formats","Illustrative ALB outputs"
2013,"dynamic_unfished_spawning_biomass","all",654144.190627596,"t","Abundance weighted by the model reproductive coefficient and weight at age, on the MFCL biomass scale in the dynamic no-fishing counterfactual",FALSE,"Unfished spawning potential",1,"formats","Illustrative ALB outputs"
2014,"dynamic_unfished_spawning_biomass","all",678568.293771356,"t","Abundance weighted by the model reproductive coefficient and weight at age, on the MFCL biomass scale in the dynamic no-fishing counterfactual",FALSE,"Unfished spawning potential",1,"formats","Illustrative ALB outputs"
2015,"dynamic_unfished_spawning_biomass","all",680977.658144465,"t","Abundance weighted by the model reproductive coefficient and weight at age, on the MFCL biomass scale in the dynamic no-fishing counterfactual",FALSE,"Unfished spawning potential",1,"formats","Illustrative ALB outputs"
2016,"dynamic_unfished_spawning_biomass","all",665520.93996986,"t","Abundance weighted by the model reproductive coefficient and weight at age, on the MFCL biomass scale in the dynamic no-fishing counterfactual",FALSE,"Unfished spawning potential",1,"formats","Illustrative ALB outputs"
2017,"dynamic_unfished_spawning_biomass","all",644996.774484961,"t","Abundance weighted by the model reproductive coefficient and weight at age, on the MFCL biomass scale in the dynamic no-fishing counterfactual",FALSE,"Unfished spawning potential",1,"formats","Illustrative ALB outputs"
2018,"dynamic_unfished_spawning_biomass","all",637944.392868395,"t","Abundance weighted by the model reproductive coefficient and weight at age, on the MFCL biomass scale in the dynamic no-fishing counterfactual",FALSE,"Unfished spawning potential",1,"formats","Illustrative ALB outputs"
2019,"dynamic_unfished_spawning_biomass","all",613365.698084706,"t","Abundance weighted by the model reproductive coefficient and weight at age, on the MFCL biomass scale in the dynamic no-fishing counterfactual",FALSE,"Unfished spawning potential",1,"formats","Illustrative ALB outputs"
2020,"dynamic_unfished_spawning_biomass","all",576892.086203373,"t","Abundance weighted by the model reproductive coefficient and weight at age, on the MFCL biomass scale in the dynamic no-fishing counterfactual",FALSE,"Unfished spawning potential",1,"formats","Illustrative ALB outputs"
2021,"dynamic_unfished_spawning_biomass","all",575188.000425231,"t","Abundance weighted by the model reproductive coefficient and weight at age, on the MFCL biomass scale in the dynamic no-fishing counterfactual",FALSE,"Unfished spawning potential",1,"formats","Illustrative ALB outputs"
2022,"dynamic_unfished_spawning_biomass","all",578660.507576753,"t","Abundance weighted by the model reproductive coefficient and weight at age, on the MFCL biomass scale in the dynamic no-fishing counterfactual",FALSE,"Unfished spawning potential",0.583333333333258,"formats","Illustrative ALB outputs"
1954,"dynamic_spawning_depletion","Region 1",0.996087529585096,"ratio","Spawning potential relative to its dynamic no-fishing counterfactual (SB/SB_F0)",FALSE,,0.916666666666742,"formats","Illustrative ALB outputs"
1955,"dynamic_spawning_depletion","Region 1",0.988214055376726,"ratio","Spawning potential relative to its dynamic no-fishing counterfactual (SB/SB_F0)",FALSE,,1,"formats","Illustrative ALB outputs"
1956,"dynamic_spawning_depletion","Region 1",0.98356298508142,"ratio","Spawning potential relative to its dynamic no-fishing counterfactual (SB/SB_F0)",FALSE,,1,"formats","Illustrative ALB outputs"
1957,"dynamic_spawning_depletion","Region 1",0.978953429703902,"ratio","Spawning potential relative to its dynamic no-fishing counterfactual (SB/SB_F0)",FALSE,,1,"formats","Illustrative ALB outputs"
1958,"dynamic_spawning_depletion","Region 1",0.973191445804753,"ratio","Spawning potential relative to its dynamic no-fishing counterfactual (SB/SB_F0)",FALSE,,1,"formats","Illustrative ALB outputs"
1959,"dynamic_spawning_depletion","Region 1",0.959371036163835,"ratio","Spawning potential relative to its dynamic no-fishing counterfactual (SB/SB_F0)",FALSE,,1,"formats","Illustrative ALB outputs"
1960,"dynamic_spawning_depletion","Region 1",0.94748609084292,"ratio","Spawning potential relative to its dynamic no-fishing counterfactual (SB/SB_F0)",FALSE,,1,"formats","Illustrative ALB outputs"
1961,"dynamic_spawning_depletion","Region 1",0.931772750089493,"ratio","Spawning potential relative to its dynamic no-fishing counterfactual (SB/SB_F0)",FALSE,,1,"formats","Illustrative ALB outputs"
1962,"dynamic_spawning_depletion","Region 1",0.910353708243575,"ratio","Spawning potential relative to its dynamic no-fishing counterfactual (SB/SB_F0)",FALSE,,1,"formats","Illustrative ALB outputs"
1963,"dynamic_spawning_depletion","Region 1",0.884381714208545,"ratio","Spawning potential relative to its dynamic no-fishing counterfactual (SB/SB_F0)",FALSE,,1,"formats","Illustrative ALB outputs"
1964,"dynamic_spawning_depletion","Region 1",0.868450333354316,"ratio","Spawning potential relative to its dynamic no-fishing counterfactual (SB/SB_F0)",FALSE,,1,"formats","Illustrative ALB outputs"
1965,"dynamic_spawning_depletion","Region 1",0.866455883902823,"ratio","Spawning potential relative to its dynamic no-fishing counterfactual (SB/SB_F0)",FALSE,,1,"formats","Illustrative ALB outputs"
1966,"dynamic_spawning_depletion","Region 1",0.851363238833568,"ratio","Spawning potential relative to its dynamic no-fishing counterfactual (SB/SB_F0)",FALSE,,1,"formats","Illustrative ALB outputs"
1967,"dynamic_spawning_depletion","Region 1",0.820727761776113,"ratio","Spawning potential relative to its dynamic no-fishing counterfactual (SB/SB_F0)",FALSE,,1,"formats","Illustrative ALB outputs"
1968,"dynamic_spawning_depletion","Region 1",0.778950538164754,"ratio","Spawning potential relative to its dynamic no-fishing counterfactual (SB/SB_F0)",FALSE,,1,"formats","Illustrative ALB outputs"
1969,"dynamic_spawning_depletion","Region 1",0.753341351370544,"ratio","Spawning potential relative to its dynamic no-fishing counterfactual (SB/SB_F0)",FALSE,,1,"formats","Illustrative ALB outputs"
1970,"dynamic_spawning_depletion","Region 1",0.737735041690074,"ratio","Spawning potential relative to its dynamic no-fishing counterfactual (SB/SB_F0)",FALSE,,1,"formats","Illustrative ALB outputs"
1971,"dynamic_spawning_depletion","Region 1",0.709039438836365,"ratio","Spawning potential relative to its dynamic no-fishing counterfactual (SB/SB_F0)",FALSE,,1,"formats","Illustrative ALB outputs"
1972,"dynamic_spawning_depletion","Region 1",0.683423041184514,"ratio","Spawning potential relative to its dynamic no-fishing counterfactual (SB/SB_F0)",FALSE,,1,"formats","Illustrative ALB outputs"
1973,"dynamic_spawning_depletion","Region 1",0.639229101246039,"ratio","Spawning potential relative to its dynamic no-fishing counterfactual (SB/SB_F0)",FALSE,,1,"formats","Illustrative ALB outputs"
1974,"dynamic_spawning_depletion","Region 1",0.598313670392229,"ratio","Spawning potential relative to its dynamic no-fishing counterfactual (SB/SB_F0)",FALSE,,1,"formats","Illustrative ALB outputs"
1975,"dynamic_spawning_depletion","Region 1",0.611890313976859,"ratio","Spawning potential relative to its dynamic no-fishing counterfactual (SB/SB_F0)",FALSE,,1,"formats","Illustrative ALB outputs"
1976,"dynamic_spawning_depletion","Region 1",0.674667390473358,"ratio","Spawning potential relative to its dynamic no-fishing counterfactual (SB/SB_F0)",FALSE,,1,"formats","Illustrative ALB outputs"
1977,"dynamic_spawning_depletion","Region 1",0.713906906717452,"ratio","Spawning potential relative to its dynamic no-fishing counterfactual (SB/SB_F0)",FALSE,,1,"formats","Illustrative ALB outputs"
1978,"dynamic_spawning_depletion","Region 1",0.717912812736168,"ratio","Spawning potential relative to its dynamic no-fishing counterfactual (SB/SB_F0)",FALSE,,1,"formats","Illustrative ALB outputs"
1979,"dynamic_spawning_depletion","Region 1",0.698425171685284,"ratio","Spawning potential relative to its dynamic no-fishing counterfactual (SB/SB_F0)",FALSE,,1,"formats","Illustrative ALB outputs"
1980,"dynamic_spawning_depletion","Region 1",0.670834130143836,"ratio","Spawning potential relative to its dynamic no-fishing counterfactual (SB/SB_F0)",FALSE,,1,"formats","Illustrative ALB outputs"
1981,"dynamic_spawning_depletion","Region 1",0.630991250969928,"ratio","Spawning potential relative to its dynamic no-fishing counterfactual (SB/SB_F0)",FALSE,,1,"formats","Illustrative ALB outputs"
1982,"dynamic_spawning_depletion","Region 1",0.621842235437734,"ratio","Spawning potential relative to its dynamic no-fishing counterfactual (SB/SB_F0)",FALSE,,1,"formats","Illustrative ALB outputs"
1983,"dynamic_spawning_depletion","Region 1",0.650313549611447,"ratio","Spawning potential relative to its dynamic no-fishing counterfactual (SB/SB_F0)",FALSE,,1,"formats","Illustrative ALB outputs"
1984,"dynamic_spawning_depletion","Region 1",0.679294088023086,"ratio","Spawning potential relative to its dynamic no-fishing counterfactual (SB/SB_F0)",FALSE,,1,"formats","Illustrative ALB outputs"
1985,"dynamic_spawning_depletion","Region 1",0.694449337658897,"ratio","Spawning potential relative to its dynamic no-fishing counterfactual (SB/SB_F0)",FALSE,,1,"formats","Illustrative ALB outputs"
1986,"dynamic_spawning_depletion","Region 1",0.687639508678425,"ratio","Spawning potential relative to its dynamic no-fishing counterfactual (SB/SB_F0)",FALSE,,1,"formats","Illustrative ALB outputs"
1987,"dynamic_spawning_depletion","Region 1",0.679185523855767,"ratio","Spawning potential relative to its dynamic no-fishing counterfactual (SB/SB_F0)",FALSE,,1,"formats","Illustrative ALB outputs"
1988,"dynamic_spawning_depletion","Region 1",0.660020590886895,"ratio","Spawning potential relative to its dynamic no-fishing counterfactual (SB/SB_F0)",FALSE,,1,"formats","Illustrative ALB outputs"
1989,"dynamic_spawning_depletion","Region 1",0.630967782208677,"ratio","Spawning potential relative to its dynamic no-fishing counterfactual (SB/SB_F0)",FALSE,,1,"formats","Illustrative ALB outputs"
1990,"dynamic_spawning_depletion","Region 1",0.630139709642378,"ratio","Spawning potential relative to its dynamic no-fishing counterfactual (SB/SB_F0)",FALSE,,1,"formats","Illustrative ALB outputs"
1991,"dynamic_spawning_depletion","Region 1",0.62954270665317,"ratio","Spawning potential relative to its dynamic no-fishing counterfactual (SB/SB_F0)",FALSE,,1,"formats","Illustrative ALB outputs"
1992,"dynamic_spawning_depletion","Region 1",0.630600918592272,"ratio","Spawning potential relative to its dynamic no-fishing counterfactual (SB/SB_F0)",FALSE,,1,"formats","Illustrative ALB outputs"
1993,"dynamic_spawning_depletion","Region 1",0.634076731373693,"ratio","Spawning potential relative to its dynamic no-fishing counterfactual (SB/SB_F0)",FALSE,,1,"formats","Illustrative ALB outputs"
1994,"dynamic_spawning_depletion","Region 1",0.632725332317936,"ratio","Spawning potential relative to its dynamic no-fishing counterfactual (SB/SB_F0)",FALSE,,1,"formats","Illustrative ALB outputs"
1995,"dynamic_spawning_depletion","Region 1",0.640960503296012,"ratio","Spawning potential relative to its dynamic no-fishing counterfactual (SB/SB_F0)",FALSE,,1,"formats","Illustrative ALB outputs"
1996,"dynamic_spawning_depletion","Region 1",0.646154351521977,"ratio","Spawning potential relative to its dynamic no-fishing counterfactual (SB/SB_F0)",FALSE,,1,"formats","Illustrative ALB outputs"
1997,"dynamic_spawning_depletion","Region 1",0.658853953185726,"ratio","Spawning potential relative to its dynamic no-fishing counterfactual (SB/SB_F0)",FALSE,,1,"formats","Illustrative ALB outputs"
1998,"dynamic_spawning_depletion","Region 1",0.648616371448761,"ratio","Spawning potential relative to its dynamic no-fishing counterfactual (SB/SB_F0)",FALSE,,1,"formats","Illustrative ALB outputs"
1999,"dynamic_spawning_depletion","Region 1",0.641672435142208,"ratio","Spawning potential relative to its dynamic no-fishing counterfactual (SB/SB_F0)",FALSE,,1,"formats","Illustrative ALB outputs"
2000,"dynamic_spawning_depletion","Region 1",0.627800561080017,"ratio","Spawning potential relative to its dynamic no-fishing counterfactual (SB/SB_F0)",FALSE,,1,"formats","Illustrative ALB outputs"
2001,"dynamic_spawning_depletion","Region 1",0.589827266531513,"ratio","Spawning potential relative to its dynamic no-fishing counterfactual (SB/SB_F0)",FALSE,,1,"formats","Illustrative ALB outputs"
2002,"dynamic_spawning_depletion","Region 1",0.553419910593773,"ratio","Spawning potential relative to its dynamic no-fishing counterfactual (SB/SB_F0)",FALSE,,1,"formats","Illustrative ALB outputs"
2003,"dynamic_spawning_depletion","Region 1",0.526025693366116,"ratio","Spawning potential relative to its dynamic no-fishing counterfactual (SB/SB_F0)",FALSE,,1,"formats","Illustrative ALB outputs"
2004,"dynamic_spawning_depletion","Region 1",0.517371693116011,"ratio","Spawning potential relative to its dynamic no-fishing counterfactual (SB/SB_F0)",FALSE,,1,"formats","Illustrative ALB outputs"
2005,"dynamic_spawning_depletion","Region 1",0.537532367572756,"ratio","Spawning potential relative to its dynamic no-fishing counterfactual (SB/SB_F0)",FALSE,,1,"formats","Illustrative ALB outputs"
2006,"dynamic_spawning_depletion","Region 1",0.540545968432001,"ratio","Spawning potential relative to its dynamic no-fishing counterfactual (SB/SB_F0)",FALSE,,1,"formats","Illustrative ALB outputs"
2007,"dynamic_spawning_depletion","Region 1",0.525634611434787,"ratio","Spawning potential relative to its dynamic no-fishing counterfactual (SB/SB_F0)",FALSE,,1,"formats","Illustrative ALB outputs"
2008,"dynamic_spawning_depletion","Region 1",0.512687022041939,"ratio","Spawning potential relative to its dynamic no-fishing counterfactual (SB/SB_F0)",FALSE,,1,"formats","Illustrative ALB outputs"
2009,"dynamic_spawning_depletion","Region 1",0.496598610140977,"ratio","Spawning potential relative to its dynamic no-fishing counterfactual (SB/SB_F0)",FALSE,,1,"formats","Illustrative ALB outputs"
2010,"dynamic_spawning_depletion","Region 1",0.485457525364024,"ratio","Spawning potential relative to its dynamic no-fishing counterfactual (SB/SB_F0)",FALSE,,1,"formats","Illustrative ALB outputs"
2011,"dynamic_spawning_depletion","Region 1",0.496507915786303,"ratio","Spawning potential relative to its dynamic no-fishing counterfactual (SB/SB_F0)",FALSE,,1,"formats","Illustrative ALB outputs"
2012,"dynamic_spawning_depletion","Region 1",0.505084491617588,"ratio","Spawning potential relative to its dynamic no-fishing counterfactual (SB/SB_F0)",FALSE,,1,"formats","Illustrative ALB outputs"
2013,"dynamic_spawning_depletion","Region 1",0.499727923120435,"ratio","Spawning potential relative to its dynamic no-fishing counterfactual (SB/SB_F0)",FALSE,,1,"formats","Illustrative ALB outputs"
2014,"dynamic_spawning_depletion","Region 1",0.512147540953619,"ratio","Spawning potential relative to its dynamic no-fishing counterfactual (SB/SB_F0)",FALSE,,1,"formats","Illustrative ALB outputs"
2015,"dynamic_spawning_depletion","Region 1",0.507564123498884,"ratio","Spawning potential relative to its dynamic no-fishing counterfactual (SB/SB_F0)",FALSE,,1,"formats","Illustrative ALB outputs"
2016,"dynamic_spawning_depletion","Region 1",0.48505246908009,"ratio","Spawning potential relative to its dynamic no-fishing counterfactual (SB/SB_F0)",FALSE,,1,"formats","Illustrative ALB outputs"
2017,"dynamic_spawning_depletion","Region 1",0.463123255494261,"ratio","Spawning potential relative to its dynamic no-fishing counterfactual (SB/SB_F0)",FALSE,,1,"formats","Illustrative ALB outputs"
2018,"dynamic_spawning_depletion","Region 1",0.461567886746268,"ratio","Spawning potential relative to its dynamic no-fishing counterfactual (SB/SB_F0)",FALSE,,1,"formats","Illustrative ALB outputs"
2019,"dynamic_spawning_depletion","Region 1",0.437610975931822,"ratio","Spawning potential relative to its dynamic no-fishing counterfactual (SB/SB_F0)",FALSE,,1,"formats","Illustrative ALB outputs"
2020,"dynamic_spawning_depletion","Region 1",0.415292086094224,"ratio","Spawning potential relative to its dynamic no-fishing counterfactual (SB/SB_F0)",FALSE,,1,"formats","Illustrative ALB outputs"
2021,"dynamic_spawning_depletion","Region 1",0.440507273475736,"ratio","Spawning potential relative to its dynamic no-fishing counterfactual (SB/SB_F0)",FALSE,,1,"formats","Illustrative ALB outputs"
2022,"dynamic_spawning_depletion","Region 1",0.483263923709285,"ratio","Spawning potential relative to its dynamic no-fishing counterfactual (SB/SB_F0)",FALSE,,0.583333333333258,"formats","Illustrative ALB outputs"
1954,"dynamic_spawning_depletion","Region 2",0.999167804724099,"ratio","Spawning potential relative to its dynamic no-fishing counterfactual (SB/SB_F0)",FALSE,,0.916666666666742,"formats","Illustrative ALB outputs"
1955,"dynamic_spawning_depletion","Region 2",0.995708002125811,"ratio","Spawning potential relative to its dynamic no-fishing counterfactual (SB/SB_F0)",FALSE,,1,"formats","Illustrative ALB outputs"
1956,"dynamic_spawning_depletion","Region 2",0.991464147810211,"ratio","Spawning potential relative to its dynamic no-fishing counterfactual (SB/SB_F0)",FALSE,,1,"formats","Illustrative ALB outputs"
1957,"dynamic_spawning_depletion","Region 2",0.987485764044458,"ratio","Spawning potential relative to its dynamic no-fishing counterfactual (SB/SB_F0)",FALSE,,1,"formats","Illustrative ALB outputs"
1958,"dynamic_spawning_depletion","Region 2",0.98314376655647,"ratio","Spawning potential relative to its dynamic no-fishing counterfactual (SB/SB_F0)",FALSE,,1,"formats","Illustrative ALB outputs"
1959,"dynamic_spawning_depletion","Region 2",0.975186860447892,"ratio","Spawning potential relative to its dynamic no-fishing counterfactual (SB/SB_F0)",FALSE,,1,"formats","Illustrative ALB outputs"
1960,"dynamic_spawning_depletion","Region 2",0.965440864902471,"ratio","Spawning potential relative to its dynamic no-fishing counterfactual (SB/SB_F0)",FALSE,,1,"formats","Illustrative ALB outputs"
1961,"dynamic_spawning_depletion","Region 2",0.953629433967461,"ratio","Spawning potential relative to its dynamic no-fishing counterfactual (SB/SB_F0)",FALSE,,1,"formats","Illustrative ALB outputs"
1962,"dynamic_spawning_depletion","Region 2",0.936735533566993,"ratio","Spawning potential relative to its dynamic no-fishing counterfactual (SB/SB_F0)",FALSE,,1,"formats","Illustrative ALB outputs"
1963,"dynamic_spawning_depletion","Region 2",0.905577158851678,"ratio","Spawning potential relative to its dynamic no-fishing counterfactual (SB/SB_F0)",FALSE,,1,"formats","Illustrative ALB outputs"
1964,"dynamic_spawning_depletion","Region 2",0.871232875197659,"ratio","Spawning potential relative to its dynamic no-fishing counterfactual (SB/SB_F0)",FALSE,,1,"formats","Illustrative ALB outputs"
1965,"dynamic_spawning_depletion","Region 2",0.867987759146667,"ratio","Spawning potential relative to its dynamic no-fishing counterfactual (SB/SB_F0)",FALSE,,1,"formats","Illustrative ALB outputs"
1966,"dynamic_spawning_depletion","Region 2",0.865629415520371,"ratio","Spawning potential relative to its dynamic no-fishing counterfactual (SB/SB_F0)",FALSE,,1,"formats","Illustrative ALB outputs"
1967,"dynamic_spawning_depletion","Region 2",0.836771273885515,"ratio","Spawning potential relative to its dynamic no-fishing counterfactual (SB/SB_F0)",FALSE,,1,"formats","Illustrative ALB outputs"
1968,"dynamic_spawning_depletion","Region 2",0.798787848914103,"ratio","Spawning potential relative to its dynamic no-fishing counterfactual (SB/SB_F0)",FALSE,,1,"formats","Illustrative ALB outputs"
1969,"dynamic_spawning_depletion","Region 2",0.774001347109775,"ratio","Spawning potential relative to its dynamic no-fishing counterfactual (SB/SB_F0)",FALSE,,1,"formats","Illustrative ALB outputs"
1970,"dynamic_spawning_depletion","Region 2",0.757600436388876,"ratio","Spawning potential relative to its dynamic no-fishing counterfactual (SB/SB_F0)",FALSE,,1,"formats","Illustrative ALB outputs"
1971,"dynamic_spawning_depletion","Region 2",0.724815084233038,"ratio","Spawning potential relative to its dynamic no-fishing counterfactual (SB/SB_F0)",FALSE,,1,"formats","Illustrative ALB outputs"
1972,"dynamic_spawning_depletion","Region 2",0.676436941933188,"ratio","Spawning potential relative to its dynamic no-fishing counterfactual (SB/SB_F0)",FALSE,,1,"formats","Illustrative ALB outputs"
1973,"dynamic_spawning_depletion","Region 2",0.650150396821566,"ratio","Spawning potential relative to its dynamic no-fishing counterfactual (SB/SB_F0)",FALSE,,1,"formats","Illustrative ALB outputs"
1974,"dynamic_spawning_depletion","Region 2",0.629781842126174,"ratio","Spawning potential relative to its dynamic no-fishing counterfactual (SB/SB_F0)",FALSE,,1,"formats","Illustrative ALB outputs"
1975,"dynamic_spawning_depletion","Region 2",0.622056171631623,"ratio","Spawning potential relative to its dynamic no-fishing counterfactual (SB/SB_F0)",FALSE,,1,"formats","Illustrative ALB outputs"
1976,"dynamic_spawning_depletion","Region 2",0.655997206827158,"ratio","Spawning potential relative to its dynamic no-fishing counterfactual (SB/SB_F0)",FALSE,,1,"formats","Illustrative ALB outputs"
1977,"dynamic_spawning_depletion","Region 2",0.704227244612335,"ratio","Spawning potential relative to its dynamic no-fishing counterfactual (SB/SB_F0)",FALSE,,1,"formats","Illustrative ALB outputs"
1978,"dynamic_spawning_depletion","Region 2",0.709451570336401,"ratio","Spawning potential relative to its dynamic no-fishing counterfactual (SB/SB_F0)",FALSE,,1,"formats","Illustrative ALB outputs"
1979,"dynamic_spawning_depletion","Region 2",0.706872784489924,"ratio","Spawning potential relative to its dynamic no-fishing counterfactual (SB/SB_F0)",FALSE,,1,"formats","Illustrative ALB outputs"
1980,"dynamic_spawning_depletion","Region 2",0.690028831553663,"ratio","Spawning potential relative to its dynamic no-fishing counterfactual (SB/SB_F0)",FALSE,,1,"formats","Illustrative ALB outputs"
1981,"dynamic_spawning_depletion","Region 2",0.663516617031125,"ratio","Spawning potential relative to its dynamic no-fishing counterfactual (SB/SB_F0)",FALSE,,1,"formats","Illustrative ALB outputs"
1982,"dynamic_spawning_depletion","Region 2",0.64268992096909,"ratio","Spawning potential relative to its dynamic no-fishing counterfactual (SB/SB_F0)",FALSE,,1,"formats","Illustrative ALB outputs"
1983,"dynamic_spawning_depletion","Region 2",0.658384561242028,"ratio","Spawning potential relative to its dynamic no-fishing counterfactual (SB/SB_F0)",FALSE,,1,"formats","Illustrative ALB outputs"
1984,"dynamic_spawning_depletion","Region 2",0.684797735751144,"ratio","Spawning potential relative to its dynamic no-fishing counterfactual (SB/SB_F0)",FALSE,,1,"formats","Illustrative ALB outputs"
1985,"dynamic_spawning_depletion","Region 2",0.698976471567108,"ratio","Spawning potential relative to its dynamic no-fishing counterfactual (SB/SB_F0)",FALSE,,1,"formats","Illustrative ALB outputs"
1986,"dynamic_spawning_depletion","Region 2",0.696003125984201,"ratio","Spawning potential relative to its dynamic no-fishing counterfactual (SB/SB_F0)",FALSE,,1,"formats","Illustrative ALB outputs"
1987,"dynamic_spawning_depletion","Region 2",0.679743348932977,"ratio","Spawning potential relative to its dynamic no-fishing counterfactual (SB/SB_F0)",FALSE,,1,"formats","Illustrative ALB outputs"
1988,"dynamic_spawning_depletion","Region 2",0.667017554271104,"ratio","Spawning potential relative to its dynamic no-fishing counterfactual (SB/SB_F0)",FALSE,,1,"formats","Illustrative ALB outputs"
1989,"dynamic_spawning_depletion","Region 2",0.64739731064982,"ratio","Spawning potential relative to its dynamic no-fishing counterfactual (SB/SB_F0)",FALSE,,1,"formats","Illustrative ALB outputs"
1990,"dynamic_spawning_depletion","Region 2",0.654211444492275,"ratio","Spawning potential relative to its dynamic no-fishing counterfactual (SB/SB_F0)",FALSE,,1,"formats","Illustrative ALB outputs"
1991,"dynamic_spawning_depletion","Region 2",0.650543594095522,"ratio","Spawning potential relative to its dynamic no-fishing counterfactual (SB/SB_F0)",FALSE,,1,"formats","Illustrative ALB outputs"
1992,"dynamic_spawning_depletion","Region 2",0.644964222825662,"ratio","Spawning potential relative to its dynamic no-fishing counterfactual (SB/SB_F0)",FALSE,,1,"formats","Illustrative ALB outputs"
1993,"dynamic_spawning_depletion","Region 2",0.651929981444952,"ratio","Spawning potential relative to its dynamic no-fishing counterfactual (SB/SB_F0)",FALSE,,1,"formats","Illustrative ALB outputs"
1994,"dynamic_spawning_depletion","Region 2",0.651484227935842,"ratio","Spawning potential relative to its dynamic no-fishing counterfactual (SB/SB_F0)",FALSE,,1,"formats","Illustrative ALB outputs"
1995,"dynamic_spawning_depletion","Region 2",0.660878423026623,"ratio","Spawning potential relative to its dynamic no-fishing counterfactual (SB/SB_F0)",FALSE,,1,"formats","Illustrative ALB outputs"
1996,"dynamic_spawning_depletion","Region 2",0.66823562360609,"ratio","Spawning potential relative to its dynamic no-fishing counterfactual (SB/SB_F0)",FALSE,,1,"formats","Illustrative ALB outputs"
1997,"dynamic_spawning_depletion","Region 2",0.675370073738031,"ratio","Spawning potential relative to its dynamic no-fishing counterfactual (SB/SB_F0)",FALSE,,1,"formats","Illustrative ALB outputs"
1998,"dynamic_spawning_depletion","Region 2",0.667837669793655,"ratio","Spawning potential relative to its dynamic no-fishing counterfactual (SB/SB_F0)",FALSE,,1,"formats","Illustrative ALB outputs"
1999,"dynamic_spawning_depletion","Region 2",0.665787668004554,"ratio","Spawning potential relative to its dynamic no-fishing counterfactual (SB/SB_F0)",FALSE,,1,"formats","Illustrative ALB outputs"
2000,"dynamic_spawning_depletion","Region 2",0.644406946512601,"ratio","Spawning potential relative to its dynamic no-fishing counterfactual (SB/SB_F0)",FALSE,,1,"formats","Illustrative ALB outputs"
2001,"dynamic_spawning_depletion","Region 2",0.628005475781457,"ratio","Spawning potential relative to its dynamic no-fishing counterfactual (SB/SB_F0)",FALSE,,1,"formats","Illustrative ALB outputs"
2002,"dynamic_spawning_depletion","Region 2",0.595921082258737,"ratio","Spawning potential relative to its dynamic no-fishing counterfactual (SB/SB_F0)",FALSE,,1,"formats","Illustrative ALB outputs"
2003,"dynamic_spawning_depletion","Region 2",0.559708548159207,"ratio","Spawning potential relative to its dynamic no-fishing counterfactual (SB/SB_F0)",FALSE,,1,"formats","Illustrative ALB outputs"
2004,"dynamic_spawning_depletion","Region 2",0.547279057495069,"ratio","Spawning potential relative to its dynamic no-fishing counterfactual (SB/SB_F0)",FALSE,,1,"formats","Illustrative ALB outputs"
2005,"dynamic_spawning_depletion","Region 2",0.554070044652055,"ratio","Spawning potential relative to its dynamic no-fishing counterfactual (SB/SB_F0)",FALSE,,1,"formats","Illustrative ALB outputs"
2006,"dynamic_spawning_depletion","Region 2",0.565180451108855,"ratio","Spawning potential relative to its dynamic no-fishing counterfactual (SB/SB_F0)",FALSE,,1,"formats","Illustrative ALB outputs"
2007,"dynamic_spawning_depletion","Region 2",0.566825686719114,"ratio","Spawning potential relative to its dynamic no-fishing counterfactual (SB/SB_F0)",FALSE,,1,"formats","Illustrative ALB outputs"
2008,"dynamic_spawning_depletion","Region 2",0.554698848927671,"ratio","Spawning potential relative to its dynamic no-fishing counterfactual (SB/SB_F0)",FALSE,,1,"formats","Illustrative ALB outputs"
2009,"dynamic_spawning_depletion","Region 2",0.549759681417271,"ratio","Spawning potential relative to its dynamic no-fishing counterfactual (SB/SB_F0)",FALSE,,1,"formats","Illustrative ALB outputs"
2010,"dynamic_spawning_depletion","Region 2",0.545627184321123,"ratio","Spawning potential relative to its dynamic no-fishing counterfactual (SB/SB_F0)",FALSE,,1,"formats","Illustrative ALB outputs"
2011,"dynamic_spawning_depletion","Region 2",0.532878098838654,"ratio","Spawning potential relative to its dynamic no-fishing counterfactual (SB/SB_F0)",FALSE,,1,"formats","Illustrative ALB outputs"
2012,"dynamic_spawning_depletion","Region 2",0.520101343289001,"ratio","Spawning potential relative to its dynamic no-fishing counterfactual (SB/SB_F0)",FALSE,,1,"formats","Illustrative ALB outputs"
2013,"dynamic_spawning_depletion","Region 2",0.507082968247677,"ratio","Spawning potential relative to its dynamic no-fishing counterfactual (SB/SB_F0)",FALSE,,1,"formats","Illustrative ALB outputs"
2014,"dynamic_spawning_depletion","Region 2",0.498435248992783,"ratio","Spawning potential relative to its dynamic no-fishing counterfactual (SB/SB_F0)",FALSE,,1,"formats","Illustrative ALB outputs"
2015,"dynamic_spawning_depletion","Region 2",0.467212537270762,"ratio","Spawning potential relative to its dynamic no-fishing counterfactual (SB/SB_F0)",FALSE,,1,"formats","Illustrative ALB outputs"
2016,"dynamic_spawning_depletion","Region 2",0.45541952518746,"ratio","Spawning potential relative to its dynamic no-fishing counterfactual (SB/SB_F0)",FALSE,,1,"formats","Illustrative ALB outputs"
2017,"dynamic_spawning_depletion","Region 2",0.441032472881161,"ratio","Spawning potential relative to its dynamic no-fishing counterfactual (SB/SB_F0)",FALSE,,1,"formats","Illustrative ALB outputs"
2018,"dynamic_spawning_depletion","Region 2",0.425266879752226,"ratio","Spawning potential relative to its dynamic no-fishing counterfactual (SB/SB_F0)",FALSE,,1,"formats","Illustrative ALB outputs"
2019,"dynamic_spawning_depletion","Region 2",0.427345448692293,"ratio","Spawning potential relative to its dynamic no-fishing counterfactual (SB/SB_F0)",FALSE,,1,"formats","Illustrative ALB outputs"
2020,"dynamic_spawning_depletion","Region 2",0.418119860853029,"ratio","Spawning potential relative to its dynamic no-fishing counterfactual (SB/SB_F0)",FALSE,,1,"formats","Illustrative ALB outputs"
2021,"dynamic_spawning_depletion","Region 2",0.385885527748178,"ratio","Spawning potential relative to its dynamic no-fishing counterfactual (SB/SB_F0)",FALSE,,1,"formats","Illustrative ALB outputs"
2022,"dynamic_spawning_depletion","Region 2",0.39246528880307,"ratio","Spawning potential relative to its dynamic no-fishing counterfactual (SB/SB_F0)",FALSE,,0.583333333333258,"formats","Illustrative ALB outputs"
1954,"recruitment","Region 1",126999632.271378,"fish","Recruitment entering the first modeled age before movement",FALSE,,,"formats","Illustrative ALB outputs"
1955,"recruitment","Region 1",123550295.561923,"fish","Recruitment entering the first modeled age before movement",FALSE,,,"formats","Illustrative ALB outputs"
1956,"recruitment","Region 1",75935029.8284953,"fish","Recruitment entering the first modeled age before movement",FALSE,,,"formats","Illustrative ALB outputs"
1957,"recruitment","Region 1",95577211.1101076,"fish","Recruitment entering the first modeled age before movement",FALSE,,,"formats","Illustrative ALB outputs"
1958,"recruitment","Region 1",37230989.9480261,"fish","Recruitment entering the first modeled age before movement",FALSE,,,"formats","Illustrative ALB outputs"
1959,"recruitment","Region 1",21303819.3011405,"fish","Recruitment entering the first modeled age before movement",FALSE,,,"formats","Illustrative ALB outputs"
1960,"recruitment","Region 1",61223817.1012383,"fish","Recruitment entering the first modeled age before movement",FALSE,,,"formats","Illustrative ALB outputs"
1961,"recruitment","Region 1",88723290.9983287,"fish","Recruitment entering the first modeled age before movement",FALSE,,,"formats","Illustrative ALB outputs"
1962,"recruitment","Region 1",114464509.93783,"fish","Recruitment entering the first modeled age before movement",FALSE,,,"formats","Illustrative ALB outputs"
1963,"recruitment","Region 1",43603115.4474541,"fish","Recruitment entering the first modeled age before movement",FALSE,,,"formats","Illustrative ALB outputs"
1964,"recruitment","Region 1",12520063.9249845,"fish","Recruitment entering the first modeled age before movement",FALSE,,,"formats","Illustrative ALB outputs"
1965,"recruitment","Region 1",53428081.7166995,"fish","Recruitment entering the first modeled age before movement",FALSE,,,"formats","Illustrative ALB outputs"
1966,"recruitment","Region 1",41378467.6592513,"fish","Recruitment entering the first modeled age before movement",FALSE,,,"formats","Illustrative ALB outputs"
1967,"recruitment","Region 1",45267124.1120888,"fish","Recruitment entering the first modeled age before movement",FALSE,,,"formats","Illustrative ALB outputs"
1968,"recruitment","Region 1",38201647.7531126,"fish","Recruitment entering the first modeled age before movement",FALSE,,,"formats","Illustrative ALB outputs"
1969,"recruitment","Region 1",29972187.5774808,"fish","Recruitment entering the first modeled age before movement",FALSE,,,"formats","Illustrative ALB outputs"
1970,"recruitment","Region 1",31803717.8293463,"fish","Recruitment entering the first modeled age before movement",FALSE,,,"formats","Illustrative ALB outputs"
1971,"recruitment","Region 1",32580993.3642295,"fish","Recruitment entering the first modeled age before movement",FALSE,,,"formats","Illustrative ALB outputs"
1972,"recruitment","Region 1",56880695.4415659,"fish","Recruitment entering the first modeled age before movement",FALSE,,,"formats","Illustrative ALB outputs"
1973,"recruitment","Region 1",93839074.3425338,"fish","Recruitment entering the first modeled age before movement",FALSE,,,"formats","Illustrative ALB outputs"
1974,"recruitment","Region 1",45789249.5325725,"fish","Recruitment entering the first modeled age before movement",FALSE,,,"formats","Illustrative ALB outputs"
1975,"recruitment","Region 1",24742179.4872927,"fish","Recruitment entering the first modeled age before movement",FALSE,,,"formats","Illustrative ALB outputs"
1976,"recruitment","Region 1",24442013.6226257,"fish","Recruitment entering the first modeled age before movement",FALSE,,,"formats","Illustrative ALB outputs"
1977,"recruitment","Region 1",29388646.0890418,"fish","Recruitment entering the first modeled age before movement",FALSE,,,"formats","Illustrative ALB outputs"
1978,"recruitment","Region 1",38966810.8686398,"fish","Recruitment entering the first modeled age before movement",FALSE,,,"formats","Illustrative ALB outputs"
1979,"recruitment","Region 1",55808391.3356652,"fish","Recruitment entering the first modeled age before movement",FALSE,,,"formats","Illustrative ALB outputs"
1980,"recruitment","Region 1",45981843.8694187,"fish","Recruitment entering the first modeled age before movement",FALSE,,,"formats","Illustrative ALB outputs"
1981,"recruitment","Region 1",37562054.3292967,"fish","Recruitment entering the first modeled age before movement",FALSE,,,"formats","Illustrative ALB outputs"
1982,"recruitment","Region 1",41887999.1830734,"fish","Recruitment entering the first modeled age before movement",FALSE,,,"formats","Illustrative ALB outputs"
1983,"recruitment","Region 1",50828592.0225457,"fish","Recruitment entering the first modeled age before movement",FALSE,,,"formats","Illustrative ALB outputs"
1984,"recruitment","Region 1",24720189.5837606,"fish","Recruitment entering the first modeled age before movement",FALSE,,,"formats","Illustrative ALB outputs"
1985,"recruitment","Region 1",41378925.6493871,"fish","Recruitment entering the first modeled age before movement",FALSE,,,"formats","Illustrative ALB outputs"
1986,"recruitment","Region 1",47855338.3852979,"fish","Recruitment entering the first modeled age before movement",FALSE,,,"formats","Illustrative ALB outputs"
1987,"recruitment","Region 1",56696571.2444688,"fish","Recruitment entering the first modeled age before movement",FALSE,,,"formats","Illustrative ALB outputs"
1988,"recruitment","Region 1",65605650.5259296,"fish","Recruitment entering the first modeled age before movement",FALSE,,,"formats","Illustrative ALB outputs"
1989,"recruitment","Region 1",32475962.3467623,"fish","Recruitment entering the first modeled age before movement",FALSE,,,"formats","Illustrative ALB outputs"
1990,"recruitment","Region 1",66725105.1074164,"fish","Recruitment entering the first modeled age before movement",FALSE,,,"formats","Illustrative ALB outputs"
1991,"recruitment","Region 1",47273316.9123963,"fish","Recruitment entering the first modeled age before movement",FALSE,,,"formats","Illustrative ALB outputs"
1992,"recruitment","Region 1",52440811.8509023,"fish","Recruitment entering the first modeled age before movement",FALSE,,,"formats","Illustrative ALB outputs"
1993,"recruitment","Region 1",64982528.6141508,"fish","Recruitment entering the first modeled age before movement",FALSE,,,"formats","Illustrative ALB outputs"
1994,"recruitment","Region 1",73048155.7433273,"fish","Recruitment entering the first modeled age before movement",FALSE,,,"formats","Illustrative ALB outputs"
1995,"recruitment","Region 1",42942895.507784,"fish","Recruitment entering the first modeled age before movement",FALSE,,,"formats","Illustrative ALB outputs"
1996,"recruitment","Region 1",45216276.5993896,"fish","Recruitment entering the first modeled age before movement",FALSE,,,"formats","Illustrative ALB outputs"
1997,"recruitment","Region 1",28540827.9667654,"fish","Recruitment entering the first modeled age before movement",FALSE,,,"formats","Illustrative ALB outputs"
1998,"recruitment","Region 1",96392960.4130772,"fish","Recruitment entering the first modeled age before movement",FALSE,,,"formats","Illustrative ALB outputs"
1999,"recruitment","Region 1",24374381.2116687,"fish","Recruitment entering the first modeled age before movement",FALSE,,,"formats","Illustrative ALB outputs"
2000,"recruitment","Region 1",76916878.2726216,"fish","Recruitment entering the first modeled age before movement",FALSE,,,"formats","Illustrative ALB outputs"
2001,"recruitment","Region 1",88750974.1618703,"fish","Recruitment entering the first modeled age before movement",FALSE,,,"formats","Illustrative ALB outputs"
2002,"recruitment","Region 1",80564705.2485294,"fish","Recruitment entering the first modeled age before movement",FALSE,,,"formats","Illustrative ALB outputs"
2003,"recruitment","Region 1",43450159.3210307,"fish","Recruitment entering the first modeled age before movement",FALSE,,,"formats","Illustrative ALB outputs"
2004,"recruitment","Region 1",49672353.0300668,"fish","Recruitment entering the first modeled age before movement",FALSE,,,"formats","Illustrative ALB outputs"
2005,"recruitment","Region 1",70385518.5249583,"fish","Recruitment entering the first modeled age before movement",FALSE,,,"formats","Illustrative ALB outputs"
2006,"recruitment","Region 1",98282158.2284613,"fish","Recruitment entering the first modeled age before movement",FALSE,,,"formats","Illustrative ALB outputs"
2007,"recruitment","Region 1",56792147.1370951,"fish","Recruitment entering the first modeled age before movement",FALSE,,,"formats","Illustrative ALB outputs"
2008,"recruitment","Region 1",72784031.2643068,"fish","Recruitment entering the first modeled age before movement",FALSE,,,"formats","Illustrative ALB outputs"
2009,"recruitment","Region 1",88565912.7856282,"fish","Recruitment entering the first modeled age before movement",FALSE,,,"formats","Illustrative ALB outputs"
2010,"recruitment","Region 1",91178413.0933832,"fish","Recruitment entering the first modeled age before movement",FALSE,,,"formats","Illustrative ALB outputs"
2011,"recruitment","Region 1",57971544.1021684,"fish","Recruitment entering the first modeled age before movement",FALSE,,,"formats","Illustrative ALB outputs"
2012,"recruitment","Region 1",58164384.4634406,"fish","Recruitment entering the first modeled age before movement",FALSE,,,"formats","Illustrative ALB outputs"
2013,"recruitment","Region 1",76425232.3405526,"fish","Recruitment entering the first modeled age before movement",FALSE,,,"formats","Illustrative ALB outputs"
2014,"recruitment","Region 1",70085539.7002031,"fish","Recruitment entering the first modeled age before movement",FALSE,,,"formats","Illustrative ALB outputs"
2015,"recruitment","Region 1",44492123.2140573,"fish","Recruitment entering the first modeled age before movement",FALSE,,,"formats","Illustrative ALB outputs"
2016,"recruitment","Region 1",37174472.7972084,"fish","Recruitment entering the first modeled age before movement",FALSE,,,"formats","Illustrative ALB outputs"
2017,"recruitment","Region 1",99371082.8318265,"fish","Recruitment entering the first modeled age before movement",FALSE,,,"formats","Illustrative ALB outputs"
2018,"recruitment","Region 1",80034901.4548076,"fish","Recruitment entering the first modeled age before movement",FALSE,,,"formats","Illustrative ALB outputs"
2019,"recruitment","Region 1",74523100.2675001,"fish","Recruitment entering the first modeled age before movement",FALSE,,,"formats","Illustrative ALB outputs"
2020,"recruitment","Region 1",64826095.8890489,"fish","Recruitment entering the first modeled age before movement",FALSE,,,"formats","Illustrative ALB outputs"
2021,"recruitment","Region 1",58372584.6471967,"fish","Recruitment entering the first modeled age before movement",FALSE,,,"formats","Illustrative ALB outputs"
1954,"recruitment","Region 2",28072564.755717,"fish","Recruitment entering the first modeled age before movement",FALSE,,,"formats","Illustrative ALB outputs"
1955,"recruitment","Region 2",27310107.9957356,"fish","Recruitment entering the first modeled age before movement",FALSE,,,"formats","Illustrative ALB outputs"
1956,"recruitment","Region 2",16785017.4363706,"fish","Recruitment entering the first modeled age before movement",FALSE,,,"formats","Illustrative ALB outputs"
1957,"recruitment","Region 2",21126812.7322288,"fish","Recruitment entering the first modeled age before movement",FALSE,,,"formats","Illustrative ALB outputs"
1958,"recruitment","Region 2",8229703.95695357,"fish","Recruitment entering the first modeled age before movement",FALSE,,,"formats","Illustrative ALB outputs"
1959,"recruitment","Region 2",4709091.16962964,"fish","Recruitment entering the first modeled age before movement",FALSE,,,"formats","Illustrative ALB outputs"
1960,"recruitment","Region 2",13533185.4071362,"fish","Recruitment entering the first modeled age before movement",FALSE,,,"formats","Illustrative ALB outputs"
1961,"recruitment","Region 2",19611791.6827404,"fish","Recruitment entering the first modeled age before movement",FALSE,,,"formats","Illustrative ALB outputs"
1962,"recruitment","Region 2",25301745.4459616,"fish","Recruitment entering the first modeled age before movement",FALSE,,,"formats","Illustrative ALB outputs"
1963,"recruitment","Region 2",9638226.9779652,"fish","Recruitment entering the first modeled age before movement",FALSE,,,"formats","Illustrative ALB outputs"
1964,"recruitment","Region 2",2767490.732011,"fish","Recruitment entering the first modeled age before movement",FALSE,,,"formats","Illustrative ALB outputs"
1965,"recruitment","Region 2",11809981.3120782,"fish","Recruitment entering the first modeled age before movement",FALSE,,,"formats","Illustrative ALB outputs"
1966,"recruitment","Region 2",9146480.91558654,"fish","Recruitment entering the first modeled age before movement",FALSE,,,"formats","Illustrative ALB outputs"
1967,"recruitment","Region 2",10006046.869697,"fish","Recruitment entering the first modeled age before movement",FALSE,,,"formats","Illustrative ALB outputs"
1968,"recruitment","Region 2",8444262.48442006,"fish","Recruitment entering the first modeled age before movement",FALSE,,,"formats","Illustrative ALB outputs"
1969,"recruitment","Region 2",6625185.92842373,"fish","Recruitment entering the first modeled age before movement",FALSE,,,"formats","Illustrative ALB outputs"
1970,"recruitment","Region 2",7030035.53844214,"fish","Recruitment entering the first modeled age before movement",FALSE,,,"formats","Illustrative ALB outputs"
1971,"recruitment","Region 2",7201847.98699646,"fish","Recruitment entering the first modeled age before movement",FALSE,,,"formats","Illustrative ALB outputs"
1972,"recruitment","Region 2",12573162.4381517,"fish","Recruitment entering the first modeled age before movement",FALSE,,,"formats","Illustrative ALB outputs"
1973,"recruitment","Region 2",20742607.2342337,"fish","Recruitment entering the first modeled age before movement",FALSE,,,"formats","Illustrative ALB outputs"
1974,"recruitment","Region 2",10121459.7997582,"fish","Recruitment entering the first modeled age before movement",FALSE,,,"formats","Illustrative ALB outputs"
1975,"recruitment","Region 2",5469121.62997759,"fish","Recruitment entering the first modeled age before movement",FALSE,,,"formats","Illustrative ALB outputs"
1976,"recruitment","Region 2",5402771.62940976,"fish","Recruitment entering the first modeled age before movement",FALSE,,,"formats","Illustrative ALB outputs"
1977,"recruitment","Region 2",6496197.31696975,"fish","Recruitment entering the first modeled age before movement",FALSE,,,"formats","Illustrative ALB outputs"
1978,"recruitment","Region 2",8613397.54981477,"fish","Recruitment entering the first modeled age before movement",FALSE,,,"formats","Illustrative ALB outputs"
1979,"recruitment","Region 2",12336135.5593148,"fish","Recruitment entering the first modeled age before movement",FALSE,,,"formats","Illustrative ALB outputs"
1980,"recruitment","Region 2",10164031.7103692,"fish","Recruitment entering the first modeled age before movement",FALSE,,,"formats","Illustrative ALB outputs"
1981,"recruitment","Region 2",8302883.90334641,"fish","Recruitment entering the first modeled age before movement",FALSE,,,"formats","Illustrative ALB outputs"
1982,"recruitment","Region 2",9259110.03459857,"fish","Recruitment entering the first modeled age before movement",FALSE,,,"formats","Illustrative ALB outputs"
1983,"recruitment","Region 2",11235378.5241346,"fish","Recruitment entering the first modeled age before movement",FALSE,,,"formats","Illustrative ALB outputs"
1984,"recruitment","Region 2",5464260.88369167,"fish","Recruitment entering the first modeled age before movement",FALSE,,,"formats","Illustrative ALB outputs"
1985,"recruitment","Region 2",9146582.15176744,"fish","Recruitment entering the first modeled age before movement",FALSE,,,"formats","Illustrative ALB outputs"
1986,"recruitment","Region 2",10578157.2883403,"fish","Recruitment entering the first modeled age before movement",FALSE,,,"formats","Illustrative ALB outputs"
1987,"recruitment","Region 2",12532462.8049822,"fish","Recruitment entering the first modeled age before movement",FALSE,,,"formats","Illustrative ALB outputs"
1988,"recruitment","Region 2",14501765.3971992,"fish","Recruitment entering the first modeled age before movement",FALSE,,,"formats","Illustrative ALB outputs"
1989,"recruitment","Region 2",7178631.46277136,"fish","Recruitment entering the first modeled age before movement",FALSE,,,"formats","Illustrative ALB outputs"
1990,"recruitment","Region 2",14749214.6273097,"fish","Recruitment entering the first modeled age before movement",FALSE,,,"formats","Illustrative ALB outputs"
1991,"recruitment","Region 2",10449504.6678955,"fish","Recruitment entering the first modeled age before movement",FALSE,,,"formats","Illustrative ALB outputs"
1992,"recruitment","Region 2",11591750.7806721,"fish","Recruitment entering the first modeled age before movement",FALSE,,,"formats","Illustrative ALB outputs"
1993,"recruitment","Region 2",14364027.7525599,"fish","Recruitment entering the first modeled age before movement",FALSE,,,"formats","Illustrative ALB outputs"
1994,"recruitment","Region 2",16146889.9217624,"fish","Recruitment entering the first modeled age before movement",FALSE,,,"formats","Illustrative ALB outputs"
1995,"recruitment","Region 2",9492289.01989459,"fish","Recruitment entering the first modeled age before movement",FALSE,,,"formats","Illustrative ALB outputs"
1996,"recruitment","Region 2",9994807.30886212,"fish","Recruitment entering the first modeled age before movement",FALSE,,,"formats","Illustrative ALB outputs"
1997,"recruitment","Region 2",6308791.82048914,"fish","Recruitment entering the first modeled age before movement",FALSE,,,"formats","Illustrative ALB outputs"
1998,"recruitment","Region 2",21307129.5939588,"fish","Recruitment entering the first modeled age before movement",FALSE,,,"formats","Illustrative ALB outputs"
1999,"recruitment","Region 2",5387821.85985359,"fish","Recruitment entering the first modeled age before movement",FALSE,,,"formats","Illustrative ALB outputs"
2000,"recruitment","Region 2",17002049.5925672,"fish","Recruitment entering the first modeled age before movement",FALSE,,,"formats","Illustrative ALB outputs"
2001,"recruitment","Region 2",19617910.8925937,"fish","Recruitment entering the first modeled age before movement",FALSE,,,"formats","Illustrative ALB outputs"
2002,"recruitment","Region 2",17808381.525718,"fish","Recruitment entering the first modeled age before movement",FALSE,,,"formats","Illustrative ALB outputs"
2003,"recruitment","Region 2",9604416.8740538,"fish","Recruitment entering the first modeled age before movement",FALSE,,,"formats","Illustrative ALB outputs"
2004,"recruitment","Region 2",10979798.3038699,"fish","Recruitment entering the first modeled age before movement",FALSE,,,"formats","Illustrative ALB outputs"
2005,"recruitment","Region 2",15558328.7236172,"fish","Recruitment entering the first modeled age before movement",FALSE,,,"formats","Illustrative ALB outputs"
2006,"recruitment","Region 2",21724726.2992422,"fish","Recruitment entering the first modeled age before movement",FALSE,,,"formats","Illustrative ALB outputs"
2007,"recruitment","Region 2",12553589.3262709,"fish","Recruitment entering the first modeled age before movement",FALSE,,,"formats","Illustrative ALB outputs"
2008,"recruitment","Region 2",16088506.6697147,"fish","Recruitment entering the first modeled age before movement",FALSE,,,"formats","Illustrative ALB outputs"
2009,"recruitment","Region 2",19577004.101169,"fish","Recruitment entering the first modeled age before movement",FALSE,,,"formats","Illustrative ALB outputs"
2010,"recruitment","Region 2",20154482.8131315,"fish","Recruitment entering the first modeled age before movement",FALSE,,,"formats","Illustrative ALB outputs"
2011,"recruitment","Region 2",12814288.4880131,"fish","Recruitment entering the first modeled age before movement",FALSE,,,"formats","Illustrative ALB outputs"
2012,"recruitment","Region 2",12856914.7809599,"fish","Recruitment entering the first modeled age before movement",FALSE,,,"formats","Illustrative ALB outputs"
2013,"recruitment","Region 2",16893373.9844725,"fish","Recruitment entering the first modeled age before movement",FALSE,,,"formats","Illustrative ALB outputs"
2014,"recruitment","Region 2",15492020.0671851,"fish","Recruitment entering the first modeled age before movement",FALSE,,,"formats","Illustrative ALB outputs"
2015,"recruitment","Region 2",9834737.21701042,"fish","Recruitment entering the first modeled age before movement",FALSE,,,"formats","Illustrative ALB outputs"
2016,"recruitment","Region 2",8217211.1540394,"fish","Recruitment entering the first modeled age before movement",FALSE,,,"formats","Illustrative ALB outputs"
2017,"recruitment","Region 2",21965427.0469163,"fish","Recruitment entering the first modeled age before movement",FALSE,,,"formats","Illustrative ALB outputs"
2018,"recruitment","Region 2",17691271.3338137,"fish","Recruitment entering the first modeled age before movement",FALSE,,,"formats","Illustrative ALB outputs"
2019,"recruitment","Region 2",16472918.233226,"fish","Recruitment entering the first modeled age before movement",FALSE,,,"formats","Illustrative ALB outputs"
2020,"recruitment","Region 2",14329449.1657814,"fish","Recruitment entering the first modeled age before movement",FALSE,,,"formats","Illustrative ALB outputs"
2021,"recruitment","Region 2",12902936.2775273,"fish","Recruitment entering the first modeled age before movement",FALSE,,,"formats","Illustrative ALB outputs"
1954,"recruitment","all",155072197.027095,"fish","Recruitment entering the first modeled age before movement",FALSE,,,"formats","Illustrative ALB outputs"
1955,"recruitment","all",150860403.557658,"fish","Recruitment entering the first modeled age before movement",FALSE,,,"formats","Illustrative ALB outputs"
1956,"recruitment","all",92720047.2648659,"fish","Recruitment entering the first modeled age before movement",FALSE,,,"formats","Illustrative ALB outputs"
1957,"recruitment","all",116704023.842336,"fish","Recruitment entering the first modeled age before movement",FALSE,,,"formats","Illustrative ALB outputs"
1958,"recruitment","all",45460693.9049797,"fish","Recruitment entering the first modeled age before movement",FALSE,,,"formats","Illustrative ALB outputs"
1959,"recruitment","all",26012910.4707702,"fish","Recruitment entering the first modeled age before movement",FALSE,,,"formats","Illustrative ALB outputs"
1960,"recruitment","all",74757002.5083746,"fish","Recruitment entering the first modeled age before movement",FALSE,,,"formats","Illustrative ALB outputs"
1961,"recruitment","all",108335082.681069,"fish","Recruitment entering the first modeled age before movement",FALSE,,,"formats","Illustrative ALB outputs"
1962,"recruitment","all",139766255.383792,"fish","Recruitment entering the first modeled age before movement",FALSE,,,"formats","Illustrative ALB outputs"
1963,"recruitment","all",53241342.4254194,"fish","Recruitment entering the first modeled age before movement",FALSE,,,"formats","Illustrative ALB outputs"
1964,"recruitment","all",15287554.6569955,"fish","Recruitment entering the first modeled age before movement",FALSE,,,"formats","Illustrative ALB outputs"
1965,"recruitment","all",65238063.0287778,"fish","Recruitment entering the first modeled age before movement",FALSE,,,"formats","Illustrative ALB outputs"
1966,"recruitment","all",50524948.5748378,"fish","Recruitment entering the first modeled age before movement",FALSE,,,"formats","Illustrative ALB outputs"
1967,"recruitment","all",55273170.9817857,"fish","Recruitment entering the first modeled age before movement",FALSE,,,"formats","Illustrative ALB outputs"
1968,"recruitment","all",46645910.2375327,"fish","Recruitment entering the first modeled age before movement",FALSE,,,"formats","Illustrative ALB outputs"
1969,"recruitment","all",36597373.5059045,"fish","Recruitment entering the first modeled age before movement",FALSE,,,"formats","Illustrative ALB outputs"
1970,"recruitment","all",38833753.3677884,"fish","Recruitment entering the first modeled age before movement",FALSE,,,"formats","Illustrative ALB outputs"
1971,"recruitment","all",39782841.351226,"fish","Recruitment entering the first modeled age before movement",FALSE,,,"formats","Illustrative ALB outputs"
1972,"recruitment","all",69453857.8797176,"fish","Recruitment entering the first modeled age before movement",FALSE,,,"formats","Illustrative ALB outputs"
1973,"recruitment","all",114581681.576768,"fish","Recruitment entering the first modeled age before movement",FALSE,,,"formats","Illustrative ALB outputs"
1974,"recruitment","all",55910709.3323307,"fish","Recruitment entering the first modeled age before movement",FALSE,,,"formats","Illustrative ALB outputs"
1975,"recruitment","all",30211301.1172703,"fish","Recruitment entering the first modeled age before movement",FALSE,,,"formats","Illustrative ALB outputs"
1976,"recruitment","all",29844785.2520354,"fish","Recruitment entering the first modeled age before movement",FALSE,,,"formats","Illustrative ALB outputs"
1977,"recruitment","all",35884843.4060115,"fish","Recruitment entering the first modeled age before movement",FALSE,,,"formats","Illustrative ALB outputs"
1978,"recruitment","all",47580208.4184546,"fish","Recruitment entering the first modeled age before movement",FALSE,,,"formats","Illustrative ALB outputs"
1979,"recruitment","all",68144526.89498,"fish","Recruitment entering the first modeled age before movement",FALSE,,,"formats","Illustrative ALB outputs"
1980,"recruitment","all",56145875.5797879,"fish","Recruitment entering the first modeled age before movement",FALSE,,,"formats","Illustrative ALB outputs"
1981,"recruitment","all",45864938.2326431,"fish","Recruitment entering the first modeled age before movement",FALSE,,,"formats","Illustrative ALB outputs"
1982,"recruitment","all",51147109.217672,"fish","Recruitment entering the first modeled age before movement",FALSE,,,"formats","Illustrative ALB outputs"
1983,"recruitment","all",62063970.5466803,"fish","Recruitment entering the first modeled age before movement",FALSE,,,"formats","Illustrative ALB outputs"
1984,"recruitment","all",30184450.4674523,"fish","Recruitment entering the first modeled age before movement",FALSE,,,"formats","Illustrative ALB outputs"
1985,"recruitment","all",50525507.8011546,"fish","Recruitment entering the first modeled age before movement",FALSE,,,"formats","Illustrative ALB outputs"
1986,"recruitment","all",58433495.6736382,"fish","Recruitment entering the first modeled age before movement",FALSE,,,"formats","Illustrative ALB outputs"
1987,"recruitment","all",69229034.0494511,"fish","Recruitment entering the first modeled age before movement",FALSE,,,"formats","Illustrative ALB outputs"
1988,"recruitment","all",80107415.9231288,"fish","Recruitment entering the first modeled age before movement",FALSE,,,"formats","Illustrative ALB outputs"
1989,"recruitment","all",39654593.8095336,"fish","Recruitment entering the first modeled age before movement",FALSE,,,"formats","Illustrative ALB outputs"
1990,"recruitment","all",81474319.7347261,"fish","Recruitment entering the first modeled age before movement",FALSE,,,"formats","Illustrative ALB outputs"
1991,"recruitment","all",57722821.5802918,"fish","Recruitment entering the first modeled age before movement",FALSE,,,"formats","Illustrative ALB outputs"
1992,"recruitment","all",64032562.6315745,"fish","Recruitment entering the first modeled age before movement",FALSE,,,"formats","Illustrative ALB outputs"
1993,"recruitment","all",79346556.3667107,"fish","Recruitment entering the first modeled age before movement",FALSE,,,"formats","Illustrative ALB outputs"
1994,"recruitment","all",89195045.6650897,"fish","Recruitment entering the first modeled age before movement",FALSE,,,"formats","Illustrative ALB outputs"
1995,"recruitment","all",52435184.5276786,"fish","Recruitment entering the first modeled age before movement",FALSE,,,"formats","Illustrative ALB outputs"
1996,"recruitment","all",55211083.9082517,"fish","Recruitment entering the first modeled age before movement",FALSE,,,"formats","Illustrative ALB outputs"
1997,"recruitment","all",34849619.7872546,"fish","Recruitment entering the first modeled age before movement",FALSE,,,"formats","Illustrative ALB outputs"
1998,"recruitment","all",117700090.007036,"fish","Recruitment entering the first modeled age before movement",FALSE,,,"formats","Illustrative ALB outputs"
1999,"recruitment","all",29762203.0715223,"fish","Recruitment entering the first modeled age before movement",FALSE,,,"formats","Illustrative ALB outputs"
2000,"recruitment","all",93918927.8651888,"fish","Recruitment entering the first modeled age before movement",FALSE,,,"formats","Illustrative ALB outputs"
2001,"recruitment","all",108368885.054464,"fish","Recruitment entering the first modeled age before movement",FALSE,,,"formats","Illustrative ALB outputs"
2002,"recruitment","all",98373086.7742474,"fish","Recruitment entering the first modeled age before movement",FALSE,,,"formats","Illustrative ALB outputs"
2003,"recruitment","all",53054576.1950845,"fish","Recruitment entering the first modeled age before movement",FALSE,,,"formats","Illustrative ALB outputs"
2004,"recruitment","all",60652151.3339367,"fish","Recruitment entering the first modeled age before movement",FALSE,,,"formats","Illustrative ALB outputs"
2005,"recruitment","all",85943847.2485756,"fish","Recruitment entering the first modeled age before movement",FALSE,,,"formats","Illustrative ALB outputs"
2006,"recruitment","all",120006884.527704,"fish","Recruitment entering the first modeled age before movement",FALSE,,,"formats","Illustrative ALB outputs"
2007,"recruitment","all",69345736.4633661,"fish","Recruitment entering the first modeled age before movement",FALSE,,,"formats","Illustrative ALB outputs"
2008,"recruitment","all",88872537.9340215,"fish","Recruitment entering the first modeled age before movement",FALSE,,,"formats","Illustrative ALB outputs"
2009,"recruitment","all",108142916.886797,"fish","Recruitment entering the first modeled age before movement",FALSE,,,"formats","Illustrative ALB outputs"
2010,"recruitment","all",111332895.906515,"fish","Recruitment entering the first modeled age before movement",FALSE,,,"formats","Illustrative ALB outputs"
2011,"recruitment","all",70785832.5901815,"fish","Recruitment entering the first modeled age before movement",FALSE,,,"formats","Illustrative ALB outputs"
2012,"recruitment","all",71021299.2444005,"fish","Recruitment entering the first modeled age before movement",FALSE,,,"formats","Illustrative ALB outputs"
2013,"recruitment","all",93318606.3250251,"fish","Recruitment entering the first modeled age before movement",FALSE,,,"formats","Illustrative ALB outputs"
2014,"recruitment","all",85577559.7673883,"fish","Recruitment entering the first modeled age before movement",FALSE,,,"formats","Illustrative ALB outputs"
2015,"recruitment","all",54326860.4310677,"fish","Recruitment entering the first modeled age before movement",FALSE,,,"formats","Illustrative ALB outputs"
2016,"recruitment","all",45391683.9512478,"fish","Recruitment entering the first modeled age before movement",FALSE,,,"formats","Illustrative ALB outputs"
2017,"recruitment","all",121336509.878743,"fish","Recruitment entering the first modeled age before movement",FALSE,,,"formats","Illustrative ALB outputs"
2018,"recruitment","all",97726172.7886212,"fish","Recruitment entering the first modeled age before movement",FALSE,,,"formats","Illustrative ALB outputs"
2019,"recruitment","all",90996018.5007261,"fish","Recruitment entering the first modeled age before movement",FALSE,,,"formats","Illustrative ALB outputs"
2020,"recruitment","all",79155545.0548302,"fish","Recruitment entering the first modeled age before movement",FALSE,,,"formats","Illustrative ALB outputs"
2021,"recruitment","all",71275520.924724,"fish","Recruitment entering the first modeled age before movement",FALSE,,,"formats","Illustrative ALB outputs"
