"time","kind","series","series_label","record","observed","predicted","unit","model","label"
1954,"index","F18_R1_G18","Index 18  / Region 1  / Group 18","1954",4.40903714715002,4.24470568480011,"geometric-mean-scaled index","initial","Initial"
1955,"index","F18_R1_G18","Index 18  / Region 1  / Group 18","1955",3.14529508758885,4.00339106768454,"geometric-mean-scaled index","initial","Initial"
1956,"index","F18_R1_G18","Index 18  / Region 1  / Group 18","1956",3.55845376339654,3.89003220611587,"geometric-mean-scaled index","initial","Initial"
1957,"index","F18_R1_G18","Index 18  / Region 1  / Group 18","1957",3.81367935187817,3.7884398714363,"geometric-mean-scaled index","initial","Initial"
1958,"index","F18_R1_G18","Index 18  / Region 1  / Group 18","1958",4.19937988018333,3.68921223069989,"geometric-mean-scaled index","initial","Initial"
1959,"index","F18_R1_G18","Index 18  / Region 1  / Group 18","1959",5.02003875847804,3.56322471136781,"geometric-mean-scaled index","initial","Initial"
1960,"index","F18_R1_G18","Index 18  / Region 1  / Group 18","1960",6.09415385779237,3.45620293523165,"geometric-mean-scaled index","initial","Initial"
1961,"index","F18_R1_G18","Index 18  / Region 1  / Group 18","1961",5.9871599837675,3.31392283742778,"geometric-mean-scaled index","initial","Initial"
1962,"index","F18_R1_G18","Index 18  / Region 1  / Group 18","1962",4.31836862588877,3.08816858446841,"geometric-mean-scaled index","initial","Initial"
1963,"index","F18_R1_G18","Index 18  / Region 1  / Group 18","1963",2.6756633141332,2.79613277342312,"geometric-mean-scaled index","initial","Initial"
1964,"index","F18_R1_G18","Index 18  / Region 1  / Group 18","1964",2.42251196662564,2.46834757314102,"geometric-mean-scaled index","initial","Initial"
1965,"index","F18_R1_G18","Index 18  / Region 1  / Group 18","1965",2.71599052736943,2.09348264357696,"geometric-mean-scaled index","initial","Initial"
1966,"index","F18_R1_G18","Index 18  / Region 1  / Group 18","1966",2.44814503331434,1.72388520699709,"geometric-mean-scaled index","initial","Initial"
1967,"index","F18_R1_G18","Index 18  / Region 1  / Group 18","1967",1.94746079529619,1.52371730178119,"geometric-mean-scaled index","initial","Initial"
1968,"index","F18_R1_G18","Index 18  / Region 1  / Group 18","1968",1.71471945569896,1.47158853708832,"geometric-mean-scaled index","initial","Initial"
1969,"index","F18_R1_G18","Index 18  / Region 1  / Group 18","1969",1.65433171113289,1.41845658252135,"geometric-mean-scaled index","initial","Initial"
1970,"index","F18_R1_G18","Index 18  / Region 1  / Group 18","1970",1.54780579698768,1.250781654933,"geometric-mean-scaled index","initial","Initial"
1971,"index","F18_R1_G18","Index 18  / Region 1  / Group 18","1971",1.23412080025738,1.03538721726408,"geometric-mean-scaled index","initial","Initial"
1972,"index","F18_R1_G18","Index 18  / Region 1  / Group 18","1972",1.07338614840291,0.875565383142673,"geometric-mean-scaled index","initial","Initial"
1973,"index","F18_R1_G18","Index 18  / Region 1  / Group 18","1973",0.989103263951998,0.727237685607171,"geometric-mean-scaled index","initial","Initial"
1974,"index","F18_R1_G18","Index 18  / Region 1  / Group 18","1974",0.580301639759145,0.62256843337601,"geometric-mean-scaled index","initial","Initial"
1975,"index","F18_R1_G18","Index 18  / Region 1  / Group 18","1975",0.58813811691667,0.600307646015563,"geometric-mean-scaled index","initial","Initial"
1976,"index","F18_R1_G18","Index 18  / Region 1  / Group 18","1976",0.851064006357214,0.608064760331602,"geometric-mean-scaled index","initial","Initial"
1977,"index","F18_R1_G18","Index 18  / Region 1  / Group 18","1977",0.863018267252948,0.571873721898267,"geometric-mean-scaled index","initial","Initial"
1978,"index","F18_R1_G18","Index 18  / Region 1  / Group 18","1978",0.935245185300877,0.602874712480741,"geometric-mean-scaled index","initial","Initial"
1979,"index","F18_R1_G18","Index 18  / Region 1  / Group 18","1979",0.811891863308134,0.707282124415961,"geometric-mean-scaled index","initial","Initial"
1980,"index","F18_R1_G18","Index 18  / Region 1  / Group 18","1980",0.857986996795637,0.777824949167645,"geometric-mean-scaled index","initial","Initial"
1981,"index","F18_R1_G18","Index 18  / Region 1  / Group 18","1981",0.969775742290399,0.727443388421322,"geometric-mean-scaled index","initial","Initial"
1982,"index","F18_R1_G18","Index 18  / Region 1  / Group 18","1982",0.754187984251701,0.632742466425812,"geometric-mean-scaled index","initial","Initial"
1983,"index","F18_R1_G18","Index 18  / Region 1  / Group 18","1983",0.847323525052082,0.574171919086325,"geometric-mean-scaled index","initial","Initial"
1984,"index","F18_R1_G18","Index 18  / Region 1  / Group 18","1984",0.697012441179108,0.558796517920025,"geometric-mean-scaled index","initial","Initial"
1985,"index","F18_R1_G18","Index 18  / Region 1  / Group 18","1985",0.700113985527936,0.6003312550981,"geometric-mean-scaled index","initial","Initial"
1986,"index","F18_R1_G18","Index 18  / Region 1  / Group 18","1986",0.916792661518106,0.637894194099427,"geometric-mean-scaled index","initial","Initial"
1987,"index","F18_R1_G18","Index 18  / Region 1  / Group 18","1987",0.932698710694853,0.680591295251732,"geometric-mean-scaled index","initial","Initial"
1988,"index","F18_R1_G18","Index 18  / Region 1  / Group 18","1988",0.933673375591985,0.645360761165688,"geometric-mean-scaled index","initial","Initial"
1989,"index","F18_R1_G18","Index 18  / Region 1  / Group 18","1989",0.68771709247243,0.635416234104155,"geometric-mean-scaled index","initial","Initial"
1990,"index","F18_R1_G18","Index 18  / Region 1  / Group 18","1990",0.776975789161292,0.640354103088266,"geometric-mean-scaled index","initial","Initial"
1991,"index","F18_R1_G18","Index 18  / Region 1  / Group 18","1991",0.655727821196814,0.610449718346531,"geometric-mean-scaled index","initial","Initial"
1992,"index","F18_R1_G18","Index 18  / Region 1  / Group 18","1992",0.872502177541898,0.596939963886777,"geometric-mean-scaled index","initial","Initial"
1993,"index","F18_R1_G18","Index 18  / Region 1  / Group 18","1993",0.879147658089477,0.628973522235719,"geometric-mean-scaled index","initial","Initial"
1994,"index","F18_R1_G18","Index 18  / Region 1  / Group 18","1994",0.948738796667378,0.665205857566848,"geometric-mean-scaled index","initial","Initial"
1995,"index","F18_R1_G18","Index 18  / Region 1  / Group 18","1995",0.883131727989847,0.702421149939099,"geometric-mean-scaled index","initial","Initial"
1996,"index","F18_R1_G18","Index 18  / Region 1  / Group 18","1996",0.837306959406211,0.706153963460844,"geometric-mean-scaled index","initial","Initial"
1997,"index","F18_R1_G18","Index 18  / Region 1  / Group 18","1997",0.95208949005856,0.730294060347491,"geometric-mean-scaled index","initial","Initial"
1998,"index","F18_R1_G18","Index 18  / Region 1  / Group 18","1998",0.856547687420413,0.695917287598741,"geometric-mean-scaled index","initial","Initial"
1999,"index","F18_R1_G18","Index 18  / Region 1  / Group 18","1999",0.61266101448799,0.724997415181415,"geometric-mean-scaled index","initial","Initial"
2000,"index","F18_R1_G18","Index 18  / Region 1  / Group 18","2000",0.679263091965619,0.75517873272132,"geometric-mean-scaled index","initial","Initial"
2001,"index","F18_R1_G18","Index 18  / Region 1  / Group 18","2001",0.663388123597169,0.706276842187017,"geometric-mean-scaled index","initial","Initial"
2002,"index","F18_R1_G18","Index 18  / Region 1  / Group 18","2002",0.695863453728742,0.555232462029263,"geometric-mean-scaled index","initial","Initial"
2003,"index","F18_R1_G18","Index 18  / Region 1  / Group 18","2003",0.520428254256146,0.469516662596783,"geometric-mean-scaled index","initial","Initial"
2004,"index","F18_R1_G18","Index 18  / Region 1  / Group 18","2004",0.457969008695485,0.473435760865046,"geometric-mean-scaled index","initial","Initial"
2005,"index","F18_R1_G18","Index 18  / Region 1  / Group 18","2005",0.57000982730679,0.444089063138998,"geometric-mean-scaled index","initial","Initial"
2006,"index","F18_R1_G18","Index 18  / Region 1  / Group 18","2006",0.692547701969523,0.452873842778411,"geometric-mean-scaled index","initial","Initial"
2007,"index","F18_R1_G18","Index 18  / Region 1  / Group 18","2007",0.763296075617131,0.503205073995137,"geometric-mean-scaled index","initial","Initial"
2008,"index","F18_R1_G18","Index 18  / Region 1  / Group 18","2008",0.557991706511396,0.561218162287399,"geometric-mean-scaled index","initial","Initial"
2009,"index","F18_R1_G18","Index 18  / Region 1  / Group 18","2009",0.644374806432787,0.544682728799637,"geometric-mean-scaled index","initial","Initial"
2010,"index","F18_R1_G18","Index 18  / Region 1  / Group 18","2010",0.629833334064991,0.411733058708427,"geometric-mean-scaled index","initial","Initial"
2011,"index","F18_R1_G18","Index 18  / Region 1  / Group 18","2011",0.472776191924379,0.426840625218651,"geometric-mean-scaled index","initial","Initial"
2012,"index","F18_R1_G18","Index 18  / Region 1  / Group 18","2012",0.561037772817115,0.469852285296473,"geometric-mean-scaled index","initial","Initial"
2013,"index","F18_R1_G18","Index 18  / Region 1  / Group 18","2013",0.518607359493591,0.466415302702776,"geometric-mean-scaled index","initial","Initial"
2014,"index","F18_R1_G18","Index 18  / Region 1  / Group 18","2014",0.534249440170542,0.474831707787702,"geometric-mean-scaled index","initial","Initial"
2015,"index","F18_R1_G18","Index 18  / Region 1  / Group 18","2015",0.610459945494768,0.50262610216811,"geometric-mean-scaled index","initial","Initial"
2016,"index","F18_R1_G18","Index 18  / Region 1  / Group 18","2016",0.483833914957584,0.529185164174468,"geometric-mean-scaled index","initial","Initial"
2017,"index","F18_R1_G18","Index 18  / Region 1  / Group 18","2017",0.503585067785675,0.529131723150006,"geometric-mean-scaled index","initial","Initial"
2018,"index","F18_R1_G18","Index 18  / Region 1  / Group 18","2018",0.44199217333407,0.469631368494688,"geometric-mean-scaled index","initial","Initial"
2019,"index","F18_R1_G18","Index 18  / Region 1  / Group 18","2019",0.466975339471439,0.427078819780383,"geometric-mean-scaled index","initial","Initial"
2020,"index","F18_R1_G18","Index 18  / Region 1  / Group 18","2020",0.377731205082218,0.408056463831253,"geometric-mean-scaled index","initial","Initial"
2021,"index","F18_R1_G18","Index 18  / Region 1  / Group 18","2021",0.384903092509445,0.405026995258208,"geometric-mean-scaled index","initial","Initial"
2022,"index","F18_R1_G18","Index 18  / Region 1  / Group 18","2022",0.533173522636986,0.371487680778439,"geometric-mean-scaled index","initial","Initial"
1992,"index","F19_R1_G19","Index 19  / Region 1  / Group 19","1992",1.85927115000846,0.747158255095492,"geometric-mean-scaled index","initial","Initial"
1993,"index","F19_R1_G19","Index 19  / Region 1  / Group 19","1993",0.849266654622091,0.724235962439426,"geometric-mean-scaled index","initial","Initial"
1994,"index","F19_R1_G19","Index 19  / Region 1  / Group 19","1994",1.00123553533734,0.71649679968963,"geometric-mean-scaled index","initial","Initial"
1995,"index","F19_R1_G19","Index 19  / Region 1  / Group 19","1995",1.31046507492219,0.844901604412568,"geometric-mean-scaled index","initial","Initial"
1996,"index","F19_R1_G19","Index 19  / Region 1  / Group 19","1996",1.21306505673522,0.877607040572839,"geometric-mean-scaled index","initial","Initial"
1997,"index","F19_R1_G19","Index 19  / Region 1  / Group 19","1997",0.799390157141791,0.666065825218701,"geometric-mean-scaled index","initial","Initial"
1998,"index","F19_R1_G19","Index 19  / Region 1  / Group 19","1998",1.99291282185133,0.549737916998747,"geometric-mean-scaled index","initial","Initial"
1999,"index","F19_R1_G19","Index 19  / Region 1  / Group 19","1999",1.3696369541503,0.526450152357985,"geometric-mean-scaled index","initial","Initial"
2000,"index","F19_R1_G19","Index 19  / Region 1  / Group 19","2000",0.965612099781253,0.881087156936821,"geometric-mean-scaled index","initial","Initial"
2001,"index","F19_R1_G19","Index 19  / Region 1  / Group 19","2001",0.810369966030035,0.683888534849099,"geometric-mean-scaled index","initial","Initial"
2002,"index","F19_R1_G19","Index 19  / Region 1  / Group 19","2002",0.74171237247259,0.818708956405407,"geometric-mean-scaled index","initial","Initial"
2003,"index","F19_R1_G19","Index 19  / Region 1  / Group 19","2003",1.03600097632011,1.13317104816708,"geometric-mean-scaled index","initial","Initial"
2004,"index","F19_R1_G19","Index 19  / Region 1  / Group 19","2004",1.05045112419079,1.03724748863779,"geometric-mean-scaled index","initial","Initial"
2005,"index","F19_R1_G19","Index 19  / Region 1  / Group 19","2005",0.734713898314047,0.729221568658094,"geometric-mean-scaled index","initial","Initial"
2006,"index","F19_R1_G19","Index 19  / Region 1  / Group 19","2006",0.882670668461906,0.6706167525761,"geometric-mean-scaled index","initial","Initial"
2007,"index","F19_R1_G19","Index 19  / Region 1  / Group 19","2007",1.03363575876466,0.897067031912311,"geometric-mean-scaled index","initial","Initial"
2008,"index","F19_R1_G19","Index 19  / Region 1  / Group 19","2008",1.33647576097039,1.10456532815199,"geometric-mean-scaled index","initial","Initial"
2009,"index","F19_R1_G19","Index 19  / Region 1  / Group 19","2009",0.832547956398684,0.939843868794508,"geometric-mean-scaled index","initial","Initial"
2010,"index","F19_R1_G19","Index 19  / Region 1  / Group 19","2010",1.1710748925389,0.912747372263211,"geometric-mean-scaled index","initial","Initial"
2011,"index","F19_R1_G19","Index 19  / Region 1  / Group 19","2011",1.14908021933067,1.09090223615316,"geometric-mean-scaled index","initial","Initial"
2012,"index","F19_R1_G19","Index 19  / Region 1  / Group 19","2012",0.992144371207608,1.12344611203331,"geometric-mean-scaled index","initial","Initial"
2013,"index","F19_R1_G19","Index 19  / Region 1  / Group 19","2013",0.812541615693899,0.922384223298158,"geometric-mean-scaled index","initial","Initial"
2014,"index","F19_R1_G19","Index 19  / Region 1  / Group 19","2014",0.869128916645273,0.80495895037672,"geometric-mean-scaled index","initial","Initial"
2015,"index","F19_R1_G19","Index 19  / Region 1  / Group 19","2015",0.923487470227196,0.911416680303818,"geometric-mean-scaled index","initial","Initial"
2016,"index","F19_R1_G19","Index 19  / Region 1  / Group 19","2016",0.994049496935054,0.937389508813411,"geometric-mean-scaled index","initial","Initial"
2017,"index","F19_R1_G19","Index 19  / Region 1  / Group 19","2017",0.679637993540111,0.696393608875058,"geometric-mean-scaled index","initial","Initial"
2018,"index","F19_R1_G19","Index 19  / Region 1  / Group 19","2018",1.1614387047662,0.601141081139577,"geometric-mean-scaled index","initial","Initial"
2019,"index","F19_R1_G19","Index 19  / Region 1  / Group 19","2019",0.909406517143503,1.04962593810093,"geometric-mean-scaled index","initial","Initial"
2020,"index","F19_R1_G19","Index 19  / Region 1  / Group 19","2020",0.960523282163485,1.12040142506915,"geometric-mean-scaled index","initial","Initial"
2021,"index","F19_R1_G19","Index 19  / Region 1  / Group 19","2021",0.974737478989675,1.01849192116374,"geometric-mean-scaled index","initial","Initial"
2022,"index","F19_R1_G19","Index 19  / Region 1  / Group 19","2022",0.665420460916155,0.863154954743198,"geometric-mean-scaled index","initial","Initial"
1954,"index","F20_R2_G20","Index 20  / Region 2  / Group 20","1954",4.21096154805618,2.73738113971317,"geometric-mean-scaled index","initial","Initial"
1955,"index","F20_R2_G20","Index 20  / Region 2  / Group 20","1955",3.11733650195403,2.67619870527118,"geometric-mean-scaled index","initial","Initial"
1956,"index","F20_R2_G20","Index 20  / Region 2  / Group 20","1956",3.11471220345346,2.65383678154188,"geometric-mean-scaled index","initial","Initial"
1957,"index","F20_R2_G20","Index 20  / Region 2  / Group 20","1957",2.49122048423764,2.63095098528845,"geometric-mean-scaled index","initial","Initial"
1958,"index","F20_R2_G20","Index 20  / Region 2  / Group 20","1958",3.38277838084962,2.60880780270961,"geometric-mean-scaled index","initial","Initial"
1959,"index","F20_R2_G20","Index 20  / Region 2  / Group 20","1959",3.53910335426992,2.58395463208209,"geometric-mean-scaled index","initial","Initial"
1960,"index","F20_R2_G20","Index 20  / Region 2  / Group 20","1960",2.88806453309758,2.54042563107858,"geometric-mean-scaled index","initial","Initial"
1961,"index","F20_R2_G20","Index 20  / Region 2  / Group 20","1961",2.77519235560544,2.2741991761237,"geometric-mean-scaled index","initial","Initial"
1962,"index","F20_R2_G20","Index 20  / Region 2  / Group 20","1962",2.84542670742501,2.14575833461041,"geometric-mean-scaled index","initial","Initial"
1963,"index","F20_R2_G20","Index 20  / Region 2  / Group 20","1963",2.15624779216803,1.74210703914608,"geometric-mean-scaled index","initial","Initial"
1964,"index","F20_R2_G20","Index 20  / Region 2  / Group 20","1964",1.77294323917794,1.36499666798223,"geometric-mean-scaled index","initial","Initial"
1965,"index","F20_R2_G20","Index 20  / Region 2  / Group 20","1965",1.39305357413891,1.29277866134848,"geometric-mean-scaled index","initial","Initial"
1966,"index","F20_R2_G20","Index 20  / Region 2  / Group 20","1966",2.15604911541288,1.35040110278752,"geometric-mean-scaled index","initial","Initial"
1967,"index","F20_R2_G20","Index 20  / Region 2  / Group 20","1967",1.83466830687541,1.48040265695105,"geometric-mean-scaled index","initial","Initial"
1968,"index","F20_R2_G20","Index 20  / Region 2  / Group 20","1968",1.49027459282616,1.25100634268203,"geometric-mean-scaled index","initial","Initial"
1969,"index","F20_R2_G20","Index 20  / Region 2  / Group 20","1969",0.90397341842816,0.955464615106416,"geometric-mean-scaled index","initial","Initial"
1970,"index","F20_R2_G20","Index 20  / Region 2  / Group 20","1970",1.74296686069583,0.918765799130092,"geometric-mean-scaled index","initial","Initial"
1971,"index","F20_R2_G20","Index 20  / Region 2  / Group 20","1971",1.05128168838887,0.814766506273547,"geometric-mean-scaled index","initial","Initial"
1972,"index","F20_R2_G20","Index 20  / Region 2  / Group 20","1972",1.03629787461149,0.731719856234967,"geometric-mean-scaled index","initial","Initial"
1973,"index","F20_R2_G20","Index 20  / Region 2  / Group 20","1973",1.14631510743072,0.659570748129702,"geometric-mean-scaled index","initial","Initial"
1974,"index","F20_R2_G20","Index 20  / Region 2  / Group 20","1974",0.503606327140092,0.576466762372201,"geometric-mean-scaled index","initial","Initial"
1975,"index","F20_R2_G20","Index 20  / Region 2  / Group 20","1975",0.345168043176568,0.527849764562099,"geometric-mean-scaled index","initial","Initial"
1976,"index","F20_R2_G20","Index 20  / Region 2  / Group 20","1976",0.392881567888747,0.51625624641893,"geometric-mean-scaled index","initial","Initial"
1977,"index","F20_R2_G20","Index 20  / Region 2  / Group 20","1977",0.722292569399697,0.619194941086083,"geometric-mean-scaled index","initial","Initial"
1978,"index","F20_R2_G20","Index 20  / Region 2  / Group 20","1978",1.34450541165844,0.837391045948233,"geometric-mean-scaled index","initial","Initial"
1979,"index","F20_R2_G20","Index 20  / Region 2  / Group 20","1979",0.925834385511787,0.802258367353825,"geometric-mean-scaled index","initial","Initial"
1980,"index","F20_R2_G20","Index 20  / Region 2  / Group 20","1980",0.665679781043966,0.681907286441385,"geometric-mean-scaled index","initial","Initial"
1981,"index","F20_R2_G20","Index 20  / Region 2  / Group 20","1981",0.591226781169868,0.576436963391816,"geometric-mean-scaled index","initial","Initial"
1982,"index","F20_R2_G20","Index 20  / Region 2  / Group 20","1982",0.474104859767232,0.511298277093301,"geometric-mean-scaled index","initial","Initial"
1983,"index","F20_R2_G20","Index 20  / Region 2  / Group 20","1983",0.516419783951321,0.522023821624958,"geometric-mean-scaled index","initial","Initial"
1984,"index","F20_R2_G20","Index 20  / Region 2  / Group 20","1984",0.705603550009173,0.612855283578734,"geometric-mean-scaled index","initial","Initial"
1985,"index","F20_R2_G20","Index 20  / Region 2  / Group 20","1985",0.596630644214555,0.640126280798744,"geometric-mean-scaled index","initial","Initial"
1986,"index","F20_R2_G20","Index 20  / Region 2  / Group 20","1986",0.576521368772823,0.609990231665258,"geometric-mean-scaled index","initial","Initial"
1987,"index","F20_R2_G20","Index 20  / Region 2  / Group 20","1987",0.738069475063823,0.598992161432638,"geometric-mean-scaled index","initial","Initial"
1988,"index","F20_R2_G20","Index 20  / Region 2  / Group 20","1988",0.631881286279668,0.627897709481751,"geometric-mean-scaled index","initial","Initial"
1989,"index","F20_R2_G20","Index 20  / Region 2  / Group 20","1989",0.538572813890766,0.534281584856529,"geometric-mean-scaled index","initial","Initial"
1990,"index","F20_R2_G20","Index 20  / Region 2  / Group 20","1990",0.558798697122352,0.545106739693502,"geometric-mean-scaled index","initial","Initial"
1991,"index","F20_R2_G20","Index 20  / Region 2  / Group 20","1991",0.596239520556125,0.559310382943803,"geometric-mean-scaled index","initial","Initial"
1992,"index","F20_R2_G20","Index 20  / Region 2  / Group 20","1992",0.949703632796349,0.605083186109501,"geometric-mean-scaled index","initial","Initial"
1993,"index","F20_R2_G20","Index 20  / Region 2  / Group 20","1993",0.773853468646436,0.703851571158757,"geometric-mean-scaled index","initial","Initial"
1994,"index","F20_R2_G20","Index 20  / Region 2  / Group 20","1994",0.810781379423954,0.625761748901199,"geometric-mean-scaled index","initial","Initial"
1995,"index","F20_R2_G20","Index 20  / Region 2  / Group 20","1995",1.07726297359609,0.723361400939625,"geometric-mean-scaled index","initial","Initial"
1996,"index","F20_R2_G20","Index 20  / Region 2  / Group 20","1996",0.935003854840217,0.706501123205075,"geometric-mean-scaled index","initial","Initial"
1997,"index","F20_R2_G20","Index 20  / Region 2  / Group 20","1997",0.800397864000986,0.710624915355747,"geometric-mean-scaled index","initial","Initial"
1998,"index","F20_R2_G20","Index 20  / Region 2  / Group 20","1998",1.04349083940237,0.75016028875041,"geometric-mean-scaled index","initial","Initial"
1999,"index","F20_R2_G20","Index 20  / Region 2  / Group 20","1999",0.765213765192612,0.824561528447451,"geometric-mean-scaled index","initial","Initial"
2000,"index","F20_R2_G20","Index 20  / Region 2  / Group 20","2000",0.767097814359868,0.744039301329214,"geometric-mean-scaled index","initial","Initial"
2001,"index","F20_R2_G20","Index 20  / Region 2  / Group 20","2001",0.841773334723493,0.691914460588807,"geometric-mean-scaled index","initial","Initial"
2002,"index","F20_R2_G20","Index 20  / Region 2  / Group 20","2002",0.547333871289332,0.541976192518127,"geometric-mean-scaled index","initial","Initial"
2003,"index","F20_R2_G20","Index 20  / Region 2  / Group 20","2003",0.588325890023659,0.691660133502716,"geometric-mean-scaled index","initial","Initial"
2004,"index","F20_R2_G20","Index 20  / Region 2  / Group 20","2004",0.635814586790303,0.553250004078304,"geometric-mean-scaled index","initial","Initial"
2005,"index","F20_R2_G20","Index 20  / Region 2  / Group 20","2005",0.834789610625378,0.635409221406722,"geometric-mean-scaled index","initial","Initial"
2006,"index","F20_R2_G20","Index 20  / Region 2  / Group 20","2006",0.92372528101704,0.749828493310016,"geometric-mean-scaled index","initial","Initial"
2007,"index","F20_R2_G20","Index 20  / Region 2  / Group 20","2007",0.84623569961814,0.826422839026495,"geometric-mean-scaled index","initial","Initial"
2008,"index","F20_R2_G20","Index 20  / Region 2  / Group 20","2008",0.610796174186906,0.71651470467272,"geometric-mean-scaled index","initial","Initial"
2009,"index","F20_R2_G20","Index 20  / Region 2  / Group 20","2009",1.05927374250753,0.669910947324664,"geometric-mean-scaled index","initial","Initial"
2010,"index","F20_R2_G20","Index 20  / Region 2  / Group 20","2010",0.847323881897912,0.684221398598934,"geometric-mean-scaled index","initial","Initial"
2011,"index","F20_R2_G20","Index 20  / Region 2  / Group 20","2011",1.12583979197944,0.794744025500419,"geometric-mean-scaled index","initial","Initial"
2012,"index","F20_R2_G20","Index 20  / Region 2  / Group 20","2012",0.945525297290097,0.711067076681865,"geometric-mean-scaled index","initial","Initial"
2013,"index","F20_R2_G20","Index 20  / Region 2  / Group 20","2013",0.87877457395759,0.704698510943881,"geometric-mean-scaled index","initial","Initial"
2014,"index","F20_R2_G20","Index 20  / Region 2  / Group 20","2014",1.04373534993691,0.760061922502055,"geometric-mean-scaled index","initial","Initial"
2015,"index","F20_R2_G20","Index 20  / Region 2  / Group 20","2015",1.22377077691567,0.773548506207978,"geometric-mean-scaled index","initial","Initial"
2016,"index","F20_R2_G20","Index 20  / Region 2  / Group 20","2016",1.13572929605611,0.697175621036758,"geometric-mean-scaled index","initial","Initial"
2017,"index","F20_R2_G20","Index 20  / Region 2  / Group 20","2017",0.734357067400453,0.634034548252807,"geometric-mean-scaled index","initial","Initial"
2018,"index","F20_R2_G20","Index 20  / Region 2  / Group 20","2018",0.64550184014846,0.629366485857942,"geometric-mean-scaled index","initial","Initial"
2019,"index","F20_R2_G20","Index 20  / Region 2  / Group 20","2019",0.713722524698996,0.660768037750318,"geometric-mean-scaled index","initial","Initial"
2020,"index","F20_R2_G20","Index 20  / Region 2  / Group 20","2020",0.772716002092201,0.567001354242523,"geometric-mean-scaled index","initial","Initial"
2021,"index","F20_R2_G20","Index 20  / Region 2  / Group 20","2021",0.751048561936257,0.419219702450276,"geometric-mean-scaled index","initial","Initial"
2022,"index","F20_R2_G20","Index 20  / Region 2  / Group 20","2022",1.00202993070836,0.618118160956258,"geometric-mean-scaled index","initial","Initial"
1954,"index","F18_R1_G18","Index 18  / Region 1  / Group 18","1954",4.40903714715002,4.64896336906678,"geometric-mean-scaled index","data-update","Data update"
1955,"index","F18_R1_G18","Index 18  / Region 1  / Group 18","1955",3.14529508758885,4.38466640746402,"geometric-mean-scaled index","data-update","Data update"
1956,"index","F18_R1_G18","Index 18  / Region 1  / Group 18","1956",3.55845376339654,4.26051146384119,"geometric-mean-scaled index","data-update","Data update"
1957,"index","F18_R1_G18","Index 18  / Region 1  / Group 18","1957",3.81367935187817,4.14924366871595,"geometric-mean-scaled index","data-update","Data update"
1958,"index","F18_R1_G18","Index 18  / Region 1  / Group 18","1958",4.19937988018333,4.04056577648084,"geometric-mean-scaled index","data-update","Data update"
1959,"index","F18_R1_G18","Index 18  / Region 1  / Group 18","1959",5.02003875847804,3.90257944578379,"geometric-mean-scaled index","data-update","Data update"
1960,"index","F18_R1_G18","Index 18  / Region 1  / Group 18","1960",6.09415385779237,3.78536511953943,"geometric-mean-scaled index","data-update","Data update"
1961,"index","F18_R1_G18","Index 18  / Region 1  / Group 18","1961",5.9871599837675,3.62953453623043,"geometric-mean-scaled index","data-update","Data update"
1962,"index","F18_R1_G18","Index 18  / Region 1  / Group 18","1962",4.31836862588877,3.3822798782273,"geometric-mean-scaled index","data-update","Data update"
1963,"index","F18_R1_G18","Index 18  / Region 1  / Group 18","1963",2.6756633141332,3.06243113279675,"geometric-mean-scaled index","data-update","Data update"
1964,"index","F18_R1_G18","Index 18  / Region 1  / Group 18","1964",2.42251196662564,2.70342829439255,"geometric-mean-scaled index","data-update","Data update"
1965,"index","F18_R1_G18","Index 18  / Region 1  / Group 18","1965",2.71599052736943,2.29286194296524,"geometric-mean-scaled index","data-update","Data update"
1966,"index","F18_R1_G18","Index 18  / Region 1  / Group 18","1966",2.44814503331434,1.88806475052062,"geometric-mean-scaled index","data-update","Data update"
1967,"index","F18_R1_G18","Index 18  / Region 1  / Group 18","1967",1.94746079529619,1.66883323528416,"geometric-mean-scaled index","data-update","Data update"
1968,"index","F18_R1_G18","Index 18  / Region 1  / Group 18","1968",1.71471945569896,1.61173982633482,"geometric-mean-scaled index","data-update","Data update"
1969,"index","F18_R1_G18","Index 18  / Region 1  / Group 18","1969",1.65433171113289,1.55354768561862,"geometric-mean-scaled index","data-update","Data update"
1970,"index","F18_R1_G18","Index 18  / Region 1  / Group 18","1970",1.54780579698768,1.36990371730757,"geometric-mean-scaled index","data-update","Data update"
1971,"index","F18_R1_G18","Index 18  / Region 1  / Group 18","1971",1.23412080025738,1.13399552367019,"geometric-mean-scaled index","data-update","Data update"
1972,"index","F18_R1_G18","Index 18  / Region 1  / Group 18","1972",1.07338614840291,0.958952562489594,"geometric-mean-scaled index","data-update","Data update"
1973,"index","F18_R1_G18","Index 18  / Region 1  / Group 18","1973",0.989103263951998,0.796498417569759,"geometric-mean-scaled index","data-update","Data update"
1974,"index","F18_R1_G18","Index 18  / Region 1  / Group 18","1974",0.580301639759145,0.681860665126106,"geometric-mean-scaled index","data-update","Data update"
1975,"index","F18_R1_G18","Index 18  / Region 1  / Group 18","1975",0.58813811691667,0.65747980277895,"geometric-mean-scaled index","data-update","Data update"
1976,"index","F18_R1_G18","Index 18  / Region 1  / Group 18","1976",0.851064006357214,0.665975689886992,"geometric-mean-scaled index","data-update","Data update"
1977,"index","F18_R1_G18","Index 18  / Region 1  / Group 18","1977",0.863018267252948,0.626337885888579,"geometric-mean-scaled index","data-update","Data update"
1978,"index","F18_R1_G18","Index 18  / Region 1  / Group 18","1978",0.935245185300877,0.660291351764621,"geometric-mean-scaled index","data-update","Data update"
1979,"index","F18_R1_G18","Index 18  / Region 1  / Group 18","1979",0.811891863308134,0.77464232674129,"geometric-mean-scaled index","data-update","Data update"
1980,"index","F18_R1_G18","Index 18  / Region 1  / Group 18","1980",0.857986996795637,0.85190351575504,"geometric-mean-scaled index","data-update","Data update"
1981,"index","F18_R1_G18","Index 18  / Region 1  / Group 18","1981",0.969775742290399,0.796723711128115,"geometric-mean-scaled index","data-update","Data update"
1982,"index","F18_R1_G18","Index 18  / Region 1  / Group 18","1982",0.754187984251701,0.693003653704461,"geometric-mean-scaled index","data-update","Data update"
1983,"index","F18_R1_G18","Index 18  / Region 1  / Group 18","1983",0.847323525052082,0.628854958999308,"geometric-mean-scaled index","data-update","Data update"
1984,"index","F18_R1_G18","Index 18  / Region 1  / Group 18","1984",0.697012441179108,0.612015233912408,"geometric-mean-scaled index","data-update","Data update"
1985,"index","F18_R1_G18","Index 18  / Region 1  / Group 18","1985",0.700113985527936,0.657505660345538,"geometric-mean-scaled index","data-update","Data update"
1986,"index","F18_R1_G18","Index 18  / Region 1  / Group 18","1986",0.916792661518106,0.698646022108897,"geometric-mean-scaled index","data-update","Data update"
1987,"index","F18_R1_G18","Index 18  / Region 1  / Group 18","1987",0.932698710694853,0.745409513847135,"geometric-mean-scaled index","data-update","Data update"
1988,"index","F18_R1_G18","Index 18  / Region 1  / Group 18","1988",0.933673375591985,0.706823690800515,"geometric-mean-scaled index","data-update","Data update"
1989,"index","F18_R1_G18","Index 18  / Region 1  / Group 18","1989",0.68771709247243,0.695932065923598,"geometric-mean-scaled index","data-update","Data update"
1990,"index","F18_R1_G18","Index 18  / Region 1  / Group 18","1990",0.776975789161292,0.701340208144292,"geometric-mean-scaled index","data-update","Data update"
1991,"index","F18_R1_G18","Index 18  / Region 1  / Group 18","1991",0.655727821196814,0.668587786760487,"geometric-mean-scaled index","data-update","Data update"
1992,"index","F18_R1_G18","Index 18  / Region 1  / Group 18","1992",0.872502177541898,0.653791389018851,"geometric-mean-scaled index","data-update","Data update"
1993,"index","F18_R1_G18","Index 18  / Region 1  / Group 18","1993",0.879147658089477,0.688875762448645,"geometric-mean-scaled index","data-update","Data update"
1994,"index","F18_R1_G18","Index 18  / Region 1  / Group 18","1994",0.948738796667378,0.728558796382738,"geometric-mean-scaled index","data-update","Data update"
1995,"index","F18_R1_G18","Index 18  / Region 1  / Group 18","1995",0.883131727989847,0.769318402314252,"geometric-mean-scaled index","data-update","Data update"
1996,"index","F18_R1_G18","Index 18  / Region 1  / Group 18","1996",0.837306959406211,0.773406721885686,"geometric-mean-scaled index","data-update","Data update"
1997,"index","F18_R1_G18","Index 18  / Region 1  / Group 18","1997",0.95208949005856,0.799845875618681,"geometric-mean-scaled index","data-update","Data update"
1998,"index","F18_R1_G18","Index 18  / Region 1  / Group 18","1998",0.856547687420413,0.762195124512906,"geometric-mean-scaled index","data-update","Data update"
1999,"index","F18_R1_G18","Index 18  / Region 1  / Group 18","1999",0.61266101448799,0.794044788055836,"geometric-mean-scaled index","data-update","Data update"
2000,"index","F18_R1_G18","Index 18  / Region 1  / Group 18","2000",0.679263091965619,0.827100516790017,"geometric-mean-scaled index","data-update","Data update"
2001,"index","F18_R1_G18","Index 18  / Region 1  / Group 18","2001",0.663388123597169,0.773541303347685,"geometric-mean-scaled index","data-update","Data update"
2002,"index","F18_R1_G18","Index 18  / Region 1  / Group 18","2002",0.695863453728742,0.608111744127288,"geometric-mean-scaled index","data-update","Data update"
2003,"index","F18_R1_G18","Index 18  / Region 1  / Group 18","2003",0.520428254256146,0.514232535225049,"geometric-mean-scaled index","data-update","Data update"
2004,"index","F18_R1_G18","Index 18  / Region 1  / Group 18","2004",0.457969008695485,0.518524880947432,"geometric-mean-scaled index","data-update","Data update"
2005,"index","F18_R1_G18","Index 18  / Region 1  / Group 18","2005",0.57000982730679,0.486383259628426,"geometric-mean-scaled index","data-update","Data update"
2006,"index","F18_R1_G18","Index 18  / Region 1  / Group 18","2006",0.692547701969523,0.496004684947783,"geometric-mean-scaled index","data-update","Data update"
2007,"index","F18_R1_G18","Index 18  / Region 1  / Group 18","2007",0.763296075617131,0.551129366756578,"geometric-mean-scaled index","data-update","Data update"
2008,"index","F18_R1_G18","Index 18  / Region 1  / Group 18","2008",0.557991706511396,0.614667511076675,"geometric-mean-scaled index","data-update","Data update"
2009,"index","F18_R1_G18","Index 18  / Region 1  / Group 18","2009",0.644374806432787,0.596557274399603,"geometric-mean-scaled index","data-update","Data update"
2010,"index","F18_R1_G18","Index 18  / Region 1  / Group 18","2010",0.629833334064991,0.450945730966373,"geometric-mean-scaled index","data-update","Data update"
2011,"index","F18_R1_G18","Index 18  / Region 1  / Group 18","2011",0.472776191924379,0.467492113334714,"geometric-mean-scaled index","data-update","Data update"
2012,"index","F18_R1_G18","Index 18  / Region 1  / Group 18","2012",0.561037772817115,0.514600121991375,"geometric-mean-scaled index","data-update","Data update"
2013,"index","F18_R1_G18","Index 18  / Region 1  / Group 18","2013",0.518607359493591,0.510835807722088,"geometric-mean-scaled index","data-update","Data update"
2014,"index","F18_R1_G18","Index 18  / Region 1  / Group 18","2014",0.534249440170542,0.520053775196055,"geometric-mean-scaled index","data-update","Data update"
2015,"index","F18_R1_G18","Index 18  / Region 1  / Group 18","2015",0.610459945494768,0.550495254755549,"geometric-mean-scaled index","data-update","Data update"
2016,"index","F18_R1_G18","Index 18  / Region 1  / Group 18","2016",0.483833914957584,0.579583751238703,"geometric-mean-scaled index","data-update","Data update"
2017,"index","F18_R1_G18","Index 18  / Region 1  / Group 18","2017",0.503585067785675,0.579525220592864,"geometric-mean-scaled index","data-update","Data update"
2018,"index","F18_R1_G18","Index 18  / Region 1  / Group 18","2018",0.44199217333407,0.514358165494182,"geometric-mean-scaled index","data-update","Data update"
2019,"index","F18_R1_G18","Index 18  / Region 1  / Group 18","2019",0.466975339471439,0.4677529930928,"geometric-mean-scaled index","data-update","Data update"
2020,"index","F18_R1_G18","Index 18  / Region 1  / Group 18","2020",0.377731205082218,0.446918984196135,"geometric-mean-scaled index","data-update","Data update"
2021,"index","F18_R1_G18","Index 18  / Region 1  / Group 18","2021",0.384903092509445,0.443600994806609,"geometric-mean-scaled index","data-update","Data update"
2022,"index","F18_R1_G18","Index 18  / Region 1  / Group 18","2022",0.533173522636986,0.406867459900195,"geometric-mean-scaled index","data-update","Data update"
1992,"index","F19_R1_G19","Index 19  / Region 1  / Group 19","1992",1.85927115000846,0.818316184152205,"geometric-mean-scaled index","data-update","Data update"
1993,"index","F19_R1_G19","Index 19  / Region 1  / Group 19","1993",0.849266654622091,0.793210816005085,"geometric-mean-scaled index","data-update","Data update"
1994,"index","F19_R1_G19","Index 19  / Region 1  / Group 19","1994",1.00123553533734,0.784734590136262,"geometric-mean-scaled index","data-update","Data update"
1995,"index","F19_R1_G19","Index 19  / Region 1  / Group 19","1995",1.31046507492219,0.925368423880432,"geometric-mean-scaled index","data-update","Data update"
1996,"index","F19_R1_G19","Index 19  / Region 1  / Group 19","1996",1.21306505673522,0.961188663484538,"geometric-mean-scaled index","data-update","Data update"
1997,"index","F19_R1_G19","Index 19  / Region 1  / Group 19","1997",0.799390157141791,0.72950066571572,"geometric-mean-scaled index","data-update","Data update"
1998,"index","F19_R1_G19","Index 19  / Region 1  / Group 19","1998",1.99291282185133,0.602093909093866,"geometric-mean-scaled index","data-update","Data update"
1999,"index","F19_R1_G19","Index 19  / Region 1  / Group 19","1999",1.3696369541503,0.576588262106364,"geometric-mean-scaled index","data-update","Data update"
2000,"index","F19_R1_G19","Index 19  / Region 1  / Group 19","2000",0.965612099781253,0.965000219502232,"geometric-mean-scaled index","data-update","Data update"
2001,"index","F19_R1_G19","Index 19  / Region 1  / Group 19","2001",0.810369966030035,0.749020776263299,"geometric-mean-scaled index","data-update","Data update"
2002,"index","F19_R1_G19","Index 19  / Region 1  / Group 19","2002",0.74171237247259,0.896681237967827,"geometric-mean-scaled index","data-update","Data update"
2003,"index","F19_R1_G19","Index 19  / Region 1  / Group 19","2003",1.03600097632011,1.24109210037347,"geometric-mean-scaled index","data-update","Data update"
2004,"index","F19_R1_G19","Index 19  / Region 1  / Group 19","2004",1.05045112419079,1.13603296374615,"geometric-mean-scaled index","data-update","Data update"
2005,"index","F19_R1_G19","Index 19  / Region 1  / Group 19","2005",0.734713898314047,0.798671241863626,"geometric-mean-scaled index","data-update","Data update"
2006,"index","F19_R1_G19","Index 19  / Region 1  / Group 19","2006",0.882670668461906,0.734485014726205,"geometric-mean-scaled index","data-update","Data update"
2007,"index","F19_R1_G19","Index 19  / Region 1  / Group 19","2007",1.03363575876466,0.982501987332532,"geometric-mean-scaled index","data-update","Data update"
2008,"index","F19_R1_G19","Index 19  / Region 1  / Group 19","2008",1.33647576097039,1.20976202607123,"geometric-mean-scaled index","data-update","Data update"
2009,"index","F19_R1_G19","Index 19  / Region 1  / Group 19","2009",0.832547956398684,1.0293528086797,"geometric-mean-scaled index","data-update","Data update"
2010,"index","F19_R1_G19","Index 19  / Region 1  / Group 19","2010",1.1710748925389,0.999675693431136,"geometric-mean-scaled index","data-update","Data update"
2011,"index","F19_R1_G19","Index 19  / Region 1  / Group 19","2011",1.14908021933067,1.19479768721536,"geometric-mean-scaled index","data-update","Data update"
2012,"index","F19_R1_G19","Index 19  / Region 1  / Group 19","2012",0.992144371207608,1.23044097984601,"geometric-mean-scaled index","data-update","Data update"
2013,"index","F19_R1_G19","Index 19  / Region 1  / Group 19","2013",0.812541615693899,1.01023033980274,"geometric-mean-scaled index","data-update","Data update"
2014,"index","F19_R1_G19","Index 19  / Region 1  / Group 19","2014",0.869128916645273,0.881621707555455,"geometric-mean-scaled index","data-update","Data update"
2015,"index","F19_R1_G19","Index 19  / Region 1  / Group 19","2015",0.923487470227196,0.998218268904181,"geometric-mean-scaled index","data-update","Data update"
2016,"index","F19_R1_G19","Index 19  / Region 1  / Group 19","2016",0.994049496935054,1.02666470012897,"geometric-mean-scaled index","data-update","Data update"
2017,"index","F19_R1_G19","Index 19  / Region 1  / Group 19","2017",0.679637993540111,0.762716809720302,"geometric-mean-scaled index","data-update","Data update"
2018,"index","F19_R1_G19","Index 19  / Region 1  / Group 19","2018",1.1614387047662,0.658392612676679,"geometric-mean-scaled index","data-update","Data update"
2019,"index","F19_R1_G19","Index 19  / Region 1  / Group 19","2019",0.909406517143503,1.14959031315816,"geometric-mean-scaled index","data-update","Data update"
2020,"index","F19_R1_G19","Index 19  / Region 1  / Group 19","2020",0.960523282163485,1.22710632269478,"geometric-mean-scaled index","data-update","Data update"
2021,"index","F19_R1_G19","Index 19  / Region 1  / Group 19","2021",0.974737478989675,1.11549115175076,"geometric-mean-scaled index","data-update","Data update"
2022,"index","F19_R1_G19","Index 19  / Region 1  / Group 19","2022",0.665420460916155,0.945360188528265,"geometric-mean-scaled index","data-update","Data update"
1954,"index","F20_R2_G20","Index 20  / Region 2  / Group 20","1954",4.21096154805618,2.99808410540014,"geometric-mean-scaled index","data-update","Data update"
1955,"index","F20_R2_G20","Index 20  / Region 2  / Group 20","1955",3.11733650195403,2.93107477243987,"geometric-mean-scaled index","data-update","Data update"
1956,"index","F20_R2_G20","Index 20  / Region 2  / Group 20","1956",3.11471220345346,2.90658314168873,"geometric-mean-scaled index","data-update","Data update"
1957,"index","F20_R2_G20","Index 20  / Region 2  / Group 20","1957",2.49122048423764,2.88151774579211,"geometric-mean-scaled index","data-update","Data update"
1958,"index","F20_R2_G20","Index 20  / Region 2  / Group 20","1958",3.38277838084962,2.85726568868196,"geometric-mean-scaled index","data-update","Data update"
1959,"index","F20_R2_G20","Index 20  / Region 2  / Group 20","1959",3.53910335426992,2.83004554942324,"geometric-mean-scaled index","data-update","Data update"
1960,"index","F20_R2_G20","Index 20  / Region 2  / Group 20","1960",2.88806453309758,2.78237092927654,"geometric-mean-scaled index","data-update","Data update"
1961,"index","F20_R2_G20","Index 20  / Region 2  / Group 20","1961",2.77519235560544,2.49078957384977,"geometric-mean-scaled index","data-update","Data update"
1962,"index","F20_R2_G20","Index 20  / Region 2  / Group 20","1962",2.84542670742501,2.35011627123998,"geometric-mean-scaled index","data-update","Data update"
1963,"index","F20_R2_G20","Index 20  / Region 2  / Group 20","1963",2.15624779216803,1.90802199525523,"geometric-mean-scaled index","data-update","Data update"
1964,"index","F20_R2_G20","Index 20  / Region 2  / Group 20","1964",1.77294323917794,1.49499635064721,"geometric-mean-scaled index","data-update","Data update"
1965,"index","F20_R2_G20","Index 20  / Region 2  / Group 20","1965",1.39305357413891,1.41590043861977,"geometric-mean-scaled index","data-update","Data update"
1966,"index","F20_R2_G20","Index 20  / Region 2  / Group 20","1966",2.15604911541288,1.47901073162443,"geometric-mean-scaled index","data-update","Data update"
1967,"index","F20_R2_G20","Index 20  / Region 2  / Group 20","1967",1.83466830687541,1.62139338618449,"geometric-mean-scaled index","data-update","Data update"
1968,"index","F20_R2_G20","Index 20  / Region 2  / Group 20","1968",1.49027459282616,1.37014980388985,"geometric-mean-scaled index","data-update","Data update"
1969,"index","F20_R2_G20","Index 20  / Region 2  / Group 20","1969",0.90397341842816,1.04646124511655,"geometric-mean-scaled index","data-update","Data update"
1970,"index","F20_R2_G20","Index 20  / Region 2  / Group 20","1970",1.74296686069583,1.00626730380915,"geometric-mean-scaled index","data-update","Data update"
1971,"index","F20_R2_G20","Index 20  / Region 2  / Group 20","1971",1.05128168838887,0.892363316394837,"geometric-mean-scaled index","data-update","Data update"
1972,"index","F20_R2_G20","Index 20  / Region 2  / Group 20","1972",1.03629787461149,0.801407461590678,"geometric-mean-scaled index","data-update","Data update"
1973,"index","F20_R2_G20","Index 20  / Region 2  / Group 20","1973",1.14631510743072,0.72238700985634,"geometric-mean-scaled index","data-update","Data update"
1974,"index","F20_R2_G20","Index 20  / Region 2  / Group 20","1974",0.503606327140092,0.631368358788601,"geometric-mean-scaled index","data-update","Data update"
1975,"index","F20_R2_G20","Index 20  / Region 2  / Group 20","1975",0.345168043176568,0.57812117071087,"geometric-mean-scaled index","data-update","Data update"
1976,"index","F20_R2_G20","Index 20  / Region 2  / Group 20","1976",0.392881567888747,0.565423507982638,"geometric-mean-scaled index","data-update","Data update"
1977,"index","F20_R2_G20","Index 20  / Region 2  / Group 20","1977",0.722292569399697,0.678165887856186,"geometric-mean-scaled index","data-update","Data update"
1978,"index","F20_R2_G20","Index 20  / Region 2  / Group 20","1978",1.34450541165844,0.917142574133779,"geometric-mean-scaled index","data-update","Data update"
1979,"index","F20_R2_G20","Index 20  / Region 2  / Group 20","1979",0.925834385511787,0.878663926149427,"geometric-mean-scaled index","data-update","Data update"
1980,"index","F20_R2_G20","Index 20  / Region 2  / Group 20","1980",0.665679781043966,0.746850837531041,"geometric-mean-scaled index","data-update","Data update"
1981,"index","F20_R2_G20","Index 20  / Region 2  / Group 20","1981",0.591226781169868,0.631335721810085,"geometric-mean-scaled index","data-update","Data update"
1982,"index","F20_R2_G20","Index 20  / Region 2  / Group 20","1982",0.474104859767232,0.559993351102187,"geometric-mean-scaled index","data-update","Data update"
1983,"index","F20_R2_G20","Index 20  / Region 2  / Group 20","1983",0.516419783951321,0.57174037606543,"geometric-mean-scaled index","data-update","Data update"
1984,"index","F20_R2_G20","Index 20  / Region 2  / Group 20","1984",0.705603550009173,0.671222453443375,"geometric-mean-scaled index","data-update","Data update"
1985,"index","F20_R2_G20","Index 20  / Region 2  / Group 20","1985",0.596630644214555,0.701090688493863,"geometric-mean-scaled index","data-update","Data update"
1986,"index","F20_R2_G20","Index 20  / Region 2  / Group 20","1986",0.576521368772823,0.668084539442902,"geometric-mean-scaled index","data-update","Data update"
1987,"index","F20_R2_G20","Index 20  / Region 2  / Group 20","1987",0.738069475063823,0.656039033950032,"geometric-mean-scaled index","data-update","Data update"
1988,"index","F20_R2_G20","Index 20  / Region 2  / Group 20","1988",0.631881286279668,0.687697491337156,"geometric-mean-scaled index","data-update","Data update"
1989,"index","F20_R2_G20","Index 20  / Region 2  / Group 20","1989",0.538572813890766,0.585165545319055,"geometric-mean-scaled index","data-update","Data update"
1990,"index","F20_R2_G20","Index 20  / Region 2  / Group 20","1990",0.558798697122352,0.597021667283359,"geometric-mean-scaled index","data-update","Data update"
1991,"index","F20_R2_G20","Index 20  / Region 2  / Group 20","1991",0.596239520556125,0.612578038462261,"geometric-mean-scaled index","data-update","Data update"
1992,"index","F20_R2_G20","Index 20  / Region 2  / Group 20","1992",0.949703632796349,0.662710156215168,"geometric-mean-scaled index","data-update","Data update"
1993,"index","F20_R2_G20","Index 20  / Region 2  / Group 20","1993",0.773853468646436,0.770885054126258,"geometric-mean-scaled index","data-update","Data update"
1994,"index","F20_R2_G20","Index 20  / Region 2  / Group 20","1994",0.810781379423954,0.685358105939408,"geometric-mean-scaled index","data-update","Data update"
1995,"index","F20_R2_G20","Index 20  / Region 2  / Group 20","1995",1.07726297359609,0.792252962933875,"geometric-mean-scaled index","data-update","Data update"
1996,"index","F20_R2_G20","Index 20  / Region 2  / Group 20","1996",0.935003854840217,0.773786944462702,"geometric-mean-scaled index","data-update","Data update"
1997,"index","F20_R2_G20","Index 20  / Region 2  / Group 20","1997",0.800397864000986,0.778303478722961,"geometric-mean-scaled index","data-update","Data update"
1998,"index","F20_R2_G20","Index 20  / Region 2  / Group 20","1998",1.04349083940237,0.821604125774259,"geometric-mean-scaled index","data-update","Data update"
1999,"index","F20_R2_G20","Index 20  / Region 2  / Group 20","1999",0.765213765192612,0.903091197823398,"geometric-mean-scaled index","data-update","Data update"
2000,"index","F20_R2_G20","Index 20  / Region 2  / Group 20","2000",0.767097814359868,0.814900187170092,"geometric-mean-scaled index","data-update","Data update"
2001,"index","F20_R2_G20","Index 20  / Region 2  / Group 20","2001",0.841773334723493,0.757811075882979,"geometric-mean-scaled index","data-update","Data update"
2002,"index","F20_R2_G20","Index 20  / Region 2  / Group 20","2002",0.547333871289332,0.593592972757949,"geometric-mean-scaled index","data-update","Data update"
2003,"index","F20_R2_G20","Index 20  / Region 2  / Group 20","2003",0.588325890023659,0.757532527169642,"geometric-mean-scaled index","data-update","Data update"
2004,"index","F20_R2_G20","Index 20  / Region 2  / Group 20","2004",0.635814586790303,0.605940480657191,"geometric-mean-scaled index","data-update","Data update"
2005,"index","F20_R2_G20","Index 20  / Region 2  / Group 20","2005",0.834789610625378,0.695924385350219,"geometric-mean-scaled index","data-update","Data update"
2006,"index","F20_R2_G20","Index 20  / Region 2  / Group 20","2006",0.92372528101704,0.821240730768113,"geometric-mean-scaled index","data-update","Data update"
2007,"index","F20_R2_G20","Index 20  / Region 2  / Group 20","2007",0.84623569961814,0.905129776076638,"geometric-mean-scaled index","data-update","Data update"
2008,"index","F20_R2_G20","Index 20  / Region 2  / Group 20","2008",0.610796174186906,0.784754200355836,"geometric-mean-scaled index","data-update","Data update"
2009,"index","F20_R2_G20","Index 20  / Region 2  / Group 20","2009",1.05927374250753,0.733711989927013,"geometric-mean-scaled index","data-update","Data update"
2010,"index","F20_R2_G20","Index 20  / Region 2  / Group 20","2010",0.847323881897912,0.749385341322642,"geometric-mean-scaled index","data-update","Data update"
2011,"index","F20_R2_G20","Index 20  / Region 2  / Group 20","2011",1.12583979197944,0.870433932690935,"geometric-mean-scaled index","data-update","Data update"
2012,"index","F20_R2_G20","Index 20  / Region 2  / Group 20","2012",0.945525297290097,0.778787750651567,"geometric-mean-scaled index","data-update","Data update"
2013,"index","F20_R2_G20","Index 20  / Region 2  / Group 20","2013",0.87877457395759,0.771812654843299,"geometric-mean-scaled index","data-update","Data update"
2014,"index","F20_R2_G20","Index 20  / Region 2  / Group 20","2014",1.04373534993691,0.832448772264155,"geometric-mean-scaled index","data-update","Data update"
2015,"index","F20_R2_G20","Index 20  / Region 2  / Group 20","2015",1.22377077691567,0.8472197925135,"geometric-mean-scaled index","data-update","Data update"
2016,"index","F20_R2_G20","Index 20  / Region 2  / Group 20","2016",1.13572929605611,0.763573299230735,"geometric-mean-scaled index","data-update","Data update"
2017,"index","F20_R2_G20","Index 20  / Region 2  / Group 20","2017",0.734357067400453,0.694418790943551,"geometric-mean-scaled index","data-update","Data update"
2018,"index","F20_R2_G20","Index 20  / Region 2  / Group 20","2018",0.64550184014846,0.689306151177746,"geometric-mean-scaled index","data-update","Data update"
2019,"index","F20_R2_G20","Index 20  / Region 2  / Group 20","2019",0.713722524698996,0.723698327059872,"geometric-mean-scaled index","data-update","Data update"
2020,"index","F20_R2_G20","Index 20  / Region 2  / Group 20","2020",0.772716002092201,0.621001483218002,"geometric-mean-scaled index","data-update","Data update"
2021,"index","F20_R2_G20","Index 20  / Region 2  / Group 20","2021",0.751048561936257,0.459145388397922,"geometric-mean-scaled index","data-update","Data update"
2022,"index","F20_R2_G20","Index 20  / Region 2  / Group 20","2022",1.00202993070836,0.676986557237807,"geometric-mean-scaled index","data-update","Data update"
1954,"index","F18_R1_G18","Index 18  / Region 1  / Group 18","1954",4.40903714715002,5.20481768493346,"geometric-mean-scaled index","biology-update","Biology update"
1955,"index","F18_R1_G18","Index 18  / Region 1  / Group 18","1955",3.14529508758885,4.9089199996608,"geometric-mean-scaled index","biology-update","Biology update"
1956,"index","F18_R1_G18","Index 18  / Region 1  / Group 18","1956",3.55845376339654,4.7699204432135,"geometric-mean-scaled index","biology-update","Biology update"
1957,"index","F18_R1_G18","Index 18  / Region 1  / Group 18","1957",3.81367935187817,4.64534888997546,"geometric-mean-scaled index","biology-update","Biology update"
1958,"index","F18_R1_G18","Index 18  / Region 1  / Group 18","1958",4.19937988018333,4.52367690192963,"geometric-mean-scaled index","biology-update","Biology update"
1959,"index","F18_R1_G18","Index 18  / Region 1  / Group 18","1959",5.02003875847804,4.36919220560577,"geometric-mean-scaled index","biology-update","Biology update"
1960,"index","F18_R1_G18","Index 18  / Region 1  / Group 18","1960",6.09415385779237,4.23796312296262,"geometric-mean-scaled index","biology-update","Biology update"
1961,"index","F18_R1_G18","Index 18  / Region 1  / Group 18","1961",5.9871599837675,4.06350062208407,"geometric-mean-scaled index","biology-update","Biology update"
1962,"index","F18_R1_G18","Index 18  / Region 1  / Group 18","1962",4.31836862588877,3.78668290714579,"geometric-mean-scaled index","biology-update","Biology update"
1963,"index","F18_R1_G18","Index 18  / Region 1  / Group 18","1963",2.6756633141332,3.42859137693549,"geometric-mean-scaled index","biology-update","Biology update"
1964,"index","F18_R1_G18","Index 18  / Region 1  / Group 18","1964",2.42251196662564,3.0266642861134,"geometric-mean-scaled index","biology-update","Biology update"
1965,"index","F18_R1_G18","Index 18  / Region 1  / Group 18","1965",2.71599052736943,2.56700847962413,"geometric-mean-scaled index","biology-update","Biology update"
1966,"index","F18_R1_G18","Index 18  / Region 1  / Group 18","1966",2.44814503331434,2.11381162286548,"geometric-mean-scaled index","biology-update","Biology update"
1967,"index","F18_R1_G18","Index 18  / Region 1  / Group 18","1967",1.94746079529619,1.86836764385075,"geometric-mean-scaled index","biology-update","Biology update"
1968,"index","F18_R1_G18","Index 18  / Region 1  / Group 18","1968",1.71471945569896,1.80444784904877,"geometric-mean-scaled index","biology-update","Biology update"
1969,"index","F18_R1_G18","Index 18  / Region 1  / Group 18","1969",1.65433171113289,1.73929795237737,"geometric-mean-scaled index","biology-update","Biology update"
1970,"index","F18_R1_G18","Index 18  / Region 1  / Group 18","1970",1.54780579698768,1.53369655307261,"geometric-mean-scaled index","biology-update","Biology update"
1971,"index","F18_R1_G18","Index 18  / Region 1  / Group 18","1971",1.23412080025738,1.26958194497858,"geometric-mean-scaled index","biology-update","Biology update"
1972,"index","F18_R1_G18","Index 18  / Region 1  / Group 18","1972",1.07338614840291,1.07360993409161,"geometric-mean-scaled index","biology-update","Biology update"
1973,"index","F18_R1_G18","Index 18  / Region 1  / Group 18","1973",0.989103263951998,0.891731924018317,"geometric-mean-scaled index","biology-update","Biology update"
1974,"index","F18_R1_G18","Index 18  / Region 1  / Group 18","1974",0.580301639759145,0.763387483782488,"geometric-mean-scaled index","biology-update","Biology update"
1975,"index","F18_R1_G18","Index 18  / Region 1  / Group 18","1975",0.58813811691667,0.736091518328607,"geometric-mean-scaled index","biology-update","Biology update"
1976,"index","F18_R1_G18","Index 18  / Region 1  / Group 18","1976",0.851064006357214,0.745603218025654,"geometric-mean-scaled index","biology-update","Biology update"
1977,"index","F18_R1_G18","Index 18  / Region 1  / Group 18","1977",0.863018267252948,0.701226111375257,"geometric-mean-scaled index","biology-update","Biology update"
1978,"index","F18_R1_G18","Index 18  / Region 1  / Group 18","1978",0.935245185300877,0.739239230779956,"geometric-mean-scaled index","biology-update","Biology update"
1979,"index","F18_R1_G18","Index 18  / Region 1  / Group 18","1979",0.811891863308134,0.867262604938619,"geometric-mean-scaled index","biology-update","Biology update"
1980,"index","F18_R1_G18","Index 18  / Region 1  / Group 18","1980",0.857986996795637,0.953761544812708,"geometric-mean-scaled index","biology-update","Biology update"
1981,"index","F18_R1_G18","Index 18  / Region 1  / Group 18","1981",0.969775742290399,0.891984154849955,"geometric-mean-scaled index","biology-update","Biology update"
1982,"index","F18_R1_G18","Index 18  / Region 1  / Group 18","1982",0.754187984251701,0.775862786212603,"geometric-mean-scaled index","biology-update","Biology update"
1983,"index","F18_R1_G18","Index 18  / Region 1  / Group 18","1983",0.847323525052082,0.70404413887966,"geometric-mean-scaled index","biology-update","Biology update"
1984,"index","F18_R1_G18","Index 18  / Region 1  / Group 18","1984",0.697012441179108,0.685190968401935,"geometric-mean-scaled index","biology-update","Biology update"
1985,"index","F18_R1_G18","Index 18  / Region 1  / Group 18","1985",0.700113985527936,0.736120467560765,"geometric-mean-scaled index","biology-update","Biology update"
1986,"index","F18_R1_G18","Index 18  / Region 1  / Group 18","1986",0.916792661518106,0.782179785621917,"geometric-mean-scaled index","biology-update","Biology update"
1987,"index","F18_R1_G18","Index 18  / Region 1  / Group 18","1987",0.932698710694853,0.834534564415815,"geometric-mean-scaled index","biology-update","Biology update"
1988,"index","F18_R1_G18","Index 18  / Region 1  / Group 18","1988",0.933673375591985,0.791335219048403,"geometric-mean-scaled index","biology-update","Biology update"
1989,"index","F18_R1_G18","Index 18  / Region 1  / Group 18","1989",0.68771709247243,0.779141334675333,"geometric-mean-scaled index","biology-update","Biology update"
1990,"index","F18_R1_G18","Index 18  / Region 1  / Group 18","1990",0.776975789161292,0.785196102596326,"geometric-mean-scaled index","biology-update","Biology update"
1991,"index","F18_R1_G18","Index 18  / Region 1  / Group 18","1991",0.655727821196814,0.748527630829676,"geometric-mean-scaled index","biology-update","Biology update"
1992,"index","F18_R1_G18","Index 18  / Region 1  / Group 18","1992",0.872502177541898,0.731962098575453,"geometric-mean-scaled index","biology-update","Biology update"
1993,"index","F18_R1_G18","Index 18  / Region 1  / Group 18","1993",0.879147658089477,0.771241342741418,"geometric-mean-scaled index","biology-update","Biology update"
1994,"index","F18_R1_G18","Index 18  / Region 1  / Group 18","1994",0.948738796667378,0.815669087254588,"geometric-mean-scaled index","biology-update","Biology update"
1995,"index","F18_R1_G18","Index 18  / Region 1  / Group 18","1995",0.883131727989847,0.861302124330086,"geometric-mean-scaled index","biology-update","Biology update"
1996,"index","F18_R1_G18","Index 18  / Region 1  / Group 18","1996",0.837306959406211,0.865879264719844,"geometric-mean-scaled index","biology-update","Biology update"
1997,"index","F18_R1_G18","Index 18  / Region 1  / Group 18","1997",0.95208949005856,0.895479621616567,"geometric-mean-scaled index","biology-update","Biology update"
1998,"index","F18_R1_G18","Index 18  / Region 1  / Group 18","1998",0.856547687420413,0.853327150269884,"geometric-mean-scaled index","biology-update","Biology update"
1999,"index","F18_R1_G18","Index 18  / Region 1  / Group 18","1999",0.61266101448799,0.888984925758164,"geometric-mean-scaled index","biology-update","Biology update"
2000,"index","F18_R1_G18","Index 18  / Region 1  / Group 18","2000",0.679263091965619,0.925992969884475,"geometric-mean-scaled index","biology-update","Biology update"
2001,"index","F18_R1_G18","Index 18  / Region 1  / Group 18","2001",0.663388123597169,0.866029937443604,"geometric-mean-scaled index","biology-update","Biology update"
2002,"index","F18_R1_G18","Index 18  / Region 1  / Group 18","2002",0.695863453728742,0.680820757012073,"geometric-mean-scaled index","biology-update","Biology update"
2003,"index","F18_R1_G18","Index 18  / Region 1  / Group 18","2003",0.520428254256146,0.575716860088913,"geometric-mean-scaled index","biology-update","Biology update"
2004,"index","F18_R1_G18","Index 18  / Region 1  / Group 18","2004",0.457969008695485,0.580522421060712,"geometric-mean-scaled index","biology-update","Biology update"
2005,"index","F18_R1_G18","Index 18  / Region 1  / Group 18","2005",0.57000982730679,0.54453777980139,"geometric-mean-scaled index","biology-update","Biology update"
2006,"index","F18_R1_G18","Index 18  / Region 1  / Group 18","2006",0.692547701969523,0.55530959293067,"geometric-mean-scaled index","biology-update","Biology update"
2007,"index","F18_R1_G18","Index 18  / Region 1  / Group 18","2007",0.763296075617131,0.617025269303561,"geometric-mean-scaled index","biology-update","Biology update"
2008,"index","F18_R1_G18","Index 18  / Region 1  / Group 18","2008",0.557991706511396,0.68816036566193,"geometric-mean-scaled index","biology-update","Biology update"
2009,"index","F18_R1_G18","Index 18  / Region 1  / Group 18","2009",0.644374806432787,0.667884774599555,"geometric-mean-scaled index","biology-update","Biology update"
2010,"index","F18_R1_G18","Index 18  / Region 1  / Group 18","2010",0.629833334064991,0.504863155321047,"geometric-mean-scaled index","biology-update","Biology update"
2011,"index","F18_R1_G18","Index 18  / Region 1  / Group 18","2011",0.472776191924379,0.523387909494299,"geometric-mean-scaled index","biology-update","Biology update"
2012,"index","F18_R1_G18","Index 18  / Region 1  / Group 18","2012",0.561037772817115,0.576128397446866,"geometric-mean-scaled index","biology-update","Biology update"
2013,"index","F18_R1_G18","Index 18  / Region 1  / Group 18","2013",0.518607359493591,0.571914002123642,"geometric-mean-scaled index","biology-update","Biology update"
2014,"index","F18_R1_G18","Index 18  / Region 1  / Group 18","2014",0.534249440170542,0.58223411788254,"geometric-mean-scaled index","biology-update","Biology update"
2015,"index","F18_R1_G18","Index 18  / Region 1  / Group 18","2015",0.610459945494768,0.616315339563278,"geometric-mean-scaled index","biology-update","Biology update"
2016,"index","F18_R1_G18","Index 18  / Region 1  / Group 18","2016",0.483833914957584,0.648881808452026,"geometric-mean-scaled index","biology-update","Biology update"
2017,"index","F18_R1_G18","Index 18  / Region 1  / Group 18","2017",0.503585067785675,0.648816279576794,"geometric-mean-scaled index","biology-update","Biology update"
2018,"index","F18_R1_G18","Index 18  / Region 1  / Group 18","2018",0.44199217333407,0.575857511368486,"geometric-mean-scaled index","biology-update","Biology update"
2019,"index","F18_R1_G18","Index 18  / Region 1  / Group 18","2019",0.466975339471439,0.523679981397374,"geometric-mean-scaled index","biology-update","Biology update"
2020,"index","F18_R1_G18","Index 18  / Region 1  / Group 18","2020",0.377731205082218,0.500354949697846,"geometric-mean-scaled index","biology-update","Biology update"
2021,"index","F18_R1_G18","Index 18  / Region 1  / Group 18","2021",0.384903092509445,0.49664024418566,"geometric-mean-scaled index","biology-update","Biology update"
2022,"index","F18_R1_G18","Index 18  / Region 1  / Group 18","2022",0.533173522636986,0.455514656192609,"geometric-mean-scaled index","biology-update","Biology update"
1992,"index","F19_R1_G19","Index 19  / Region 1  / Group 19","1992",1.85927115000846,0.916158336605186,"geometric-mean-scaled index","biology-update","Biology update"
1993,"index","F19_R1_G19","Index 19  / Region 1  / Group 19","1993",0.849266654622091,0.888051239657867,"geometric-mean-scaled index","biology-update","Biology update"
1994,"index","F19_R1_G19","Index 19  / Region 1  / Group 19","1994",1.00123553533734,0.87856155200038,"geometric-mean-scaled index","biology-update","Biology update"
1995,"index","F19_R1_G19","Index 19  / Region 1  / Group 19","1995",1.31046507492219,1.03601030064874,"geometric-mean-scaled index","biology-update","Biology update"
1996,"index","F19_R1_G19","Index 19  / Region 1  / Group 19","1996",1.21306505673522,1.07611339498812,"geometric-mean-scaled index","biology-update","Biology update"
1997,"index","F19_R1_G19","Index 19  / Region 1  / Group 19","1997",0.799390157141791,0.816723571399121,"geometric-mean-scaled index","biology-update","Biology update"
1998,"index","F19_R1_G19","Index 19  / Region 1  / Group 19","1998",1.99291282185133,0.674083398224654,"geometric-mean-scaled index","biology-update","Biology update"
1999,"index","F19_R1_G19","Index 19  / Region 1  / Group 19","1999",1.3696369541503,0.645528163010386,"geometric-mean-scaled index","biology-update","Biology update"
2000,"index","F19_R1_G19","Index 19  / Region 1  / Group 19","2000",0.965612099781253,1.08038068052967,"geometric-mean-scaled index","biology-update","Biology update"
2001,"index","F19_R1_G19","Index 19  / Region 1  / Group 19","2001",0.810369966030035,0.838577608207823,"geometric-mean-scaled index","biology-update","Biology update"
2002,"index","F19_R1_G19","Index 19  / Region 1  / Group 19","2002",0.74171237247259,1.00389312511615,"geometric-mean-scaled index","biology-update","Biology update"
2003,"index","F19_R1_G19","Index 19  / Region 1  / Group 19","2003",1.03600097632011,1.38948354715726,"geometric-mean-scaled index","biology-update","Biology update"
2004,"index","F19_R1_G19","Index 19  / Region 1  / Group 19","2004",1.05045112419079,1.27186299202015,"geometric-mean-scaled index","biology-update","Biology update"
2005,"index","F19_R1_G19","Index 19  / Region 1  / Group 19","2005",0.734713898314047,0.894164542521234,"geometric-mean-scaled index","biology-update","Biology update"
2006,"index","F19_R1_G19","Index 19  / Region 1  / Group 19","2006",0.882670668461906,0.822303875182599,"geometric-mean-scaled index","biology-update","Biology update"
2007,"index","F19_R1_G19","Index 19  / Region 1  / Group 19","2007",1.03363575876466,1.09997505103533,"geometric-mean-scaled index","biology-update","Biology update"
2008,"index","F19_R1_G19","Index 19  / Region 1  / Group 19","2008",1.33647576097039,1.35440748571018,"geometric-mean-scaled index","biology-update","Biology update"
2009,"index","F19_R1_G19","Index 19  / Region 1  / Group 19","2009",0.832547956398684,1.15242760102184,"geometric-mean-scaled index","biology-update","Biology update"
2010,"index","F19_R1_G19","Index 19  / Region 1  / Group 19","2010",1.1710748925389,1.11920213503703,"geometric-mean-scaled index","biology-update","Biology update"
2011,"index","F19_R1_G19","Index 19  / Region 1  / Group 19","2011",1.14908021933067,1.33765393242589,"geometric-mean-scaled index","biology-update","Biology update"
2012,"index","F19_R1_G19","Index 19  / Region 1  / Group 19","2012",0.992144371207608,1.37755892308847,"geometric-mean-scaled index","biology-update","Biology update"
2013,"index","F19_R1_G19","Index 19  / Region 1  / Group 19","2013",0.812541615693899,1.13101874999655,"geometric-mean-scaled index","biology-update","Biology update"
2014,"index","F19_R1_G19","Index 19  / Region 1  / Group 19","2014",0.869128916645273,0.987032998676216,"geometric-mean-scaled index","biology-update","Biology update"
2015,"index","F19_R1_G19","Index 19  / Region 1  / Group 19","2015",0.923487470227196,1.11757045322968,"geometric-mean-scaled index","biology-update","Biology update"
2016,"index","F19_R1_G19","Index 19  / Region 1  / Group 19","2016",0.994049496935054,1.14941808818787,"geometric-mean-scaled index","biology-update","Biology update"
2017,"index","F19_R1_G19","Index 19  / Region 1  / Group 19","2017",0.679637993540111,0.853911210882512,"geometric-mean-scaled index","biology-update","Biology update"
2018,"index","F19_R1_G19","Index 19  / Region 1  / Group 19","2018",1.1614387047662,0.737113468540195,"geometric-mean-scaled index","biology-update","Biology update"
2019,"index","F19_R1_G19","Index 19  / Region 1  / Group 19","2019",0.909406517143503,1.28704132886185,"geometric-mean-scaled index","biology-update","Biology update"
2020,"index","F19_R1_G19","Index 19  / Region 1  / Group 19","2020",0.960523282163485,1.37382555693002,"geometric-mean-scaled index","biology-update","Biology update"
2021,"index","F19_R1_G19","Index 19  / Region 1  / Group 19","2021",0.974737478989675,1.24886509380792,"geometric-mean-scaled index","biology-update","Biology update"
2022,"index","F19_R1_G19","Index 19  / Region 1  / Group 19","2022",0.665420460916155,1.05839238498273,"geometric-mean-scaled index","biology-update","Biology update"
1954,"index","F20_R2_G20","Index 20  / Region 2  / Group 20","1954",4.21096154805618,3.35655068321972,"geometric-mean-scaled index","biology-update","Biology update"
1955,"index","F20_R2_G20","Index 20  / Region 2  / Group 20","1955",3.11733650195403,3.28152936479681,"geometric-mean-scaled index","biology-update","Biology update"
1956,"index","F20_R2_G20","Index 20  / Region 2  / Group 20","1956",3.11471220345346,3.25410938689064,"geometric-mean-scaled index","biology-update","Biology update"
1957,"index","F20_R2_G20","Index 20  / Region 2  / Group 20","1957",2.49122048423764,3.22604704148465,"geometric-mean-scaled index","biology-update","Biology update"
1958,"index","F20_R2_G20","Index 20  / Region 2  / Group 20","1958",3.38277838084962,3.19889528189393,"geometric-mean-scaled index","biology-update","Biology update"
1959,"index","F20_R2_G20","Index 20  / Region 2  / Group 20","1959",3.53910335426992,3.16842056076732,"geometric-mean-scaled index","biology-update","Biology update"
1960,"index","F20_R2_G20","Index 20  / Region 2  / Group 20","1960",2.88806453309758,3.11504571429874,"geometric-mean-scaled index","biology-update","Biology update"
1961,"index","F20_R2_G20","Index 20  / Region 2  / Group 20","1961",2.77519235560544,2.78860137072311,"geometric-mean-scaled index","biology-update","Biology update"
1962,"index","F20_R2_G20","Index 20  / Region 2  / Group 20","1962",2.84542670742501,2.63110843410562,"geometric-mean-scaled index","biology-update","Biology update"
1963,"index","F20_R2_G20","Index 20  / Region 2  / Group 20","1963",2.15624779216803,2.13615505990531,"geometric-mean-scaled index","biology-update","Biology update"
1964,"index","F20_R2_G20","Index 20  / Region 2  / Group 20","1964",1.77294323917794,1.67374591431155,"geometric-mean-scaled index","biology-update","Biology update"
1965,"index","F20_R2_G20","Index 20  / Region 2  / Group 20","1965",1.39305357413891,1.58519288236778,"geometric-mean-scaled index","biology-update","Biology update"
1966,"index","F20_R2_G20","Index 20  / Region 2  / Group 20","1966",2.15604911541288,1.65584897127518,"geometric-mean-scaled index","biology-update","Biology update"
1967,"index","F20_R2_G20","Index 20  / Region 2  / Group 20","1967",1.83466830687541,1.81525563888046,"geometric-mean-scaled index","biology-update","Biology update"
1968,"index","F20_R2_G20","Index 20  / Region 2  / Group 20","1968",1.49027459282616,1.53397206305059,"geometric-mean-scaled index","biology-update","Biology update"
1969,"index","F20_R2_G20","Index 20  / Region 2  / Group 20","1969",0.90397341842816,1.17158161138049,"geometric-mean-scaled index","biology-update","Biology update"
1970,"index","F20_R2_G20","Index 20  / Region 2  / Group 20","1970",1.74296686069583,1.12658187274285,"geometric-mean-scaled index","biology-update","Biology update"
1971,"index","F20_R2_G20","Index 20  / Region 2  / Group 20","1971",1.05128168838887,0.999058930311611,"geometric-mean-scaled index","biology-update","Biology update"
1972,"index","F20_R2_G20","Index 20  / Region 2  / Group 20","1972",1.03629787461149,0.897227918954781,"geometric-mean-scaled index","biology-update","Biology update"
1973,"index","F20_R2_G20","Index 20  / Region 2  / Group 20","1973",1.14631510743072,0.808759369730467,"geometric-mean-scaled index","biology-update","Biology update"
1974,"index","F20_R2_G20","Index 20  / Region 2  / Group 20","1974",0.503606327140092,0.706858053861151,"geometric-mean-scaled index","biology-update","Biology update"
1975,"index","F20_R2_G20","Index 20  / Region 2  / Group 20","1975",0.345168043176568,0.647244354165431,"geometric-mean-scaled index","biology-update","Biology update"
1976,"index","F20_R2_G20","Index 20  / Region 2  / Group 20","1976",0.392881567888747,0.633028492632736,"geometric-mean-scaled index","biology-update","Biology update"
1977,"index","F20_R2_G20","Index 20  / Region 2  / Group 20","1977",0.722292569399697,0.759250939665077,"geometric-mean-scaled index","biology-update","Biology update"
1978,"index","F20_R2_G20","Index 20  / Region 2  / Group 20","1978",1.34450541165844,1.0268009253889,"geometric-mean-scaled index","biology-update","Biology update"
1979,"index","F20_R2_G20","Index 20  / Region 2  / Group 20","1979",0.925834385511787,0.983721569493381,"geometric-mean-scaled index","biology-update","Biology update"
1980,"index","F20_R2_G20","Index 20  / Region 2  / Group 20","1980",0.665679781043966,0.836148220279317,"geometric-mean-scaled index","biology-update","Biology update"
1981,"index","F20_R2_G20","Index 20  / Region 2  / Group 20","1981",0.591226781169868,0.706821514635203,"geometric-mean-scaled index","biology-update","Biology update"
1982,"index","F20_R2_G20","Index 20  / Region 2  / Group 20","1982",0.474104859767232,0.626949077864404,"geometric-mean-scaled index","biology-update","Biology update"
1983,"index","F20_R2_G20","Index 20  / Region 2  / Group 20","1983",0.516419783951321,0.64010063842108,"geometric-mean-scaled index","biology-update","Biology update"
1984,"index","F20_R2_G20","Index 20  / Region 2  / Group 20","1984",0.705603550009173,0.751477312007257,"geometric-mean-scaled index","biology-update","Biology update"
1985,"index","F20_R2_G20","Index 20  / Region 2  / Group 20","1985",0.596630644214555,0.784916749074651,"geometric-mean-scaled index","biology-update","Biology update"
1986,"index","F20_R2_G20","Index 20  / Region 2  / Group 20","1986",0.576521368772823,0.747964212637162,"geometric-mean-scaled index","biology-update","Biology update"
1987,"index","F20_R2_G20","Index 20  / Region 2  / Group 20","1987",0.738069475063823,0.734478483661449,"geometric-mean-scaled index","biology-update","Biology update"
1988,"index","F20_R2_G20","Index 20  / Region 2  / Group 20","1988",0.631881286279668,0.769922191388337,"geometric-mean-scaled index","biology-update","Biology update"
1989,"index","F20_R2_G20","Index 20  / Region 2  / Group 20","1989",0.538572813890766,0.655130990955029,"geometric-mean-scaled index","biology-update","Biology update"
1990,"index","F20_R2_G20","Index 20  / Region 2  / Group 20","1990",0.558798697122352,0.668404692719413,"geometric-mean-scaled index","biology-update","Biology update"
1991,"index","F20_R2_G20","Index 20  / Region 2  / Group 20","1991",0.596239520556125,0.68582106480014,"geometric-mean-scaled index","biology-update","Biology update"
1992,"index","F20_R2_G20","Index 20  / Region 2  / Group 20","1992",0.949703632796349,0.741947240110459,"geometric-mean-scaled index","biology-update","Biology update"
1993,"index","F20_R2_G20","Index 20  / Region 2  / Group 20","1993",0.773853468646436,0.863056093206571,"geometric-mean-scaled index","biology-update","Biology update"
1994,"index","F20_R2_G20","Index 20  / Region 2  / Group 20","1994",0.810781379423954,0.767303096866946,"geometric-mean-scaled index","biology-update","Biology update"
1995,"index","F20_R2_G20","Index 20  / Region 2  / Group 20","1995",1.07726297359609,0.886978860675969,"geometric-mean-scaled index","biology-update","Biology update"
1996,"index","F20_R2_G20","Index 20  / Region 2  / Group 20","1996",0.935003854840217,0.866304948691938,"geometric-mean-scaled index","biology-update","Biology update"
1997,"index","F20_R2_G20","Index 20  / Region 2  / Group 20","1997",0.800397864000986,0.87136150335288,"geometric-mean-scaled index","biology-update","Biology update"
1998,"index","F20_R2_G20","Index 20  / Region 2  / Group 20","1998",1.04349083940237,0.919839401682051,"geometric-mean-scaled index","biology-update","Biology update"
1999,"index","F20_R2_G20","Index 20  / Region 2  / Group 20","1999",0.765213765192612,1.01106949321533,"geometric-mean-scaled index","biology-update","Biology update"
2000,"index","F20_R2_G20","Index 20  / Region 2  / Group 20","2000",0.767097814359868,0.912333905201298,"geometric-mean-scaled index","biology-update","Biology update"
2001,"index","F20_R2_G20","Index 20  / Region 2  / Group 20","2001",0.841773334723493,0.848418921912466,"geometric-mean-scaled index","biology-update","Biology update"
2002,"index","F20_R2_G20","Index 20  / Region 2  / Group 20","2002",0.547333871289332,0.664566045587704,"geometric-mean-scaled index","biology-update","Biology update"
2003,"index","F20_R2_G20","Index 20  / Region 2  / Group 20","2003",0.588325890023659,0.848107068461664,"geometric-mean-scaled index","biology-update","Biology update"
2004,"index","F20_R2_G20","Index 20  / Region 2  / Group 20","2004",0.635814586790303,0.678389885953159,"geometric-mean-scaled index","biology-update","Biology update"
2005,"index","F20_R2_G20","Index 20  / Region 2  / Group 20","2005",0.834789610625378,0.779132735772528,"geometric-mean-scaled index","biology-update","Biology update"
2006,"index","F20_R2_G20","Index 20  / Region 2  / Group 20","2006",0.92372528101704,0.919432557272996,"geometric-mean-scaled index","biology-update","Biology update"
2007,"index","F20_R2_G20","Index 20  / Region 2  / Group 20","2007",0.84623569961814,1.01335181452058,"geometric-mean-scaled index","biology-update","Biology update"
2008,"index","F20_R2_G20","Index 20  / Region 2  / Group 20","2008",0.610796174186906,0.878583506920121,"geometric-mean-scaled index","biology-update","Biology update"
2009,"index","F20_R2_G20","Index 20  / Region 2  / Group 20","2009",1.05927374250753,0.821438423505243,"geometric-mean-scaled index","biology-update","Biology update"
2010,"index","F20_R2_G20","Index 20  / Region 2  / Group 20","2010",0.847323881897912,0.838985762567741,"geometric-mean-scaled index","biology-update","Biology update"
2011,"index","F20_R2_G20","Index 20  / Region 2  / Group 20","2011",1.12583979197944,0.974507555077895,"geometric-mean-scaled index","biology-update","Biology update"
2012,"index","F20_R2_G20","Index 20  / Region 2  / Group 20","2012",0.945525297290097,0.871903677359906,"geometric-mean-scaled index","biology-update","Biology update"
2013,"index","F20_R2_G20","Index 20  / Region 2  / Group 20","2013",0.87877457395759,0.864094602704997,"geometric-mean-scaled index","biology-update","Biology update"
2014,"index","F20_R2_G20","Index 20  / Region 2  / Group 20","2014",1.04373534993691,0.931980690687044,"geometric-mean-scaled index","biology-update","Biology update"
2015,"index","F20_R2_G20","Index 20  / Region 2  / Group 20","2015",1.22377077691567,0.948517811183592,"geometric-mean-scaled index","biology-update","Biology update"
2016,"index","F20_R2_G20","Index 20  / Region 2  / Group 20","2016",1.13572929605611,0.854870106747453,"geometric-mean-scaled index","biology-update","Biology update"
2017,"index","F20_R2_G20","Index 20  / Region 2  / Group 20","2017",0.734357067400453,0.777447124643324,"geometric-mean-scaled index","biology-update","Biology update"
2018,"index","F20_R2_G20","Index 20  / Region 2  / Group 20","2018",0.64550184014846,0.771723190992476,"geometric-mean-scaled index","biology-update","Biology update"
2019,"index","F20_R2_G20","Index 20  / Region 2  / Group 20","2019",0.713722524698996,0.810227474860509,"geometric-mean-scaled index","biology-update","Biology update"
2020,"index","F20_R2_G20","Index 20  / Region 2  / Group 20","2020",0.772716002092201,0.695251660559284,"geometric-mean-scaled index","biology-update","Biology update"
2021,"index","F20_R2_G20","Index 20  / Region 2  / Group 20","2021",0.751048561936257,0.514043206575934,"geometric-mean-scaled index","biology-update","Biology update"
2022,"index","F20_R2_G20","Index 20  / Region 2  / Group 20","2022",1.00202993070836,0.757930602124936,"geometric-mean-scaled index","biology-update","Biology update"
1954,"index","F18_R1_G18","Index 18  / Region 1  / Group 18","1954",4.40903714715002,5.05322105333346,"geometric-mean-scaled index","reference","Reference"
1955,"index","F18_R1_G18","Index 18  / Region 1  / Group 18","1955",3.14529508758885,4.7659417472435,"geometric-mean-scaled index","reference","Reference"
1956,"index","F18_R1_G18","Index 18  / Region 1  / Group 18","1956",3.55845376339654,4.63099072156651,"geometric-mean-scaled index","reference","Reference"
1957,"index","F18_R1_G18","Index 18  / Region 1  / Group 18","1957",3.81367935187817,4.5100474659956,"geometric-mean-scaled index","reference","Reference"
1958,"index","F18_R1_G18","Index 18  / Region 1  / Group 18","1958",4.19937988018333,4.39191932226178,"geometric-mean-scaled index","reference","Reference"
1959,"index","F18_R1_G18","Index 18  / Region 1  / Group 18","1959",5.02003875847804,4.24193418019977,"geometric-mean-scaled index","reference","Reference"
1960,"index","F18_R1_G18","Index 18  / Region 1  / Group 18","1960",6.09415385779237,4.1145273038472,"geometric-mean-scaled index","reference","Reference"
1961,"index","F18_R1_G18","Index 18  / Region 1  / Group 18","1961",5.9871599837675,3.94514623503308,"geometric-mean-scaled index","reference","Reference"
1962,"index","F18_R1_G18","Index 18  / Region 1  / Group 18","1962",4.31836862588877,3.6763911719862,"geometric-mean-scaled index","reference","Reference"
1963,"index","F18_R1_G18","Index 18  / Region 1  / Group 18","1963",2.6756633141332,3.32872949217038,"geometric-mean-scaled index","reference","Reference"
1964,"index","F18_R1_G18","Index 18  / Region 1  / Group 18","1964",2.42251196662564,2.93850901564408,"geometric-mean-scaled index","reference","Reference"
1965,"index","F18_R1_G18","Index 18  / Region 1  / Group 18","1965",2.71599052736943,2.49224124235352,"geometric-mean-scaled index","reference","Reference"
1966,"index","F18_R1_G18","Index 18  / Region 1  / Group 18","1966",2.44814503331434,2.05224429404415,"geometric-mean-scaled index","reference","Reference"
1967,"index","F18_R1_G18","Index 18  / Region 1  / Group 18","1967",1.94746079529619,1.81394916878713,"geometric-mean-scaled index","reference","Reference"
1968,"index","F18_R1_G18","Index 18  / Region 1  / Group 18","1968",1.71471945569896,1.75189111558133,"geometric-mean-scaled index","reference","Reference"
1969,"index","F18_R1_G18","Index 18  / Region 1  / Group 18","1969",1.65433171113289,1.68863878871589,"geometric-mean-scaled index","reference","Reference"
1970,"index","F18_R1_G18","Index 18  / Region 1  / Group 18","1970",1.54780579698768,1.48902577968214,"geometric-mean-scaled index","reference","Reference"
1971,"index","F18_R1_G18","Index 18  / Region 1  / Group 18","1971",1.23412080025738,1.23260383007629,"geometric-mean-scaled index","reference","Reference"
1972,"index","F18_R1_G18","Index 18  / Region 1  / Group 18","1972",1.07338614840291,1.04233974183652,"geometric-mean-scaled index","reference","Reference"
1973,"index","F18_R1_G18","Index 18  / Region 1  / Group 18","1973",0.989103263951998,0.865759149532346,"geometric-mean-scaled index","reference","Reference"
1974,"index","F18_R1_G18","Index 18  / Region 1  / Group 18","1974",0.580301639759145,0.741152896876202,"geometric-mean-scaled index","reference","Reference"
1975,"index","F18_R1_G18","Index 18  / Region 1  / Group 18","1975",0.58813811691667,0.714651959542337,"geometric-mean-scaled index","reference","Reference"
1976,"index","F18_R1_G18","Index 18  / Region 1  / Group 18","1976",0.851064006357214,0.723886619442383,"geometric-mean-scaled index","reference","Reference"
1977,"index","F18_R1_G18","Index 18  / Region 1  / Group 18","1977",0.863018267252948,0.68080204987889,"geometric-mean-scaled index","reference","Reference"
1978,"index","F18_R1_G18","Index 18  / Region 1  / Group 18","1978",0.935245185300877,0.717707991048501,"geometric-mean-scaled index","reference","Reference"
1979,"index","F18_R1_G18","Index 18  / Region 1  / Group 18","1979",0.811891863308134,0.84200252906662,"geometric-mean-scaled index","reference","Reference"
1980,"index","F18_R1_G18","Index 18  / Region 1  / Group 18","1980",0.857986996795637,0.925982082342435,"geometric-mean-scaled index","reference","Reference"
1981,"index","F18_R1_G18","Index 18  / Region 1  / Group 18","1981",0.969775742290399,0.866004033834907,"geometric-mean-scaled index","reference","Reference"
1982,"index","F18_R1_G18","Index 18  / Region 1  / Group 18","1982",0.754187984251701,0.75326484098311,"geometric-mean-scaled index","reference","Reference"
1983,"index","F18_R1_G18","Index 18  / Region 1  / Group 18","1983",0.847323525052082,0.683537998912292,"geometric-mean-scaled index","reference","Reference"
1984,"index","F18_R1_G18","Index 18  / Region 1  / Group 18","1984",0.697012441179108,0.665233949904791,"geometric-mean-scaled index","reference","Reference"
1985,"index","F18_R1_G18","Index 18  / Region 1  / Group 18","1985",0.700113985527936,0.714680065592976,"geometric-mean-scaled index","reference","Reference"
1986,"index","F18_R1_G18","Index 18  / Region 1  / Group 18","1986",0.916792661518106,0.759397850118366,"geometric-mean-scaled index","reference","Reference"
1987,"index","F18_R1_G18","Index 18  / Region 1  / Group 18","1987",0.932698710694853,0.810227732442538,"geometric-mean-scaled index","reference","Reference"
1988,"index","F18_R1_G18","Index 18  / Region 1  / Group 18","1988",0.933673375591985,0.768286620435342,"geometric-mean-scaled index","reference","Reference"
1989,"index","F18_R1_G18","Index 18  / Region 1  / Group 18","1989",0.68771709247243,0.756447897743041,"geometric-mean-scaled index","reference","Reference"
1990,"index","F18_R1_G18","Index 18  / Region 1  / Group 18","1990",0.776975789161292,0.762326313200317,"geometric-mean-scaled index","reference","Reference"
1991,"index","F18_R1_G18","Index 18  / Region 1  / Group 18","1991",0.655727821196814,0.726725855174442,"geometric-mean-scaled index","reference","Reference"
1992,"index","F18_R1_G18","Index 18  / Region 1  / Group 18","1992",0.872502177541898,0.710642814150925,"geometric-mean-scaled index","reference","Reference"
1993,"index","F18_R1_G18","Index 18  / Region 1  / Group 18","1993",0.879147658089477,0.748778002661571,"geometric-mean-scaled index","reference","Reference"
1994,"index","F18_R1_G18","Index 18  / Region 1  / Group 18","1994",0.948738796667378,0.791911735198629,"geometric-mean-scaled index","reference","Reference"
1995,"index","F18_R1_G18","Index 18  / Region 1  / Group 18","1995",0.883131727989847,0.836215654689404,"geometric-mean-scaled index","reference","Reference"
1996,"index","F18_R1_G18","Index 18  / Region 1  / Group 18","1996",0.837306959406211,0.840659480310528,"geometric-mean-scaled index","reference","Reference"
1997,"index","F18_R1_G18","Index 18  / Region 1  / Group 18","1997",0.95208949005856,0.869397690889871,"geometric-mean-scaled index","reference","Reference"
1998,"index","F18_R1_G18","Index 18  / Region 1  / Group 18","1998",0.856547687420413,0.828472961427072,"geometric-mean-scaled index","reference","Reference"
1999,"index","F18_R1_G18","Index 18  / Region 1  / Group 18","1999",0.61266101448799,0.863092160930256,"geometric-mean-scaled index","reference","Reference"
2000,"index","F18_R1_G18","Index 18  / Region 1  / Group 18","2000",0.679263091965619,0.899022300858714,"geometric-mean-scaled index","reference","Reference"
2001,"index","F18_R1_G18","Index 18  / Region 1  / Group 18","2001",0.663388123597169,0.840805764508353,"geometric-mean-scaled index","reference","Reference"
2002,"index","F18_R1_G18","Index 18  / Region 1  / Group 18","2002",0.695863453728742,0.660991026225313,"geometric-mean-scaled index","reference","Reference"
2003,"index","F18_R1_G18","Index 18  / Region 1  / Group 18","2003",0.520428254256146,0.558948407853314,"geometric-mean-scaled index","reference","Reference"
2004,"index","F18_R1_G18","Index 18  / Region 1  / Group 18","2004",0.457969008695485,0.563614001029817,"geometric-mean-scaled index","reference","Reference"
2005,"index","F18_R1_G18","Index 18  / Region 1  / Group 18","2005",0.57000982730679,0.528677456117855,"geometric-mean-scaled index","reference","Reference"
2006,"index","F18_R1_G18","Index 18  / Region 1  / Group 18","2006",0.692547701969523,0.539135527117155,"geometric-mean-scaled index","reference","Reference"
2007,"index","F18_R1_G18","Index 18  / Region 1  / Group 18","2007",0.763296075617131,0.59905365951802,"geometric-mean-scaled index","reference","Reference"
2008,"index","F18_R1_G18","Index 18  / Region 1  / Group 18","2008",0.557991706511396,0.668116859865951,"geometric-mean-scaled index","reference","Reference"
2009,"index","F18_R1_G18","Index 18  / Region 1  / Group 18","2009",0.644374806432787,0.648431819999568,"geometric-mean-scaled index","reference","Reference"
2010,"index","F18_R1_G18","Index 18  / Region 1  / Group 18","2010",0.629833334064991,0.490158403224318,"geometric-mean-scaled index","reference","Reference"
2011,"index","F18_R1_G18","Index 18  / Region 1  / Group 18","2011",0.472776191924379,0.508143601450776,"geometric-mean-scaled index","reference","Reference"
2012,"index","F18_R1_G18","Index 18  / Region 1  / Group 18","2012",0.561037772817115,0.559347958686277,"geometric-mean-scaled index","reference","Reference"
2013,"index","F18_R1_G18","Index 18  / Region 1  / Group 18","2013",0.518607359493591,0.5552563127414,"geometric-mean-scaled index","reference","Reference"
2014,"index","F18_R1_G18","Index 18  / Region 1  / Group 18","2014",0.534249440170542,0.565275842604407,"geometric-mean-scaled index","reference","Reference"
2015,"index","F18_R1_G18","Index 18  / Region 1  / Group 18","2015",0.610459945494768,0.598364407342988,"geometric-mean-scaled index","reference","Reference"
2016,"index","F18_R1_G18","Index 18  / Region 1  / Group 18","2016",0.483833914957584,0.629982338302938,"geometric-mean-scaled index","reference","Reference"
2017,"index","F18_R1_G18","Index 18  / Region 1  / Group 18","2017",0.503585067785675,0.629918718035722,"geometric-mean-scaled index","reference","Reference"
2018,"index","F18_R1_G18","Index 18  / Region 1  / Group 18","2018",0.44199217333407,0.559084962493676,"geometric-mean-scaled index","reference","Reference"
2019,"index","F18_R1_G18","Index 18  / Region 1  / Group 18","2019",0.466975339471439,0.508427166405218,"geometric-mean-scaled index","reference","Reference"
2020,"index","F18_R1_G18","Index 18  / Region 1  / Group 18","2020",0.377731205082218,0.485781504561016,"geometric-mean-scaled index","reference","Reference"
2021,"index","F18_R1_G18","Index 18  / Region 1  / Group 18","2021",0.384903092509445,0.48217499435501,"geometric-mean-scaled index","reference","Reference"
2022,"index","F18_R1_G18","Index 18  / Region 1  / Group 18","2022",0.533173522636986,0.442247239021951,"geometric-mean-scaled index","reference","Reference"
1992,"index","F19_R1_G19","Index 19  / Region 1  / Group 19","1992",1.85927115000846,0.889474113208919,"geometric-mean-scaled index","reference","Reference"
1993,"index","F19_R1_G19","Index 19  / Region 1  / Group 19","1993",0.849266654622091,0.862185669570745,"geometric-mean-scaled index","reference","Reference"
1994,"index","F19_R1_G19","Index 19  / Region 1  / Group 19","1994",1.00123553533734,0.852972380582893,"geometric-mean-scaled index","reference","Reference"
1995,"index","F19_R1_G19","Index 19  / Region 1  / Group 19","1995",1.31046507492219,1.0058352433483,"geometric-mean-scaled index","reference","Reference"
1996,"index","F19_R1_G19","Index 19  / Region 1  / Group 19","1996",1.21306505673522,1.04477028639624,"geometric-mean-scaled index","reference","Reference"
1997,"index","F19_R1_G19","Index 19  / Region 1  / Group 19","1997",0.799390157141791,0.792935506212739,"geometric-mean-scaled index","reference","Reference"
1998,"index","F19_R1_G19","Index 19  / Region 1  / Group 19","1998",1.99291282185133,0.654449901188984,"geometric-mean-scaled index","reference","Reference"
1999,"index","F19_R1_G19","Index 19  / Region 1  / Group 19","1999",1.3696369541503,0.626726371854744,"geometric-mean-scaled index","reference","Reference"
2000,"index","F19_R1_G19","Index 19  / Region 1  / Group 19","2000",0.965612099781253,1.04891328206764,"geometric-mean-scaled index","reference","Reference"
2001,"index","F19_R1_G19","Index 19  / Region 1  / Group 19","2001",0.810369966030035,0.814153017677498,"geometric-mean-scaled index","reference","Reference"
2002,"index","F19_R1_G19","Index 19  / Region 1  / Group 19","2002",0.74171237247259,0.974653519530247,"geometric-mean-scaled index","reference","Reference"
2003,"index","F19_R1_G19","Index 19  / Region 1  / Group 19","2003",1.03600097632011,1.34901315257986,"geometric-mean-scaled index","reference","Reference"
2004,"index","F19_R1_G19","Index 19  / Region 1  / Group 19","2004",1.05045112419079,1.23481843885451,"geometric-mean-scaled index","reference","Reference"
2005,"index","F19_R1_G19","Index 19  / Region 1  / Group 19","2005",0.734713898314047,0.868120915069159,"geometric-mean-scaled index","reference","Reference"
2006,"index","F19_R1_G19","Index 19  / Region 1  / Group 19","2006",0.882670668461906,0.79835327687631,"geometric-mean-scaled index","reference","Reference"
2007,"index","F19_R1_G19","Index 19  / Region 1  / Group 19","2007",1.03363575876466,1.06793694275275,"geometric-mean-scaled index","reference","Reference"
2008,"index","F19_R1_G19","Index 19  / Region 1  / Group 19","2008",1.33647576097039,1.31495872399046,"geometric-mean-scaled index","reference","Reference"
2009,"index","F19_R1_G19","Index 19  / Region 1  / Group 19","2009",0.832547956398684,1.11886174856489,"geometric-mean-scaled index","reference","Reference"
2010,"index","F19_R1_G19","Index 19  / Region 1  / Group 19","2010",1.1710748925389,1.08660401459906,"geometric-mean-scaled index","reference","Reference"
2011,"index","F19_R1_G19","Index 19  / Region 1  / Group 19","2011",1.14908021933067,1.29869313827757,"geometric-mean-scaled index","reference","Reference"
2012,"index","F19_R1_G19","Index 19  / Region 1  / Group 19","2012",0.992144371207608,1.3374358476587,"geometric-mean-scaled index","reference","Reference"
2013,"index","F19_R1_G19","Index 19  / Region 1  / Group 19","2013",0.812541615693899,1.09807645630733,"geometric-mean-scaled index","reference","Reference"
2014,"index","F19_R1_G19","Index 19  / Region 1  / Group 19","2014",0.869128916645273,0.958284464734191,"geometric-mean-scaled index","reference","Reference"
2015,"index","F19_R1_G19","Index 19  / Region 1  / Group 19","2015",0.923487470227196,1.08501985750454,"geometric-mean-scaled index","reference","Reference"
2016,"index","F19_R1_G19","Index 19  / Region 1  / Group 19","2016",0.994049496935054,1.11593989144454,"geometric-mean-scaled index","reference","Reference"
2017,"index","F19_R1_G19","Index 19  / Region 1  / Group 19","2017",0.679637993540111,0.829040010565546,"geometric-mean-scaled index","reference","Reference"
2018,"index","F19_R1_G19","Index 19  / Region 1  / Group 19","2018",1.1614387047662,0.715644144213782,"geometric-mean-scaled index","reference","Reference"
2019,"index","F19_R1_G19","Index 19  / Region 1  / Group 19","2019",0.909406517143503,1.24955468821539,"geometric-mean-scaled index","reference","Reference"
2020,"index","F19_R1_G19","Index 19  / Region 1  / Group 19","2020",0.960523282163485,1.33381122032041,"geometric-mean-scaled index","reference","Reference"
2021,"index","F19_R1_G19","Index 19  / Region 1  / Group 19","2021",0.974737478989675,1.21249038233779,"geometric-mean-scaled index","reference","Reference"
2022,"index","F19_R1_G19","Index 19  / Region 1  / Group 19","2022",0.665420460916155,1.02756542231333,"geometric-mean-scaled index","reference","Reference"
1954,"index","F20_R2_G20","Index 20  / Region 2  / Group 20","1954",4.21096154805618,3.25878707108711,"geometric-mean-scaled index","reference","Reference"
1955,"index","F20_R2_G20","Index 20  / Region 2  / Group 20","1955",3.11733650195403,3.18595083960855,"geometric-mean-scaled index","reference","Reference"
1956,"index","F20_R2_G20","Index 20  / Region 2  / Group 20","1956",3.11471220345346,3.15932950183558,"geometric-mean-scaled index","reference","Reference"
1957,"index","F20_R2_G20","Index 20  / Region 2  / Group 20","1957",2.49122048423764,3.13208450629577,"geometric-mean-scaled index","reference","Reference"
1958,"index","F20_R2_G20","Index 20  / Region 2  / Group 20","1958",3.38277838084962,3.1057235746543,"geometric-mean-scaled index","reference","Reference"
1959,"index","F20_R2_G20","Index 20  / Region 2  / Group 20","1959",3.53910335426992,3.07613646676439,"geometric-mean-scaled index","reference","Reference"
1960,"index","F20_R2_G20","Index 20  / Region 2  / Group 20","1960",2.88806453309758,3.0243162274745,"geometric-mean-scaled index","reference","Reference"
1961,"index","F20_R2_G20","Index 20  / Region 2  / Group 20","1961",2.77519235560544,2.70737997157584,"geometric-mean-scaled index","reference","Reference"
1962,"index","F20_R2_G20","Index 20  / Region 2  / Group 20","1962",2.84542670742501,2.55447420786954,"geometric-mean-scaled index","reference","Reference"
1963,"index","F20_R2_G20","Index 20  / Region 2  / Group 20","1963",2.15624779216803,2.07393695136438,"geometric-mean-scaled index","reference","Reference"
1964,"index","F20_R2_G20","Index 20  / Region 2  / Group 20","1964",1.77294323917794,1.62499603331218,"geometric-mean-scaled index","reference","Reference"
1965,"index","F20_R2_G20","Index 20  / Region 2  / Group 20","1965",1.39305357413891,1.53902221589105,"geometric-mean-scaled index","reference","Reference"
1966,"index","F20_R2_G20","Index 20  / Region 2  / Group 20","1966",2.15604911541288,1.60762036046134,"geometric-mean-scaled index","reference","Reference"
1967,"index","F20_R2_G20","Index 20  / Region 2  / Group 20","1967",1.83466830687541,1.76238411541792,"geometric-mean-scaled index","reference","Reference"
1968,"index","F20_R2_G20","Index 20  / Region 2  / Group 20","1968",1.49027459282616,1.48929326509766,"geometric-mean-scaled index","reference","Reference"
1969,"index","F20_R2_G20","Index 20  / Region 2  / Group 20","1969",0.90397341842816,1.13745787512669,"geometric-mean-scaled index","reference","Reference"
1970,"index","F20_R2_G20","Index 20  / Region 2  / Group 20","1970",1.74296686069583,1.0937688084882,"geometric-mean-scaled index","reference","Reference"
1971,"index","F20_R2_G20","Index 20  / Region 2  / Group 20","1971",1.05128168838887,0.969960126516127,"geometric-mean-scaled index","reference","Reference"
1972,"index","F20_R2_G20","Index 20  / Region 2  / Group 20","1972",1.03629787461149,0.87109506694639,"geometric-mean-scaled index","reference","Reference"
1973,"index","F20_R2_G20","Index 20  / Region 2  / Group 20","1973",1.14631510743072,0.785203271582978,"geometric-mean-scaled index","reference","Reference"
1974,"index","F20_R2_G20","Index 20  / Region 2  / Group 20","1974",0.503606327140092,0.686269955205001,"geometric-mean-scaled index","reference","Reference"
1975,"index","F20_R2_G20","Index 20  / Region 2  / Group 20","1975",0.345168043176568,0.628392576859641,"geometric-mean-scaled index","reference","Reference"
1976,"index","F20_R2_G20","Index 20  / Region 2  / Group 20","1976",0.392881567888747,0.614590769546345,"geometric-mean-scaled index","reference","Reference"
1977,"index","F20_R2_G20","Index 20  / Region 2  / Group 20","1977",0.722292569399697,0.737136834626289,"geometric-mean-scaled index","reference","Reference"
1978,"index","F20_R2_G20","Index 20  / Region 2  / Group 20","1978",1.34450541165844,0.996894102319325,"geometric-mean-scaled index","reference","Reference"
1979,"index","F20_R2_G20","Index 20  / Region 2  / Group 20","1979",0.925834385511787,0.95506948494503,"geometric-mean-scaled index","reference","Reference"
1980,"index","F20_R2_G20","Index 20  / Region 2  / Group 20","1980",0.665679781043966,0.811794388620696,"geometric-mean-scaled index","reference","Reference"
1981,"index","F20_R2_G20","Index 20  / Region 2  / Group 20","1981",0.591226781169868,0.686234480228353,"geometric-mean-scaled index","reference","Reference"
1982,"index","F20_R2_G20","Index 20  / Region 2  / Group 20","1982",0.474104859767232,0.608688425111072,"geometric-mean-scaled index","reference","Reference"
1983,"index","F20_R2_G20","Index 20  / Region 2  / Group 20","1983",0.516419783951321,0.621456930505902,"geometric-mean-scaled index","reference","Reference"
1984,"index","F20_R2_G20","Index 20  / Region 2  / Group 20","1984",0.705603550009173,0.729589623308017,"geometric-mean-scaled index","reference","Reference"
1985,"index","F20_R2_G20","Index 20  / Region 2  / Group 20","1985",0.596630644214555,0.762055096188981,"geometric-mean-scaled index","reference","Reference"
1986,"index","F20_R2_G20","Index 20  / Region 2  / Group 20","1986",0.576521368772823,0.726178847220545,"geometric-mean-scaled index","reference","Reference"
1987,"index","F20_R2_G20","Index 20  / Region 2  / Group 20","1987",0.738069475063823,0.713085906467426,"geometric-mean-scaled index","reference","Reference"
1988,"index","F20_R2_G20","Index 20  / Region 2  / Group 20","1988",0.631881286279668,0.747497273192561,"geometric-mean-scaled index","reference","Reference"
1989,"index","F20_R2_G20","Index 20  / Region 2  / Group 20","1989",0.538572813890766,0.636049505781582,"geometric-mean-scaled index","reference","Reference"
1990,"index","F20_R2_G20","Index 20  / Region 2  / Group 20","1990",0.558798697122352,0.648936594873216,"geometric-mean-scaled index","reference","Reference"
1991,"index","F20_R2_G20","Index 20  / Region 2  / Group 20","1991",0.596239520556125,0.665845693980718,"geometric-mean-scaled index","reference","Reference"
1992,"index","F20_R2_G20","Index 20  / Region 2  / Group 20","1992",0.949703632796349,0.720337126320834,"geometric-mean-scaled index","reference","Reference"
1993,"index","F20_R2_G20","Index 20  / Region 2  / Group 20","1993",0.773853468646436,0.837918537093758,"geometric-mean-scaled index","reference","Reference"
1994,"index","F20_R2_G20","Index 20  / Region 2  / Group 20","1994",0.810781379423954,0.744954462977618,"geometric-mean-scaled index","reference","Reference"
1995,"index","F20_R2_G20","Index 20  / Region 2  / Group 20","1995",1.07726297359609,0.861144524928125,"geometric-mean-scaled index","reference","Reference"
1996,"index","F20_R2_G20","Index 20  / Region 2  / Group 20","1996",0.935003854840217,0.841072765720328,"geometric-mean-scaled index","reference","Reference"
1997,"index","F20_R2_G20","Index 20  / Region 2  / Group 20","1997",0.800397864000986,0.845982042090175,"geometric-mean-scaled index","reference","Reference"
1998,"index","F20_R2_G20","Index 20  / Region 2  / Group 20","1998",1.04349083940237,0.893047962798107,"geometric-mean-scaled index","reference","Reference"
1999,"index","F20_R2_G20","Index 20  / Region 2  / Group 20","1999",0.765213765192612,0.981620867199346,"geometric-mean-scaled index","reference","Reference"
2000,"index","F20_R2_G20","Index 20  / Region 2  / Group 20","2000",0.767097814359868,0.885761073010969,"geometric-mean-scaled index","reference","Reference"
2001,"index","F20_R2_G20","Index 20  / Region 2  / Group 20","2001",0.841773334723493,0.823707691177151,"geometric-mean-scaled index","reference","Reference"
2002,"index","F20_R2_G20","Index 20  / Region 2  / Group 20","2002",0.547333871289332,0.645209752997771,"geometric-mean-scaled index","reference","Reference"
2003,"index","F20_R2_G20","Index 20  / Region 2  / Group 20","2003",0.588325890023659,0.823404920836567,"geometric-mean-scaled index","reference","Reference"
2004,"index","F20_R2_G20","Index 20  / Region 2  / Group 20","2004",0.635814586790303,0.658630957236077,"geometric-mean-scaled index","reference","Reference"
2005,"index","F20_R2_G20","Index 20  / Region 2  / Group 20","2005",0.834789610625378,0.756439549293717,"geometric-mean-scaled index","reference","Reference"
2006,"index","F20_R2_G20","Index 20  / Region 2  / Group 20","2006",0.92372528101704,0.892652968226209,"geometric-mean-scaled index","reference","Reference"
2007,"index","F20_R2_G20","Index 20  / Region 2  / Group 20","2007",0.84623569961814,0.98383671312678,"geometric-mean-scaled index","reference","Reference"
2008,"index","F20_R2_G20","Index 20  / Region 2  / Group 20","2008",0.610796174186906,0.852993696038953,"geometric-mean-scaled index","reference","Reference"
2009,"index","F20_R2_G20","Index 20  / Region 2  / Group 20","2009",1.05927374250753,0.797513032529362,"geometric-mean-scaled index","reference","Reference"
2010,"index","F20_R2_G20","Index 20  / Region 2  / Group 20","2010",0.847323881897912,0.81454928404635,"geometric-mean-scaled index","reference","Reference"
2011,"index","F20_R2_G20","Index 20  / Region 2  / Group 20","2011",1.12583979197944,0.946123839881451,"geometric-mean-scaled index","reference","Reference"
2012,"index","F20_R2_G20","Index 20  / Region 2  / Group 20","2012",0.945525297290097,0.846508424621268,"geometric-mean-scaled index","reference","Reference"
2013,"index","F20_R2_G20","Index 20  / Region 2  / Group 20","2013",0.87877457395759,0.838926798742716,"geometric-mean-scaled index","reference","Reference"
2014,"index","F20_R2_G20","Index 20  / Region 2  / Group 20","2014",1.04373534993691,0.904835622026256,"geometric-mean-scaled index","reference","Reference"
2015,"index","F20_R2_G20","Index 20  / Region 2  / Group 20","2015",1.22377077691567,0.920891078819022,"geometric-mean-scaled index","reference","Reference"
2016,"index","F20_R2_G20","Index 20  / Region 2  / Group 20","2016",1.13572929605611,0.829970977424712,"geometric-mean-scaled index","reference","Reference"
2017,"index","F20_R2_G20","Index 20  / Region 2  / Group 20","2017",0.734357067400453,0.754803033634295,"geometric-mean-scaled index","reference","Reference"
2018,"index","F20_R2_G20","Index 20  / Region 2  / Group 20","2018",0.64550184014846,0.74924581649755,"geometric-mean-scaled index","reference","Reference"
2019,"index","F20_R2_G20","Index 20  / Region 2  / Group 20","2019",0.713722524698996,0.786628616369426,"geometric-mean-scaled index","reference","Reference"
2020,"index","F20_R2_G20","Index 20  / Region 2  / Group 20","2020",0.772716002092201,0.67500161219348,"geometric-mean-scaled index","reference","Reference"
2021,"index","F20_R2_G20","Index 20  / Region 2  / Group 20","2021",0.751048561936257,0.499071074345567,"geometric-mean-scaled index","reference","Reference"
2022,"index","F20_R2_G20","Index 20  / Region 2  / Group 20","2022",1.00202993070836,0.735854953519355,"geometric-mean-scaled index","reference","Reference"
