"time","metric","value","unit","group","definition","display_name","model","label","facet"
1954,"recruitment",155070000,"fish","Native MFCL / INI 1003","MFCL report census recruitment",,"native-1003","recruitment","all"
1955,"recruitment",155070000,"fish","Native MFCL / INI 1003","MFCL report census recruitment",,"native-1003","recruitment","all"
1956,"recruitment",151160000,"fish","Native MFCL / INI 1003","MFCL report census recruitment",,"native-1003","recruitment","all"
1957,"recruitment",92760000,"fish","Native MFCL / INI 1003","MFCL report census recruitment",,"native-1003","recruitment","all"
1958,"recruitment",116650000,"fish","Native MFCL / INI 1003","MFCL report census recruitment",,"native-1003","recruitment","all"
1959,"recruitment",45436000,"fish","Native MFCL / INI 1003","MFCL report census recruitment",,"native-1003","recruitment","all"
1960,"recruitment",26009000,"fish","Native MFCL / INI 1003","MFCL report census recruitment",,"native-1003","recruitment","all"
1961,"recruitment",74780000,"fish","Native MFCL / INI 1003","MFCL report census recruitment",,"native-1003","recruitment","all"
1962,"recruitment",108360000,"fish","Native MFCL / INI 1003","MFCL report census recruitment",,"native-1003","recruitment","all"
1963,"recruitment",139810000,"fish","Native MFCL / INI 1003","MFCL report census recruitment",,"native-1003","recruitment","all"
1964,"recruitment",53201000,"fish","Native MFCL / INI 1003","MFCL report census recruitment",,"native-1003","recruitment","all"
1965,"recruitment",15275000,"fish","Native MFCL / INI 1003","MFCL report census recruitment",,"native-1003","recruitment","all"
1966,"recruitment",65390000,"fish","Native MFCL / INI 1003","MFCL report census recruitment",,"native-1003","recruitment","all"
1967,"recruitment",50477000,"fish","Native MFCL / INI 1003","MFCL report census recruitment",,"native-1003","recruitment","all"
1968,"recruitment",55260000,"fish","Native MFCL / INI 1003","MFCL report census recruitment",,"native-1003","recruitment","all"
1969,"recruitment",46644000,"fish","Native MFCL / INI 1003","MFCL report census recruitment",,"native-1003","recruitment","all"
1970,"recruitment",36594000,"fish","Native MFCL / INI 1003","MFCL report census recruitment",,"native-1003","recruitment","all"
1971,"recruitment",38829000,"fish","Native MFCL / INI 1003","MFCL report census recruitment",,"native-1003","recruitment","all"
1972,"recruitment",39770000,"fish","Native MFCL / INI 1003","MFCL report census recruitment",,"native-1003","recruitment","all"
1973,"recruitment",69460000,"fish","Native MFCL / INI 1003","MFCL report census recruitment",,"native-1003","recruitment","all"
1974,"recruitment",114640000,"fish","Native MFCL / INI 1003","MFCL report census recruitment",,"native-1003","recruitment","all"
1975,"recruitment",55900000,"fish","Native MFCL / INI 1003","MFCL report census recruitment",,"native-1003","recruitment","all"
1976,"recruitment",30197000,"fish","Native MFCL / INI 1003","MFCL report census recruitment",,"native-1003","recruitment","all"
1977,"recruitment",29831000,"fish","Native MFCL / INI 1003","MFCL report census recruitment",,"native-1003","recruitment","all"
1978,"recruitment",35886000,"fish","Native MFCL / INI 1003","MFCL report census recruitment",,"native-1003","recruitment","all"
1979,"recruitment",47584000,"fish","Native MFCL / INI 1003","MFCL report census recruitment",,"native-1003","recruitment","all"
1980,"recruitment",68170000,"fish","Native MFCL / INI 1003","MFCL report census recruitment",,"native-1003","recruitment","all"
1981,"recruitment",56160000,"fish","Native MFCL / INI 1003","MFCL report census recruitment",,"native-1003","recruitment","all"
1982,"recruitment",45862000,"fish","Native MFCL / INI 1003","MFCL report census recruitment",,"native-1003","recruitment","all"
1983,"recruitment",51149000,"fish","Native MFCL / INI 1003","MFCL report census recruitment",,"native-1003","recruitment","all"
1984,"recruitment",62080000,"fish","Native MFCL / INI 1003","MFCL report census recruitment",,"native-1003","recruitment","all"
1985,"recruitment",30173000,"fish","Native MFCL / INI 1003","MFCL report census recruitment",,"native-1003","recruitment","all"
1986,"recruitment",50527000,"fish","Native MFCL / INI 1003","MFCL report census recruitment",,"native-1003","recruitment","all"
1987,"recruitment",58440000,"fish","Native MFCL / INI 1003","MFCL report census recruitment",,"native-1003","recruitment","all"
1988,"recruitment",69230000,"fish","Native MFCL / INI 1003","MFCL report census recruitment",,"native-1003","recruitment","all"
1989,"recruitment",80120000,"fish","Native MFCL / INI 1003","MFCL report census recruitment",,"native-1003","recruitment","all"
1990,"recruitment",39659000,"fish","Native MFCL / INI 1003","MFCL report census recruitment",,"native-1003","recruitment","all"
1991,"recruitment",81480000,"fish","Native MFCL / INI 1003","MFCL report census recruitment",,"native-1003","recruitment","all"
1992,"recruitment",57730000,"fish","Native MFCL / INI 1003","MFCL report census recruitment",,"native-1003","recruitment","all"
1993,"recruitment",64030000,"fish","Native MFCL / INI 1003","MFCL report census recruitment",,"native-1003","recruitment","all"
1994,"recruitment",79360000,"fish","Native MFCL / INI 1003","MFCL report census recruitment",,"native-1003","recruitment","all"
1995,"recruitment",89200000,"fish","Native MFCL / INI 1003","MFCL report census recruitment",,"native-1003","recruitment","all"
1996,"recruitment",52432000,"fish","Native MFCL / INI 1003","MFCL report census recruitment",,"native-1003","recruitment","all"
1997,"recruitment",55215000,"fish","Native MFCL / INI 1003","MFCL report census recruitment",,"native-1003","recruitment","all"
1998,"recruitment",34849000,"fish","Native MFCL / INI 1003","MFCL report census recruitment",,"native-1003","recruitment","all"
1999,"recruitment",117710000,"fish","Native MFCL / INI 1003","MFCL report census recruitment",,"native-1003","recruitment","all"
2000,"recruitment",29757000,"fish","Native MFCL / INI 1003","MFCL report census recruitment",,"native-1003","recruitment","all"
2001,"recruitment",93920000,"fish","Native MFCL / INI 1003","MFCL report census recruitment",,"native-1003","recruitment","all"
2002,"recruitment",108380000,"fish","Native MFCL / INI 1003","MFCL report census recruitment",,"native-1003","recruitment","all"
2003,"recruitment",98380000,"fish","Native MFCL / INI 1003","MFCL report census recruitment",,"native-1003","recruitment","all"
2004,"recruitment",53055000,"fish","Native MFCL / INI 1003","MFCL report census recruitment",,"native-1003","recruitment","all"
2005,"recruitment",60650000,"fish","Native MFCL / INI 1003","MFCL report census recruitment",,"native-1003","recruitment","all"
2006,"recruitment",85950000,"fish","Native MFCL / INI 1003","MFCL report census recruitment",,"native-1003","recruitment","all"
2007,"recruitment",120020000,"fish","Native MFCL / INI 1003","MFCL report census recruitment",,"native-1003","recruitment","all"
2008,"recruitment",69340000,"fish","Native MFCL / INI 1003","MFCL report census recruitment",,"native-1003","recruitment","all"
2009,"recruitment",88880000,"fish","Native MFCL / INI 1003","MFCL report census recruitment",,"native-1003","recruitment","all"
2010,"recruitment",108150000,"fish","Native MFCL / INI 1003","MFCL report census recruitment",,"native-1003","recruitment","all"
2011,"recruitment",111340000,"fish","Native MFCL / INI 1003","MFCL report census recruitment",,"native-1003","recruitment","all"
2012,"recruitment",70780000,"fish","Native MFCL / INI 1003","MFCL report census recruitment",,"native-1003","recruitment","all"
2013,"recruitment",71030000,"fish","Native MFCL / INI 1003","MFCL report census recruitment",,"native-1003","recruitment","all"
2014,"recruitment",93320000,"fish","Native MFCL / INI 1003","MFCL report census recruitment",,"native-1003","recruitment","all"
2015,"recruitment",85570000,"fish","Native MFCL / INI 1003","MFCL report census recruitment",,"native-1003","recruitment","all"
2016,"recruitment",54324000,"fish","Native MFCL / INI 1003","MFCL report census recruitment",,"native-1003","recruitment","all"
2017,"recruitment",45386000,"fish","Native MFCL / INI 1003","MFCL report census recruitment",,"native-1003","recruitment","all"
2018,"recruitment",121340000,"fish","Native MFCL / INI 1003","MFCL report census recruitment",,"native-1003","recruitment","all"
2019,"recruitment",97730000,"fish","Native MFCL / INI 1003","MFCL report census recruitment",,"native-1003","recruitment","all"
2020,"recruitment",9.1e+07,"fish","Native MFCL / INI 1003","MFCL report census recruitment",,"native-1003","recruitment","all"
2021,"recruitment",79160000,"fish","Native MFCL / INI 1003","MFCL report census recruitment",,"native-1003","recruitment","all"
2022,"recruitment",71280000,"fish","Native MFCL / INI 1003","MFCL report census recruitment",,"native-1003","recruitment","all"
1954,"spawning_biomass",1332650,"t","Native MFCL / INI 1003","MFCL report census spawning_biomass","Spawning potential","native-1003","Spawning potential","all"
1955,"spawning_biomass",1305930,"t","Native MFCL / INI 1003","MFCL report census spawning_biomass","Spawning potential","native-1003","Spawning potential","all"
1956,"spawning_biomass",1282730,"t","Native MFCL / INI 1003","MFCL report census spawning_biomass","Spawning potential","native-1003","Spawning potential","all"
1957,"spawning_biomass",1268370,"t","Native MFCL / INI 1003","MFCL report census spawning_biomass","Spawning potential","native-1003","Spawning potential","all"
1958,"spawning_biomass",1254960,"t","Native MFCL / INI 1003","MFCL report census spawning_biomass","Spawning potential","native-1003","Spawning potential","all"
1959,"spawning_biomass",1237890,"t","Native MFCL / INI 1003","MFCL report census spawning_biomass","Spawning potential","native-1003","Spawning potential","all"
1960,"spawning_biomass",1186590,"t","Native MFCL / INI 1003","MFCL report census spawning_biomass","Spawning potential","native-1003","Spawning potential","all"
1961,"spawning_biomass",1095230,"t","Native MFCL / INI 1003","MFCL report census spawning_biomass","Spawning potential","native-1003","Spawning potential","all"
1962,"spawning_biomass",990180,"t","Native MFCL / INI 1003","MFCL report census spawning_biomass","Spawning potential","native-1003","Spawning potential","all"
1963,"spawning_biomass",827890,"t","Native MFCL / INI 1003","MFCL report census spawning_biomass","Spawning potential","native-1003","Spawning potential","all"
1964,"spawning_biomass",685050,"t","Native MFCL / INI 1003","MFCL report census spawning_biomass","Spawning potential","native-1003","Spawning potential","all"
1965,"spawning_biomass",633680,"t","Native MFCL / INI 1003","MFCL report census spawning_biomass","Spawning potential","native-1003","Spawning potential","all"
1966,"spawning_biomass",660670,"t","Native MFCL / INI 1003","MFCL report census spawning_biomass","Spawning potential","native-1003","Spawning potential","all"
1967,"spawning_biomass",672510,"t","Native MFCL / INI 1003","MFCL report census spawning_biomass","Spawning potential","native-1003","Spawning potential","all"
1968,"spawning_biomass",587720,"t","Native MFCL / INI 1003","MFCL report census spawning_biomass","Spawning potential","native-1003","Spawning potential","all"
1969,"spawning_biomass",486000,"t","Native MFCL / INI 1003","MFCL report census spawning_biomass","Spawning potential","native-1003","Spawning potential","all"
1970,"spawning_biomass",439000,"t","Native MFCL / INI 1003","MFCL report census spawning_biomass","Spawning potential","native-1003","Spawning potential","all"
1971,"spawning_biomass",401780,"t","Native MFCL / INI 1003","MFCL report census spawning_biomass","Spawning potential","native-1003","Spawning potential","all"
1972,"spawning_biomass",365100,"t","Native MFCL / INI 1003","MFCL report census spawning_biomass","Spawning potential","native-1003","Spawning potential","all"
1973,"spawning_biomass",325004,"t","Native MFCL / INI 1003","MFCL report census spawning_biomass","Spawning potential","native-1003","Spawning potential","all"
1974,"spawning_biomass",280770,"t","Native MFCL / INI 1003","MFCL report census spawning_biomass","Spawning potential","native-1003","Spawning potential","all"
1975,"spawning_biomass",251710,"t","Native MFCL / INI 1003","MFCL report census spawning_biomass","Spawning potential","native-1003","Spawning potential","all"
1976,"spawning_biomass",262230,"t","Native MFCL / INI 1003","MFCL report census spawning_biomass","Spawning potential","native-1003","Spawning potential","all"
1977,"spawning_biomass",326160,"t","Native MFCL / INI 1003","MFCL report census spawning_biomass","Spawning potential","native-1003","Spawning potential","all"
1978,"spawning_biomass",389920,"t","Native MFCL / INI 1003","MFCL report census spawning_biomass","Spawning potential","native-1003","Spawning potential","all"
1979,"spawning_biomass",378790,"t","Native MFCL / INI 1003","MFCL report census spawning_biomass","Spawning potential","native-1003","Spawning potential","all"
1980,"spawning_biomass",335062,"t","Native MFCL / INI 1003","MFCL report census spawning_biomass","Spawning potential","native-1003","Spawning potential","all"
1981,"spawning_biomass",286167,"t","Native MFCL / INI 1003","MFCL report census spawning_biomass","Spawning potential","native-1003","Spawning potential","all"
1982,"spawning_biomass",258245,"t","Native MFCL / INI 1003","MFCL report census spawning_biomass","Spawning potential","native-1003","Spawning potential","all"
1983,"spawning_biomass",262535,"t","Native MFCL / INI 1003","MFCL report census spawning_biomass","Spawning potential","native-1003","Spawning potential","all"
1984,"spawning_biomass",291809,"t","Native MFCL / INI 1003","MFCL report census spawning_biomass","Spawning potential","native-1003","Spawning potential","all"
1985,"spawning_biomass",306721,"t","Native MFCL / INI 1003","MFCL report census spawning_biomass","Spawning potential","native-1003","Spawning potential","all"
1986,"spawning_biomass",306681,"t","Native MFCL / INI 1003","MFCL report census spawning_biomass","Spawning potential","native-1003","Spawning potential","all"
1987,"spawning_biomass",303975,"t","Native MFCL / INI 1003","MFCL report census spawning_biomass","Spawning potential","native-1003","Spawning potential","all"
1988,"spawning_biomass",303983,"t","Native MFCL / INI 1003","MFCL report census spawning_biomass","Spawning potential","native-1003","Spawning potential","all"
1989,"spawning_biomass",278390,"t","Native MFCL / INI 1003","MFCL report census spawning_biomass","Spawning potential","native-1003","Spawning potential","all"
1990,"spawning_biomass",268212,"t","Native MFCL / INI 1003","MFCL report census spawning_biomass","Spawning potential","native-1003","Spawning potential","all"
1991,"spawning_biomass",282486,"t","Native MFCL / INI 1003","MFCL report census spawning_biomass","Spawning potential","native-1003","Spawning potential","all"
1992,"spawning_biomass",308537,"t","Native MFCL / INI 1003","MFCL report census spawning_biomass","Spawning potential","native-1003","Spawning potential","all"
1993,"spawning_biomass",324521,"t","Native MFCL / INI 1003","MFCL report census spawning_biomass","Spawning potential","native-1003","Spawning potential","all"
1994,"spawning_biomass",327013,"t","Native MFCL / INI 1003","MFCL report census spawning_biomass","Spawning potential","native-1003","Spawning potential","all"
1995,"spawning_biomass",340652,"t","Native MFCL / INI 1003","MFCL report census spawning_biomass","Spawning potential","native-1003","Spawning potential","all"
1996,"spawning_biomass",350742,"t","Native MFCL / INI 1003","MFCL report census spawning_biomass","Spawning potential","native-1003","Spawning potential","all"
1997,"spawning_biomass",359964,"t","Native MFCL / INI 1003","MFCL report census spawning_biomass","Spawning potential","native-1003","Spawning potential","all"
1998,"spawning_biomass",386700,"t","Native MFCL / INI 1003","MFCL report census spawning_biomass","Spawning potential","native-1003","Spawning potential","all"
1999,"spawning_biomass",388100,"t","Native MFCL / INI 1003","MFCL report census spawning_biomass","Spawning potential","native-1003","Spawning potential","all"
2000,"spawning_biomass",376710,"t","Native MFCL / INI 1003","MFCL report census spawning_biomass","Spawning potential","native-1003","Spawning potential","all"
2001,"spawning_biomass",343149,"t","Native MFCL / INI 1003","MFCL report census spawning_biomass","Spawning potential","native-1003","Spawning potential","all"
2002,"spawning_biomass",322694,"t","Native MFCL / INI 1003","MFCL report census spawning_biomass","Spawning potential","native-1003","Spawning potential","all"
2003,"spawning_biomass",319973,"t","Native MFCL / INI 1003","MFCL report census spawning_biomass","Spawning potential","native-1003","Spawning potential","all"
2004,"spawning_biomass",302564,"t","Native MFCL / INI 1003","MFCL report census spawning_biomass","Spawning potential","native-1003","Spawning potential","all"
2005,"spawning_biomass",334048,"t","Native MFCL / INI 1003","MFCL report census spawning_biomass","Spawning potential","native-1003","Spawning potential","all"
2006,"spawning_biomass",376180,"t","Native MFCL / INI 1003","MFCL report census spawning_biomass","Spawning potential","native-1003","Spawning potential","all"
2007,"spawning_biomass",386610,"t","Native MFCL / INI 1003","MFCL report census spawning_biomass","Spawning potential","native-1003","Spawning potential","all"
2008,"spawning_biomass",359950,"t","Native MFCL / INI 1003","MFCL report census spawning_biomass","Spawning potential","native-1003","Spawning potential","all"
2009,"spawning_biomass",346592,"t","Native MFCL / INI 1003","MFCL report census spawning_biomass","Spawning potential","native-1003","Spawning potential","all"
2010,"spawning_biomass",359490,"t","Native MFCL / INI 1003","MFCL report census spawning_biomass","Spawning potential","native-1003","Spawning potential","all"
2011,"spawning_biomass",372900,"t","Native MFCL / INI 1003","MFCL report census spawning_biomass","Spawning potential","native-1003","Spawning potential","all"
2012,"spawning_biomass",382720,"t","Native MFCL / INI 1003","MFCL report census spawning_biomass","Spawning potential","native-1003","Spawning potential","all"
2013,"spawning_biomass",388480,"t","Native MFCL / INI 1003","MFCL report census spawning_biomass","Spawning potential","native-1003","Spawning potential","all"
2014,"spawning_biomass",413040,"t","Native MFCL / INI 1003","MFCL report census spawning_biomass","Spawning potential","native-1003","Spawning potential","all"
2015,"spawning_biomass",425110,"t","Native MFCL / INI 1003","MFCL report census spawning_biomass","Spawning potential","native-1003","Spawning potential","all"
2016,"spawning_biomass",390462,"t","Native MFCL / INI 1003","MFCL report census spawning_biomass","Spawning potential","native-1003","Spawning potential","all"
2017,"spawning_biomass",366724,"t","Native MFCL / INI 1003","MFCL report census spawning_biomass","Spawning potential","native-1003","Spawning potential","all"
2018,"spawning_biomass",359902,"t","Native MFCL / INI 1003","MFCL report census spawning_biomass","Spawning potential","native-1003","Spawning potential","all"
2019,"spawning_biomass",341447,"t","Native MFCL / INI 1003","MFCL report census spawning_biomass","Spawning potential","native-1003","Spawning potential","all"
2020,"spawning_biomass",299273,"t","Native MFCL / INI 1003","MFCL report census spawning_biomass","Spawning potential","native-1003","Spawning potential","all"
2021,"spawning_biomass",287410,"t","Native MFCL / INI 1003","MFCL report census spawning_biomass","Spawning potential","native-1003","Spawning potential","all"
2022,"spawning_biomass",340493,"t","Native MFCL / INI 1003","MFCL report census spawning_biomass","Spawning potential","native-1003","Spawning potential","all"
1954,"dynamic_spawning_depletion",1,"ratio","Native MFCL / INI 1003","Ratio of spawning potential to dynamic unfished spawning potential at the same report census",,"native-1003","dynamic spawning depletion","all"
1955,"dynamic_spawning_depletion",0.994660837509711,"ratio","Native MFCL / INI 1003","Ratio of spawning potential to dynamic unfished spawning potential at the same report census",,"native-1003","dynamic spawning depletion","all"
1956,"dynamic_spawning_depletion",0.98839565723268,"ratio","Native MFCL / INI 1003","Ratio of spawning potential to dynamic unfished spawning potential at the same report census",,"native-1003","dynamic spawning depletion","all"
1957,"dynamic_spawning_depletion",0.985838534420445,"ratio","Native MFCL / INI 1003","Ratio of spawning potential to dynamic unfished spawning potential at the same report census",,"native-1003","dynamic spawning depletion","all"
1958,"dynamic_spawning_depletion",0.981633866274522,"ratio","Native MFCL / INI 1003","Ratio of spawning potential to dynamic unfished spawning potential at the same report census",,"native-1003","dynamic spawning depletion","all"
1959,"dynamic_spawning_depletion",0.974194919255832,"ratio","Native MFCL / INI 1003","Ratio of spawning potential to dynamic unfished spawning potential at the same report census",,"native-1003","dynamic spawning depletion","all"
1960,"dynamic_spawning_depletion",0.962570879267966,"ratio","Native MFCL / INI 1003","Ratio of spawning potential to dynamic unfished spawning potential at the same report census",,"native-1003","dynamic spawning depletion","all"
1961,"dynamic_spawning_depletion",0.94949240999055,"ratio","Native MFCL / INI 1003","Ratio of spawning potential to dynamic unfished spawning potential at the same report census",,"native-1003","dynamic spawning depletion","all"
1962,"dynamic_spawning_depletion",0.934872918161562,"ratio","Native MFCL / INI 1003","Ratio of spawning potential to dynamic unfished spawning potential at the same report census",,"native-1003","dynamic spawning depletion","all"
1963,"dynamic_spawning_depletion",0.910279387348954,"ratio","Native MFCL / INI 1003","Ratio of spawning potential to dynamic unfished spawning potential at the same report census",,"native-1003","dynamic spawning depletion","all"
1964,"dynamic_spawning_depletion",0.885935984481086,"ratio","Native MFCL / INI 1003","Ratio of spawning potential to dynamic unfished spawning potential at the same report census",,"native-1003","dynamic spawning depletion","all"
1965,"dynamic_spawning_depletion",0.876180468177482,"ratio","Native MFCL / INI 1003","Ratio of spawning potential to dynamic unfished spawning potential at the same report census",,"native-1003","dynamic spawning depletion","all"
1966,"dynamic_spawning_depletion",0.877815128283486,"ratio","Native MFCL / INI 1003","Ratio of spawning potential to dynamic unfished spawning potential at the same report census",,"native-1003","dynamic spawning depletion","all"
1967,"dynamic_spawning_depletion",0.857629280112223,"ratio","Native MFCL / INI 1003","Ratio of spawning potential to dynamic unfished spawning potential at the same report census",,"native-1003","dynamic spawning depletion","all"
1968,"dynamic_spawning_depletion",0.818038833600111,"ratio","Native MFCL / INI 1003","Ratio of spawning potential to dynamic unfished spawning potential at the same report census",,"native-1003","dynamic spawning depletion","all"
1969,"dynamic_spawning_depletion",0.780384411580519,"ratio","Native MFCL / INI 1003","Ratio of spawning potential to dynamic unfished spawning potential at the same report census",,"native-1003","dynamic spawning depletion","all"
1970,"dynamic_spawning_depletion",0.768476700626685,"ratio","Native MFCL / INI 1003","Ratio of spawning potential to dynamic unfished spawning potential at the same report census",,"native-1003","dynamic spawning depletion","all"
1971,"dynamic_spawning_depletion",0.751650983106654,"ratio","Native MFCL / INI 1003","Ratio of spawning potential to dynamic unfished spawning potential at the same report census",,"native-1003","dynamic spawning depletion","all"
1972,"dynamic_spawning_depletion",0.721085479538632,"ratio","Native MFCL / INI 1003","Ratio of spawning potential to dynamic unfished spawning potential at the same report census",,"native-1003","dynamic spawning depletion","all"
1973,"dynamic_spawning_depletion",0.686560479952681,"ratio","Native MFCL / INI 1003","Ratio of spawning potential to dynamic unfished spawning potential at the same report census",,"native-1003","dynamic spawning depletion","all"
1974,"dynamic_spawning_depletion",0.642935653766888,"ratio","Native MFCL / INI 1003","Ratio of spawning potential to dynamic unfished spawning potential at the same report census",,"native-1003","dynamic spawning depletion","all"
1975,"dynamic_spawning_depletion",0.617556858607915,"ratio","Native MFCL / INI 1003","Ratio of spawning potential to dynamic unfished spawning potential at the same report census",,"native-1003","dynamic spawning depletion","all"
1976,"dynamic_spawning_depletion",0.652199865695028,"ratio","Native MFCL / INI 1003","Ratio of spawning potential to dynamic unfished spawning potential at the same report census",,"native-1003","dynamic spawning depletion","all"
1977,"dynamic_spawning_depletion",0.720556721528775,"ratio","Native MFCL / INI 1003","Ratio of spawning potential to dynamic unfished spawning potential at the same report census",,"native-1003","dynamic spawning depletion","all"
1978,"dynamic_spawning_depletion",0.745958562109009,"ratio","Native MFCL / INI 1003","Ratio of spawning potential to dynamic unfished spawning potential at the same report census",,"native-1003","dynamic spawning depletion","all"
1979,"dynamic_spawning_depletion",0.72386248542873,"ratio","Native MFCL / INI 1003","Ratio of spawning potential to dynamic unfished spawning potential at the same report census",,"native-1003","dynamic spawning depletion","all"
1980,"dynamic_spawning_depletion",0.702701228975295,"ratio","Native MFCL / INI 1003","Ratio of spawning potential to dynamic unfished spawning potential at the same report census",,"native-1003","dynamic spawning depletion","all"
1981,"dynamic_spawning_depletion",0.669333863498152,"ratio","Native MFCL / INI 1003","Ratio of spawning potential to dynamic unfished spawning potential at the same report census",,"native-1003","dynamic spawning depletion","all"
1982,"dynamic_spawning_depletion",0.648970924534466,"ratio","Native MFCL / INI 1003","Ratio of spawning potential to dynamic unfished spawning potential at the same report census",,"native-1003","dynamic spawning depletion","all"
1983,"dynamic_spawning_depletion",0.656912298260978,"ratio","Native MFCL / INI 1003","Ratio of spawning potential to dynamic unfished spawning potential at the same report census",,"native-1003","dynamic spawning depletion","all"
1984,"dynamic_spawning_depletion",0.69049241617567,"ratio","Native MFCL / INI 1003","Ratio of spawning potential to dynamic unfished spawning potential at the same report census",,"native-1003","dynamic spawning depletion","all"
1985,"dynamic_spawning_depletion",0.708591692464076,"ratio","Native MFCL / INI 1003","Ratio of spawning potential to dynamic unfished spawning potential at the same report census",,"native-1003","dynamic spawning depletion","all"
1986,"dynamic_spawning_depletion",0.712135144548938,"ratio","Native MFCL / INI 1003","Ratio of spawning potential to dynamic unfished spawning potential at the same report census",,"native-1003","dynamic spawning depletion","all"
1987,"dynamic_spawning_depletion",0.698648555471282,"ratio","Native MFCL / INI 1003","Ratio of spawning potential to dynamic unfished spawning potential at the same report census",,"native-1003","dynamic spawning depletion","all"
1988,"dynamic_spawning_depletion",0.698009184845006,"ratio","Native MFCL / INI 1003","Ratio of spawning potential to dynamic unfished spawning potential at the same report census",,"native-1003","dynamic spawning depletion","all"
1989,"dynamic_spawning_depletion",0.669013746034798,"ratio","Native MFCL / INI 1003","Ratio of spawning potential to dynamic unfished spawning potential at the same report census",,"native-1003","dynamic spawning depletion","all"
1990,"dynamic_spawning_depletion",0.646933114643383,"ratio","Native MFCL / INI 1003","Ratio of spawning potential to dynamic unfished spawning potential at the same report census",,"native-1003","dynamic spawning depletion","all"
1991,"dynamic_spawning_depletion",0.652935465976331,"ratio","Native MFCL / INI 1003","Ratio of spawning potential to dynamic unfished spawning potential at the same report census",,"native-1003","dynamic spawning depletion","all"
1992,"dynamic_spawning_depletion",0.659098094505682,"ratio","Native MFCL / INI 1003","Ratio of spawning potential to dynamic unfished spawning potential at the same report census",,"native-1003","dynamic spawning depletion","all"
1993,"dynamic_spawning_depletion",0.658658412827278,"ratio","Native MFCL / INI 1003","Ratio of spawning potential to dynamic unfished spawning potential at the same report census",,"native-1003","dynamic spawning depletion","all"
1994,"dynamic_spawning_depletion",0.660218852839636,"ratio","Native MFCL / INI 1003","Ratio of spawning potential to dynamic unfished spawning potential at the same report census",,"native-1003","dynamic spawning depletion","all"
1995,"dynamic_spawning_depletion",0.66191003594676,"ratio","Native MFCL / INI 1003","Ratio of spawning potential to dynamic unfished spawning potential at the same report census",,"native-1003","dynamic spawning depletion","all"
1996,"dynamic_spawning_depletion",0.674309333846006,"ratio","Native MFCL / INI 1003","Ratio of spawning potential to dynamic unfished spawning potential at the same report census",,"native-1003","dynamic spawning depletion","all"
1997,"dynamic_spawning_depletion",0.676980365605958,"ratio","Native MFCL / INI 1003","Ratio of spawning potential to dynamic unfished spawning potential at the same report census",,"native-1003","dynamic spawning depletion","all"
1998,"dynamic_spawning_depletion",0.688347751788957,"ratio","Native MFCL / INI 1003","Ratio of spawning potential to dynamic unfished spawning potential at the same report census",,"native-1003","dynamic spawning depletion","all"
1999,"dynamic_spawning_depletion",0.665454981910461,"ratio","Native MFCL / INI 1003","Ratio of spawning potential to dynamic unfished spawning potential at the same report census",,"native-1003","dynamic spawning depletion","all"
2000,"dynamic_spawning_depletion",0.664555622199485,"ratio","Native MFCL / INI 1003","Ratio of spawning potential to dynamic unfished spawning potential at the same report census",,"native-1003","dynamic spawning depletion","all"
2001,"dynamic_spawning_depletion",0.6432154304673,"ratio","Native MFCL / INI 1003","Ratio of spawning potential to dynamic unfished spawning potential at the same report census",,"native-1003","dynamic spawning depletion","all"
2002,"dynamic_spawning_depletion",0.614901198574668,"ratio","Native MFCL / INI 1003","Ratio of spawning potential to dynamic unfished spawning potential at the same report census",,"native-1003","dynamic spawning depletion","all"
2003,"dynamic_spawning_depletion",0.578435200752029,"ratio","Native MFCL / INI 1003","Ratio of spawning potential to dynamic unfished spawning potential at the same report census",,"native-1003","dynamic spawning depletion","all"
2004,"dynamic_spawning_depletion",0.553153680207686,"ratio","Native MFCL / INI 1003","Ratio of spawning potential to dynamic unfished spawning potential at the same report census",,"native-1003","dynamic spawning depletion","all"
2005,"dynamic_spawning_depletion",0.566682499830359,"ratio","Native MFCL / INI 1003","Ratio of spawning potential to dynamic unfished spawning potential at the same report census",,"native-1003","dynamic spawning depletion","all"
2006,"dynamic_spawning_depletion",0.57762763915547,"ratio","Native MFCL / INI 1003","Ratio of spawning potential to dynamic unfished spawning potential at the same report census",,"native-1003","dynamic spawning depletion","all"
2007,"dynamic_spawning_depletion",0.571705311723648,"ratio","Native MFCL / INI 1003","Ratio of spawning potential to dynamic unfished spawning potential at the same report census",,"native-1003","dynamic spawning depletion","all"
2008,"dynamic_spawning_depletion",0.554263804625666,"ratio","Native MFCL / INI 1003","Ratio of spawning potential to dynamic unfished spawning potential at the same report census",,"native-1003","dynamic spawning depletion","all"
2009,"dynamic_spawning_depletion",0.549735911304265,"ratio","Native MFCL / INI 1003","Ratio of spawning potential to dynamic unfished spawning potential at the same report census",,"native-1003","dynamic spawning depletion","all"
2010,"dynamic_spawning_depletion",0.54646195941324,"ratio","Native MFCL / INI 1003","Ratio of spawning potential to dynamic unfished spawning potential at the same report census",,"native-1003","dynamic spawning depletion","all"
2011,"dynamic_spawning_depletion",0.533163666518923,"ratio","Native MFCL / INI 1003","Ratio of spawning potential to dynamic unfished spawning potential at the same report census",,"native-1003","dynamic spawning depletion","all"
2012,"dynamic_spawning_depletion",0.543759945442146,"ratio","Native MFCL / INI 1003","Ratio of spawning potential to dynamic unfished spawning potential at the same report census",,"native-1003","dynamic spawning depletion","all"
2013,"dynamic_spawning_depletion",0.538889428345517,"ratio","Native MFCL / INI 1003","Ratio of spawning potential to dynamic unfished spawning potential at the same report census",,"native-1003","dynamic spawning depletion","all"
2014,"dynamic_spawning_depletion",0.543709768715363,"ratio","Native MFCL / INI 1003","Ratio of spawning potential to dynamic unfished spawning potential at the same report census",,"native-1003","dynamic spawning depletion","all"
2015,"dynamic_spawning_depletion",0.544433487442849,"ratio","Native MFCL / INI 1003","Ratio of spawning potential to dynamic unfished spawning potential at the same report census",,"native-1003","dynamic spawning depletion","all"
2016,"dynamic_spawning_depletion",0.515924526307444,"ratio","Native MFCL / INI 1003","Ratio of spawning potential to dynamic unfished spawning potential at the same report census",,"native-1003","dynamic spawning depletion","all"
2017,"dynamic_spawning_depletion",0.500019088653159,"ratio","Native MFCL / INI 1003","Ratio of spawning potential to dynamic unfished spawning potential at the same report census",,"native-1003","dynamic spawning depletion","all"
2018,"dynamic_spawning_depletion",0.492220793785388,"ratio","Native MFCL / INI 1003","Ratio of spawning potential to dynamic unfished spawning potential at the same report census",,"native-1003","dynamic spawning depletion","all"
2019,"dynamic_spawning_depletion",0.478572329600404,"ratio","Native MFCL / INI 1003","Ratio of spawning potential to dynamic unfished spawning potential at the same report census",,"native-1003","dynamic spawning depletion","all"
2020,"dynamic_spawning_depletion",0.452074018126888,"ratio","Native MFCL / INI 1003","Ratio of spawning potential to dynamic unfished spawning potential at the same report census",,"native-1003","dynamic spawning depletion","all"
2021,"dynamic_spawning_depletion",0.449794985758553,"ratio","Native MFCL / INI 1003","Ratio of spawning potential to dynamic unfished spawning potential at the same report census",,"native-1003","dynamic spawning depletion","all"
2022,"dynamic_spawning_depletion",0.497178944294371,"ratio","Native MFCL / INI 1003","Ratio of spawning potential to dynamic unfished spawning potential at the same report census",,"native-1003","dynamic spawning depletion","all"
1954,"fishing_mortality",0.00149113223217861,"per year","Native MFCL / INI 1003","Population-number-weighted fishing mortality across ages and regions at report censuses, annualized from seasonal integrated F",,"native-1003","fishing mortality","all"
1955,"fishing_mortality",0.00214447495139981,"per year","Native MFCL / INI 1003","Population-number-weighted fishing mortality across ages and regions at report censuses, annualized from seasonal integrated F",,"native-1003","fishing mortality","all"
1956,"fishing_mortality",0.0014243681769065,"per year","Native MFCL / INI 1003","Population-number-weighted fishing mortality across ages and regions at report censuses, annualized from seasonal integrated F",,"native-1003","fishing mortality","all"
1957,"fishing_mortality",0.00236805933390351,"per year","Native MFCL / INI 1003","Population-number-weighted fishing mortality across ages and regions at report censuses, annualized from seasonal integrated F",,"native-1003","fishing mortality","all"
1958,"fishing_mortality",0.0041206077110922,"per year","Native MFCL / INI 1003","Population-number-weighted fishing mortality across ages and regions at report censuses, annualized from seasonal integrated F",,"native-1003","fishing mortality","all"
1959,"fishing_mortality",0.0073757219063523,"per year","Native MFCL / INI 1003","Population-number-weighted fishing mortality across ages and regions at report censuses, annualized from seasonal integrated F",,"native-1003","fishing mortality","all"
1960,"fishing_mortality",0.0108160865270698,"per year","Native MFCL / INI 1003","Population-number-weighted fishing mortality across ages and regions at report censuses, annualized from seasonal integrated F",,"native-1003","fishing mortality","all"
1961,"fishing_mortality",0.0106571195795126,"per year","Native MFCL / INI 1003","Population-number-weighted fishing mortality across ages and regions at report censuses, annualized from seasonal integrated F",,"native-1003","fishing mortality","all"
1962,"fishing_mortality",0.0102923321989428,"per year","Native MFCL / INI 1003","Population-number-weighted fishing mortality across ages and regions at report censuses, annualized from seasonal integrated F",,"native-1003","fishing mortality","all"
1963,"fishing_mortality",0.00770154701395925,"per year","Native MFCL / INI 1003","Population-number-weighted fishing mortality across ages and regions at report censuses, annualized from seasonal integrated F",,"native-1003","fishing mortality","all"
1964,"fishing_mortality",0.00895838436880218,"per year","Native MFCL / INI 1003","Population-number-weighted fishing mortality across ages and regions at report censuses, annualized from seasonal integrated F",,"native-1003","fishing mortality","all"
1965,"fishing_mortality",0.0147674258166926,"per year","Native MFCL / INI 1003","Population-number-weighted fishing mortality across ages and regions at report censuses, annualized from seasonal integrated F",,"native-1003","fishing mortality","all"
1966,"fishing_mortality",0.0236568099716583,"per year","Native MFCL / INI 1003","Population-number-weighted fishing mortality across ages and regions at report censuses, annualized from seasonal integrated F",,"native-1003","fishing mortality","all"
1967,"fishing_mortality",0.0264373179522849,"per year","Native MFCL / INI 1003","Population-number-weighted fishing mortality across ages and regions at report censuses, annualized from seasonal integrated F",,"native-1003","fishing mortality","all"
1968,"fishing_mortality",0.0218367172120986,"per year","Native MFCL / INI 1003","Population-number-weighted fishing mortality across ages and regions at report censuses, annualized from seasonal integrated F",,"native-1003","fishing mortality","all"
1969,"fishing_mortality",0.0185660119960615,"per year","Native MFCL / INI 1003","Population-number-weighted fishing mortality across ages and regions at report censuses, annualized from seasonal integrated F",,"native-1003","fishing mortality","all"
1970,"fishing_mortality",0.0254683372267912,"per year","Native MFCL / INI 1003","Population-number-weighted fishing mortality across ages and regions at report censuses, annualized from seasonal integrated F",,"native-1003","fishing mortality","all"
1971,"fishing_mortality",0.0342105330272503,"per year","Native MFCL / INI 1003","Population-number-weighted fishing mortality across ages and regions at report censuses, annualized from seasonal integrated F",,"native-1003","fishing mortality","all"
1972,"fishing_mortality",0.0350686542540263,"per year","Native MFCL / INI 1003","Population-number-weighted fishing mortality across ages and regions at report censuses, annualized from seasonal integrated F",,"native-1003","fishing mortality","all"
1973,"fishing_mortality",0.031187035744254,"per year","Native MFCL / INI 1003","Population-number-weighted fishing mortality across ages and regions at report censuses, annualized from seasonal integrated F",,"native-1003","fishing mortality","all"
1974,"fishing_mortality",0.0194002193750333,"per year","Native MFCL / INI 1003","Population-number-weighted fishing mortality across ages and regions at report censuses, annualized from seasonal integrated F",,"native-1003","fishing mortality","all"
1975,"fishing_mortality",0.0117564373223741,"per year","Native MFCL / INI 1003","Population-number-weighted fishing mortality across ages and regions at report censuses, annualized from seasonal integrated F",,"native-1003","fishing mortality","all"
1976,"fishing_mortality",0.0137819682401578,"per year","Native MFCL / INI 1003","Population-number-weighted fishing mortality across ages and regions at report censuses, annualized from seasonal integrated F",,"native-1003","fishing mortality","all"
1977,"fishing_mortality",0.0298678703190904,"per year","Native MFCL / INI 1003","Population-number-weighted fishing mortality across ages and regions at report censuses, annualized from seasonal integrated F",,"native-1003","fishing mortality","all"
1978,"fishing_mortality",0.0359155915783878,"per year","Native MFCL / INI 1003","Population-number-weighted fishing mortality across ages and regions at report censuses, annualized from seasonal integrated F",,"native-1003","fishing mortality","all"
1979,"fishing_mortality",0.0235008549365132,"per year","Native MFCL / INI 1003","Population-number-weighted fishing mortality across ages and regions at report censuses, annualized from seasonal integrated F",,"native-1003","fishing mortality","all"
1980,"fishing_mortality",0.0223887682105345,"per year","Native MFCL / INI 1003","Population-number-weighted fishing mortality across ages and regions at report censuses, annualized from seasonal integrated F",,"native-1003","fishing mortality","all"
1981,"fishing_mortality",0.0226859546002917,"per year","Native MFCL / INI 1003","Population-number-weighted fishing mortality across ages and regions at report censuses, annualized from seasonal integrated F",,"native-1003","fishing mortality","all"
1982,"fishing_mortality",0.0237081928162712,"per year","Native MFCL / INI 1003","Population-number-weighted fishing mortality across ages and regions at report censuses, annualized from seasonal integrated F",,"native-1003","fishing mortality","all"
1983,"fishing_mortality",0.0209983245004665,"per year","Native MFCL / INI 1003","Population-number-weighted fishing mortality across ages and regions at report censuses, annualized from seasonal integrated F",,"native-1003","fishing mortality","all"
1984,"fishing_mortality",0.0226884137871074,"per year","Native MFCL / INI 1003","Population-number-weighted fishing mortality across ages and regions at report censuses, annualized from seasonal integrated F",,"native-1003","fishing mortality","all"
1985,"fishing_mortality",0.0297234449904323,"per year","Native MFCL / INI 1003","Population-number-weighted fishing mortality across ages and regions at report censuses, annualized from seasonal integrated F",,"native-1003","fishing mortality","all"
1986,"fishing_mortality",0.0321153013064918,"per year","Native MFCL / INI 1003","Population-number-weighted fishing mortality across ages and regions at report censuses, annualized from seasonal integrated F",,"native-1003","fishing mortality","all"
1987,"fishing_mortality",0.0212131404058581,"per year","Native MFCL / INI 1003","Population-number-weighted fishing mortality across ages and regions at report censuses, annualized from seasonal integrated F",,"native-1003","fishing mortality","all"
1988,"fishing_mortality",0.0280566919085606,"per year","Native MFCL / INI 1003","Population-number-weighted fishing mortality across ages and regions at report censuses, annualized from seasonal integrated F",,"native-1003","fishing mortality","all"
1989,"fishing_mortality",0.0540761540290812,"per year","Native MFCL / INI 1003","Population-number-weighted fishing mortality across ages and regions at report censuses, annualized from seasonal integrated F",,"native-1003","fishing mortality","all"
1990,"fishing_mortality",0.0332542523855526,"per year","Native MFCL / INI 1003","Population-number-weighted fishing mortality across ages and regions at report censuses, annualized from seasonal integrated F",,"native-1003","fishing mortality","all"
1991,"fishing_mortality",0.0256307046138271,"per year","Native MFCL / INI 1003","Population-number-weighted fishing mortality across ages and regions at report censuses, annualized from seasonal integrated F",,"native-1003","fishing mortality","all"
1992,"fishing_mortality",0.0311450589976627,"per year","Native MFCL / INI 1003","Population-number-weighted fishing mortality across ages and regions at report censuses, annualized from seasonal integrated F",,"native-1003","fishing mortality","all"
1993,"fishing_mortality",0.026479840761793,"per year","Native MFCL / INI 1003","Population-number-weighted fishing mortality across ages and regions at report censuses, annualized from seasonal integrated F",,"native-1003","fishing mortality","all"
1994,"fishing_mortality",0.0292291917553393,"per year","Native MFCL / INI 1003","Population-number-weighted fishing mortality across ages and regions at report censuses, annualized from seasonal integrated F",,"native-1003","fishing mortality","all"
1995,"fishing_mortality",0.0216883332848626,"per year","Native MFCL / INI 1003","Population-number-weighted fishing mortality across ages and regions at report censuses, annualized from seasonal integrated F",,"native-1003","fishing mortality","all"
1996,"fishing_mortality",0.0301898184269007,"per year","Native MFCL / INI 1003","Population-number-weighted fishing mortality across ages and regions at report censuses, annualized from seasonal integrated F",,"native-1003","fishing mortality","all"
1997,"fishing_mortality",0.0282164092970973,"per year","Native MFCL / INI 1003","Population-number-weighted fishing mortality across ages and regions at report censuses, annualized from seasonal integrated F",,"native-1003","fishing mortality","all"
1998,"fishing_mortality",0.050643487511731,"per year","Native MFCL / INI 1003","Population-number-weighted fishing mortality across ages and regions at report censuses, annualized from seasonal integrated F",,"native-1003","fishing mortality","all"
1999,"fishing_mortality",0.0193442833507533,"per year","Native MFCL / INI 1003","Population-number-weighted fishing mortality across ages and regions at report censuses, annualized from seasonal integrated F",,"native-1003","fishing mortality","all"
2000,"fishing_mortality",0.0360044556017279,"per year","Native MFCL / INI 1003","Population-number-weighted fishing mortality across ages and regions at report censuses, annualized from seasonal integrated F",,"native-1003","fishing mortality","all"
2001,"fishing_mortality",0.0345053888720523,"per year","Native MFCL / INI 1003","Population-number-weighted fishing mortality across ages and regions at report censuses, annualized from seasonal integrated F",,"native-1003","fishing mortality","all"
2002,"fishing_mortality",0.0397445022683993,"per year","Native MFCL / INI 1003","Population-number-weighted fishing mortality across ages and regions at report censuses, annualized from seasonal integrated F",,"native-1003","fishing mortality","all"
2003,"fishing_mortality",0.0338350972067225,"per year","Native MFCL / INI 1003","Population-number-weighted fishing mortality across ages and regions at report censuses, annualized from seasonal integrated F",,"native-1003","fishing mortality","all"
2004,"fishing_mortality",0.0428041016587416,"per year","Native MFCL / INI 1003","Population-number-weighted fishing mortality across ages and regions at report censuses, annualized from seasonal integrated F",,"native-1003","fishing mortality","all"
2005,"fishing_mortality",0.0493851085670385,"per year","Native MFCL / INI 1003","Population-number-weighted fishing mortality across ages and regions at report censuses, annualized from seasonal integrated F",,"native-1003","fishing mortality","all"
2006,"fishing_mortality",0.0399230111066713,"per year","Native MFCL / INI 1003","Population-number-weighted fishing mortality across ages and regions at report censuses, annualized from seasonal integrated F",,"native-1003","fishing mortality","all"
2007,"fishing_mortality",0.0273816700333086,"per year","Native MFCL / INI 1003","Population-number-weighted fishing mortality across ages and regions at report censuses, annualized from seasonal integrated F",,"native-1003","fishing mortality","all"
2008,"fishing_mortality",0.0317427228424561,"per year","Native MFCL / INI 1003","Population-number-weighted fishing mortality across ages and regions at report censuses, annualized from seasonal integrated F",,"native-1003","fishing mortality","all"
2009,"fishing_mortality",0.040751159207864,"per year","Native MFCL / INI 1003","Population-number-weighted fishing mortality across ages and regions at report censuses, annualized from seasonal integrated F",,"native-1003","fishing mortality","all"
2010,"fishing_mortality",0.046076001790203,"per year","Native MFCL / INI 1003","Population-number-weighted fishing mortality across ages and regions at report censuses, annualized from seasonal integrated F",,"native-1003","fishing mortality","all"
2011,"fishing_mortality",0.0288516578163519,"per year","Native MFCL / INI 1003","Population-number-weighted fishing mortality across ages and regions at report censuses, annualized from seasonal integrated F",,"native-1003","fishing mortality","all"
2012,"fishing_mortality",0.0420248298091873,"per year","Native MFCL / INI 1003","Population-number-weighted fishing mortality across ages and regions at report censuses, annualized from seasonal integrated F",,"native-1003","fishing mortality","all"
2013,"fishing_mortality",0.0487431084974212,"per year","Native MFCL / INI 1003","Population-number-weighted fishing mortality across ages and regions at report censuses, annualized from seasonal integrated F",,"native-1003","fishing mortality","all"
2014,"fishing_mortality",0.0432350250895116,"per year","Native MFCL / INI 1003","Population-number-weighted fishing mortality across ages and regions at report censuses, annualized from seasonal integrated F",,"native-1003","fishing mortality","all"
2015,"fishing_mortality",0.0467774276645573,"per year","Native MFCL / INI 1003","Population-number-weighted fishing mortality across ages and regions at report censuses, annualized from seasonal integrated F",,"native-1003","fishing mortality","all"
2016,"fishing_mortality",0.051669921469889,"per year","Native MFCL / INI 1003","Population-number-weighted fishing mortality across ages and regions at report censuses, annualized from seasonal integrated F",,"native-1003","fishing mortality","all"
2017,"fishing_mortality",0.0654419965247722,"per year","Native MFCL / INI 1003","Population-number-weighted fishing mortality across ages and regions at report censuses, annualized from seasonal integrated F",,"native-1003","fishing mortality","all"
2018,"fishing_mortality",0.0436409780829559,"per year","Native MFCL / INI 1003","Population-number-weighted fishing mortality across ages and regions at report censuses, annualized from seasonal integrated F",,"native-1003","fishing mortality","all"
2019,"fishing_mortality",0.0386734760782136,"per year","Native MFCL / INI 1003","Population-number-weighted fishing mortality across ages and regions at report censuses, annualized from seasonal integrated F",,"native-1003","fishing mortality","all"
2020,"fishing_mortality",0.0408596686650793,"per year","Native MFCL / INI 1003","Population-number-weighted fishing mortality across ages and regions at report censuses, annualized from seasonal integrated F",,"native-1003","fishing mortality","all"
2021,"fishing_mortality",0.0389350647383587,"per year","Native MFCL / INI 1003","Population-number-weighted fishing mortality across ages and regions at report censuses, annualized from seasonal integrated F",,"native-1003","fishing mortality","all"
2022,"fishing_mortality",0.0462056163737052,"per year","Native MFCL / INI 1003","Population-number-weighted fishing mortality across ages and regions at report censuses, annualized from seasonal integrated F",,"native-1003","fishing mortality","all"
1954,"recruitment",155072160,"fish","KIMSA / hybrid F","MFCL report census recruitment",,"kimsa","recruitment","all"
1955,"recruitment",155072160,"fish","KIMSA / hybrid F","MFCL report census recruitment",,"kimsa","recruitment","all"
1956,"recruitment",150860410,"fish","KIMSA / hybrid F","MFCL report census recruitment",,"kimsa","recruitment","all"
1957,"recruitment",92720050,"fish","KIMSA / hybrid F","MFCL report census recruitment",,"kimsa","recruitment","all"
1958,"recruitment",116704020,"fish","KIMSA / hybrid F","MFCL report census recruitment",,"kimsa","recruitment","all"
1959,"recruitment",45460694,"fish","KIMSA / hybrid F","MFCL report census recruitment",,"kimsa","recruitment","all"
1960,"recruitment",26012911,"fish","KIMSA / hybrid F","MFCL report census recruitment",,"kimsa","recruitment","all"
1961,"recruitment",74757010,"fish","KIMSA / hybrid F","MFCL report census recruitment",,"kimsa","recruitment","all"
1962,"recruitment",108335080,"fish","KIMSA / hybrid F","MFCL report census recruitment",,"kimsa","recruitment","all"
1963,"recruitment",139766250,"fish","KIMSA / hybrid F","MFCL report census recruitment",,"kimsa","recruitment","all"
1964,"recruitment",53241347,"fish","KIMSA / hybrid F","MFCL report census recruitment",,"kimsa","recruitment","all"
1965,"recruitment",15287551,"fish","KIMSA / hybrid F","MFCL report census recruitment",,"kimsa","recruitment","all"
1966,"recruitment",65238060,"fish","KIMSA / hybrid F","MFCL report census recruitment",,"kimsa","recruitment","all"
1967,"recruitment",50524951,"fish","KIMSA / hybrid F","MFCL report census recruitment",,"kimsa","recruitment","all"
1968,"recruitment",55273170,"fish","KIMSA / hybrid F","MFCL report census recruitment",,"kimsa","recruitment","all"
1969,"recruitment",46645912,"fish","KIMSA / hybrid F","MFCL report census recruitment",,"kimsa","recruitment","all"
1970,"recruitment",36597376,"fish","KIMSA / hybrid F","MFCL report census recruitment",,"kimsa","recruitment","all"
1971,"recruitment",38833756,"fish","KIMSA / hybrid F","MFCL report census recruitment",,"kimsa","recruitment","all"
1972,"recruitment",39782838,"fish","KIMSA / hybrid F","MFCL report census recruitment",,"kimsa","recruitment","all"
1973,"recruitment",69453860,"fish","KIMSA / hybrid F","MFCL report census recruitment",,"kimsa","recruitment","all"
1974,"recruitment",114581680,"fish","KIMSA / hybrid F","MFCL report census recruitment",,"kimsa","recruitment","all"
1975,"recruitment",55910710,"fish","KIMSA / hybrid F","MFCL report census recruitment",,"kimsa","recruitment","all"
1976,"recruitment",30211302,"fish","KIMSA / hybrid F","MFCL report census recruitment",,"kimsa","recruitment","all"
1977,"recruitment",29844782,"fish","KIMSA / hybrid F","MFCL report census recruitment",,"kimsa","recruitment","all"
1978,"recruitment",35884847,"fish","KIMSA / hybrid F","MFCL report census recruitment",,"kimsa","recruitment","all"
1979,"recruitment",47580208,"fish","KIMSA / hybrid F","MFCL report census recruitment",,"kimsa","recruitment","all"
1980,"recruitment",68144530,"fish","KIMSA / hybrid F","MFCL report census recruitment",,"kimsa","recruitment","all"
1981,"recruitment",56145870,"fish","KIMSA / hybrid F","MFCL report census recruitment",,"kimsa","recruitment","all"
1982,"recruitment",45864934,"fish","KIMSA / hybrid F","MFCL report census recruitment",,"kimsa","recruitment","all"
1983,"recruitment",51147110,"fish","KIMSA / hybrid F","MFCL report census recruitment",,"kimsa","recruitment","all"
1984,"recruitment",62063970,"fish","KIMSA / hybrid F","MFCL report census recruitment",,"kimsa","recruitment","all"
1985,"recruitment",30184451,"fish","KIMSA / hybrid F","MFCL report census recruitment",,"kimsa","recruitment","all"
1986,"recruitment",50525512,"fish","KIMSA / hybrid F","MFCL report census recruitment",,"kimsa","recruitment","all"
1987,"recruitment",58433500,"fish","KIMSA / hybrid F","MFCL report census recruitment",,"kimsa","recruitment","all"
1988,"recruitment",69229030,"fish","KIMSA / hybrid F","MFCL report census recruitment",,"kimsa","recruitment","all"
1989,"recruitment",80107420,"fish","KIMSA / hybrid F","MFCL report census recruitment",,"kimsa","recruitment","all"
1990,"recruitment",39654591,"fish","KIMSA / hybrid F","MFCL report census recruitment",,"kimsa","recruitment","all"
1991,"recruitment",81474320,"fish","KIMSA / hybrid F","MFCL report census recruitment",,"kimsa","recruitment","all"
1992,"recruitment",57722820,"fish","KIMSA / hybrid F","MFCL report census recruitment",,"kimsa","recruitment","all"
1993,"recruitment",64032560,"fish","KIMSA / hybrid F","MFCL report census recruitment",,"kimsa","recruitment","all"
1994,"recruitment",79346560,"fish","KIMSA / hybrid F","MFCL report census recruitment",,"kimsa","recruitment","all"
1995,"recruitment",89195050,"fish","KIMSA / hybrid F","MFCL report census recruitment",,"kimsa","recruitment","all"
1996,"recruitment",52435189,"fish","KIMSA / hybrid F","MFCL report census recruitment",,"kimsa","recruitment","all"
1997,"recruitment",55211087,"fish","KIMSA / hybrid F","MFCL report census recruitment",,"kimsa","recruitment","all"
1998,"recruitment",34849622,"fish","KIMSA / hybrid F","MFCL report census recruitment",,"kimsa","recruitment","all"
1999,"recruitment",117700090,"fish","KIMSA / hybrid F","MFCL report census recruitment",,"kimsa","recruitment","all"
2000,"recruitment",29762202,"fish","KIMSA / hybrid F","MFCL report census recruitment",,"kimsa","recruitment","all"
2001,"recruitment",93918930,"fish","KIMSA / hybrid F","MFCL report census recruitment",,"kimsa","recruitment","all"
2002,"recruitment",108368880,"fish","KIMSA / hybrid F","MFCL report census recruitment",,"kimsa","recruitment","all"
2003,"recruitment",98373090,"fish","KIMSA / hybrid F","MFCL report census recruitment",,"kimsa","recruitment","all"
2004,"recruitment",53054577,"fish","KIMSA / hybrid F","MFCL report census recruitment",,"kimsa","recruitment","all"
2005,"recruitment",60652150,"fish","KIMSA / hybrid F","MFCL report census recruitment",,"kimsa","recruitment","all"
2006,"recruitment",85943850,"fish","KIMSA / hybrid F","MFCL report census recruitment",,"kimsa","recruitment","all"
2007,"recruitment",120006890,"fish","KIMSA / hybrid F","MFCL report census recruitment",,"kimsa","recruitment","all"
2008,"recruitment",69345740,"fish","KIMSA / hybrid F","MFCL report census recruitment",,"kimsa","recruitment","all"
2009,"recruitment",88872540,"fish","KIMSA / hybrid F","MFCL report census recruitment",,"kimsa","recruitment","all"
2010,"recruitment",108142910,"fish","KIMSA / hybrid F","MFCL report census recruitment",,"kimsa","recruitment","all"
2011,"recruitment",111332890,"fish","KIMSA / hybrid F","MFCL report census recruitment",,"kimsa","recruitment","all"
2012,"recruitment",70785830,"fish","KIMSA / hybrid F","MFCL report census recruitment",,"kimsa","recruitment","all"
2013,"recruitment",71021290,"fish","KIMSA / hybrid F","MFCL report census recruitment",,"kimsa","recruitment","all"
2014,"recruitment",93318600,"fish","KIMSA / hybrid F","MFCL report census recruitment",,"kimsa","recruitment","all"
2015,"recruitment",85577560,"fish","KIMSA / hybrid F","MFCL report census recruitment",,"kimsa","recruitment","all"
2016,"recruitment",54326857,"fish","KIMSA / hybrid F","MFCL report census recruitment",,"kimsa","recruitment","all"
2017,"recruitment",45391681,"fish","KIMSA / hybrid F","MFCL report census recruitment",,"kimsa","recruitment","all"
2018,"recruitment",121336510,"fish","KIMSA / hybrid F","MFCL report census recruitment",,"kimsa","recruitment","all"
2019,"recruitment",97726170,"fish","KIMSA / hybrid F","MFCL report census recruitment",,"kimsa","recruitment","all"
2020,"recruitment",90996020,"fish","KIMSA / hybrid F","MFCL report census recruitment",,"kimsa","recruitment","all"
2021,"recruitment",79155550,"fish","KIMSA / hybrid F","MFCL report census recruitment",,"kimsa","recruitment","all"
2022,"recruitment",71275520,"fish","KIMSA / hybrid F","MFCL report census recruitment",,"kimsa","recruitment","all"
1954,"spawning_biomass",1332542.2,"t","KIMSA / hybrid F","MFCL report census spawning_biomass","Spawning potential","kimsa","Spawning potential","all"
1955,"spawning_biomass",1305815.6,"t","KIMSA / hybrid F","MFCL report census spawning_biomass","Spawning potential","kimsa","Spawning potential","all"
1956,"spawning_biomass",1282626.1,"t","KIMSA / hybrid F","MFCL report census spawning_biomass","Spawning potential","kimsa","Spawning potential","all"
1957,"spawning_biomass",1268269.4,"t","KIMSA / hybrid F","MFCL report census spawning_biomass","Spawning potential","kimsa","Spawning potential","all"
1958,"spawning_biomass",1254849,"t","KIMSA / hybrid F","MFCL report census spawning_biomass","Spawning potential","kimsa","Spawning potential","all"
1959,"spawning_biomass",1237657.8,"t","KIMSA / hybrid F","MFCL report census spawning_biomass","Spawning potential","kimsa","Spawning potential","all"
1960,"spawning_biomass",1186108.2,"t","KIMSA / hybrid F","MFCL report census spawning_biomass","Spawning potential","kimsa","Spawning potential","all"
1961,"spawning_biomass",1094731.5,"t","KIMSA / hybrid F","MFCL report census spawning_biomass","Spawning potential","kimsa","Spawning potential","all"
1962,"spawning_biomass",989827.1,"t","KIMSA / hybrid F","MFCL report census spawning_biomass","Spawning potential","kimsa","Spawning potential","all"
1963,"spawning_biomass",827663.8,"t","KIMSA / hybrid F","MFCL report census spawning_biomass","Spawning potential","kimsa","Spawning potential","all"
1964,"spawning_biomass",684890.5,"t","KIMSA / hybrid F","MFCL report census spawning_biomass","Spawning potential","kimsa","Spawning potential","all"
1965,"spawning_biomass",633532.8,"t","KIMSA / hybrid F","MFCL report census spawning_biomass","Spawning potential","kimsa","Spawning potential","all"
1966,"spawning_biomass",660524.2,"t","KIMSA / hybrid F","MFCL report census spawning_biomass","Spawning potential","kimsa","Spawning potential","all"
1967,"spawning_biomass",672383.3,"t","KIMSA / hybrid F","MFCL report census spawning_biomass","Spawning potential","kimsa","Spawning potential","all"
1968,"spawning_biomass",587660.3,"t","KIMSA / hybrid F","MFCL report census spawning_biomass","Spawning potential","kimsa","Spawning potential","all"
1969,"spawning_biomass",485908.6,"t","KIMSA / hybrid F","MFCL report census spawning_biomass","Spawning potential","kimsa","Spawning potential","all"
1970,"spawning_biomass",438818.9,"t","KIMSA / hybrid F","MFCL report census spawning_biomass","Spawning potential","kimsa","Spawning potential","all"
1971,"spawning_biomass",401650.8,"t","KIMSA / hybrid F","MFCL report census spawning_biomass","Spawning potential","kimsa","Spawning potential","all"
1972,"spawning_biomass",365021.8,"t","KIMSA / hybrid F","MFCL report census spawning_biomass","Spawning potential","kimsa","Spawning potential","all"
1973,"spawning_biomass",324951.13,"t","KIMSA / hybrid F","MFCL report census spawning_biomass","Spawning potential","kimsa","Spawning potential","all"
1974,"spawning_biomass",280743.19,"t","KIMSA / hybrid F","MFCL report census spawning_biomass","Spawning potential","kimsa","Spawning potential","all"
1975,"spawning_biomass",251701.9,"t","KIMSA / hybrid F","MFCL report census spawning_biomass","Spawning potential","kimsa","Spawning potential","all"
1976,"spawning_biomass",262225.29,"t","KIMSA / hybrid F","MFCL report census spawning_biomass","Spawning potential","kimsa","Spawning potential","all"
1977,"spawning_biomass",326120.49,"t","KIMSA / hybrid F","MFCL report census spawning_biomass","Spawning potential","kimsa","Spawning potential","all"
1978,"spawning_biomass",389826.8,"t","KIMSA / hybrid F","MFCL report census spawning_biomass","Spawning potential","kimsa","Spawning potential","all"
1979,"spawning_biomass",378707.7,"t","KIMSA / hybrid F","MFCL report census spawning_biomass","Spawning potential","kimsa","Spawning potential","all"
1980,"spawning_biomass",335015.68,"t","KIMSA / hybrid F","MFCL report census spawning_biomass","Spawning potential","kimsa","Spawning potential","all"
1981,"spawning_biomass",286147.19,"t","KIMSA / hybrid F","MFCL report census spawning_biomass","Spawning potential","kimsa","Spawning potential","all"
1982,"spawning_biomass",258230.47,"t","KIMSA / hybrid F","MFCL report census spawning_biomass","Spawning potential","kimsa","Spawning potential","all"
1983,"spawning_biomass",262511.22,"t","KIMSA / hybrid F","MFCL report census spawning_biomass","Spawning potential","kimsa","Spawning potential","all"
1984,"spawning_biomass",291763.96,"t","KIMSA / hybrid F","MFCL report census spawning_biomass","Spawning potential","kimsa","Spawning potential","all"
1985,"spawning_biomass",306669.31,"t","KIMSA / hybrid F","MFCL report census spawning_biomass","Spawning potential","kimsa","Spawning potential","all"
1986,"spawning_biomass",306647.43,"t","KIMSA / hybrid F","MFCL report census spawning_biomass","Spawning potential","kimsa","Spawning potential","all"
1987,"spawning_biomass",303943.85,"t","KIMSA / hybrid F","MFCL report census spawning_biomass","Spawning potential","kimsa","Spawning potential","all"
1988,"spawning_biomass",303939.61,"t","KIMSA / hybrid F","MFCL report census spawning_biomass","Spawning potential","kimsa","Spawning potential","all"
1989,"spawning_biomass",278362.52,"t","KIMSA / hybrid F","MFCL report census spawning_biomass","Spawning potential","kimsa","Spawning potential","all"
1990,"spawning_biomass",268187.35,"t","KIMSA / hybrid F","MFCL report census spawning_biomass","Spawning potential","kimsa","Spawning potential","all"
1991,"spawning_biomass",282464.94,"t","KIMSA / hybrid F","MFCL report census spawning_biomass","Spawning potential","kimsa","Spawning potential","all"
1992,"spawning_biomass",308504.84,"t","KIMSA / hybrid F","MFCL report census spawning_biomass","Spawning potential","kimsa","Spawning potential","all"
1993,"spawning_biomass",324483.9,"t","KIMSA / hybrid F","MFCL report census spawning_biomass","Spawning potential","kimsa","Spawning potential","all"
1994,"spawning_biomass",326968.67,"t","KIMSA / hybrid F","MFCL report census spawning_biomass","Spawning potential","kimsa","Spawning potential","all"
1995,"spawning_biomass",340610,"t","KIMSA / hybrid F","MFCL report census spawning_biomass","Spawning potential","kimsa","Spawning potential","all"
1996,"spawning_biomass",350702.26,"t","KIMSA / hybrid F","MFCL report census spawning_biomass","Spawning potential","kimsa","Spawning potential","all"
1997,"spawning_biomass",359925.55,"t","KIMSA / hybrid F","MFCL report census spawning_biomass","Spawning potential","kimsa","Spawning potential","all"
1998,"spawning_biomass",386652.8,"t","KIMSA / hybrid F","MFCL report census spawning_biomass","Spawning potential","kimsa","Spawning potential","all"
1999,"spawning_biomass",388052.1,"t","KIMSA / hybrid F","MFCL report census spawning_biomass","Spawning potential","kimsa","Spawning potential","all"
2000,"spawning_biomass",376679.3,"t","KIMSA / hybrid F","MFCL report census spawning_biomass","Spawning potential","kimsa","Spawning potential","all"
2001,"spawning_biomass",343124.78,"t","KIMSA / hybrid F","MFCL report census spawning_biomass","Spawning potential","kimsa","Spawning potential","all"
2002,"spawning_biomass",322672.89,"t","KIMSA / hybrid F","MFCL report census spawning_biomass","Spawning potential","kimsa","Spawning potential","all"
2003,"spawning_biomass",319949.21,"t","KIMSA / hybrid F","MFCL report census spawning_biomass","Spawning potential","kimsa","Spawning potential","all"
2004,"spawning_biomass",302549.6,"t","KIMSA / hybrid F","MFCL report census spawning_biomass","Spawning potential","kimsa","Spawning potential","all"
2005,"spawning_biomass",334034.33,"t","KIMSA / hybrid F","MFCL report census spawning_biomass","Spawning potential","kimsa","Spawning potential","all"
2006,"spawning_biomass",376157.5,"t","KIMSA / hybrid F","MFCL report census spawning_biomass","Spawning potential","kimsa","Spawning potential","all"
2007,"spawning_biomass",386582.3,"t","KIMSA / hybrid F","MFCL report census spawning_biomass","Spawning potential","kimsa","Spawning potential","all"
2008,"spawning_biomass",359923.4,"t","KIMSA / hybrid F","MFCL report census spawning_biomass","Spawning potential","kimsa","Spawning potential","all"
2009,"spawning_biomass",346573.41,"t","KIMSA / hybrid F","MFCL report census spawning_biomass","Spawning potential","kimsa","Spawning potential","all"
2010,"spawning_biomass",359462.7,"t","KIMSA / hybrid F","MFCL report census spawning_biomass","Spawning potential","kimsa","Spawning potential","all"
2011,"spawning_biomass",372875.2,"t","KIMSA / hybrid F","MFCL report census spawning_biomass","Spawning potential","kimsa","Spawning potential","all"
2012,"spawning_biomass",382700,"t","KIMSA / hybrid F","MFCL report census spawning_biomass","Spawning potential","kimsa","Spawning potential","all"
2013,"spawning_biomass",388454.7,"t","KIMSA / hybrid F","MFCL report census spawning_biomass","Spawning potential","kimsa","Spawning potential","all"
2014,"spawning_biomass",413016.3,"t","KIMSA / hybrid F","MFCL report census spawning_biomass","Spawning potential","kimsa","Spawning potential","all"
2015,"spawning_biomass",425087,"t","KIMSA / hybrid F","MFCL report census spawning_biomass","Spawning potential","kimsa","Spawning potential","all"
2016,"spawning_biomass",390428.83,"t","KIMSA / hybrid F","MFCL report census spawning_biomass","Spawning potential","kimsa","Spawning potential","all"
2017,"spawning_biomass",366696.94,"t","KIMSA / hybrid F","MFCL report census spawning_biomass","Spawning potential","kimsa","Spawning potential","all"
2018,"spawning_biomass",359881.71,"t","KIMSA / hybrid F","MFCL report census spawning_biomass","Spawning potential","kimsa","Spawning potential","all"
2019,"spawning_biomass",341431.76,"t","KIMSA / hybrid F","MFCL report census spawning_biomass","Spawning potential","kimsa","Spawning potential","all"
2020,"spawning_biomass",299273.13,"t","KIMSA / hybrid F","MFCL report census spawning_biomass","Spawning potential","kimsa","Spawning potential","all"
2021,"spawning_biomass",287414.62,"t","KIMSA / hybrid F","MFCL report census spawning_biomass","Spawning potential","kimsa","Spawning potential","all"
2022,"spawning_biomass",340495.09,"t","KIMSA / hybrid F","MFCL report census spawning_biomass","Spawning potential","kimsa","Spawning potential","all"
1954,"dynamic_spawning_depletion",1,"ratio","KIMSA / hybrid F","Ratio of spawning potential to dynamic unfished spawning potential at the same report census",,"kimsa","dynamic spawning depletion","all"
1955,"dynamic_spawning_depletion",0.994653780755119,"ratio","KIMSA / hybrid F","Ratio of spawning potential to dynamic unfished spawning potential at the same report census",,"kimsa","dynamic spawning depletion","all"
1956,"dynamic_spawning_depletion",0.988395565950134,"ratio","KIMSA / hybrid F","Ratio of spawning potential to dynamic unfished spawning potential at the same report census",,"kimsa","dynamic spawning depletion","all"
1957,"dynamic_spawning_depletion",0.985840415612924,"ratio","KIMSA / hybrid F","Ratio of spawning potential to dynamic unfished spawning potential at the same report census",,"kimsa","dynamic spawning depletion","all"
1958,"dynamic_spawning_depletion",0.98162689621508,"ratio","KIMSA / hybrid F","Ratio of spawning potential to dynamic unfished spawning potential at the same report census",,"kimsa","dynamic spawning depletion","all"
1959,"dynamic_spawning_depletion",0.974185832067053,"ratio","KIMSA / hybrid F","Ratio of spawning potential to dynamic unfished spawning potential at the same report census",,"kimsa","dynamic spawning depletion","all"
1960,"dynamic_spawning_depletion",0.962552807760357,"ratio","KIMSA / hybrid F","Ratio of spawning potential to dynamic unfished spawning potential at the same report census",,"kimsa","dynamic spawning depletion","all"
1961,"dynamic_spawning_depletion",0.949471478687073,"ratio","KIMSA / hybrid F","Ratio of spawning potential to dynamic unfished spawning potential at the same report census",,"kimsa","dynamic spawning depletion","all"
1962,"dynamic_spawning_depletion",0.934847679628595,"ratio","KIMSA / hybrid F","Ratio of spawning potential to dynamic unfished spawning potential at the same report census",,"kimsa","dynamic spawning depletion","all"
1963,"dynamic_spawning_depletion",0.910259570048786,"ratio","KIMSA / hybrid F","Ratio of spawning potential to dynamic unfished spawning potential at the same report census",,"kimsa","dynamic spawning depletion","all"
1964,"dynamic_spawning_depletion",0.885915087049576,"ratio","KIMSA / hybrid F","Ratio of spawning potential to dynamic unfished spawning potential at the same report census",,"kimsa","dynamic spawning depletion","all"
1965,"dynamic_spawning_depletion",0.876150415136883,"ratio","KIMSA / hybrid F","Ratio of spawning potential to dynamic unfished spawning potential at the same report census",,"kimsa","dynamic spawning depletion","all"
1966,"dynamic_spawning_depletion",0.87779297044491,"ratio","KIMSA / hybrid F","Ratio of spawning potential to dynamic unfished spawning potential at the same report census",,"kimsa","dynamic spawning depletion","all"
1967,"dynamic_spawning_depletion",0.857609335470182,"ratio","KIMSA / hybrid F","Ratio of spawning potential to dynamic unfished spawning potential at the same report census",,"kimsa","dynamic spawning depletion","all"
1968,"dynamic_spawning_depletion",0.818017221699453,"ratio","KIMSA / hybrid F","Ratio of spawning potential to dynamic unfished spawning potential at the same report census",,"kimsa","dynamic spawning depletion","all"
1969,"dynamic_spawning_depletion",0.780352927195115,"ratio","KIMSA / hybrid F","Ratio of spawning potential to dynamic unfished spawning potential at the same report census",,"kimsa","dynamic spawning depletion","all"
1970,"dynamic_spawning_depletion",0.768405298476179,"ratio","KIMSA / hybrid F","Ratio of spawning potential to dynamic unfished spawning potential at the same report census",,"kimsa","dynamic spawning depletion","all"
1971,"dynamic_spawning_depletion",0.75159895740062,"ratio","KIMSA / hybrid F","Ratio of spawning potential to dynamic unfished spawning potential at the same report census",,"kimsa","dynamic spawning depletion","all"
1972,"dynamic_spawning_depletion",0.721032567589803,"ratio","KIMSA / hybrid F","Ratio of spawning potential to dynamic unfished spawning potential at the same report census",,"kimsa","dynamic spawning depletion","all"
1973,"dynamic_spawning_depletion",0.686511008750423,"ratio","KIMSA / hybrid F","Ratio of spawning potential to dynamic unfished spawning potential at the same report census",,"kimsa","dynamic spawning depletion","all"
1974,"dynamic_spawning_depletion",0.642898257938183,"ratio","KIMSA / hybrid F","Ratio of spawning potential to dynamic unfished spawning potential at the same report census",,"kimsa","dynamic spawning depletion","all"
1975,"dynamic_spawning_depletion",0.617536682677847,"ratio","KIMSA / hybrid F","Ratio of spawning potential to dynamic unfished spawning potential at the same report census",,"kimsa","dynamic spawning depletion","all"
1976,"dynamic_spawning_depletion",0.652166578417955,"ratio","KIMSA / hybrid F","Ratio of spawning potential to dynamic unfished spawning potential at the same report census",,"kimsa","dynamic spawning depletion","all"
1977,"dynamic_spawning_depletion",0.720501270353269,"ratio","KIMSA / hybrid F","Ratio of spawning potential to dynamic unfished spawning potential at the same report census",,"kimsa","dynamic spawning depletion","all"
1978,"dynamic_spawning_depletion",0.74587515199175,"ratio","KIMSA / hybrid F","Ratio of spawning potential to dynamic unfished spawning potential at the same report census",,"kimsa","dynamic spawning depletion","all"
1979,"dynamic_spawning_depletion",0.723769249395645,"ratio","KIMSA / hybrid F","Ratio of spawning potential to dynamic unfished spawning potential at the same report census",,"kimsa","dynamic spawning depletion","all"
1980,"dynamic_spawning_depletion",0.702624420571712,"ratio","KIMSA / hybrid F","Ratio of spawning potential to dynamic unfished spawning potential at the same report census",,"kimsa","dynamic spawning depletion","all"
1981,"dynamic_spawning_depletion",0.669263265236911,"ratio","KIMSA / hybrid F","Ratio of spawning potential to dynamic unfished spawning potential at the same report census",,"kimsa","dynamic spawning depletion","all"
1982,"dynamic_spawning_depletion",0.648886632376728,"ratio","KIMSA / hybrid F","Ratio of spawning potential to dynamic unfished spawning potential at the same report census",,"kimsa","dynamic spawning depletion","all"
1983,"dynamic_spawning_depletion",0.656844249743279,"ratio","KIMSA / hybrid F","Ratio of spawning potential to dynamic unfished spawning potential at the same report census",,"kimsa","dynamic spawning depletion","all"
1984,"dynamic_spawning_depletion",0.690403483963055,"ratio","KIMSA / hybrid F","Ratio of spawning potential to dynamic unfished spawning potential at the same report census",,"kimsa","dynamic spawning depletion","all"
1985,"dynamic_spawning_depletion",0.708504031276179,"ratio","KIMSA / hybrid F","Ratio of spawning potential to dynamic unfished spawning potential at the same report census",,"kimsa","dynamic spawning depletion","all"
1986,"dynamic_spawning_depletion",0.712058184685733,"ratio","KIMSA / hybrid F","Ratio of spawning potential to dynamic unfished spawning potential at the same report census",,"kimsa","dynamic spawning depletion","all"
1987,"dynamic_spawning_depletion",0.69856379548341,"ratio","KIMSA / hybrid F","Ratio of spawning potential to dynamic unfished spawning potential at the same report census",,"kimsa","dynamic spawning depletion","all"
1988,"dynamic_spawning_depletion",0.697901539591968,"ratio","KIMSA / hybrid F","Ratio of spawning potential to dynamic unfished spawning potential at the same report census",,"kimsa","dynamic spawning depletion","all"
1989,"dynamic_spawning_depletion",0.668934846970163,"ratio","KIMSA / hybrid F","Ratio of spawning potential to dynamic unfished spawning potential at the same report census",,"kimsa","dynamic spawning depletion","all"
1990,"dynamic_spawning_depletion",0.64684588664275,"ratio","KIMSA / hybrid F","Ratio of spawning potential to dynamic unfished spawning potential at the same report census",,"kimsa","dynamic spawning depletion","all"
1991,"dynamic_spawning_depletion",0.652868679677894,"ratio","KIMSA / hybrid F","Ratio of spawning potential to dynamic unfished spawning potential at the same report census",,"kimsa","dynamic spawning depletion","all"
1992,"dynamic_spawning_depletion",0.659007151343691,"ratio","KIMSA / hybrid F","Ratio of spawning potential to dynamic unfished spawning potential at the same report census",,"kimsa","dynamic spawning depletion","all"
1993,"dynamic_spawning_depletion",0.658579237102116,"ratio","KIMSA / hybrid F","Ratio of spawning potential to dynamic unfished spawning potential at the same report census",,"kimsa","dynamic spawning depletion","all"
1994,"dynamic_spawning_depletion",0.660118691426518,"ratio","KIMSA / hybrid F","Ratio of spawning potential to dynamic unfished spawning potential at the same report census",,"kimsa","dynamic spawning depletion","all"
1995,"dynamic_spawning_depletion",0.661816081930659,"ratio","KIMSA / hybrid F","Ratio of spawning potential to dynamic unfished spawning potential at the same report census",,"kimsa","dynamic spawning depletion","all"
1996,"dynamic_spawning_depletion",0.674223470477104,"ratio","KIMSA / hybrid F","Ratio of spawning potential to dynamic unfished spawning potential at the same report census",,"kimsa","dynamic spawning depletion","all"
1997,"dynamic_spawning_depletion",0.6768851389218,"ratio","KIMSA / hybrid F","Ratio of spawning potential to dynamic unfished spawning potential at the same report census",,"kimsa","dynamic spawning depletion","all"
1998,"dynamic_spawning_depletion",0.688252951999043,"ratio","KIMSA / hybrid F","Ratio of spawning potential to dynamic unfished spawning potential at the same report census",,"kimsa","dynamic spawning depletion","all"
1999,"dynamic_spawning_depletion",0.665345013942936,"ratio","KIMSA / hybrid F","Ratio of spawning potential to dynamic unfished spawning potential at the same report census",,"kimsa","dynamic spawning depletion","all"
2000,"dynamic_spawning_depletion",0.664479778294643,"ratio","KIMSA / hybrid F","Ratio of spawning potential to dynamic unfished spawning potential at the same report census",,"kimsa","dynamic spawning depletion","all"
2001,"dynamic_spawning_depletion",0.643144353268619,"ratio","KIMSA / hybrid F","Ratio of spawning potential to dynamic unfished spawning potential at the same report census",,"kimsa","dynamic spawning depletion","all"
2002,"dynamic_spawning_depletion",0.614834143749134,"ratio","KIMSA / hybrid F","Ratio of spawning potential to dynamic unfished spawning potential at the same report census",,"kimsa","dynamic spawning depletion","all"
2003,"dynamic_spawning_depletion",0.578352882353749,"ratio","KIMSA / hybrid F","Ratio of spawning potential to dynamic unfished spawning potential at the same report census",,"kimsa","dynamic spawning depletion","all"
2004,"dynamic_spawning_depletion",0.55310086064838,"ratio","KIMSA / hybrid F","Ratio of spawning potential to dynamic unfished spawning potential at the same report census",,"kimsa","dynamic spawning depletion","all"
2005,"dynamic_spawning_depletion",0.566617593126922,"ratio","KIMSA / hybrid F","Ratio of spawning potential to dynamic unfished spawning potential at the same report census",,"kimsa","dynamic spawning depletion","all"
2006,"dynamic_spawning_depletion",0.577558414535112,"ratio","KIMSA / hybrid F","Ratio of spawning potential to dynamic unfished spawning potential at the same report census",,"kimsa","dynamic spawning depletion","all"
2007,"dynamic_spawning_depletion",0.571622676863289,"ratio","KIMSA / hybrid F","Ratio of spawning potential to dynamic unfished spawning potential at the same report census",,"kimsa","dynamic spawning depletion","all"
2008,"dynamic_spawning_depletion",0.554183932143596,"ratio","KIMSA / hybrid F","Ratio of spawning potential to dynamic unfished spawning potential at the same report census",,"kimsa","dynamic spawning depletion","all"
2009,"dynamic_spawning_depletion",0.549660305755747,"ratio","KIMSA / hybrid F","Ratio of spawning potential to dynamic unfished spawning potential at the same report census",,"kimsa","dynamic spawning depletion","all"
2010,"dynamic_spawning_depletion",0.546373700935832,"ratio","KIMSA / hybrid F","Ratio of spawning potential to dynamic unfished spawning potential at the same report census",,"kimsa","dynamic spawning depletion","all"
2011,"dynamic_spawning_depletion",0.533091774800424,"ratio","KIMSA / hybrid F","Ratio of spawning potential to dynamic unfished spawning potential at the same report census",,"kimsa","dynamic spawning depletion","all"
2012,"dynamic_spawning_depletion",0.543687499733626,"ratio","KIMSA / hybrid F","Ratio of spawning potential to dynamic unfished spawning potential at the same report census",,"kimsa","dynamic spawning depletion","all"
2013,"dynamic_spawning_depletion",0.53881045905208,"ratio","KIMSA / hybrid F","Ratio of spawning potential to dynamic unfished spawning potential at the same report census",,"kimsa","dynamic spawning depletion","all"
2014,"dynamic_spawning_depletion",0.543637422628508,"ratio","KIMSA / hybrid F","Ratio of spawning potential to dynamic unfished spawning potential at the same report census",,"kimsa","dynamic spawning depletion","all"
2015,"dynamic_spawning_depletion",0.544361644419425,"ratio","KIMSA / hybrid F","Ratio of spawning potential to dynamic unfished spawning potential at the same report census",,"kimsa","dynamic spawning depletion","all"
2016,"dynamic_spawning_depletion",0.515841847486448,"ratio","KIMSA / hybrid F","Ratio of spawning potential to dynamic unfished spawning potential at the same report census",,"kimsa","dynamic spawning depletion","all"
2017,"dynamic_spawning_depletion",0.499940407478691,"ratio","KIMSA / hybrid F","Ratio of spawning potential to dynamic unfished spawning potential at the same report census",,"kimsa","dynamic spawning depletion","all"
2018,"dynamic_spawning_depletion",0.492154879534903,"ratio","KIMSA / hybrid F","Ratio of spawning potential to dynamic unfished spawning potential at the same report census",,"kimsa","dynamic spawning depletion","all"
2019,"dynamic_spawning_depletion",0.478505229292559,"ratio","KIMSA / hybrid F","Ratio of spawning potential to dynamic unfished spawning potential at the same report census",,"kimsa","dynamic spawning depletion","all"
2020,"dynamic_spawning_depletion",0.452024164091801,"ratio","KIMSA / hybrid F","Ratio of spawning potential to dynamic unfished spawning potential at the same report census",,"kimsa","dynamic spawning depletion","all"
2021,"dynamic_spawning_depletion",0.449746893320894,"ratio","KIMSA / hybrid F","Ratio of spawning potential to dynamic unfished spawning potential at the same report census",,"kimsa","dynamic spawning depletion","all"
2022,"dynamic_spawning_depletion",0.497118409034633,"ratio","KIMSA / hybrid F","Ratio of spawning potential to dynamic unfished spawning potential at the same report census",,"kimsa","dynamic spawning depletion","all"
1954,"fishing_mortality",0.00149125821462591,"per year","KIMSA / hybrid F","Population-number-weighted fishing mortality across ages and regions at report censuses, annualized from seasonal integrated F",,"kimsa","fishing mortality","all"
1955,"fishing_mortality",0.00214465363888726,"per year","KIMSA / hybrid F","Population-number-weighted fishing mortality across ages and regions at report censuses, annualized from seasonal integrated F",,"kimsa","fishing mortality","all"
1956,"fishing_mortality",0.00142545228932729,"per year","KIMSA / hybrid F","Population-number-weighted fishing mortality across ages and regions at report censuses, annualized from seasonal integrated F",,"kimsa","fishing mortality","all"
1957,"fishing_mortality",0.00236952512114996,"per year","KIMSA / hybrid F","Population-number-weighted fishing mortality across ages and regions at report censuses, annualized from seasonal integrated F",,"kimsa","fishing mortality","all"
1958,"fishing_mortality",0.00412138096473812,"per year","KIMSA / hybrid F","Population-number-weighted fishing mortality across ages and regions at report censuses, annualized from seasonal integrated F",,"kimsa","fishing mortality","all"
1959,"fishing_mortality",0.00737643558858932,"per year","KIMSA / hybrid F","Population-number-weighted fishing mortality across ages and regions at report censuses, annualized from seasonal integrated F",,"kimsa","fishing mortality","all"
1960,"fishing_mortality",0.0108173813430705,"per year","KIMSA / hybrid F","Population-number-weighted fishing mortality across ages and regions at report censuses, annualized from seasonal integrated F",,"kimsa","fishing mortality","all"
1961,"fishing_mortality",0.0106593126808331,"per year","KIMSA / hybrid F","Population-number-weighted fishing mortality across ages and regions at report censuses, annualized from seasonal integrated F",,"kimsa","fishing mortality","all"
1962,"fishing_mortality",0.0102943832083502,"per year","KIMSA / hybrid F","Population-number-weighted fishing mortality across ages and regions at report censuses, annualized from seasonal integrated F",,"kimsa","fishing mortality","all"
1963,"fishing_mortality",0.00770311495595519,"per year","KIMSA / hybrid F","Population-number-weighted fishing mortality across ages and regions at report censuses, annualized from seasonal integrated F",,"kimsa","fishing mortality","all"
1964,"fishing_mortality",0.00895809097972724,"per year","KIMSA / hybrid F","Population-number-weighted fishing mortality across ages and regions at report censuses, annualized from seasonal integrated F",,"kimsa","fishing mortality","all"
1965,"fishing_mortality",0.014765900429306,"per year","KIMSA / hybrid F","Population-number-weighted fishing mortality across ages and regions at report censuses, annualized from seasonal integrated F",,"kimsa","fishing mortality","all"
1966,"fishing_mortality",0.0236791731124958,"per year","KIMSA / hybrid F","Population-number-weighted fishing mortality across ages and regions at report censuses, annualized from seasonal integrated F",,"kimsa","fishing mortality","all"
1967,"fishing_mortality",0.0264413535776839,"per year","KIMSA / hybrid F","Population-number-weighted fishing mortality across ages and regions at report censuses, annualized from seasonal integrated F",,"kimsa","fishing mortality","all"
1968,"fishing_mortality",0.0218375405163801,"per year","KIMSA / hybrid F","Population-number-weighted fishing mortality across ages and regions at report censuses, annualized from seasonal integrated F",,"kimsa","fishing mortality","all"
1969,"fishing_mortality",0.0185669601384355,"per year","KIMSA / hybrid F","Population-number-weighted fishing mortality across ages and regions at report censuses, annualized from seasonal integrated F",,"kimsa","fishing mortality","all"
1970,"fishing_mortality",0.025468926074541,"per year","KIMSA / hybrid F","Population-number-weighted fishing mortality across ages and regions at report censuses, annualized from seasonal integrated F",,"kimsa","fishing mortality","all"
1971,"fishing_mortality",0.0342103943769304,"per year","KIMSA / hybrid F","Population-number-weighted fishing mortality across ages and regions at report censuses, annualized from seasonal integrated F",,"kimsa","fishing mortality","all"
1972,"fishing_mortality",0.0350663711168406,"per year","KIMSA / hybrid F","Population-number-weighted fishing mortality across ages and regions at report censuses, annualized from seasonal integrated F",,"kimsa","fishing mortality","all"
1973,"fishing_mortality",0.0311888088925607,"per year","KIMSA / hybrid F","Population-number-weighted fishing mortality across ages and regions at report censuses, annualized from seasonal integrated F",,"kimsa","fishing mortality","all"
1974,"fishing_mortality",0.0194076245540496,"per year","KIMSA / hybrid F","Population-number-weighted fishing mortality across ages and regions at report censuses, annualized from seasonal integrated F",,"kimsa","fishing mortality","all"
1975,"fishing_mortality",0.0117586117877212,"per year","KIMSA / hybrid F","Population-number-weighted fishing mortality across ages and regions at report censuses, annualized from seasonal integrated F",,"kimsa","fishing mortality","all"
1976,"fishing_mortality",0.0137825959689394,"per year","KIMSA / hybrid F","Population-number-weighted fishing mortality across ages and regions at report censuses, annualized from seasonal integrated F",,"kimsa","fishing mortality","all"
1977,"fishing_mortality",0.0298669712612077,"per year","KIMSA / hybrid F","Population-number-weighted fishing mortality across ages and regions at report censuses, annualized from seasonal integrated F",,"kimsa","fishing mortality","all"
1978,"fishing_mortality",0.0359149705705408,"per year","KIMSA / hybrid F","Population-number-weighted fishing mortality across ages and regions at report censuses, annualized from seasonal integrated F",,"kimsa","fishing mortality","all"
1979,"fishing_mortality",0.0235017181241986,"per year","KIMSA / hybrid F","Population-number-weighted fishing mortality across ages and regions at report censuses, annualized from seasonal integrated F",,"kimsa","fishing mortality","all"
1980,"fishing_mortality",0.0223936685934614,"per year","KIMSA / hybrid F","Population-number-weighted fishing mortality across ages and regions at report censuses, annualized from seasonal integrated F",,"kimsa","fishing mortality","all"
1981,"fishing_mortality",0.0226896131052249,"per year","KIMSA / hybrid F","Population-number-weighted fishing mortality across ages and regions at report censuses, annualized from seasonal integrated F",,"kimsa","fishing mortality","all"
1982,"fishing_mortality",0.0237096191430426,"per year","KIMSA / hybrid F","Population-number-weighted fishing mortality across ages and regions at report censuses, annualized from seasonal integrated F",,"kimsa","fishing mortality","all"
1983,"fishing_mortality",0.0209994196500253,"per year","KIMSA / hybrid F","Population-number-weighted fishing mortality across ages and regions at report censuses, annualized from seasonal integrated F",,"kimsa","fishing mortality","all"
1984,"fishing_mortality",0.0226923882595282,"per year","KIMSA / hybrid F","Population-number-weighted fishing mortality across ages and regions at report censuses, annualized from seasonal integrated F",,"kimsa","fishing mortality","all"
1985,"fishing_mortality",0.0297249390026171,"per year","KIMSA / hybrid F","Population-number-weighted fishing mortality across ages and regions at report censuses, annualized from seasonal integrated F",,"kimsa","fishing mortality","all"
1986,"fishing_mortality",0.0321167806118419,"per year","KIMSA / hybrid F","Population-number-weighted fishing mortality across ages and regions at report censuses, annualized from seasonal integrated F",,"kimsa","fishing mortality","all"
1987,"fishing_mortality",0.0212143085006692,"per year","KIMSA / hybrid F","Population-number-weighted fishing mortality across ages and regions at report censuses, annualized from seasonal integrated F",,"kimsa","fishing mortality","all"
1988,"fishing_mortality",0.0280592622486398,"per year","KIMSA / hybrid F","Population-number-weighted fishing mortality across ages and regions at report censuses, annualized from seasonal integrated F",,"kimsa","fishing mortality","all"
1989,"fishing_mortality",0.0540817580222235,"per year","KIMSA / hybrid F","Population-number-weighted fishing mortality across ages and regions at report censuses, annualized from seasonal integrated F",,"kimsa","fishing mortality","all"
1990,"fishing_mortality",0.0332570750463543,"per year","KIMSA / hybrid F","Population-number-weighted fishing mortality across ages and regions at report censuses, annualized from seasonal integrated F",,"kimsa","fishing mortality","all"
1991,"fishing_mortality",0.0256338566431945,"per year","KIMSA / hybrid F","Population-number-weighted fishing mortality across ages and regions at report censuses, annualized from seasonal integrated F",,"kimsa","fishing mortality","all"
1992,"fishing_mortality",0.031147892994728,"per year","KIMSA / hybrid F","Population-number-weighted fishing mortality across ages and regions at report censuses, annualized from seasonal integrated F",,"kimsa","fishing mortality","all"
1993,"fishing_mortality",0.0264822328919434,"per year","KIMSA / hybrid F","Population-number-weighted fishing mortality across ages and regions at report censuses, annualized from seasonal integrated F",,"kimsa","fishing mortality","all"
1994,"fishing_mortality",0.0292319667928334,"per year","KIMSA / hybrid F","Population-number-weighted fishing mortality across ages and regions at report censuses, annualized from seasonal integrated F",,"kimsa","fishing mortality","all"
1995,"fishing_mortality",0.0216903140516294,"per year","KIMSA / hybrid F","Population-number-weighted fishing mortality across ages and regions at report censuses, annualized from seasonal integrated F",,"kimsa","fishing mortality","all"
1996,"fishing_mortality",0.0301920270426201,"per year","KIMSA / hybrid F","Population-number-weighted fishing mortality across ages and regions at report censuses, annualized from seasonal integrated F",,"kimsa","fishing mortality","all"
1997,"fishing_mortality",0.0282181153668586,"per year","KIMSA / hybrid F","Population-number-weighted fishing mortality across ages and regions at report censuses, annualized from seasonal integrated F",,"kimsa","fishing mortality","all"
1998,"fishing_mortality",0.0506456096465264,"per year","KIMSA / hybrid F","Population-number-weighted fishing mortality across ages and regions at report censuses, annualized from seasonal integrated F",,"kimsa","fishing mortality","all"
1999,"fishing_mortality",0.019345275624581,"per year","KIMSA / hybrid F","Population-number-weighted fishing mortality across ages and regions at report censuses, annualized from seasonal integrated F",,"kimsa","fishing mortality","all"
2000,"fishing_mortality",0.0360051947512313,"per year","KIMSA / hybrid F","Population-number-weighted fishing mortality across ages and regions at report censuses, annualized from seasonal integrated F",,"kimsa","fishing mortality","all"
2001,"fishing_mortality",0.0345069006087466,"per year","KIMSA / hybrid F","Population-number-weighted fishing mortality across ages and regions at report censuses, annualized from seasonal integrated F",,"kimsa","fishing mortality","all"
2002,"fishing_mortality",0.0397467283296098,"per year","KIMSA / hybrid F","Population-number-weighted fishing mortality across ages and regions at report censuses, annualized from seasonal integrated F",,"kimsa","fishing mortality","all"
2003,"fishing_mortality",0.0338369326599961,"per year","KIMSA / hybrid F","Population-number-weighted fishing mortality across ages and regions at report censuses, annualized from seasonal integrated F",,"kimsa","fishing mortality","all"
2004,"fishing_mortality",0.0428059939336225,"per year","KIMSA / hybrid F","Population-number-weighted fishing mortality across ages and regions at report censuses, annualized from seasonal integrated F",,"kimsa","fishing mortality","all"
2005,"fishing_mortality",0.0493870575534541,"per year","KIMSA / hybrid F","Population-number-weighted fishing mortality across ages and regions at report censuses, annualized from seasonal integrated F",,"kimsa","fishing mortality","all"
2006,"fishing_mortality",0.0399247745052657,"per year","KIMSA / hybrid F","Population-number-weighted fishing mortality across ages and regions at report censuses, annualized from seasonal integrated F",,"kimsa","fishing mortality","all"
2007,"fishing_mortality",0.0273830955523882,"per year","KIMSA / hybrid F","Population-number-weighted fishing mortality across ages and regions at report censuses, annualized from seasonal integrated F",,"kimsa","fishing mortality","all"
2008,"fishing_mortality",0.0317440092104806,"per year","KIMSA / hybrid F","Population-number-weighted fishing mortality across ages and regions at report censuses, annualized from seasonal integrated F",,"kimsa","fishing mortality","all"
2009,"fishing_mortality",0.0407531271017877,"per year","KIMSA / hybrid F","Population-number-weighted fishing mortality across ages and regions at report censuses, annualized from seasonal integrated F",,"kimsa","fishing mortality","all"
2010,"fishing_mortality",0.0460789155477234,"per year","KIMSA / hybrid F","Population-number-weighted fishing mortality across ages and regions at report censuses, annualized from seasonal integrated F",,"kimsa","fishing mortality","all"
2011,"fishing_mortality",0.0288535533583012,"per year","KIMSA / hybrid F","Population-number-weighted fishing mortality across ages and regions at report censuses, annualized from seasonal integrated F",,"kimsa","fishing mortality","all"
2012,"fishing_mortality",0.042027127637866,"per year","KIMSA / hybrid F","Population-number-weighted fishing mortality across ages and regions at report censuses, annualized from seasonal integrated F",,"kimsa","fishing mortality","all"
2013,"fishing_mortality",0.0487456442766942,"per year","KIMSA / hybrid F","Population-number-weighted fishing mortality across ages and regions at report censuses, annualized from seasonal integrated F",,"kimsa","fishing mortality","all"
2014,"fishing_mortality",0.0432371933728759,"per year","KIMSA / hybrid F","Population-number-weighted fishing mortality across ages and regions at report censuses, annualized from seasonal integrated F",,"kimsa","fishing mortality","all"
2015,"fishing_mortality",0.0467788797225319,"per year","KIMSA / hybrid F","Population-number-weighted fishing mortality across ages and regions at report censuses, annualized from seasonal integrated F",,"kimsa","fishing mortality","all"
2016,"fishing_mortality",0.0516696257532891,"per year","KIMSA / hybrid F","Population-number-weighted fishing mortality across ages and regions at report censuses, annualized from seasonal integrated F",,"kimsa","fishing mortality","all"
2017,"fishing_mortality",0.0654394981938981,"per year","KIMSA / hybrid F","Population-number-weighted fishing mortality across ages and regions at report censuses, annualized from seasonal integrated F",,"kimsa","fishing mortality","all"
2018,"fishing_mortality",0.0436409884851188,"per year","KIMSA / hybrid F","Population-number-weighted fishing mortality across ages and regions at report censuses, annualized from seasonal integrated F",,"kimsa","fishing mortality","all"
2019,"fishing_mortality",0.0386742023993282,"per year","KIMSA / hybrid F","Population-number-weighted fishing mortality across ages and regions at report censuses, annualized from seasonal integrated F",,"kimsa","fishing mortality","all"
2020,"fishing_mortality",0.0408605749433498,"per year","KIMSA / hybrid F","Population-number-weighted fishing mortality across ages and regions at report censuses, annualized from seasonal integrated F",,"kimsa","fishing mortality","all"
2021,"fishing_mortality",0.0389359123573898,"per year","KIMSA / hybrid F","Population-number-weighted fishing mortality across ages and regions at report censuses, annualized from seasonal integrated F",,"kimsa","fishing mortality","all"
2022,"fishing_mortality",0.0462082048567608,"per year","KIMSA / hybrid F","Population-number-weighted fishing mortality across ages and regions at report censuses, annualized from seasonal integrated F",,"kimsa","fishing mortality","all"
