"time","metric","value","unit","group","definition","display_name","model","label"
1954,"total_biomass",2002500,"t","Region 1","MFCL report census total_biomass",,"native-1003","Native MFCL / INI 1003"
1954,"total_biomass",584710,"t","Region 2","MFCL report census total_biomass",,"native-1003","Native MFCL / INI 1003"
1955,"total_biomass",1991000,"t","Region 1","MFCL report census total_biomass",,"native-1003","Native MFCL / INI 1003"
1955,"total_biomass",567640,"t","Region 2","MFCL report census total_biomass",,"native-1003","Native MFCL / INI 1003"
1956,"total_biomass",1962200,"t","Region 1","MFCL report census total_biomass",,"native-1003","Native MFCL / INI 1003"
1956,"total_biomass",563970,"t","Region 2","MFCL report census total_biomass",,"native-1003","Native MFCL / INI 1003"
1957,"total_biomass",1851700,"t","Region 1","MFCL report census total_biomass",,"native-1003","Native MFCL / INI 1003"
1957,"total_biomass",537860,"t","Region 2","MFCL report census total_biomass",,"native-1003","Native MFCL / INI 1003"
1958,"total_biomass",1776800,"t","Region 1","MFCL report census total_biomass",,"native-1003","Native MFCL / INI 1003"
1958,"total_biomass",521770,"t","Region 2","MFCL report census total_biomass",,"native-1003","Native MFCL / INI 1003"
1959,"total_biomass",1583300,"t","Region 1","MFCL report census total_biomass",,"native-1003","Native MFCL / INI 1003"
1959,"total_biomass",485800,"t","Region 2","MFCL report census total_biomass",,"native-1003","Native MFCL / INI 1003"
1960,"total_biomass",1359600,"t","Region 1","MFCL report census total_biomass",,"native-1003","Native MFCL / INI 1003"
1960,"total_biomass",439280,"t","Region 2","MFCL report census total_biomass",,"native-1003","Native MFCL / INI 1003"
1961,"total_biomass",1221500,"t","Region 1","MFCL report census total_biomass",,"native-1003","Native MFCL / INI 1003"
1961,"total_biomass",407810,"t","Region 2","MFCL report census total_biomass",,"native-1003","Native MFCL / INI 1003"
1962,"total_biomass",1165400,"t","Region 1","MFCL report census total_biomass",,"native-1003","Native MFCL / INI 1003"
1962,"total_biomass",388300,"t","Region 2","MFCL report census total_biomass",,"native-1003","Native MFCL / INI 1003"
1963,"total_biomass",1176500,"t","Region 1","MFCL report census total_biomass",,"native-1003","Native MFCL / INI 1003"
1963,"total_biomass",375540,"t","Region 2","MFCL report census total_biomass",,"native-1003","Native MFCL / INI 1003"
1964,"total_biomass",1088000,"t","Region 1","MFCL report census total_biomass",,"native-1003","Native MFCL / INI 1003"
1964,"total_biomass",333730,"t","Region 2","MFCL report census total_biomass",,"native-1003","Native MFCL / INI 1003"
1965,"total_biomass",961790,"t","Region 1","MFCL report census total_biomass",,"native-1003","Native MFCL / INI 1003"
1965,"total_biomass",293170,"t","Region 2","MFCL report census total_biomass",,"native-1003","Native MFCL / INI 1003"
1966,"total_biomass",914130,"t","Region 1","MFCL report census total_biomass",,"native-1003","Native MFCL / INI 1003"
1966,"total_biomass",283740,"t","Region 2","MFCL report census total_biomass",,"native-1003","Native MFCL / INI 1003"
1967,"total_biomass",828860,"t","Region 1","MFCL report census total_biomass",,"native-1003","Native MFCL / INI 1003"
1967,"total_biomass",266610,"t","Region 2","MFCL report census total_biomass",,"native-1003","Native MFCL / INI 1003"
1968,"total_biomass",748420,"t","Region 1","MFCL report census total_biomass",,"native-1003","Native MFCL / INI 1003"
1968,"total_biomass",242470,"t","Region 2","MFCL report census total_biomass",,"native-1003","Native MFCL / INI 1003"
1969,"total_biomass",681610,"t","Region 1","MFCL report census total_biomass",,"native-1003","Native MFCL / INI 1003"
1969,"total_biomass",216880,"t","Region 2","MFCL report census total_biomass",,"native-1003","Native MFCL / INI 1003"
1970,"total_biomass",627020,"t","Region 1","MFCL report census total_biomass",,"native-1003","Native MFCL / INI 1003"
1970,"total_biomass",197530,"t","Region 2","MFCL report census total_biomass",,"native-1003","Native MFCL / INI 1003"
1971,"total_biomass",575190,"t","Region 1","MFCL report census total_biomass",,"native-1003","Native MFCL / INI 1003"
1971,"total_biomass",181700,"t","Region 2","MFCL report census total_biomass",,"native-1003","Native MFCL / INI 1003"
1972,"total_biomass",527380,"t","Region 1","MFCL report census total_biomass",,"native-1003","Native MFCL / INI 1003"
1972,"total_biomass",166490,"t","Region 2","MFCL report census total_biomass",,"native-1003","Native MFCL / INI 1003"
1973,"total_biomass",537370,"t","Region 1","MFCL report census total_biomass",,"native-1003","Native MFCL / INI 1003"
1973,"total_biomass",160890,"t","Region 2","MFCL report census total_biomass",,"native-1003","Native MFCL / INI 1003"
1974,"total_biomass",622600,"t","Region 1","MFCL report census total_biomass",,"native-1003","Native MFCL / INI 1003"
1974,"total_biomass",175370,"t","Region 2","MFCL report census total_biomass",,"native-1003","Native MFCL / INI 1003"
1975,"total_biomass",630000,"t","Region 1","MFCL report census total_biomass",,"native-1003","Native MFCL / INI 1003"
1975,"total_biomass",171460,"t","Region 2","MFCL report census total_biomass",,"native-1003","Native MFCL / INI 1003"
1976,"total_biomass",614440,"t","Region 1","MFCL report census total_biomass",,"native-1003","Native MFCL / INI 1003"
1976,"total_biomass",163100,"t","Region 2","MFCL report census total_biomass",,"native-1003","Native MFCL / INI 1003"
1977,"total_biomass",593080,"t","Region 1","MFCL report census total_biomass",,"native-1003","Native MFCL / INI 1003"
1977,"total_biomass",161790,"t","Region 2","MFCL report census total_biomass",,"native-1003","Native MFCL / INI 1003"
1978,"total_biomass",556700,"t","Region 1","MFCL report census total_biomass",,"native-1003","Native MFCL / INI 1003"
1978,"total_biomass",162050,"t","Region 2","MFCL report census total_biomass",,"native-1003","Native MFCL / INI 1003"
1979,"total_biomass",523150,"t","Region 1","MFCL report census total_biomass",,"native-1003","Native MFCL / INI 1003"
1979,"total_biomass",156260,"t","Region 2","MFCL report census total_biomass",,"native-1003","Native MFCL / INI 1003"
1980,"total_biomass",536580,"t","Region 1","MFCL report census total_biomass",,"native-1003","Native MFCL / INI 1003"
1980,"total_biomass",158180,"t","Region 2","MFCL report census total_biomass",,"native-1003","Native MFCL / INI 1003"
1981,"total_biomass",536850,"t","Region 1","MFCL report census total_biomass",,"native-1003","Native MFCL / INI 1003"
1981,"total_biomass",155960,"t","Region 2","MFCL report census total_biomass",,"native-1003","Native MFCL / INI 1003"
1982,"total_biomass",530250,"t","Region 1","MFCL report census total_biomass",,"native-1003","Native MFCL / INI 1003"
1982,"total_biomass",150370,"t","Region 2","MFCL report census total_biomass",,"native-1003","Native MFCL / INI 1003"
1983,"total_biomass",537490,"t","Region 1","MFCL report census total_biomass",,"native-1003","Native MFCL / INI 1003"
1983,"total_biomass",149030,"t","Region 2","MFCL report census total_biomass",,"native-1003","Native MFCL / INI 1003"
1984,"total_biomass",565120,"t","Region 1","MFCL report census total_biomass",,"native-1003","Native MFCL / INI 1003"
1984,"total_biomass",155340,"t","Region 2","MFCL report census total_biomass",,"native-1003","Native MFCL / INI 1003"
1985,"total_biomass",534530,"t","Region 1","MFCL report census total_biomass",,"native-1003","Native MFCL / INI 1003"
1985,"total_biomass",148830,"t","Region 2","MFCL report census total_biomass",,"native-1003","Native MFCL / INI 1003"
1986,"total_biomass",530640,"t","Region 1","MFCL report census total_biomass",,"native-1003","Native MFCL / INI 1003"
1986,"total_biomass",149900,"t","Region 2","MFCL report census total_biomass",,"native-1003","Native MFCL / INI 1003"
1987,"total_biomass",536210,"t","Region 1","MFCL report census total_biomass",,"native-1003","Native MFCL / INI 1003"
1987,"total_biomass",151650,"t","Region 2","MFCL report census total_biomass",,"native-1003","Native MFCL / INI 1003"
1988,"total_biomass",569300,"t","Region 1","MFCL report census total_biomass",,"native-1003","Native MFCL / INI 1003"
1988,"total_biomass",158120,"t","Region 2","MFCL report census total_biomass",,"native-1003","Native MFCL / INI 1003"
1989,"total_biomass",608070,"t","Region 1","MFCL report census total_biomass",,"native-1003","Native MFCL / INI 1003"
1989,"total_biomass",164320,"t","Region 2","MFCL report census total_biomass",,"native-1003","Native MFCL / INI 1003"
1990,"total_biomass",567910,"t","Region 1","MFCL report census total_biomass",,"native-1003","Native MFCL / INI 1003"
1990,"total_biomass",157940,"t","Region 2","MFCL report census total_biomass",,"native-1003","Native MFCL / INI 1003"
1991,"total_biomass",619620,"t","Region 1","MFCL report census total_biomass",,"native-1003","Native MFCL / INI 1003"
1991,"total_biomass",168190,"t","Region 2","MFCL report census total_biomass",,"native-1003","Native MFCL / INI 1003"
1992,"total_biomass",628780,"t","Region 1","MFCL report census total_biomass",,"native-1003","Native MFCL / INI 1003"
1992,"total_biomass",171040,"t","Region 2","MFCL report census total_biomass",,"native-1003","Native MFCL / INI 1003"
1993,"total_biomass",637280,"t","Region 1","MFCL report census total_biomass",,"native-1003","Native MFCL / INI 1003"
1993,"total_biomass",176230,"t","Region 2","MFCL report census total_biomass",,"native-1003","Native MFCL / INI 1003"
1994,"total_biomass",669900,"t","Region 1","MFCL report census total_biomass",,"native-1003","Native MFCL / INI 1003"
1994,"total_biomass",183930,"t","Region 2","MFCL report census total_biomass",,"native-1003","Native MFCL / INI 1003"
1995,"total_biomass",715770,"t","Region 1","MFCL report census total_biomass",,"native-1003","Native MFCL / INI 1003"
1995,"total_biomass",196470,"t","Region 2","MFCL report census total_biomass",,"native-1003","Native MFCL / INI 1003"
1996,"total_biomass",707240,"t","Region 1","MFCL report census total_biomass",,"native-1003","Native MFCL / INI 1003"
1996,"total_biomass",193660,"t","Region 2","MFCL report census total_biomass",,"native-1003","Native MFCL / INI 1003"
1997,"total_biomass",692650,"t","Region 1","MFCL report census total_biomass",,"native-1003","Native MFCL / INI 1003"
1997,"total_biomass",191370,"t","Region 2","MFCL report census total_biomass",,"native-1003","Native MFCL / INI 1003"
1998,"total_biomass",645850,"t","Region 1","MFCL report census total_biomass",,"native-1003","Native MFCL / INI 1003"
1998,"total_biomass",182890,"t","Region 2","MFCL report census total_biomass",,"native-1003","Native MFCL / INI 1003"
1999,"total_biomass",708870,"t","Region 1","MFCL report census total_biomass",,"native-1003","Native MFCL / INI 1003"
1999,"total_biomass",201400,"t","Region 2","MFCL report census total_biomass",,"native-1003","Native MFCL / INI 1003"
2000,"total_biomass",657200,"t","Region 1","MFCL report census total_biomass",,"native-1003","Native MFCL / INI 1003"
2000,"total_biomass",184510,"t","Region 2","MFCL report census total_biomass",,"native-1003","Native MFCL / INI 1003"
2001,"total_biomass",698110,"t","Region 1","MFCL report census total_biomass",,"native-1003","Native MFCL / INI 1003"
2001,"total_biomass",191430,"t","Region 2","MFCL report census total_biomass",,"native-1003","Native MFCL / INI 1003"
2002,"total_biomass",753070,"t","Region 1","MFCL report census total_biomass",,"native-1003","Native MFCL / INI 1003"
2002,"total_biomass",205710,"t","Region 2","MFCL report census total_biomass",,"native-1003","Native MFCL / INI 1003"
2003,"total_biomass",792010,"t","Region 1","MFCL report census total_biomass",,"native-1003","Native MFCL / INI 1003"
2003,"total_biomass",210210,"t","Region 2","MFCL report census total_biomass",,"native-1003","Native MFCL / INI 1003"
2004,"total_biomass",757740,"t","Region 1","MFCL report census total_biomass",,"native-1003","Native MFCL / INI 1003"
2004,"total_biomass",199620,"t","Region 2","MFCL report census total_biomass",,"native-1003","Native MFCL / INI 1003"
2005,"total_biomass",738190,"t","Region 1","MFCL report census total_biomass",,"native-1003","Native MFCL / INI 1003"
2005,"total_biomass",2e+05,"t","Region 2","MFCL report census total_biomass",,"native-1003","Native MFCL / INI 1003"
2006,"total_biomass",749690,"t","Region 1","MFCL report census total_biomass",,"native-1003","Native MFCL / INI 1003"
2006,"total_biomass",204130,"t","Region 2","MFCL report census total_biomass",,"native-1003","Native MFCL / INI 1003"
2007,"total_biomass",812260,"t","Region 1","MFCL report census total_biomass",,"native-1003","Native MFCL / INI 1003"
2007,"total_biomass",219770,"t","Region 2","MFCL report census total_biomass",,"native-1003","Native MFCL / INI 1003"
2008,"total_biomass",798770,"t","Region 1","MFCL report census total_biomass",,"native-1003","Native MFCL / INI 1003"
2008,"total_biomass",216200,"t","Region 2","MFCL report census total_biomass",,"native-1003","Native MFCL / INI 1003"
2009,"total_biomass",823730,"t","Region 1","MFCL report census total_biomass",,"native-1003","Native MFCL / INI 1003"
2009,"total_biomass",218410,"t","Region 2","MFCL report census total_biomass",,"native-1003","Native MFCL / INI 1003"
2010,"total_biomass",860130,"t","Region 1","MFCL report census total_biomass",,"native-1003","Native MFCL / INI 1003"
2010,"total_biomass",232370,"t","Region 2","MFCL report census total_biomass",,"native-1003","Native MFCL / INI 1003"
2011,"total_biomass",890680,"t","Region 1","MFCL report census total_biomass",,"native-1003","Native MFCL / INI 1003"
2011,"total_biomass",242280,"t","Region 2","MFCL report census total_biomass",,"native-1003","Native MFCL / INI 1003"
2012,"total_biomass",884200,"t","Region 1","MFCL report census total_biomass",,"native-1003","Native MFCL / INI 1003"
2012,"total_biomass",230590,"t","Region 2","MFCL report census total_biomass",,"native-1003","Native MFCL / INI 1003"
2013,"total_biomass",856100,"t","Region 1","MFCL report census total_biomass",,"native-1003","Native MFCL / INI 1003"
2013,"total_biomass",223610,"t","Region 2","MFCL report census total_biomass",,"native-1003","Native MFCL / INI 1003"
2014,"total_biomass",855780,"t","Region 1","MFCL report census total_biomass",,"native-1003","Native MFCL / INI 1003"
2014,"total_biomass",227280,"t","Region 2","MFCL report census total_biomass",,"native-1003","Native MFCL / INI 1003"
2015,"total_biomass",845680,"t","Region 1","MFCL report census total_biomass",,"native-1003","Native MFCL / INI 1003"
2015,"total_biomass",224740,"t","Region 2","MFCL report census total_biomass",,"native-1003","Native MFCL / INI 1003"
2016,"total_biomass",781720,"t","Region 1","MFCL report census total_biomass",,"native-1003","Native MFCL / INI 1003"
2016,"total_biomass",201820,"t","Region 2","MFCL report census total_biomass",,"native-1003","Native MFCL / INI 1003"
2017,"total_biomass",707930,"t","Region 1","MFCL report census total_biomass",,"native-1003","Native MFCL / INI 1003"
2017,"total_biomass",186190,"t","Region 2","MFCL report census total_biomass",,"native-1003","Native MFCL / INI 1003"
2018,"total_biomass",754960,"t","Region 1","MFCL report census total_biomass",,"native-1003","Native MFCL / INI 1003"
2018,"total_biomass",200620,"t","Region 2","MFCL report census total_biomass",,"native-1003","Native MFCL / INI 1003"
2019,"total_biomass",777920,"t","Region 1","MFCL report census total_biomass",,"native-1003","Native MFCL / INI 1003"
2019,"total_biomass",200350,"t","Region 2","MFCL report census total_biomass",,"native-1003","Native MFCL / INI 1003"
2020,"total_biomass",792210,"t","Region 1","MFCL report census total_biomass",,"native-1003","Native MFCL / INI 1003"
2020,"total_biomass",204860,"t","Region 2","MFCL report census total_biomass",,"native-1003","Native MFCL / INI 1003"
2021,"total_biomass",796860,"t","Region 1","MFCL report census total_biomass",,"native-1003","Native MFCL / INI 1003"
2021,"total_biomass",203000,"t","Region 2","MFCL report census total_biomass",,"native-1003","Native MFCL / INI 1003"
2022,"total_biomass",808310,"t","Region 1","MFCL report census total_biomass",,"native-1003","Native MFCL / INI 1003"
2022,"total_biomass",195080,"t","Region 2","MFCL report census total_biomass",,"native-1003","Native MFCL / INI 1003"
1954,"dynamic_unfished_total_biomass",2002500,"t","Region 1","MFCL report census dynamic_unfished_total_biomass",,"native-1003","Native MFCL / INI 1003"
1954,"dynamic_unfished_total_biomass",584710,"t","Region 2","MFCL report census dynamic_unfished_total_biomass",,"native-1003","Native MFCL / INI 1003"
1955,"dynamic_unfished_total_biomass",1998200,"t","Region 1","MFCL report census dynamic_unfished_total_biomass",,"native-1003","Native MFCL / INI 1003"
1955,"dynamic_unfished_total_biomass",567860,"t","Region 2","MFCL report census dynamic_unfished_total_biomass",,"native-1003","Native MFCL / INI 1003"
1956,"dynamic_unfished_total_biomass",1976900,"t","Region 1","MFCL report census dynamic_unfished_total_biomass",,"native-1003","Native MFCL / INI 1003"
1956,"dynamic_unfished_total_biomass",565390,"t","Region 2","MFCL report census dynamic_unfished_total_biomass",,"native-1003","Native MFCL / INI 1003"
1957,"dynamic_unfished_total_biomass",1868200,"t","Region 1","MFCL report census dynamic_unfished_total_biomass",,"native-1003","Native MFCL / INI 1003"
1957,"dynamic_unfished_total_biomass",540690,"t","Region 2","MFCL report census dynamic_unfished_total_biomass",,"native-1003","Native MFCL / INI 1003"
1958,"dynamic_unfished_total_biomass",1797600,"t","Region 1","MFCL report census dynamic_unfished_total_biomass",,"native-1003","Native MFCL / INI 1003"
1958,"dynamic_unfished_total_biomass",525890,"t","Region 2","MFCL report census dynamic_unfished_total_biomass",,"native-1003","Native MFCL / INI 1003"
1959,"dynamic_unfished_total_biomass",1613100,"t","Region 1","MFCL report census dynamic_unfished_total_biomass",,"native-1003","Native MFCL / INI 1003"
1959,"dynamic_unfished_total_biomass",491260,"t","Region 2","MFCL report census dynamic_unfished_total_biomass",,"native-1003","Native MFCL / INI 1003"
1960,"dynamic_unfished_total_biomass",1400700,"t","Region 1","MFCL report census dynamic_unfished_total_biomass",,"native-1003","Native MFCL / INI 1003"
1960,"dynamic_unfished_total_biomass",447420,"t","Region 2","MFCL report census dynamic_unfished_total_biomass",,"native-1003","Native MFCL / INI 1003"
1961,"dynamic_unfished_total_biomass",1272600,"t","Region 1","MFCL report census dynamic_unfished_total_biomass",,"native-1003","Native MFCL / INI 1003"
1961,"dynamic_unfished_total_biomass",418710,"t","Region 2","MFCL report census dynamic_unfished_total_biomass",,"native-1003","Native MFCL / INI 1003"
1962,"dynamic_unfished_total_biomass",1225100,"t","Region 1","MFCL report census dynamic_unfished_total_biomass",,"native-1003","Native MFCL / INI 1003"
1962,"dynamic_unfished_total_biomass",402060,"t","Region 2","MFCL report census dynamic_unfished_total_biomass",,"native-1003","Native MFCL / INI 1003"
1963,"dynamic_unfished_total_biomass",1245700,"t","Region 1","MFCL report census dynamic_unfished_total_biomass",,"native-1003","Native MFCL / INI 1003"
1963,"dynamic_unfished_total_biomass",393380,"t","Region 2","MFCL report census dynamic_unfished_total_biomass",,"native-1003","Native MFCL / INI 1003"
1964,"dynamic_unfished_total_biomass",1158600,"t","Region 1","MFCL report census dynamic_unfished_total_biomass",,"native-1003","Native MFCL / INI 1003"
1964,"dynamic_unfished_total_biomass",357900,"t","Region 2","MFCL report census dynamic_unfished_total_biomass",,"native-1003","Native MFCL / INI 1003"
1965,"dynamic_unfished_total_biomass",1031400,"t","Region 1","MFCL report census dynamic_unfished_total_biomass",,"native-1003","Native MFCL / INI 1003"
1965,"dynamic_unfished_total_biomass",320580,"t","Region 2","MFCL report census dynamic_unfished_total_biomass",,"native-1003","Native MFCL / INI 1003"
1966,"dynamic_unfished_total_biomass",988560,"t","Region 1","MFCL report census dynamic_unfished_total_biomass",,"native-1003","Native MFCL / INI 1003"
1966,"dynamic_unfished_total_biomass",310240,"t","Region 2","MFCL report census dynamic_unfished_total_biomass",,"native-1003","Native MFCL / INI 1003"
1967,"dynamic_unfished_total_biomass",922710,"t","Region 1","MFCL report census dynamic_unfished_total_biomass",,"native-1003","Native MFCL / INI 1003"
1967,"dynamic_unfished_total_biomass",295290,"t","Region 2","MFCL report census dynamic_unfished_total_biomass",,"native-1003","Native MFCL / INI 1003"
1968,"dynamic_unfished_total_biomass",856510,"t","Region 1","MFCL report census dynamic_unfished_total_biomass",,"native-1003","Native MFCL / INI 1003"
1968,"dynamic_unfished_total_biomass",275870,"t","Region 2","MFCL report census dynamic_unfished_total_biomass",,"native-1003","Native MFCL / INI 1003"
1969,"dynamic_unfished_total_biomass",792120,"t","Region 1","MFCL report census dynamic_unfished_total_biomass",,"native-1003","Native MFCL / INI 1003"
1969,"dynamic_unfished_total_biomass",253930,"t","Region 2","MFCL report census dynamic_unfished_total_biomass",,"native-1003","Native MFCL / INI 1003"
1970,"dynamic_unfished_total_biomass",733620,"t","Region 1","MFCL report census dynamic_unfished_total_biomass",,"native-1003","Native MFCL / INI 1003"
1970,"dynamic_unfished_total_biomass",234690,"t","Region 2","MFCL report census dynamic_unfished_total_biomass",,"native-1003","Native MFCL / INI 1003"
1971,"dynamic_unfished_total_biomass",684120,"t","Region 1","MFCL report census dynamic_unfished_total_biomass",,"native-1003","Native MFCL / INI 1003"
1971,"dynamic_unfished_total_biomass",218830,"t","Region 2","MFCL report census dynamic_unfished_total_biomass",,"native-1003","Native MFCL / INI 1003"
1972,"dynamic_unfished_total_biomass",644640,"t","Region 1","MFCL report census dynamic_unfished_total_biomass",,"native-1003","Native MFCL / INI 1003"
1972,"dynamic_unfished_total_biomass",205850,"t","Region 2","MFCL report census dynamic_unfished_total_biomass",,"native-1003","Native MFCL / INI 1003"
1973,"dynamic_unfished_total_biomass",659560,"t","Region 1","MFCL report census dynamic_unfished_total_biomass",,"native-1003","Native MFCL / INI 1003"
1973,"dynamic_unfished_total_biomass",204880,"t","Region 2","MFCL report census dynamic_unfished_total_biomass",,"native-1003","Native MFCL / INI 1003"
1974,"dynamic_unfished_total_biomass",757680,"t","Region 1","MFCL report census dynamic_unfished_total_biomass",,"native-1003","Native MFCL / INI 1003"
1974,"dynamic_unfished_total_biomass",221090,"t","Region 2","MFCL report census dynamic_unfished_total_biomass",,"native-1003","Native MFCL / INI 1003"
1975,"dynamic_unfished_total_biomass",769540,"t","Region 1","MFCL report census dynamic_unfished_total_biomass",,"native-1003","Native MFCL / INI 1003"
1975,"dynamic_unfished_total_biomass",216770,"t","Region 2","MFCL report census dynamic_unfished_total_biomass",,"native-1003","Native MFCL / INI 1003"
1976,"dynamic_unfished_total_biomass",738940,"t","Region 1","MFCL report census dynamic_unfished_total_biomass",,"native-1003","Native MFCL / INI 1003"
1976,"dynamic_unfished_total_biomass",206660,"t","Region 2","MFCL report census dynamic_unfished_total_biomass",,"native-1003","Native MFCL / INI 1003"
1977,"dynamic_unfished_total_biomass",705500,"t","Region 1","MFCL report census dynamic_unfished_total_biomass",,"native-1003","Native MFCL / INI 1003"
1977,"dynamic_unfished_total_biomass",201900,"t","Region 2","MFCL report census dynamic_unfished_total_biomass",,"native-1003","Native MFCL / INI 1003"
1978,"dynamic_unfished_total_biomass",674180,"t","Region 1","MFCL report census dynamic_unfished_total_biomass",,"native-1003","Native MFCL / INI 1003"
1978,"dynamic_unfished_total_biomass",200570,"t","Region 2","MFCL report census dynamic_unfished_total_biomass",,"native-1003","Native MFCL / INI 1003"
1979,"dynamic_unfished_total_biomass",646330,"t","Region 1","MFCL report census dynamic_unfished_total_biomass",,"native-1003","Native MFCL / INI 1003"
1979,"dynamic_unfished_total_biomass",197060,"t","Region 2","MFCL report census dynamic_unfished_total_biomass",,"native-1003","Native MFCL / INI 1003"
1980,"dynamic_unfished_total_biomass",656420,"t","Region 1","MFCL report census dynamic_unfished_total_biomass",,"native-1003","Native MFCL / INI 1003"
1980,"dynamic_unfished_total_biomass",197860,"t","Region 2","MFCL report census dynamic_unfished_total_biomass",,"native-1003","Native MFCL / INI 1003"
1981,"dynamic_unfished_total_biomass",658740,"t","Region 1","MFCL report census dynamic_unfished_total_biomass",,"native-1003","Native MFCL / INI 1003"
1981,"dynamic_unfished_total_biomass",194410,"t","Region 2","MFCL report census dynamic_unfished_total_biomass",,"native-1003","Native MFCL / INI 1003"
1982,"dynamic_unfished_total_biomass",652290,"t","Region 1","MFCL report census dynamic_unfished_total_biomass",,"native-1003","Native MFCL / INI 1003"
1982,"dynamic_unfished_total_biomass",189520,"t","Region 2","MFCL report census dynamic_unfished_total_biomass",,"native-1003","Native MFCL / INI 1003"
1983,"dynamic_unfished_total_biomass",659600,"t","Region 1","MFCL report census dynamic_unfished_total_biomass",,"native-1003","Native MFCL / INI 1003"
1983,"dynamic_unfished_total_biomass",188510,"t","Region 2","MFCL report census dynamic_unfished_total_biomass",,"native-1003","Native MFCL / INI 1003"
1984,"dynamic_unfished_total_biomass",684250,"t","Region 1","MFCL report census dynamic_unfished_total_biomass",,"native-1003","Native MFCL / INI 1003"
1984,"dynamic_unfished_total_biomass",194340,"t","Region 2","MFCL report census dynamic_unfished_total_biomass",,"native-1003","Native MFCL / INI 1003"
1985,"dynamic_unfished_total_biomass",651260,"t","Region 1","MFCL report census dynamic_unfished_total_biomass",,"native-1003","Native MFCL / INI 1003"
1985,"dynamic_unfished_total_biomass",186230,"t","Region 2","MFCL report census dynamic_unfished_total_biomass",,"native-1003","Native MFCL / INI 1003"
1986,"dynamic_unfished_total_biomass",647500,"t","Region 1","MFCL report census dynamic_unfished_total_biomass",,"native-1003","Native MFCL / INI 1003"
1986,"dynamic_unfished_total_biomass",185860,"t","Region 2","MFCL report census dynamic_unfished_total_biomass",,"native-1003","Native MFCL / INI 1003"
1987,"dynamic_unfished_total_biomass",659640,"t","Region 1","MFCL report census dynamic_unfished_total_biomass",,"native-1003","Native MFCL / INI 1003"
1987,"dynamic_unfished_total_biomass",188160,"t","Region 2","MFCL report census dynamic_unfished_total_biomass",,"native-1003","Native MFCL / INI 1003"
1988,"dynamic_unfished_total_biomass",687130,"t","Region 1","MFCL report census dynamic_unfished_total_biomass",,"native-1003","Native MFCL / INI 1003"
1988,"dynamic_unfished_total_biomass",198180,"t","Region 2","MFCL report census dynamic_unfished_total_biomass",,"native-1003","Native MFCL / INI 1003"
1989,"dynamic_unfished_total_biomass",735840,"t","Region 1","MFCL report census dynamic_unfished_total_biomass",,"native-1003","Native MFCL / INI 1003"
1989,"dynamic_unfished_total_biomass",204330,"t","Region 2","MFCL report census dynamic_unfished_total_biomass",,"native-1003","Native MFCL / INI 1003"
1990,"dynamic_unfished_total_biomass",722020,"t","Region 1","MFCL report census dynamic_unfished_total_biomass",,"native-1003","Native MFCL / INI 1003"
1990,"dynamic_unfished_total_biomass",199640,"t","Region 2","MFCL report census dynamic_unfished_total_biomass",,"native-1003","Native MFCL / INI 1003"
1991,"dynamic_unfished_total_biomass",775210,"t","Region 1","MFCL report census dynamic_unfished_total_biomass",,"native-1003","Native MFCL / INI 1003"
1991,"dynamic_unfished_total_biomass",211220,"t","Region 2","MFCL report census dynamic_unfished_total_biomass",,"native-1003","Native MFCL / INI 1003"
1992,"dynamic_unfished_total_biomass",784530,"t","Region 1","MFCL report census dynamic_unfished_total_biomass",,"native-1003","Native MFCL / INI 1003"
1992,"dynamic_unfished_total_biomass",216720,"t","Region 2","MFCL report census dynamic_unfished_total_biomass",,"native-1003","Native MFCL / INI 1003"
1993,"dynamic_unfished_total_biomass",796120,"t","Region 1","MFCL report census dynamic_unfished_total_biomass",,"native-1003","Native MFCL / INI 1003"
1993,"dynamic_unfished_total_biomass",224660,"t","Region 2","MFCL report census dynamic_unfished_total_biomass",,"native-1003","Native MFCL / INI 1003"
1994,"dynamic_unfished_total_biomass",827810,"t","Region 1","MFCL report census dynamic_unfished_total_biomass",,"native-1003","Native MFCL / INI 1003"
1994,"dynamic_unfished_total_biomass",232790,"t","Region 2","MFCL report census dynamic_unfished_total_biomass",,"native-1003","Native MFCL / INI 1003"
1995,"dynamic_unfished_total_biomass",879410,"t","Region 1","MFCL report census dynamic_unfished_total_biomass",,"native-1003","Native MFCL / INI 1003"
1995,"dynamic_unfished_total_biomass",247240,"t","Region 2","MFCL report census dynamic_unfished_total_biomass",,"native-1003","Native MFCL / INI 1003"
1996,"dynamic_unfished_total_biomass",865390,"t","Region 1","MFCL report census dynamic_unfished_total_biomass",,"native-1003","Native MFCL / INI 1003"
1996,"dynamic_unfished_total_biomass",243480,"t","Region 2","MFCL report census dynamic_unfished_total_biomass",,"native-1003","Native MFCL / INI 1003"
1997,"dynamic_unfished_total_biomass",854570,"t","Region 1","MFCL report census dynamic_unfished_total_biomass",,"native-1003","Native MFCL / INI 1003"
1997,"dynamic_unfished_total_biomass",240040,"t","Region 2","MFCL report census dynamic_unfished_total_biomass",,"native-1003","Native MFCL / INI 1003"
1998,"dynamic_unfished_total_biomass",807090,"t","Region 1","MFCL report census dynamic_unfished_total_biomass",,"native-1003","Native MFCL / INI 1003"
1998,"dynamic_unfished_total_biomass",230900,"t","Region 2","MFCL report census dynamic_unfished_total_biomass",,"native-1003","Native MFCL / INI 1003"
1999,"dynamic_unfished_total_biomass",887830,"t","Region 1","MFCL report census dynamic_unfished_total_biomass",,"native-1003","Native MFCL / INI 1003"
1999,"dynamic_unfished_total_biomass",253060,"t","Region 2","MFCL report census dynamic_unfished_total_biomass",,"native-1003","Native MFCL / INI 1003"
2000,"dynamic_unfished_total_biomass",825360,"t","Region 1","MFCL report census dynamic_unfished_total_biomass",,"native-1003","Native MFCL / INI 1003"
2000,"dynamic_unfished_total_biomass",236500,"t","Region 2","MFCL report census dynamic_unfished_total_biomass",,"native-1003","Native MFCL / INI 1003"
2001,"dynamic_unfished_total_biomass",868710,"t","Region 1","MFCL report census dynamic_unfished_total_biomass",,"native-1003","Native MFCL / INI 1003"
2001,"dynamic_unfished_total_biomass",244500,"t","Region 2","MFCL report census dynamic_unfished_total_biomass",,"native-1003","Native MFCL / INI 1003"
2002,"dynamic_unfished_total_biomass",940540,"t","Region 1","MFCL report census dynamic_unfished_total_biomass",,"native-1003","Native MFCL / INI 1003"
2002,"dynamic_unfished_total_biomass",260670,"t","Region 2","MFCL report census dynamic_unfished_total_biomass",,"native-1003","Native MFCL / INI 1003"
2003,"dynamic_unfished_total_biomass",1008000,"t","Region 1","MFCL report census dynamic_unfished_total_biomass",,"native-1003","Native MFCL / INI 1003"
2003,"dynamic_unfished_total_biomass",273670,"t","Region 2","MFCL report census dynamic_unfished_total_biomass",,"native-1003","Native MFCL / INI 1003"
2004,"dynamic_unfished_total_biomass",980670,"t","Region 1","MFCL report census dynamic_unfished_total_biomass",,"native-1003","Native MFCL / INI 1003"
2004,"dynamic_unfished_total_biomass",269510,"t","Region 2","MFCL report census dynamic_unfished_total_biomass",,"native-1003","Native MFCL / INI 1003"
2005,"dynamic_unfished_total_biomass",972280,"t","Region 1","MFCL report census dynamic_unfished_total_biomass",,"native-1003","Native MFCL / INI 1003"
2005,"dynamic_unfished_total_biomass",272600,"t","Region 2","MFCL report census dynamic_unfished_total_biomass",,"native-1003","Native MFCL / INI 1003"
2006,"dynamic_unfished_total_biomass",998670,"t","Region 1","MFCL report census dynamic_unfished_total_biomass",,"native-1003","Native MFCL / INI 1003"
2006,"dynamic_unfished_total_biomass",281590,"t","Region 2","MFCL report census dynamic_unfished_total_biomass",,"native-1003","Native MFCL / INI 1003"
2007,"dynamic_unfished_total_biomass",1070300,"t","Region 1","MFCL report census dynamic_unfished_total_biomass",,"native-1003","Native MFCL / INI 1003"
2007,"dynamic_unfished_total_biomass",299810,"t","Region 2","MFCL report census dynamic_unfished_total_biomass",,"native-1003","Native MFCL / INI 1003"
2008,"dynamic_unfished_total_biomass",1054700,"t","Region 1","MFCL report census dynamic_unfished_total_biomass",,"native-1003","Native MFCL / INI 1003"
2008,"dynamic_unfished_total_biomass",293820,"t","Region 2","MFCL report census dynamic_unfished_total_biomass",,"native-1003","Native MFCL / INI 1003"
2009,"dynamic_unfished_total_biomass",1076000,"t","Region 1","MFCL report census dynamic_unfished_total_biomass",,"native-1003","Native MFCL / INI 1003"
2009,"dynamic_unfished_total_biomass",296460,"t","Region 2","MFCL report census dynamic_unfished_total_biomass",,"native-1003","Native MFCL / INI 1003"
2010,"dynamic_unfished_total_biomass",1130300,"t","Region 1","MFCL report census dynamic_unfished_total_biomass",,"native-1003","Native MFCL / INI 1003"
2010,"dynamic_unfished_total_biomass",311880,"t","Region 2","MFCL report census dynamic_unfished_total_biomass",,"native-1003","Native MFCL / INI 1003"
2011,"dynamic_unfished_total_biomass",1189600,"t","Region 1","MFCL report census dynamic_unfished_total_biomass",,"native-1003","Native MFCL / INI 1003"
2011,"dynamic_unfished_total_biomass",325170,"t","Region 2","MFCL report census dynamic_unfished_total_biomass",,"native-1003","Native MFCL / INI 1003"
2012,"dynamic_unfished_total_biomass",1168700,"t","Region 1","MFCL report census dynamic_unfished_total_biomass",,"native-1003","Native MFCL / INI 1003"
2012,"dynamic_unfished_total_biomass",319960,"t","Region 2","MFCL report census dynamic_unfished_total_biomass",,"native-1003","Native MFCL / INI 1003"
2013,"dynamic_unfished_total_biomass",1146600,"t","Region 1","MFCL report census dynamic_unfished_total_biomass",,"native-1003","Native MFCL / INI 1003"
2013,"dynamic_unfished_total_biomass",317280,"t","Region 2","MFCL report census dynamic_unfished_total_biomass",,"native-1003","Native MFCL / INI 1003"
2014,"dynamic_unfished_total_biomass",1155800,"t","Region 1","MFCL report census dynamic_unfished_total_biomass",,"native-1003","Native MFCL / INI 1003"
2014,"dynamic_unfished_total_biomass",326090,"t","Region 2","MFCL report census dynamic_unfished_total_biomass",,"native-1003","Native MFCL / INI 1003"
2015,"dynamic_unfished_total_biomass",1148600,"t","Region 1","MFCL report census dynamic_unfished_total_biomass",,"native-1003","Native MFCL / INI 1003"
2015,"dynamic_unfished_total_biomass",327330,"t","Region 2","MFCL report census dynamic_unfished_total_biomass",,"native-1003","Native MFCL / INI 1003"
2016,"dynamic_unfished_total_biomass",1085100,"t","Region 1","MFCL report census dynamic_unfished_total_biomass",,"native-1003","Native MFCL / INI 1003"
2016,"dynamic_unfished_total_biomass",312080,"t","Region 2","MFCL report census dynamic_unfished_total_biomass",,"native-1003","Native MFCL / INI 1003"
2017,"dynamic_unfished_total_biomass",1009000,"t","Region 1","MFCL report census dynamic_unfished_total_biomass",,"native-1003","Native MFCL / INI 1003"
2017,"dynamic_unfished_total_biomass",297500,"t","Region 2","MFCL report census dynamic_unfished_total_biomass",,"native-1003","Native MFCL / INI 1003"
2018,"dynamic_unfished_total_biomass",1065100,"t","Region 1","MFCL report census dynamic_unfished_total_biomass",,"native-1003","Native MFCL / INI 1003"
2018,"dynamic_unfished_total_biomass",313480,"t","Region 2","MFCL report census dynamic_unfished_total_biomass",,"native-1003","Native MFCL / INI 1003"
2019,"dynamic_unfished_total_biomass",1090700,"t","Region 1","MFCL report census dynamic_unfished_total_biomass",,"native-1003","Native MFCL / INI 1003"
2019,"dynamic_unfished_total_biomass",313900,"t","Region 2","MFCL report census dynamic_unfished_total_biomass",,"native-1003","Native MFCL / INI 1003"
2020,"dynamic_unfished_total_biomass",1105000,"t","Region 1","MFCL report census dynamic_unfished_total_biomass",,"native-1003","Native MFCL / INI 1003"
2020,"dynamic_unfished_total_biomass",312070,"t","Region 2","MFCL report census dynamic_unfished_total_biomass",,"native-1003","Native MFCL / INI 1003"
2021,"dynamic_unfished_total_biomass",1107800,"t","Region 1","MFCL report census dynamic_unfished_total_biomass",,"native-1003","Native MFCL / INI 1003"
2021,"dynamic_unfished_total_biomass",309340,"t","Region 2","MFCL report census dynamic_unfished_total_biomass",,"native-1003","Native MFCL / INI 1003"
2022,"dynamic_unfished_total_biomass",1102700,"t","Region 1","MFCL report census dynamic_unfished_total_biomass",,"native-1003","Native MFCL / INI 1003"
2022,"dynamic_unfished_total_biomass",311720,"t","Region 2","MFCL report census dynamic_unfished_total_biomass",,"native-1003","Native MFCL / INI 1003"
1954,"spawning_biomass",975440,"t","Region 1","MFCL report census spawning_biomass","Spawning potential","native-1003","Native MFCL / INI 1003"
1954,"spawning_biomass",357210,"t","Region 2","MFCL report census spawning_biomass","Spawning potential","native-1003","Native MFCL / INI 1003"
1955,"spawning_biomass",963830,"t","Region 1","MFCL report census spawning_biomass","Spawning potential","native-1003","Native MFCL / INI 1003"
1955,"spawning_biomass",342100,"t","Region 2","MFCL report census spawning_biomass","Spawning potential","native-1003","Native MFCL / INI 1003"
1956,"spawning_biomass",941410,"t","Region 1","MFCL report census spawning_biomass","Spawning potential","native-1003","Native MFCL / INI 1003"
1956,"spawning_biomass",341320,"t","Region 2","MFCL report census spawning_biomass","Spawning potential","native-1003","Native MFCL / INI 1003"
1957,"spawning_biomass",929280,"t","Region 1","MFCL report census spawning_biomass","Spawning potential","native-1003","Native MFCL / INI 1003"
1957,"spawning_biomass",339090,"t","Region 2","MFCL report census spawning_biomass","Spawning potential","native-1003","Native MFCL / INI 1003"
1958,"spawning_biomass",919070,"t","Region 1","MFCL report census spawning_biomass","Spawning potential","native-1003","Native MFCL / INI 1003"
1958,"spawning_biomass",335890,"t","Region 2","MFCL report census spawning_biomass","Spawning potential","native-1003","Native MFCL / INI 1003"
1959,"spawning_biomass",902580,"t","Region 1","MFCL report census spawning_biomass","Spawning potential","native-1003","Native MFCL / INI 1003"
1959,"spawning_biomass",335310,"t","Region 2","MFCL report census spawning_biomass","Spawning potential","native-1003","Native MFCL / INI 1003"
1960,"spawning_biomass",860120,"t","Region 1","MFCL report census spawning_biomass","Spawning potential","native-1003","Native MFCL / INI 1003"
1960,"spawning_biomass",326470,"t","Region 2","MFCL report census spawning_biomass","Spawning potential","native-1003","Native MFCL / INI 1003"
1961,"spawning_biomass",788280,"t","Region 1","MFCL report census spawning_biomass","Spawning potential","native-1003","Native MFCL / INI 1003"
1961,"spawning_biomass",306950,"t","Region 2","MFCL report census spawning_biomass","Spawning potential","native-1003","Native MFCL / INI 1003"
1962,"spawning_biomass",707360,"t","Region 1","MFCL report census spawning_biomass","Spawning potential","native-1003","Native MFCL / INI 1003"
1962,"spawning_biomass",282820,"t","Region 2","MFCL report census spawning_biomass","Spawning potential","native-1003","Native MFCL / INI 1003"
1963,"spawning_biomass",583160,"t","Region 1","MFCL report census spawning_biomass","Spawning potential","native-1003","Native MFCL / INI 1003"
1963,"spawning_biomass",244730,"t","Region 2","MFCL report census spawning_biomass","Spawning potential","native-1003","Native MFCL / INI 1003"
1964,"spawning_biomass",481410,"t","Region 1","MFCL report census spawning_biomass","Spawning potential","native-1003","Native MFCL / INI 1003"
1964,"spawning_biomass",203640,"t","Region 2","MFCL report census spawning_biomass","Spawning potential","native-1003","Native MFCL / INI 1003"
1965,"spawning_biomass",451550,"t","Region 1","MFCL report census spawning_biomass","Spawning potential","native-1003","Native MFCL / INI 1003"
1965,"spawning_biomass",182130,"t","Region 2","MFCL report census spawning_biomass","Spawning potential","native-1003","Native MFCL / INI 1003"
1966,"spawning_biomass",477330,"t","Region 1","MFCL report census spawning_biomass","Spawning potential","native-1003","Native MFCL / INI 1003"
1966,"spawning_biomass",183340,"t","Region 2","MFCL report census spawning_biomass","Spawning potential","native-1003","Native MFCL / INI 1003"
1967,"spawning_biomass",485780,"t","Region 1","MFCL report census spawning_biomass","Spawning potential","native-1003","Native MFCL / INI 1003"
1967,"spawning_biomass",186730,"t","Region 2","MFCL report census spawning_biomass","Spawning potential","native-1003","Native MFCL / INI 1003"
1968,"spawning_biomass",418520,"t","Region 1","MFCL report census spawning_biomass","Spawning potential","native-1003","Native MFCL / INI 1003"
1968,"spawning_biomass",169200,"t","Region 2","MFCL report census spawning_biomass","Spawning potential","native-1003","Native MFCL / INI 1003"
1969,"spawning_biomass",343050,"t","Region 1","MFCL report census spawning_biomass","Spawning potential","native-1003","Native MFCL / INI 1003"
1969,"spawning_biomass",142950,"t","Region 2","MFCL report census spawning_biomass","Spawning potential","native-1003","Native MFCL / INI 1003"
1970,"spawning_biomass",311030,"t","Region 1","MFCL report census spawning_biomass","Spawning potential","native-1003","Native MFCL / INI 1003"
1970,"spawning_biomass",127970,"t","Region 2","MFCL report census spawning_biomass","Spawning potential","native-1003","Native MFCL / INI 1003"
1971,"spawning_biomass",284760,"t","Region 1","MFCL report census spawning_biomass","Spawning potential","native-1003","Native MFCL / INI 1003"
1971,"spawning_biomass",117020,"t","Region 2","MFCL report census spawning_biomass","Spawning potential","native-1003","Native MFCL / INI 1003"
1972,"spawning_biomass",258760,"t","Region 1","MFCL report census spawning_biomass","Spawning potential","native-1003","Native MFCL / INI 1003"
1972,"spawning_biomass",106340,"t","Region 2","MFCL report census spawning_biomass","Spawning potential","native-1003","Native MFCL / INI 1003"
1973,"spawning_biomass",231770,"t","Region 1","MFCL report census spawning_biomass","Spawning potential","native-1003","Native MFCL / INI 1003"
1973,"spawning_biomass",93234,"t","Region 2","MFCL report census spawning_biomass","Spawning potential","native-1003","Native MFCL / INI 1003"
1974,"spawning_biomass",197940,"t","Region 1","MFCL report census spawning_biomass","Spawning potential","native-1003","Native MFCL / INI 1003"
1974,"spawning_biomass",82830,"t","Region 2","MFCL report census spawning_biomass","Spawning potential","native-1003","Native MFCL / INI 1003"
1975,"spawning_biomass",176350,"t","Region 1","MFCL report census spawning_biomass","Spawning potential","native-1003","Native MFCL / INI 1003"
1975,"spawning_biomass",75360,"t","Region 2","MFCL report census spawning_biomass","Spawning potential","native-1003","Native MFCL / INI 1003"
1976,"spawning_biomass",188980,"t","Region 1","MFCL report census spawning_biomass","Spawning potential","native-1003","Native MFCL / INI 1003"
1976,"spawning_biomass",73250,"t","Region 2","MFCL report census spawning_biomass","Spawning potential","native-1003","Native MFCL / INI 1003"
1977,"spawning_biomass",241640,"t","Region 1","MFCL report census spawning_biomass","Spawning potential","native-1003","Native MFCL / INI 1003"
1977,"spawning_biomass",84520,"t","Region 2","MFCL report census spawning_biomass","Spawning potential","native-1003","Native MFCL / INI 1003"
1978,"spawning_biomass",288740,"t","Region 1","MFCL report census spawning_biomass","Spawning potential","native-1003","Native MFCL / INI 1003"
1978,"spawning_biomass",101180,"t","Region 2","MFCL report census spawning_biomass","Spawning potential","native-1003","Native MFCL / INI 1003"
1979,"spawning_biomass",277170,"t","Region 1","MFCL report census spawning_biomass","Spawning potential","native-1003","Native MFCL / INI 1003"
1979,"spawning_biomass",101620,"t","Region 2","MFCL report census spawning_biomass","Spawning potential","native-1003","Native MFCL / INI 1003"
1980,"spawning_biomass",240960,"t","Region 1","MFCL report census spawning_biomass","Spawning potential","native-1003","Native MFCL / INI 1003"
1980,"spawning_biomass",94102,"t","Region 2","MFCL report census spawning_biomass","Spawning potential","native-1003","Native MFCL / INI 1003"
1981,"spawning_biomass",201910,"t","Region 1","MFCL report census spawning_biomass","Spawning potential","native-1003","Native MFCL / INI 1003"
1981,"spawning_biomass",84257,"t","Region 2","MFCL report census spawning_biomass","Spawning potential","native-1003","Native MFCL / INI 1003"
1982,"spawning_biomass",182360,"t","Region 1","MFCL report census spawning_biomass","Spawning potential","native-1003","Native MFCL / INI 1003"
1982,"spawning_biomass",75885,"t","Region 2","MFCL report census spawning_biomass","Spawning potential","native-1003","Native MFCL / INI 1003"
1983,"spawning_biomass",188800,"t","Region 1","MFCL report census spawning_biomass","Spawning potential","native-1003","Native MFCL / INI 1003"
1983,"spawning_biomass",73735,"t","Region 2","MFCL report census spawning_biomass","Spawning potential","native-1003","Native MFCL / INI 1003"
1984,"spawning_biomass",213220,"t","Region 1","MFCL report census spawning_biomass","Spawning potential","native-1003","Native MFCL / INI 1003"
1984,"spawning_biomass",78589,"t","Region 2","MFCL report census spawning_biomass","Spawning potential","native-1003","Native MFCL / INI 1003"
1985,"spawning_biomass",224530,"t","Region 1","MFCL report census spawning_biomass","Spawning potential","native-1003","Native MFCL / INI 1003"
1985,"spawning_biomass",82191,"t","Region 2","MFCL report census spawning_biomass","Spawning potential","native-1003","Native MFCL / INI 1003"
1986,"spawning_biomass",223490,"t","Region 1","MFCL report census spawning_biomass","Spawning potential","native-1003","Native MFCL / INI 1003"
1986,"spawning_biomass",83191,"t","Region 2","MFCL report census spawning_biomass","Spawning potential","native-1003","Native MFCL / INI 1003"
1987,"spawning_biomass",221170,"t","Region 1","MFCL report census spawning_biomass","Spawning potential","native-1003","Native MFCL / INI 1003"
1987,"spawning_biomass",82805,"t","Region 2","MFCL report census spawning_biomass","Spawning potential","native-1003","Native MFCL / INI 1003"
1988,"spawning_biomass",221840,"t","Region 1","MFCL report census spawning_biomass","Spawning potential","native-1003","Native MFCL / INI 1003"
1988,"spawning_biomass",82143,"t","Region 2","MFCL report census spawning_biomass","Spawning potential","native-1003","Native MFCL / INI 1003"
1989,"spawning_biomass",201340,"t","Region 1","MFCL report census spawning_biomass","Spawning potential","native-1003","Native MFCL / INI 1003"
1989,"spawning_biomass",77050,"t","Region 2","MFCL report census spawning_biomass","Spawning potential","native-1003","Native MFCL / INI 1003"
1990,"spawning_biomass",193110,"t","Region 1","MFCL report census spawning_biomass","Spawning potential","native-1003","Native MFCL / INI 1003"
1990,"spawning_biomass",75102,"t","Region 2","MFCL report census spawning_biomass","Spawning potential","native-1003","Native MFCL / INI 1003"
1991,"spawning_biomass",205060,"t","Region 1","MFCL report census spawning_biomass","Spawning potential","native-1003","Native MFCL / INI 1003"
1991,"spawning_biomass",77426,"t","Region 2","MFCL report census spawning_biomass","Spawning potential","native-1003","Native MFCL / INI 1003"
1992,"spawning_biomass",225730,"t","Region 1","MFCL report census spawning_biomass","Spawning potential","native-1003","Native MFCL / INI 1003"
1992,"spawning_biomass",82807,"t","Region 2","MFCL report census spawning_biomass","Spawning potential","native-1003","Native MFCL / INI 1003"
1993,"spawning_biomass",236440,"t","Region 1","MFCL report census spawning_biomass","Spawning potential","native-1003","Native MFCL / INI 1003"
1993,"spawning_biomass",88081,"t","Region 2","MFCL report census spawning_biomass","Spawning potential","native-1003","Native MFCL / INI 1003"
1994,"spawning_biomass",237820,"t","Region 1","MFCL report census spawning_biomass","Spawning potential","native-1003","Native MFCL / INI 1003"
1994,"spawning_biomass",89193,"t","Region 2","MFCL report census spawning_biomass","Spawning potential","native-1003","Native MFCL / INI 1003"
1995,"spawning_biomass",247400,"t","Region 1","MFCL report census spawning_biomass","Spawning potential","native-1003","Native MFCL / INI 1003"
1995,"spawning_biomass",93252,"t","Region 2","MFCL report census spawning_biomass","Spawning potential","native-1003","Native MFCL / INI 1003"
1996,"spawning_biomass",255220,"t","Region 1","MFCL report census spawning_biomass","Spawning potential","native-1003","Native MFCL / INI 1003"
1996,"spawning_biomass",95522,"t","Region 2","MFCL report census spawning_biomass","Spawning potential","native-1003","Native MFCL / INI 1003"
1997,"spawning_biomass",262100,"t","Region 1","MFCL report census spawning_biomass","Spawning potential","native-1003","Native MFCL / INI 1003"
1997,"spawning_biomass",97864,"t","Region 2","MFCL report census spawning_biomass","Spawning potential","native-1003","Native MFCL / INI 1003"
1998,"spawning_biomass",283080,"t","Region 1","MFCL report census spawning_biomass","Spawning potential","native-1003","Native MFCL / INI 1003"
1998,"spawning_biomass",103620,"t","Region 2","MFCL report census spawning_biomass","Spawning potential","native-1003","Native MFCL / INI 1003"
1999,"spawning_biomass",281620,"t","Region 1","MFCL report census spawning_biomass","Spawning potential","native-1003","Native MFCL / INI 1003"
1999,"spawning_biomass",106480,"t","Region 2","MFCL report census spawning_biomass","Spawning potential","native-1003","Native MFCL / INI 1003"
2000,"spawning_biomass",273470,"t","Region 1","MFCL report census spawning_biomass","Spawning potential","native-1003","Native MFCL / INI 1003"
2000,"spawning_biomass",103240,"t","Region 2","MFCL report census spawning_biomass","Spawning potential","native-1003","Native MFCL / INI 1003"
2001,"spawning_biomass",247500,"t","Region 1","MFCL report census spawning_biomass","Spawning potential","native-1003","Native MFCL / INI 1003"
2001,"spawning_biomass",95649,"t","Region 2","MFCL report census spawning_biomass","Spawning potential","native-1003","Native MFCL / INI 1003"
2002,"spawning_biomass",230570,"t","Region 1","MFCL report census spawning_biomass","Spawning potential","native-1003","Native MFCL / INI 1003"
2002,"spawning_biomass",92124,"t","Region 2","MFCL report census spawning_biomass","Spawning potential","native-1003","Native MFCL / INI 1003"
2003,"spawning_biomass",229450,"t","Region 1","MFCL report census spawning_biomass","Spawning potential","native-1003","Native MFCL / INI 1003"
2003,"spawning_biomass",90523,"t","Region 2","MFCL report census spawning_biomass","Spawning potential","native-1003","Native MFCL / INI 1003"
2004,"spawning_biomass",217660,"t","Region 1","MFCL report census spawning_biomass","Spawning potential","native-1003","Native MFCL / INI 1003"
2004,"spawning_biomass",84904,"t","Region 2","MFCL report census spawning_biomass","Spawning potential","native-1003","Native MFCL / INI 1003"
2005,"spawning_biomass",242130,"t","Region 1","MFCL report census spawning_biomass","Spawning potential","native-1003","Native MFCL / INI 1003"
2005,"spawning_biomass",91918,"t","Region 2","MFCL report census spawning_biomass","Spawning potential","native-1003","Native MFCL / INI 1003"
2006,"spawning_biomass",276000,"t","Region 1","MFCL report census spawning_biomass","Spawning potential","native-1003","Native MFCL / INI 1003"
2006,"spawning_biomass",100180,"t","Region 2","MFCL report census spawning_biomass","Spawning potential","native-1003","Native MFCL / INI 1003"
2007,"spawning_biomass",281320,"t","Region 1","MFCL report census spawning_biomass","Spawning potential","native-1003","Native MFCL / INI 1003"
2007,"spawning_biomass",105290,"t","Region 2","MFCL report census spawning_biomass","Spawning potential","native-1003","Native MFCL / INI 1003"
2008,"spawning_biomass",257090,"t","Region 1","MFCL report census spawning_biomass","Spawning potential","native-1003","Native MFCL / INI 1003"
2008,"spawning_biomass",102860,"t","Region 2","MFCL report census spawning_biomass","Spawning potential","native-1003","Native MFCL / INI 1003"
2009,"spawning_biomass",248690,"t","Region 1","MFCL report census spawning_biomass","Spawning potential","native-1003","Native MFCL / INI 1003"
2009,"spawning_biomass",97902,"t","Region 2","MFCL report census spawning_biomass","Spawning potential","native-1003","Native MFCL / INI 1003"
2010,"spawning_biomass",256800,"t","Region 1","MFCL report census spawning_biomass","Spawning potential","native-1003","Native MFCL / INI 1003"
2010,"spawning_biomass",102690,"t","Region 2","MFCL report census spawning_biomass","Spawning potential","native-1003","Native MFCL / INI 1003"
2011,"spawning_biomass",264480,"t","Region 1","MFCL report census spawning_biomass","Spawning potential","native-1003","Native MFCL / INI 1003"
2011,"spawning_biomass",108420,"t","Region 2","MFCL report census spawning_biomass","Spawning potential","native-1003","Native MFCL / INI 1003"
2012,"spawning_biomass",278470,"t","Region 1","MFCL report census spawning_biomass","Spawning potential","native-1003","Native MFCL / INI 1003"
2012,"spawning_biomass",104250,"t","Region 2","MFCL report census spawning_biomass","Spawning potential","native-1003","Native MFCL / INI 1003"
2013,"spawning_biomass",284560,"t","Region 1","MFCL report census spawning_biomass","Spawning potential","native-1003","Native MFCL / INI 1003"
2013,"spawning_biomass",103920,"t","Region 2","MFCL report census spawning_biomass","Spawning potential","native-1003","Native MFCL / INI 1003"
2014,"spawning_biomass",304220,"t","Region 1","MFCL report census spawning_biomass","Spawning potential","native-1003","Native MFCL / INI 1003"
2014,"spawning_biomass",108820,"t","Region 2","MFCL report census spawning_biomass","Spawning potential","native-1003","Native MFCL / INI 1003"
2015,"spawning_biomass",314100,"t","Region 1","MFCL report census spawning_biomass","Spawning potential","native-1003","Native MFCL / INI 1003"
2015,"spawning_biomass",111010,"t","Region 2","MFCL report census spawning_biomass","Spawning potential","native-1003","Native MFCL / INI 1003"
2016,"spawning_biomass",290870,"t","Region 1","MFCL report census spawning_biomass","Spawning potential","native-1003","Native MFCL / INI 1003"
2016,"spawning_biomass",99592,"t","Region 2","MFCL report census spawning_biomass","Spawning potential","native-1003","Native MFCL / INI 1003"
2017,"spawning_biomass",271900,"t","Region 1","MFCL report census spawning_biomass","Spawning potential","native-1003","Native MFCL / INI 1003"
2017,"spawning_biomass",94824,"t","Region 2","MFCL report census spawning_biomass","Spawning potential","native-1003","Native MFCL / INI 1003"
2018,"spawning_biomass",265680,"t","Region 1","MFCL report census spawning_biomass","Spawning potential","native-1003","Native MFCL / INI 1003"
2018,"spawning_biomass",94222,"t","Region 2","MFCL report census spawning_biomass","Spawning potential","native-1003","Native MFCL / INI 1003"
2019,"spawning_biomass",252640,"t","Region 1","MFCL report census spawning_biomass","Spawning potential","native-1003","Native MFCL / INI 1003"
2019,"spawning_biomass",88807,"t","Region 2","MFCL report census spawning_biomass","Spawning potential","native-1003","Native MFCL / INI 1003"
2020,"spawning_biomass",214810,"t","Region 1","MFCL report census spawning_biomass","Spawning potential","native-1003","Native MFCL / INI 1003"
2020,"spawning_biomass",84463,"t","Region 2","MFCL report census spawning_biomass","Spawning potential","native-1003","Native MFCL / INI 1003"
2021,"spawning_biomass",208310,"t","Region 1","MFCL report census spawning_biomass","Spawning potential","native-1003","Native MFCL / INI 1003"
2021,"spawning_biomass",79100,"t","Region 2","MFCL report census spawning_biomass","Spawning potential","native-1003","Native MFCL / INI 1003"
2022,"spawning_biomass",261280,"t","Region 1","MFCL report census spawning_biomass","Spawning potential","native-1003","Native MFCL / INI 1003"
2022,"spawning_biomass",79213,"t","Region 2","MFCL report census spawning_biomass","Spawning potential","native-1003","Native MFCL / INI 1003"
1954,"dynamic_unfished_spawning_biomass",975440,"t","Region 1","MFCL report census dynamic_unfished_spawning_biomass","Unfished spawning potential","native-1003","Native MFCL / INI 1003"
1954,"dynamic_unfished_spawning_biomass",357210,"t","Region 2","MFCL report census dynamic_unfished_spawning_biomass","Unfished spawning potential","native-1003","Native MFCL / INI 1003"
1955,"dynamic_unfished_spawning_biomass",970630,"t","Region 1","MFCL report census dynamic_unfished_spawning_biomass","Unfished spawning potential","native-1003","Native MFCL / INI 1003"
1955,"dynamic_unfished_spawning_biomass",342310,"t","Region 2","MFCL report census dynamic_unfished_spawning_biomass","Unfished spawning potential","native-1003","Native MFCL / INI 1003"
1956,"dynamic_unfished_spawning_biomass",955110,"t","Region 1","MFCL report census dynamic_unfished_spawning_biomass","Unfished spawning potential","native-1003","Native MFCL / INI 1003"
1956,"dynamic_unfished_spawning_biomass",342680,"t","Region 2","MFCL report census dynamic_unfished_spawning_biomass","Unfished spawning potential","native-1003","Native MFCL / INI 1003"
1957,"dynamic_unfished_spawning_biomass",944800,"t","Region 1","MFCL report census dynamic_unfished_spawning_biomass","Unfished spawning potential","native-1003","Native MFCL / INI 1003"
1957,"dynamic_unfished_spawning_biomass",341790,"t","Region 2","MFCL report census dynamic_unfished_spawning_biomass","Unfished spawning potential","native-1003","Native MFCL / INI 1003"
1958,"dynamic_unfished_spawning_biomass",938670,"t","Region 1","MFCL report census dynamic_unfished_spawning_biomass","Unfished spawning potential","native-1003","Native MFCL / INI 1003"
1958,"dynamic_unfished_spawning_biomass",339770,"t","Region 2","MFCL report census dynamic_unfished_spawning_biomass","Unfished spawning potential","native-1003","Native MFCL / INI 1003"
1959,"dynamic_unfished_spawning_biomass",930230,"t","Region 1","MFCL report census dynamic_unfished_spawning_biomass","Unfished spawning potential","native-1003","Native MFCL / INI 1003"
1959,"dynamic_unfished_spawning_biomass",340450,"t","Region 2","MFCL report census dynamic_unfished_spawning_biomass","Unfished spawning potential","native-1003","Native MFCL / INI 1003"
1960,"dynamic_unfished_spawning_biomass",898600,"t","Region 1","MFCL report census dynamic_unfished_spawning_biomass","Unfished spawning potential","native-1003","Native MFCL / INI 1003"
1960,"dynamic_unfished_spawning_biomass",334130,"t","Region 2","MFCL report census dynamic_unfished_spawning_biomass","Unfished spawning potential","native-1003","Native MFCL / INI 1003"
1961,"dynamic_unfished_spawning_biomass",836290,"t","Region 1","MFCL report census dynamic_unfished_spawning_biomass","Unfished spawning potential","native-1003","Native MFCL / INI 1003"
1961,"dynamic_unfished_spawning_biomass",317200,"t","Region 2","MFCL report census dynamic_unfished_spawning_biomass","Unfished spawning potential","native-1003","Native MFCL / INI 1003"
1962,"dynamic_unfished_spawning_biomass",763430,"t","Region 1","MFCL report census dynamic_unfished_spawning_biomass","Unfished spawning potential","native-1003","Native MFCL / INI 1003"
1962,"dynamic_unfished_spawning_biomass",295730,"t","Region 2","MFCL report census dynamic_unfished_spawning_biomass","Unfished spawning potential","native-1003","Native MFCL / INI 1003"
1963,"dynamic_unfished_spawning_biomass",648080,"t","Region 1","MFCL report census dynamic_unfished_spawning_biomass","Unfished spawning potential","native-1003","Native MFCL / INI 1003"
1963,"dynamic_unfished_spawning_biomass",261410,"t","Region 2","MFCL report census dynamic_unfished_spawning_biomass","Unfished spawning potential","native-1003","Native MFCL / INI 1003"
1964,"dynamic_unfished_spawning_biomass",547060,"t","Region 1","MFCL report census dynamic_unfished_spawning_biomass","Unfished spawning potential","native-1003","Native MFCL / INI 1003"
1964,"dynamic_unfished_spawning_biomass",226190,"t","Region 2","MFCL report census dynamic_unfished_spawning_biomass","Unfished spawning potential","native-1003","Native MFCL / INI 1003"
1965,"dynamic_unfished_spawning_biomass",515600,"t","Region 1","MFCL report census dynamic_unfished_spawning_biomass","Unfished spawning potential","native-1003","Native MFCL / INI 1003"
1965,"dynamic_unfished_spawning_biomass",207630,"t","Region 2","MFCL report census dynamic_unfished_spawning_biomass","Unfished spawning potential","native-1003","Native MFCL / INI 1003"
1966,"dynamic_unfished_spawning_biomass",544860,"t","Region 1","MFCL report census dynamic_unfished_spawning_biomass","Unfished spawning potential","native-1003","Native MFCL / INI 1003"
1966,"dynamic_unfished_spawning_biomass",207770,"t","Region 2","MFCL report census dynamic_unfished_spawning_biomass","Unfished spawning potential","native-1003","Native MFCL / INI 1003"
1967,"dynamic_unfished_spawning_biomass",571060,"t","Region 1","MFCL report census dynamic_unfished_spawning_biomass","Unfished spawning potential","native-1003","Native MFCL / INI 1003"
1967,"dynamic_unfished_spawning_biomass",213090,"t","Region 2","MFCL report census dynamic_unfished_spawning_biomass","Unfished spawning potential","native-1003","Native MFCL / INI 1003"
1968,"dynamic_unfished_spawning_biomass",518320,"t","Region 1","MFCL report census dynamic_unfished_spawning_biomass","Unfished spawning potential","native-1003","Native MFCL / INI 1003"
1968,"dynamic_unfished_spawning_biomass",200130,"t","Region 2","MFCL report census dynamic_unfished_spawning_biomass","Unfished spawning potential","native-1003","Native MFCL / INI 1003"
1969,"dynamic_unfished_spawning_biomass",445380,"t","Region 1","MFCL report census dynamic_unfished_spawning_biomass","Unfished spawning potential","native-1003","Native MFCL / INI 1003"
1969,"dynamic_unfished_spawning_biomass",177390,"t","Region 2","MFCL report census dynamic_unfished_spawning_biomass","Unfished spawning potential","native-1003","Native MFCL / INI 1003"
1970,"dynamic_unfished_spawning_biomass",408930,"t","Region 1","MFCL report census dynamic_unfished_spawning_biomass","Unfished spawning potential","native-1003","Native MFCL / INI 1003"
1970,"dynamic_unfished_spawning_biomass",162330,"t","Region 2","MFCL report census dynamic_unfished_spawning_biomass","Unfished spawning potential","native-1003","Native MFCL / INI 1003"
1971,"dynamic_unfished_spawning_biomass",383400,"t","Region 1","MFCL report census dynamic_unfished_spawning_biomass","Unfished spawning potential","native-1003","Native MFCL / INI 1003"
1971,"dynamic_unfished_spawning_biomass",151130,"t","Region 2","MFCL report census dynamic_unfished_spawning_biomass","Unfished spawning potential","native-1003","Native MFCL / INI 1003"
1972,"dynamic_unfished_spawning_biomass",363970,"t","Region 1","MFCL report census dynamic_unfished_spawning_biomass","Unfished spawning potential","native-1003","Native MFCL / INI 1003"
1972,"dynamic_unfished_spawning_biomass",142350,"t","Region 2","MFCL report census dynamic_unfished_spawning_biomass","Unfished spawning potential","native-1003","Native MFCL / INI 1003"
1973,"dynamic_unfished_spawning_biomass",340090,"t","Region 1","MFCL report census dynamic_unfished_spawning_biomass","Unfished spawning potential","native-1003","Native MFCL / INI 1003"
1973,"dynamic_unfished_spawning_biomass",133290,"t","Region 2","MFCL report census dynamic_unfished_spawning_biomass","Unfished spawning potential","native-1003","Native MFCL / INI 1003"
1974,"dynamic_unfished_spawning_biomass",313240,"t","Region 1","MFCL report census dynamic_unfished_spawning_biomass","Unfished spawning potential","native-1003","Native MFCL / INI 1003"
1974,"dynamic_unfished_spawning_biomass",123460,"t","Region 2","MFCL report census dynamic_unfished_spawning_biomass","Unfished spawning potential","native-1003","Native MFCL / INI 1003"
1975,"dynamic_unfished_spawning_biomass",292510,"t","Region 1","MFCL report census dynamic_unfished_spawning_biomass","Unfished spawning potential","native-1003","Native MFCL / INI 1003"
1975,"dynamic_unfished_spawning_biomass",115080,"t","Region 2","MFCL report census dynamic_unfished_spawning_biomass","Unfished spawning potential","native-1003","Native MFCL / INI 1003"
1976,"dynamic_unfished_spawning_biomass",290780,"t","Region 1","MFCL report census dynamic_unfished_spawning_biomass","Unfished spawning potential","native-1003","Native MFCL / INI 1003"
1976,"dynamic_unfished_spawning_biomass",111290,"t","Region 2","MFCL report census dynamic_unfished_spawning_biomass","Unfished spawning potential","native-1003","Native MFCL / INI 1003"
1977,"dynamic_unfished_spawning_biomass",333170,"t","Region 1","MFCL report census dynamic_unfished_spawning_biomass","Unfished spawning potential","native-1003","Native MFCL / INI 1003"
1977,"dynamic_unfished_spawning_biomass",119480,"t","Region 2","MFCL report census dynamic_unfished_spawning_biomass","Unfished spawning potential","native-1003","Native MFCL / INI 1003"
1978,"dynamic_unfished_spawning_biomass",387600,"t","Region 1","MFCL report census dynamic_unfished_spawning_biomass","Unfished spawning potential","native-1003","Native MFCL / INI 1003"
1978,"dynamic_unfished_spawning_biomass",135110,"t","Region 2","MFCL report census dynamic_unfished_spawning_biomass","Unfished spawning potential","native-1003","Native MFCL / INI 1003"
1979,"dynamic_unfished_spawning_biomass",384940,"t","Region 1","MFCL report census dynamic_unfished_spawning_biomass","Unfished spawning potential","native-1003","Native MFCL / INI 1003"
1979,"dynamic_unfished_spawning_biomass",138350,"t","Region 2","MFCL report census dynamic_unfished_spawning_biomass","Unfished spawning potential","native-1003","Native MFCL / INI 1003"
1980,"dynamic_unfished_spawning_biomass",346800,"t","Region 1","MFCL report census dynamic_unfished_spawning_biomass","Unfished spawning potential","native-1003","Native MFCL / INI 1003"
1980,"dynamic_unfished_spawning_biomass",130020,"t","Region 2","MFCL report census dynamic_unfished_spawning_biomass","Unfished spawning potential","native-1003","Native MFCL / INI 1003"
1981,"dynamic_unfished_spawning_biomass",308610,"t","Region 1","MFCL report census dynamic_unfished_spawning_biomass","Unfished spawning potential","native-1003","Native MFCL / INI 1003"
1981,"dynamic_unfished_spawning_biomass",118930,"t","Region 2","MFCL report census dynamic_unfished_spawning_biomass","Unfished spawning potential","native-1003","Native MFCL / INI 1003"
1982,"dynamic_unfished_spawning_biomass",287050,"t","Region 1","MFCL report census dynamic_unfished_spawning_biomass","Unfished spawning potential","native-1003","Native MFCL / INI 1003"
1982,"dynamic_unfished_spawning_biomass",110880,"t","Region 2","MFCL report census dynamic_unfished_spawning_biomass","Unfished spawning potential","native-1003","Native MFCL / INI 1003"
1983,"dynamic_unfished_spawning_biomass",291080,"t","Region 1","MFCL report census dynamic_unfished_spawning_biomass","Unfished spawning potential","native-1003","Native MFCL / INI 1003"
1983,"dynamic_unfished_spawning_biomass",108570,"t","Region 2","MFCL report census dynamic_unfished_spawning_biomass","Unfished spawning potential","native-1003","Native MFCL / INI 1003"
1984,"dynamic_unfished_spawning_biomass",310140,"t","Region 1","MFCL report census dynamic_unfished_spawning_biomass","Unfished spawning potential","native-1003","Native MFCL / INI 1003"
1984,"dynamic_unfished_spawning_biomass",112470,"t","Region 2","MFCL report census dynamic_unfished_spawning_biomass","Unfished spawning potential","native-1003","Native MFCL / INI 1003"
1985,"dynamic_unfished_spawning_biomass",318230,"t","Region 1","MFCL report census dynamic_unfished_spawning_biomass","Unfished spawning potential","native-1003","Native MFCL / INI 1003"
1985,"dynamic_unfished_spawning_biomass",114630,"t","Region 2","MFCL report census dynamic_unfished_spawning_biomass","Unfished spawning potential","native-1003","Native MFCL / INI 1003"
1986,"dynamic_unfished_spawning_biomass",316300,"t","Region 1","MFCL report census dynamic_unfished_spawning_biomass","Unfished spawning potential","native-1003","Native MFCL / INI 1003"
1986,"dynamic_unfished_spawning_biomass",114350,"t","Region 2","MFCL report census dynamic_unfished_spawning_biomass","Unfished spawning potential","native-1003","Native MFCL / INI 1003"
1987,"dynamic_unfished_spawning_biomass",320500,"t","Region 1","MFCL report census dynamic_unfished_spawning_biomass","Unfished spawning potential","native-1003","Native MFCL / INI 1003"
1987,"dynamic_unfished_spawning_biomass",114590,"t","Region 2","MFCL report census dynamic_unfished_spawning_biomass","Unfished spawning potential","native-1003","Native MFCL / INI 1003"
1988,"dynamic_unfished_spawning_biomass",318270,"t","Region 1","MFCL report census dynamic_unfished_spawning_biomass","Unfished spawning potential","native-1003","Native MFCL / INI 1003"
1988,"dynamic_unfished_spawning_biomass",117230,"t","Region 2","MFCL report census dynamic_unfished_spawning_biomass","Unfished spawning potential","native-1003","Native MFCL / INI 1003"
1989,"dynamic_unfished_spawning_biomass",304130,"t","Region 1","MFCL report census dynamic_unfished_spawning_biomass","Unfished spawning potential","native-1003","Native MFCL / INI 1003"
1989,"dynamic_unfished_spawning_biomass",111990,"t","Region 2","MFCL report census dynamic_unfished_spawning_biomass","Unfished spawning potential","native-1003","Native MFCL / INI 1003"
1990,"dynamic_unfished_spawning_biomass",303620,"t","Region 1","MFCL report census dynamic_unfished_spawning_biomass","Unfished spawning potential","native-1003","Native MFCL / INI 1003"
1990,"dynamic_unfished_spawning_biomass",110970,"t","Region 2","MFCL report census dynamic_unfished_spawning_biomass","Unfished spawning potential","native-1003","Native MFCL / INI 1003"
1991,"dynamic_unfished_spawning_biomass",319110,"t","Region 1","MFCL report census dynamic_unfished_spawning_biomass","Unfished spawning potential","native-1003","Native MFCL / INI 1003"
1991,"dynamic_unfished_spawning_biomass",113530,"t","Region 2","MFCL report census dynamic_unfished_spawning_biomass","Unfished spawning potential","native-1003","Native MFCL / INI 1003"
1992,"dynamic_unfished_spawning_biomass",346370,"t","Region 1","MFCL report census dynamic_unfished_spawning_biomass","Unfished spawning potential","native-1003","Native MFCL / INI 1003"
1992,"dynamic_unfished_spawning_biomass",121750,"t","Region 2","MFCL report census dynamic_unfished_spawning_biomass","Unfished spawning potential","native-1003","Native MFCL / INI 1003"
1993,"dynamic_unfished_spawning_biomass",362670,"t","Region 1","MFCL report census dynamic_unfished_spawning_biomass","Unfished spawning potential","native-1003","Native MFCL / INI 1003"
1993,"dynamic_unfished_spawning_biomass",130030,"t","Region 2","MFCL report census dynamic_unfished_spawning_biomass","Unfished spawning potential","native-1003","Native MFCL / INI 1003"
1994,"dynamic_unfished_spawning_biomass",363780,"t","Region 1","MFCL report census dynamic_unfished_spawning_biomass","Unfished spawning potential","native-1003","Native MFCL / INI 1003"
1994,"dynamic_unfished_spawning_biomass",131530,"t","Region 2","MFCL report census dynamic_unfished_spawning_biomass","Unfished spawning potential","native-1003","Native MFCL / INI 1003"
1995,"dynamic_unfished_spawning_biomass",377530,"t","Region 1","MFCL report census dynamic_unfished_spawning_biomass","Unfished spawning potential","native-1003","Native MFCL / INI 1003"
1995,"dynamic_unfished_spawning_biomass",137120,"t","Region 2","MFCL report census dynamic_unfished_spawning_biomass","Unfished spawning potential","native-1003","Native MFCL / INI 1003"
1996,"dynamic_unfished_spawning_biomass",381210,"t","Region 1","MFCL report census dynamic_unfished_spawning_biomass","Unfished spawning potential","native-1003","Native MFCL / INI 1003"
1996,"dynamic_unfished_spawning_biomass",138940,"t","Region 2","MFCL report census dynamic_unfished_spawning_biomass","Unfished spawning potential","native-1003","Native MFCL / INI 1003"
1997,"dynamic_unfished_spawning_biomass",391330,"t","Region 1","MFCL report census dynamic_unfished_spawning_biomass","Unfished spawning potential","native-1003","Native MFCL / INI 1003"
1997,"dynamic_unfished_spawning_biomass",140390,"t","Region 2","MFCL report census dynamic_unfished_spawning_biomass","Unfished spawning potential","native-1003","Native MFCL / INI 1003"
1998,"dynamic_unfished_spawning_biomass",415720,"t","Region 1","MFCL report census dynamic_unfished_spawning_biomass","Unfished spawning potential","native-1003","Native MFCL / INI 1003"
1998,"dynamic_unfished_spawning_biomass",146060,"t","Region 2","MFCL report census dynamic_unfished_spawning_biomass","Unfished spawning potential","native-1003","Native MFCL / INI 1003"
1999,"dynamic_unfished_spawning_biomass",430890,"t","Region 1","MFCL report census dynamic_unfished_spawning_biomass","Unfished spawning potential","native-1003","Native MFCL / INI 1003"
1999,"dynamic_unfished_spawning_biomass",152320,"t","Region 2","MFCL report census dynamic_unfished_spawning_biomass","Unfished spawning potential","native-1003","Native MFCL / INI 1003"
2000,"dynamic_unfished_spawning_biomass",416960,"t","Region 1","MFCL report census dynamic_unfished_spawning_biomass","Unfished spawning potential","native-1003","Native MFCL / INI 1003"
2000,"dynamic_unfished_spawning_biomass",149900,"t","Region 2","MFCL report census dynamic_unfished_spawning_biomass","Unfished spawning potential","native-1003","Native MFCL / INI 1003"
2001,"dynamic_unfished_spawning_biomass",390450,"t","Region 1","MFCL report census dynamic_unfished_spawning_biomass","Unfished spawning potential","native-1003","Native MFCL / INI 1003"
2001,"dynamic_unfished_spawning_biomass",143040,"t","Region 2","MFCL report census dynamic_unfished_spawning_biomass","Unfished spawning potential","native-1003","Native MFCL / INI 1003"
2002,"dynamic_unfished_spawning_biomass",384450,"t","Region 1","MFCL report census dynamic_unfished_spawning_biomass","Unfished spawning potential","native-1003","Native MFCL / INI 1003"
2002,"dynamic_unfished_spawning_biomass",140340,"t","Region 2","MFCL report census dynamic_unfished_spawning_biomass","Unfished spawning potential","native-1003","Native MFCL / INI 1003"
2003,"dynamic_unfished_spawning_biomass",407470,"t","Region 1","MFCL report census dynamic_unfished_spawning_biomass","Unfished spawning potential","native-1003","Native MFCL / INI 1003"
2003,"dynamic_unfished_spawning_biomass",145700,"t","Region 2","MFCL report census dynamic_unfished_spawning_biomass","Unfished spawning potential","native-1003","Native MFCL / INI 1003"
2004,"dynamic_unfished_spawning_biomass",400720,"t","Region 1","MFCL report census dynamic_unfished_spawning_biomass","Unfished spawning potential","native-1003","Native MFCL / INI 1003"
2004,"dynamic_unfished_spawning_biomass",146260,"t","Region 2","MFCL report census dynamic_unfished_spawning_biomass","Unfished spawning potential","native-1003","Native MFCL / INI 1003"
2005,"dynamic_unfished_spawning_biomass",434340,"t","Region 1","MFCL report census dynamic_unfished_spawning_biomass","Unfished spawning potential","native-1003","Native MFCL / INI 1003"
2005,"dynamic_unfished_spawning_biomass",155140,"t","Region 2","MFCL report census dynamic_unfished_spawning_biomass","Unfished spawning potential","native-1003","Native MFCL / INI 1003"
2006,"dynamic_unfished_spawning_biomass",483270,"t","Region 1","MFCL report census dynamic_unfished_spawning_biomass","Unfished spawning potential","native-1003","Native MFCL / INI 1003"
2006,"dynamic_unfished_spawning_biomass",167980,"t","Region 2","MFCL report census dynamic_unfished_spawning_biomass","Unfished spawning potential","native-1003","Native MFCL / INI 1003"
2007,"dynamic_unfished_spawning_biomass",500350,"t","Region 1","MFCL report census dynamic_unfished_spawning_biomass","Unfished spawning potential","native-1003","Native MFCL / INI 1003"
2007,"dynamic_unfished_spawning_biomass",175890,"t","Region 2","MFCL report census dynamic_unfished_spawning_biomass","Unfished spawning potential","native-1003","Native MFCL / INI 1003"
2008,"dynamic_unfished_spawning_biomass",477370,"t","Region 1","MFCL report census dynamic_unfished_spawning_biomass","Unfished spawning potential","native-1003","Native MFCL / INI 1003"
2008,"dynamic_unfished_spawning_biomass",172050,"t","Region 2","MFCL report census dynamic_unfished_spawning_biomass","Unfished spawning potential","native-1003","Native MFCL / INI 1003"
2009,"dynamic_unfished_spawning_biomass",463340,"t","Region 1","MFCL report census dynamic_unfished_spawning_biomass","Unfished spawning potential","native-1003","Native MFCL / INI 1003"
2009,"dynamic_unfished_spawning_biomass",167130,"t","Region 2","MFCL report census dynamic_unfished_spawning_biomass","Unfished spawning potential","native-1003","Native MFCL / INI 1003"
2010,"dynamic_unfished_spawning_biomass",485330,"t","Region 1","MFCL report census dynamic_unfished_spawning_biomass","Unfished spawning potential","native-1003","Native MFCL / INI 1003"
2010,"dynamic_unfished_spawning_biomass",172520,"t","Region 2","MFCL report census dynamic_unfished_spawning_biomass","Unfished spawning potential","native-1003","Native MFCL / INI 1003"
2011,"dynamic_unfished_spawning_biomass",518060,"t","Region 1","MFCL report census dynamic_unfished_spawning_biomass","Unfished spawning potential","native-1003","Native MFCL / INI 1003"
2011,"dynamic_unfished_spawning_biomass",181350,"t","Region 2","MFCL report census dynamic_unfished_spawning_biomass","Unfished spawning potential","native-1003","Native MFCL / INI 1003"
2012,"dynamic_unfished_spawning_biomass",520300,"t","Region 1","MFCL report census dynamic_unfished_spawning_biomass","Unfished spawning potential","native-1003","Native MFCL / INI 1003"
2012,"dynamic_unfished_spawning_biomass",183540,"t","Region 2","MFCL report census dynamic_unfished_spawning_biomass","Unfished spawning potential","native-1003","Native MFCL / INI 1003"
2013,"dynamic_unfished_spawning_biomass",533610,"t","Region 1","MFCL report census dynamic_unfished_spawning_biomass","Unfished spawning potential","native-1003","Native MFCL / INI 1003"
2013,"dynamic_unfished_spawning_biomass",187280,"t","Region 2","MFCL report census dynamic_unfished_spawning_biomass","Unfished spawning potential","native-1003","Native MFCL / INI 1003"
2014,"dynamic_unfished_spawning_biomass",562640,"t","Region 1","MFCL report census dynamic_unfished_spawning_biomass","Unfished spawning potential","native-1003","Native MFCL / INI 1003"
2014,"dynamic_unfished_spawning_biomass",197030,"t","Region 2","MFCL report census dynamic_unfished_spawning_biomass","Unfished spawning potential","native-1003","Native MFCL / INI 1003"
2015,"dynamic_unfished_spawning_biomass",577270,"t","Region 1","MFCL report census dynamic_unfished_spawning_biomass","Unfished spawning potential","native-1003","Native MFCL / INI 1003"
2015,"dynamic_unfished_spawning_biomass",203560,"t","Region 2","MFCL report census dynamic_unfished_spawning_biomass","Unfished spawning potential","native-1003","Native MFCL / INI 1003"
2016,"dynamic_unfished_spawning_biomass",557020,"t","Region 1","MFCL report census dynamic_unfished_spawning_biomass","Unfished spawning potential","native-1003","Native MFCL / INI 1003"
2016,"dynamic_unfished_spawning_biomass",199800,"t","Region 2","MFCL report census dynamic_unfished_spawning_biomass","Unfished spawning potential","native-1003","Native MFCL / INI 1003"
2017,"dynamic_unfished_spawning_biomass",537720,"t","Region 1","MFCL report census dynamic_unfished_spawning_biomass","Unfished spawning potential","native-1003","Native MFCL / INI 1003"
2017,"dynamic_unfished_spawning_biomass",195700,"t","Region 2","MFCL report census dynamic_unfished_spawning_biomass","Unfished spawning potential","native-1003","Native MFCL / INI 1003"
2018,"dynamic_unfished_spawning_biomass",535440,"t","Region 1","MFCL report census dynamic_unfished_spawning_biomass","Unfished spawning potential","native-1003","Native MFCL / INI 1003"
2018,"dynamic_unfished_spawning_biomass",195740,"t","Region 2","MFCL report census dynamic_unfished_spawning_biomass","Unfished spawning potential","native-1003","Native MFCL / INI 1003"
2019,"dynamic_unfished_spawning_biomass",522350,"t","Region 1","MFCL report census dynamic_unfished_spawning_biomass","Unfished spawning potential","native-1003","Native MFCL / INI 1003"
2019,"dynamic_unfished_spawning_biomass",191120,"t","Region 2","MFCL report census dynamic_unfished_spawning_biomass","Unfished spawning potential","native-1003","Native MFCL / INI 1003"
2020,"dynamic_unfished_spawning_biomass",481650,"t","Region 1","MFCL report census dynamic_unfished_spawning_biomass","Unfished spawning potential","native-1003","Native MFCL / INI 1003"
2020,"dynamic_unfished_spawning_biomass",180350,"t","Region 2","MFCL report census dynamic_unfished_spawning_biomass","Unfished spawning potential","native-1003","Native MFCL / INI 1003"
2021,"dynamic_unfished_spawning_biomass",466130,"t","Region 1","MFCL report census dynamic_unfished_spawning_biomass","Unfished spawning potential","native-1003","Native MFCL / INI 1003"
2021,"dynamic_unfished_spawning_biomass",172850,"t","Region 2","MFCL report census dynamic_unfished_spawning_biomass","Unfished spawning potential","native-1003","Native MFCL / INI 1003"
2022,"dynamic_unfished_spawning_biomass",503460,"t","Region 1","MFCL report census dynamic_unfished_spawning_biomass","Unfished spawning potential","native-1003","Native MFCL / INI 1003"
2022,"dynamic_unfished_spawning_biomass",181390,"t","Region 2","MFCL report census dynamic_unfished_spawning_biomass","Unfished spawning potential","native-1003","Native MFCL / INI 1003"
1954,"recruitment",1.27e+08,"fish","Region 1","MFCL report census recruitment",,"native-1003","Native MFCL / INI 1003"
1954,"recruitment",28070000,"fish","Region 2","MFCL report census recruitment",,"native-1003","Native MFCL / INI 1003"
1955,"recruitment",1.27e+08,"fish","Region 1","MFCL report census recruitment",,"native-1003","Native MFCL / INI 1003"
1955,"recruitment",28070000,"fish","Region 2","MFCL report census recruitment",,"native-1003","Native MFCL / INI 1003"
1956,"recruitment",123800000,"fish","Region 1","MFCL report census recruitment",,"native-1003","Native MFCL / INI 1003"
1956,"recruitment",27360000,"fish","Region 2","MFCL report census recruitment",,"native-1003","Native MFCL / INI 1003"
1957,"recruitment",75970000,"fish","Region 1","MFCL report census recruitment",,"native-1003","Native MFCL / INI 1003"
1957,"recruitment",16790000,"fish","Region 2","MFCL report census recruitment",,"native-1003","Native MFCL / INI 1003"
1958,"recruitment",95530000,"fish","Region 1","MFCL report census recruitment",,"native-1003","Native MFCL / INI 1003"
1958,"recruitment",21120000,"fish","Region 2","MFCL report census recruitment",,"native-1003","Native MFCL / INI 1003"
1959,"recruitment",37210000,"fish","Region 1","MFCL report census recruitment",,"native-1003","Native MFCL / INI 1003"
1959,"recruitment",8226000,"fish","Region 2","MFCL report census recruitment",,"native-1003","Native MFCL / INI 1003"
1960,"recruitment",21300000,"fish","Region 1","MFCL report census recruitment",,"native-1003","Native MFCL / INI 1003"
1960,"recruitment",4709000,"fish","Region 2","MFCL report census recruitment",,"native-1003","Native MFCL / INI 1003"
1961,"recruitment",61240000,"fish","Region 1","MFCL report census recruitment",,"native-1003","Native MFCL / INI 1003"
1961,"recruitment",13540000,"fish","Region 2","MFCL report census recruitment",,"native-1003","Native MFCL / INI 1003"
1962,"recruitment",88740000,"fish","Region 1","MFCL report census recruitment",,"native-1003","Native MFCL / INI 1003"
1962,"recruitment",19620000,"fish","Region 2","MFCL report census recruitment",,"native-1003","Native MFCL / INI 1003"
1963,"recruitment",114500000,"fish","Region 1","MFCL report census recruitment",,"native-1003","Native MFCL / INI 1003"
1963,"recruitment",25310000,"fish","Region 2","MFCL report census recruitment",,"native-1003","Native MFCL / INI 1003"
1964,"recruitment",43570000,"fish","Region 1","MFCL report census recruitment",,"native-1003","Native MFCL / INI 1003"
1964,"recruitment",9631000,"fish","Region 2","MFCL report census recruitment",,"native-1003","Native MFCL / INI 1003"
1965,"recruitment",12510000,"fish","Region 1","MFCL report census recruitment",,"native-1003","Native MFCL / INI 1003"
1965,"recruitment",2765000,"fish","Region 2","MFCL report census recruitment",,"native-1003","Native MFCL / INI 1003"
1966,"recruitment",53550000,"fish","Region 1","MFCL report census recruitment",,"native-1003","Native MFCL / INI 1003"
1966,"recruitment",11840000,"fish","Region 2","MFCL report census recruitment",,"native-1003","Native MFCL / INI 1003"
1967,"recruitment",41340000,"fish","Region 1","MFCL report census recruitment",,"native-1003","Native MFCL / INI 1003"
1967,"recruitment",9137000,"fish","Region 2","MFCL report census recruitment",,"native-1003","Native MFCL / INI 1003"
1968,"recruitment",45260000,"fish","Region 1","MFCL report census recruitment",,"native-1003","Native MFCL / INI 1003"
1968,"recruitment",1e+07,"fish","Region 2","MFCL report census recruitment",,"native-1003","Native MFCL / INI 1003"
1969,"recruitment",38200000,"fish","Region 1","MFCL report census recruitment",,"native-1003","Native MFCL / INI 1003"
1969,"recruitment",8444000,"fish","Region 2","MFCL report census recruitment",,"native-1003","Native MFCL / INI 1003"
1970,"recruitment",29970000,"fish","Region 1","MFCL report census recruitment",,"native-1003","Native MFCL / INI 1003"
1970,"recruitment",6624000,"fish","Region 2","MFCL report census recruitment",,"native-1003","Native MFCL / INI 1003"
1971,"recruitment",31800000,"fish","Region 1","MFCL report census recruitment",,"native-1003","Native MFCL / INI 1003"
1971,"recruitment",7029000,"fish","Region 2","MFCL report census recruitment",,"native-1003","Native MFCL / INI 1003"
1972,"recruitment",32570000,"fish","Region 1","MFCL report census recruitment",,"native-1003","Native MFCL / INI 1003"
1972,"recruitment",7200000,"fish","Region 2","MFCL report census recruitment",,"native-1003","Native MFCL / INI 1003"
1973,"recruitment",56890000,"fish","Region 1","MFCL report census recruitment",,"native-1003","Native MFCL / INI 1003"
1973,"recruitment",12570000,"fish","Region 2","MFCL report census recruitment",,"native-1003","Native MFCL / INI 1003"
1974,"recruitment",93890000,"fish","Region 1","MFCL report census recruitment",,"native-1003","Native MFCL / INI 1003"
1974,"recruitment",20750000,"fish","Region 2","MFCL report census recruitment",,"native-1003","Native MFCL / INI 1003"
1975,"recruitment",45780000,"fish","Region 1","MFCL report census recruitment",,"native-1003","Native MFCL / INI 1003"
1975,"recruitment",10120000,"fish","Region 2","MFCL report census recruitment",,"native-1003","Native MFCL / INI 1003"
1976,"recruitment",24730000,"fish","Region 1","MFCL report census recruitment",,"native-1003","Native MFCL / INI 1003"
1976,"recruitment",5467000,"fish","Region 2","MFCL report census recruitment",,"native-1003","Native MFCL / INI 1003"
1977,"recruitment",24430000,"fish","Region 1","MFCL report census recruitment",,"native-1003","Native MFCL / INI 1003"
1977,"recruitment",5401000,"fish","Region 2","MFCL report census recruitment",,"native-1003","Native MFCL / INI 1003"
1978,"recruitment",29390000,"fish","Region 1","MFCL report census recruitment",,"native-1003","Native MFCL / INI 1003"
1978,"recruitment",6496000,"fish","Region 2","MFCL report census recruitment",,"native-1003","Native MFCL / INI 1003"
1979,"recruitment",38970000,"fish","Region 1","MFCL report census recruitment",,"native-1003","Native MFCL / INI 1003"
1979,"recruitment",8614000,"fish","Region 2","MFCL report census recruitment",,"native-1003","Native MFCL / INI 1003"
1980,"recruitment",55830000,"fish","Region 1","MFCL report census recruitment",,"native-1003","Native MFCL / INI 1003"
1980,"recruitment",12340000,"fish","Region 2","MFCL report census recruitment",,"native-1003","Native MFCL / INI 1003"
1981,"recruitment",45990000,"fish","Region 1","MFCL report census recruitment",,"native-1003","Native MFCL / INI 1003"
1981,"recruitment",10170000,"fish","Region 2","MFCL report census recruitment",,"native-1003","Native MFCL / INI 1003"
1982,"recruitment",37560000,"fish","Region 1","MFCL report census recruitment",,"native-1003","Native MFCL / INI 1003"
1982,"recruitment",8302000,"fish","Region 2","MFCL report census recruitment",,"native-1003","Native MFCL / INI 1003"
1983,"recruitment",41890000,"fish","Region 1","MFCL report census recruitment",,"native-1003","Native MFCL / INI 1003"
1983,"recruitment",9259000,"fish","Region 2","MFCL report census recruitment",,"native-1003","Native MFCL / INI 1003"
1984,"recruitment",50840000,"fish","Region 1","MFCL report census recruitment",,"native-1003","Native MFCL / INI 1003"
1984,"recruitment",11240000,"fish","Region 2","MFCL report census recruitment",,"native-1003","Native MFCL / INI 1003"
1985,"recruitment",24710000,"fish","Region 1","MFCL report census recruitment",,"native-1003","Native MFCL / INI 1003"
1985,"recruitment",5463000,"fish","Region 2","MFCL report census recruitment",,"native-1003","Native MFCL / INI 1003"
1986,"recruitment",41380000,"fish","Region 1","MFCL report census recruitment",,"native-1003","Native MFCL / INI 1003"
1986,"recruitment",9147000,"fish","Region 2","MFCL report census recruitment",,"native-1003","Native MFCL / INI 1003"
1987,"recruitment",47860000,"fish","Region 1","MFCL report census recruitment",,"native-1003","Native MFCL / INI 1003"
1987,"recruitment",10580000,"fish","Region 2","MFCL report census recruitment",,"native-1003","Native MFCL / INI 1003"
1988,"recruitment",56700000,"fish","Region 1","MFCL report census recruitment",,"native-1003","Native MFCL / INI 1003"
1988,"recruitment",12530000,"fish","Region 2","MFCL report census recruitment",,"native-1003","Native MFCL / INI 1003"
1989,"recruitment",65620000,"fish","Region 1","MFCL report census recruitment",,"native-1003","Native MFCL / INI 1003"
1989,"recruitment",14500000,"fish","Region 2","MFCL report census recruitment",,"native-1003","Native MFCL / INI 1003"
1990,"recruitment",32480000,"fish","Region 1","MFCL report census recruitment",,"native-1003","Native MFCL / INI 1003"
1990,"recruitment",7179000,"fish","Region 2","MFCL report census recruitment",,"native-1003","Native MFCL / INI 1003"
1991,"recruitment",66730000,"fish","Region 1","MFCL report census recruitment",,"native-1003","Native MFCL / INI 1003"
1991,"recruitment",14750000,"fish","Region 2","MFCL report census recruitment",,"native-1003","Native MFCL / INI 1003"
1992,"recruitment",47280000,"fish","Region 1","MFCL report census recruitment",,"native-1003","Native MFCL / INI 1003"
1992,"recruitment",10450000,"fish","Region 2","MFCL report census recruitment",,"native-1003","Native MFCL / INI 1003"
1993,"recruitment",52440000,"fish","Region 1","MFCL report census recruitment",,"native-1003","Native MFCL / INI 1003"
1993,"recruitment",11590000,"fish","Region 2","MFCL report census recruitment",,"native-1003","Native MFCL / INI 1003"
1994,"recruitment",64990000,"fish","Region 1","MFCL report census recruitment",,"native-1003","Native MFCL / INI 1003"
1994,"recruitment",14370000,"fish","Region 2","MFCL report census recruitment",,"native-1003","Native MFCL / INI 1003"
1995,"recruitment",73050000,"fish","Region 1","MFCL report census recruitment",,"native-1003","Native MFCL / INI 1003"
1995,"recruitment",16150000,"fish","Region 2","MFCL report census recruitment",,"native-1003","Native MFCL / INI 1003"
1996,"recruitment",42940000,"fish","Region 1","MFCL report census recruitment",,"native-1003","Native MFCL / INI 1003"
1996,"recruitment",9492000,"fish","Region 2","MFCL report census recruitment",,"native-1003","Native MFCL / INI 1003"
1997,"recruitment",45220000,"fish","Region 1","MFCL report census recruitment",,"native-1003","Native MFCL / INI 1003"
1997,"recruitment",9995000,"fish","Region 2","MFCL report census recruitment",,"native-1003","Native MFCL / INI 1003"
1998,"recruitment",28540000,"fish","Region 1","MFCL report census recruitment",,"native-1003","Native MFCL / INI 1003"
1998,"recruitment",6309000,"fish","Region 2","MFCL report census recruitment",,"native-1003","Native MFCL / INI 1003"
1999,"recruitment",96400000,"fish","Region 1","MFCL report census recruitment",,"native-1003","Native MFCL / INI 1003"
1999,"recruitment",21310000,"fish","Region 2","MFCL report census recruitment",,"native-1003","Native MFCL / INI 1003"
2000,"recruitment",24370000,"fish","Region 1","MFCL report census recruitment",,"native-1003","Native MFCL / INI 1003"
2000,"recruitment",5387000,"fish","Region 2","MFCL report census recruitment",,"native-1003","Native MFCL / INI 1003"
2001,"recruitment",76920000,"fish","Region 1","MFCL report census recruitment",,"native-1003","Native MFCL / INI 1003"
2001,"recruitment",1.7e+07,"fish","Region 2","MFCL report census recruitment",,"native-1003","Native MFCL / INI 1003"
2002,"recruitment",88760000,"fish","Region 1","MFCL report census recruitment",,"native-1003","Native MFCL / INI 1003"
2002,"recruitment",19620000,"fish","Region 2","MFCL report census recruitment",,"native-1003","Native MFCL / INI 1003"
2003,"recruitment",80570000,"fish","Region 1","MFCL report census recruitment",,"native-1003","Native MFCL / INI 1003"
2003,"recruitment",17810000,"fish","Region 2","MFCL report census recruitment",,"native-1003","Native MFCL / INI 1003"
2004,"recruitment",43450000,"fish","Region 1","MFCL report census recruitment",,"native-1003","Native MFCL / INI 1003"
2004,"recruitment",9605000,"fish","Region 2","MFCL report census recruitment",,"native-1003","Native MFCL / INI 1003"
2005,"recruitment",49670000,"fish","Region 1","MFCL report census recruitment",,"native-1003","Native MFCL / INI 1003"
2005,"recruitment",10980000,"fish","Region 2","MFCL report census recruitment",,"native-1003","Native MFCL / INI 1003"
2006,"recruitment",70390000,"fish","Region 1","MFCL report census recruitment",,"native-1003","Native MFCL / INI 1003"
2006,"recruitment",15560000,"fish","Region 2","MFCL report census recruitment",,"native-1003","Native MFCL / INI 1003"
2007,"recruitment",98290000,"fish","Region 1","MFCL report census recruitment",,"native-1003","Native MFCL / INI 1003"
2007,"recruitment",21730000,"fish","Region 2","MFCL report census recruitment",,"native-1003","Native MFCL / INI 1003"
2008,"recruitment",56790000,"fish","Region 1","MFCL report census recruitment",,"native-1003","Native MFCL / INI 1003"
2008,"recruitment",12550000,"fish","Region 2","MFCL report census recruitment",,"native-1003","Native MFCL / INI 1003"
2009,"recruitment",72790000,"fish","Region 1","MFCL report census recruitment",,"native-1003","Native MFCL / INI 1003"
2009,"recruitment",16090000,"fish","Region 2","MFCL report census recruitment",,"native-1003","Native MFCL / INI 1003"
2010,"recruitment",88570000,"fish","Region 1","MFCL report census recruitment",,"native-1003","Native MFCL / INI 1003"
2010,"recruitment",19580000,"fish","Region 2","MFCL report census recruitment",,"native-1003","Native MFCL / INI 1003"
2011,"recruitment",91180000,"fish","Region 1","MFCL report census recruitment",,"native-1003","Native MFCL / INI 1003"
2011,"recruitment",20160000,"fish","Region 2","MFCL report census recruitment",,"native-1003","Native MFCL / INI 1003"
2012,"recruitment",57970000,"fish","Region 1","MFCL report census recruitment",,"native-1003","Native MFCL / INI 1003"
2012,"recruitment",12810000,"fish","Region 2","MFCL report census recruitment",,"native-1003","Native MFCL / INI 1003"
2013,"recruitment",58170000,"fish","Region 1","MFCL report census recruitment",,"native-1003","Native MFCL / INI 1003"
2013,"recruitment",12860000,"fish","Region 2","MFCL report census recruitment",,"native-1003","Native MFCL / INI 1003"
2014,"recruitment",76430000,"fish","Region 1","MFCL report census recruitment",,"native-1003","Native MFCL / INI 1003"
2014,"recruitment",16890000,"fish","Region 2","MFCL report census recruitment",,"native-1003","Native MFCL / INI 1003"
2015,"recruitment",70080000,"fish","Region 1","MFCL report census recruitment",,"native-1003","Native MFCL / INI 1003"
2015,"recruitment",15490000,"fish","Region 2","MFCL report census recruitment",,"native-1003","Native MFCL / INI 1003"
2016,"recruitment",44490000,"fish","Region 1","MFCL report census recruitment",,"native-1003","Native MFCL / INI 1003"
2016,"recruitment",9834000,"fish","Region 2","MFCL report census recruitment",,"native-1003","Native MFCL / INI 1003"
2017,"recruitment",37170000,"fish","Region 1","MFCL report census recruitment",,"native-1003","Native MFCL / INI 1003"
2017,"recruitment",8216000,"fish","Region 2","MFCL report census recruitment",,"native-1003","Native MFCL / INI 1003"
2018,"recruitment",99370000,"fish","Region 1","MFCL report census recruitment",,"native-1003","Native MFCL / INI 1003"
2018,"recruitment",21970000,"fish","Region 2","MFCL report census recruitment",,"native-1003","Native MFCL / INI 1003"
2019,"recruitment",80040000,"fish","Region 1","MFCL report census recruitment",,"native-1003","Native MFCL / INI 1003"
2019,"recruitment",17690000,"fish","Region 2","MFCL report census recruitment",,"native-1003","Native MFCL / INI 1003"
2020,"recruitment",74530000,"fish","Region 1","MFCL report census recruitment",,"native-1003","Native MFCL / INI 1003"
2020,"recruitment",16470000,"fish","Region 2","MFCL report census recruitment",,"native-1003","Native MFCL / INI 1003"
2021,"recruitment",64830000,"fish","Region 1","MFCL report census recruitment",,"native-1003","Native MFCL / INI 1003"
2021,"recruitment",14330000,"fish","Region 2","MFCL report census recruitment",,"native-1003","Native MFCL / INI 1003"
2022,"recruitment",58380000,"fish","Region 1","MFCL report census recruitment",,"native-1003","Native MFCL / INI 1003"
2022,"recruitment",12900000,"fish","Region 2","MFCL report census recruitment",,"native-1003","Native MFCL / INI 1003"
1954,"recruitment",155070000,"fish","all","MFCL report census recruitment",,"native-1003","Native MFCL / INI 1003"
1955,"recruitment",155070000,"fish","all","MFCL report census recruitment",,"native-1003","Native MFCL / INI 1003"
1956,"recruitment",151160000,"fish","all","MFCL report census recruitment",,"native-1003","Native MFCL / INI 1003"
1957,"recruitment",92760000,"fish","all","MFCL report census recruitment",,"native-1003","Native MFCL / INI 1003"
1958,"recruitment",116650000,"fish","all","MFCL report census recruitment",,"native-1003","Native MFCL / INI 1003"
1959,"recruitment",45436000,"fish","all","MFCL report census recruitment",,"native-1003","Native MFCL / INI 1003"
1960,"recruitment",26009000,"fish","all","MFCL report census recruitment",,"native-1003","Native MFCL / INI 1003"
1961,"recruitment",74780000,"fish","all","MFCL report census recruitment",,"native-1003","Native MFCL / INI 1003"
1962,"recruitment",108360000,"fish","all","MFCL report census recruitment",,"native-1003","Native MFCL / INI 1003"
1963,"recruitment",139810000,"fish","all","MFCL report census recruitment",,"native-1003","Native MFCL / INI 1003"
1964,"recruitment",53201000,"fish","all","MFCL report census recruitment",,"native-1003","Native MFCL / INI 1003"
1965,"recruitment",15275000,"fish","all","MFCL report census recruitment",,"native-1003","Native MFCL / INI 1003"
1966,"recruitment",65390000,"fish","all","MFCL report census recruitment",,"native-1003","Native MFCL / INI 1003"
1967,"recruitment",50477000,"fish","all","MFCL report census recruitment",,"native-1003","Native MFCL / INI 1003"
1968,"recruitment",55260000,"fish","all","MFCL report census recruitment",,"native-1003","Native MFCL / INI 1003"
1969,"recruitment",46644000,"fish","all","MFCL report census recruitment",,"native-1003","Native MFCL / INI 1003"
1970,"recruitment",36594000,"fish","all","MFCL report census recruitment",,"native-1003","Native MFCL / INI 1003"
1971,"recruitment",38829000,"fish","all","MFCL report census recruitment",,"native-1003","Native MFCL / INI 1003"
1972,"recruitment",39770000,"fish","all","MFCL report census recruitment",,"native-1003","Native MFCL / INI 1003"
1973,"recruitment",69460000,"fish","all","MFCL report census recruitment",,"native-1003","Native MFCL / INI 1003"
1974,"recruitment",114640000,"fish","all","MFCL report census recruitment",,"native-1003","Native MFCL / INI 1003"
1975,"recruitment",55900000,"fish","all","MFCL report census recruitment",,"native-1003","Native MFCL / INI 1003"
1976,"recruitment",30197000,"fish","all","MFCL report census recruitment",,"native-1003","Native MFCL / INI 1003"
1977,"recruitment",29831000,"fish","all","MFCL report census recruitment",,"native-1003","Native MFCL / INI 1003"
1978,"recruitment",35886000,"fish","all","MFCL report census recruitment",,"native-1003","Native MFCL / INI 1003"
1979,"recruitment",47584000,"fish","all","MFCL report census recruitment",,"native-1003","Native MFCL / INI 1003"
1980,"recruitment",68170000,"fish","all","MFCL report census recruitment",,"native-1003","Native MFCL / INI 1003"
1981,"recruitment",56160000,"fish","all","MFCL report census recruitment",,"native-1003","Native MFCL / INI 1003"
1982,"recruitment",45862000,"fish","all","MFCL report census recruitment",,"native-1003","Native MFCL / INI 1003"
1983,"recruitment",51149000,"fish","all","MFCL report census recruitment",,"native-1003","Native MFCL / INI 1003"
1984,"recruitment",62080000,"fish","all","MFCL report census recruitment",,"native-1003","Native MFCL / INI 1003"
1985,"recruitment",30173000,"fish","all","MFCL report census recruitment",,"native-1003","Native MFCL / INI 1003"
1986,"recruitment",50527000,"fish","all","MFCL report census recruitment",,"native-1003","Native MFCL / INI 1003"
1987,"recruitment",58440000,"fish","all","MFCL report census recruitment",,"native-1003","Native MFCL / INI 1003"
1988,"recruitment",69230000,"fish","all","MFCL report census recruitment",,"native-1003","Native MFCL / INI 1003"
1989,"recruitment",80120000,"fish","all","MFCL report census recruitment",,"native-1003","Native MFCL / INI 1003"
1990,"recruitment",39659000,"fish","all","MFCL report census recruitment",,"native-1003","Native MFCL / INI 1003"
1991,"recruitment",81480000,"fish","all","MFCL report census recruitment",,"native-1003","Native MFCL / INI 1003"
1992,"recruitment",57730000,"fish","all","MFCL report census recruitment",,"native-1003","Native MFCL / INI 1003"
1993,"recruitment",64030000,"fish","all","MFCL report census recruitment",,"native-1003","Native MFCL / INI 1003"
1994,"recruitment",79360000,"fish","all","MFCL report census recruitment",,"native-1003","Native MFCL / INI 1003"
1995,"recruitment",89200000,"fish","all","MFCL report census recruitment",,"native-1003","Native MFCL / INI 1003"
1996,"recruitment",52432000,"fish","all","MFCL report census recruitment",,"native-1003","Native MFCL / INI 1003"
1997,"recruitment",55215000,"fish","all","MFCL report census recruitment",,"native-1003","Native MFCL / INI 1003"
1998,"recruitment",34849000,"fish","all","MFCL report census recruitment",,"native-1003","Native MFCL / INI 1003"
1999,"recruitment",117710000,"fish","all","MFCL report census recruitment",,"native-1003","Native MFCL / INI 1003"
2000,"recruitment",29757000,"fish","all","MFCL report census recruitment",,"native-1003","Native MFCL / INI 1003"
2001,"recruitment",93920000,"fish","all","MFCL report census recruitment",,"native-1003","Native MFCL / INI 1003"
2002,"recruitment",108380000,"fish","all","MFCL report census recruitment",,"native-1003","Native MFCL / INI 1003"
2003,"recruitment",98380000,"fish","all","MFCL report census recruitment",,"native-1003","Native MFCL / INI 1003"
2004,"recruitment",53055000,"fish","all","MFCL report census recruitment",,"native-1003","Native MFCL / INI 1003"
2005,"recruitment",60650000,"fish","all","MFCL report census recruitment",,"native-1003","Native MFCL / INI 1003"
2006,"recruitment",85950000,"fish","all","MFCL report census recruitment",,"native-1003","Native MFCL / INI 1003"
2007,"recruitment",120020000,"fish","all","MFCL report census recruitment",,"native-1003","Native MFCL / INI 1003"
2008,"recruitment",69340000,"fish","all","MFCL report census recruitment",,"native-1003","Native MFCL / INI 1003"
2009,"recruitment",88880000,"fish","all","MFCL report census recruitment",,"native-1003","Native MFCL / INI 1003"
2010,"recruitment",108150000,"fish","all","MFCL report census recruitment",,"native-1003","Native MFCL / INI 1003"
2011,"recruitment",111340000,"fish","all","MFCL report census recruitment",,"native-1003","Native MFCL / INI 1003"
2012,"recruitment",70780000,"fish","all","MFCL report census recruitment",,"native-1003","Native MFCL / INI 1003"
2013,"recruitment",71030000,"fish","all","MFCL report census recruitment",,"native-1003","Native MFCL / INI 1003"
2014,"recruitment",93320000,"fish","all","MFCL report census recruitment",,"native-1003","Native MFCL / INI 1003"
2015,"recruitment",85570000,"fish","all","MFCL report census recruitment",,"native-1003","Native MFCL / INI 1003"
2016,"recruitment",54324000,"fish","all","MFCL report census recruitment",,"native-1003","Native MFCL / INI 1003"
2017,"recruitment",45386000,"fish","all","MFCL report census recruitment",,"native-1003","Native MFCL / INI 1003"
2018,"recruitment",121340000,"fish","all","MFCL report census recruitment",,"native-1003","Native MFCL / INI 1003"
2019,"recruitment",97730000,"fish","all","MFCL report census recruitment",,"native-1003","Native MFCL / INI 1003"
2020,"recruitment",9.1e+07,"fish","all","MFCL report census recruitment",,"native-1003","Native MFCL / INI 1003"
2021,"recruitment",79160000,"fish","all","MFCL report census recruitment",,"native-1003","Native MFCL / INI 1003"
2022,"recruitment",71280000,"fish","all","MFCL report census recruitment",,"native-1003","Native MFCL / INI 1003"
1954,"dynamic_unfished_spawning_biomass",1332650,"t","all","MFCL report census dynamic_unfished_spawning_biomass","Unfished spawning potential","native-1003","Native MFCL / INI 1003"
1955,"dynamic_unfished_spawning_biomass",1312940,"t","all","MFCL report census dynamic_unfished_spawning_biomass","Unfished spawning potential","native-1003","Native MFCL / INI 1003"
1956,"dynamic_unfished_spawning_biomass",1297790,"t","all","MFCL report census dynamic_unfished_spawning_biomass","Unfished spawning potential","native-1003","Native MFCL / INI 1003"
1957,"dynamic_unfished_spawning_biomass",1286590,"t","all","MFCL report census dynamic_unfished_spawning_biomass","Unfished spawning potential","native-1003","Native MFCL / INI 1003"
1958,"dynamic_unfished_spawning_biomass",1278440,"t","all","MFCL report census dynamic_unfished_spawning_biomass","Unfished spawning potential","native-1003","Native MFCL / INI 1003"
1959,"dynamic_unfished_spawning_biomass",1270680,"t","all","MFCL report census dynamic_unfished_spawning_biomass","Unfished spawning potential","native-1003","Native MFCL / INI 1003"
1960,"dynamic_unfished_spawning_biomass",1232730,"t","all","MFCL report census dynamic_unfished_spawning_biomass","Unfished spawning potential","native-1003","Native MFCL / INI 1003"
1961,"dynamic_unfished_spawning_biomass",1153490,"t","all","MFCL report census dynamic_unfished_spawning_biomass","Unfished spawning potential","native-1003","Native MFCL / INI 1003"
1962,"dynamic_unfished_spawning_biomass",1059160,"t","all","MFCL report census dynamic_unfished_spawning_biomass","Unfished spawning potential","native-1003","Native MFCL / INI 1003"
1963,"dynamic_unfished_spawning_biomass",909490,"t","all","MFCL report census dynamic_unfished_spawning_biomass","Unfished spawning potential","native-1003","Native MFCL / INI 1003"
1964,"dynamic_unfished_spawning_biomass",773250,"t","all","MFCL report census dynamic_unfished_spawning_biomass","Unfished spawning potential","native-1003","Native MFCL / INI 1003"
1965,"dynamic_unfished_spawning_biomass",723230,"t","all","MFCL report census dynamic_unfished_spawning_biomass","Unfished spawning potential","native-1003","Native MFCL / INI 1003"
1966,"dynamic_unfished_spawning_biomass",752630,"t","all","MFCL report census dynamic_unfished_spawning_biomass","Unfished spawning potential","native-1003","Native MFCL / INI 1003"
1967,"dynamic_unfished_spawning_biomass",784150,"t","all","MFCL report census dynamic_unfished_spawning_biomass","Unfished spawning potential","native-1003","Native MFCL / INI 1003"
1968,"dynamic_unfished_spawning_biomass",718450,"t","all","MFCL report census dynamic_unfished_spawning_biomass","Unfished spawning potential","native-1003","Native MFCL / INI 1003"
1969,"dynamic_unfished_spawning_biomass",622770,"t","all","MFCL report census dynamic_unfished_spawning_biomass","Unfished spawning potential","native-1003","Native MFCL / INI 1003"
1970,"dynamic_unfished_spawning_biomass",571260,"t","all","MFCL report census dynamic_unfished_spawning_biomass","Unfished spawning potential","native-1003","Native MFCL / INI 1003"
1971,"dynamic_unfished_spawning_biomass",534530,"t","all","MFCL report census dynamic_unfished_spawning_biomass","Unfished spawning potential","native-1003","Native MFCL / INI 1003"
1972,"dynamic_unfished_spawning_biomass",506320,"t","all","MFCL report census dynamic_unfished_spawning_biomass","Unfished spawning potential","native-1003","Native MFCL / INI 1003"
1973,"dynamic_unfished_spawning_biomass",473380,"t","all","MFCL report census dynamic_unfished_spawning_biomass","Unfished spawning potential","native-1003","Native MFCL / INI 1003"
1974,"dynamic_unfished_spawning_biomass",436700,"t","all","MFCL report census dynamic_unfished_spawning_biomass","Unfished spawning potential","native-1003","Native MFCL / INI 1003"
1975,"dynamic_unfished_spawning_biomass",407590,"t","all","MFCL report census dynamic_unfished_spawning_biomass","Unfished spawning potential","native-1003","Native MFCL / INI 1003"
1976,"dynamic_unfished_spawning_biomass",402070,"t","all","MFCL report census dynamic_unfished_spawning_biomass","Unfished spawning potential","native-1003","Native MFCL / INI 1003"
1977,"dynamic_unfished_spawning_biomass",452650,"t","all","MFCL report census dynamic_unfished_spawning_biomass","Unfished spawning potential","native-1003","Native MFCL / INI 1003"
1978,"dynamic_unfished_spawning_biomass",522710,"t","all","MFCL report census dynamic_unfished_spawning_biomass","Unfished spawning potential","native-1003","Native MFCL / INI 1003"
1979,"dynamic_unfished_spawning_biomass",523290,"t","all","MFCL report census dynamic_unfished_spawning_biomass","Unfished spawning potential","native-1003","Native MFCL / INI 1003"
1980,"dynamic_unfished_spawning_biomass",476820,"t","all","MFCL report census dynamic_unfished_spawning_biomass","Unfished spawning potential","native-1003","Native MFCL / INI 1003"
1981,"dynamic_unfished_spawning_biomass",427540,"t","all","MFCL report census dynamic_unfished_spawning_biomass","Unfished spawning potential","native-1003","Native MFCL / INI 1003"
1982,"dynamic_unfished_spawning_biomass",397930,"t","all","MFCL report census dynamic_unfished_spawning_biomass","Unfished spawning potential","native-1003","Native MFCL / INI 1003"
1983,"dynamic_unfished_spawning_biomass",399650,"t","all","MFCL report census dynamic_unfished_spawning_biomass","Unfished spawning potential","native-1003","Native MFCL / INI 1003"
1984,"dynamic_unfished_spawning_biomass",422610,"t","all","MFCL report census dynamic_unfished_spawning_biomass","Unfished spawning potential","native-1003","Native MFCL / INI 1003"
1985,"dynamic_unfished_spawning_biomass",432860,"t","all","MFCL report census dynamic_unfished_spawning_biomass","Unfished spawning potential","native-1003","Native MFCL / INI 1003"
1986,"dynamic_unfished_spawning_biomass",430650,"t","all","MFCL report census dynamic_unfished_spawning_biomass","Unfished spawning potential","native-1003","Native MFCL / INI 1003"
1987,"dynamic_unfished_spawning_biomass",435090,"t","all","MFCL report census dynamic_unfished_spawning_biomass","Unfished spawning potential","native-1003","Native MFCL / INI 1003"
1988,"dynamic_unfished_spawning_biomass",435500,"t","all","MFCL report census dynamic_unfished_spawning_biomass","Unfished spawning potential","native-1003","Native MFCL / INI 1003"
1989,"dynamic_unfished_spawning_biomass",416120,"t","all","MFCL report census dynamic_unfished_spawning_biomass","Unfished spawning potential","native-1003","Native MFCL / INI 1003"
1990,"dynamic_unfished_spawning_biomass",414590,"t","all","MFCL report census dynamic_unfished_spawning_biomass","Unfished spawning potential","native-1003","Native MFCL / INI 1003"
1991,"dynamic_unfished_spawning_biomass",432640,"t","all","MFCL report census dynamic_unfished_spawning_biomass","Unfished spawning potential","native-1003","Native MFCL / INI 1003"
1992,"dynamic_unfished_spawning_biomass",468120,"t","all","MFCL report census dynamic_unfished_spawning_biomass","Unfished spawning potential","native-1003","Native MFCL / INI 1003"
1993,"dynamic_unfished_spawning_biomass",492700,"t","all","MFCL report census dynamic_unfished_spawning_biomass","Unfished spawning potential","native-1003","Native MFCL / INI 1003"
1994,"dynamic_unfished_spawning_biomass",495310,"t","all","MFCL report census dynamic_unfished_spawning_biomass","Unfished spawning potential","native-1003","Native MFCL / INI 1003"
1995,"dynamic_unfished_spawning_biomass",514650,"t","all","MFCL report census dynamic_unfished_spawning_biomass","Unfished spawning potential","native-1003","Native MFCL / INI 1003"
1996,"dynamic_unfished_spawning_biomass",520150,"t","all","MFCL report census dynamic_unfished_spawning_biomass","Unfished spawning potential","native-1003","Native MFCL / INI 1003"
1997,"dynamic_unfished_spawning_biomass",531720,"t","all","MFCL report census dynamic_unfished_spawning_biomass","Unfished spawning potential","native-1003","Native MFCL / INI 1003"
1998,"dynamic_unfished_spawning_biomass",561780,"t","all","MFCL report census dynamic_unfished_spawning_biomass","Unfished spawning potential","native-1003","Native MFCL / INI 1003"
1999,"dynamic_unfished_spawning_biomass",583210,"t","all","MFCL report census dynamic_unfished_spawning_biomass","Unfished spawning potential","native-1003","Native MFCL / INI 1003"
2000,"dynamic_unfished_spawning_biomass",566860,"t","all","MFCL report census dynamic_unfished_spawning_biomass","Unfished spawning potential","native-1003","Native MFCL / INI 1003"
2001,"dynamic_unfished_spawning_biomass",533490,"t","all","MFCL report census dynamic_unfished_spawning_biomass","Unfished spawning potential","native-1003","Native MFCL / INI 1003"
2002,"dynamic_unfished_spawning_biomass",524790,"t","all","MFCL report census dynamic_unfished_spawning_biomass","Unfished spawning potential","native-1003","Native MFCL / INI 1003"
2003,"dynamic_unfished_spawning_biomass",553170,"t","all","MFCL report census dynamic_unfished_spawning_biomass","Unfished spawning potential","native-1003","Native MFCL / INI 1003"
2004,"dynamic_unfished_spawning_biomass",546980,"t","all","MFCL report census dynamic_unfished_spawning_biomass","Unfished spawning potential","native-1003","Native MFCL / INI 1003"
2005,"dynamic_unfished_spawning_biomass",589480,"t","all","MFCL report census dynamic_unfished_spawning_biomass","Unfished spawning potential","native-1003","Native MFCL / INI 1003"
2006,"dynamic_unfished_spawning_biomass",651250,"t","all","MFCL report census dynamic_unfished_spawning_biomass","Unfished spawning potential","native-1003","Native MFCL / INI 1003"
2007,"dynamic_unfished_spawning_biomass",676240,"t","all","MFCL report census dynamic_unfished_spawning_biomass","Unfished spawning potential","native-1003","Native MFCL / INI 1003"
2008,"dynamic_unfished_spawning_biomass",649420,"t","all","MFCL report census dynamic_unfished_spawning_biomass","Unfished spawning potential","native-1003","Native MFCL / INI 1003"
2009,"dynamic_unfished_spawning_biomass",630470,"t","all","MFCL report census dynamic_unfished_spawning_biomass","Unfished spawning potential","native-1003","Native MFCL / INI 1003"
2010,"dynamic_unfished_spawning_biomass",657850,"t","all","MFCL report census dynamic_unfished_spawning_biomass","Unfished spawning potential","native-1003","Native MFCL / INI 1003"
2011,"dynamic_unfished_spawning_biomass",699410,"t","all","MFCL report census dynamic_unfished_spawning_biomass","Unfished spawning potential","native-1003","Native MFCL / INI 1003"
2012,"dynamic_unfished_spawning_biomass",703840,"t","all","MFCL report census dynamic_unfished_spawning_biomass","Unfished spawning potential","native-1003","Native MFCL / INI 1003"
2013,"dynamic_unfished_spawning_biomass",720890,"t","all","MFCL report census dynamic_unfished_spawning_biomass","Unfished spawning potential","native-1003","Native MFCL / INI 1003"
2014,"dynamic_unfished_spawning_biomass",759670,"t","all","MFCL report census dynamic_unfished_spawning_biomass","Unfished spawning potential","native-1003","Native MFCL / INI 1003"
2015,"dynamic_unfished_spawning_biomass",780830,"t","all","MFCL report census dynamic_unfished_spawning_biomass","Unfished spawning potential","native-1003","Native MFCL / INI 1003"
2016,"dynamic_unfished_spawning_biomass",756820,"t","all","MFCL report census dynamic_unfished_spawning_biomass","Unfished spawning potential","native-1003","Native MFCL / INI 1003"
2017,"dynamic_unfished_spawning_biomass",733420,"t","all","MFCL report census dynamic_unfished_spawning_biomass","Unfished spawning potential","native-1003","Native MFCL / INI 1003"
2018,"dynamic_unfished_spawning_biomass",731180,"t","all","MFCL report census dynamic_unfished_spawning_biomass","Unfished spawning potential","native-1003","Native MFCL / INI 1003"
2019,"dynamic_unfished_spawning_biomass",713470,"t","all","MFCL report census dynamic_unfished_spawning_biomass","Unfished spawning potential","native-1003","Native MFCL / INI 1003"
2020,"dynamic_unfished_spawning_biomass",662000,"t","all","MFCL report census dynamic_unfished_spawning_biomass","Unfished spawning potential","native-1003","Native MFCL / INI 1003"
2021,"dynamic_unfished_spawning_biomass",638980,"t","all","MFCL report census dynamic_unfished_spawning_biomass","Unfished spawning potential","native-1003","Native MFCL / INI 1003"
2022,"dynamic_unfished_spawning_biomass",684850,"t","all","MFCL report census dynamic_unfished_spawning_biomass","Unfished spawning potential","native-1003","Native MFCL / INI 1003"
1954,"dynamic_unfished_total_biomass",2587210,"t","all","MFCL report census dynamic_unfished_total_biomass",,"native-1003","Native MFCL / INI 1003"
1955,"dynamic_unfished_total_biomass",2566060,"t","all","MFCL report census dynamic_unfished_total_biomass",,"native-1003","Native MFCL / INI 1003"
1956,"dynamic_unfished_total_biomass",2542290,"t","all","MFCL report census dynamic_unfished_total_biomass",,"native-1003","Native MFCL / INI 1003"
1957,"dynamic_unfished_total_biomass",2408890,"t","all","MFCL report census dynamic_unfished_total_biomass",,"native-1003","Native MFCL / INI 1003"
1958,"dynamic_unfished_total_biomass",2323490,"t","all","MFCL report census dynamic_unfished_total_biomass",,"native-1003","Native MFCL / INI 1003"
1959,"dynamic_unfished_total_biomass",2104360,"t","all","MFCL report census dynamic_unfished_total_biomass",,"native-1003","Native MFCL / INI 1003"
1960,"dynamic_unfished_total_biomass",1848120,"t","all","MFCL report census dynamic_unfished_total_biomass",,"native-1003","Native MFCL / INI 1003"
1961,"dynamic_unfished_total_biomass",1691310,"t","all","MFCL report census dynamic_unfished_total_biomass",,"native-1003","Native MFCL / INI 1003"
1962,"dynamic_unfished_total_biomass",1627160,"t","all","MFCL report census dynamic_unfished_total_biomass",,"native-1003","Native MFCL / INI 1003"
1963,"dynamic_unfished_total_biomass",1639080,"t","all","MFCL report census dynamic_unfished_total_biomass",,"native-1003","Native MFCL / INI 1003"
1964,"dynamic_unfished_total_biomass",1516500,"t","all","MFCL report census dynamic_unfished_total_biomass",,"native-1003","Native MFCL / INI 1003"
1965,"dynamic_unfished_total_biomass",1351980,"t","all","MFCL report census dynamic_unfished_total_biomass",,"native-1003","Native MFCL / INI 1003"
1966,"dynamic_unfished_total_biomass",1298800,"t","all","MFCL report census dynamic_unfished_total_biomass",,"native-1003","Native MFCL / INI 1003"
1967,"dynamic_unfished_total_biomass",1218000,"t","all","MFCL report census dynamic_unfished_total_biomass",,"native-1003","Native MFCL / INI 1003"
1968,"dynamic_unfished_total_biomass",1132380,"t","all","MFCL report census dynamic_unfished_total_biomass",,"native-1003","Native MFCL / INI 1003"
1969,"dynamic_unfished_total_biomass",1046050,"t","all","MFCL report census dynamic_unfished_total_biomass",,"native-1003","Native MFCL / INI 1003"
1970,"dynamic_unfished_total_biomass",968310,"t","all","MFCL report census dynamic_unfished_total_biomass",,"native-1003","Native MFCL / INI 1003"
1971,"dynamic_unfished_total_biomass",902950,"t","all","MFCL report census dynamic_unfished_total_biomass",,"native-1003","Native MFCL / INI 1003"
1972,"dynamic_unfished_total_biomass",850490,"t","all","MFCL report census dynamic_unfished_total_biomass",,"native-1003","Native MFCL / INI 1003"
1973,"dynamic_unfished_total_biomass",864440,"t","all","MFCL report census dynamic_unfished_total_biomass",,"native-1003","Native MFCL / INI 1003"
1974,"dynamic_unfished_total_biomass",978770,"t","all","MFCL report census dynamic_unfished_total_biomass",,"native-1003","Native MFCL / INI 1003"
1975,"dynamic_unfished_total_biomass",986310,"t","all","MFCL report census dynamic_unfished_total_biomass",,"native-1003","Native MFCL / INI 1003"
1976,"dynamic_unfished_total_biomass",945600,"t","all","MFCL report census dynamic_unfished_total_biomass",,"native-1003","Native MFCL / INI 1003"
1977,"dynamic_unfished_total_biomass",907400,"t","all","MFCL report census dynamic_unfished_total_biomass",,"native-1003","Native MFCL / INI 1003"
1978,"dynamic_unfished_total_biomass",874750,"t","all","MFCL report census dynamic_unfished_total_biomass",,"native-1003","Native MFCL / INI 1003"
1979,"dynamic_unfished_total_biomass",843390,"t","all","MFCL report census dynamic_unfished_total_biomass",,"native-1003","Native MFCL / INI 1003"
1980,"dynamic_unfished_total_biomass",854280,"t","all","MFCL report census dynamic_unfished_total_biomass",,"native-1003","Native MFCL / INI 1003"
1981,"dynamic_unfished_total_biomass",853150,"t","all","MFCL report census dynamic_unfished_total_biomass",,"native-1003","Native MFCL / INI 1003"
1982,"dynamic_unfished_total_biomass",841810,"t","all","MFCL report census dynamic_unfished_total_biomass",,"native-1003","Native MFCL / INI 1003"
1983,"dynamic_unfished_total_biomass",848110,"t","all","MFCL report census dynamic_unfished_total_biomass",,"native-1003","Native MFCL / INI 1003"
1984,"dynamic_unfished_total_biomass",878590,"t","all","MFCL report census dynamic_unfished_total_biomass",,"native-1003","Native MFCL / INI 1003"
1985,"dynamic_unfished_total_biomass",837490,"t","all","MFCL report census dynamic_unfished_total_biomass",,"native-1003","Native MFCL / INI 1003"
1986,"dynamic_unfished_total_biomass",833360,"t","all","MFCL report census dynamic_unfished_total_biomass",,"native-1003","Native MFCL / INI 1003"
1987,"dynamic_unfished_total_biomass",847800,"t","all","MFCL report census dynamic_unfished_total_biomass",,"native-1003","Native MFCL / INI 1003"
1988,"dynamic_unfished_total_biomass",885310,"t","all","MFCL report census dynamic_unfished_total_biomass",,"native-1003","Native MFCL / INI 1003"
1989,"dynamic_unfished_total_biomass",940170,"t","all","MFCL report census dynamic_unfished_total_biomass",,"native-1003","Native MFCL / INI 1003"
1990,"dynamic_unfished_total_biomass",921660,"t","all","MFCL report census dynamic_unfished_total_biomass",,"native-1003","Native MFCL / INI 1003"
1991,"dynamic_unfished_total_biomass",986430,"t","all","MFCL report census dynamic_unfished_total_biomass",,"native-1003","Native MFCL / INI 1003"
1992,"dynamic_unfished_total_biomass",1001250,"t","all","MFCL report census dynamic_unfished_total_biomass",,"native-1003","Native MFCL / INI 1003"
1993,"dynamic_unfished_total_biomass",1020780,"t","all","MFCL report census dynamic_unfished_total_biomass",,"native-1003","Native MFCL / INI 1003"
1994,"dynamic_unfished_total_biomass",1060600,"t","all","MFCL report census dynamic_unfished_total_biomass",,"native-1003","Native MFCL / INI 1003"
1995,"dynamic_unfished_total_biomass",1126650,"t","all","MFCL report census dynamic_unfished_total_biomass",,"native-1003","Native MFCL / INI 1003"
1996,"dynamic_unfished_total_biomass",1108870,"t","all","MFCL report census dynamic_unfished_total_biomass",,"native-1003","Native MFCL / INI 1003"
1997,"dynamic_unfished_total_biomass",1094610,"t","all","MFCL report census dynamic_unfished_total_biomass",,"native-1003","Native MFCL / INI 1003"
1998,"dynamic_unfished_total_biomass",1037990,"t","all","MFCL report census dynamic_unfished_total_biomass",,"native-1003","Native MFCL / INI 1003"
1999,"dynamic_unfished_total_biomass",1140890,"t","all","MFCL report census dynamic_unfished_total_biomass",,"native-1003","Native MFCL / INI 1003"
2000,"dynamic_unfished_total_biomass",1061860,"t","all","MFCL report census dynamic_unfished_total_biomass",,"native-1003","Native MFCL / INI 1003"
2001,"dynamic_unfished_total_biomass",1113210,"t","all","MFCL report census dynamic_unfished_total_biomass",,"native-1003","Native MFCL / INI 1003"
2002,"dynamic_unfished_total_biomass",1201210,"t","all","MFCL report census dynamic_unfished_total_biomass",,"native-1003","Native MFCL / INI 1003"
2003,"dynamic_unfished_total_biomass",1281670,"t","all","MFCL report census dynamic_unfished_total_biomass",,"native-1003","Native MFCL / INI 1003"
2004,"dynamic_unfished_total_biomass",1250180,"t","all","MFCL report census dynamic_unfished_total_biomass",,"native-1003","Native MFCL / INI 1003"
2005,"dynamic_unfished_total_biomass",1244880,"t","all","MFCL report census dynamic_unfished_total_biomass",,"native-1003","Native MFCL / INI 1003"
2006,"dynamic_unfished_total_biomass",1280260,"t","all","MFCL report census dynamic_unfished_total_biomass",,"native-1003","Native MFCL / INI 1003"
2007,"dynamic_unfished_total_biomass",1370110,"t","all","MFCL report census dynamic_unfished_total_biomass",,"native-1003","Native MFCL / INI 1003"
2008,"dynamic_unfished_total_biomass",1348520,"t","all","MFCL report census dynamic_unfished_total_biomass",,"native-1003","Native MFCL / INI 1003"
2009,"dynamic_unfished_total_biomass",1372460,"t","all","MFCL report census dynamic_unfished_total_biomass",,"native-1003","Native MFCL / INI 1003"
2010,"dynamic_unfished_total_biomass",1442180,"t","all","MFCL report census dynamic_unfished_total_biomass",,"native-1003","Native MFCL / INI 1003"
2011,"dynamic_unfished_total_biomass",1514770,"t","all","MFCL report census dynamic_unfished_total_biomass",,"native-1003","Native MFCL / INI 1003"
2012,"dynamic_unfished_total_biomass",1488660,"t","all","MFCL report census dynamic_unfished_total_biomass",,"native-1003","Native MFCL / INI 1003"
2013,"dynamic_unfished_total_biomass",1463880,"t","all","MFCL report census dynamic_unfished_total_biomass",,"native-1003","Native MFCL / INI 1003"
2014,"dynamic_unfished_total_biomass",1481890,"t","all","MFCL report census dynamic_unfished_total_biomass",,"native-1003","Native MFCL / INI 1003"
2015,"dynamic_unfished_total_biomass",1475930,"t","all","MFCL report census dynamic_unfished_total_biomass",,"native-1003","Native MFCL / INI 1003"
2016,"dynamic_unfished_total_biomass",1397180,"t","all","MFCL report census dynamic_unfished_total_biomass",,"native-1003","Native MFCL / INI 1003"
2017,"dynamic_unfished_total_biomass",1306500,"t","all","MFCL report census dynamic_unfished_total_biomass",,"native-1003","Native MFCL / INI 1003"
2018,"dynamic_unfished_total_biomass",1378580,"t","all","MFCL report census dynamic_unfished_total_biomass",,"native-1003","Native MFCL / INI 1003"
2019,"dynamic_unfished_total_biomass",1404600,"t","all","MFCL report census dynamic_unfished_total_biomass",,"native-1003","Native MFCL / INI 1003"
2020,"dynamic_unfished_total_biomass",1417070,"t","all","MFCL report census dynamic_unfished_total_biomass",,"native-1003","Native MFCL / INI 1003"
2021,"dynamic_unfished_total_biomass",1417140,"t","all","MFCL report census dynamic_unfished_total_biomass",,"native-1003","Native MFCL / INI 1003"
2022,"dynamic_unfished_total_biomass",1414420,"t","all","MFCL report census dynamic_unfished_total_biomass",,"native-1003","Native MFCL / INI 1003"
1954,"spawning_biomass",1332650,"t","all","MFCL report census spawning_biomass","Spawning potential","native-1003","Native MFCL / INI 1003"
1955,"spawning_biomass",1305930,"t","all","MFCL report census spawning_biomass","Spawning potential","native-1003","Native MFCL / INI 1003"
1956,"spawning_biomass",1282730,"t","all","MFCL report census spawning_biomass","Spawning potential","native-1003","Native MFCL / INI 1003"
1957,"spawning_biomass",1268370,"t","all","MFCL report census spawning_biomass","Spawning potential","native-1003","Native MFCL / INI 1003"
1958,"spawning_biomass",1254960,"t","all","MFCL report census spawning_biomass","Spawning potential","native-1003","Native MFCL / INI 1003"
1959,"spawning_biomass",1237890,"t","all","MFCL report census spawning_biomass","Spawning potential","native-1003","Native MFCL / INI 1003"
1960,"spawning_biomass",1186590,"t","all","MFCL report census spawning_biomass","Spawning potential","native-1003","Native MFCL / INI 1003"
1961,"spawning_biomass",1095230,"t","all","MFCL report census spawning_biomass","Spawning potential","native-1003","Native MFCL / INI 1003"
1962,"spawning_biomass",990180,"t","all","MFCL report census spawning_biomass","Spawning potential","native-1003","Native MFCL / INI 1003"
1963,"spawning_biomass",827890,"t","all","MFCL report census spawning_biomass","Spawning potential","native-1003","Native MFCL / INI 1003"
1964,"spawning_biomass",685050,"t","all","MFCL report census spawning_biomass","Spawning potential","native-1003","Native MFCL / INI 1003"
1965,"spawning_biomass",633680,"t","all","MFCL report census spawning_biomass","Spawning potential","native-1003","Native MFCL / INI 1003"
1966,"spawning_biomass",660670,"t","all","MFCL report census spawning_biomass","Spawning potential","native-1003","Native MFCL / INI 1003"
1967,"spawning_biomass",672510,"t","all","MFCL report census spawning_biomass","Spawning potential","native-1003","Native MFCL / INI 1003"
1968,"spawning_biomass",587720,"t","all","MFCL report census spawning_biomass","Spawning potential","native-1003","Native MFCL / INI 1003"
1969,"spawning_biomass",486000,"t","all","MFCL report census spawning_biomass","Spawning potential","native-1003","Native MFCL / INI 1003"
1970,"spawning_biomass",439000,"t","all","MFCL report census spawning_biomass","Spawning potential","native-1003","Native MFCL / INI 1003"
1971,"spawning_biomass",401780,"t","all","MFCL report census spawning_biomass","Spawning potential","native-1003","Native MFCL / INI 1003"
1972,"spawning_biomass",365100,"t","all","MFCL report census spawning_biomass","Spawning potential","native-1003","Native MFCL / INI 1003"
1973,"spawning_biomass",325004,"t","all","MFCL report census spawning_biomass","Spawning potential","native-1003","Native MFCL / INI 1003"
1974,"spawning_biomass",280770,"t","all","MFCL report census spawning_biomass","Spawning potential","native-1003","Native MFCL / INI 1003"
1975,"spawning_biomass",251710,"t","all","MFCL report census spawning_biomass","Spawning potential","native-1003","Native MFCL / INI 1003"
1976,"spawning_biomass",262230,"t","all","MFCL report census spawning_biomass","Spawning potential","native-1003","Native MFCL / INI 1003"
1977,"spawning_biomass",326160,"t","all","MFCL report census spawning_biomass","Spawning potential","native-1003","Native MFCL / INI 1003"
1978,"spawning_biomass",389920,"t","all","MFCL report census spawning_biomass","Spawning potential","native-1003","Native MFCL / INI 1003"
1979,"spawning_biomass",378790,"t","all","MFCL report census spawning_biomass","Spawning potential","native-1003","Native MFCL / INI 1003"
1980,"spawning_biomass",335062,"t","all","MFCL report census spawning_biomass","Spawning potential","native-1003","Native MFCL / INI 1003"
1981,"spawning_biomass",286167,"t","all","MFCL report census spawning_biomass","Spawning potential","native-1003","Native MFCL / INI 1003"
1982,"spawning_biomass",258245,"t","all","MFCL report census spawning_biomass","Spawning potential","native-1003","Native MFCL / INI 1003"
1983,"spawning_biomass",262535,"t","all","MFCL report census spawning_biomass","Spawning potential","native-1003","Native MFCL / INI 1003"
1984,"spawning_biomass",291809,"t","all","MFCL report census spawning_biomass","Spawning potential","native-1003","Native MFCL / INI 1003"
1985,"spawning_biomass",306721,"t","all","MFCL report census spawning_biomass","Spawning potential","native-1003","Native MFCL / INI 1003"
1986,"spawning_biomass",306681,"t","all","MFCL report census spawning_biomass","Spawning potential","native-1003","Native MFCL / INI 1003"
1987,"spawning_biomass",303975,"t","all","MFCL report census spawning_biomass","Spawning potential","native-1003","Native MFCL / INI 1003"
1988,"spawning_biomass",303983,"t","all","MFCL report census spawning_biomass","Spawning potential","native-1003","Native MFCL / INI 1003"
1989,"spawning_biomass",278390,"t","all","MFCL report census spawning_biomass","Spawning potential","native-1003","Native MFCL / INI 1003"
1990,"spawning_biomass",268212,"t","all","MFCL report census spawning_biomass","Spawning potential","native-1003","Native MFCL / INI 1003"
1991,"spawning_biomass",282486,"t","all","MFCL report census spawning_biomass","Spawning potential","native-1003","Native MFCL / INI 1003"
1992,"spawning_biomass",308537,"t","all","MFCL report census spawning_biomass","Spawning potential","native-1003","Native MFCL / INI 1003"
1993,"spawning_biomass",324521,"t","all","MFCL report census spawning_biomass","Spawning potential","native-1003","Native MFCL / INI 1003"
1994,"spawning_biomass",327013,"t","all","MFCL report census spawning_biomass","Spawning potential","native-1003","Native MFCL / INI 1003"
1995,"spawning_biomass",340652,"t","all","MFCL report census spawning_biomass","Spawning potential","native-1003","Native MFCL / INI 1003"
1996,"spawning_biomass",350742,"t","all","MFCL report census spawning_biomass","Spawning potential","native-1003","Native MFCL / INI 1003"
1997,"spawning_biomass",359964,"t","all","MFCL report census spawning_biomass","Spawning potential","native-1003","Native MFCL / INI 1003"
1998,"spawning_biomass",386700,"t","all","MFCL report census spawning_biomass","Spawning potential","native-1003","Native MFCL / INI 1003"
1999,"spawning_biomass",388100,"t","all","MFCL report census spawning_biomass","Spawning potential","native-1003","Native MFCL / INI 1003"
2000,"spawning_biomass",376710,"t","all","MFCL report census spawning_biomass","Spawning potential","native-1003","Native MFCL / INI 1003"
2001,"spawning_biomass",343149,"t","all","MFCL report census spawning_biomass","Spawning potential","native-1003","Native MFCL / INI 1003"
2002,"spawning_biomass",322694,"t","all","MFCL report census spawning_biomass","Spawning potential","native-1003","Native MFCL / INI 1003"
2003,"spawning_biomass",319973,"t","all","MFCL report census spawning_biomass","Spawning potential","native-1003","Native MFCL / INI 1003"
2004,"spawning_biomass",302564,"t","all","MFCL report census spawning_biomass","Spawning potential","native-1003","Native MFCL / INI 1003"
2005,"spawning_biomass",334048,"t","all","MFCL report census spawning_biomass","Spawning potential","native-1003","Native MFCL / INI 1003"
2006,"spawning_biomass",376180,"t","all","MFCL report census spawning_biomass","Spawning potential","native-1003","Native MFCL / INI 1003"
2007,"spawning_biomass",386610,"t","all","MFCL report census spawning_biomass","Spawning potential","native-1003","Native MFCL / INI 1003"
2008,"spawning_biomass",359950,"t","all","MFCL report census spawning_biomass","Spawning potential","native-1003","Native MFCL / INI 1003"
2009,"spawning_biomass",346592,"t","all","MFCL report census spawning_biomass","Spawning potential","native-1003","Native MFCL / INI 1003"
2010,"spawning_biomass",359490,"t","all","MFCL report census spawning_biomass","Spawning potential","native-1003","Native MFCL / INI 1003"
2011,"spawning_biomass",372900,"t","all","MFCL report census spawning_biomass","Spawning potential","native-1003","Native MFCL / INI 1003"
2012,"spawning_biomass",382720,"t","all","MFCL report census spawning_biomass","Spawning potential","native-1003","Native MFCL / INI 1003"
2013,"spawning_biomass",388480,"t","all","MFCL report census spawning_biomass","Spawning potential","native-1003","Native MFCL / INI 1003"
2014,"spawning_biomass",413040,"t","all","MFCL report census spawning_biomass","Spawning potential","native-1003","Native MFCL / INI 1003"
2015,"spawning_biomass",425110,"t","all","MFCL report census spawning_biomass","Spawning potential","native-1003","Native MFCL / INI 1003"
2016,"spawning_biomass",390462,"t","all","MFCL report census spawning_biomass","Spawning potential","native-1003","Native MFCL / INI 1003"
2017,"spawning_biomass",366724,"t","all","MFCL report census spawning_biomass","Spawning potential","native-1003","Native MFCL / INI 1003"
2018,"spawning_biomass",359902,"t","all","MFCL report census spawning_biomass","Spawning potential","native-1003","Native MFCL / INI 1003"
2019,"spawning_biomass",341447,"t","all","MFCL report census spawning_biomass","Spawning potential","native-1003","Native MFCL / INI 1003"
2020,"spawning_biomass",299273,"t","all","MFCL report census spawning_biomass","Spawning potential","native-1003","Native MFCL / INI 1003"
2021,"spawning_biomass",287410,"t","all","MFCL report census spawning_biomass","Spawning potential","native-1003","Native MFCL / INI 1003"
2022,"spawning_biomass",340493,"t","all","MFCL report census spawning_biomass","Spawning potential","native-1003","Native MFCL / INI 1003"
1954,"total_biomass",2587210,"t","all","MFCL report census total_biomass",,"native-1003","Native MFCL / INI 1003"
1955,"total_biomass",2558640,"t","all","MFCL report census total_biomass",,"native-1003","Native MFCL / INI 1003"
1956,"total_biomass",2526170,"t","all","MFCL report census total_biomass",,"native-1003","Native MFCL / INI 1003"
1957,"total_biomass",2389560,"t","all","MFCL report census total_biomass",,"native-1003","Native MFCL / INI 1003"
1958,"total_biomass",2298570,"t","all","MFCL report census total_biomass",,"native-1003","Native MFCL / INI 1003"
1959,"total_biomass",2069100,"t","all","MFCL report census total_biomass",,"native-1003","Native MFCL / INI 1003"
1960,"total_biomass",1798880,"t","all","MFCL report census total_biomass",,"native-1003","Native MFCL / INI 1003"
1961,"total_biomass",1629310,"t","all","MFCL report census total_biomass",,"native-1003","Native MFCL / INI 1003"
1962,"total_biomass",1553700,"t","all","MFCL report census total_biomass",,"native-1003","Native MFCL / INI 1003"
1963,"total_biomass",1552040,"t","all","MFCL report census total_biomass",,"native-1003","Native MFCL / INI 1003"
1964,"total_biomass",1421730,"t","all","MFCL report census total_biomass",,"native-1003","Native MFCL / INI 1003"
1965,"total_biomass",1254960,"t","all","MFCL report census total_biomass",,"native-1003","Native MFCL / INI 1003"
1966,"total_biomass",1197870,"t","all","MFCL report census total_biomass",,"native-1003","Native MFCL / INI 1003"
1967,"total_biomass",1095470,"t","all","MFCL report census total_biomass",,"native-1003","Native MFCL / INI 1003"
1968,"total_biomass",990890,"t","all","MFCL report census total_biomass",,"native-1003","Native MFCL / INI 1003"
1969,"total_biomass",898490,"t","all","MFCL report census total_biomass",,"native-1003","Native MFCL / INI 1003"
1970,"total_biomass",824550,"t","all","MFCL report census total_biomass",,"native-1003","Native MFCL / INI 1003"
1971,"total_biomass",756890,"t","all","MFCL report census total_biomass",,"native-1003","Native MFCL / INI 1003"
1972,"total_biomass",693870,"t","all","MFCL report census total_biomass",,"native-1003","Native MFCL / INI 1003"
1973,"total_biomass",698260,"t","all","MFCL report census total_biomass",,"native-1003","Native MFCL / INI 1003"
1974,"total_biomass",797970,"t","all","MFCL report census total_biomass",,"native-1003","Native MFCL / INI 1003"
1975,"total_biomass",801460,"t","all","MFCL report census total_biomass",,"native-1003","Native MFCL / INI 1003"
1976,"total_biomass",777540,"t","all","MFCL report census total_biomass",,"native-1003","Native MFCL / INI 1003"
1977,"total_biomass",754870,"t","all","MFCL report census total_biomass",,"native-1003","Native MFCL / INI 1003"
1978,"total_biomass",718750,"t","all","MFCL report census total_biomass",,"native-1003","Native MFCL / INI 1003"
1979,"total_biomass",679410,"t","all","MFCL report census total_biomass",,"native-1003","Native MFCL / INI 1003"
1980,"total_biomass",694760,"t","all","MFCL report census total_biomass",,"native-1003","Native MFCL / INI 1003"
1981,"total_biomass",692810,"t","all","MFCL report census total_biomass",,"native-1003","Native MFCL / INI 1003"
1982,"total_biomass",680620,"t","all","MFCL report census total_biomass",,"native-1003","Native MFCL / INI 1003"
1983,"total_biomass",686520,"t","all","MFCL report census total_biomass",,"native-1003","Native MFCL / INI 1003"
1984,"total_biomass",720460,"t","all","MFCL report census total_biomass",,"native-1003","Native MFCL / INI 1003"
1985,"total_biomass",683360,"t","all","MFCL report census total_biomass",,"native-1003","Native MFCL / INI 1003"
1986,"total_biomass",680540,"t","all","MFCL report census total_biomass",,"native-1003","Native MFCL / INI 1003"
1987,"total_biomass",687860,"t","all","MFCL report census total_biomass",,"native-1003","Native MFCL / INI 1003"
1988,"total_biomass",727420,"t","all","MFCL report census total_biomass",,"native-1003","Native MFCL / INI 1003"
1989,"total_biomass",772390,"t","all","MFCL report census total_biomass",,"native-1003","Native MFCL / INI 1003"
1990,"total_biomass",725850,"t","all","MFCL report census total_biomass",,"native-1003","Native MFCL / INI 1003"
1991,"total_biomass",787810,"t","all","MFCL report census total_biomass",,"native-1003","Native MFCL / INI 1003"
1992,"total_biomass",799820,"t","all","MFCL report census total_biomass",,"native-1003","Native MFCL / INI 1003"
1993,"total_biomass",813510,"t","all","MFCL report census total_biomass",,"native-1003","Native MFCL / INI 1003"
1994,"total_biomass",853830,"t","all","MFCL report census total_biomass",,"native-1003","Native MFCL / INI 1003"
1995,"total_biomass",912240,"t","all","MFCL report census total_biomass",,"native-1003","Native MFCL / INI 1003"
1996,"total_biomass",900900,"t","all","MFCL report census total_biomass",,"native-1003","Native MFCL / INI 1003"
1997,"total_biomass",884020,"t","all","MFCL report census total_biomass",,"native-1003","Native MFCL / INI 1003"
1998,"total_biomass",828740,"t","all","MFCL report census total_biomass",,"native-1003","Native MFCL / INI 1003"
1999,"total_biomass",910270,"t","all","MFCL report census total_biomass",,"native-1003","Native MFCL / INI 1003"
2000,"total_biomass",841710,"t","all","MFCL report census total_biomass",,"native-1003","Native MFCL / INI 1003"
2001,"total_biomass",889540,"t","all","MFCL report census total_biomass",,"native-1003","Native MFCL / INI 1003"
2002,"total_biomass",958780,"t","all","MFCL report census total_biomass",,"native-1003","Native MFCL / INI 1003"
2003,"total_biomass",1002220,"t","all","MFCL report census total_biomass",,"native-1003","Native MFCL / INI 1003"
2004,"total_biomass",957360,"t","all","MFCL report census total_biomass",,"native-1003","Native MFCL / INI 1003"
2005,"total_biomass",938190,"t","all","MFCL report census total_biomass",,"native-1003","Native MFCL / INI 1003"
2006,"total_biomass",953820,"t","all","MFCL report census total_biomass",,"native-1003","Native MFCL / INI 1003"
2007,"total_biomass",1032030,"t","all","MFCL report census total_biomass",,"native-1003","Native MFCL / INI 1003"
2008,"total_biomass",1014970,"t","all","MFCL report census total_biomass",,"native-1003","Native MFCL / INI 1003"
2009,"total_biomass",1042140,"t","all","MFCL report census total_biomass",,"native-1003","Native MFCL / INI 1003"
2010,"total_biomass",1092500,"t","all","MFCL report census total_biomass",,"native-1003","Native MFCL / INI 1003"
2011,"total_biomass",1132960,"t","all","MFCL report census total_biomass",,"native-1003","Native MFCL / INI 1003"
2012,"total_biomass",1114790,"t","all","MFCL report census total_biomass",,"native-1003","Native MFCL / INI 1003"
2013,"total_biomass",1079710,"t","all","MFCL report census total_biomass",,"native-1003","Native MFCL / INI 1003"
2014,"total_biomass",1083060,"t","all","MFCL report census total_biomass",,"native-1003","Native MFCL / INI 1003"
2015,"total_biomass",1070420,"t","all","MFCL report census total_biomass",,"native-1003","Native MFCL / INI 1003"
2016,"total_biomass",983540,"t","all","MFCL report census total_biomass",,"native-1003","Native MFCL / INI 1003"
2017,"total_biomass",894120,"t","all","MFCL report census total_biomass",,"native-1003","Native MFCL / INI 1003"
2018,"total_biomass",955580,"t","all","MFCL report census total_biomass",,"native-1003","Native MFCL / INI 1003"
2019,"total_biomass",978270,"t","all","MFCL report census total_biomass",,"native-1003","Native MFCL / INI 1003"
2020,"total_biomass",997070,"t","all","MFCL report census total_biomass",,"native-1003","Native MFCL / INI 1003"
2021,"total_biomass",999860,"t","all","MFCL report census total_biomass",,"native-1003","Native MFCL / INI 1003"
2022,"total_biomass",1003390,"t","all","MFCL report census total_biomass",,"native-1003","Native MFCL / INI 1003"
1954,"dynamic_spawning_depletion",1,"ratio","Region 1","Ratio of spawning potential to dynamic unfished spawning potential at the same report census",,"native-1003","Native MFCL / INI 1003"
1954,"dynamic_spawning_depletion",1,"ratio","Region 2","Ratio of spawning potential to dynamic unfished spawning potential at the same report census",,"native-1003","Native MFCL / INI 1003"
1955,"dynamic_spawning_depletion",0.992994240853878,"ratio","Region 1","Ratio of spawning potential to dynamic unfished spawning potential at the same report census",,"native-1003","Native MFCL / INI 1003"
1955,"dynamic_spawning_depletion",0.999386520989746,"ratio","Region 2","Ratio of spawning potential to dynamic unfished spawning potential at the same report census",,"native-1003","Native MFCL / INI 1003"
1956,"dynamic_spawning_depletion",0.985656102438463,"ratio","Region 1","Ratio of spawning potential to dynamic unfished spawning potential at the same report census",,"native-1003","Native MFCL / INI 1003"
1956,"dynamic_spawning_depletion",0.996031282829462,"ratio","Region 2","Ratio of spawning potential to dynamic unfished spawning potential at the same report census",,"native-1003","Native MFCL / INI 1003"
1957,"dynamic_spawning_depletion",0.983573243014395,"ratio","Region 1","Ratio of spawning potential to dynamic unfished spawning potential at the same report census",,"native-1003","Native MFCL / INI 1003"
1957,"dynamic_spawning_depletion",0.992100412534012,"ratio","Region 2","Ratio of spawning potential to dynamic unfished spawning potential at the same report census",,"native-1003","Native MFCL / INI 1003"
1958,"dynamic_spawning_depletion",0.979119392331703,"ratio","Region 1","Ratio of spawning potential to dynamic unfished spawning potential at the same report census",,"native-1003","Native MFCL / INI 1003"
1958,"dynamic_spawning_depletion",0.988580510345234,"ratio","Region 2","Ratio of spawning potential to dynamic unfished spawning potential at the same report census",,"native-1003","Native MFCL / INI 1003"
1959,"dynamic_spawning_depletion",0.970276168259463,"ratio","Region 1","Ratio of spawning potential to dynamic unfished spawning potential at the same report census",,"native-1003","Native MFCL / INI 1003"
1959,"dynamic_spawning_depletion",0.984902335144662,"ratio","Region 2","Ratio of spawning potential to dynamic unfished spawning potential at the same report census",,"native-1003","Native MFCL / INI 1003"
1960,"dynamic_spawning_depletion",0.957177832183396,"ratio","Region 1","Ratio of spawning potential to dynamic unfished spawning potential at the same report census",,"native-1003","Native MFCL / INI 1003"
1960,"dynamic_spawning_depletion",0.977074791248915,"ratio","Region 2","Ratio of spawning potential to dynamic unfished spawning potential at the same report census",,"native-1003","Native MFCL / INI 1003"
1961,"dynamic_spawning_depletion",0.942591684702675,"ratio","Region 1","Ratio of spawning potential to dynamic unfished spawning potential at the same report census",,"native-1003","Native MFCL / INI 1003"
1961,"dynamic_spawning_depletion",0.967686002522068,"ratio","Region 2","Ratio of spawning potential to dynamic unfished spawning potential at the same report census",,"native-1003","Native MFCL / INI 1003"
1962,"dynamic_spawning_depletion",0.926555152404281,"ratio","Region 1","Ratio of spawning potential to dynamic unfished spawning potential at the same report census",,"native-1003","Native MFCL / INI 1003"
1962,"dynamic_spawning_depletion",0.956345314983262,"ratio","Region 2","Ratio of spawning potential to dynamic unfished spawning potential at the same report census",,"native-1003","Native MFCL / INI 1003"
1963,"dynamic_spawning_depletion",0.899827181829404,"ratio","Region 1","Ratio of spawning potential to dynamic unfished spawning potential at the same report census",,"native-1003","Native MFCL / INI 1003"
1963,"dynamic_spawning_depletion",0.936192188516124,"ratio","Region 2","Ratio of spawning potential to dynamic unfished spawning potential at the same report census",,"native-1003","Native MFCL / INI 1003"
1964,"dynamic_spawning_depletion",0.879994881731437,"ratio","Region 1","Ratio of spawning potential to dynamic unfished spawning potential at the same report census",,"native-1003","Native MFCL / INI 1003"
1964,"dynamic_spawning_depletion",0.900305053273796,"ratio","Region 2","Ratio of spawning potential to dynamic unfished spawning potential at the same report census",,"native-1003","Native MFCL / INI 1003"
1965,"dynamic_spawning_depletion",0.87577579519007,"ratio","Region 1","Ratio of spawning potential to dynamic unfished spawning potential at the same report census",,"native-1003","Native MFCL / INI 1003"
1965,"dynamic_spawning_depletion",0.877185377835573,"ratio","Region 2","Ratio of spawning potential to dynamic unfished spawning potential at the same report census",,"native-1003","Native MFCL / INI 1003"
1966,"dynamic_spawning_depletion",0.876059905296773,"ratio","Region 1","Ratio of spawning potential to dynamic unfished spawning potential at the same report census",,"native-1003","Native MFCL / INI 1003"
1966,"dynamic_spawning_depletion",0.882418058429995,"ratio","Region 2","Ratio of spawning potential to dynamic unfished spawning potential at the same report census",,"native-1003","Native MFCL / INI 1003"
1967,"dynamic_spawning_depletion",0.850663678072357,"ratio","Region 1","Ratio of spawning potential to dynamic unfished spawning potential at the same report census",,"native-1003","Native MFCL / INI 1003"
1967,"dynamic_spawning_depletion",0.876296400581914,"ratio","Region 2","Ratio of spawning potential to dynamic unfished spawning potential at the same report census",,"native-1003","Native MFCL / INI 1003"
1968,"dynamic_spawning_depletion",0.807454854144158,"ratio","Region 1","Ratio of spawning potential to dynamic unfished spawning potential at the same report census",,"native-1003","Native MFCL / INI 1003"
1968,"dynamic_spawning_depletion",0.845450457202818,"ratio","Region 2","Ratio of spawning potential to dynamic unfished spawning potential at the same report census",,"native-1003","Native MFCL / INI 1003"
1969,"dynamic_spawning_depletion",0.770241142395258,"ratio","Region 1","Ratio of spawning potential to dynamic unfished spawning potential at the same report census",,"native-1003","Native MFCL / INI 1003"
1969,"dynamic_spawning_depletion",0.805851513614071,"ratio","Region 2","Ratio of spawning potential to dynamic unfished spawning potential at the same report census",,"native-1003","Native MFCL / INI 1003"
1970,"dynamic_spawning_depletion",0.760594722813195,"ratio","Region 1","Ratio of spawning potential to dynamic unfished spawning potential at the same report census",,"native-1003","Native MFCL / INI 1003"
1970,"dynamic_spawning_depletion",0.788332409289718,"ratio","Region 2","Ratio of spawning potential to dynamic unfished spawning potential at the same report census",,"native-1003","Native MFCL / INI 1003"
1971,"dynamic_spawning_depletion",0.742723004694836,"ratio","Region 1","Ratio of spawning potential to dynamic unfished spawning potential at the same report census",,"native-1003","Native MFCL / INI 1003"
1971,"dynamic_spawning_depletion",0.774300271289618,"ratio","Region 2","Ratio of spawning potential to dynamic unfished spawning potential at the same report census",,"native-1003","Native MFCL / INI 1003"
1972,"dynamic_spawning_depletion",0.710937714646812,"ratio","Region 1","Ratio of spawning potential to dynamic unfished spawning potential at the same report census",,"native-1003","Native MFCL / INI 1003"
1972,"dynamic_spawning_depletion",0.74703196347032,"ratio","Region 2","Ratio of spawning potential to dynamic unfished spawning potential at the same report census",,"native-1003","Native MFCL / INI 1003"
1973,"dynamic_spawning_depletion",0.681496074568497,"ratio","Region 1","Ratio of spawning potential to dynamic unfished spawning potential at the same report census",,"native-1003","Native MFCL / INI 1003"
1973,"dynamic_spawning_depletion",0.699482331757821,"ratio","Region 2","Ratio of spawning potential to dynamic unfished spawning potential at the same report census",,"native-1003","Native MFCL / INI 1003"
1974,"dynamic_spawning_depletion",0.631911633252458,"ratio","Region 1","Ratio of spawning potential to dynamic unfished spawning potential at the same report census",,"native-1003","Native MFCL / INI 1003"
1974,"dynamic_spawning_depletion",0.670905556455532,"ratio","Region 2","Ratio of spawning potential to dynamic unfished spawning potential at the same report census",,"native-1003","Native MFCL / INI 1003"
1975,"dynamic_spawning_depletion",0.602885371440293,"ratio","Region 1","Ratio of spawning potential to dynamic unfished spawning potential at the same report census",,"native-1003","Native MFCL / INI 1003"
1975,"dynamic_spawning_depletion",0.654848800834202,"ratio","Region 2","Ratio of spawning potential to dynamic unfished spawning potential at the same report census",,"native-1003","Native MFCL / INI 1003"
1976,"dynamic_spawning_depletion",0.649907146296169,"ratio","Region 1","Ratio of spawning potential to dynamic unfished spawning potential at the same report census",,"native-1003","Native MFCL / INI 1003"
1976,"dynamic_spawning_depletion",0.658190313595112,"ratio","Region 2","Ratio of spawning potential to dynamic unfished spawning potential at the same report census",,"native-1003","Native MFCL / INI 1003"
1977,"dynamic_spawning_depletion",0.72527538493862,"ratio","Region 1","Ratio of spawning potential to dynamic unfished spawning potential at the same report census",,"native-1003","Native MFCL / INI 1003"
1977,"dynamic_spawning_depletion",0.707398727820556,"ratio","Region 2","Ratio of spawning potential to dynamic unfished spawning potential at the same report census",,"native-1003","Native MFCL / INI 1003"
1978,"dynamic_spawning_depletion",0.744943240454076,"ratio","Region 1","Ratio of spawning potential to dynamic unfished spawning potential at the same report census",,"native-1003","Native MFCL / INI 1003"
1978,"dynamic_spawning_depletion",0.748871290059951,"ratio","Region 2","Ratio of spawning potential to dynamic unfished spawning potential at the same report census",,"native-1003","Native MFCL / INI 1003"
1979,"dynamic_spawning_depletion",0.720034291058347,"ratio","Region 1","Ratio of spawning potential to dynamic unfished spawning potential at the same report census",,"native-1003","Native MFCL / INI 1003"
1979,"dynamic_spawning_depletion",0.734513913986267,"ratio","Region 2","Ratio of spawning potential to dynamic unfished spawning potential at the same report census",,"native-1003","Native MFCL / INI 1003"
1980,"dynamic_spawning_depletion",0.694809688581315,"ratio","Region 1","Ratio of spawning potential to dynamic unfished spawning potential at the same report census",,"native-1003","Native MFCL / INI 1003"
1980,"dynamic_spawning_depletion",0.723750192278111,"ratio","Region 2","Ratio of spawning potential to dynamic unfished spawning potential at the same report census",,"native-1003","Native MFCL / INI 1003"
1981,"dynamic_spawning_depletion",0.654256180940345,"ratio","Region 1","Ratio of spawning potential to dynamic unfished spawning potential at the same report census",,"native-1003","Native MFCL / INI 1003"
1981,"dynamic_spawning_depletion",0.708458757252165,"ratio","Region 2","Ratio of spawning potential to dynamic unfished spawning potential at the same report census",,"native-1003","Native MFCL / INI 1003"
1982,"dynamic_spawning_depletion",0.635290019160425,"ratio","Region 1","Ratio of spawning potential to dynamic unfished spawning potential at the same report census",,"native-1003","Native MFCL / INI 1003"
1982,"dynamic_spawning_depletion",0.684388528138528,"ratio","Region 2","Ratio of spawning potential to dynamic unfished spawning potential at the same report census",,"native-1003","Native MFCL / INI 1003"
1983,"dynamic_spawning_depletion",0.64861893637488,"ratio","Region 1","Ratio of spawning potential to dynamic unfished spawning potential at the same report census",,"native-1003","Native MFCL / INI 1003"
1983,"dynamic_spawning_depletion",0.679147094040711,"ratio","Region 2","Ratio of spawning potential to dynamic unfished spawning potential at the same report census",,"native-1003","Native MFCL / INI 1003"
1984,"dynamic_spawning_depletion",0.687495969562133,"ratio","Region 1","Ratio of spawning potential to dynamic unfished spawning potential at the same report census",,"native-1003","Native MFCL / INI 1003"
1984,"dynamic_spawning_depletion",0.698755223615186,"ratio","Region 2","Ratio of spawning potential to dynamic unfished spawning potential at the same report census",,"native-1003","Native MFCL / INI 1003"
1985,"dynamic_spawning_depletion",0.705558872513591,"ratio","Region 1","Ratio of spawning potential to dynamic unfished spawning potential at the same report census",,"native-1003","Native MFCL / INI 1003"
1985,"dynamic_spawning_depletion",0.717011253598534,"ratio","Region 2","Ratio of spawning potential to dynamic unfished spawning potential at the same report census",,"native-1003","Native MFCL / INI 1003"
1986,"dynamic_spawning_depletion",0.706576035409421,"ratio","Region 1","Ratio of spawning potential to dynamic unfished spawning potential at the same report census",,"native-1003","Native MFCL / INI 1003"
1986,"dynamic_spawning_depletion",0.727512024486227,"ratio","Region 2","Ratio of spawning potential to dynamic unfished spawning potential at the same report census",,"native-1003","Native MFCL / INI 1003"
1987,"dynamic_spawning_depletion",0.690078003120125,"ratio","Region 1","Ratio of spawning potential to dynamic unfished spawning potential at the same report census",,"native-1003","Native MFCL / INI 1003"
1987,"dynamic_spawning_depletion",0.722619774849463,"ratio","Region 2","Ratio of spawning potential to dynamic unfished spawning potential at the same report census",,"native-1003","Native MFCL / INI 1003"
1988,"dynamic_spawning_depletion",0.697018254940774,"ratio","Region 1","Ratio of spawning potential to dynamic unfished spawning potential at the same report census",,"native-1003","Native MFCL / INI 1003"
1988,"dynamic_spawning_depletion",0.700699479655378,"ratio","Region 2","Ratio of spawning potential to dynamic unfished spawning potential at the same report census",,"native-1003","Native MFCL / INI 1003"
1989,"dynamic_spawning_depletion",0.66201953112156,"ratio","Region 1","Ratio of spawning potential to dynamic unfished spawning potential at the same report census",,"native-1003","Native MFCL / INI 1003"
1989,"dynamic_spawning_depletion",0.68800785784445,"ratio","Region 2","Ratio of spawning potential to dynamic unfished spawning potential at the same report census",,"native-1003","Native MFCL / INI 1003"
1990,"dynamic_spawning_depletion",0.636025294776365,"ratio","Region 1","Ratio of spawning potential to dynamic unfished spawning potential at the same report census",,"native-1003","Native MFCL / INI 1003"
1990,"dynamic_spawning_depletion",0.676777507434442,"ratio","Region 2","Ratio of spawning potential to dynamic unfished spawning potential at the same report census",,"native-1003","Native MFCL / INI 1003"
1991,"dynamic_spawning_depletion",0.642599730500454,"ratio","Region 1","Ratio of spawning potential to dynamic unfished spawning potential at the same report census",,"native-1003","Native MFCL / INI 1003"
1991,"dynamic_spawning_depletion",0.681987139963005,"ratio","Region 2","Ratio of spawning potential to dynamic unfished spawning potential at the same report census",,"native-1003","Native MFCL / INI 1003"
1992,"dynamic_spawning_depletion",0.651701937234749,"ratio","Region 1","Ratio of spawning potential to dynamic unfished spawning potential at the same report census",,"native-1003","Native MFCL / INI 1003"
1992,"dynamic_spawning_depletion",0.680139630390144,"ratio","Region 2","Ratio of spawning potential to dynamic unfished spawning potential at the same report census",,"native-1003","Native MFCL / INI 1003"
1993,"dynamic_spawning_depletion",0.651942537292856,"ratio","Region 1","Ratio of spawning potential to dynamic unfished spawning potential at the same report census",,"native-1003","Native MFCL / INI 1003"
1993,"dynamic_spawning_depletion",0.677389833115435,"ratio","Region 2","Ratio of spawning potential to dynamic unfished spawning potential at the same report census",,"native-1003","Native MFCL / INI 1003"
1994,"dynamic_spawning_depletion",0.65374677002584,"ratio","Region 1","Ratio of spawning potential to dynamic unfished spawning potential at the same report census",,"native-1003","Native MFCL / INI 1003"
1994,"dynamic_spawning_depletion",0.678119060290428,"ratio","Region 2","Ratio of spawning potential to dynamic unfished spawning potential at the same report census",,"native-1003","Native MFCL / INI 1003"
1995,"dynamic_spawning_depletion",0.655312160622997,"ratio","Region 1","Ratio of spawning potential to dynamic unfished spawning potential at the same report census",,"native-1003","Native MFCL / INI 1003"
1995,"dynamic_spawning_depletion",0.680075845974329,"ratio","Region 2","Ratio of spawning potential to dynamic unfished spawning potential at the same report census",,"native-1003","Native MFCL / INI 1003"
1996,"dynamic_spawning_depletion",0.669499750793526,"ratio","Region 1","Ratio of spawning potential to dynamic unfished spawning potential at the same report census",,"native-1003","Native MFCL / INI 1003"
1996,"dynamic_spawning_depletion",0.687505398013531,"ratio","Region 2","Ratio of spawning potential to dynamic unfished spawning potential at the same report census",,"native-1003","Native MFCL / INI 1003"
1997,"dynamic_spawning_depletion",0.66976720414995,"ratio","Region 1","Ratio of spawning potential to dynamic unfished spawning potential at the same report census",,"native-1003","Native MFCL / INI 1003"
1997,"dynamic_spawning_depletion",0.697086687085975,"ratio","Region 2","Ratio of spawning potential to dynamic unfished spawning potential at the same report census",,"native-1003","Native MFCL / INI 1003"
1998,"dynamic_spawning_depletion",0.680939093620706,"ratio","Region 1","Ratio of spawning potential to dynamic unfished spawning potential at the same report census",,"native-1003","Native MFCL / INI 1003"
1998,"dynamic_spawning_depletion",0.709434478981241,"ratio","Region 2","Ratio of spawning potential to dynamic unfished spawning potential at the same report census",,"native-1003","Native MFCL / INI 1003"
1999,"dynamic_spawning_depletion",0.653577479171018,"ratio","Region 1","Ratio of spawning potential to dynamic unfished spawning potential at the same report census",,"native-1003","Native MFCL / INI 1003"
1999,"dynamic_spawning_depletion",0.699054621848739,"ratio","Region 2","Ratio of spawning potential to dynamic unfished spawning potential at the same report census",,"native-1003","Native MFCL / INI 1003"
2000,"dynamic_spawning_depletion",0.655866270145817,"ratio","Region 1","Ratio of spawning potential to dynamic unfished spawning potential at the same report census",,"native-1003","Native MFCL / INI 1003"
2000,"dynamic_spawning_depletion",0.688725817211474,"ratio","Region 2","Ratio of spawning potential to dynamic unfished spawning potential at the same report census",,"native-1003","Native MFCL / INI 1003"
2001,"dynamic_spawning_depletion",0.63388398002305,"ratio","Region 1","Ratio of spawning potential to dynamic unfished spawning potential at the same report census",,"native-1003","Native MFCL / INI 1003"
2001,"dynamic_spawning_depletion",0.668687080536913,"ratio","Region 2","Ratio of spawning potential to dynamic unfished spawning potential at the same report census",,"native-1003","Native MFCL / INI 1003"
2002,"dynamic_spawning_depletion",0.599739888151905,"ratio","Region 1","Ratio of spawning potential to dynamic unfished spawning potential at the same report census",,"native-1003","Native MFCL / INI 1003"
2002,"dynamic_spawning_depletion",0.656434373663959,"ratio","Region 2","Ratio of spawning potential to dynamic unfished spawning potential at the same report census",,"native-1003","Native MFCL / INI 1003"
2003,"dynamic_spawning_depletion",0.5631089405355,"ratio","Region 1","Ratio of spawning potential to dynamic unfished spawning potential at the same report census",,"native-1003","Native MFCL / INI 1003"
2003,"dynamic_spawning_depletion",0.621297185998627,"ratio","Region 2","Ratio of spawning potential to dynamic unfished spawning potential at the same report census",,"native-1003","Native MFCL / INI 1003"
2004,"dynamic_spawning_depletion",0.543172289878219,"ratio","Region 1","Ratio of spawning potential to dynamic unfished spawning potential at the same report census",,"native-1003","Native MFCL / INI 1003"
2004,"dynamic_spawning_depletion",0.580500478599754,"ratio","Region 2","Ratio of spawning potential to dynamic unfished spawning potential at the same report census",,"native-1003","Native MFCL / INI 1003"
2005,"dynamic_spawning_depletion",0.557466500897914,"ratio","Region 1","Ratio of spawning potential to dynamic unfished spawning potential at the same report census",,"native-1003","Native MFCL / INI 1003"
2005,"dynamic_spawning_depletion",0.592484207812299,"ratio","Region 2","Ratio of spawning potential to dynamic unfished spawning potential at the same report census",,"native-1003","Native MFCL / INI 1003"
2006,"dynamic_spawning_depletion",0.571109317772674,"ratio","Region 1","Ratio of spawning potential to dynamic unfished spawning potential at the same report census",,"native-1003","Native MFCL / INI 1003"
2006,"dynamic_spawning_depletion",0.596380521490654,"ratio","Region 2","Ratio of spawning potential to dynamic unfished spawning potential at the same report census",,"native-1003","Native MFCL / INI 1003"
2007,"dynamic_spawning_depletion",0.562246427500749,"ratio","Region 1","Ratio of spawning potential to dynamic unfished spawning potential at the same report census",,"native-1003","Native MFCL / INI 1003"
2007,"dynamic_spawning_depletion",0.598612769344477,"ratio","Region 2","Ratio of spawning potential to dynamic unfished spawning potential at the same report census",,"native-1003","Native MFCL / INI 1003"
2008,"dynamic_spawning_depletion",0.538554999266816,"ratio","Region 1","Ratio of spawning potential to dynamic unfished spawning potential at the same report census",,"native-1003","Native MFCL / INI 1003"
2008,"dynamic_spawning_depletion",0.597849462365591,"ratio","Region 2","Ratio of spawning potential to dynamic unfished spawning potential at the same report census",,"native-1003","Native MFCL / INI 1003"
2009,"dynamic_spawning_depletion",0.536733284413174,"ratio","Region 1","Ratio of spawning potential to dynamic unfished spawning potential at the same report census",,"native-1003","Native MFCL / INI 1003"
2009,"dynamic_spawning_depletion",0.58578352180937,"ratio","Region 2","Ratio of spawning potential to dynamic unfished spawning potential at the same report census",,"native-1003","Native MFCL / INI 1003"
2010,"dynamic_spawning_depletion",0.529124513217811,"ratio","Region 1","Ratio of spawning potential to dynamic unfished spawning potential at the same report census",,"native-1003","Native MFCL / INI 1003"
2010,"dynamic_spawning_depletion",0.595235335033619,"ratio","Region 2","Ratio of spawning potential to dynamic unfished spawning potential at the same report census",,"native-1003","Native MFCL / INI 1003"
2011,"dynamic_spawning_depletion",0.510520016986449,"ratio","Region 1","Ratio of spawning potential to dynamic unfished spawning potential at the same report census",,"native-1003","Native MFCL / INI 1003"
2011,"dynamic_spawning_depletion",0.597849462365591,"ratio","Region 2","Ratio of spawning potential to dynamic unfished spawning potential at the same report census",,"native-1003","Native MFCL / INI 1003"
2012,"dynamic_spawning_depletion",0.535210455506439,"ratio","Region 1","Ratio of spawning potential to dynamic unfished spawning potential at the same report census",,"native-1003","Native MFCL / INI 1003"
2012,"dynamic_spawning_depletion",0.567996077149395,"ratio","Region 2","Ratio of spawning potential to dynamic unfished spawning potential at the same report census",,"native-1003","Native MFCL / INI 1003"
2013,"dynamic_spawning_depletion",0.533273364442196,"ratio","Region 1","Ratio of spawning potential to dynamic unfished spawning potential at the same report census",,"native-1003","Native MFCL / INI 1003"
2013,"dynamic_spawning_depletion",0.554891072191371,"ratio","Region 2","Ratio of spawning potential to dynamic unfished spawning potential at the same report census",,"native-1003","Native MFCL / INI 1003"
2014,"dynamic_spawning_depletion",0.540700981089151,"ratio","Region 1","Ratio of spawning potential to dynamic unfished spawning potential at the same report census",,"native-1003","Native MFCL / INI 1003"
2014,"dynamic_spawning_depletion",0.552301679947216,"ratio","Region 2","Ratio of spawning potential to dynamic unfished spawning potential at the same report census",,"native-1003","Native MFCL / INI 1003"
2015,"dynamic_spawning_depletion",0.544112806832158,"ratio","Region 1","Ratio of spawning potential to dynamic unfished spawning potential at the same report census",,"native-1003","Native MFCL / INI 1003"
2015,"dynamic_spawning_depletion",0.545342896443309,"ratio","Region 2","Ratio of spawning potential to dynamic unfished spawning potential at the same report census",,"native-1003","Native MFCL / INI 1003"
2016,"dynamic_spawning_depletion",0.522189508455711,"ratio","Region 1","Ratio of spawning potential to dynamic unfished spawning potential at the same report census",,"native-1003","Native MFCL / INI 1003"
2016,"dynamic_spawning_depletion",0.498458458458458,"ratio","Region 2","Ratio of spawning potential to dynamic unfished spawning potential at the same report census",,"native-1003","Native MFCL / INI 1003"
2017,"dynamic_spawning_depletion",0.505653499962806,"ratio","Region 1","Ratio of spawning potential to dynamic unfished spawning potential at the same report census",,"native-1003","Native MFCL / INI 1003"
2017,"dynamic_spawning_depletion",0.484537557485948,"ratio","Region 2","Ratio of spawning potential to dynamic unfished spawning potential at the same report census",,"native-1003","Native MFCL / INI 1003"
2018,"dynamic_spawning_depletion",0.496190049305244,"ratio","Region 1","Ratio of spawning potential to dynamic unfished spawning potential at the same report census",,"native-1003","Native MFCL / INI 1003"
2018,"dynamic_spawning_depletion",0.481363032594258,"ratio","Region 2","Ratio of spawning potential to dynamic unfished spawning potential at the same report census",,"native-1003","Native MFCL / INI 1003"
2019,"dynamic_spawning_depletion",0.483660380970614,"ratio","Region 1","Ratio of spawning potential to dynamic unfished spawning potential at the same report census",,"native-1003","Native MFCL / INI 1003"
2019,"dynamic_spawning_depletion",0.464666178317288,"ratio","Region 2","Ratio of spawning potential to dynamic unfished spawning potential at the same report census",,"native-1003","Native MFCL / INI 1003"
2020,"dynamic_spawning_depletion",0.445987750441192,"ratio","Region 1","Ratio of spawning potential to dynamic unfished spawning potential at the same report census",,"native-1003","Native MFCL / INI 1003"
2020,"dynamic_spawning_depletion",0.468328250623787,"ratio","Region 2","Ratio of spawning potential to dynamic unfished spawning potential at the same report census",,"native-1003","Native MFCL / INI 1003"
2021,"dynamic_spawning_depletion",0.446892497801043,"ratio","Region 1","Ratio of spawning potential to dynamic unfished spawning potential at the same report census",,"native-1003","Native MFCL / INI 1003"
2021,"dynamic_spawning_depletion",0.457622215794041,"ratio","Region 2","Ratio of spawning potential to dynamic unfished spawning potential at the same report census",,"native-1003","Native MFCL / INI 1003"
2022,"dynamic_spawning_depletion",0.518968736344496,"ratio","Region 1","Ratio of spawning potential to dynamic unfished spawning potential at the same report census",,"native-1003","Native MFCL / INI 1003"
2022,"dynamic_spawning_depletion",0.43669992833122,"ratio","Region 2","Ratio of spawning potential to dynamic unfished spawning potential at the same report census",,"native-1003","Native MFCL / INI 1003"
1954,"dynamic_spawning_depletion",1,"ratio","all","Ratio of spawning potential to dynamic unfished spawning potential at the same report census",,"native-1003","Native MFCL / INI 1003"
1955,"dynamic_spawning_depletion",0.994660837509711,"ratio","all","Ratio of spawning potential to dynamic unfished spawning potential at the same report census",,"native-1003","Native MFCL / INI 1003"
1956,"dynamic_spawning_depletion",0.98839565723268,"ratio","all","Ratio of spawning potential to dynamic unfished spawning potential at the same report census",,"native-1003","Native MFCL / INI 1003"
1957,"dynamic_spawning_depletion",0.985838534420445,"ratio","all","Ratio of spawning potential to dynamic unfished spawning potential at the same report census",,"native-1003","Native MFCL / INI 1003"
1958,"dynamic_spawning_depletion",0.981633866274522,"ratio","all","Ratio of spawning potential to dynamic unfished spawning potential at the same report census",,"native-1003","Native MFCL / INI 1003"
1959,"dynamic_spawning_depletion",0.974194919255832,"ratio","all","Ratio of spawning potential to dynamic unfished spawning potential at the same report census",,"native-1003","Native MFCL / INI 1003"
1960,"dynamic_spawning_depletion",0.962570879267966,"ratio","all","Ratio of spawning potential to dynamic unfished spawning potential at the same report census",,"native-1003","Native MFCL / INI 1003"
1961,"dynamic_spawning_depletion",0.94949240999055,"ratio","all","Ratio of spawning potential to dynamic unfished spawning potential at the same report census",,"native-1003","Native MFCL / INI 1003"
1962,"dynamic_spawning_depletion",0.934872918161562,"ratio","all","Ratio of spawning potential to dynamic unfished spawning potential at the same report census",,"native-1003","Native MFCL / INI 1003"
1963,"dynamic_spawning_depletion",0.910279387348954,"ratio","all","Ratio of spawning potential to dynamic unfished spawning potential at the same report census",,"native-1003","Native MFCL / INI 1003"
1964,"dynamic_spawning_depletion",0.885935984481086,"ratio","all","Ratio of spawning potential to dynamic unfished spawning potential at the same report census",,"native-1003","Native MFCL / INI 1003"
1965,"dynamic_spawning_depletion",0.876180468177482,"ratio","all","Ratio of spawning potential to dynamic unfished spawning potential at the same report census",,"native-1003","Native MFCL / INI 1003"
1966,"dynamic_spawning_depletion",0.877815128283486,"ratio","all","Ratio of spawning potential to dynamic unfished spawning potential at the same report census",,"native-1003","Native MFCL / INI 1003"
1967,"dynamic_spawning_depletion",0.857629280112223,"ratio","all","Ratio of spawning potential to dynamic unfished spawning potential at the same report census",,"native-1003","Native MFCL / INI 1003"
1968,"dynamic_spawning_depletion",0.818038833600111,"ratio","all","Ratio of spawning potential to dynamic unfished spawning potential at the same report census",,"native-1003","Native MFCL / INI 1003"
1969,"dynamic_spawning_depletion",0.780384411580519,"ratio","all","Ratio of spawning potential to dynamic unfished spawning potential at the same report census",,"native-1003","Native MFCL / INI 1003"
1970,"dynamic_spawning_depletion",0.768476700626685,"ratio","all","Ratio of spawning potential to dynamic unfished spawning potential at the same report census",,"native-1003","Native MFCL / INI 1003"
1971,"dynamic_spawning_depletion",0.751650983106654,"ratio","all","Ratio of spawning potential to dynamic unfished spawning potential at the same report census",,"native-1003","Native MFCL / INI 1003"
1972,"dynamic_spawning_depletion",0.721085479538632,"ratio","all","Ratio of spawning potential to dynamic unfished spawning potential at the same report census",,"native-1003","Native MFCL / INI 1003"
1973,"dynamic_spawning_depletion",0.686560479952681,"ratio","all","Ratio of spawning potential to dynamic unfished spawning potential at the same report census",,"native-1003","Native MFCL / INI 1003"
1974,"dynamic_spawning_depletion",0.642935653766888,"ratio","all","Ratio of spawning potential to dynamic unfished spawning potential at the same report census",,"native-1003","Native MFCL / INI 1003"
1975,"dynamic_spawning_depletion",0.617556858607915,"ratio","all","Ratio of spawning potential to dynamic unfished spawning potential at the same report census",,"native-1003","Native MFCL / INI 1003"
1976,"dynamic_spawning_depletion",0.652199865695028,"ratio","all","Ratio of spawning potential to dynamic unfished spawning potential at the same report census",,"native-1003","Native MFCL / INI 1003"
1977,"dynamic_spawning_depletion",0.720556721528775,"ratio","all","Ratio of spawning potential to dynamic unfished spawning potential at the same report census",,"native-1003","Native MFCL / INI 1003"
1978,"dynamic_spawning_depletion",0.745958562109009,"ratio","all","Ratio of spawning potential to dynamic unfished spawning potential at the same report census",,"native-1003","Native MFCL / INI 1003"
1979,"dynamic_spawning_depletion",0.72386248542873,"ratio","all","Ratio of spawning potential to dynamic unfished spawning potential at the same report census",,"native-1003","Native MFCL / INI 1003"
1980,"dynamic_spawning_depletion",0.702701228975295,"ratio","all","Ratio of spawning potential to dynamic unfished spawning potential at the same report census",,"native-1003","Native MFCL / INI 1003"
1981,"dynamic_spawning_depletion",0.669333863498152,"ratio","all","Ratio of spawning potential to dynamic unfished spawning potential at the same report census",,"native-1003","Native MFCL / INI 1003"
1982,"dynamic_spawning_depletion",0.648970924534466,"ratio","all","Ratio of spawning potential to dynamic unfished spawning potential at the same report census",,"native-1003","Native MFCL / INI 1003"
1983,"dynamic_spawning_depletion",0.656912298260978,"ratio","all","Ratio of spawning potential to dynamic unfished spawning potential at the same report census",,"native-1003","Native MFCL / INI 1003"
1984,"dynamic_spawning_depletion",0.69049241617567,"ratio","all","Ratio of spawning potential to dynamic unfished spawning potential at the same report census",,"native-1003","Native MFCL / INI 1003"
1985,"dynamic_spawning_depletion",0.708591692464076,"ratio","all","Ratio of spawning potential to dynamic unfished spawning potential at the same report census",,"native-1003","Native MFCL / INI 1003"
1986,"dynamic_spawning_depletion",0.712135144548938,"ratio","all","Ratio of spawning potential to dynamic unfished spawning potential at the same report census",,"native-1003","Native MFCL / INI 1003"
1987,"dynamic_spawning_depletion",0.698648555471282,"ratio","all","Ratio of spawning potential to dynamic unfished spawning potential at the same report census",,"native-1003","Native MFCL / INI 1003"
1988,"dynamic_spawning_depletion",0.698009184845006,"ratio","all","Ratio of spawning potential to dynamic unfished spawning potential at the same report census",,"native-1003","Native MFCL / INI 1003"
1989,"dynamic_spawning_depletion",0.669013746034798,"ratio","all","Ratio of spawning potential to dynamic unfished spawning potential at the same report census",,"native-1003","Native MFCL / INI 1003"
1990,"dynamic_spawning_depletion",0.646933114643383,"ratio","all","Ratio of spawning potential to dynamic unfished spawning potential at the same report census",,"native-1003","Native MFCL / INI 1003"
1991,"dynamic_spawning_depletion",0.652935465976331,"ratio","all","Ratio of spawning potential to dynamic unfished spawning potential at the same report census",,"native-1003","Native MFCL / INI 1003"
1992,"dynamic_spawning_depletion",0.659098094505682,"ratio","all","Ratio of spawning potential to dynamic unfished spawning potential at the same report census",,"native-1003","Native MFCL / INI 1003"
1993,"dynamic_spawning_depletion",0.658658412827278,"ratio","all","Ratio of spawning potential to dynamic unfished spawning potential at the same report census",,"native-1003","Native MFCL / INI 1003"
1994,"dynamic_spawning_depletion",0.660218852839636,"ratio","all","Ratio of spawning potential to dynamic unfished spawning potential at the same report census",,"native-1003","Native MFCL / INI 1003"
1995,"dynamic_spawning_depletion",0.66191003594676,"ratio","all","Ratio of spawning potential to dynamic unfished spawning potential at the same report census",,"native-1003","Native MFCL / INI 1003"
1996,"dynamic_spawning_depletion",0.674309333846006,"ratio","all","Ratio of spawning potential to dynamic unfished spawning potential at the same report census",,"native-1003","Native MFCL / INI 1003"
1997,"dynamic_spawning_depletion",0.676980365605958,"ratio","all","Ratio of spawning potential to dynamic unfished spawning potential at the same report census",,"native-1003","Native MFCL / INI 1003"
1998,"dynamic_spawning_depletion",0.688347751788957,"ratio","all","Ratio of spawning potential to dynamic unfished spawning potential at the same report census",,"native-1003","Native MFCL / INI 1003"
1999,"dynamic_spawning_depletion",0.665454981910461,"ratio","all","Ratio of spawning potential to dynamic unfished spawning potential at the same report census",,"native-1003","Native MFCL / INI 1003"
2000,"dynamic_spawning_depletion",0.664555622199485,"ratio","all","Ratio of spawning potential to dynamic unfished spawning potential at the same report census",,"native-1003","Native MFCL / INI 1003"
2001,"dynamic_spawning_depletion",0.6432154304673,"ratio","all","Ratio of spawning potential to dynamic unfished spawning potential at the same report census",,"native-1003","Native MFCL / INI 1003"
2002,"dynamic_spawning_depletion",0.614901198574668,"ratio","all","Ratio of spawning potential to dynamic unfished spawning potential at the same report census",,"native-1003","Native MFCL / INI 1003"
2003,"dynamic_spawning_depletion",0.578435200752029,"ratio","all","Ratio of spawning potential to dynamic unfished spawning potential at the same report census",,"native-1003","Native MFCL / INI 1003"
2004,"dynamic_spawning_depletion",0.553153680207686,"ratio","all","Ratio of spawning potential to dynamic unfished spawning potential at the same report census",,"native-1003","Native MFCL / INI 1003"
2005,"dynamic_spawning_depletion",0.566682499830359,"ratio","all","Ratio of spawning potential to dynamic unfished spawning potential at the same report census",,"native-1003","Native MFCL / INI 1003"
2006,"dynamic_spawning_depletion",0.57762763915547,"ratio","all","Ratio of spawning potential to dynamic unfished spawning potential at the same report census",,"native-1003","Native MFCL / INI 1003"
2007,"dynamic_spawning_depletion",0.571705311723648,"ratio","all","Ratio of spawning potential to dynamic unfished spawning potential at the same report census",,"native-1003","Native MFCL / INI 1003"
2008,"dynamic_spawning_depletion",0.554263804625666,"ratio","all","Ratio of spawning potential to dynamic unfished spawning potential at the same report census",,"native-1003","Native MFCL / INI 1003"
2009,"dynamic_spawning_depletion",0.549735911304265,"ratio","all","Ratio of spawning potential to dynamic unfished spawning potential at the same report census",,"native-1003","Native MFCL / INI 1003"
2010,"dynamic_spawning_depletion",0.54646195941324,"ratio","all","Ratio of spawning potential to dynamic unfished spawning potential at the same report census",,"native-1003","Native MFCL / INI 1003"
2011,"dynamic_spawning_depletion",0.533163666518923,"ratio","all","Ratio of spawning potential to dynamic unfished spawning potential at the same report census",,"native-1003","Native MFCL / INI 1003"
2012,"dynamic_spawning_depletion",0.543759945442146,"ratio","all","Ratio of spawning potential to dynamic unfished spawning potential at the same report census",,"native-1003","Native MFCL / INI 1003"
2013,"dynamic_spawning_depletion",0.538889428345517,"ratio","all","Ratio of spawning potential to dynamic unfished spawning potential at the same report census",,"native-1003","Native MFCL / INI 1003"
2014,"dynamic_spawning_depletion",0.543709768715363,"ratio","all","Ratio of spawning potential to dynamic unfished spawning potential at the same report census",,"native-1003","Native MFCL / INI 1003"
2015,"dynamic_spawning_depletion",0.544433487442849,"ratio","all","Ratio of spawning potential to dynamic unfished spawning potential at the same report census",,"native-1003","Native MFCL / INI 1003"
2016,"dynamic_spawning_depletion",0.515924526307444,"ratio","all","Ratio of spawning potential to dynamic unfished spawning potential at the same report census",,"native-1003","Native MFCL / INI 1003"
2017,"dynamic_spawning_depletion",0.500019088653159,"ratio","all","Ratio of spawning potential to dynamic unfished spawning potential at the same report census",,"native-1003","Native MFCL / INI 1003"
2018,"dynamic_spawning_depletion",0.492220793785388,"ratio","all","Ratio of spawning potential to dynamic unfished spawning potential at the same report census",,"native-1003","Native MFCL / INI 1003"
2019,"dynamic_spawning_depletion",0.478572329600404,"ratio","all","Ratio of spawning potential to dynamic unfished spawning potential at the same report census",,"native-1003","Native MFCL / INI 1003"
2020,"dynamic_spawning_depletion",0.452074018126888,"ratio","all","Ratio of spawning potential to dynamic unfished spawning potential at the same report census",,"native-1003","Native MFCL / INI 1003"
2021,"dynamic_spawning_depletion",0.449794985758553,"ratio","all","Ratio of spawning potential to dynamic unfished spawning potential at the same report census",,"native-1003","Native MFCL / INI 1003"
2022,"dynamic_spawning_depletion",0.497178944294371,"ratio","all","Ratio of spawning potential to dynamic unfished spawning potential at the same report census",,"native-1003","Native MFCL / INI 1003"
1954,"fishing_mortality",0.0018483511427482,"per year","Region 1","Population-number-weighted fishing mortality across ages and regions at report censuses, annualized from seasonal integrated F",,"native-1003","Native MFCL / INI 1003"
1955,"fishing_mortality",0.00265321629525611,"per year","Region 1","Population-number-weighted fishing mortality across ages and regions at report censuses, annualized from seasonal integrated F",,"native-1003","Native MFCL / INI 1003"
1956,"fishing_mortality",0.00176080384577986,"per year","Region 1","Population-number-weighted fishing mortality across ages and regions at report censuses, annualized from seasonal integrated F",,"native-1003","Native MFCL / INI 1003"
1957,"fishing_mortality",0.00292897929203955,"per year","Region 1","Population-number-weighted fishing mortality across ages and regions at report censuses, annualized from seasonal integrated F",,"native-1003","Native MFCL / INI 1003"
1958,"fishing_mortality",0.00507508867594084,"per year","Region 1","Population-number-weighted fishing mortality across ages and regions at report censuses, annualized from seasonal integrated F",,"native-1003","Native MFCL / INI 1003"
1959,"fishing_mortality",0.00909489287604298,"per year","Region 1","Population-number-weighted fishing mortality across ages and regions at report censuses, annualized from seasonal integrated F",,"native-1003","Native MFCL / INI 1003"
1960,"fishing_mortality",0.0134439893626503,"per year","Region 1","Population-number-weighted fishing mortality across ages and regions at report censuses, annualized from seasonal integrated F",,"native-1003","Native MFCL / INI 1003"
1961,"fishing_mortality",0.0132211597716871,"per year","Region 1","Population-number-weighted fishing mortality across ages and regions at report censuses, annualized from seasonal integrated F",,"native-1003","Native MFCL / INI 1003"
1962,"fishing_mortality",0.0121890378028052,"per year","Region 1","Population-number-weighted fishing mortality across ages and regions at report censuses, annualized from seasonal integrated F",,"native-1003","Native MFCL / INI 1003"
1963,"fishing_mortality",0.00779641860968605,"per year","Region 1","Population-number-weighted fishing mortality across ages and regions at report censuses, annualized from seasonal integrated F",,"native-1003","Native MFCL / INI 1003"
1964,"fishing_mortality",0.00860573346404867,"per year","Region 1","Population-number-weighted fishing mortality across ages and regions at report censuses, annualized from seasonal integrated F",,"native-1003","Native MFCL / INI 1003"
1965,"fishing_mortality",0.016698987073898,"per year","Region 1","Population-number-weighted fishing mortality across ages and regions at report censuses, annualized from seasonal integrated F",,"native-1003","Native MFCL / INI 1003"
1966,"fishing_mortality",0.0274389037667376,"per year","Region 1","Population-number-weighted fishing mortality across ages and regions at report censuses, annualized from seasonal integrated F",,"native-1003","Native MFCL / INI 1003"
1967,"fishing_mortality",0.0296217202310582,"per year","Region 1","Population-number-weighted fishing mortality across ages and regions at report censuses, annualized from seasonal integrated F",,"native-1003","Native MFCL / INI 1003"
1968,"fishing_mortality",0.0237887848572279,"per year","Region 1","Population-number-weighted fishing mortality across ages and regions at report censuses, annualized from seasonal integrated F",,"native-1003","Native MFCL / INI 1003"
1969,"fishing_mortality",0.0208381284601506,"per year","Region 1","Population-number-weighted fishing mortality across ages and regions at report censuses, annualized from seasonal integrated F",,"native-1003","Native MFCL / INI 1003"
1970,"fishing_mortality",0.0291086228438356,"per year","Region 1","Population-number-weighted fishing mortality across ages and regions at report censuses, annualized from seasonal integrated F",,"native-1003","Native MFCL / INI 1003"
1971,"fishing_mortality",0.0380717214101642,"per year","Region 1","Population-number-weighted fishing mortality across ages and regions at report censuses, annualized from seasonal integrated F",,"native-1003","Native MFCL / INI 1003"
1972,"fishing_mortality",0.035404281196725,"per year","Region 1","Population-number-weighted fishing mortality across ages and regions at report censuses, annualized from seasonal integrated F",,"native-1003","Native MFCL / INI 1003"
1973,"fishing_mortality",0.0343459951738277,"per year","Region 1","Population-number-weighted fishing mortality across ages and regions at report censuses, annualized from seasonal integrated F",,"native-1003","Native MFCL / INI 1003"
1974,"fishing_mortality",0.022308348813966,"per year","Region 1","Population-number-weighted fishing mortality across ages and regions at report censuses, annualized from seasonal integrated F",,"native-1003","Native MFCL / INI 1003"
1975,"fishing_mortality",0.0130712370569743,"per year","Region 1","Population-number-weighted fishing mortality across ages and regions at report censuses, annualized from seasonal integrated F",,"native-1003","Native MFCL / INI 1003"
1976,"fishing_mortality",0.0155151657203406,"per year","Region 1","Population-number-weighted fishing mortality across ages and regions at report censuses, annualized from seasonal integrated F",,"native-1003","Native MFCL / INI 1003"
1977,"fishing_mortality",0.03473169955429,"per year","Region 1","Population-number-weighted fishing mortality across ages and regions at report censuses, annualized from seasonal integrated F",,"native-1003","Native MFCL / INI 1003"
1978,"fishing_mortality",0.0389956671573723,"per year","Region 1","Population-number-weighted fishing mortality across ages and regions at report censuses, annualized from seasonal integrated F",,"native-1003","Native MFCL / INI 1003"
1979,"fishing_mortality",0.0270247885791819,"per year","Region 1","Population-number-weighted fishing mortality across ages and regions at report censuses, annualized from seasonal integrated F",,"native-1003","Native MFCL / INI 1003"
1980,"fishing_mortality",0.0259009560146542,"per year","Region 1","Population-number-weighted fishing mortality across ages and regions at report censuses, annualized from seasonal integrated F",,"native-1003","Native MFCL / INI 1003"
1981,"fishing_mortality",0.0256798256082526,"per year","Region 1","Population-number-weighted fishing mortality across ages and regions at report censuses, annualized from seasonal integrated F",,"native-1003","Native MFCL / INI 1003"
1982,"fishing_mortality",0.0266786923810739,"per year","Region 1","Population-number-weighted fishing mortality across ages and regions at report censuses, annualized from seasonal integrated F",,"native-1003","Native MFCL / INI 1003"
1983,"fishing_mortality",0.0239263196178912,"per year","Region 1","Population-number-weighted fishing mortality across ages and regions at report censuses, annualized from seasonal integrated F",,"native-1003","Native MFCL / INI 1003"
1984,"fishing_mortality",0.0265752353477941,"per year","Region 1","Population-number-weighted fishing mortality across ages and regions at report censuses, annualized from seasonal integrated F",,"native-1003","Native MFCL / INI 1003"
1985,"fishing_mortality",0.035188254085879,"per year","Region 1","Population-number-weighted fishing mortality across ages and regions at report censuses, annualized from seasonal integrated F",,"native-1003","Native MFCL / INI 1003"
1986,"fishing_mortality",0.0371594185358161,"per year","Region 1","Population-number-weighted fishing mortality across ages and regions at report censuses, annualized from seasonal integrated F",,"native-1003","Native MFCL / INI 1003"
1987,"fishing_mortality",0.0221404081665306,"per year","Region 1","Population-number-weighted fishing mortality across ages and regions at report censuses, annualized from seasonal integrated F",,"native-1003","Native MFCL / INI 1003"
1988,"fishing_mortality",0.0319301069482775,"per year","Region 1","Population-number-weighted fishing mortality across ages and regions at report censuses, annualized from seasonal integrated F",,"native-1003","Native MFCL / INI 1003"
1989,"fishing_mortality",0.064039883822899,"per year","Region 1","Population-number-weighted fishing mortality across ages and regions at report censuses, annualized from seasonal integrated F",,"native-1003","Native MFCL / INI 1003"
1990,"fishing_mortality",0.0392105178450789,"per year","Region 1","Population-number-weighted fishing mortality across ages and regions at report censuses, annualized from seasonal integrated F",,"native-1003","Native MFCL / INI 1003"
1991,"fishing_mortality",0.0292262820197582,"per year","Region 1","Population-number-weighted fishing mortality across ages and regions at report censuses, annualized from seasonal integrated F",,"native-1003","Native MFCL / INI 1003"
1992,"fishing_mortality",0.0351526107567859,"per year","Region 1","Population-number-weighted fishing mortality across ages and regions at report censuses, annualized from seasonal integrated F",,"native-1003","Native MFCL / INI 1003"
1993,"fishing_mortality",0.0302807906588276,"per year","Region 1","Population-number-weighted fishing mortality across ages and regions at report censuses, annualized from seasonal integrated F",,"native-1003","Native MFCL / INI 1003"
1994,"fishing_mortality",0.0331873841994819,"per year","Region 1","Population-number-weighted fishing mortality across ages and regions at report censuses, annualized from seasonal integrated F",,"native-1003","Native MFCL / INI 1003"
1995,"fishing_mortality",0.0252643251230926,"per year","Region 1","Population-number-weighted fishing mortality across ages and regions at report censuses, annualized from seasonal integrated F",,"native-1003","Native MFCL / INI 1003"
1996,"fishing_mortality",0.0355689693872471,"per year","Region 1","Population-number-weighted fishing mortality across ages and regions at report censuses, annualized from seasonal integrated F",,"native-1003","Native MFCL / INI 1003"
1997,"fishing_mortality",0.0329302580269008,"per year","Region 1","Population-number-weighted fishing mortality across ages and regions at report censuses, annualized from seasonal integrated F",,"native-1003","Native MFCL / INI 1003"
1998,"fishing_mortality",0.0582972689064107,"per year","Region 1","Population-number-weighted fishing mortality across ages and regions at report censuses, annualized from seasonal integrated F",,"native-1003","Native MFCL / INI 1003"
1999,"fishing_mortality",0.0221318740900374,"per year","Region 1","Population-number-weighted fishing mortality across ages and regions at report censuses, annualized from seasonal integrated F",,"native-1003","Native MFCL / INI 1003"
2000,"fishing_mortality",0.0408467984340896,"per year","Region 1","Population-number-weighted fishing mortality across ages and regions at report censuses, annualized from seasonal integrated F",,"native-1003","Native MFCL / INI 1003"
2001,"fishing_mortality",0.0398784927511679,"per year","Region 1","Population-number-weighted fishing mortality across ages and regions at report censuses, annualized from seasonal integrated F",,"native-1003","Native MFCL / INI 1003"
2002,"fishing_mortality",0.0438070399778465,"per year","Region 1","Population-number-weighted fishing mortality across ages and regions at report censuses, annualized from seasonal integrated F",,"native-1003","Native MFCL / INI 1003"
2003,"fishing_mortality",0.0368722855619197,"per year","Region 1","Population-number-weighted fishing mortality across ages and regions at report censuses, annualized from seasonal integrated F",,"native-1003","Native MFCL / INI 1003"
2004,"fishing_mortality",0.048050757930794,"per year","Region 1","Population-number-weighted fishing mortality across ages and regions at report censuses, annualized from seasonal integrated F",,"native-1003","Native MFCL / INI 1003"
2005,"fishing_mortality",0.053973030285761,"per year","Region 1","Population-number-weighted fishing mortality across ages and regions at report censuses, annualized from seasonal integrated F",,"native-1003","Native MFCL / INI 1003"
2006,"fishing_mortality",0.0446805034286253,"per year","Region 1","Population-number-weighted fishing mortality across ages and regions at report censuses, annualized from seasonal integrated F",,"native-1003","Native MFCL / INI 1003"
2007,"fishing_mortality",0.0320738259143888,"per year","Region 1","Population-number-weighted fishing mortality across ages and regions at report censuses, annualized from seasonal integrated F",,"native-1003","Native MFCL / INI 1003"
2008,"fishing_mortality",0.0360848327113662,"per year","Region 1","Population-number-weighted fishing mortality across ages and regions at report censuses, annualized from seasonal integrated F",,"native-1003","Native MFCL / INI 1003"
2009,"fishing_mortality",0.0472688662892889,"per year","Region 1","Population-number-weighted fishing mortality across ages and regions at report censuses, annualized from seasonal integrated F",,"native-1003","Native MFCL / INI 1003"
2010,"fishing_mortality",0.0538802903673856,"per year","Region 1","Population-number-weighted fishing mortality across ages and regions at report censuses, annualized from seasonal integrated F",,"native-1003","Native MFCL / INI 1003"
2011,"fishing_mortality",0.0311503873456379,"per year","Region 1","Population-number-weighted fishing mortality across ages and regions at report censuses, annualized from seasonal integrated F",,"native-1003","Native MFCL / INI 1003"
2012,"fishing_mortality",0.0453536307055369,"per year","Region 1","Population-number-weighted fishing mortality across ages and regions at report censuses, annualized from seasonal integrated F",,"native-1003","Native MFCL / INI 1003"
2013,"fishing_mortality",0.052329949865542,"per year","Region 1","Population-number-weighted fishing mortality across ages and regions at report censuses, annualized from seasonal integrated F",,"native-1003","Native MFCL / INI 1003"
2014,"fishing_mortality",0.0456479558749995,"per year","Region 1","Population-number-weighted fishing mortality across ages and regions at report censuses, annualized from seasonal integrated F",,"native-1003","Native MFCL / INI 1003"
2015,"fishing_mortality",0.0448537101682834,"per year","Region 1","Population-number-weighted fishing mortality across ages and regions at report censuses, annualized from seasonal integrated F",,"native-1003","Native MFCL / INI 1003"
2016,"fishing_mortality",0.051990581371287,"per year","Region 1","Population-number-weighted fishing mortality across ages and regions at report censuses, annualized from seasonal integrated F",,"native-1003","Native MFCL / INI 1003"
2017,"fishing_mortality",0.0680338257202192,"per year","Region 1","Population-number-weighted fishing mortality across ages and regions at report censuses, annualized from seasonal integrated F",,"native-1003","Native MFCL / INI 1003"
2018,"fishing_mortality",0.0444406356421969,"per year","Region 1","Population-number-weighted fishing mortality across ages and regions at report censuses, annualized from seasonal integrated F",,"native-1003","Native MFCL / INI 1003"
2019,"fishing_mortality",0.0426524313827891,"per year","Region 1","Population-number-weighted fishing mortality across ages and regions at report censuses, annualized from seasonal integrated F",,"native-1003","Native MFCL / INI 1003"
2020,"fishing_mortality",0.0439827856116757,"per year","Region 1","Population-number-weighted fishing mortality across ages and regions at report censuses, annualized from seasonal integrated F",,"native-1003","Native MFCL / INI 1003"
2021,"fishing_mortality",0.0340006784564917,"per year","Region 1","Population-number-weighted fishing mortality across ages and regions at report censuses, annualized from seasonal integrated F",,"native-1003","Native MFCL / INI 1003"
2022,"fishing_mortality",0.0508018873663354,"per year","Region 1","Population-number-weighted fishing mortality across ages and regions at report censuses, annualized from seasonal integrated F",,"native-1003","Native MFCL / INI 1003"
1954,"fishing_mortality",2.65626997559198e-12,"per year","Region 2","Population-number-weighted fishing mortality across ages and regions at report censuses, annualized from seasonal integrated F",,"native-1003","Native MFCL / INI 1003"
1955,"fishing_mortality",2.57387357323613e-12,"per year","Region 2","Population-number-weighted fishing mortality across ages and regions at report censuses, annualized from seasonal integrated F",,"native-1003","Native MFCL / INI 1003"
1956,"fishing_mortality",2.62406703021015e-12,"per year","Region 2","Population-number-weighted fishing mortality across ages and regions at report censuses, annualized from seasonal integrated F",,"native-1003","Native MFCL / INI 1003"
1957,"fishing_mortality",1.34200353572254e-05,"per year","Region 2","Population-number-weighted fishing mortality across ages and regions at report censuses, annualized from seasonal integrated F",,"native-1003","Native MFCL / INI 1003"
1958,"fishing_mortality",0.000154980768344653,"per year","Region 2","Population-number-weighted fishing mortality across ages and regions at report censuses, annualized from seasonal integrated F",,"native-1003","Native MFCL / INI 1003"
1959,"fishing_mortality",0.000532920424148131,"per year","Region 2","Population-number-weighted fishing mortality across ages and regions at report censuses, annualized from seasonal integrated F",,"native-1003","Native MFCL / INI 1003"
1960,"fishing_mortality",0.000990693730124408,"per year","Region 2","Population-number-weighted fishing mortality across ages and regions at report censuses, annualized from seasonal integrated F",,"native-1003","Native MFCL / INI 1003"
1961,"fishing_mortality",0.00103107582811199,"per year","Region 2","Population-number-weighted fishing mortality across ages and regions at report censuses, annualized from seasonal integrated F",,"native-1003","Native MFCL / INI 1003"
1962,"fishing_mortality",0.0028504853174155,"per year","Region 2","Population-number-weighted fishing mortality across ages and regions at report censuses, annualized from seasonal integrated F",,"native-1003","Native MFCL / INI 1003"
1963,"fishing_mortality",0.0073103567881806,"per year","Region 2","Population-number-weighted fishing mortality across ages and regions at report censuses, annualized from seasonal integrated F",,"native-1003","Native MFCL / INI 1003"
1964,"fishing_mortality",0.0104312090704533,"per year","Region 2","Population-number-weighted fishing mortality across ages and regions at report censuses, annualized from seasonal integrated F",,"native-1003","Native MFCL / INI 1003"
1965,"fishing_mortality",0.00697281324342372,"per year","Region 2","Population-number-weighted fishing mortality across ages and regions at report censuses, annualized from seasonal integrated F",,"native-1003","Native MFCL / INI 1003"
1966,"fishing_mortality",0.00864737625132804,"per year","Region 2","Population-number-weighted fishing mortality across ages and regions at report censuses, annualized from seasonal integrated F",,"native-1003","Native MFCL / INI 1003"
1967,"fishing_mortality",0.013934573756327,"per year","Region 2","Population-number-weighted fishing mortality across ages and regions at report censuses, annualized from seasonal integrated F",,"native-1003","Native MFCL / INI 1003"
1968,"fishing_mortality",0.0140680583157586,"per year","Region 2","Population-number-weighted fishing mortality across ages and regions at report censuses, annualized from seasonal integrated F",,"native-1003","Native MFCL / INI 1003"
1969,"fishing_mortality",0.00939591971441709,"per year","Region 2","Population-number-weighted fishing mortality across ages and regions at report censuses, annualized from seasonal integrated F",,"native-1003","Native MFCL / INI 1003"
1970,"fishing_mortality",0.0107836621373318,"per year","Region 2","Population-number-weighted fishing mortality across ages and regions at report censuses, annualized from seasonal integrated F",,"native-1003","Native MFCL / INI 1003"
1971,"fishing_mortality",0.0186768086419571,"per year","Region 2","Population-number-weighted fishing mortality across ages and regions at report censuses, annualized from seasonal integrated F",,"native-1003","Native MFCL / INI 1003"
1972,"fishing_mortality",0.0337125927638732,"per year","Region 2","Population-number-weighted fishing mortality across ages and regions at report censuses, annualized from seasonal integrated F",,"native-1003","Native MFCL / INI 1003"
1973,"fishing_mortality",0.0179093119765304,"per year","Region 2","Population-number-weighted fishing mortality across ages and regions at report censuses, annualized from seasonal integrated F",,"native-1003","Native MFCL / INI 1003"
1974,"fishing_mortality",0.00673645803912767,"per year","Region 2","Population-number-weighted fishing mortality across ages and regions at report censuses, annualized from seasonal integrated F",,"native-1003","Native MFCL / INI 1003"
1975,"fishing_mortality",0.00592523629215541,"per year","Region 2","Population-number-weighted fishing mortality across ages and regions at report censuses, annualized from seasonal integrated F",,"native-1003","Native MFCL / INI 1003"
1976,"fishing_mortality",0.00613895256640462,"per year","Region 2","Population-number-weighted fishing mortality across ages and regions at report censuses, annualized from seasonal integrated F",,"native-1003","Native MFCL / INI 1003"
1977,"fishing_mortality",0.00923705950391314,"per year","Region 2","Population-number-weighted fishing mortality across ages and regions at report censuses, annualized from seasonal integrated F",,"native-1003","Native MFCL / INI 1003"
1978,"fishing_mortality",0.0233288958530233,"per year","Region 2","Population-number-weighted fishing mortality across ages and regions at report censuses, annualized from seasonal integrated F",,"native-1003","Native MFCL / INI 1003"
1979,"fishing_mortality",0.00901432912870229,"per year","Region 2","Population-number-weighted fishing mortality across ages and regions at report censuses, annualized from seasonal integrated F",,"native-1003","Native MFCL / INI 1003"
1980,"fishing_mortality",0.00754978341385809,"per year","Region 2","Population-number-weighted fishing mortality across ages and regions at report censuses, annualized from seasonal integrated F",,"native-1003","Native MFCL / INI 1003"
1981,"fishing_mortality",0.00984778714487412,"per year","Region 2","Population-number-weighted fishing mortality across ages and regions at report censuses, annualized from seasonal integrated F",,"native-1003","Native MFCL / INI 1003"
1982,"fishing_mortality",0.0108968627589523,"per year","Region 2","Population-number-weighted fishing mortality across ages and regions at report censuses, annualized from seasonal integrated F",,"native-1003","Native MFCL / INI 1003"
1983,"fishing_mortality",0.00832395101274208,"per year","Region 2","Population-number-weighted fishing mortality across ages and regions at report censuses, annualized from seasonal integrated F",,"native-1003","Native MFCL / INI 1003"
1984,"fishing_mortality",0.00585426370853954,"per year","Region 2","Population-number-weighted fishing mortality across ages and regions at report censuses, annualized from seasonal integrated F",,"native-1003","Native MFCL / INI 1003"
1985,"fishing_mortality",0.00620255520304331,"per year","Region 2","Population-number-weighted fishing mortality across ages and regions at report censuses, annualized from seasonal integrated F",,"native-1003","Native MFCL / INI 1003"
1986,"fishing_mortality",0.0106645753025708,"per year","Region 2","Population-number-weighted fishing mortality across ages and regions at report censuses, annualized from seasonal integrated F",,"native-1003","Native MFCL / INI 1003"
1987,"fishing_mortality",0.0172413012580754,"per year","Region 2","Population-number-weighted fishing mortality across ages and regions at report censuses, annualized from seasonal integrated F",,"native-1003","Native MFCL / INI 1003"
1988,"fishing_mortality",0.0113587605333807,"per year","Region 2","Population-number-weighted fishing mortality across ages and regions at report censuses, annualized from seasonal integrated F",,"native-1003","Native MFCL / INI 1003"
1989,"fishing_mortality",0.0102346764792225,"per year","Region 2","Population-number-weighted fishing mortality across ages and regions at report censuses, annualized from seasonal integrated F",,"native-1003","Native MFCL / INI 1003"
1990,"fishing_mortality",0.00755735705934755,"per year","Region 2","Population-number-weighted fishing mortality across ages and regions at report censuses, annualized from seasonal integrated F",,"native-1003","Native MFCL / INI 1003"
1991,"fishing_mortality",0.00999359772747163,"per year","Region 2","Population-number-weighted fishing mortality across ages and regions at report censuses, annualized from seasonal integrated F",,"native-1003","Native MFCL / INI 1003"
1992,"fishing_mortality",0.0137219229081721,"per year","Region 2","Population-number-weighted fishing mortality across ages and regions at report censuses, annualized from seasonal integrated F",,"native-1003","Native MFCL / INI 1003"
1993,"fishing_mortality",0.0101548889864578,"per year","Region 2","Population-number-weighted fishing mortality across ages and regions at report censuses, annualized from seasonal integrated F",,"native-1003","Native MFCL / INI 1003"
1994,"fishing_mortality",0.012125338760077,"per year","Region 2","Population-number-weighted fishing mortality across ages and regions at report censuses, annualized from seasonal integrated F",,"native-1003","Native MFCL / INI 1003"
1995,"fishing_mortality",0.00621756967194227,"per year","Region 2","Population-number-weighted fishing mortality across ages and regions at report censuses, annualized from seasonal integrated F",,"native-1003","Native MFCL / INI 1003"
1996,"fishing_mortality",0.00688658502976463,"per year","Region 2","Population-number-weighted fishing mortality across ages and regions at report censuses, annualized from seasonal integrated F",,"native-1003","Native MFCL / INI 1003"
1997,"fishing_mortality",0.0079693765006927,"per year","Region 2","Population-number-weighted fishing mortality across ages and regions at report censuses, annualized from seasonal integrated F",,"native-1003","Native MFCL / INI 1003"
1998,"fishing_mortality",0.0183409809721172,"per year","Region 2","Population-number-weighted fishing mortality across ages and regions at report censuses, annualized from seasonal integrated F",,"native-1003","Native MFCL / INI 1003"
1999,"fishing_mortality",0.00744613180124756,"per year","Region 2","Population-number-weighted fishing mortality across ages and regions at report censuses, annualized from seasonal integrated F",,"native-1003","Native MFCL / INI 1003"
2000,"fishing_mortality",0.0149593545893334,"per year","Region 2","Population-number-weighted fishing mortality across ages and regions at report censuses, annualized from seasonal integrated F",,"native-1003","Native MFCL / INI 1003"
2001,"fishing_mortality",0.0111246897135214,"per year","Region 2","Population-number-weighted fishing mortality across ages and regions at report censuses, annualized from seasonal integrated F",,"native-1003","Native MFCL / INI 1003"
2002,"fishing_mortality",0.0219756382576086,"per year","Region 2","Population-number-weighted fishing mortality across ages and regions at report censuses, annualized from seasonal integrated F",,"native-1003","Native MFCL / INI 1003"
2003,"fishing_mortality",0.020316717861753,"per year","Region 2","Population-number-weighted fishing mortality across ages and regions at report censuses, annualized from seasonal integrated F",,"native-1003","Native MFCL / INI 1003"
2004,"fishing_mortality",0.0195811476574985,"per year","Region 2","Population-number-weighted fishing mortality across ages and regions at report censuses, annualized from seasonal integrated F",,"native-1003","Native MFCL / INI 1003"
2005,"fishing_mortality",0.0295875772319076,"per year","Region 2","Population-number-weighted fishing mortality across ages and regions at report censuses, annualized from seasonal integrated F",,"native-1003","Native MFCL / INI 1003"
2006,"fishing_mortality",0.0193617545618692,"per year","Region 2","Population-number-weighted fishing mortality across ages and regions at report censuses, annualized from seasonal integrated F",,"native-1003","Native MFCL / INI 1003"
2007,"fishing_mortality",0.00683551930257129,"per year","Region 2","Population-number-weighted fishing mortality across ages and regions at report censuses, annualized from seasonal integrated F",,"native-1003","Native MFCL / INI 1003"
2008,"fishing_mortality",0.0125457492467772,"per year","Region 2","Population-number-weighted fishing mortality across ages and regions at report censuses, annualized from seasonal integrated F",,"native-1003","Native MFCL / INI 1003"
2009,"fishing_mortality",0.0119047970041251,"per year","Region 2","Population-number-weighted fishing mortality across ages and regions at report censuses, annualized from seasonal integrated F",,"native-1003","Native MFCL / INI 1003"
2010,"fishing_mortality",0.0118851770293732,"per year","Region 2","Population-number-weighted fishing mortality across ages and regions at report censuses, annualized from seasonal integrated F",,"native-1003","Native MFCL / INI 1003"
2011,"fishing_mortality",0.0187411845250793,"per year","Region 2","Population-number-weighted fishing mortality across ages and regions at report censuses, annualized from seasonal integrated F",,"native-1003","Native MFCL / INI 1003"
2012,"fishing_mortality",0.0271508698046781,"per year","Region 2","Population-number-weighted fishing mortality across ages and regions at report censuses, annualized from seasonal integrated F",,"native-1003","Native MFCL / INI 1003"
2013,"fishing_mortality",0.0328542302764043,"per year","Region 2","Population-number-weighted fishing mortality across ages and regions at report censuses, annualized from seasonal integrated F",,"native-1003","Native MFCL / INI 1003"
2014,"fishing_mortality",0.0326821665146525,"per year","Region 2","Population-number-weighted fishing mortality across ages and regions at report censuses, annualized from seasonal integrated F",,"native-1003","Native MFCL / INI 1003"
2015,"fishing_mortality",0.0552263859959139,"per year","Region 2","Population-number-weighted fishing mortality across ages and regions at report censuses, annualized from seasonal integrated F",,"native-1003","Native MFCL / INI 1003"
2016,"fishing_mortality",0.0502403716728495,"per year","Region 2","Population-number-weighted fishing mortality across ages and regions at report censuses, annualized from seasonal integrated F",,"native-1003","Native MFCL / INI 1003"
2017,"fishing_mortality",0.0540671311879,"per year","Region 2","Population-number-weighted fishing mortality across ages and regions at report censuses, annualized from seasonal integrated F",,"native-1003","Native MFCL / INI 1003"
2018,"fishing_mortality",0.0401486822143256,"per year","Region 2","Population-number-weighted fishing mortality across ages and regions at report censuses, annualized from seasonal integrated F",,"native-1003","Native MFCL / INI 1003"
2019,"fishing_mortality",0.0208425236624042,"per year","Region 2","Population-number-weighted fishing mortality across ages and regions at report censuses, annualized from seasonal integrated F",,"native-1003","Native MFCL / INI 1003"
2020,"fishing_mortality",0.0268460459318006,"per year","Region 2","Population-number-weighted fishing mortality across ages and regions at report censuses, annualized from seasonal integrated F",,"native-1003","Native MFCL / INI 1003"
2021,"fishing_mortality",0.0610739697931055,"per year","Region 2","Population-number-weighted fishing mortality across ages and regions at report censuses, annualized from seasonal integrated F",,"native-1003","Native MFCL / INI 1003"
2022,"fishing_mortality",0.0253792446821152,"per year","Region 2","Population-number-weighted fishing mortality across ages and regions at report censuses, annualized from seasonal integrated F",,"native-1003","Native MFCL / INI 1003"
1954,"fishing_mortality",0.00149113223217861,"per year","all","Population-number-weighted fishing mortality across ages and regions at report censuses, annualized from seasonal integrated F",,"native-1003","Native MFCL / INI 1003"
1955,"fishing_mortality",0.00214447495139981,"per year","all","Population-number-weighted fishing mortality across ages and regions at report censuses, annualized from seasonal integrated F",,"native-1003","Native MFCL / INI 1003"
1956,"fishing_mortality",0.0014243681769065,"per year","all","Population-number-weighted fishing mortality across ages and regions at report censuses, annualized from seasonal integrated F",,"native-1003","Native MFCL / INI 1003"
1957,"fishing_mortality",0.00236805933390351,"per year","all","Population-number-weighted fishing mortality across ages and regions at report censuses, annualized from seasonal integrated F",,"native-1003","Native MFCL / INI 1003"
1958,"fishing_mortality",0.0041206077110922,"per year","all","Population-number-weighted fishing mortality across ages and regions at report censuses, annualized from seasonal integrated F",,"native-1003","Native MFCL / INI 1003"
1959,"fishing_mortality",0.0073757219063523,"per year","all","Population-number-weighted fishing mortality across ages and regions at report censuses, annualized from seasonal integrated F",,"native-1003","Native MFCL / INI 1003"
1960,"fishing_mortality",0.0108160865270698,"per year","all","Population-number-weighted fishing mortality across ages and regions at report censuses, annualized from seasonal integrated F",,"native-1003","Native MFCL / INI 1003"
1961,"fishing_mortality",0.0106571195795126,"per year","all","Population-number-weighted fishing mortality across ages and regions at report censuses, annualized from seasonal integrated F",,"native-1003","Native MFCL / INI 1003"
1962,"fishing_mortality",0.0102923321989428,"per year","all","Population-number-weighted fishing mortality across ages and regions at report censuses, annualized from seasonal integrated F",,"native-1003","Native MFCL / INI 1003"
1963,"fishing_mortality",0.00770154701395925,"per year","all","Population-number-weighted fishing mortality across ages and regions at report censuses, annualized from seasonal integrated F",,"native-1003","Native MFCL / INI 1003"
1964,"fishing_mortality",0.00895838436880218,"per year","all","Population-number-weighted fishing mortality across ages and regions at report censuses, annualized from seasonal integrated F",,"native-1003","Native MFCL / INI 1003"
1965,"fishing_mortality",0.0147674258166926,"per year","all","Population-number-weighted fishing mortality across ages and regions at report censuses, annualized from seasonal integrated F",,"native-1003","Native MFCL / INI 1003"
1966,"fishing_mortality",0.0236568099716583,"per year","all","Population-number-weighted fishing mortality across ages and regions at report censuses, annualized from seasonal integrated F",,"native-1003","Native MFCL / INI 1003"
1967,"fishing_mortality",0.0264373179522849,"per year","all","Population-number-weighted fishing mortality across ages and regions at report censuses, annualized from seasonal integrated F",,"native-1003","Native MFCL / INI 1003"
1968,"fishing_mortality",0.0218367172120986,"per year","all","Population-number-weighted fishing mortality across ages and regions at report censuses, annualized from seasonal integrated F",,"native-1003","Native MFCL / INI 1003"
1969,"fishing_mortality",0.0185660119960615,"per year","all","Population-number-weighted fishing mortality across ages and regions at report censuses, annualized from seasonal integrated F",,"native-1003","Native MFCL / INI 1003"
1970,"fishing_mortality",0.0254683372267912,"per year","all","Population-number-weighted fishing mortality across ages and regions at report censuses, annualized from seasonal integrated F",,"native-1003","Native MFCL / INI 1003"
1971,"fishing_mortality",0.0342105330272503,"per year","all","Population-number-weighted fishing mortality across ages and regions at report censuses, annualized from seasonal integrated F",,"native-1003","Native MFCL / INI 1003"
1972,"fishing_mortality",0.0350686542540263,"per year","all","Population-number-weighted fishing mortality across ages and regions at report censuses, annualized from seasonal integrated F",,"native-1003","Native MFCL / INI 1003"
1973,"fishing_mortality",0.031187035744254,"per year","all","Population-number-weighted fishing mortality across ages and regions at report censuses, annualized from seasonal integrated F",,"native-1003","Native MFCL / INI 1003"
1974,"fishing_mortality",0.0194002193750333,"per year","all","Population-number-weighted fishing mortality across ages and regions at report censuses, annualized from seasonal integrated F",,"native-1003","Native MFCL / INI 1003"
1975,"fishing_mortality",0.0117564373223741,"per year","all","Population-number-weighted fishing mortality across ages and regions at report censuses, annualized from seasonal integrated F",,"native-1003","Native MFCL / INI 1003"
1976,"fishing_mortality",0.0137819682401578,"per year","all","Population-number-weighted fishing mortality across ages and regions at report censuses, annualized from seasonal integrated F",,"native-1003","Native MFCL / INI 1003"
1977,"fishing_mortality",0.0298678703190904,"per year","all","Population-number-weighted fishing mortality across ages and regions at report censuses, annualized from seasonal integrated F",,"native-1003","Native MFCL / INI 1003"
1978,"fishing_mortality",0.0359155915783878,"per year","all","Population-number-weighted fishing mortality across ages and regions at report censuses, annualized from seasonal integrated F",,"native-1003","Native MFCL / INI 1003"
1979,"fishing_mortality",0.0235008549365132,"per year","all","Population-number-weighted fishing mortality across ages and regions at report censuses, annualized from seasonal integrated F",,"native-1003","Native MFCL / INI 1003"
1980,"fishing_mortality",0.0223887682105345,"per year","all","Population-number-weighted fishing mortality across ages and regions at report censuses, annualized from seasonal integrated F",,"native-1003","Native MFCL / INI 1003"
1981,"fishing_mortality",0.0226859546002917,"per year","all","Population-number-weighted fishing mortality across ages and regions at report censuses, annualized from seasonal integrated F",,"native-1003","Native MFCL / INI 1003"
1982,"fishing_mortality",0.0237081928162712,"per year","all","Population-number-weighted fishing mortality across ages and regions at report censuses, annualized from seasonal integrated F",,"native-1003","Native MFCL / INI 1003"
1983,"fishing_mortality",0.0209983245004665,"per year","all","Population-number-weighted fishing mortality across ages and regions at report censuses, annualized from seasonal integrated F",,"native-1003","Native MFCL / INI 1003"
1984,"fishing_mortality",0.0226884137871074,"per year","all","Population-number-weighted fishing mortality across ages and regions at report censuses, annualized from seasonal integrated F",,"native-1003","Native MFCL / INI 1003"
1985,"fishing_mortality",0.0297234449904323,"per year","all","Population-number-weighted fishing mortality across ages and regions at report censuses, annualized from seasonal integrated F",,"native-1003","Native MFCL / INI 1003"
1986,"fishing_mortality",0.0321153013064918,"per year","all","Population-number-weighted fishing mortality across ages and regions at report censuses, annualized from seasonal integrated F",,"native-1003","Native MFCL / INI 1003"
1987,"fishing_mortality",0.0212131404058581,"per year","all","Population-number-weighted fishing mortality across ages and regions at report censuses, annualized from seasonal integrated F",,"native-1003","Native MFCL / INI 1003"
1988,"fishing_mortality",0.0280566919085606,"per year","all","Population-number-weighted fishing mortality across ages and regions at report censuses, annualized from seasonal integrated F",,"native-1003","Native MFCL / INI 1003"
1989,"fishing_mortality",0.0540761540290812,"per year","all","Population-number-weighted fishing mortality across ages and regions at report censuses, annualized from seasonal integrated F",,"native-1003","Native MFCL / INI 1003"
1990,"fishing_mortality",0.0332542523855526,"per year","all","Population-number-weighted fishing mortality across ages and regions at report censuses, annualized from seasonal integrated F",,"native-1003","Native MFCL / INI 1003"
1991,"fishing_mortality",0.0256307046138271,"per year","all","Population-number-weighted fishing mortality across ages and regions at report censuses, annualized from seasonal integrated F",,"native-1003","Native MFCL / INI 1003"
1992,"fishing_mortality",0.0311450589976627,"per year","all","Population-number-weighted fishing mortality across ages and regions at report censuses, annualized from seasonal integrated F",,"native-1003","Native MFCL / INI 1003"
1993,"fishing_mortality",0.026479840761793,"per year","all","Population-number-weighted fishing mortality across ages and regions at report censuses, annualized from seasonal integrated F",,"native-1003","Native MFCL / INI 1003"
1994,"fishing_mortality",0.0292291917553393,"per year","all","Population-number-weighted fishing mortality across ages and regions at report censuses, annualized from seasonal integrated F",,"native-1003","Native MFCL / INI 1003"
1995,"fishing_mortality",0.0216883332848626,"per year","all","Population-number-weighted fishing mortality across ages and regions at report censuses, annualized from seasonal integrated F",,"native-1003","Native MFCL / INI 1003"
1996,"fishing_mortality",0.0301898184269007,"per year","all","Population-number-weighted fishing mortality across ages and regions at report censuses, annualized from seasonal integrated F",,"native-1003","Native MFCL / INI 1003"
1997,"fishing_mortality",0.0282164092970973,"per year","all","Population-number-weighted fishing mortality across ages and regions at report censuses, annualized from seasonal integrated F",,"native-1003","Native MFCL / INI 1003"
1998,"fishing_mortality",0.050643487511731,"per year","all","Population-number-weighted fishing mortality across ages and regions at report censuses, annualized from seasonal integrated F",,"native-1003","Native MFCL / INI 1003"
1999,"fishing_mortality",0.0193442833507533,"per year","all","Population-number-weighted fishing mortality across ages and regions at report censuses, annualized from seasonal integrated F",,"native-1003","Native MFCL / INI 1003"
2000,"fishing_mortality",0.0360044556017279,"per year","all","Population-number-weighted fishing mortality across ages and regions at report censuses, annualized from seasonal integrated F",,"native-1003","Native MFCL / INI 1003"
2001,"fishing_mortality",0.0345053888720523,"per year","all","Population-number-weighted fishing mortality across ages and regions at report censuses, annualized from seasonal integrated F",,"native-1003","Native MFCL / INI 1003"
2002,"fishing_mortality",0.0397445022683993,"per year","all","Population-number-weighted fishing mortality across ages and regions at report censuses, annualized from seasonal integrated F",,"native-1003","Native MFCL / INI 1003"
2003,"fishing_mortality",0.0338350972067225,"per year","all","Population-number-weighted fishing mortality across ages and regions at report censuses, annualized from seasonal integrated F",,"native-1003","Native MFCL / INI 1003"
2004,"fishing_mortality",0.0428041016587416,"per year","all","Population-number-weighted fishing mortality across ages and regions at report censuses, annualized from seasonal integrated F",,"native-1003","Native MFCL / INI 1003"
2005,"fishing_mortality",0.0493851085670385,"per year","all","Population-number-weighted fishing mortality across ages and regions at report censuses, annualized from seasonal integrated F",,"native-1003","Native MFCL / INI 1003"
2006,"fishing_mortality",0.0399230111066713,"per year","all","Population-number-weighted fishing mortality across ages and regions at report censuses, annualized from seasonal integrated F",,"native-1003","Native MFCL / INI 1003"
2007,"fishing_mortality",0.0273816700333086,"per year","all","Population-number-weighted fishing mortality across ages and regions at report censuses, annualized from seasonal integrated F",,"native-1003","Native MFCL / INI 1003"
2008,"fishing_mortality",0.0317427228424561,"per year","all","Population-number-weighted fishing mortality across ages and regions at report censuses, annualized from seasonal integrated F",,"native-1003","Native MFCL / INI 1003"
2009,"fishing_mortality",0.040751159207864,"per year","all","Population-number-weighted fishing mortality across ages and regions at report censuses, annualized from seasonal integrated F",,"native-1003","Native MFCL / INI 1003"
2010,"fishing_mortality",0.046076001790203,"per year","all","Population-number-weighted fishing mortality across ages and regions at report censuses, annualized from seasonal integrated F",,"native-1003","Native MFCL / INI 1003"
2011,"fishing_mortality",0.0288516578163519,"per year","all","Population-number-weighted fishing mortality across ages and regions at report censuses, annualized from seasonal integrated F",,"native-1003","Native MFCL / INI 1003"
2012,"fishing_mortality",0.0420248298091873,"per year","all","Population-number-weighted fishing mortality across ages and regions at report censuses, annualized from seasonal integrated F",,"native-1003","Native MFCL / INI 1003"
2013,"fishing_mortality",0.0487431084974212,"per year","all","Population-number-weighted fishing mortality across ages and regions at report censuses, annualized from seasonal integrated F",,"native-1003","Native MFCL / INI 1003"
2014,"fishing_mortality",0.0432350250895116,"per year","all","Population-number-weighted fishing mortality across ages and regions at report censuses, annualized from seasonal integrated F",,"native-1003","Native MFCL / INI 1003"
2015,"fishing_mortality",0.0467774276645573,"per year","all","Population-number-weighted fishing mortality across ages and regions at report censuses, annualized from seasonal integrated F",,"native-1003","Native MFCL / INI 1003"
2016,"fishing_mortality",0.051669921469889,"per year","all","Population-number-weighted fishing mortality across ages and regions at report censuses, annualized from seasonal integrated F",,"native-1003","Native MFCL / INI 1003"
2017,"fishing_mortality",0.0654419965247722,"per year","all","Population-number-weighted fishing mortality across ages and regions at report censuses, annualized from seasonal integrated F",,"native-1003","Native MFCL / INI 1003"
2018,"fishing_mortality",0.0436409780829559,"per year","all","Population-number-weighted fishing mortality across ages and regions at report censuses, annualized from seasonal integrated F",,"native-1003","Native MFCL / INI 1003"
2019,"fishing_mortality",0.0386734760782136,"per year","all","Population-number-weighted fishing mortality across ages and regions at report censuses, annualized from seasonal integrated F",,"native-1003","Native MFCL / INI 1003"
2020,"fishing_mortality",0.0408596686650793,"per year","all","Population-number-weighted fishing mortality across ages and regions at report censuses, annualized from seasonal integrated F",,"native-1003","Native MFCL / INI 1003"
2021,"fishing_mortality",0.0389350647383587,"per year","all","Population-number-weighted fishing mortality across ages and regions at report censuses, annualized from seasonal integrated F",,"native-1003","Native MFCL / INI 1003"
2022,"fishing_mortality",0.0462056163737052,"per year","all","Population-number-weighted fishing mortality across ages and regions at report censuses, annualized from seasonal integrated F",,"native-1003","Native MFCL / INI 1003"
1954,"total_biomass",2002400,"t","Region 1","MFCL report census total_biomass",,"native-1007","Native MFCL / INI 1007"
1954,"total_biomass",584680,"t","Region 2","MFCL report census total_biomass",,"native-1007","Native MFCL / INI 1007"
1955,"total_biomass",1990900,"t","Region 1","MFCL report census total_biomass",,"native-1007","Native MFCL / INI 1007"
1955,"total_biomass",567600,"t","Region 2","MFCL report census total_biomass",,"native-1007","Native MFCL / INI 1007"
1956,"total_biomass",1961500,"t","Region 1","MFCL report census total_biomass",,"native-1007","Native MFCL / INI 1007"
1956,"total_biomass",563800,"t","Region 2","MFCL report census total_biomass",,"native-1007","Native MFCL / INI 1007"
1957,"total_biomass",1850800,"t","Region 1","MFCL report census total_biomass",,"native-1007","Native MFCL / INI 1007"
1957,"total_biomass",537680,"t","Region 2","MFCL report census total_biomass",,"native-1007","Native MFCL / INI 1007"
1958,"total_biomass",1776100,"t","Region 1","MFCL report census total_biomass",,"native-1007","Native MFCL / INI 1007"
1958,"total_biomass",521630,"t","Region 2","MFCL report census total_biomass",,"native-1007","Native MFCL / INI 1007"
1959,"total_biomass",1582800,"t","Region 1","MFCL report census total_biomass",,"native-1007","Native MFCL / INI 1007"
1959,"total_biomass",485680,"t","Region 2","MFCL report census total_biomass",,"native-1007","Native MFCL / INI 1007"
1960,"total_biomass",1359200,"t","Region 1","MFCL report census total_biomass",,"native-1007","Native MFCL / INI 1007"
1960,"total_biomass",439150,"t","Region 2","MFCL report census total_biomass",,"native-1007","Native MFCL / INI 1007"
1961,"total_biomass",1221200,"t","Region 1","MFCL report census total_biomass",,"native-1007","Native MFCL / INI 1007"
1961,"total_biomass",407690,"t","Region 2","MFCL report census total_biomass",,"native-1007","Native MFCL / INI 1007"
1962,"total_biomass",1165000,"t","Region 1","MFCL report census total_biomass",,"native-1007","Native MFCL / INI 1007"
1962,"total_biomass",388170,"t","Region 2","MFCL report census total_biomass",,"native-1007","Native MFCL / INI 1007"
1963,"total_biomass",1176300,"t","Region 1","MFCL report census total_biomass",,"native-1007","Native MFCL / INI 1007"
1963,"total_biomass",375450,"t","Region 2","MFCL report census total_biomass",,"native-1007","Native MFCL / INI 1007"
1964,"total_biomass",1087800,"t","Region 1","MFCL report census total_biomass",,"native-1007","Native MFCL / INI 1007"
1964,"total_biomass",333670,"t","Region 2","MFCL report census total_biomass",,"native-1007","Native MFCL / INI 1007"
1965,"total_biomass",961680,"t","Region 1","MFCL report census total_biomass",,"native-1007","Native MFCL / INI 1007"
1965,"total_biomass",293120,"t","Region 2","MFCL report census total_biomass",,"native-1007","Native MFCL / INI 1007"
1966,"total_biomass",913820,"t","Region 1","MFCL report census total_biomass",,"native-1007","Native MFCL / INI 1007"
1966,"total_biomass",283650,"t","Region 2","MFCL report census total_biomass",,"native-1007","Native MFCL / INI 1007"
1967,"total_biomass",828650,"t","Region 1","MFCL report census total_biomass",,"native-1007","Native MFCL / INI 1007"
1967,"total_biomass",266540,"t","Region 2","MFCL report census total_biomass",,"native-1007","Native MFCL / INI 1007"
1968,"total_biomass",748260,"t","Region 1","MFCL report census total_biomass",,"native-1007","Native MFCL / INI 1007"
1968,"total_biomass",242420,"t","Region 2","MFCL report census total_biomass",,"native-1007","Native MFCL / INI 1007"
1969,"total_biomass",681470,"t","Region 1","MFCL report census total_biomass",,"native-1007","Native MFCL / INI 1007"
1969,"total_biomass",216840,"t","Region 2","MFCL report census total_biomass",,"native-1007","Native MFCL / INI 1007"
1970,"total_biomass",626910,"t","Region 1","MFCL report census total_biomass",,"native-1007","Native MFCL / INI 1007"
1970,"total_biomass",197480,"t","Region 2","MFCL report census total_biomass",,"native-1007","Native MFCL / INI 1007"
1971,"total_biomass",575130,"t","Region 1","MFCL report census total_biomass",,"native-1007","Native MFCL / INI 1007"
1971,"total_biomass",181670,"t","Region 2","MFCL report census total_biomass",,"native-1007","Native MFCL / INI 1007"
1972,"total_biomass",527330,"t","Region 1","MFCL report census total_biomass",,"native-1007","Native MFCL / INI 1007"
1972,"total_biomass",166460,"t","Region 2","MFCL report census total_biomass",,"native-1007","Native MFCL / INI 1007"
1973,"total_biomass",537330,"t","Region 1","MFCL report census total_biomass",,"native-1007","Native MFCL / INI 1007"
1973,"total_biomass",160870,"t","Region 2","MFCL report census total_biomass",,"native-1007","Native MFCL / INI 1007"
1974,"total_biomass",622530,"t","Region 1","MFCL report census total_biomass",,"native-1007","Native MFCL / INI 1007"
1974,"total_biomass",175350,"t","Region 2","MFCL report census total_biomass",,"native-1007","Native MFCL / INI 1007"
1975,"total_biomass",629890,"t","Region 1","MFCL report census total_biomass",,"native-1007","Native MFCL / INI 1007"
1975,"total_biomass",171430,"t","Region 2","MFCL report census total_biomass",,"native-1007","Native MFCL / INI 1007"
1976,"total_biomass",614350,"t","Region 1","MFCL report census total_biomass",,"native-1007","Native MFCL / INI 1007"
1976,"total_biomass",163080,"t","Region 2","MFCL report census total_biomass",,"native-1007","Native MFCL / INI 1007"
1977,"total_biomass",593000,"t","Region 1","MFCL report census total_biomass",,"native-1007","Native MFCL / INI 1007"
1977,"total_biomass",161770,"t","Region 2","MFCL report census total_biomass",,"native-1007","Native MFCL / INI 1007"
1978,"total_biomass",556630,"t","Region 1","MFCL report census total_biomass",,"native-1007","Native MFCL / INI 1007"
1978,"total_biomass",162030,"t","Region 2","MFCL report census total_biomass",,"native-1007","Native MFCL / INI 1007"
1979,"total_biomass",523090,"t","Region 1","MFCL report census total_biomass",,"native-1007","Native MFCL / INI 1007"
1979,"total_biomass",156240,"t","Region 2","MFCL report census total_biomass",,"native-1007","Native MFCL / INI 1007"
1980,"total_biomass",536520,"t","Region 1","MFCL report census total_biomass",,"native-1007","Native MFCL / INI 1007"
1980,"total_biomass",158160,"t","Region 2","MFCL report census total_biomass",,"native-1007","Native MFCL / INI 1007"
1981,"total_biomass",536810,"t","Region 1","MFCL report census total_biomass",,"native-1007","Native MFCL / INI 1007"
1981,"total_biomass",155950,"t","Region 2","MFCL report census total_biomass",,"native-1007","Native MFCL / INI 1007"
1982,"total_biomass",530210,"t","Region 1","MFCL report census total_biomass",,"native-1007","Native MFCL / INI 1007"
1982,"total_biomass",150360,"t","Region 2","MFCL report census total_biomass",,"native-1007","Native MFCL / INI 1007"
1983,"total_biomass",537400,"t","Region 1","MFCL report census total_biomass",,"native-1007","Native MFCL / INI 1007"
1983,"total_biomass",149010,"t","Region 2","MFCL report census total_biomass",,"native-1007","Native MFCL / INI 1007"
1984,"total_biomass",565020,"t","Region 1","MFCL report census total_biomass",,"native-1007","Native MFCL / INI 1007"
1984,"total_biomass",155310,"t","Region 2","MFCL report census total_biomass",,"native-1007","Native MFCL / INI 1007"
1985,"total_biomass",534470,"t","Region 1","MFCL report census total_biomass",,"native-1007","Native MFCL / INI 1007"
1985,"total_biomass",148820,"t","Region 2","MFCL report census total_biomass",,"native-1007","Native MFCL / INI 1007"
1986,"total_biomass",530590,"t","Region 1","MFCL report census total_biomass",,"native-1007","Native MFCL / INI 1007"
1986,"total_biomass",149880,"t","Region 2","MFCL report census total_biomass",,"native-1007","Native MFCL / INI 1007"
1987,"total_biomass",536160,"t","Region 1","MFCL report census total_biomass",,"native-1007","Native MFCL / INI 1007"
1987,"total_biomass",151630,"t","Region 2","MFCL report census total_biomass",,"native-1007","Native MFCL / INI 1007"
1988,"total_biomass",569250,"t","Region 1","MFCL report census total_biomass",,"native-1007","Native MFCL / INI 1007"
1988,"total_biomass",158100,"t","Region 2","MFCL report census total_biomass",,"native-1007","Native MFCL / INI 1007"
1989,"total_biomass",608010,"t","Region 1","MFCL report census total_biomass",,"native-1007","Native MFCL / INI 1007"
1989,"total_biomass",164310,"t","Region 2","MFCL report census total_biomass",,"native-1007","Native MFCL / INI 1007"
1990,"total_biomass",567860,"t","Region 1","MFCL report census total_biomass",,"native-1007","Native MFCL / INI 1007"
1990,"total_biomass",157920,"t","Region 2","MFCL report census total_biomass",,"native-1007","Native MFCL / INI 1007"
1991,"total_biomass",619540,"t","Region 1","MFCL report census total_biomass",,"native-1007","Native MFCL / INI 1007"
1991,"total_biomass",168170,"t","Region 2","MFCL report census total_biomass",,"native-1007","Native MFCL / INI 1007"
1992,"total_biomass",628700,"t","Region 1","MFCL report census total_biomass",,"native-1007","Native MFCL / INI 1007"
1992,"total_biomass",171020,"t","Region 2","MFCL report census total_biomass",,"native-1007","Native MFCL / INI 1007"
1993,"total_biomass",637210,"t","Region 1","MFCL report census total_biomass",,"native-1007","Native MFCL / INI 1007"
1993,"total_biomass",176210,"t","Region 2","MFCL report census total_biomass",,"native-1007","Native MFCL / INI 1007"
1994,"total_biomass",669820,"t","Region 1","MFCL report census total_biomass",,"native-1007","Native MFCL / INI 1007"
1994,"total_biomass",183910,"t","Region 2","MFCL report census total_biomass",,"native-1007","Native MFCL / INI 1007"
1995,"total_biomass",715680,"t","Region 1","MFCL report census total_biomass",,"native-1007","Native MFCL / INI 1007"
1995,"total_biomass",196450,"t","Region 2","MFCL report census total_biomass",,"native-1007","Native MFCL / INI 1007"
1996,"total_biomass",707170,"t","Region 1","MFCL report census total_biomass",,"native-1007","Native MFCL / INI 1007"
1996,"total_biomass",193640,"t","Region 2","MFCL report census total_biomass",,"native-1007","Native MFCL / INI 1007"
1997,"total_biomass",692580,"t","Region 1","MFCL report census total_biomass",,"native-1007","Native MFCL / INI 1007"
1997,"total_biomass",191360,"t","Region 2","MFCL report census total_biomass",,"native-1007","Native MFCL / INI 1007"
1998,"total_biomass",645800,"t","Region 1","MFCL report census total_biomass",,"native-1007","Native MFCL / INI 1007"
1998,"total_biomass",182870,"t","Region 2","MFCL report census total_biomass",,"native-1007","Native MFCL / INI 1007"
1999,"total_biomass",708820,"t","Region 1","MFCL report census total_biomass",,"native-1007","Native MFCL / INI 1007"
1999,"total_biomass",201390,"t","Region 2","MFCL report census total_biomass",,"native-1007","Native MFCL / INI 1007"
2000,"total_biomass",657160,"t","Region 1","MFCL report census total_biomass",,"native-1007","Native MFCL / INI 1007"
2000,"total_biomass",184500,"t","Region 2","MFCL report census total_biomass",,"native-1007","Native MFCL / INI 1007"
2001,"total_biomass",698070,"t","Region 1","MFCL report census total_biomass",,"native-1007","Native MFCL / INI 1007"
2001,"total_biomass",191420,"t","Region 2","MFCL report census total_biomass",,"native-1007","Native MFCL / INI 1007"
2002,"total_biomass",753020,"t","Region 1","MFCL report census total_biomass",,"native-1007","Native MFCL / INI 1007"
2002,"total_biomass",205700,"t","Region 2","MFCL report census total_biomass",,"native-1007","Native MFCL / INI 1007"
2003,"total_biomass",791960,"t","Region 1","MFCL report census total_biomass",,"native-1007","Native MFCL / INI 1007"
2003,"total_biomass",210200,"t","Region 2","MFCL report census total_biomass",,"native-1007","Native MFCL / INI 1007"
2004,"total_biomass",757700,"t","Region 1","MFCL report census total_biomass",,"native-1007","Native MFCL / INI 1007"
2004,"total_biomass",199610,"t","Region 2","MFCL report census total_biomass",,"native-1007","Native MFCL / INI 1007"
2005,"total_biomass",738160,"t","Region 1","MFCL report census total_biomass",,"native-1007","Native MFCL / INI 1007"
2005,"total_biomass",199990,"t","Region 2","MFCL report census total_biomass",,"native-1007","Native MFCL / INI 1007"
2006,"total_biomass",749660,"t","Region 1","MFCL report census total_biomass",,"native-1007","Native MFCL / INI 1007"
2006,"total_biomass",204120,"t","Region 2","MFCL report census total_biomass",,"native-1007","Native MFCL / INI 1007"
2007,"total_biomass",812220,"t","Region 1","MFCL report census total_biomass",,"native-1007","Native MFCL / INI 1007"
2007,"total_biomass",219760,"t","Region 2","MFCL report census total_biomass",,"native-1007","Native MFCL / INI 1007"
2008,"total_biomass",798730,"t","Region 1","MFCL report census total_biomass",,"native-1007","Native MFCL / INI 1007"
2008,"total_biomass",216190,"t","Region 2","MFCL report census total_biomass",,"native-1007","Native MFCL / INI 1007"
2009,"total_biomass",823680,"t","Region 1","MFCL report census total_biomass",,"native-1007","Native MFCL / INI 1007"
2009,"total_biomass",218400,"t","Region 2","MFCL report census total_biomass",,"native-1007","Native MFCL / INI 1007"
2010,"total_biomass",860090,"t","Region 1","MFCL report census total_biomass",,"native-1007","Native MFCL / INI 1007"
2010,"total_biomass",232360,"t","Region 2","MFCL report census total_biomass",,"native-1007","Native MFCL / INI 1007"
2011,"total_biomass",890620,"t","Region 1","MFCL report census total_biomass",,"native-1007","Native MFCL / INI 1007"
2011,"total_biomass",242270,"t","Region 2","MFCL report census total_biomass",,"native-1007","Native MFCL / INI 1007"
2012,"total_biomass",884140,"t","Region 1","MFCL report census total_biomass",,"native-1007","Native MFCL / INI 1007"
2012,"total_biomass",230580,"t","Region 2","MFCL report census total_biomass",,"native-1007","Native MFCL / INI 1007"
2013,"total_biomass",856050,"t","Region 1","MFCL report census total_biomass",,"native-1007","Native MFCL / INI 1007"
2013,"total_biomass",223600,"t","Region 2","MFCL report census total_biomass",,"native-1007","Native MFCL / INI 1007"
2014,"total_biomass",855730,"t","Region 1","MFCL report census total_biomass",,"native-1007","Native MFCL / INI 1007"
2014,"total_biomass",227270,"t","Region 2","MFCL report census total_biomass",,"native-1007","Native MFCL / INI 1007"
2015,"total_biomass",845640,"t","Region 1","MFCL report census total_biomass",,"native-1007","Native MFCL / INI 1007"
2015,"total_biomass",224730,"t","Region 2","MFCL report census total_biomass",,"native-1007","Native MFCL / INI 1007"
2016,"total_biomass",781700,"t","Region 1","MFCL report census total_biomass",,"native-1007","Native MFCL / INI 1007"
2016,"total_biomass",201820,"t","Region 2","MFCL report census total_biomass",,"native-1007","Native MFCL / INI 1007"
2017,"total_biomass",707920,"t","Region 1","MFCL report census total_biomass",,"native-1007","Native MFCL / INI 1007"
2017,"total_biomass",186180,"t","Region 2","MFCL report census total_biomass",,"native-1007","Native MFCL / INI 1007"
2018,"total_biomass",754950,"t","Region 1","MFCL report census total_biomass",,"native-1007","Native MFCL / INI 1007"
2018,"total_biomass",200620,"t","Region 2","MFCL report census total_biomass",,"native-1007","Native MFCL / INI 1007"
2019,"total_biomass",777910,"t","Region 1","MFCL report census total_biomass",,"native-1007","Native MFCL / INI 1007"
2019,"total_biomass",200340,"t","Region 2","MFCL report census total_biomass",,"native-1007","Native MFCL / INI 1007"
2020,"total_biomass",792190,"t","Region 1","MFCL report census total_biomass",,"native-1007","Native MFCL / INI 1007"
2020,"total_biomass",204860,"t","Region 2","MFCL report census total_biomass",,"native-1007","Native MFCL / INI 1007"
2021,"total_biomass",796850,"t","Region 1","MFCL report census total_biomass",,"native-1007","Native MFCL / INI 1007"
2021,"total_biomass",203000,"t","Region 2","MFCL report census total_biomass",,"native-1007","Native MFCL / INI 1007"
2022,"total_biomass",808280,"t","Region 1","MFCL report census total_biomass",,"native-1007","Native MFCL / INI 1007"
2022,"total_biomass",195080,"t","Region 2","MFCL report census total_biomass",,"native-1007","Native MFCL / INI 1007"
1954,"dynamic_unfished_total_biomass",2002400,"t","Region 1","MFCL report census dynamic_unfished_total_biomass",,"native-1007","Native MFCL / INI 1007"
1954,"dynamic_unfished_total_biomass",584680,"t","Region 2","MFCL report census dynamic_unfished_total_biomass",,"native-1007","Native MFCL / INI 1007"
1955,"dynamic_unfished_total_biomass",1998100,"t","Region 1","MFCL report census dynamic_unfished_total_biomass",,"native-1007","Native MFCL / INI 1007"
1955,"dynamic_unfished_total_biomass",567820,"t","Region 2","MFCL report census dynamic_unfished_total_biomass",,"native-1007","Native MFCL / INI 1007"
1956,"dynamic_unfished_total_biomass",1976100,"t","Region 1","MFCL report census dynamic_unfished_total_biomass",,"native-1007","Native MFCL / INI 1007"
1956,"dynamic_unfished_total_biomass",565220,"t","Region 2","MFCL report census dynamic_unfished_total_biomass",,"native-1007","Native MFCL / INI 1007"
1957,"dynamic_unfished_total_biomass",1867300,"t","Region 1","MFCL report census dynamic_unfished_total_biomass",,"native-1007","Native MFCL / INI 1007"
1957,"dynamic_unfished_total_biomass",540510,"t","Region 2","MFCL report census dynamic_unfished_total_biomass",,"native-1007","Native MFCL / INI 1007"
1958,"dynamic_unfished_total_biomass",1796900,"t","Region 1","MFCL report census dynamic_unfished_total_biomass",,"native-1007","Native MFCL / INI 1007"
1958,"dynamic_unfished_total_biomass",525750,"t","Region 2","MFCL report census dynamic_unfished_total_biomass",,"native-1007","Native MFCL / INI 1007"
1959,"dynamic_unfished_total_biomass",1612600,"t","Region 1","MFCL report census dynamic_unfished_total_biomass",,"native-1007","Native MFCL / INI 1007"
1959,"dynamic_unfished_total_biomass",491140,"t","Region 2","MFCL report census dynamic_unfished_total_biomass",,"native-1007","Native MFCL / INI 1007"
1960,"dynamic_unfished_total_biomass",1400300,"t","Region 1","MFCL report census dynamic_unfished_total_biomass",,"native-1007","Native MFCL / INI 1007"
1960,"dynamic_unfished_total_biomass",447290,"t","Region 2","MFCL report census dynamic_unfished_total_biomass",,"native-1007","Native MFCL / INI 1007"
1961,"dynamic_unfished_total_biomass",1272300,"t","Region 1","MFCL report census dynamic_unfished_total_biomass",,"native-1007","Native MFCL / INI 1007"
1961,"dynamic_unfished_total_biomass",418580,"t","Region 2","MFCL report census dynamic_unfished_total_biomass",,"native-1007","Native MFCL / INI 1007"
1962,"dynamic_unfished_total_biomass",1224700,"t","Region 1","MFCL report census dynamic_unfished_total_biomass",,"native-1007","Native MFCL / INI 1007"
1962,"dynamic_unfished_total_biomass",401930,"t","Region 2","MFCL report census dynamic_unfished_total_biomass",,"native-1007","Native MFCL / INI 1007"
1963,"dynamic_unfished_total_biomass",1245500,"t","Region 1","MFCL report census dynamic_unfished_total_biomass",,"native-1007","Native MFCL / INI 1007"
1963,"dynamic_unfished_total_biomass",393280,"t","Region 2","MFCL report census dynamic_unfished_total_biomass",,"native-1007","Native MFCL / INI 1007"
1964,"dynamic_unfished_total_biomass",1158400,"t","Region 1","MFCL report census dynamic_unfished_total_biomass",,"native-1007","Native MFCL / INI 1007"
1964,"dynamic_unfished_total_biomass",357840,"t","Region 2","MFCL report census dynamic_unfished_total_biomass",,"native-1007","Native MFCL / INI 1007"
1965,"dynamic_unfished_total_biomass",1031300,"t","Region 1","MFCL report census dynamic_unfished_total_biomass",,"native-1007","Native MFCL / INI 1007"
1965,"dynamic_unfished_total_biomass",320540,"t","Region 2","MFCL report census dynamic_unfished_total_biomass",,"native-1007","Native MFCL / INI 1007"
1966,"dynamic_unfished_total_biomass",988250,"t","Region 1","MFCL report census dynamic_unfished_total_biomass",,"native-1007","Native MFCL / INI 1007"
1966,"dynamic_unfished_total_biomass",310150,"t","Region 2","MFCL report census dynamic_unfished_total_biomass",,"native-1007","Native MFCL / INI 1007"
1967,"dynamic_unfished_total_biomass",922510,"t","Region 1","MFCL report census dynamic_unfished_total_biomass",,"native-1007","Native MFCL / INI 1007"
1967,"dynamic_unfished_total_biomass",295220,"t","Region 2","MFCL report census dynamic_unfished_total_biomass",,"native-1007","Native MFCL / INI 1007"
1968,"dynamic_unfished_total_biomass",856360,"t","Region 1","MFCL report census dynamic_unfished_total_biomass",,"native-1007","Native MFCL / INI 1007"
1968,"dynamic_unfished_total_biomass",275820,"t","Region 2","MFCL report census dynamic_unfished_total_biomass",,"native-1007","Native MFCL / INI 1007"
1969,"dynamic_unfished_total_biomass",791990,"t","Region 1","MFCL report census dynamic_unfished_total_biomass",,"native-1007","Native MFCL / INI 1007"
1969,"dynamic_unfished_total_biomass",253890,"t","Region 2","MFCL report census dynamic_unfished_total_biomass",,"native-1007","Native MFCL / INI 1007"
1970,"dynamic_unfished_total_biomass",733520,"t","Region 1","MFCL report census dynamic_unfished_total_biomass",,"native-1007","Native MFCL / INI 1007"
1970,"dynamic_unfished_total_biomass",234650,"t","Region 2","MFCL report census dynamic_unfished_total_biomass",,"native-1007","Native MFCL / INI 1007"
1971,"dynamic_unfished_total_biomass",684070,"t","Region 1","MFCL report census dynamic_unfished_total_biomass",,"native-1007","Native MFCL / INI 1007"
1971,"dynamic_unfished_total_biomass",218800,"t","Region 2","MFCL report census dynamic_unfished_total_biomass",,"native-1007","Native MFCL / INI 1007"
1972,"dynamic_unfished_total_biomass",644610,"t","Region 1","MFCL report census dynamic_unfished_total_biomass",,"native-1007","Native MFCL / INI 1007"
1972,"dynamic_unfished_total_biomass",205820,"t","Region 2","MFCL report census dynamic_unfished_total_biomass",,"native-1007","Native MFCL / INI 1007"
1973,"dynamic_unfished_total_biomass",659540,"t","Region 1","MFCL report census dynamic_unfished_total_biomass",,"native-1007","Native MFCL / INI 1007"
1973,"dynamic_unfished_total_biomass",204870,"t","Region 2","MFCL report census dynamic_unfished_total_biomass",,"native-1007","Native MFCL / INI 1007"
1974,"dynamic_unfished_total_biomass",757650,"t","Region 1","MFCL report census dynamic_unfished_total_biomass",,"native-1007","Native MFCL / INI 1007"
1974,"dynamic_unfished_total_biomass",221080,"t","Region 2","MFCL report census dynamic_unfished_total_biomass",,"native-1007","Native MFCL / INI 1007"
1975,"dynamic_unfished_total_biomass",769480,"t","Region 1","MFCL report census dynamic_unfished_total_biomass",,"native-1007","Native MFCL / INI 1007"
1975,"dynamic_unfished_total_biomass",216750,"t","Region 2","MFCL report census dynamic_unfished_total_biomass",,"native-1007","Native MFCL / INI 1007"
1976,"dynamic_unfished_total_biomass",738900,"t","Region 1","MFCL report census dynamic_unfished_total_biomass",,"native-1007","Native MFCL / INI 1007"
1976,"dynamic_unfished_total_biomass",206650,"t","Region 2","MFCL report census dynamic_unfished_total_biomass",,"native-1007","Native MFCL / INI 1007"
1977,"dynamic_unfished_total_biomass",705480,"t","Region 1","MFCL report census dynamic_unfished_total_biomass",,"native-1007","Native MFCL / INI 1007"
1977,"dynamic_unfished_total_biomass",201900,"t","Region 2","MFCL report census dynamic_unfished_total_biomass",,"native-1007","Native MFCL / INI 1007"
1978,"dynamic_unfished_total_biomass",674160,"t","Region 1","MFCL report census dynamic_unfished_total_biomass",,"native-1007","Native MFCL / INI 1007"
1978,"dynamic_unfished_total_biomass",200570,"t","Region 2","MFCL report census dynamic_unfished_total_biomass",,"native-1007","Native MFCL / INI 1007"
1979,"dynamic_unfished_total_biomass",646320,"t","Region 1","MFCL report census dynamic_unfished_total_biomass",,"native-1007","Native MFCL / INI 1007"
1979,"dynamic_unfished_total_biomass",197050,"t","Region 2","MFCL report census dynamic_unfished_total_biomass",,"native-1007","Native MFCL / INI 1007"
1980,"dynamic_unfished_total_biomass",656410,"t","Region 1","MFCL report census dynamic_unfished_total_biomass",,"native-1007","Native MFCL / INI 1007"
1980,"dynamic_unfished_total_biomass",197860,"t","Region 2","MFCL report census dynamic_unfished_total_biomass",,"native-1007","Native MFCL / INI 1007"
1981,"dynamic_unfished_total_biomass",658760,"t","Region 1","MFCL report census dynamic_unfished_total_biomass",,"native-1007","Native MFCL / INI 1007"
1981,"dynamic_unfished_total_biomass",194410,"t","Region 2","MFCL report census dynamic_unfished_total_biomass",,"native-1007","Native MFCL / INI 1007"
1982,"dynamic_unfished_total_biomass",652310,"t","Region 1","MFCL report census dynamic_unfished_total_biomass",,"native-1007","Native MFCL / INI 1007"
1982,"dynamic_unfished_total_biomass",189520,"t","Region 2","MFCL report census dynamic_unfished_total_biomass",,"native-1007","Native MFCL / INI 1007"
1983,"dynamic_unfished_total_biomass",659570,"t","Region 1","MFCL report census dynamic_unfished_total_biomass",,"native-1007","Native MFCL / INI 1007"
1983,"dynamic_unfished_total_biomass",188510,"t","Region 2","MFCL report census dynamic_unfished_total_biomass",,"native-1007","Native MFCL / INI 1007"
1984,"dynamic_unfished_total_biomass",684220,"t","Region 1","MFCL report census dynamic_unfished_total_biomass",,"native-1007","Native MFCL / INI 1007"
1984,"dynamic_unfished_total_biomass",194330,"t","Region 2","MFCL report census dynamic_unfished_total_biomass",,"native-1007","Native MFCL / INI 1007"
1985,"dynamic_unfished_total_biomass",651260,"t","Region 1","MFCL report census dynamic_unfished_total_biomass",,"native-1007","Native MFCL / INI 1007"
1985,"dynamic_unfished_total_biomass",186230,"t","Region 2","MFCL report census dynamic_unfished_total_biomass",,"native-1007","Native MFCL / INI 1007"
1986,"dynamic_unfished_total_biomass",647510,"t","Region 1","MFCL report census dynamic_unfished_total_biomass",,"native-1007","Native MFCL / INI 1007"
1986,"dynamic_unfished_total_biomass",185860,"t","Region 2","MFCL report census dynamic_unfished_total_biomass",,"native-1007","Native MFCL / INI 1007"
1987,"dynamic_unfished_total_biomass",659650,"t","Region 1","MFCL report census dynamic_unfished_total_biomass",,"native-1007","Native MFCL / INI 1007"
1987,"dynamic_unfished_total_biomass",188160,"t","Region 2","MFCL report census dynamic_unfished_total_biomass",,"native-1007","Native MFCL / INI 1007"
1988,"dynamic_unfished_total_biomass",687150,"t","Region 1","MFCL report census dynamic_unfished_total_biomass",,"native-1007","Native MFCL / INI 1007"
1988,"dynamic_unfished_total_biomass",198180,"t","Region 2","MFCL report census dynamic_unfished_total_biomass",,"native-1007","Native MFCL / INI 1007"
1989,"dynamic_unfished_total_biomass",735860,"t","Region 1","MFCL report census dynamic_unfished_total_biomass",,"native-1007","Native MFCL / INI 1007"
1989,"dynamic_unfished_total_biomass",204330,"t","Region 2","MFCL report census dynamic_unfished_total_biomass",,"native-1007","Native MFCL / INI 1007"
1990,"dynamic_unfished_total_biomass",722040,"t","Region 1","MFCL report census dynamic_unfished_total_biomass",,"native-1007","Native MFCL / INI 1007"
1990,"dynamic_unfished_total_biomass",199650,"t","Region 2","MFCL report census dynamic_unfished_total_biomass",,"native-1007","Native MFCL / INI 1007"
1991,"dynamic_unfished_total_biomass",775210,"t","Region 1","MFCL report census dynamic_unfished_total_biomass",,"native-1007","Native MFCL / INI 1007"
1991,"dynamic_unfished_total_biomass",211230,"t","Region 2","MFCL report census dynamic_unfished_total_biomass",,"native-1007","Native MFCL / INI 1007"
1992,"dynamic_unfished_total_biomass",784530,"t","Region 1","MFCL report census dynamic_unfished_total_biomass",,"native-1007","Native MFCL / INI 1007"
1992,"dynamic_unfished_total_biomass",216720,"t","Region 2","MFCL report census dynamic_unfished_total_biomass",,"native-1007","Native MFCL / INI 1007"
1993,"dynamic_unfished_total_biomass",796130,"t","Region 1","MFCL report census dynamic_unfished_total_biomass",,"native-1007","Native MFCL / INI 1007"
1993,"dynamic_unfished_total_biomass",224660,"t","Region 2","MFCL report census dynamic_unfished_total_biomass",,"native-1007","Native MFCL / INI 1007"
1994,"dynamic_unfished_total_biomass",827820,"t","Region 1","MFCL report census dynamic_unfished_total_biomass",,"native-1007","Native MFCL / INI 1007"
1994,"dynamic_unfished_total_biomass",232790,"t","Region 2","MFCL report census dynamic_unfished_total_biomass",,"native-1007","Native MFCL / INI 1007"
1995,"dynamic_unfished_total_biomass",879420,"t","Region 1","MFCL report census dynamic_unfished_total_biomass",,"native-1007","Native MFCL / INI 1007"
1995,"dynamic_unfished_total_biomass",247250,"t","Region 2","MFCL report census dynamic_unfished_total_biomass",,"native-1007","Native MFCL / INI 1007"
1996,"dynamic_unfished_total_biomass",865410,"t","Region 1","MFCL report census dynamic_unfished_total_biomass",,"native-1007","Native MFCL / INI 1007"
1996,"dynamic_unfished_total_biomass",243480,"t","Region 2","MFCL report census dynamic_unfished_total_biomass",,"native-1007","Native MFCL / INI 1007"
1997,"dynamic_unfished_total_biomass",854590,"t","Region 1","MFCL report census dynamic_unfished_total_biomass",,"native-1007","Native MFCL / INI 1007"
1997,"dynamic_unfished_total_biomass",240050,"t","Region 2","MFCL report census dynamic_unfished_total_biomass",,"native-1007","Native MFCL / INI 1007"
1998,"dynamic_unfished_total_biomass",807120,"t","Region 1","MFCL report census dynamic_unfished_total_biomass",,"native-1007","Native MFCL / INI 1007"
1998,"dynamic_unfished_total_biomass",230910,"t","Region 2","MFCL report census dynamic_unfished_total_biomass",,"native-1007","Native MFCL / INI 1007"
1999,"dynamic_unfished_total_biomass",887860,"t","Region 1","MFCL report census dynamic_unfished_total_biomass",,"native-1007","Native MFCL / INI 1007"
1999,"dynamic_unfished_total_biomass",253070,"t","Region 2","MFCL report census dynamic_unfished_total_biomass",,"native-1007","Native MFCL / INI 1007"
2000,"dynamic_unfished_total_biomass",825390,"t","Region 1","MFCL report census dynamic_unfished_total_biomass",,"native-1007","Native MFCL / INI 1007"
2000,"dynamic_unfished_total_biomass",236510,"t","Region 2","MFCL report census dynamic_unfished_total_biomass",,"native-1007","Native MFCL / INI 1007"
2001,"dynamic_unfished_total_biomass",868750,"t","Region 1","MFCL report census dynamic_unfished_total_biomass",,"native-1007","Native MFCL / INI 1007"
2001,"dynamic_unfished_total_biomass",244510,"t","Region 2","MFCL report census dynamic_unfished_total_biomass",,"native-1007","Native MFCL / INI 1007"
2002,"dynamic_unfished_total_biomass",940580,"t","Region 1","MFCL report census dynamic_unfished_total_biomass",,"native-1007","Native MFCL / INI 1007"
2002,"dynamic_unfished_total_biomass",260680,"t","Region 2","MFCL report census dynamic_unfished_total_biomass",,"native-1007","Native MFCL / INI 1007"
2003,"dynamic_unfished_total_biomass",1008100,"t","Region 1","MFCL report census dynamic_unfished_total_biomass",,"native-1007","Native MFCL / INI 1007"
2003,"dynamic_unfished_total_biomass",273690,"t","Region 2","MFCL report census dynamic_unfished_total_biomass",,"native-1007","Native MFCL / INI 1007"
2004,"dynamic_unfished_total_biomass",980730,"t","Region 1","MFCL report census dynamic_unfished_total_biomass",,"native-1007","Native MFCL / INI 1007"
2004,"dynamic_unfished_total_biomass",269520,"t","Region 2","MFCL report census dynamic_unfished_total_biomass",,"native-1007","Native MFCL / INI 1007"
2005,"dynamic_unfished_total_biomass",972350,"t","Region 1","MFCL report census dynamic_unfished_total_biomass",,"native-1007","Native MFCL / INI 1007"
2005,"dynamic_unfished_total_biomass",272610,"t","Region 2","MFCL report census dynamic_unfished_total_biomass",,"native-1007","Native MFCL / INI 1007"
2006,"dynamic_unfished_total_biomass",998740,"t","Region 1","MFCL report census dynamic_unfished_total_biomass",,"native-1007","Native MFCL / INI 1007"
2006,"dynamic_unfished_total_biomass",281600,"t","Region 2","MFCL report census dynamic_unfished_total_biomass",,"native-1007","Native MFCL / INI 1007"
2007,"dynamic_unfished_total_biomass",1070300,"t","Region 1","MFCL report census dynamic_unfished_total_biomass",,"native-1007","Native MFCL / INI 1007"
2007,"dynamic_unfished_total_biomass",299830,"t","Region 2","MFCL report census dynamic_unfished_total_biomass",,"native-1007","Native MFCL / INI 1007"
2008,"dynamic_unfished_total_biomass",1054800,"t","Region 1","MFCL report census dynamic_unfished_total_biomass",,"native-1007","Native MFCL / INI 1007"
2008,"dynamic_unfished_total_biomass",293840,"t","Region 2","MFCL report census dynamic_unfished_total_biomass",,"native-1007","Native MFCL / INI 1007"
2009,"dynamic_unfished_total_biomass",1076100,"t","Region 1","MFCL report census dynamic_unfished_total_biomass",,"native-1007","Native MFCL / INI 1007"
2009,"dynamic_unfished_total_biomass",296480,"t","Region 2","MFCL report census dynamic_unfished_total_biomass",,"native-1007","Native MFCL / INI 1007"
2010,"dynamic_unfished_total_biomass",1130400,"t","Region 1","MFCL report census dynamic_unfished_total_biomass",,"native-1007","Native MFCL / INI 1007"
2010,"dynamic_unfished_total_biomass",311900,"t","Region 2","MFCL report census dynamic_unfished_total_biomass",,"native-1007","Native MFCL / INI 1007"
2011,"dynamic_unfished_total_biomass",1189700,"t","Region 1","MFCL report census dynamic_unfished_total_biomass",,"native-1007","Native MFCL / INI 1007"
2011,"dynamic_unfished_total_biomass",325190,"t","Region 2","MFCL report census dynamic_unfished_total_biomass",,"native-1007","Native MFCL / INI 1007"
2012,"dynamic_unfished_total_biomass",1168800,"t","Region 1","MFCL report census dynamic_unfished_total_biomass",,"native-1007","Native MFCL / INI 1007"
2012,"dynamic_unfished_total_biomass",319980,"t","Region 2","MFCL report census dynamic_unfished_total_biomass",,"native-1007","Native MFCL / INI 1007"
2013,"dynamic_unfished_total_biomass",1146700,"t","Region 1","MFCL report census dynamic_unfished_total_biomass",,"native-1007","Native MFCL / INI 1007"
2013,"dynamic_unfished_total_biomass",317300,"t","Region 2","MFCL report census dynamic_unfished_total_biomass",,"native-1007","Native MFCL / INI 1007"
2014,"dynamic_unfished_total_biomass",1155900,"t","Region 1","MFCL report census dynamic_unfished_total_biomass",,"native-1007","Native MFCL / INI 1007"
2014,"dynamic_unfished_total_biomass",326110,"t","Region 2","MFCL report census dynamic_unfished_total_biomass",,"native-1007","Native MFCL / INI 1007"
2015,"dynamic_unfished_total_biomass",1148700,"t","Region 1","MFCL report census dynamic_unfished_total_biomass",,"native-1007","Native MFCL / INI 1007"
2015,"dynamic_unfished_total_biomass",327350,"t","Region 2","MFCL report census dynamic_unfished_total_biomass",,"native-1007","Native MFCL / INI 1007"
2016,"dynamic_unfished_total_biomass",1085200,"t","Region 1","MFCL report census dynamic_unfished_total_biomass",,"native-1007","Native MFCL / INI 1007"
2016,"dynamic_unfished_total_biomass",312110,"t","Region 2","MFCL report census dynamic_unfished_total_biomass",,"native-1007","Native MFCL / INI 1007"
2017,"dynamic_unfished_total_biomass",1009200,"t","Region 1","MFCL report census dynamic_unfished_total_biomass",,"native-1007","Native MFCL / INI 1007"
2017,"dynamic_unfished_total_biomass",297530,"t","Region 2","MFCL report census dynamic_unfished_total_biomass",,"native-1007","Native MFCL / INI 1007"
2018,"dynamic_unfished_total_biomass",1065300,"t","Region 1","MFCL report census dynamic_unfished_total_biomass",,"native-1007","Native MFCL / INI 1007"
2018,"dynamic_unfished_total_biomass",313510,"t","Region 2","MFCL report census dynamic_unfished_total_biomass",,"native-1007","Native MFCL / INI 1007"
2019,"dynamic_unfished_total_biomass",1090800,"t","Region 1","MFCL report census dynamic_unfished_total_biomass",,"native-1007","Native MFCL / INI 1007"
2019,"dynamic_unfished_total_biomass",313930,"t","Region 2","MFCL report census dynamic_unfished_total_biomass",,"native-1007","Native MFCL / INI 1007"
2020,"dynamic_unfished_total_biomass",1105200,"t","Region 1","MFCL report census dynamic_unfished_total_biomass",,"native-1007","Native MFCL / INI 1007"
2020,"dynamic_unfished_total_biomass",312100,"t","Region 2","MFCL report census dynamic_unfished_total_biomass",,"native-1007","Native MFCL / INI 1007"
2021,"dynamic_unfished_total_biomass",1107900,"t","Region 1","MFCL report census dynamic_unfished_total_biomass",,"native-1007","Native MFCL / INI 1007"
2021,"dynamic_unfished_total_biomass",309370,"t","Region 2","MFCL report census dynamic_unfished_total_biomass",,"native-1007","Native MFCL / INI 1007"
2022,"dynamic_unfished_total_biomass",1102800,"t","Region 1","MFCL report census dynamic_unfished_total_biomass",,"native-1007","Native MFCL / INI 1007"
2022,"dynamic_unfished_total_biomass",311760,"t","Region 2","MFCL report census dynamic_unfished_total_biomass",,"native-1007","Native MFCL / INI 1007"
1954,"spawning_biomass",975400,"t","Region 1","MFCL report census spawning_biomass","Spawning potential","native-1007","Native MFCL / INI 1007"
1954,"spawning_biomass",357190,"t","Region 2","MFCL report census spawning_biomass","Spawning potential","native-1007","Native MFCL / INI 1007"
1955,"spawning_biomass",963790,"t","Region 1","MFCL report census spawning_biomass","Spawning potential","native-1007","Native MFCL / INI 1007"
1955,"spawning_biomass",342080,"t","Region 2","MFCL report census spawning_biomass","Spawning potential","native-1007","Native MFCL / INI 1007"
1956,"spawning_biomass",941370,"t","Region 1","MFCL report census spawning_biomass","Spawning potential","native-1007","Native MFCL / INI 1007"
1956,"spawning_biomass",341300,"t","Region 2","MFCL report census spawning_biomass","Spawning potential","native-1007","Native MFCL / INI 1007"
1957,"spawning_biomass",929240,"t","Region 1","MFCL report census spawning_biomass","Spawning potential","native-1007","Native MFCL / INI 1007"
1957,"spawning_biomass",339080,"t","Region 2","MFCL report census spawning_biomass","Spawning potential","native-1007","Native MFCL / INI 1007"
1958,"spawning_biomass",919030,"t","Region 1","MFCL report census spawning_biomass","Spawning potential","native-1007","Native MFCL / INI 1007"
1958,"spawning_biomass",335870,"t","Region 2","MFCL report census spawning_biomass","Spawning potential","native-1007","Native MFCL / INI 1007"
1959,"spawning_biomass",902380,"t","Region 1","MFCL report census spawning_biomass","Spawning potential","native-1007","Native MFCL / INI 1007"
1959,"spawning_biomass",335260,"t","Region 2","MFCL report census spawning_biomass","Spawning potential","native-1007","Native MFCL / INI 1007"
1960,"spawning_biomass",859640,"t","Region 1","MFCL report census spawning_biomass","Spawning potential","native-1007","Native MFCL / INI 1007"
1960,"spawning_biomass",326330,"t","Region 2","MFCL report census spawning_biomass","Spawning potential","native-1007","Native MFCL / INI 1007"
1961,"spawning_biomass",787780,"t","Region 1","MFCL report census spawning_biomass","Spawning potential","native-1007","Native MFCL / INI 1007"
1961,"spawning_biomass",306780,"t","Region 2","MFCL report census spawning_biomass","Spawning potential","native-1007","Native MFCL / INI 1007"
1962,"spawning_biomass",707040,"t","Region 1","MFCL report census spawning_biomass","Spawning potential","native-1007","Native MFCL / INI 1007"
1962,"spawning_biomass",282690,"t","Region 2","MFCL report census spawning_biomass","Spawning potential","native-1007","Native MFCL / INI 1007"
1963,"spawning_biomass",583030,"t","Region 1","MFCL report census spawning_biomass","Spawning potential","native-1007","Native MFCL / INI 1007"
1963,"spawning_biomass",244660,"t","Region 2","MFCL report census spawning_biomass","Spawning potential","native-1007","Native MFCL / INI 1007"
1964,"spawning_biomass",481370,"t","Region 1","MFCL report census spawning_biomass","Spawning potential","native-1007","Native MFCL / INI 1007"
1964,"spawning_biomass",203600,"t","Region 2","MFCL report census spawning_biomass","Spawning potential","native-1007","Native MFCL / INI 1007"
1965,"spawning_biomass",451490,"t","Region 1","MFCL report census spawning_biomass","Spawning potential","native-1007","Native MFCL / INI 1007"
1965,"spawning_biomass",182090,"t","Region 2","MFCL report census spawning_biomass","Spawning potential","native-1007","Native MFCL / INI 1007"
1966,"spawning_biomass",477210,"t","Region 1","MFCL report census spawning_biomass","Spawning potential","native-1007","Native MFCL / INI 1007"
1966,"spawning_biomass",183300,"t","Region 2","MFCL report census spawning_biomass","Spawning potential","native-1007","Native MFCL / INI 1007"
1967,"spawning_biomass",485680,"t","Region 1","MFCL report census spawning_biomass","Spawning potential","native-1007","Native MFCL / INI 1007"
1967,"spawning_biomass",186680,"t","Region 2","MFCL report census spawning_biomass","Spawning potential","native-1007","Native MFCL / INI 1007"
1968,"spawning_biomass",418480,"t","Region 1","MFCL report census spawning_biomass","Spawning potential","native-1007","Native MFCL / INI 1007"
1968,"spawning_biomass",169180,"t","Region 2","MFCL report census spawning_biomass","Spawning potential","native-1007","Native MFCL / INI 1007"
1969,"spawning_biomass",342990,"t","Region 1","MFCL report census spawning_biomass","Spawning potential","native-1007","Native MFCL / INI 1007"
1969,"spawning_biomass",142930,"t","Region 2","MFCL report census spawning_biomass","Spawning potential","native-1007","Native MFCL / INI 1007"
1970,"spawning_biomass",310900,"t","Region 1","MFCL report census spawning_biomass","Spawning potential","native-1007","Native MFCL / INI 1007"
1970,"spawning_biomass",127930,"t","Region 2","MFCL report census spawning_biomass","Spawning potential","native-1007","Native MFCL / INI 1007"
1971,"spawning_biomass",284670,"t","Region 1","MFCL report census spawning_biomass","Spawning potential","native-1007","Native MFCL / INI 1007"
1971,"spawning_biomass",116980,"t","Region 2","MFCL report census spawning_biomass","Spawning potential","native-1007","Native MFCL / INI 1007"
1972,"spawning_biomass",258700,"t","Region 1","MFCL report census spawning_biomass","Spawning potential","native-1007","Native MFCL / INI 1007"
1972,"spawning_biomass",106320,"t","Region 2","MFCL report census spawning_biomass","Spawning potential","native-1007","Native MFCL / INI 1007"
1973,"spawning_biomass",231740,"t","Region 1","MFCL report census spawning_biomass","Spawning potential","native-1007","Native MFCL / INI 1007"
1973,"spawning_biomass",93216,"t","Region 2","MFCL report census spawning_biomass","Spawning potential","native-1007","Native MFCL / INI 1007"
1974,"spawning_biomass",197930,"t","Region 1","MFCL report census spawning_biomass","Spawning potential","native-1007","Native MFCL / INI 1007"
1974,"spawning_biomass",82820,"t","Region 2","MFCL report census spawning_biomass","Spawning potential","native-1007","Native MFCL / INI 1007"
1975,"spawning_biomass",176340,"t","Region 1","MFCL report census spawning_biomass","Spawning potential","native-1007","Native MFCL / INI 1007"
1975,"spawning_biomass",75354,"t","Region 2","MFCL report census spawning_biomass","Spawning potential","native-1007","Native MFCL / INI 1007"
1976,"spawning_biomass",188970,"t","Region 1","MFCL report census spawning_biomass","Spawning potential","native-1007","Native MFCL / INI 1007"
1976,"spawning_biomass",73245,"t","Region 2","MFCL report census spawning_biomass","Spawning potential","native-1007","Native MFCL / INI 1007"
1977,"spawning_biomass",241620,"t","Region 1","MFCL report census spawning_biomass","Spawning potential","native-1007","Native MFCL / INI 1007"
1977,"spawning_biomass",84515,"t","Region 2","MFCL report census spawning_biomass","Spawning potential","native-1007","Native MFCL / INI 1007"
1978,"spawning_biomass",288700,"t","Region 1","MFCL report census spawning_biomass","Spawning potential","native-1007","Native MFCL / INI 1007"
1978,"spawning_biomass",101170,"t","Region 2","MFCL report census spawning_biomass","Spawning potential","native-1007","Native MFCL / INI 1007"
1979,"spawning_biomass",277120,"t","Region 1","MFCL report census spawning_biomass","Spawning potential","native-1007","Native MFCL / INI 1007"
1979,"spawning_biomass",101600,"t","Region 2","MFCL report census spawning_biomass","Spawning potential","native-1007","Native MFCL / INI 1007"
1980,"spawning_biomass",240920,"t","Region 1","MFCL report census spawning_biomass","Spawning potential","native-1007","Native MFCL / INI 1007"
1980,"spawning_biomass",94087,"t","Region 2","MFCL report census spawning_biomass","Spawning potential","native-1007","Native MFCL / INI 1007"
1981,"spawning_biomass",201890,"t","Region 1","MFCL report census spawning_biomass","Spawning potential","native-1007","Native MFCL / INI 1007"
1981,"spawning_biomass",84245,"t","Region 2","MFCL report census spawning_biomass","Spawning potential","native-1007","Native MFCL / INI 1007"
1982,"spawning_biomass",182340,"t","Region 1","MFCL report census spawning_biomass","Spawning potential","native-1007","Native MFCL / INI 1007"
1982,"spawning_biomass",75876,"t","Region 2","MFCL report census spawning_biomass","Spawning potential","native-1007","Native MFCL / INI 1007"
1983,"spawning_biomass",188780,"t","Region 1","MFCL report census spawning_biomass","Spawning potential","native-1007","Native MFCL / INI 1007"
1983,"spawning_biomass",73728,"t","Region 2","MFCL report census spawning_biomass","Spawning potential","native-1007","Native MFCL / INI 1007"
1984,"spawning_biomass",213210,"t","Region 1","MFCL report census spawning_biomass","Spawning potential","native-1007","Native MFCL / INI 1007"
1984,"spawning_biomass",78582,"t","Region 2","MFCL report census spawning_biomass","Spawning potential","native-1007","Native MFCL / INI 1007"
1985,"spawning_biomass",224520,"t","Region 1","MFCL report census spawning_biomass","Spawning potential","native-1007","Native MFCL / INI 1007"
1985,"spawning_biomass",82186,"t","Region 2","MFCL report census spawning_biomass","Spawning potential","native-1007","Native MFCL / INI 1007"
1986,"spawning_biomass",223470,"t","Region 1","MFCL report census spawning_biomass","Spawning potential","native-1007","Native MFCL / INI 1007"
1986,"spawning_biomass",83184,"t","Region 2","MFCL report census spawning_biomass","Spawning potential","native-1007","Native MFCL / INI 1007"
1987,"spawning_biomass",221130,"t","Region 1","MFCL report census spawning_biomass","Spawning potential","native-1007","Native MFCL / INI 1007"
1987,"spawning_biomass",82791,"t","Region 2","MFCL report census spawning_biomass","Spawning potential","native-1007","Native MFCL / INI 1007"
1988,"spawning_biomass",221800,"t","Region 1","MFCL report census spawning_biomass","Spawning potential","native-1007","Native MFCL / INI 1007"
1988,"spawning_biomass",82128,"t","Region 2","MFCL report census spawning_biomass","Spawning potential","native-1007","Native MFCL / INI 1007"
1989,"spawning_biomass",201320,"t","Region 1","MFCL report census spawning_biomass","Spawning potential","native-1007","Native MFCL / INI 1007"
1989,"spawning_biomass",77040,"t","Region 2","MFCL report census spawning_biomass","Spawning potential","native-1007","Native MFCL / INI 1007"
1990,"spawning_biomass",193100,"t","Region 1","MFCL report census spawning_biomass","Spawning potential","native-1007","Native MFCL / INI 1007"
1990,"spawning_biomass",75097,"t","Region 2","MFCL report census spawning_biomass","Spawning potential","native-1007","Native MFCL / INI 1007"
1991,"spawning_biomass",205050,"t","Region 1","MFCL report census spawning_biomass","Spawning potential","native-1007","Native MFCL / INI 1007"
1991,"spawning_biomass",77421,"t","Region 2","MFCL report census spawning_biomass","Spawning potential","native-1007","Native MFCL / INI 1007"
1992,"spawning_biomass",225710,"t","Region 1","MFCL report census spawning_biomass","Spawning potential","native-1007","Native MFCL / INI 1007"
1992,"spawning_biomass",82801,"t","Region 2","MFCL report census spawning_biomass","Spawning potential","native-1007","Native MFCL / INI 1007"
1993,"spawning_biomass",236420,"t","Region 1","MFCL report census spawning_biomass","Spawning potential","native-1007","Native MFCL / INI 1007"
1993,"spawning_biomass",88073,"t","Region 2","MFCL report census spawning_biomass","Spawning potential","native-1007","Native MFCL / INI 1007"
1994,"spawning_biomass",237790,"t","Region 1","MFCL report census spawning_biomass","Spawning potential","native-1007","Native MFCL / INI 1007"
1994,"spawning_biomass",89184,"t","Region 2","MFCL report census spawning_biomass","Spawning potential","native-1007","Native MFCL / INI 1007"
1995,"spawning_biomass",247370,"t","Region 1","MFCL report census spawning_biomass","Spawning potential","native-1007","Native MFCL / INI 1007"
1995,"spawning_biomass",93240,"t","Region 2","MFCL report census spawning_biomass","Spawning potential","native-1007","Native MFCL / INI 1007"
1996,"spawning_biomass",255190,"t","Region 1","MFCL report census spawning_biomass","Spawning potential","native-1007","Native MFCL / INI 1007"
1996,"spawning_biomass",95509,"t","Region 2","MFCL report census spawning_biomass","Spawning potential","native-1007","Native MFCL / INI 1007"
1997,"spawning_biomass",262080,"t","Region 1","MFCL report census spawning_biomass","Spawning potential","native-1007","Native MFCL / INI 1007"
1997,"spawning_biomass",97852,"t","Region 2","MFCL report census spawning_biomass","Spawning potential","native-1007","Native MFCL / INI 1007"
1998,"spawning_biomass",283050,"t","Region 1","MFCL report census spawning_biomass","Spawning potential","native-1007","Native MFCL / INI 1007"
1998,"spawning_biomass",103610,"t","Region 2","MFCL report census spawning_biomass","Spawning potential","native-1007","Native MFCL / INI 1007"
1999,"spawning_biomass",281590,"t","Region 1","MFCL report census spawning_biomass","Spawning potential","native-1007","Native MFCL / INI 1007"
1999,"spawning_biomass",106470,"t","Region 2","MFCL report census spawning_biomass","Spawning potential","native-1007","Native MFCL / INI 1007"
2000,"spawning_biomass",273450,"t","Region 1","MFCL report census spawning_biomass","Spawning potential","native-1007","Native MFCL / INI 1007"
2000,"spawning_biomass",103240,"t","Region 2","MFCL report census spawning_biomass","Spawning potential","native-1007","Native MFCL / INI 1007"
2001,"spawning_biomass",247490,"t","Region 1","MFCL report census spawning_biomass","Spawning potential","native-1007","Native MFCL / INI 1007"
2001,"spawning_biomass",95641,"t","Region 2","MFCL report census spawning_biomass","Spawning potential","native-1007","Native MFCL / INI 1007"
2002,"spawning_biomass",230560,"t","Region 1","MFCL report census spawning_biomass","Spawning potential","native-1007","Native MFCL / INI 1007"
2002,"spawning_biomass",92118,"t","Region 2","MFCL report census spawning_biomass","Spawning potential","native-1007","Native MFCL / INI 1007"
2003,"spawning_biomass",229430,"t","Region 1","MFCL report census spawning_biomass","Spawning potential","native-1007","Native MFCL / INI 1007"
2003,"spawning_biomass",90517,"t","Region 2","MFCL report census spawning_biomass","Spawning potential","native-1007","Native MFCL / INI 1007"
2004,"spawning_biomass",217650,"t","Region 1","MFCL report census spawning_biomass","Spawning potential","native-1007","Native MFCL / INI 1007"
2004,"spawning_biomass",84899,"t","Region 2","MFCL report census spawning_biomass","Spawning potential","native-1007","Native MFCL / INI 1007"
2005,"spawning_biomass",242120,"t","Region 1","MFCL report census spawning_biomass","Spawning potential","native-1007","Native MFCL / INI 1007"
2005,"spawning_biomass",91914,"t","Region 2","MFCL report census spawning_biomass","Spawning potential","native-1007","Native MFCL / INI 1007"
2006,"spawning_biomass",275980,"t","Region 1","MFCL report census spawning_biomass","Spawning potential","native-1007","Native MFCL / INI 1007"
2006,"spawning_biomass",100180,"t","Region 2","MFCL report census spawning_biomass","Spawning potential","native-1007","Native MFCL / INI 1007"
2007,"spawning_biomass",281300,"t","Region 1","MFCL report census spawning_biomass","Spawning potential","native-1007","Native MFCL / INI 1007"
2007,"spawning_biomass",105280,"t","Region 2","MFCL report census spawning_biomass","Spawning potential","native-1007","Native MFCL / INI 1007"
2008,"spawning_biomass",257080,"t","Region 1","MFCL report census spawning_biomass","Spawning potential","native-1007","Native MFCL / INI 1007"
2008,"spawning_biomass",102850,"t","Region 2","MFCL report census spawning_biomass","Spawning potential","native-1007","Native MFCL / INI 1007"
2009,"spawning_biomass",248680,"t","Region 1","MFCL report census spawning_biomass","Spawning potential","native-1007","Native MFCL / INI 1007"
2009,"spawning_biomass",97899,"t","Region 2","MFCL report census spawning_biomass","Spawning potential","native-1007","Native MFCL / INI 1007"
2010,"spawning_biomass",256790,"t","Region 1","MFCL report census spawning_biomass","Spawning potential","native-1007","Native MFCL / INI 1007"
2010,"spawning_biomass",102680,"t","Region 2","MFCL report census spawning_biomass","Spawning potential","native-1007","Native MFCL / INI 1007"
2011,"spawning_biomass",264470,"t","Region 1","MFCL report census spawning_biomass","Spawning potential","native-1007","Native MFCL / INI 1007"
2011,"spawning_biomass",108410,"t","Region 2","MFCL report census spawning_biomass","Spawning potential","native-1007","Native MFCL / INI 1007"
2012,"spawning_biomass",278460,"t","Region 1","MFCL report census spawning_biomass","Spawning potential","native-1007","Native MFCL / INI 1007"
2012,"spawning_biomass",104240,"t","Region 2","MFCL report census spawning_biomass","Spawning potential","native-1007","Native MFCL / INI 1007"
2013,"spawning_biomass",284550,"t","Region 1","MFCL report census spawning_biomass","Spawning potential","native-1007","Native MFCL / INI 1007"
2013,"spawning_biomass",103910,"t","Region 2","MFCL report census spawning_biomass","Spawning potential","native-1007","Native MFCL / INI 1007"
2014,"spawning_biomass",304210,"t","Region 1","MFCL report census spawning_biomass","Spawning potential","native-1007","Native MFCL / INI 1007"
2014,"spawning_biomass",108810,"t","Region 2","MFCL report census spawning_biomass","Spawning potential","native-1007","Native MFCL / INI 1007"
2015,"spawning_biomass",314090,"t","Region 1","MFCL report census spawning_biomass","Spawning potential","native-1007","Native MFCL / INI 1007"
2015,"spawning_biomass",111010,"t","Region 2","MFCL report census spawning_biomass","Spawning potential","native-1007","Native MFCL / INI 1007"
2016,"spawning_biomass",290850,"t","Region 1","MFCL report census spawning_biomass","Spawning potential","native-1007","Native MFCL / INI 1007"
2016,"spawning_biomass",99586,"t","Region 2","MFCL report census spawning_biomass","Spawning potential","native-1007","Native MFCL / INI 1007"
2017,"spawning_biomass",271890,"t","Region 1","MFCL report census spawning_biomass","Spawning potential","native-1007","Native MFCL / INI 1007"
2017,"spawning_biomass",94818,"t","Region 2","MFCL report census spawning_biomass","Spawning potential","native-1007","Native MFCL / INI 1007"
2018,"spawning_biomass",265670,"t","Region 1","MFCL report census spawning_biomass","Spawning potential","native-1007","Native MFCL / INI 1007"
2018,"spawning_biomass",94217,"t","Region 2","MFCL report census spawning_biomass","Spawning potential","native-1007","Native MFCL / INI 1007"
2019,"spawning_biomass",252630,"t","Region 1","MFCL report census spawning_biomass","Spawning potential","native-1007","Native MFCL / INI 1007"
2019,"spawning_biomass",88804,"t","Region 2","MFCL report census spawning_biomass","Spawning potential","native-1007","Native MFCL / INI 1007"
2020,"spawning_biomass",214810,"t","Region 1","MFCL report census spawning_biomass","Spawning potential","native-1007","Native MFCL / INI 1007"
2020,"spawning_biomass",84463,"t","Region 2","MFCL report census spawning_biomass","Spawning potential","native-1007","Native MFCL / INI 1007"
2021,"spawning_biomass",208320,"t","Region 1","MFCL report census spawning_biomass","Spawning potential","native-1007","Native MFCL / INI 1007"
2021,"spawning_biomass",79103,"t","Region 2","MFCL report census spawning_biomass","Spawning potential","native-1007","Native MFCL / INI 1007"
2022,"spawning_biomass",261290,"t","Region 1","MFCL report census spawning_biomass","Spawning potential","native-1007","Native MFCL / INI 1007"
2022,"spawning_biomass",79215,"t","Region 2","MFCL report census spawning_biomass","Spawning potential","native-1007","Native MFCL / INI 1007"
1954,"dynamic_unfished_spawning_biomass",975400,"t","Region 1","MFCL report census dynamic_unfished_spawning_biomass","Unfished spawning potential","native-1007","Native MFCL / INI 1007"
1954,"dynamic_unfished_spawning_biomass",357190,"t","Region 2","MFCL report census dynamic_unfished_spawning_biomass","Unfished spawning potential","native-1007","Native MFCL / INI 1007"
1955,"dynamic_unfished_spawning_biomass",970590,"t","Region 1","MFCL report census dynamic_unfished_spawning_biomass","Unfished spawning potential","native-1007","Native MFCL / INI 1007"
1955,"dynamic_unfished_spawning_biomass",342290,"t","Region 2","MFCL report census dynamic_unfished_spawning_biomass","Unfished spawning potential","native-1007","Native MFCL / INI 1007"
1956,"dynamic_unfished_spawning_biomass",955070,"t","Region 1","MFCL report census dynamic_unfished_spawning_biomass","Unfished spawning potential","native-1007","Native MFCL / INI 1007"
1956,"dynamic_unfished_spawning_biomass",342660,"t","Region 2","MFCL report census dynamic_unfished_spawning_biomass","Unfished spawning potential","native-1007","Native MFCL / INI 1007"
1957,"dynamic_unfished_spawning_biomass",944760,"t","Region 1","MFCL report census dynamic_unfished_spawning_biomass","Unfished spawning potential","native-1007","Native MFCL / INI 1007"
1957,"dynamic_unfished_spawning_biomass",341770,"t","Region 2","MFCL report census dynamic_unfished_spawning_biomass","Unfished spawning potential","native-1007","Native MFCL / INI 1007"
1958,"dynamic_unfished_spawning_biomass",938630,"t","Region 1","MFCL report census dynamic_unfished_spawning_biomass","Unfished spawning potential","native-1007","Native MFCL / INI 1007"
1958,"dynamic_unfished_spawning_biomass",339760,"t","Region 2","MFCL report census dynamic_unfished_spawning_biomass","Unfished spawning potential","native-1007","Native MFCL / INI 1007"
1959,"dynamic_unfished_spawning_biomass",930040,"t","Region 1","MFCL report census dynamic_unfished_spawning_biomass","Unfished spawning potential","native-1007","Native MFCL / INI 1007"
1959,"dynamic_unfished_spawning_biomass",340400,"t","Region 2","MFCL report census dynamic_unfished_spawning_biomass","Unfished spawning potential","native-1007","Native MFCL / INI 1007"
1960,"dynamic_unfished_spawning_biomass",898120,"t","Region 1","MFCL report census dynamic_unfished_spawning_biomass","Unfished spawning potential","native-1007","Native MFCL / INI 1007"
1960,"dynamic_unfished_spawning_biomass",334000,"t","Region 2","MFCL report census dynamic_unfished_spawning_biomass","Unfished spawning potential","native-1007","Native MFCL / INI 1007"
1961,"dynamic_unfished_spawning_biomass",835780,"t","Region 1","MFCL report census dynamic_unfished_spawning_biomass","Unfished spawning potential","native-1007","Native MFCL / INI 1007"
1961,"dynamic_unfished_spawning_biomass",317040,"t","Region 2","MFCL report census dynamic_unfished_spawning_biomass","Unfished spawning potential","native-1007","Native MFCL / INI 1007"
1962,"dynamic_unfished_spawning_biomass",763110,"t","Region 1","MFCL report census dynamic_unfished_spawning_biomass","Unfished spawning potential","native-1007","Native MFCL / INI 1007"
1962,"dynamic_unfished_spawning_biomass",295610,"t","Region 2","MFCL report census dynamic_unfished_spawning_biomass","Unfished spawning potential","native-1007","Native MFCL / INI 1007"
1963,"dynamic_unfished_spawning_biomass",647950,"t","Region 1","MFCL report census dynamic_unfished_spawning_biomass","Unfished spawning potential","native-1007","Native MFCL / INI 1007"
1963,"dynamic_unfished_spawning_biomass",261340,"t","Region 2","MFCL report census dynamic_unfished_spawning_biomass","Unfished spawning potential","native-1007","Native MFCL / INI 1007"
1964,"dynamic_unfished_spawning_biomass",547020,"t","Region 1","MFCL report census dynamic_unfished_spawning_biomass","Unfished spawning potential","native-1007","Native MFCL / INI 1007"
1964,"dynamic_unfished_spawning_biomass",226150,"t","Region 2","MFCL report census dynamic_unfished_spawning_biomass","Unfished spawning potential","native-1007","Native MFCL / INI 1007"
1965,"dynamic_unfished_spawning_biomass",515540,"t","Region 1","MFCL report census dynamic_unfished_spawning_biomass","Unfished spawning potential","native-1007","Native MFCL / INI 1007"
1965,"dynamic_unfished_spawning_biomass",207600,"t","Region 2","MFCL report census dynamic_unfished_spawning_biomass","Unfished spawning potential","native-1007","Native MFCL / INI 1007"
1966,"dynamic_unfished_spawning_biomass",544740,"t","Region 1","MFCL report census dynamic_unfished_spawning_biomass","Unfished spawning potential","native-1007","Native MFCL / INI 1007"
1966,"dynamic_unfished_spawning_biomass",207720,"t","Region 2","MFCL report census dynamic_unfished_spawning_biomass","Unfished spawning potential","native-1007","Native MFCL / INI 1007"
1967,"dynamic_unfished_spawning_biomass",570960,"t","Region 1","MFCL report census dynamic_unfished_spawning_biomass","Unfished spawning potential","native-1007","Native MFCL / INI 1007"
1967,"dynamic_unfished_spawning_biomass",213050,"t","Region 2","MFCL report census dynamic_unfished_spawning_biomass","Unfished spawning potential","native-1007","Native MFCL / INI 1007"
1968,"dynamic_unfished_spawning_biomass",518280,"t","Region 1","MFCL report census dynamic_unfished_spawning_biomass","Unfished spawning potential","native-1007","Native MFCL / INI 1007"
1968,"dynamic_unfished_spawning_biomass",200100,"t","Region 2","MFCL report census dynamic_unfished_spawning_biomass","Unfished spawning potential","native-1007","Native MFCL / INI 1007"
1969,"dynamic_unfished_spawning_biomass",445320,"t","Region 1","MFCL report census dynamic_unfished_spawning_biomass","Unfished spawning potential","native-1007","Native MFCL / INI 1007"
1969,"dynamic_unfished_spawning_biomass",177360,"t","Region 2","MFCL report census dynamic_unfished_spawning_biomass","Unfished spawning potential","native-1007","Native MFCL / INI 1007"
1970,"dynamic_unfished_spawning_biomass",408800,"t","Region 1","MFCL report census dynamic_unfished_spawning_biomass","Unfished spawning potential","native-1007","Native MFCL / INI 1007"
1970,"dynamic_unfished_spawning_biomass",162280,"t","Region 2","MFCL report census dynamic_unfished_spawning_biomass","Unfished spawning potential","native-1007","Native MFCL / INI 1007"
1971,"dynamic_unfished_spawning_biomass",383300,"t","Region 1","MFCL report census dynamic_unfished_spawning_biomass","Unfished spawning potential","native-1007","Native MFCL / INI 1007"
1971,"dynamic_unfished_spawning_biomass",151090,"t","Region 2","MFCL report census dynamic_unfished_spawning_biomass","Unfished spawning potential","native-1007","Native MFCL / INI 1007"
1972,"dynamic_unfished_spawning_biomass",363920,"t","Region 1","MFCL report census dynamic_unfished_spawning_biomass","Unfished spawning potential","native-1007","Native MFCL / INI 1007"
1972,"dynamic_unfished_spawning_biomass",142320,"t","Region 2","MFCL report census dynamic_unfished_spawning_biomass","Unfished spawning potential","native-1007","Native MFCL / INI 1007"
1973,"dynamic_unfished_spawning_biomass",340070,"t","Region 1","MFCL report census dynamic_unfished_spawning_biomass","Unfished spawning potential","native-1007","Native MFCL / INI 1007"
1973,"dynamic_unfished_spawning_biomass",133270,"t","Region 2","MFCL report census dynamic_unfished_spawning_biomass","Unfished spawning potential","native-1007","Native MFCL / INI 1007"
1974,"dynamic_unfished_spawning_biomass",313240,"t","Region 1","MFCL report census dynamic_unfished_spawning_biomass","Unfished spawning potential","native-1007","Native MFCL / INI 1007"
1974,"dynamic_unfished_spawning_biomass",123450,"t","Region 2","MFCL report census dynamic_unfished_spawning_biomass","Unfished spawning potential","native-1007","Native MFCL / INI 1007"
1975,"dynamic_unfished_spawning_biomass",292510,"t","Region 1","MFCL report census dynamic_unfished_spawning_biomass","Unfished spawning potential","native-1007","Native MFCL / INI 1007"
1975,"dynamic_unfished_spawning_biomass",115080,"t","Region 2","MFCL report census dynamic_unfished_spawning_biomass","Unfished spawning potential","native-1007","Native MFCL / INI 1007"
1976,"dynamic_unfished_spawning_biomass",290780,"t","Region 1","MFCL report census dynamic_unfished_spawning_biomass","Unfished spawning potential","native-1007","Native MFCL / INI 1007"
1976,"dynamic_unfished_spawning_biomass",111290,"t","Region 2","MFCL report census dynamic_unfished_spawning_biomass","Unfished spawning potential","native-1007","Native MFCL / INI 1007"
1977,"dynamic_unfished_spawning_biomass",333170,"t","Region 1","MFCL report census dynamic_unfished_spawning_biomass","Unfished spawning potential","native-1007","Native MFCL / INI 1007"
1977,"dynamic_unfished_spawning_biomass",119480,"t","Region 2","MFCL report census dynamic_unfished_spawning_biomass","Unfished spawning potential","native-1007","Native MFCL / INI 1007"
1978,"dynamic_unfished_spawning_biomass",387590,"t","Region 1","MFCL report census dynamic_unfished_spawning_biomass","Unfished spawning potential","native-1007","Native MFCL / INI 1007"
1978,"dynamic_unfished_spawning_biomass",135100,"t","Region 2","MFCL report census dynamic_unfished_spawning_biomass","Unfished spawning potential","native-1007","Native MFCL / INI 1007"
1979,"dynamic_unfished_spawning_biomass",384920,"t","Region 1","MFCL report census dynamic_unfished_spawning_biomass","Unfished spawning potential","native-1007","Native MFCL / INI 1007"
1979,"dynamic_unfished_spawning_biomass",138340,"t","Region 2","MFCL report census dynamic_unfished_spawning_biomass","Unfished spawning potential","native-1007","Native MFCL / INI 1007"
1980,"dynamic_unfished_spawning_biomass",346790,"t","Region 1","MFCL report census dynamic_unfished_spawning_biomass","Unfished spawning potential","native-1007","Native MFCL / INI 1007"
1980,"dynamic_unfished_spawning_biomass",130010,"t","Region 2","MFCL report census dynamic_unfished_spawning_biomass","Unfished spawning potential","native-1007","Native MFCL / INI 1007"
1981,"dynamic_unfished_spawning_biomass",308610,"t","Region 1","MFCL report census dynamic_unfished_spawning_biomass","Unfished spawning potential","native-1007","Native MFCL / INI 1007"
1981,"dynamic_unfished_spawning_biomass",118930,"t","Region 2","MFCL report census dynamic_unfished_spawning_biomass","Unfished spawning potential","native-1007","Native MFCL / INI 1007"
1982,"dynamic_unfished_spawning_biomass",287060,"t","Region 1","MFCL report census dynamic_unfished_spawning_biomass","Unfished spawning potential","native-1007","Native MFCL / INI 1007"
1982,"dynamic_unfished_spawning_biomass",110880,"t","Region 2","MFCL report census dynamic_unfished_spawning_biomass","Unfished spawning potential","native-1007","Native MFCL / INI 1007"
1983,"dynamic_unfished_spawning_biomass",291080,"t","Region 1","MFCL report census dynamic_unfished_spawning_biomass","Unfished spawning potential","native-1007","Native MFCL / INI 1007"
1983,"dynamic_unfished_spawning_biomass",108570,"t","Region 2","MFCL report census dynamic_unfished_spawning_biomass","Unfished spawning potential","native-1007","Native MFCL / INI 1007"
1984,"dynamic_unfished_spawning_biomass",310150,"t","Region 1","MFCL report census dynamic_unfished_spawning_biomass","Unfished spawning potential","native-1007","Native MFCL / INI 1007"
1984,"dynamic_unfished_spawning_biomass",112470,"t","Region 2","MFCL report census dynamic_unfished_spawning_biomass","Unfished spawning potential","native-1007","Native MFCL / INI 1007"
1985,"dynamic_unfished_spawning_biomass",318240,"t","Region 1","MFCL report census dynamic_unfished_spawning_biomass","Unfished spawning potential","native-1007","Native MFCL / INI 1007"
1985,"dynamic_unfished_spawning_biomass",114630,"t","Region 2","MFCL report census dynamic_unfished_spawning_biomass","Unfished spawning potential","native-1007","Native MFCL / INI 1007"
1986,"dynamic_unfished_spawning_biomass",316300,"t","Region 1","MFCL report census dynamic_unfished_spawning_biomass","Unfished spawning potential","native-1007","Native MFCL / INI 1007"
1986,"dynamic_unfished_spawning_biomass",114350,"t","Region 2","MFCL report census dynamic_unfished_spawning_biomass","Unfished spawning potential","native-1007","Native MFCL / INI 1007"
1987,"dynamic_unfished_spawning_biomass",320480,"t","Region 1","MFCL report census dynamic_unfished_spawning_biomass","Unfished spawning potential","native-1007","Native MFCL / INI 1007"
1987,"dynamic_unfished_spawning_biomass",114590,"t","Region 2","MFCL report census dynamic_unfished_spawning_biomass","Unfished spawning potential","native-1007","Native MFCL / INI 1007"
1988,"dynamic_unfished_spawning_biomass",318260,"t","Region 1","MFCL report census dynamic_unfished_spawning_biomass","Unfished spawning potential","native-1007","Native MFCL / INI 1007"
1988,"dynamic_unfished_spawning_biomass",117230,"t","Region 2","MFCL report census dynamic_unfished_spawning_biomass","Unfished spawning potential","native-1007","Native MFCL / INI 1007"
1989,"dynamic_unfished_spawning_biomass",304140,"t","Region 1","MFCL report census dynamic_unfished_spawning_biomass","Unfished spawning potential","native-1007","Native MFCL / INI 1007"
1989,"dynamic_unfished_spawning_biomass",111990,"t","Region 2","MFCL report census dynamic_unfished_spawning_biomass","Unfished spawning potential","native-1007","Native MFCL / INI 1007"
1990,"dynamic_unfished_spawning_biomass",303640,"t","Region 1","MFCL report census dynamic_unfished_spawning_biomass","Unfished spawning potential","native-1007","Native MFCL / INI 1007"
1990,"dynamic_unfished_spawning_biomass",110980,"t","Region 2","MFCL report census dynamic_unfished_spawning_biomass","Unfished spawning potential","native-1007","Native MFCL / INI 1007"
1991,"dynamic_unfished_spawning_biomass",319130,"t","Region 1","MFCL report census dynamic_unfished_spawning_biomass","Unfished spawning potential","native-1007","Native MFCL / INI 1007"
1991,"dynamic_unfished_spawning_biomass",113540,"t","Region 2","MFCL report census dynamic_unfished_spawning_biomass","Unfished spawning potential","native-1007","Native MFCL / INI 1007"
1992,"dynamic_unfished_spawning_biomass",346390,"t","Region 1","MFCL report census dynamic_unfished_spawning_biomass","Unfished spawning potential","native-1007","Native MFCL / INI 1007"
1992,"dynamic_unfished_spawning_biomass",121760,"t","Region 2","MFCL report census dynamic_unfished_spawning_biomass","Unfished spawning potential","native-1007","Native MFCL / INI 1007"
1993,"dynamic_unfished_spawning_biomass",362680,"t","Region 1","MFCL report census dynamic_unfished_spawning_biomass","Unfished spawning potential","native-1007","Native MFCL / INI 1007"
1993,"dynamic_unfished_spawning_biomass",130030,"t","Region 2","MFCL report census dynamic_unfished_spawning_biomass","Unfished spawning potential","native-1007","Native MFCL / INI 1007"
1994,"dynamic_unfished_spawning_biomass",363800,"t","Region 1","MFCL report census dynamic_unfished_spawning_biomass","Unfished spawning potential","native-1007","Native MFCL / INI 1007"
1994,"dynamic_unfished_spawning_biomass",131530,"t","Region 2","MFCL report census dynamic_unfished_spawning_biomass","Unfished spawning potential","native-1007","Native MFCL / INI 1007"
1995,"dynamic_unfished_spawning_biomass",377530,"t","Region 1","MFCL report census dynamic_unfished_spawning_biomass","Unfished spawning potential","native-1007","Native MFCL / INI 1007"
1995,"dynamic_unfished_spawning_biomass",137130,"t","Region 2","MFCL report census dynamic_unfished_spawning_biomass","Unfished spawning potential","native-1007","Native MFCL / INI 1007"
1996,"dynamic_unfished_spawning_biomass",381210,"t","Region 1","MFCL report census dynamic_unfished_spawning_biomass","Unfished spawning potential","native-1007","Native MFCL / INI 1007"
1996,"dynamic_unfished_spawning_biomass",138940,"t","Region 2","MFCL report census dynamic_unfished_spawning_biomass","Unfished spawning potential","native-1007","Native MFCL / INI 1007"
1997,"dynamic_unfished_spawning_biomass",391350,"t","Region 1","MFCL report census dynamic_unfished_spawning_biomass","Unfished spawning potential","native-1007","Native MFCL / INI 1007"
1997,"dynamic_unfished_spawning_biomass",140390,"t","Region 2","MFCL report census dynamic_unfished_spawning_biomass","Unfished spawning potential","native-1007","Native MFCL / INI 1007"
1998,"dynamic_unfished_spawning_biomass",415740,"t","Region 1","MFCL report census dynamic_unfished_spawning_biomass","Unfished spawning potential","native-1007","Native MFCL / INI 1007"
1998,"dynamic_unfished_spawning_biomass",146060,"t","Region 2","MFCL report census dynamic_unfished_spawning_biomass","Unfished spawning potential","native-1007","Native MFCL / INI 1007"
1999,"dynamic_unfished_spawning_biomass",430910,"t","Region 1","MFCL report census dynamic_unfished_spawning_biomass","Unfished spawning potential","native-1007","Native MFCL / INI 1007"
1999,"dynamic_unfished_spawning_biomass",152330,"t","Region 2","MFCL report census dynamic_unfished_spawning_biomass","Unfished spawning potential","native-1007","Native MFCL / INI 1007"
2000,"dynamic_unfished_spawning_biomass",416980,"t","Region 1","MFCL report census dynamic_unfished_spawning_biomass","Unfished spawning potential","native-1007","Native MFCL / INI 1007"
2000,"dynamic_unfished_spawning_biomass",149910,"t","Region 2","MFCL report census dynamic_unfished_spawning_biomass","Unfished spawning potential","native-1007","Native MFCL / INI 1007"
2001,"dynamic_unfished_spawning_biomass",390470,"t","Region 1","MFCL report census dynamic_unfished_spawning_biomass","Unfished spawning potential","native-1007","Native MFCL / INI 1007"
2001,"dynamic_unfished_spawning_biomass",143040,"t","Region 2","MFCL report census dynamic_unfished_spawning_biomass","Unfished spawning potential","native-1007","Native MFCL / INI 1007"
2002,"dynamic_unfished_spawning_biomass",384470,"t","Region 1","MFCL report census dynamic_unfished_spawning_biomass","Unfished spawning potential","native-1007","Native MFCL / INI 1007"
2002,"dynamic_unfished_spawning_biomass",140340,"t","Region 2","MFCL report census dynamic_unfished_spawning_biomass","Unfished spawning potential","native-1007","Native MFCL / INI 1007"
2003,"dynamic_unfished_spawning_biomass",407500,"t","Region 1","MFCL report census dynamic_unfished_spawning_biomass","Unfished spawning potential","native-1007","Native MFCL / INI 1007"
2003,"dynamic_unfished_spawning_biomass",145710,"t","Region 2","MFCL report census dynamic_unfished_spawning_biomass","Unfished spawning potential","native-1007","Native MFCL / INI 1007"
2004,"dynamic_unfished_spawning_biomass",400750,"t","Region 1","MFCL report census dynamic_unfished_spawning_biomass","Unfished spawning potential","native-1007","Native MFCL / INI 1007"
2004,"dynamic_unfished_spawning_biomass",146260,"t","Region 2","MFCL report census dynamic_unfished_spawning_biomass","Unfished spawning potential","native-1007","Native MFCL / INI 1007"
2005,"dynamic_unfished_spawning_biomass",434380,"t","Region 1","MFCL report census dynamic_unfished_spawning_biomass","Unfished spawning potential","native-1007","Native MFCL / INI 1007"
2005,"dynamic_unfished_spawning_biomass",155150,"t","Region 2","MFCL report census dynamic_unfished_spawning_biomass","Unfished spawning potential","native-1007","Native MFCL / INI 1007"
2006,"dynamic_unfished_spawning_biomass",483310,"t","Region 1","MFCL report census dynamic_unfished_spawning_biomass","Unfished spawning potential","native-1007","Native MFCL / INI 1007"
2006,"dynamic_unfished_spawning_biomass",167990,"t","Region 2","MFCL report census dynamic_unfished_spawning_biomass","Unfished spawning potential","native-1007","Native MFCL / INI 1007"
2007,"dynamic_unfished_spawning_biomass",500390,"t","Region 1","MFCL report census dynamic_unfished_spawning_biomass","Unfished spawning potential","native-1007","Native MFCL / INI 1007"
2007,"dynamic_unfished_spawning_biomass",175910,"t","Region 2","MFCL report census dynamic_unfished_spawning_biomass","Unfished spawning potential","native-1007","Native MFCL / INI 1007"
2008,"dynamic_unfished_spawning_biomass",477410,"t","Region 1","MFCL report census dynamic_unfished_spawning_biomass","Unfished spawning potential","native-1007","Native MFCL / INI 1007"
2008,"dynamic_unfished_spawning_biomass",172060,"t","Region 2","MFCL report census dynamic_unfished_spawning_biomass","Unfished spawning potential","native-1007","Native MFCL / INI 1007"
2009,"dynamic_unfished_spawning_biomass",463390,"t","Region 1","MFCL report census dynamic_unfished_spawning_biomass","Unfished spawning potential","native-1007","Native MFCL / INI 1007"
2009,"dynamic_unfished_spawning_biomass",167150,"t","Region 2","MFCL report census dynamic_unfished_spawning_biomass","Unfished spawning potential","native-1007","Native MFCL / INI 1007"
2010,"dynamic_unfished_spawning_biomass",485380,"t","Region 1","MFCL report census dynamic_unfished_spawning_biomass","Unfished spawning potential","native-1007","Native MFCL / INI 1007"
2010,"dynamic_unfished_spawning_biomass",172530,"t","Region 2","MFCL report census dynamic_unfished_spawning_biomass","Unfished spawning potential","native-1007","Native MFCL / INI 1007"
2011,"dynamic_unfished_spawning_biomass",518100,"t","Region 1","MFCL report census dynamic_unfished_spawning_biomass","Unfished spawning potential","native-1007","Native MFCL / INI 1007"
2011,"dynamic_unfished_spawning_biomass",181360,"t","Region 2","MFCL report census dynamic_unfished_spawning_biomass","Unfished spawning potential","native-1007","Native MFCL / INI 1007"
2012,"dynamic_unfished_spawning_biomass",520350,"t","Region 1","MFCL report census dynamic_unfished_spawning_biomass","Unfished spawning potential","native-1007","Native MFCL / INI 1007"
2012,"dynamic_unfished_spawning_biomass",183550,"t","Region 2","MFCL report census dynamic_unfished_spawning_biomass","Unfished spawning potential","native-1007","Native MFCL / INI 1007"
2013,"dynamic_unfished_spawning_biomass",533660,"t","Region 1","MFCL report census dynamic_unfished_spawning_biomass","Unfished spawning potential","native-1007","Native MFCL / INI 1007"
2013,"dynamic_unfished_spawning_biomass",187300,"t","Region 2","MFCL report census dynamic_unfished_spawning_biomass","Unfished spawning potential","native-1007","Native MFCL / INI 1007"
2014,"dynamic_unfished_spawning_biomass",562690,"t","Region 1","MFCL report census dynamic_unfished_spawning_biomass","Unfished spawning potential","native-1007","Native MFCL / INI 1007"
2014,"dynamic_unfished_spawning_biomass",197050,"t","Region 2","MFCL report census dynamic_unfished_spawning_biomass","Unfished spawning potential","native-1007","Native MFCL / INI 1007"
2015,"dynamic_unfished_spawning_biomass",577320,"t","Region 1","MFCL report census dynamic_unfished_spawning_biomass","Unfished spawning potential","native-1007","Native MFCL / INI 1007"
2015,"dynamic_unfished_spawning_biomass",203580,"t","Region 2","MFCL report census dynamic_unfished_spawning_biomass","Unfished spawning potential","native-1007","Native MFCL / INI 1007"
2016,"dynamic_unfished_spawning_biomass",557070,"t","Region 1","MFCL report census dynamic_unfished_spawning_biomass","Unfished spawning potential","native-1007","Native MFCL / INI 1007"
2016,"dynamic_unfished_spawning_biomass",199820,"t","Region 2","MFCL report census dynamic_unfished_spawning_biomass","Unfished spawning potential","native-1007","Native MFCL / INI 1007"
2017,"dynamic_unfished_spawning_biomass",537770,"t","Region 1","MFCL report census dynamic_unfished_spawning_biomass","Unfished spawning potential","native-1007","Native MFCL / INI 1007"
2017,"dynamic_unfished_spawning_biomass",195720,"t","Region 2","MFCL report census dynamic_unfished_spawning_biomass","Unfished spawning potential","native-1007","Native MFCL / INI 1007"
2018,"dynamic_unfished_spawning_biomass",535490,"t","Region 1","MFCL report census dynamic_unfished_spawning_biomass","Unfished spawning potential","native-1007","Native MFCL / INI 1007"
2018,"dynamic_unfished_spawning_biomass",195760,"t","Region 2","MFCL report census dynamic_unfished_spawning_biomass","Unfished spawning potential","native-1007","Native MFCL / INI 1007"
2019,"dynamic_unfished_spawning_biomass",522410,"t","Region 1","MFCL report census dynamic_unfished_spawning_biomass","Unfished spawning potential","native-1007","Native MFCL / INI 1007"
2019,"dynamic_unfished_spawning_biomass",191140,"t","Region 2","MFCL report census dynamic_unfished_spawning_biomass","Unfished spawning potential","native-1007","Native MFCL / INI 1007"
2020,"dynamic_unfished_spawning_biomass",481710,"t","Region 1","MFCL report census dynamic_unfished_spawning_biomass","Unfished spawning potential","native-1007","Native MFCL / INI 1007"
2020,"dynamic_unfished_spawning_biomass",180370,"t","Region 2","MFCL report census dynamic_unfished_spawning_biomass","Unfished spawning potential","native-1007","Native MFCL / INI 1007"
2021,"dynamic_unfished_spawning_biomass",466200,"t","Region 1","MFCL report census dynamic_unfished_spawning_biomass","Unfished spawning potential","native-1007","Native MFCL / INI 1007"
2021,"dynamic_unfished_spawning_biomass",172870,"t","Region 2","MFCL report census dynamic_unfished_spawning_biomass","Unfished spawning potential","native-1007","Native MFCL / INI 1007"
2022,"dynamic_unfished_spawning_biomass",503530,"t","Region 1","MFCL report census dynamic_unfished_spawning_biomass","Unfished spawning potential","native-1007","Native MFCL / INI 1007"
2022,"dynamic_unfished_spawning_biomass",181420,"t","Region 2","MFCL report census dynamic_unfished_spawning_biomass","Unfished spawning potential","native-1007","Native MFCL / INI 1007"
1954,"recruitment",1.27e+08,"fish","Region 1","MFCL report census recruitment",,"native-1007","Native MFCL / INI 1007"
1954,"recruitment",28070000,"fish","Region 2","MFCL report census recruitment",,"native-1007","Native MFCL / INI 1007"
1955,"recruitment",1.27e+08,"fish","Region 1","MFCL report census recruitment",,"native-1007","Native MFCL / INI 1007"
1955,"recruitment",28070000,"fish","Region 2","MFCL report census recruitment",,"native-1007","Native MFCL / INI 1007"
1956,"recruitment",123500000,"fish","Region 1","MFCL report census recruitment",,"native-1007","Native MFCL / INI 1007"
1956,"recruitment",27290000,"fish","Region 2","MFCL report census recruitment",,"native-1007","Native MFCL / INI 1007"
1957,"recruitment",75910000,"fish","Region 1","MFCL report census recruitment",,"native-1007","Native MFCL / INI 1007"
1957,"recruitment",16780000,"fish","Region 2","MFCL report census recruitment",,"native-1007","Native MFCL / INI 1007"
1958,"recruitment",95600000,"fish","Region 1","MFCL report census recruitment",,"native-1007","Native MFCL / INI 1007"
1958,"recruitment",21130000,"fish","Region 2","MFCL report census recruitment",,"native-1007","Native MFCL / INI 1007"
1959,"recruitment",37290000,"fish","Region 1","MFCL report census recruitment",,"native-1007","Native MFCL / INI 1007"
1959,"recruitment",8243000,"fish","Region 2","MFCL report census recruitment",,"native-1007","Native MFCL / INI 1007"
1960,"recruitment",21320000,"fish","Region 1","MFCL report census recruitment",,"native-1007","Native MFCL / INI 1007"
1960,"recruitment",4714000,"fish","Region 2","MFCL report census recruitment",,"native-1007","Native MFCL / INI 1007"
1961,"recruitment",61220000,"fish","Region 1","MFCL report census recruitment",,"native-1007","Native MFCL / INI 1007"
1961,"recruitment",13530000,"fish","Region 2","MFCL report census recruitment",,"native-1007","Native MFCL / INI 1007"
1962,"recruitment",88660000,"fish","Region 1","MFCL report census recruitment",,"native-1007","Native MFCL / INI 1007"
1962,"recruitment",19600000,"fish","Region 2","MFCL report census recruitment",,"native-1007","Native MFCL / INI 1007"
1963,"recruitment",114500000,"fish","Region 1","MFCL report census recruitment",,"native-1007","Native MFCL / INI 1007"
1963,"recruitment",25300000,"fish","Region 2","MFCL report census recruitment",,"native-1007","Native MFCL / INI 1007"
1964,"recruitment",43610000,"fish","Region 1","MFCL report census recruitment",,"native-1007","Native MFCL / INI 1007"
1964,"recruitment",9640000,"fish","Region 2","MFCL report census recruitment",,"native-1007","Native MFCL / INI 1007"
1965,"recruitment",12520000,"fish","Region 1","MFCL report census recruitment",,"native-1007","Native MFCL / INI 1007"
1965,"recruitment",2767000,"fish","Region 2","MFCL report census recruitment",,"native-1007","Native MFCL / INI 1007"
1966,"recruitment",53430000,"fish","Region 1","MFCL report census recruitment",,"native-1007","Native MFCL / INI 1007"
1966,"recruitment",11810000,"fish","Region 2","MFCL report census recruitment",,"native-1007","Native MFCL / INI 1007"
1967,"recruitment",41370000,"fish","Region 1","MFCL report census recruitment",,"native-1007","Native MFCL / INI 1007"
1967,"recruitment",9145000,"fish","Region 2","MFCL report census recruitment",,"native-1007","Native MFCL / INI 1007"
1968,"recruitment",45260000,"fish","Region 1","MFCL report census recruitment",,"native-1007","Native MFCL / INI 1007"
1968,"recruitment",1e+07,"fish","Region 2","MFCL report census recruitment",,"native-1007","Native MFCL / INI 1007"
1969,"recruitment",38210000,"fish","Region 1","MFCL report census recruitment",,"native-1007","Native MFCL / INI 1007"
1969,"recruitment",8445000,"fish","Region 2","MFCL report census recruitment",,"native-1007","Native MFCL / INI 1007"
1970,"recruitment",29970000,"fish","Region 1","MFCL report census recruitment",,"native-1007","Native MFCL / INI 1007"
1970,"recruitment",6626000,"fish","Region 2","MFCL report census recruitment",,"native-1007","Native MFCL / INI 1007"
1971,"recruitment",31800000,"fish","Region 1","MFCL report census recruitment",,"native-1007","Native MFCL / INI 1007"
1971,"recruitment",7029000,"fish","Region 2","MFCL report census recruitment",,"native-1007","Native MFCL / INI 1007"
1972,"recruitment",32570000,"fish","Region 1","MFCL report census recruitment",,"native-1007","Native MFCL / INI 1007"
1972,"recruitment",7199000,"fish","Region 2","MFCL report census recruitment",,"native-1007","Native MFCL / INI 1007"
1973,"recruitment",56890000,"fish","Region 1","MFCL report census recruitment",,"native-1007","Native MFCL / INI 1007"
1973,"recruitment",12570000,"fish","Region 2","MFCL report census recruitment",,"native-1007","Native MFCL / INI 1007"
1974,"recruitment",93870000,"fish","Region 1","MFCL report census recruitment",,"native-1007","Native MFCL / INI 1007"
1974,"recruitment",20750000,"fish","Region 2","MFCL report census recruitment",,"native-1007","Native MFCL / INI 1007"
1975,"recruitment",45760000,"fish","Region 1","MFCL report census recruitment",,"native-1007","Native MFCL / INI 1007"
1975,"recruitment",10120000,"fish","Region 2","MFCL report census recruitment",,"native-1007","Native MFCL / INI 1007"
1976,"recruitment",24740000,"fish","Region 1","MFCL report census recruitment",,"native-1007","Native MFCL / INI 1007"
1976,"recruitment",5468000,"fish","Region 2","MFCL report census recruitment",,"native-1007","Native MFCL / INI 1007"
1977,"recruitment",24440000,"fish","Region 1","MFCL report census recruitment",,"native-1007","Native MFCL / INI 1007"
1977,"recruitment",5402000,"fish","Region 2","MFCL report census recruitment",,"native-1007","Native MFCL / INI 1007"
1978,"recruitment",29390000,"fish","Region 1","MFCL report census recruitment",,"native-1007","Native MFCL / INI 1007"
1978,"recruitment",6496000,"fish","Region 2","MFCL report census recruitment",,"native-1007","Native MFCL / INI 1007"
1979,"recruitment",38970000,"fish","Region 1","MFCL report census recruitment",,"native-1007","Native MFCL / INI 1007"
1979,"recruitment",8613000,"fish","Region 2","MFCL report census recruitment",,"native-1007","Native MFCL / INI 1007"
1980,"recruitment",55820000,"fish","Region 1","MFCL report census recruitment",,"native-1007","Native MFCL / INI 1007"
1980,"recruitment",12340000,"fish","Region 2","MFCL report census recruitment",,"native-1007","Native MFCL / INI 1007"
1981,"recruitment",45990000,"fish","Region 1","MFCL report census recruitment",,"native-1007","Native MFCL / INI 1007"
1981,"recruitment",10170000,"fish","Region 2","MFCL report census recruitment",,"native-1007","Native MFCL / INI 1007"
1982,"recruitment",37550000,"fish","Region 1","MFCL report census recruitment",,"native-1007","Native MFCL / INI 1007"
1982,"recruitment",8301000,"fish","Region 2","MFCL report census recruitment",,"native-1007","Native MFCL / INI 1007"
1983,"recruitment",41860000,"fish","Region 1","MFCL report census recruitment",,"native-1007","Native MFCL / INI 1007"
1983,"recruitment",9253000,"fish","Region 2","MFCL report census recruitment",,"native-1007","Native MFCL / INI 1007"
1984,"recruitment",50840000,"fish","Region 1","MFCL report census recruitment",,"native-1007","Native MFCL / INI 1007"
1984,"recruitment",11240000,"fish","Region 2","MFCL report census recruitment",,"native-1007","Native MFCL / INI 1007"
1985,"recruitment",24730000,"fish","Region 1","MFCL report census recruitment",,"native-1007","Native MFCL / INI 1007"
1985,"recruitment",5465000,"fish","Region 2","MFCL report census recruitment",,"native-1007","Native MFCL / INI 1007"
1986,"recruitment",41380000,"fish","Region 1","MFCL report census recruitment",,"native-1007","Native MFCL / INI 1007"
1986,"recruitment",9147000,"fish","Region 2","MFCL report census recruitment",,"native-1007","Native MFCL / INI 1007"
1987,"recruitment",47860000,"fish","Region 1","MFCL report census recruitment",,"native-1007","Native MFCL / INI 1007"
1987,"recruitment",10580000,"fish","Region 2","MFCL report census recruitment",,"native-1007","Native MFCL / INI 1007"
1988,"recruitment",56690000,"fish","Region 1","MFCL report census recruitment",,"native-1007","Native MFCL / INI 1007"
1988,"recruitment",12530000,"fish","Region 2","MFCL report census recruitment",,"native-1007","Native MFCL / INI 1007"
1989,"recruitment",65610000,"fish","Region 1","MFCL report census recruitment",,"native-1007","Native MFCL / INI 1007"
1989,"recruitment",14500000,"fish","Region 2","MFCL report census recruitment",,"native-1007","Native MFCL / INI 1007"
1990,"recruitment",32480000,"fish","Region 1","MFCL report census recruitment",,"native-1007","Native MFCL / INI 1007"
1990,"recruitment",7179000,"fish","Region 2","MFCL report census recruitment",,"native-1007","Native MFCL / INI 1007"
1991,"recruitment",66720000,"fish","Region 1","MFCL report census recruitment",,"native-1007","Native MFCL / INI 1007"
1991,"recruitment",14750000,"fish","Region 2","MFCL report census recruitment",,"native-1007","Native MFCL / INI 1007"
1992,"recruitment",47270000,"fish","Region 1","MFCL report census recruitment",,"native-1007","Native MFCL / INI 1007"
1992,"recruitment",10450000,"fish","Region 2","MFCL report census recruitment",,"native-1007","Native MFCL / INI 1007"
1993,"recruitment",52440000,"fish","Region 1","MFCL report census recruitment",,"native-1007","Native MFCL / INI 1007"
1993,"recruitment",11590000,"fish","Region 2","MFCL report census recruitment",,"native-1007","Native MFCL / INI 1007"
1994,"recruitment",64990000,"fish","Region 1","MFCL report census recruitment",,"native-1007","Native MFCL / INI 1007"
1994,"recruitment",14360000,"fish","Region 2","MFCL report census recruitment",,"native-1007","Native MFCL / INI 1007"
1995,"recruitment",73050000,"fish","Region 1","MFCL report census recruitment",,"native-1007","Native MFCL / INI 1007"
1995,"recruitment",16150000,"fish","Region 2","MFCL report census recruitment",,"native-1007","Native MFCL / INI 1007"
1996,"recruitment",42940000,"fish","Region 1","MFCL report census recruitment",,"native-1007","Native MFCL / INI 1007"
1996,"recruitment",9492000,"fish","Region 2","MFCL report census recruitment",,"native-1007","Native MFCL / INI 1007"
1997,"recruitment",45210000,"fish","Region 1","MFCL report census recruitment",,"native-1007","Native MFCL / INI 1007"
1997,"recruitment",9994000,"fish","Region 2","MFCL report census recruitment",,"native-1007","Native MFCL / INI 1007"
1998,"recruitment",28540000,"fish","Region 1","MFCL report census recruitment",,"native-1007","Native MFCL / INI 1007"
1998,"recruitment",6308000,"fish","Region 2","MFCL report census recruitment",,"native-1007","Native MFCL / INI 1007"
1999,"recruitment",96390000,"fish","Region 1","MFCL report census recruitment",,"native-1007","Native MFCL / INI 1007"
1999,"recruitment",21310000,"fish","Region 2","MFCL report census recruitment",,"native-1007","Native MFCL / INI 1007"
2000,"recruitment",24370000,"fish","Region 1","MFCL report census recruitment",,"native-1007","Native MFCL / INI 1007"
2000,"recruitment",5388000,"fish","Region 2","MFCL report census recruitment",,"native-1007","Native MFCL / INI 1007"
2001,"recruitment",76920000,"fish","Region 1","MFCL report census recruitment",,"native-1007","Native MFCL / INI 1007"
2001,"recruitment",1.7e+07,"fish","Region 2","MFCL report census recruitment",,"native-1007","Native MFCL / INI 1007"
2002,"recruitment",88750000,"fish","Region 1","MFCL report census recruitment",,"native-1007","Native MFCL / INI 1007"
2002,"recruitment",19620000,"fish","Region 2","MFCL report census recruitment",,"native-1007","Native MFCL / INI 1007"
2003,"recruitment",80560000,"fish","Region 1","MFCL report census recruitment",,"native-1007","Native MFCL / INI 1007"
2003,"recruitment",17810000,"fish","Region 2","MFCL report census recruitment",,"native-1007","Native MFCL / INI 1007"
2004,"recruitment",43450000,"fish","Region 1","MFCL report census recruitment",,"native-1007","Native MFCL / INI 1007"
2004,"recruitment",9605000,"fish","Region 2","MFCL report census recruitment",,"native-1007","Native MFCL / INI 1007"
2005,"recruitment",49670000,"fish","Region 1","MFCL report census recruitment",,"native-1007","Native MFCL / INI 1007"
2005,"recruitment",10980000,"fish","Region 2","MFCL report census recruitment",,"native-1007","Native MFCL / INI 1007"
2006,"recruitment",70380000,"fish","Region 1","MFCL report census recruitment",,"native-1007","Native MFCL / INI 1007"
2006,"recruitment",15560000,"fish","Region 2","MFCL report census recruitment",,"native-1007","Native MFCL / INI 1007"
2007,"recruitment",98280000,"fish","Region 1","MFCL report census recruitment",,"native-1007","Native MFCL / INI 1007"
2007,"recruitment",21720000,"fish","Region 2","MFCL report census recruitment",,"native-1007","Native MFCL / INI 1007"
2008,"recruitment",56790000,"fish","Region 1","MFCL report census recruitment",,"native-1007","Native MFCL / INI 1007"
2008,"recruitment",12550000,"fish","Region 2","MFCL report census recruitment",,"native-1007","Native MFCL / INI 1007"
2009,"recruitment",72780000,"fish","Region 1","MFCL report census recruitment",,"native-1007","Native MFCL / INI 1007"
2009,"recruitment",16090000,"fish","Region 2","MFCL report census recruitment",,"native-1007","Native MFCL / INI 1007"
2010,"recruitment",88570000,"fish","Region 1","MFCL report census recruitment",,"native-1007","Native MFCL / INI 1007"
2010,"recruitment",19580000,"fish","Region 2","MFCL report census recruitment",,"native-1007","Native MFCL / INI 1007"
2011,"recruitment",91180000,"fish","Region 1","MFCL report census recruitment",,"native-1007","Native MFCL / INI 1007"
2011,"recruitment",20150000,"fish","Region 2","MFCL report census recruitment",,"native-1007","Native MFCL / INI 1007"
2012,"recruitment",57970000,"fish","Region 1","MFCL report census recruitment",,"native-1007","Native MFCL / INI 1007"
2012,"recruitment",12810000,"fish","Region 2","MFCL report census recruitment",,"native-1007","Native MFCL / INI 1007"
2013,"recruitment",58160000,"fish","Region 1","MFCL report census recruitment",,"native-1007","Native MFCL / INI 1007"
2013,"recruitment",12860000,"fish","Region 2","MFCL report census recruitment",,"native-1007","Native MFCL / INI 1007"
2014,"recruitment",76420000,"fish","Region 1","MFCL report census recruitment",,"native-1007","Native MFCL / INI 1007"
2014,"recruitment",16890000,"fish","Region 2","MFCL report census recruitment",,"native-1007","Native MFCL / INI 1007"
2015,"recruitment",70090000,"fish","Region 1","MFCL report census recruitment",,"native-1007","Native MFCL / INI 1007"
2015,"recruitment",15490000,"fish","Region 2","MFCL report census recruitment",,"native-1007","Native MFCL / INI 1007"
2016,"recruitment",44490000,"fish","Region 1","MFCL report census recruitment",,"native-1007","Native MFCL / INI 1007"
2016,"recruitment",9835000,"fish","Region 2","MFCL report census recruitment",,"native-1007","Native MFCL / INI 1007"
2017,"recruitment",37170000,"fish","Region 1","MFCL report census recruitment",,"native-1007","Native MFCL / INI 1007"
2017,"recruitment",8217000,"fish","Region 2","MFCL report census recruitment",,"native-1007","Native MFCL / INI 1007"
2018,"recruitment",99370000,"fish","Region 1","MFCL report census recruitment",,"native-1007","Native MFCL / INI 1007"
2018,"recruitment",21960000,"fish","Region 2","MFCL report census recruitment",,"native-1007","Native MFCL / INI 1007"
2019,"recruitment",80030000,"fish","Region 1","MFCL report census recruitment",,"native-1007","Native MFCL / INI 1007"
2019,"recruitment",17690000,"fish","Region 2","MFCL report census recruitment",,"native-1007","Native MFCL / INI 1007"
2020,"recruitment",74520000,"fish","Region 1","MFCL report census recruitment",,"native-1007","Native MFCL / INI 1007"
2020,"recruitment",16470000,"fish","Region 2","MFCL report census recruitment",,"native-1007","Native MFCL / INI 1007"
2021,"recruitment",64830000,"fish","Region 1","MFCL report census recruitment",,"native-1007","Native MFCL / INI 1007"
2021,"recruitment",14330000,"fish","Region 2","MFCL report census recruitment",,"native-1007","Native MFCL / INI 1007"
2022,"recruitment",58370000,"fish","Region 1","MFCL report census recruitment",,"native-1007","Native MFCL / INI 1007"
2022,"recruitment",12900000,"fish","Region 2","MFCL report census recruitment",,"native-1007","Native MFCL / INI 1007"
1954,"recruitment",155070000,"fish","all","MFCL report census recruitment",,"native-1007","Native MFCL / INI 1007"
1955,"recruitment",155070000,"fish","all","MFCL report census recruitment",,"native-1007","Native MFCL / INI 1007"
1956,"recruitment",150790000,"fish","all","MFCL report census recruitment",,"native-1007","Native MFCL / INI 1007"
1957,"recruitment",92690000,"fish","all","MFCL report census recruitment",,"native-1007","Native MFCL / INI 1007"
1958,"recruitment",116730000,"fish","all","MFCL report census recruitment",,"native-1007","Native MFCL / INI 1007"
1959,"recruitment",45533000,"fish","all","MFCL report census recruitment",,"native-1007","Native MFCL / INI 1007"
1960,"recruitment",26034000,"fish","all","MFCL report census recruitment",,"native-1007","Native MFCL / INI 1007"
1961,"recruitment",74750000,"fish","all","MFCL report census recruitment",,"native-1007","Native MFCL / INI 1007"
1962,"recruitment",108260000,"fish","all","MFCL report census recruitment",,"native-1007","Native MFCL / INI 1007"
1963,"recruitment",139800000,"fish","all","MFCL report census recruitment",,"native-1007","Native MFCL / INI 1007"
1964,"recruitment",53250000,"fish","all","MFCL report census recruitment",,"native-1007","Native MFCL / INI 1007"
1965,"recruitment",15287000,"fish","all","MFCL report census recruitment",,"native-1007","Native MFCL / INI 1007"
1966,"recruitment",65240000,"fish","all","MFCL report census recruitment",,"native-1007","Native MFCL / INI 1007"
1967,"recruitment",50515000,"fish","all","MFCL report census recruitment",,"native-1007","Native MFCL / INI 1007"
1968,"recruitment",55260000,"fish","all","MFCL report census recruitment",,"native-1007","Native MFCL / INI 1007"
1969,"recruitment",46655000,"fish","all","MFCL report census recruitment",,"native-1007","Native MFCL / INI 1007"
1970,"recruitment",36596000,"fish","all","MFCL report census recruitment",,"native-1007","Native MFCL / INI 1007"
1971,"recruitment",38829000,"fish","all","MFCL report census recruitment",,"native-1007","Native MFCL / INI 1007"
1972,"recruitment",39769000,"fish","all","MFCL report census recruitment",,"native-1007","Native MFCL / INI 1007"
1973,"recruitment",69460000,"fish","all","MFCL report census recruitment",,"native-1007","Native MFCL / INI 1007"
1974,"recruitment",114620000,"fish","all","MFCL report census recruitment",,"native-1007","Native MFCL / INI 1007"
1975,"recruitment",55880000,"fish","all","MFCL report census recruitment",,"native-1007","Native MFCL / INI 1007"
1976,"recruitment",30208000,"fish","all","MFCL report census recruitment",,"native-1007","Native MFCL / INI 1007"
1977,"recruitment",29842000,"fish","all","MFCL report census recruitment",,"native-1007","Native MFCL / INI 1007"
1978,"recruitment",35886000,"fish","all","MFCL report census recruitment",,"native-1007","Native MFCL / INI 1007"
1979,"recruitment",47583000,"fish","all","MFCL report census recruitment",,"native-1007","Native MFCL / INI 1007"
1980,"recruitment",68160000,"fish","all","MFCL report census recruitment",,"native-1007","Native MFCL / INI 1007"
1981,"recruitment",56160000,"fish","all","MFCL report census recruitment",,"native-1007","Native MFCL / INI 1007"
1982,"recruitment",45851000,"fish","all","MFCL report census recruitment",,"native-1007","Native MFCL / INI 1007"
1983,"recruitment",51113000,"fish","all","MFCL report census recruitment",,"native-1007","Native MFCL / INI 1007"
1984,"recruitment",62080000,"fish","all","MFCL report census recruitment",,"native-1007","Native MFCL / INI 1007"
1985,"recruitment",30195000,"fish","all","MFCL report census recruitment",,"native-1007","Native MFCL / INI 1007"
1986,"recruitment",50527000,"fish","all","MFCL report census recruitment",,"native-1007","Native MFCL / INI 1007"
1987,"recruitment",58440000,"fish","all","MFCL report census recruitment",,"native-1007","Native MFCL / INI 1007"
1988,"recruitment",69220000,"fish","all","MFCL report census recruitment",,"native-1007","Native MFCL / INI 1007"
1989,"recruitment",80110000,"fish","all","MFCL report census recruitment",,"native-1007","Native MFCL / INI 1007"
1990,"recruitment",39659000,"fish","all","MFCL report census recruitment",,"native-1007","Native MFCL / INI 1007"
1991,"recruitment",81470000,"fish","all","MFCL report census recruitment",,"native-1007","Native MFCL / INI 1007"
1992,"recruitment",57720000,"fish","all","MFCL report census recruitment",,"native-1007","Native MFCL / INI 1007"
1993,"recruitment",64030000,"fish","all","MFCL report census recruitment",,"native-1007","Native MFCL / INI 1007"
1994,"recruitment",79350000,"fish","all","MFCL report census recruitment",,"native-1007","Native MFCL / INI 1007"
1995,"recruitment",89200000,"fish","all","MFCL report census recruitment",,"native-1007","Native MFCL / INI 1007"
1996,"recruitment",52432000,"fish","all","MFCL report census recruitment",,"native-1007","Native MFCL / INI 1007"
1997,"recruitment",55204000,"fish","all","MFCL report census recruitment",,"native-1007","Native MFCL / INI 1007"
1998,"recruitment",34848000,"fish","all","MFCL report census recruitment",,"native-1007","Native MFCL / INI 1007"
1999,"recruitment",117700000,"fish","all","MFCL report census recruitment",,"native-1007","Native MFCL / INI 1007"
2000,"recruitment",29758000,"fish","all","MFCL report census recruitment",,"native-1007","Native MFCL / INI 1007"
2001,"recruitment",93920000,"fish","all","MFCL report census recruitment",,"native-1007","Native MFCL / INI 1007"
2002,"recruitment",108370000,"fish","all","MFCL report census recruitment",,"native-1007","Native MFCL / INI 1007"
2003,"recruitment",98370000,"fish","all","MFCL report census recruitment",,"native-1007","Native MFCL / INI 1007"
2004,"recruitment",53055000,"fish","all","MFCL report census recruitment",,"native-1007","Native MFCL / INI 1007"
2005,"recruitment",60650000,"fish","all","MFCL report census recruitment",,"native-1007","Native MFCL / INI 1007"
2006,"recruitment",85940000,"fish","all","MFCL report census recruitment",,"native-1007","Native MFCL / INI 1007"
2007,"recruitment",1.2e+08,"fish","all","MFCL report census recruitment",,"native-1007","Native MFCL / INI 1007"
2008,"recruitment",69340000,"fish","all","MFCL report census recruitment",,"native-1007","Native MFCL / INI 1007"
2009,"recruitment",88870000,"fish","all","MFCL report census recruitment",,"native-1007","Native MFCL / INI 1007"
2010,"recruitment",108150000,"fish","all","MFCL report census recruitment",,"native-1007","Native MFCL / INI 1007"
2011,"recruitment",111330000,"fish","all","MFCL report census recruitment",,"native-1007","Native MFCL / INI 1007"
2012,"recruitment",70780000,"fish","all","MFCL report census recruitment",,"native-1007","Native MFCL / INI 1007"
2013,"recruitment",71020000,"fish","all","MFCL report census recruitment",,"native-1007","Native MFCL / INI 1007"
2014,"recruitment",93310000,"fish","all","MFCL report census recruitment",,"native-1007","Native MFCL / INI 1007"
2015,"recruitment",85580000,"fish","all","MFCL report census recruitment",,"native-1007","Native MFCL / INI 1007"
2016,"recruitment",54325000,"fish","all","MFCL report census recruitment",,"native-1007","Native MFCL / INI 1007"
2017,"recruitment",45387000,"fish","all","MFCL report census recruitment",,"native-1007","Native MFCL / INI 1007"
2018,"recruitment",121330000,"fish","all","MFCL report census recruitment",,"native-1007","Native MFCL / INI 1007"
2019,"recruitment",97720000,"fish","all","MFCL report census recruitment",,"native-1007","Native MFCL / INI 1007"
2020,"recruitment",90990000,"fish","all","MFCL report census recruitment",,"native-1007","Native MFCL / INI 1007"
2021,"recruitment",79160000,"fish","all","MFCL report census recruitment",,"native-1007","Native MFCL / INI 1007"
2022,"recruitment",71270000,"fish","all","MFCL report census recruitment",,"native-1007","Native MFCL / INI 1007"
1954,"dynamic_unfished_spawning_biomass",1332590,"t","all","MFCL report census dynamic_unfished_spawning_biomass","Unfished spawning potential","native-1007","Native MFCL / INI 1007"
1955,"dynamic_unfished_spawning_biomass",1312880,"t","all","MFCL report census dynamic_unfished_spawning_biomass","Unfished spawning potential","native-1007","Native MFCL / INI 1007"
1956,"dynamic_unfished_spawning_biomass",1297730,"t","all","MFCL report census dynamic_unfished_spawning_biomass","Unfished spawning potential","native-1007","Native MFCL / INI 1007"
1957,"dynamic_unfished_spawning_biomass",1286530,"t","all","MFCL report census dynamic_unfished_spawning_biomass","Unfished spawning potential","native-1007","Native MFCL / INI 1007"
1958,"dynamic_unfished_spawning_biomass",1278390,"t","all","MFCL report census dynamic_unfished_spawning_biomass","Unfished spawning potential","native-1007","Native MFCL / INI 1007"
1959,"dynamic_unfished_spawning_biomass",1270440,"t","all","MFCL report census dynamic_unfished_spawning_biomass","Unfished spawning potential","native-1007","Native MFCL / INI 1007"
1960,"dynamic_unfished_spawning_biomass",1232120,"t","all","MFCL report census dynamic_unfished_spawning_biomass","Unfished spawning potential","native-1007","Native MFCL / INI 1007"
1961,"dynamic_unfished_spawning_biomass",1152820,"t","all","MFCL report census dynamic_unfished_spawning_biomass","Unfished spawning potential","native-1007","Native MFCL / INI 1007"
1962,"dynamic_unfished_spawning_biomass",1058720,"t","all","MFCL report census dynamic_unfished_spawning_biomass","Unfished spawning potential","native-1007","Native MFCL / INI 1007"
1963,"dynamic_unfished_spawning_biomass",909290,"t","all","MFCL report census dynamic_unfished_spawning_biomass","Unfished spawning potential","native-1007","Native MFCL / INI 1007"
1964,"dynamic_unfished_spawning_biomass",773170,"t","all","MFCL report census dynamic_unfished_spawning_biomass","Unfished spawning potential","native-1007","Native MFCL / INI 1007"
1965,"dynamic_unfished_spawning_biomass",723140,"t","all","MFCL report census dynamic_unfished_spawning_biomass","Unfished spawning potential","native-1007","Native MFCL / INI 1007"
1966,"dynamic_unfished_spawning_biomass",752460,"t","all","MFCL report census dynamic_unfished_spawning_biomass","Unfished spawning potential","native-1007","Native MFCL / INI 1007"
1967,"dynamic_unfished_spawning_biomass",784010,"t","all","MFCL report census dynamic_unfished_spawning_biomass","Unfished spawning potential","native-1007","Native MFCL / INI 1007"
1968,"dynamic_unfished_spawning_biomass",718380,"t","all","MFCL report census dynamic_unfished_spawning_biomass","Unfished spawning potential","native-1007","Native MFCL / INI 1007"
1969,"dynamic_unfished_spawning_biomass",622680,"t","all","MFCL report census dynamic_unfished_spawning_biomass","Unfished spawning potential","native-1007","Native MFCL / INI 1007"
1970,"dynamic_unfished_spawning_biomass",571080,"t","all","MFCL report census dynamic_unfished_spawning_biomass","Unfished spawning potential","native-1007","Native MFCL / INI 1007"
1971,"dynamic_unfished_spawning_biomass",534390,"t","all","MFCL report census dynamic_unfished_spawning_biomass","Unfished spawning potential","native-1007","Native MFCL / INI 1007"
1972,"dynamic_unfished_spawning_biomass",506240,"t","all","MFCL report census dynamic_unfished_spawning_biomass","Unfished spawning potential","native-1007","Native MFCL / INI 1007"
1973,"dynamic_unfished_spawning_biomass",473340,"t","all","MFCL report census dynamic_unfished_spawning_biomass","Unfished spawning potential","native-1007","Native MFCL / INI 1007"
1974,"dynamic_unfished_spawning_biomass",436690,"t","all","MFCL report census dynamic_unfished_spawning_biomass","Unfished spawning potential","native-1007","Native MFCL / INI 1007"
1975,"dynamic_unfished_spawning_biomass",407590,"t","all","MFCL report census dynamic_unfished_spawning_biomass","Unfished spawning potential","native-1007","Native MFCL / INI 1007"
1976,"dynamic_unfished_spawning_biomass",402070,"t","all","MFCL report census dynamic_unfished_spawning_biomass","Unfished spawning potential","native-1007","Native MFCL / INI 1007"
1977,"dynamic_unfished_spawning_biomass",452650,"t","all","MFCL report census dynamic_unfished_spawning_biomass","Unfished spawning potential","native-1007","Native MFCL / INI 1007"
1978,"dynamic_unfished_spawning_biomass",522690,"t","all","MFCL report census dynamic_unfished_spawning_biomass","Unfished spawning potential","native-1007","Native MFCL / INI 1007"
1979,"dynamic_unfished_spawning_biomass",523260,"t","all","MFCL report census dynamic_unfished_spawning_biomass","Unfished spawning potential","native-1007","Native MFCL / INI 1007"
1980,"dynamic_unfished_spawning_biomass",476800,"t","all","MFCL report census dynamic_unfished_spawning_biomass","Unfished spawning potential","native-1007","Native MFCL / INI 1007"
1981,"dynamic_unfished_spawning_biomass",427540,"t","all","MFCL report census dynamic_unfished_spawning_biomass","Unfished spawning potential","native-1007","Native MFCL / INI 1007"
1982,"dynamic_unfished_spawning_biomass",397940,"t","all","MFCL report census dynamic_unfished_spawning_biomass","Unfished spawning potential","native-1007","Native MFCL / INI 1007"
1983,"dynamic_unfished_spawning_biomass",399650,"t","all","MFCL report census dynamic_unfished_spawning_biomass","Unfished spawning potential","native-1007","Native MFCL / INI 1007"
1984,"dynamic_unfished_spawning_biomass",422620,"t","all","MFCL report census dynamic_unfished_spawning_biomass","Unfished spawning potential","native-1007","Native MFCL / INI 1007"
1985,"dynamic_unfished_spawning_biomass",432870,"t","all","MFCL report census dynamic_unfished_spawning_biomass","Unfished spawning potential","native-1007","Native MFCL / INI 1007"
1986,"dynamic_unfished_spawning_biomass",430650,"t","all","MFCL report census dynamic_unfished_spawning_biomass","Unfished spawning potential","native-1007","Native MFCL / INI 1007"
1987,"dynamic_unfished_spawning_biomass",435070,"t","all","MFCL report census dynamic_unfished_spawning_biomass","Unfished spawning potential","native-1007","Native MFCL / INI 1007"
1988,"dynamic_unfished_spawning_biomass",435490,"t","all","MFCL report census dynamic_unfished_spawning_biomass","Unfished spawning potential","native-1007","Native MFCL / INI 1007"
1989,"dynamic_unfished_spawning_biomass",416130,"t","all","MFCL report census dynamic_unfished_spawning_biomass","Unfished spawning potential","native-1007","Native MFCL / INI 1007"
1990,"dynamic_unfished_spawning_biomass",414620,"t","all","MFCL report census dynamic_unfished_spawning_biomass","Unfished spawning potential","native-1007","Native MFCL / INI 1007"
1991,"dynamic_unfished_spawning_biomass",432670,"t","all","MFCL report census dynamic_unfished_spawning_biomass","Unfished spawning potential","native-1007","Native MFCL / INI 1007"
1992,"dynamic_unfished_spawning_biomass",468150,"t","all","MFCL report census dynamic_unfished_spawning_biomass","Unfished spawning potential","native-1007","Native MFCL / INI 1007"
1993,"dynamic_unfished_spawning_biomass",492710,"t","all","MFCL report census dynamic_unfished_spawning_biomass","Unfished spawning potential","native-1007","Native MFCL / INI 1007"
1994,"dynamic_unfished_spawning_biomass",495330,"t","all","MFCL report census dynamic_unfished_spawning_biomass","Unfished spawning potential","native-1007","Native MFCL / INI 1007"
1995,"dynamic_unfished_spawning_biomass",514660,"t","all","MFCL report census dynamic_unfished_spawning_biomass","Unfished spawning potential","native-1007","Native MFCL / INI 1007"
1996,"dynamic_unfished_spawning_biomass",520150,"t","all","MFCL report census dynamic_unfished_spawning_biomass","Unfished spawning potential","native-1007","Native MFCL / INI 1007"
1997,"dynamic_unfished_spawning_biomass",531740,"t","all","MFCL report census dynamic_unfished_spawning_biomass","Unfished spawning potential","native-1007","Native MFCL / INI 1007"
1998,"dynamic_unfished_spawning_biomass",561800,"t","all","MFCL report census dynamic_unfished_spawning_biomass","Unfished spawning potential","native-1007","Native MFCL / INI 1007"
1999,"dynamic_unfished_spawning_biomass",583240,"t","all","MFCL report census dynamic_unfished_spawning_biomass","Unfished spawning potential","native-1007","Native MFCL / INI 1007"
2000,"dynamic_unfished_spawning_biomass",566890,"t","all","MFCL report census dynamic_unfished_spawning_biomass","Unfished spawning potential","native-1007","Native MFCL / INI 1007"
2001,"dynamic_unfished_spawning_biomass",533510,"t","all","MFCL report census dynamic_unfished_spawning_biomass","Unfished spawning potential","native-1007","Native MFCL / INI 1007"
2002,"dynamic_unfished_spawning_biomass",524810,"t","all","MFCL report census dynamic_unfished_spawning_biomass","Unfished spawning potential","native-1007","Native MFCL / INI 1007"
2003,"dynamic_unfished_spawning_biomass",553210,"t","all","MFCL report census dynamic_unfished_spawning_biomass","Unfished spawning potential","native-1007","Native MFCL / INI 1007"
2004,"dynamic_unfished_spawning_biomass",547010,"t","all","MFCL report census dynamic_unfished_spawning_biomass","Unfished spawning potential","native-1007","Native MFCL / INI 1007"
2005,"dynamic_unfished_spawning_biomass",589530,"t","all","MFCL report census dynamic_unfished_spawning_biomass","Unfished spawning potential","native-1007","Native MFCL / INI 1007"
2006,"dynamic_unfished_spawning_biomass",651300,"t","all","MFCL report census dynamic_unfished_spawning_biomass","Unfished spawning potential","native-1007","Native MFCL / INI 1007"
2007,"dynamic_unfished_spawning_biomass",676300,"t","all","MFCL report census dynamic_unfished_spawning_biomass","Unfished spawning potential","native-1007","Native MFCL / INI 1007"
2008,"dynamic_unfished_spawning_biomass",649470,"t","all","MFCL report census dynamic_unfished_spawning_biomass","Unfished spawning potential","native-1007","Native MFCL / INI 1007"
2009,"dynamic_unfished_spawning_biomass",630540,"t","all","MFCL report census dynamic_unfished_spawning_biomass","Unfished spawning potential","native-1007","Native MFCL / INI 1007"
2010,"dynamic_unfished_spawning_biomass",657910,"t","all","MFCL report census dynamic_unfished_spawning_biomass","Unfished spawning potential","native-1007","Native MFCL / INI 1007"
2011,"dynamic_unfished_spawning_biomass",699460,"t","all","MFCL report census dynamic_unfished_spawning_biomass","Unfished spawning potential","native-1007","Native MFCL / INI 1007"
2012,"dynamic_unfished_spawning_biomass",703900,"t","all","MFCL report census dynamic_unfished_spawning_biomass","Unfished spawning potential","native-1007","Native MFCL / INI 1007"
2013,"dynamic_unfished_spawning_biomass",720960,"t","all","MFCL report census dynamic_unfished_spawning_biomass","Unfished spawning potential","native-1007","Native MFCL / INI 1007"
2014,"dynamic_unfished_spawning_biomass",759740,"t","all","MFCL report census dynamic_unfished_spawning_biomass","Unfished spawning potential","native-1007","Native MFCL / INI 1007"
2015,"dynamic_unfished_spawning_biomass",780900,"t","all","MFCL report census dynamic_unfished_spawning_biomass","Unfished spawning potential","native-1007","Native MFCL / INI 1007"
2016,"dynamic_unfished_spawning_biomass",756890,"t","all","MFCL report census dynamic_unfished_spawning_biomass","Unfished spawning potential","native-1007","Native MFCL / INI 1007"
2017,"dynamic_unfished_spawning_biomass",733490,"t","all","MFCL report census dynamic_unfished_spawning_biomass","Unfished spawning potential","native-1007","Native MFCL / INI 1007"
2018,"dynamic_unfished_spawning_biomass",731250,"t","all","MFCL report census dynamic_unfished_spawning_biomass","Unfished spawning potential","native-1007","Native MFCL / INI 1007"
2019,"dynamic_unfished_spawning_biomass",713550,"t","all","MFCL report census dynamic_unfished_spawning_biomass","Unfished spawning potential","native-1007","Native MFCL / INI 1007"
2020,"dynamic_unfished_spawning_biomass",662080,"t","all","MFCL report census dynamic_unfished_spawning_biomass","Unfished spawning potential","native-1007","Native MFCL / INI 1007"
2021,"dynamic_unfished_spawning_biomass",639070,"t","all","MFCL report census dynamic_unfished_spawning_biomass","Unfished spawning potential","native-1007","Native MFCL / INI 1007"
2022,"dynamic_unfished_spawning_biomass",684950,"t","all","MFCL report census dynamic_unfished_spawning_biomass","Unfished spawning potential","native-1007","Native MFCL / INI 1007"
1954,"dynamic_unfished_total_biomass",2587080,"t","all","MFCL report census dynamic_unfished_total_biomass",,"native-1007","Native MFCL / INI 1007"
1955,"dynamic_unfished_total_biomass",2565920,"t","all","MFCL report census dynamic_unfished_total_biomass",,"native-1007","Native MFCL / INI 1007"
1956,"dynamic_unfished_total_biomass",2541320,"t","all","MFCL report census dynamic_unfished_total_biomass",,"native-1007","Native MFCL / INI 1007"
1957,"dynamic_unfished_total_biomass",2407810,"t","all","MFCL report census dynamic_unfished_total_biomass",,"native-1007","Native MFCL / INI 1007"
1958,"dynamic_unfished_total_biomass",2322650,"t","all","MFCL report census dynamic_unfished_total_biomass",,"native-1007","Native MFCL / INI 1007"
1959,"dynamic_unfished_total_biomass",2103740,"t","all","MFCL report census dynamic_unfished_total_biomass",,"native-1007","Native MFCL / INI 1007"
1960,"dynamic_unfished_total_biomass",1847590,"t","all","MFCL report census dynamic_unfished_total_biomass",,"native-1007","Native MFCL / INI 1007"
1961,"dynamic_unfished_total_biomass",1690880,"t","all","MFCL report census dynamic_unfished_total_biomass",,"native-1007","Native MFCL / INI 1007"
1962,"dynamic_unfished_total_biomass",1626630,"t","all","MFCL report census dynamic_unfished_total_biomass",,"native-1007","Native MFCL / INI 1007"
1963,"dynamic_unfished_total_biomass",1638780,"t","all","MFCL report census dynamic_unfished_total_biomass",,"native-1007","Native MFCL / INI 1007"
1964,"dynamic_unfished_total_biomass",1516240,"t","all","MFCL report census dynamic_unfished_total_biomass",,"native-1007","Native MFCL / INI 1007"
1965,"dynamic_unfished_total_biomass",1351840,"t","all","MFCL report census dynamic_unfished_total_biomass",,"native-1007","Native MFCL / INI 1007"
1966,"dynamic_unfished_total_biomass",1298400,"t","all","MFCL report census dynamic_unfished_total_biomass",,"native-1007","Native MFCL / INI 1007"
1967,"dynamic_unfished_total_biomass",1217730,"t","all","MFCL report census dynamic_unfished_total_biomass",,"native-1007","Native MFCL / INI 1007"
1968,"dynamic_unfished_total_biomass",1132180,"t","all","MFCL report census dynamic_unfished_total_biomass",,"native-1007","Native MFCL / INI 1007"
1969,"dynamic_unfished_total_biomass",1045880,"t","all","MFCL report census dynamic_unfished_total_biomass",,"native-1007","Native MFCL / INI 1007"
1970,"dynamic_unfished_total_biomass",968170,"t","all","MFCL report census dynamic_unfished_total_biomass",,"native-1007","Native MFCL / INI 1007"
1971,"dynamic_unfished_total_biomass",902870,"t","all","MFCL report census dynamic_unfished_total_biomass",,"native-1007","Native MFCL / INI 1007"
1972,"dynamic_unfished_total_biomass",850430,"t","all","MFCL report census dynamic_unfished_total_biomass",,"native-1007","Native MFCL / INI 1007"
1973,"dynamic_unfished_total_biomass",864410,"t","all","MFCL report census dynamic_unfished_total_biomass",,"native-1007","Native MFCL / INI 1007"
1974,"dynamic_unfished_total_biomass",978730,"t","all","MFCL report census dynamic_unfished_total_biomass",,"native-1007","Native MFCL / INI 1007"
1975,"dynamic_unfished_total_biomass",986230,"t","all","MFCL report census dynamic_unfished_total_biomass",,"native-1007","Native MFCL / INI 1007"
1976,"dynamic_unfished_total_biomass",945550,"t","all","MFCL report census dynamic_unfished_total_biomass",,"native-1007","Native MFCL / INI 1007"
1977,"dynamic_unfished_total_biomass",907380,"t","all","MFCL report census dynamic_unfished_total_biomass",,"native-1007","Native MFCL / INI 1007"
1978,"dynamic_unfished_total_biomass",874730,"t","all","MFCL report census dynamic_unfished_total_biomass",,"native-1007","Native MFCL / INI 1007"
1979,"dynamic_unfished_total_biomass",843370,"t","all","MFCL report census dynamic_unfished_total_biomass",,"native-1007","Native MFCL / INI 1007"
1980,"dynamic_unfished_total_biomass",854270,"t","all","MFCL report census dynamic_unfished_total_biomass",,"native-1007","Native MFCL / INI 1007"
1981,"dynamic_unfished_total_biomass",853170,"t","all","MFCL report census dynamic_unfished_total_biomass",,"native-1007","Native MFCL / INI 1007"
1982,"dynamic_unfished_total_biomass",841830,"t","all","MFCL report census dynamic_unfished_total_biomass",,"native-1007","Native MFCL / INI 1007"
1983,"dynamic_unfished_total_biomass",848080,"t","all","MFCL report census dynamic_unfished_total_biomass",,"native-1007","Native MFCL / INI 1007"
1984,"dynamic_unfished_total_biomass",878550,"t","all","MFCL report census dynamic_unfished_total_biomass",,"native-1007","Native MFCL / INI 1007"
1985,"dynamic_unfished_total_biomass",837490,"t","all","MFCL report census dynamic_unfished_total_biomass",,"native-1007","Native MFCL / INI 1007"
1986,"dynamic_unfished_total_biomass",833370,"t","all","MFCL report census dynamic_unfished_total_biomass",,"native-1007","Native MFCL / INI 1007"
1987,"dynamic_unfished_total_biomass",847810,"t","all","MFCL report census dynamic_unfished_total_biomass",,"native-1007","Native MFCL / INI 1007"
1988,"dynamic_unfished_total_biomass",885330,"t","all","MFCL report census dynamic_unfished_total_biomass",,"native-1007","Native MFCL / INI 1007"
1989,"dynamic_unfished_total_biomass",940190,"t","all","MFCL report census dynamic_unfished_total_biomass",,"native-1007","Native MFCL / INI 1007"
1990,"dynamic_unfished_total_biomass",921690,"t","all","MFCL report census dynamic_unfished_total_biomass",,"native-1007","Native MFCL / INI 1007"
1991,"dynamic_unfished_total_biomass",986440,"t","all","MFCL report census dynamic_unfished_total_biomass",,"native-1007","Native MFCL / INI 1007"
1992,"dynamic_unfished_total_biomass",1001250,"t","all","MFCL report census dynamic_unfished_total_biomass",,"native-1007","Native MFCL / INI 1007"
1993,"dynamic_unfished_total_biomass",1020790,"t","all","MFCL report census dynamic_unfished_total_biomass",,"native-1007","Native MFCL / INI 1007"
1994,"dynamic_unfished_total_biomass",1060610,"t","all","MFCL report census dynamic_unfished_total_biomass",,"native-1007","Native MFCL / INI 1007"
1995,"dynamic_unfished_total_biomass",1126670,"t","all","MFCL report census dynamic_unfished_total_biomass",,"native-1007","Native MFCL / INI 1007"
1996,"dynamic_unfished_total_biomass",1108890,"t","all","MFCL report census dynamic_unfished_total_biomass",,"native-1007","Native MFCL / INI 1007"
1997,"dynamic_unfished_total_biomass",1094640,"t","all","MFCL report census dynamic_unfished_total_biomass",,"native-1007","Native MFCL / INI 1007"
1998,"dynamic_unfished_total_biomass",1038030,"t","all","MFCL report census dynamic_unfished_total_biomass",,"native-1007","Native MFCL / INI 1007"
1999,"dynamic_unfished_total_biomass",1140930,"t","all","MFCL report census dynamic_unfished_total_biomass",,"native-1007","Native MFCL / INI 1007"
2000,"dynamic_unfished_total_biomass",1061900,"t","all","MFCL report census dynamic_unfished_total_biomass",,"native-1007","Native MFCL / INI 1007"
2001,"dynamic_unfished_total_biomass",1113260,"t","all","MFCL report census dynamic_unfished_total_biomass",,"native-1007","Native MFCL / INI 1007"
2002,"dynamic_unfished_total_biomass",1201260,"t","all","MFCL report census dynamic_unfished_total_biomass",,"native-1007","Native MFCL / INI 1007"
2003,"dynamic_unfished_total_biomass",1281790,"t","all","MFCL report census dynamic_unfished_total_biomass",,"native-1007","Native MFCL / INI 1007"
2004,"dynamic_unfished_total_biomass",1250250,"t","all","MFCL report census dynamic_unfished_total_biomass",,"native-1007","Native MFCL / INI 1007"
2005,"dynamic_unfished_total_biomass",1244960,"t","all","MFCL report census dynamic_unfished_total_biomass",,"native-1007","Native MFCL / INI 1007"
2006,"dynamic_unfished_total_biomass",1280340,"t","all","MFCL report census dynamic_unfished_total_biomass",,"native-1007","Native MFCL / INI 1007"
2007,"dynamic_unfished_total_biomass",1370130,"t","all","MFCL report census dynamic_unfished_total_biomass",,"native-1007","Native MFCL / INI 1007"
2008,"dynamic_unfished_total_biomass",1348640,"t","all","MFCL report census dynamic_unfished_total_biomass",,"native-1007","Native MFCL / INI 1007"
2009,"dynamic_unfished_total_biomass",1372580,"t","all","MFCL report census dynamic_unfished_total_biomass",,"native-1007","Native MFCL / INI 1007"
2010,"dynamic_unfished_total_biomass",1442300,"t","all","MFCL report census dynamic_unfished_total_biomass",,"native-1007","Native MFCL / INI 1007"
2011,"dynamic_unfished_total_biomass",1514890,"t","all","MFCL report census dynamic_unfished_total_biomass",,"native-1007","Native MFCL / INI 1007"
2012,"dynamic_unfished_total_biomass",1488780,"t","all","MFCL report census dynamic_unfished_total_biomass",,"native-1007","Native MFCL / INI 1007"
2013,"dynamic_unfished_total_biomass",1464000,"t","all","MFCL report census dynamic_unfished_total_biomass",,"native-1007","Native MFCL / INI 1007"
2014,"dynamic_unfished_total_biomass",1482010,"t","all","MFCL report census dynamic_unfished_total_biomass",,"native-1007","Native MFCL / INI 1007"
2015,"dynamic_unfished_total_biomass",1476050,"t","all","MFCL report census dynamic_unfished_total_biomass",,"native-1007","Native MFCL / INI 1007"
2016,"dynamic_unfished_total_biomass",1397310,"t","all","MFCL report census dynamic_unfished_total_biomass",,"native-1007","Native MFCL / INI 1007"
2017,"dynamic_unfished_total_biomass",1306730,"t","all","MFCL report census dynamic_unfished_total_biomass",,"native-1007","Native MFCL / INI 1007"
2018,"dynamic_unfished_total_biomass",1378810,"t","all","MFCL report census dynamic_unfished_total_biomass",,"native-1007","Native MFCL / INI 1007"
2019,"dynamic_unfished_total_biomass",1404730,"t","all","MFCL report census dynamic_unfished_total_biomass",,"native-1007","Native MFCL / INI 1007"
2020,"dynamic_unfished_total_biomass",1417300,"t","all","MFCL report census dynamic_unfished_total_biomass",,"native-1007","Native MFCL / INI 1007"
2021,"dynamic_unfished_total_biomass",1417270,"t","all","MFCL report census dynamic_unfished_total_biomass",,"native-1007","Native MFCL / INI 1007"
2022,"dynamic_unfished_total_biomass",1414560,"t","all","MFCL report census dynamic_unfished_total_biomass",,"native-1007","Native MFCL / INI 1007"
1954,"spawning_biomass",1332590,"t","all","MFCL report census spawning_biomass","Spawning potential","native-1007","Native MFCL / INI 1007"
1955,"spawning_biomass",1305870,"t","all","MFCL report census spawning_biomass","Spawning potential","native-1007","Native MFCL / INI 1007"
1956,"spawning_biomass",1282670,"t","all","MFCL report census spawning_biomass","Spawning potential","native-1007","Native MFCL / INI 1007"
1957,"spawning_biomass",1268320,"t","all","MFCL report census spawning_biomass","Spawning potential","native-1007","Native MFCL / INI 1007"
1958,"spawning_biomass",1254900,"t","all","MFCL report census spawning_biomass","Spawning potential","native-1007","Native MFCL / INI 1007"
1959,"spawning_biomass",1237640,"t","all","MFCL report census spawning_biomass","Spawning potential","native-1007","Native MFCL / INI 1007"
1960,"spawning_biomass",1185970,"t","all","MFCL report census spawning_biomass","Spawning potential","native-1007","Native MFCL / INI 1007"
1961,"spawning_biomass",1094560,"t","all","MFCL report census spawning_biomass","Spawning potential","native-1007","Native MFCL / INI 1007"
1962,"spawning_biomass",989730,"t","all","MFCL report census spawning_biomass","Spawning potential","native-1007","Native MFCL / INI 1007"
1963,"spawning_biomass",827690,"t","all","MFCL report census spawning_biomass","Spawning potential","native-1007","Native MFCL / INI 1007"
1964,"spawning_biomass",684970,"t","all","MFCL report census spawning_biomass","Spawning potential","native-1007","Native MFCL / INI 1007"
1965,"spawning_biomass",633580,"t","all","MFCL report census spawning_biomass","Spawning potential","native-1007","Native MFCL / INI 1007"
1966,"spawning_biomass",660510,"t","all","MFCL report census spawning_biomass","Spawning potential","native-1007","Native MFCL / INI 1007"
1967,"spawning_biomass",672360,"t","all","MFCL report census spawning_biomass","Spawning potential","native-1007","Native MFCL / INI 1007"
1968,"spawning_biomass",587660,"t","all","MFCL report census spawning_biomass","Spawning potential","native-1007","Native MFCL / INI 1007"
1969,"spawning_biomass",485920,"t","all","MFCL report census spawning_biomass","Spawning potential","native-1007","Native MFCL / INI 1007"
1970,"spawning_biomass",438830,"t","all","MFCL report census spawning_biomass","Spawning potential","native-1007","Native MFCL / INI 1007"
1971,"spawning_biomass",401650,"t","all","MFCL report census spawning_biomass","Spawning potential","native-1007","Native MFCL / INI 1007"
1972,"spawning_biomass",365020,"t","all","MFCL report census spawning_biomass","Spawning potential","native-1007","Native MFCL / INI 1007"
1973,"spawning_biomass",324956,"t","all","MFCL report census spawning_biomass","Spawning potential","native-1007","Native MFCL / INI 1007"
1974,"spawning_biomass",280750,"t","all","MFCL report census spawning_biomass","Spawning potential","native-1007","Native MFCL / INI 1007"
1975,"spawning_biomass",251694,"t","all","MFCL report census spawning_biomass","Spawning potential","native-1007","Native MFCL / INI 1007"
1976,"spawning_biomass",262215,"t","all","MFCL report census spawning_biomass","Spawning potential","native-1007","Native MFCL / INI 1007"
1977,"spawning_biomass",326135,"t","all","MFCL report census spawning_biomass","Spawning potential","native-1007","Native MFCL / INI 1007"
1978,"spawning_biomass",389870,"t","all","MFCL report census spawning_biomass","Spawning potential","native-1007","Native MFCL / INI 1007"
1979,"spawning_biomass",378720,"t","all","MFCL report census spawning_biomass","Spawning potential","native-1007","Native MFCL / INI 1007"
1980,"spawning_biomass",335007,"t","all","MFCL report census spawning_biomass","Spawning potential","native-1007","Native MFCL / INI 1007"
1981,"spawning_biomass",286135,"t","all","MFCL report census spawning_biomass","Spawning potential","native-1007","Native MFCL / INI 1007"
1982,"spawning_biomass",258216,"t","all","MFCL report census spawning_biomass","Spawning potential","native-1007","Native MFCL / INI 1007"
1983,"spawning_biomass",262508,"t","all","MFCL report census spawning_biomass","Spawning potential","native-1007","Native MFCL / INI 1007"
1984,"spawning_biomass",291792,"t","all","MFCL report census spawning_biomass","Spawning potential","native-1007","Native MFCL / INI 1007"
1985,"spawning_biomass",306706,"t","all","MFCL report census spawning_biomass","Spawning potential","native-1007","Native MFCL / INI 1007"
1986,"spawning_biomass",306654,"t","all","MFCL report census spawning_biomass","Spawning potential","native-1007","Native MFCL / INI 1007"
1987,"spawning_biomass",303921,"t","all","MFCL report census spawning_biomass","Spawning potential","native-1007","Native MFCL / INI 1007"
1988,"spawning_biomass",303928,"t","all","MFCL report census spawning_biomass","Spawning potential","native-1007","Native MFCL / INI 1007"
1989,"spawning_biomass",278360,"t","all","MFCL report census spawning_biomass","Spawning potential","native-1007","Native MFCL / INI 1007"
1990,"spawning_biomass",268197,"t","all","MFCL report census spawning_biomass","Spawning potential","native-1007","Native MFCL / INI 1007"
1991,"spawning_biomass",282471,"t","all","MFCL report census spawning_biomass","Spawning potential","native-1007","Native MFCL / INI 1007"
1992,"spawning_biomass",308511,"t","all","MFCL report census spawning_biomass","Spawning potential","native-1007","Native MFCL / INI 1007"
1993,"spawning_biomass",324493,"t","all","MFCL report census spawning_biomass","Spawning potential","native-1007","Native MFCL / INI 1007"
1994,"spawning_biomass",326974,"t","all","MFCL report census spawning_biomass","Spawning potential","native-1007","Native MFCL / INI 1007"
1995,"spawning_biomass",340610,"t","all","MFCL report census spawning_biomass","Spawning potential","native-1007","Native MFCL / INI 1007"
1996,"spawning_biomass",350699,"t","all","MFCL report census spawning_biomass","Spawning potential","native-1007","Native MFCL / INI 1007"
1997,"spawning_biomass",359932,"t","all","MFCL report census spawning_biomass","Spawning potential","native-1007","Native MFCL / INI 1007"
1998,"spawning_biomass",386660,"t","all","MFCL report census spawning_biomass","Spawning potential","native-1007","Native MFCL / INI 1007"
1999,"spawning_biomass",388060,"t","all","MFCL report census spawning_biomass","Spawning potential","native-1007","Native MFCL / INI 1007"
2000,"spawning_biomass",376690,"t","all","MFCL report census spawning_biomass","Spawning potential","native-1007","Native MFCL / INI 1007"
2001,"spawning_biomass",343131,"t","all","MFCL report census spawning_biomass","Spawning potential","native-1007","Native MFCL / INI 1007"
2002,"spawning_biomass",322678,"t","all","MFCL report census spawning_biomass","Spawning potential","native-1007","Native MFCL / INI 1007"
2003,"spawning_biomass",319947,"t","all","MFCL report census spawning_biomass","Spawning potential","native-1007","Native MFCL / INI 1007"
2004,"spawning_biomass",302549,"t","all","MFCL report census spawning_biomass","Spawning potential","native-1007","Native MFCL / INI 1007"
2005,"spawning_biomass",334034,"t","all","MFCL report census spawning_biomass","Spawning potential","native-1007","Native MFCL / INI 1007"
2006,"spawning_biomass",376160,"t","all","MFCL report census spawning_biomass","Spawning potential","native-1007","Native MFCL / INI 1007"
2007,"spawning_biomass",386580,"t","all","MFCL report census spawning_biomass","Spawning potential","native-1007","Native MFCL / INI 1007"
2008,"spawning_biomass",359930,"t","all","MFCL report census spawning_biomass","Spawning potential","native-1007","Native MFCL / INI 1007"
2009,"spawning_biomass",346579,"t","all","MFCL report census spawning_biomass","Spawning potential","native-1007","Native MFCL / INI 1007"
2010,"spawning_biomass",359470,"t","all","MFCL report census spawning_biomass","Spawning potential","native-1007","Native MFCL / INI 1007"
2011,"spawning_biomass",372880,"t","all","MFCL report census spawning_biomass","Spawning potential","native-1007","Native MFCL / INI 1007"
2012,"spawning_biomass",382700,"t","all","MFCL report census spawning_biomass","Spawning potential","native-1007","Native MFCL / INI 1007"
2013,"spawning_biomass",388460,"t","all","MFCL report census spawning_biomass","Spawning potential","native-1007","Native MFCL / INI 1007"
2014,"spawning_biomass",413020,"t","all","MFCL report census spawning_biomass","Spawning potential","native-1007","Native MFCL / INI 1007"
2015,"spawning_biomass",425100,"t","all","MFCL report census spawning_biomass","Spawning potential","native-1007","Native MFCL / INI 1007"
2016,"spawning_biomass",390436,"t","all","MFCL report census spawning_biomass","Spawning potential","native-1007","Native MFCL / INI 1007"
2017,"spawning_biomass",366708,"t","all","MFCL report census spawning_biomass","Spawning potential","native-1007","Native MFCL / INI 1007"
2018,"spawning_biomass",359887,"t","all","MFCL report census spawning_biomass","Spawning potential","native-1007","Native MFCL / INI 1007"
2019,"spawning_biomass",341434,"t","all","MFCL report census spawning_biomass","Spawning potential","native-1007","Native MFCL / INI 1007"
2020,"spawning_biomass",299273,"t","all","MFCL report census spawning_biomass","Spawning potential","native-1007","Native MFCL / INI 1007"
2021,"spawning_biomass",287423,"t","all","MFCL report census spawning_biomass","Spawning potential","native-1007","Native MFCL / INI 1007"
2022,"spawning_biomass",340505,"t","all","MFCL report census spawning_biomass","Spawning potential","native-1007","Native MFCL / INI 1007"
1954,"total_biomass",2587080,"t","all","MFCL report census total_biomass",,"native-1007","Native MFCL / INI 1007"
1955,"total_biomass",2558500,"t","all","MFCL report census total_biomass",,"native-1007","Native MFCL / INI 1007"
1956,"total_biomass",2525300,"t","all","MFCL report census total_biomass",,"native-1007","Native MFCL / INI 1007"
1957,"total_biomass",2388480,"t","all","MFCL report census total_biomass",,"native-1007","Native MFCL / INI 1007"
1958,"total_biomass",2297730,"t","all","MFCL report census total_biomass",,"native-1007","Native MFCL / INI 1007"
1959,"total_biomass",2068480,"t","all","MFCL report census total_biomass",,"native-1007","Native MFCL / INI 1007"
1960,"total_biomass",1798350,"t","all","MFCL report census total_biomass",,"native-1007","Native MFCL / INI 1007"
1961,"total_biomass",1628890,"t","all","MFCL report census total_biomass",,"native-1007","Native MFCL / INI 1007"
1962,"total_biomass",1553170,"t","all","MFCL report census total_biomass",,"native-1007","Native MFCL / INI 1007"
1963,"total_biomass",1551750,"t","all","MFCL report census total_biomass",,"native-1007","Native MFCL / INI 1007"
1964,"total_biomass",1421470,"t","all","MFCL report census total_biomass",,"native-1007","Native MFCL / INI 1007"
1965,"total_biomass",1254800,"t","all","MFCL report census total_biomass",,"native-1007","Native MFCL / INI 1007"
1966,"total_biomass",1197470,"t","all","MFCL report census total_biomass",,"native-1007","Native MFCL / INI 1007"
1967,"total_biomass",1095190,"t","all","MFCL report census total_biomass",,"native-1007","Native MFCL / INI 1007"
1968,"total_biomass",990680,"t","all","MFCL report census total_biomass",,"native-1007","Native MFCL / INI 1007"
1969,"total_biomass",898310,"t","all","MFCL report census total_biomass",,"native-1007","Native MFCL / INI 1007"
1970,"total_biomass",824390,"t","all","MFCL report census total_biomass",,"native-1007","Native MFCL / INI 1007"
1971,"total_biomass",756800,"t","all","MFCL report census total_biomass",,"native-1007","Native MFCL / INI 1007"
1972,"total_biomass",693790,"t","all","MFCL report census total_biomass",,"native-1007","Native MFCL / INI 1007"
1973,"total_biomass",698200,"t","all","MFCL report census total_biomass",,"native-1007","Native MFCL / INI 1007"
1974,"total_biomass",797880,"t","all","MFCL report census total_biomass",,"native-1007","Native MFCL / INI 1007"
1975,"total_biomass",801320,"t","all","MFCL report census total_biomass",,"native-1007","Native MFCL / INI 1007"
1976,"total_biomass",777430,"t","all","MFCL report census total_biomass",,"native-1007","Native MFCL / INI 1007"
1977,"total_biomass",754770,"t","all","MFCL report census total_biomass",,"native-1007","Native MFCL / INI 1007"
1978,"total_biomass",718660,"t","all","MFCL report census total_biomass",,"native-1007","Native MFCL / INI 1007"
1979,"total_biomass",679330,"t","all","MFCL report census total_biomass",,"native-1007","Native MFCL / INI 1007"
1980,"total_biomass",694680,"t","all","MFCL report census total_biomass",,"native-1007","Native MFCL / INI 1007"
1981,"total_biomass",692760,"t","all","MFCL report census total_biomass",,"native-1007","Native MFCL / INI 1007"
1982,"total_biomass",680570,"t","all","MFCL report census total_biomass",,"native-1007","Native MFCL / INI 1007"
1983,"total_biomass",686410,"t","all","MFCL report census total_biomass",,"native-1007","Native MFCL / INI 1007"
1984,"total_biomass",720330,"t","all","MFCL report census total_biomass",,"native-1007","Native MFCL / INI 1007"
1985,"total_biomass",683290,"t","all","MFCL report census total_biomass",,"native-1007","Native MFCL / INI 1007"
1986,"total_biomass",680470,"t","all","MFCL report census total_biomass",,"native-1007","Native MFCL / INI 1007"
1987,"total_biomass",687790,"t","all","MFCL report census total_biomass",,"native-1007","Native MFCL / INI 1007"
1988,"total_biomass",727350,"t","all","MFCL report census total_biomass",,"native-1007","Native MFCL / INI 1007"
1989,"total_biomass",772320,"t","all","MFCL report census total_biomass",,"native-1007","Native MFCL / INI 1007"
1990,"total_biomass",725780,"t","all","MFCL report census total_biomass",,"native-1007","Native MFCL / INI 1007"
1991,"total_biomass",787710,"t","all","MFCL report census total_biomass",,"native-1007","Native MFCL / INI 1007"
1992,"total_biomass",799720,"t","all","MFCL report census total_biomass",,"native-1007","Native MFCL / INI 1007"
1993,"total_biomass",813420,"t","all","MFCL report census total_biomass",,"native-1007","Native MFCL / INI 1007"
1994,"total_biomass",853730,"t","all","MFCL report census total_biomass",,"native-1007","Native MFCL / INI 1007"
1995,"total_biomass",912130,"t","all","MFCL report census total_biomass",,"native-1007","Native MFCL / INI 1007"
1996,"total_biomass",900810,"t","all","MFCL report census total_biomass",,"native-1007","Native MFCL / INI 1007"
1997,"total_biomass",883940,"t","all","MFCL report census total_biomass",,"native-1007","Native MFCL / INI 1007"
1998,"total_biomass",828670,"t","all","MFCL report census total_biomass",,"native-1007","Native MFCL / INI 1007"
1999,"total_biomass",910210,"t","all","MFCL report census total_biomass",,"native-1007","Native MFCL / INI 1007"
2000,"total_biomass",841660,"t","all","MFCL report census total_biomass",,"native-1007","Native MFCL / INI 1007"
2001,"total_biomass",889490,"t","all","MFCL report census total_biomass",,"native-1007","Native MFCL / INI 1007"
2002,"total_biomass",958720,"t","all","MFCL report census total_biomass",,"native-1007","Native MFCL / INI 1007"
2003,"total_biomass",1002160,"t","all","MFCL report census total_biomass",,"native-1007","Native MFCL / INI 1007"
2004,"total_biomass",957310,"t","all","MFCL report census total_biomass",,"native-1007","Native MFCL / INI 1007"
2005,"total_biomass",938150,"t","all","MFCL report census total_biomass",,"native-1007","Native MFCL / INI 1007"
2006,"total_biomass",953780,"t","all","MFCL report census total_biomass",,"native-1007","Native MFCL / INI 1007"
2007,"total_biomass",1031980,"t","all","MFCL report census total_biomass",,"native-1007","Native MFCL / INI 1007"
2008,"total_biomass",1014920,"t","all","MFCL report census total_biomass",,"native-1007","Native MFCL / INI 1007"
2009,"total_biomass",1042080,"t","all","MFCL report census total_biomass",,"native-1007","Native MFCL / INI 1007"
2010,"total_biomass",1092450,"t","all","MFCL report census total_biomass",,"native-1007","Native MFCL / INI 1007"
2011,"total_biomass",1132890,"t","all","MFCL report census total_biomass",,"native-1007","Native MFCL / INI 1007"
2012,"total_biomass",1114720,"t","all","MFCL report census total_biomass",,"native-1007","Native MFCL / INI 1007"
2013,"total_biomass",1079650,"t","all","MFCL report census total_biomass",,"native-1007","Native MFCL / INI 1007"
2014,"total_biomass",1083000,"t","all","MFCL report census total_biomass",,"native-1007","Native MFCL / INI 1007"
2015,"total_biomass",1070370,"t","all","MFCL report census total_biomass",,"native-1007","Native MFCL / INI 1007"
2016,"total_biomass",983520,"t","all","MFCL report census total_biomass",,"native-1007","Native MFCL / INI 1007"
2017,"total_biomass",894100,"t","all","MFCL report census total_biomass",,"native-1007","Native MFCL / INI 1007"
2018,"total_biomass",955570,"t","all","MFCL report census total_biomass",,"native-1007","Native MFCL / INI 1007"
2019,"total_biomass",978250,"t","all","MFCL report census total_biomass",,"native-1007","Native MFCL / INI 1007"
2020,"total_biomass",997050,"t","all","MFCL report census total_biomass",,"native-1007","Native MFCL / INI 1007"
2021,"total_biomass",999850,"t","all","MFCL report census total_biomass",,"native-1007","Native MFCL / INI 1007"
2022,"total_biomass",1003360,"t","all","MFCL report census total_biomass",,"native-1007","Native MFCL / INI 1007"
1954,"dynamic_spawning_depletion",1,"ratio","Region 1","Ratio of spawning potential to dynamic unfished spawning potential at the same report census",,"native-1007","Native MFCL / INI 1007"
1954,"dynamic_spawning_depletion",1,"ratio","Region 2","Ratio of spawning potential to dynamic unfished spawning potential at the same report census",,"native-1007","Native MFCL / INI 1007"
1955,"dynamic_spawning_depletion",0.992993952132208,"ratio","Region 1","Ratio of spawning potential to dynamic unfished spawning potential at the same report census",,"native-1007","Native MFCL / INI 1007"
1955,"dynamic_spawning_depletion",0.999386485144176,"ratio","Region 2","Ratio of spawning potential to dynamic unfished spawning potential at the same report census",,"native-1007","Native MFCL / INI 1007"
1956,"dynamic_spawning_depletion",0.985655501690975,"ratio","Region 1","Ratio of spawning potential to dynamic unfished spawning potential at the same report census",,"native-1007","Native MFCL / INI 1007"
1956,"dynamic_spawning_depletion",0.996031051187766,"ratio","Region 2","Ratio of spawning potential to dynamic unfished spawning potential at the same report census",,"native-1007","Native MFCL / INI 1007"
1957,"dynamic_spawning_depletion",0.983572547525297,"ratio","Region 1","Ratio of spawning potential to dynamic unfished spawning potential at the same report census",,"native-1007","Native MFCL / INI 1007"
1957,"dynamic_spawning_depletion",0.992129209702431,"ratio","Region 2","Ratio of spawning potential to dynamic unfished spawning potential at the same report census",,"native-1007","Native MFCL / INI 1007"
1958,"dynamic_spawning_depletion",0.979118502498322,"ratio","Region 1","Ratio of spawning potential to dynamic unfished spawning potential at the same report census",,"native-1007","Native MFCL / INI 1007"
1958,"dynamic_spawning_depletion",0.988550741700024,"ratio","Region 2","Ratio of spawning potential to dynamic unfished spawning potential at the same report census",,"native-1007","Native MFCL / INI 1007"
1959,"dynamic_spawning_depletion",0.970259343684143,"ratio","Region 1","Ratio of spawning potential to dynamic unfished spawning potential at the same report census",,"native-1007","Native MFCL / INI 1007"
1959,"dynamic_spawning_depletion",0.984900117508813,"ratio","Region 2","Ratio of spawning potential to dynamic unfished spawning potential at the same report census",,"native-1007","Native MFCL / INI 1007"
1960,"dynamic_spawning_depletion",0.957154945886964,"ratio","Region 1","Ratio of spawning potential to dynamic unfished spawning potential at the same report census",,"native-1007","Native MFCL / INI 1007"
1960,"dynamic_spawning_depletion",0.977035928143713,"ratio","Region 2","Ratio of spawning potential to dynamic unfished spawning potential at the same report census",,"native-1007","Native MFCL / INI 1007"
1961,"dynamic_spawning_depletion",0.942568618535978,"ratio","Region 1","Ratio of spawning potential to dynamic unfished spawning potential at the same report census",,"native-1007","Native MFCL / INI 1007"
1961,"dynamic_spawning_depletion",0.967638152914459,"ratio","Region 2","Ratio of spawning potential to dynamic unfished spawning potential at the same report census",,"native-1007","Native MFCL / INI 1007"
1962,"dynamic_spawning_depletion",0.926524354287062,"ratio","Region 1","Ratio of spawning potential to dynamic unfished spawning potential at the same report census",,"native-1007","Native MFCL / INI 1007"
1962,"dynamic_spawning_depletion",0.956293765434187,"ratio","Region 2","Ratio of spawning potential to dynamic unfished spawning potential at the same report census",,"native-1007","Native MFCL / INI 1007"
1963,"dynamic_spawning_depletion",0.899807083879929,"ratio","Region 1","Ratio of spawning potential to dynamic unfished spawning potential at the same report census",,"native-1007","Native MFCL / INI 1007"
1963,"dynamic_spawning_depletion",0.936175097574041,"ratio","Region 2","Ratio of spawning potential to dynamic unfished spawning potential at the same report census",,"native-1007","Native MFCL / INI 1007"
1964,"dynamic_spawning_depletion",0.879986106540894,"ratio","Region 1","Ratio of spawning potential to dynamic unfished spawning potential at the same report census",,"native-1007","Native MFCL / INI 1007"
1964,"dynamic_spawning_depletion",0.900287419854079,"ratio","Region 2","Ratio of spawning potential to dynamic unfished spawning potential at the same report census",,"native-1007","Native MFCL / INI 1007"
1965,"dynamic_spawning_depletion",0.875761337626566,"ratio","Region 1","Ratio of spawning potential to dynamic unfished spawning potential at the same report census",,"native-1007","Native MFCL / INI 1007"
1965,"dynamic_spawning_depletion",0.877119460500963,"ratio","Region 2","Ratio of spawning potential to dynamic unfished spawning potential at the same report census",,"native-1007","Native MFCL / INI 1007"
1966,"dynamic_spawning_depletion",0.87603260270955,"ratio","Region 1","Ratio of spawning potential to dynamic unfished spawning potential at the same report census",,"native-1007","Native MFCL / INI 1007"
1966,"dynamic_spawning_depletion",0.882437897169266,"ratio","Region 2","Ratio of spawning potential to dynamic unfished spawning potential at the same report census",,"native-1007","Native MFCL / INI 1007"
1967,"dynamic_spawning_depletion",0.85063752276867,"ratio","Region 1","Ratio of spawning potential to dynamic unfished spawning potential at the same report census",,"native-1007","Native MFCL / INI 1007"
1967,"dynamic_spawning_depletion",0.876226237972307,"ratio","Region 2","Ratio of spawning potential to dynamic unfished spawning potential at the same report census",,"native-1007","Native MFCL / INI 1007"
1968,"dynamic_spawning_depletion",0.807439993825731,"ratio","Region 1","Ratio of spawning potential to dynamic unfished spawning potential at the same report census",,"native-1007","Native MFCL / INI 1007"
1968,"dynamic_spawning_depletion",0.845477261369315,"ratio","Region 2","Ratio of spawning potential to dynamic unfished spawning potential at the same report census",,"native-1007","Native MFCL / INI 1007"
1969,"dynamic_spawning_depletion",0.770210185933711,"ratio","Region 1","Ratio of spawning potential to dynamic unfished spawning potential at the same report census",,"native-1007","Native MFCL / INI 1007"
1969,"dynamic_spawning_depletion",0.805875056382499,"ratio","Region 2","Ratio of spawning potential to dynamic unfished spawning potential at the same report census",,"native-1007","Native MFCL / INI 1007"
1970,"dynamic_spawning_depletion",0.760518590998043,"ratio","Region 1","Ratio of spawning potential to dynamic unfished spawning potential at the same report census",,"native-1007","Native MFCL / INI 1007"
1970,"dynamic_spawning_depletion",0.788328814394873,"ratio","Region 2","Ratio of spawning potential to dynamic unfished spawning potential at the same report census",,"native-1007","Native MFCL / INI 1007"
1971,"dynamic_spawning_depletion",0.742681972345421,"ratio","Region 1","Ratio of spawning potential to dynamic unfished spawning potential at the same report census",,"native-1007","Native MFCL / INI 1007"
1971,"dynamic_spawning_depletion",0.774240518896022,"ratio","Region 2","Ratio of spawning potential to dynamic unfished spawning potential at the same report census",,"native-1007","Native MFCL / INI 1007"
1972,"dynamic_spawning_depletion",0.710870520993625,"ratio","Region 1","Ratio of spawning potential to dynamic unfished spawning potential at the same report census",,"native-1007","Native MFCL / INI 1007"
1972,"dynamic_spawning_depletion",0.747048903878583,"ratio","Region 2","Ratio of spawning potential to dynamic unfished spawning potential at the same report census",,"native-1007","Native MFCL / INI 1007"
1973,"dynamic_spawning_depletion",0.681447937189402,"ratio","Region 1","Ratio of spawning potential to dynamic unfished spawning potential at the same report census",,"native-1007","Native MFCL / INI 1007"
1973,"dynamic_spawning_depletion",0.699452239813912,"ratio","Region 2","Ratio of spawning potential to dynamic unfished spawning potential at the same report census",,"native-1007","Native MFCL / INI 1007"
1974,"dynamic_spawning_depletion",0.631879708849445,"ratio","Region 1","Ratio of spawning potential to dynamic unfished spawning potential at the same report census",,"native-1007","Native MFCL / INI 1007"
1974,"dynamic_spawning_depletion",0.670878898339409,"ratio","Region 2","Ratio of spawning potential to dynamic unfished spawning potential at the same report census",,"native-1007","Native MFCL / INI 1007"
1975,"dynamic_spawning_depletion",0.602851184574886,"ratio","Region 1","Ratio of spawning potential to dynamic unfished spawning potential at the same report census",,"native-1007","Native MFCL / INI 1007"
1975,"dynamic_spawning_depletion",0.654796663190824,"ratio","Region 2","Ratio of spawning potential to dynamic unfished spawning potential at the same report census",,"native-1007","Native MFCL / INI 1007"
1976,"dynamic_spawning_depletion",0.649872756035491,"ratio","Region 1","Ratio of spawning potential to dynamic unfished spawning potential at the same report census",,"native-1007","Native MFCL / INI 1007"
1976,"dynamic_spawning_depletion",0.658145385928655,"ratio","Region 2","Ratio of spawning potential to dynamic unfished spawning potential at the same report census",,"native-1007","Native MFCL / INI 1007"
1977,"dynamic_spawning_depletion",0.725215355524207,"ratio","Region 1","Ratio of spawning potential to dynamic unfished spawning potential at the same report census",,"native-1007","Native MFCL / INI 1007"
1977,"dynamic_spawning_depletion",0.707356879812521,"ratio","Region 2","Ratio of spawning potential to dynamic unfished spawning potential at the same report census",,"native-1007","Native MFCL / INI 1007"
1978,"dynamic_spawning_depletion",0.744859258494801,"ratio","Region 1","Ratio of spawning potential to dynamic unfished spawning potential at the same report census",,"native-1007","Native MFCL / INI 1007"
1978,"dynamic_spawning_depletion",0.748852701702443,"ratio","Region 2","Ratio of spawning potential to dynamic unfished spawning potential at the same report census",,"native-1007","Native MFCL / INI 1007"
1979,"dynamic_spawning_depletion",0.719941806089577,"ratio","Region 1","Ratio of spawning potential to dynamic unfished spawning potential at the same report census",,"native-1007","Native MFCL / INI 1007"
1979,"dynamic_spawning_depletion",0.734422437472893,"ratio","Region 2","Ratio of spawning potential to dynamic unfished spawning potential at the same report census",,"native-1007","Native MFCL / INI 1007"
1980,"dynamic_spawning_depletion",0.694714380460798,"ratio","Region 1","Ratio of spawning potential to dynamic unfished spawning potential at the same report census",,"native-1007","Native MFCL / INI 1007"
1980,"dynamic_spawning_depletion",0.723690485347281,"ratio","Region 2","Ratio of spawning potential to dynamic unfished spawning potential at the same report census",,"native-1007","Native MFCL / INI 1007"
1981,"dynamic_spawning_depletion",0.65419137422637,"ratio","Region 1","Ratio of spawning potential to dynamic unfished spawning potential at the same report census",,"native-1007","Native MFCL / INI 1007"
1981,"dynamic_spawning_depletion",0.708357857563273,"ratio","Region 2","Ratio of spawning potential to dynamic unfished spawning potential at the same report census",,"native-1007","Native MFCL / INI 1007"
1982,"dynamic_spawning_depletion",0.635198216400752,"ratio","Region 1","Ratio of spawning potential to dynamic unfished spawning potential at the same report census",,"native-1007","Native MFCL / INI 1007"
1982,"dynamic_spawning_depletion",0.684307359307359,"ratio","Region 2","Ratio of spawning potential to dynamic unfished spawning potential at the same report census",,"native-1007","Native MFCL / INI 1007"
1983,"dynamic_spawning_depletion",0.648550226741789,"ratio","Region 1","Ratio of spawning potential to dynamic unfished spawning potential at the same report census",,"native-1007","Native MFCL / INI 1007"
1983,"dynamic_spawning_depletion",0.679082619508151,"ratio","Region 2","Ratio of spawning potential to dynamic unfished spawning potential at the same report census",,"native-1007","Native MFCL / INI 1007"
1984,"dynamic_spawning_depletion",0.687441560535225,"ratio","Region 1","Ratio of spawning potential to dynamic unfished spawning potential at the same report census",,"native-1007","Native MFCL / INI 1007"
1984,"dynamic_spawning_depletion",0.698692984795946,"ratio","Region 2","Ratio of spawning potential to dynamic unfished spawning potential at the same report census",,"native-1007","Native MFCL / INI 1007"
1985,"dynamic_spawning_depletion",0.705505279034691,"ratio","Region 1","Ratio of spawning potential to dynamic unfished spawning potential at the same report census",,"native-1007","Native MFCL / INI 1007"
1985,"dynamic_spawning_depletion",0.716967634999564,"ratio","Region 2","Ratio of spawning potential to dynamic unfished spawning potential at the same report census",,"native-1007","Native MFCL / INI 1007"
1986,"dynamic_spawning_depletion",0.706512804299715,"ratio","Region 1","Ratio of spawning potential to dynamic unfished spawning potential at the same report census",,"native-1007","Native MFCL / INI 1007"
1986,"dynamic_spawning_depletion",0.727450808919982,"ratio","Region 2","Ratio of spawning potential to dynamic unfished spawning potential at the same report census",,"native-1007","Native MFCL / INI 1007"
1987,"dynamic_spawning_depletion",0.689996255616575,"ratio","Region 1","Ratio of spawning potential to dynamic unfished spawning potential at the same report census",,"native-1007","Native MFCL / INI 1007"
1987,"dynamic_spawning_depletion",0.722497600139628,"ratio","Region 2","Ratio of spawning potential to dynamic unfished spawning potential at the same report census",,"native-1007","Native MFCL / INI 1007"
1988,"dynamic_spawning_depletion",0.696914472443914,"ratio","Region 1","Ratio of spawning potential to dynamic unfished spawning potential at the same report census",,"native-1007","Native MFCL / INI 1007"
1988,"dynamic_spawning_depletion",0.700571526059882,"ratio","Region 2","Ratio of spawning potential to dynamic unfished spawning potential at the same report census",,"native-1007","Native MFCL / INI 1007"
1989,"dynamic_spawning_depletion",0.661932004997698,"ratio","Region 1","Ratio of spawning potential to dynamic unfished spawning potential at the same report census",,"native-1007","Native MFCL / INI 1007"
1989,"dynamic_spawning_depletion",0.687918564157514,"ratio","Region 2","Ratio of spawning potential to dynamic unfished spawning potential at the same report census",,"native-1007","Native MFCL / INI 1007"
1990,"dynamic_spawning_depletion",0.63595046765907,"ratio","Region 1","Ratio of spawning potential to dynamic unfished spawning potential at the same report census",,"native-1007","Native MFCL / INI 1007"
1990,"dynamic_spawning_depletion",0.676671472337358,"ratio","Region 2","Ratio of spawning potential to dynamic unfished spawning potential at the same report census",,"native-1007","Native MFCL / INI 1007"
1991,"dynamic_spawning_depletion",0.642528123335318,"ratio","Region 1","Ratio of spawning potential to dynamic unfished spawning potential at the same report census",,"native-1007","Native MFCL / INI 1007"
1991,"dynamic_spawning_depletion",0.681883036815219,"ratio","Region 2","Ratio of spawning potential to dynamic unfished spawning potential at the same report census",,"native-1007","Native MFCL / INI 1007"
1992,"dynamic_spawning_depletion",0.651606570628482,"ratio","Region 1","Ratio of spawning potential to dynamic unfished spawning potential at the same report census",,"native-1007","Native MFCL / INI 1007"
1992,"dynamic_spawning_depletion",0.680034494086728,"ratio","Region 2","Ratio of spawning potential to dynamic unfished spawning potential at the same report census",,"native-1007","Native MFCL / INI 1007"
1993,"dynamic_spawning_depletion",0.651869416565567,"ratio","Region 1","Ratio of spawning potential to dynamic unfished spawning potential at the same report census",,"native-1007","Native MFCL / INI 1007"
1993,"dynamic_spawning_depletion",0.677328308851803,"ratio","Region 2","Ratio of spawning potential to dynamic unfished spawning potential at the same report census",,"native-1007","Native MFCL / INI 1007"
1994,"dynamic_spawning_depletion",0.653628367234744,"ratio","Region 1","Ratio of spawning potential to dynamic unfished spawning potential at the same report census",,"native-1007","Native MFCL / INI 1007"
1994,"dynamic_spawning_depletion",0.678050634836159,"ratio","Region 2","Ratio of spawning potential to dynamic unfished spawning potential at the same report census",,"native-1007","Native MFCL / INI 1007"
1995,"dynamic_spawning_depletion",0.655232696739332,"ratio","Region 1","Ratio of spawning potential to dynamic unfished spawning potential at the same report census",,"native-1007","Native MFCL / INI 1007"
1995,"dynamic_spawning_depletion",0.679938744257274,"ratio","Region 2","Ratio of spawning potential to dynamic unfished spawning potential at the same report census",,"native-1007","Native MFCL / INI 1007"
1996,"dynamic_spawning_depletion",0.669421054012224,"ratio","Region 1","Ratio of spawning potential to dynamic unfished spawning potential at the same report census",,"native-1007","Native MFCL / INI 1007"
1996,"dynamic_spawning_depletion",0.68741183244566,"ratio","Region 2","Ratio of spawning potential to dynamic unfished spawning potential at the same report census",,"native-1007","Native MFCL / INI 1007"
1997,"dynamic_spawning_depletion",0.669681870448448,"ratio","Region 1","Ratio of spawning potential to dynamic unfished spawning potential at the same report census",,"native-1007","Native MFCL / INI 1007"
1997,"dynamic_spawning_depletion",0.697001210912458,"ratio","Region 2","Ratio of spawning potential to dynamic unfished spawning potential at the same report census",,"native-1007","Native MFCL / INI 1007"
1998,"dynamic_spawning_depletion",0.680834175205657,"ratio","Region 1","Ratio of spawning potential to dynamic unfished spawning potential at the same report census",,"native-1007","Native MFCL / INI 1007"
1998,"dynamic_spawning_depletion",0.709366013966863,"ratio","Region 2","Ratio of spawning potential to dynamic unfished spawning potential at the same report census",,"native-1007","Native MFCL / INI 1007"
1999,"dynamic_spawning_depletion",0.65347752430902,"ratio","Region 1","Ratio of spawning potential to dynamic unfished spawning potential at the same report census",,"native-1007","Native MFCL / INI 1007"
1999,"dynamic_spawning_depletion",0.698943084093744,"ratio","Region 2","Ratio of spawning potential to dynamic unfished spawning potential at the same report census",,"native-1007","Native MFCL / INI 1007"
2000,"dynamic_spawning_depletion",0.655786848290086,"ratio","Region 1","Ratio of spawning potential to dynamic unfished spawning potential at the same report census",,"native-1007","Native MFCL / INI 1007"
2000,"dynamic_spawning_depletion",0.688679874591422,"ratio","Region 2","Ratio of spawning potential to dynamic unfished spawning potential at the same report census",,"native-1007","Native MFCL / INI 1007"
2001,"dynamic_spawning_depletion",0.63382590211796,"ratio","Region 1","Ratio of spawning potential to dynamic unfished spawning potential at the same report census",,"native-1007","Native MFCL / INI 1007"
2001,"dynamic_spawning_depletion",0.66863115212528,"ratio","Region 2","Ratio of spawning potential to dynamic unfished spawning potential at the same report census",,"native-1007","Native MFCL / INI 1007"
2002,"dynamic_spawning_depletion",0.59968268005306,"ratio","Region 1","Ratio of spawning potential to dynamic unfished spawning potential at the same report census",,"native-1007","Native MFCL / INI 1007"
2002,"dynamic_spawning_depletion",0.656391620350577,"ratio","Region 2","Ratio of spawning potential to dynamic unfished spawning potential at the same report census",,"native-1007","Native MFCL / INI 1007"
2003,"dynamic_spawning_depletion",0.563018404907976,"ratio","Region 1","Ratio of spawning potential to dynamic unfished spawning potential at the same report census",,"native-1007","Native MFCL / INI 1007"
2003,"dynamic_spawning_depletion",0.621213369020657,"ratio","Region 2","Ratio of spawning potential to dynamic unfished spawning potential at the same report census",,"native-1007","Native MFCL / INI 1007"
2004,"dynamic_spawning_depletion",0.543106674984404,"ratio","Region 1","Ratio of spawning potential to dynamic unfished spawning potential at the same report census",,"native-1007","Native MFCL / INI 1007"
2004,"dynamic_spawning_depletion",0.580466292903049,"ratio","Region 2","Ratio of spawning potential to dynamic unfished spawning potential at the same report census",,"native-1007","Native MFCL / INI 1007"
2005,"dynamic_spawning_depletion",0.557392145126387,"ratio","Region 1","Ratio of spawning potential to dynamic unfished spawning potential at the same report census",,"native-1007","Native MFCL / INI 1007"
2005,"dynamic_spawning_depletion",0.592420238478891,"ratio","Region 2","Ratio of spawning potential to dynamic unfished spawning potential at the same report census",,"native-1007","Native MFCL / INI 1007"
2006,"dynamic_spawning_depletion",0.571020669963378,"ratio","Region 1","Ratio of spawning potential to dynamic unfished spawning potential at the same report census",,"native-1007","Native MFCL / INI 1007"
2006,"dynamic_spawning_depletion",0.596345020536937,"ratio","Region 2","Ratio of spawning potential to dynamic unfished spawning potential at the same report census",,"native-1007","Native MFCL / INI 1007"
2007,"dynamic_spawning_depletion",0.562161514019065,"ratio","Region 1","Ratio of spawning potential to dynamic unfished spawning potential at the same report census",,"native-1007","Native MFCL / INI 1007"
2007,"dynamic_spawning_depletion",0.598487863111819,"ratio","Region 2","Ratio of spawning potential to dynamic unfished spawning potential at the same report census",,"native-1007","Native MFCL / INI 1007"
2008,"dynamic_spawning_depletion",0.538488929850652,"ratio","Region 1","Ratio of spawning potential to dynamic unfished spawning potential at the same report census",,"native-1007","Native MFCL / INI 1007"
2008,"dynamic_spawning_depletion",0.597756596536092,"ratio","Region 2","Ratio of spawning potential to dynamic unfished spawning potential at the same report census",,"native-1007","Native MFCL / INI 1007"
2009,"dynamic_spawning_depletion",0.536653790543603,"ratio","Region 1","Ratio of spawning potential to dynamic unfished spawning potential at the same report census",,"native-1007","Native MFCL / INI 1007"
2009,"dynamic_spawning_depletion",0.585695483099013,"ratio","Region 2","Ratio of spawning potential to dynamic unfished spawning potential at the same report census",,"native-1007","Native MFCL / INI 1007"
2010,"dynamic_spawning_depletion",0.529049404590218,"ratio","Region 1","Ratio of spawning potential to dynamic unfished spawning potential at the same report census",,"native-1007","Native MFCL / INI 1007"
2010,"dynamic_spawning_depletion",0.595142873703124,"ratio","Region 2","Ratio of spawning potential to dynamic unfished spawning potential at the same report census",,"native-1007","Native MFCL / INI 1007"
2011,"dynamic_spawning_depletion",0.510461300907161,"ratio","Region 1","Ratio of spawning potential to dynamic unfished spawning potential at the same report census",,"native-1007","Native MFCL / INI 1007"
2011,"dynamic_spawning_depletion",0.597761358623732,"ratio","Region 2","Ratio of spawning potential to dynamic unfished spawning potential at the same report census",,"native-1007","Native MFCL / INI 1007"
2012,"dynamic_spawning_depletion",0.535139809743442,"ratio","Region 1","Ratio of spawning potential to dynamic unfished spawning potential at the same report census",,"native-1007","Native MFCL / INI 1007"
2012,"dynamic_spawning_depletion",0.567910651048761,"ratio","Region 2","Ratio of spawning potential to dynamic unfished spawning potential at the same report census",,"native-1007","Native MFCL / INI 1007"
2013,"dynamic_spawning_depletion",0.533204662144437,"ratio","Region 1","Ratio of spawning potential to dynamic unfished spawning potential at the same report census",,"native-1007","Native MFCL / INI 1007"
2013,"dynamic_spawning_depletion",0.554778430325681,"ratio","Region 2","Ratio of spawning potential to dynamic unfished spawning potential at the same report census",,"native-1007","Native MFCL / INI 1007"
2014,"dynamic_spawning_depletion",0.540635163233752,"ratio","Region 1","Ratio of spawning potential to dynamic unfished spawning potential at the same report census",,"native-1007","Native MFCL / INI 1007"
2014,"dynamic_spawning_depletion",0.552194874397361,"ratio","Region 2","Ratio of spawning potential to dynamic unfished spawning potential at the same report census",,"native-1007","Native MFCL / INI 1007"
2015,"dynamic_spawning_depletion",0.544048361394028,"ratio","Region 1","Ratio of spawning potential to dynamic unfished spawning potential at the same report census",,"native-1007","Native MFCL / INI 1007"
2015,"dynamic_spawning_depletion",0.54528932115139,"ratio","Region 2","Ratio of spawning potential to dynamic unfished spawning potential at the same report census",,"native-1007","Native MFCL / INI 1007"
2016,"dynamic_spawning_depletion",0.522106737034843,"ratio","Region 1","Ratio of spawning potential to dynamic unfished spawning potential at the same report census",,"native-1007","Native MFCL / INI 1007"
2016,"dynamic_spawning_depletion",0.498378540686618,"ratio","Region 2","Ratio of spawning potential to dynamic unfished spawning potential at the same report census",,"native-1007","Native MFCL / INI 1007"
2017,"dynamic_spawning_depletion",0.505587890733957,"ratio","Region 1","Ratio of spawning potential to dynamic unfished spawning potential at the same report census",,"native-1007","Native MFCL / INI 1007"
2017,"dynamic_spawning_depletion",0.484457388105457,"ratio","Region 2","Ratio of spawning potential to dynamic unfished spawning potential at the same report census",,"native-1007","Native MFCL / INI 1007"
2018,"dynamic_spawning_depletion",0.496125044351902,"ratio","Region 1","Ratio of spawning potential to dynamic unfished spawning potential at the same report census",,"native-1007","Native MFCL / INI 1007"
2018,"dynamic_spawning_depletion",0.481288312219044,"ratio","Region 2","Ratio of spawning potential to dynamic unfished spawning potential at the same report census",,"native-1007","Native MFCL / INI 1007"
2019,"dynamic_spawning_depletion",0.483585689401045,"ratio","Region 1","Ratio of spawning potential to dynamic unfished spawning potential at the same report census",,"native-1007","Native MFCL / INI 1007"
2019,"dynamic_spawning_depletion",0.464601862509156,"ratio","Region 2","Ratio of spawning potential to dynamic unfished spawning potential at the same report census",,"native-1007","Native MFCL / INI 1007"
2020,"dynamic_spawning_depletion",0.445932199871292,"ratio","Region 1","Ratio of spawning potential to dynamic unfished spawning potential at the same report census",,"native-1007","Native MFCL / INI 1007"
2020,"dynamic_spawning_depletion",0.468276320895936,"ratio","Region 2","Ratio of spawning potential to dynamic unfished spawning potential at the same report census",,"native-1007","Native MFCL / INI 1007"
2021,"dynamic_spawning_depletion",0.446846846846847,"ratio","Region 1","Ratio of spawning potential to dynamic unfished spawning potential at the same report census",,"native-1007","Native MFCL / INI 1007"
2021,"dynamic_spawning_depletion",0.457586625788165,"ratio","Region 2","Ratio of spawning potential to dynamic unfished spawning potential at the same report census",,"native-1007","Native MFCL / INI 1007"
2022,"dynamic_spawning_depletion",0.51891644986396,"ratio","Region 1","Ratio of spawning potential to dynamic unfished spawning potential at the same report census",,"native-1007","Native MFCL / INI 1007"
2022,"dynamic_spawning_depletion",0.436638738838055,"ratio","Region 2","Ratio of spawning potential to dynamic unfished spawning potential at the same report census",,"native-1007","Native MFCL / INI 1007"
1954,"dynamic_spawning_depletion",1,"ratio","all","Ratio of spawning potential to dynamic unfished spawning potential at the same report census",,"native-1007","Native MFCL / INI 1007"
1955,"dynamic_spawning_depletion",0.994660593504357,"ratio","all","Ratio of spawning potential to dynamic unfished spawning potential at the same report census",,"native-1007","Native MFCL / INI 1007"
1956,"dynamic_spawning_depletion",0.98839512071078,"ratio","all","Ratio of spawning potential to dynamic unfished spawning potential at the same report census",,"native-1007","Native MFCL / INI 1007"
1957,"dynamic_spawning_depletion",0.985845646817408,"ratio","all","Ratio of spawning potential to dynamic unfished spawning potential at the same report census",,"native-1007","Native MFCL / INI 1007"
1958,"dynamic_spawning_depletion",0.981625325604862,"ratio","all","Ratio of spawning potential to dynamic unfished spawning potential at the same report census",,"native-1007","Native MFCL / INI 1007"
1959,"dynamic_spawning_depletion",0.974182173105381,"ratio","all","Ratio of spawning potential to dynamic unfished spawning potential at the same report census",,"native-1007","Native MFCL / INI 1007"
1960,"dynamic_spawning_depletion",0.962544232704607,"ratio","all","Ratio of spawning potential to dynamic unfished spawning potential at the same report census",,"native-1007","Native MFCL / INI 1007"
1961,"dynamic_spawning_depletion",0.949463055810968,"ratio","all","Ratio of spawning potential to dynamic unfished spawning potential at the same report census",,"native-1007","Native MFCL / INI 1007"
1962,"dynamic_spawning_depletion",0.934836406226387,"ratio","all","Ratio of spawning potential to dynamic unfished spawning potential at the same report census",,"native-1007","Native MFCL / INI 1007"
1963,"dynamic_spawning_depletion",0.910259653135963,"ratio","all","Ratio of spawning potential to dynamic unfished spawning potential at the same report census",,"native-1007","Native MFCL / INI 1007"
1964,"dynamic_spawning_depletion",0.885924182262633,"ratio","all","Ratio of spawning potential to dynamic unfished spawning potential at the same report census",,"native-1007","Native MFCL / INI 1007"
1965,"dynamic_spawning_depletion",0.876151229360843,"ratio","all","Ratio of spawning potential to dynamic unfished spawning potential at the same report census",,"native-1007","Native MFCL / INI 1007"
1966,"dynamic_spawning_depletion",0.87780081333227,"ratio","all","Ratio of spawning potential to dynamic unfished spawning potential at the same report census",,"native-1007","Native MFCL / INI 1007"
1967,"dynamic_spawning_depletion",0.857591102154309,"ratio","all","Ratio of spawning potential to dynamic unfished spawning potential at the same report census",,"native-1007","Native MFCL / INI 1007"
1968,"dynamic_spawning_depletion",0.81803502324675,"ratio","all","Ratio of spawning potential to dynamic unfished spawning potential at the same report census",,"native-1007","Native MFCL / INI 1007"
1969,"dynamic_spawning_depletion",0.780368728721012,"ratio","all","Ratio of spawning potential to dynamic unfished spawning potential at the same report census",,"native-1007","Native MFCL / INI 1007"
1970,"dynamic_spawning_depletion",0.768421236954542,"ratio","all","Ratio of spawning potential to dynamic unfished spawning potential at the same report census",,"native-1007","Native MFCL / INI 1007"
1971,"dynamic_spawning_depletion",0.751604633320234,"ratio","all","Ratio of spawning potential to dynamic unfished spawning potential at the same report census",,"native-1007","Native MFCL / INI 1007"
1972,"dynamic_spawning_depletion",0.721041403286979,"ratio","all","Ratio of spawning potential to dynamic unfished spawning potential at the same report census",,"native-1007","Native MFCL / INI 1007"
1973,"dynamic_spawning_depletion",0.686517091308573,"ratio","all","Ratio of spawning potential to dynamic unfished spawning potential at the same report census",,"native-1007","Native MFCL / INI 1007"
1974,"dynamic_spawning_depletion",0.64290457761799,"ratio","all","Ratio of spawning potential to dynamic unfished spawning potential at the same report census",,"native-1007","Native MFCL / INI 1007"
1975,"dynamic_spawning_depletion",0.617517603474079,"ratio","all","Ratio of spawning potential to dynamic unfished spawning potential at the same report census",,"native-1007","Native MFCL / INI 1007"
1976,"dynamic_spawning_depletion",0.652162558758425,"ratio","all","Ratio of spawning potential to dynamic unfished spawning potential at the same report census",,"native-1007","Native MFCL / INI 1007"
1977,"dynamic_spawning_depletion",0.720501491218381,"ratio","all","Ratio of spawning potential to dynamic unfished spawning potential at the same report census",,"native-1007","Native MFCL / INI 1007"
1978,"dynamic_spawning_depletion",0.745891446172684,"ratio","all","Ratio of spawning potential to dynamic unfished spawning potential at the same report census",,"native-1007","Native MFCL / INI 1007"
1979,"dynamic_spawning_depletion",0.723770209838321,"ratio","all","Ratio of spawning potential to dynamic unfished spawning potential at the same report census",,"native-1007","Native MFCL / INI 1007"
1980,"dynamic_spawning_depletion",0.702615352348993,"ratio","all","Ratio of spawning potential to dynamic unfished spawning potential at the same report census",,"native-1007","Native MFCL / INI 1007"
1981,"dynamic_spawning_depletion",0.669259016700192,"ratio","all","Ratio of spawning potential to dynamic unfished spawning potential at the same report census",,"native-1007","Native MFCL / INI 1007"
1982,"dynamic_spawning_depletion",0.648881740965975,"ratio","all","Ratio of spawning potential to dynamic unfished spawning potential at the same report census",,"native-1007","Native MFCL / INI 1007"
1983,"dynamic_spawning_depletion",0.656844739146753,"ratio","all","Ratio of spawning potential to dynamic unfished spawning potential at the same report census",,"native-1007","Native MFCL / INI 1007"
1984,"dynamic_spawning_depletion",0.690435852538924,"ratio","all","Ratio of spawning potential to dynamic unfished spawning potential at the same report census",,"native-1007","Native MFCL / INI 1007"
1985,"dynamic_spawning_depletion",0.70854067040913,"ratio","all","Ratio of spawning potential to dynamic unfished spawning potential at the same report census",,"native-1007","Native MFCL / INI 1007"
1986,"dynamic_spawning_depletion",0.712072448624173,"ratio","all","Ratio of spawning potential to dynamic unfished spawning potential at the same report census",,"native-1007","Native MFCL / INI 1007"
1987,"dynamic_spawning_depletion",0.698556554117728,"ratio","all","Ratio of spawning potential to dynamic unfished spawning potential at the same report census",,"native-1007","Native MFCL / INI 1007"
1988,"dynamic_spawning_depletion",0.697898918459666,"ratio","all","Ratio of spawning potential to dynamic unfished spawning potential at the same report census",,"native-1007","Native MFCL / INI 1007"
1989,"dynamic_spawning_depletion",0.668925576142071,"ratio","all","Ratio of spawning potential to dynamic unfished spawning potential at the same report census",,"native-1007","Native MFCL / INI 1007"
1990,"dynamic_spawning_depletion",0.646850127827891,"ratio","all","Ratio of spawning potential to dynamic unfished spawning potential at the same report census",,"native-1007","Native MFCL / INI 1007"
1991,"dynamic_spawning_depletion",0.652855524995955,"ratio","all","Ratio of spawning potential to dynamic unfished spawning potential at the same report census",,"native-1007","Native MFCL / INI 1007"
1992,"dynamic_spawning_depletion",0.659000320410125,"ratio","all","Ratio of spawning potential to dynamic unfished spawning potential at the same report census",,"native-1007","Native MFCL / INI 1007"
1993,"dynamic_spawning_depletion",0.658588216192081,"ratio","all","Ratio of spawning potential to dynamic unfished spawning potential at the same report census",,"native-1007","Native MFCL / INI 1007"
1994,"dynamic_spawning_depletion",0.660113459713726,"ratio","all","Ratio of spawning potential to dynamic unfished spawning potential at the same report census",,"native-1007","Native MFCL / INI 1007"
1995,"dynamic_spawning_depletion",0.661815567559165,"ratio","all","Ratio of spawning potential to dynamic unfished spawning potential at the same report census",,"native-1007","Native MFCL / INI 1007"
1996,"dynamic_spawning_depletion",0.674226665384985,"ratio","all","Ratio of spawning potential to dynamic unfished spawning potential at the same report census",,"native-1007","Native MFCL / INI 1007"
1997,"dynamic_spawning_depletion",0.676894722984917,"ratio","all","Ratio of spawning potential to dynamic unfished spawning potential at the same report census",,"native-1007","Native MFCL / INI 1007"
1998,"dynamic_spawning_depletion",0.688252046991812,"ratio","all","Ratio of spawning potential to dynamic unfished spawning potential at the same report census",,"native-1007","Native MFCL / INI 1007"
1999,"dynamic_spawning_depletion",0.665352170633016,"ratio","all","Ratio of spawning potential to dynamic unfished spawning potential at the same report census",,"native-1007","Native MFCL / INI 1007"
2000,"dynamic_spawning_depletion",0.664485173490448,"ratio","all","Ratio of spawning potential to dynamic unfished spawning potential at the same report census",,"native-1007","Native MFCL / INI 1007"
2001,"dynamic_spawning_depletion",0.643157579051939,"ratio","all","Ratio of spawning potential to dynamic unfished spawning potential at the same report census",,"native-1007","Native MFCL / INI 1007"
2002,"dynamic_spawning_depletion",0.614847278062537,"ratio","all","Ratio of spawning potential to dynamic unfished spawning potential at the same report census",,"native-1007","Native MFCL / INI 1007"
2003,"dynamic_spawning_depletion",0.578346378409646,"ratio","all","Ratio of spawning potential to dynamic unfished spawning potential at the same report census",,"native-1007","Native MFCL / INI 1007"
2004,"dynamic_spawning_depletion",0.553095921463959,"ratio","all","Ratio of spawning potential to dynamic unfished spawning potential at the same report census",,"native-1007","Native MFCL / INI 1007"
2005,"dynamic_spawning_depletion",0.566610689871593,"ratio","all","Ratio of spawning potential to dynamic unfished spawning potential at the same report census",,"native-1007","Native MFCL / INI 1007"
2006,"dynamic_spawning_depletion",0.577552587133425,"ratio","all","Ratio of spawning potential to dynamic unfished spawning potential at the same report census",,"native-1007","Native MFCL / INI 1007"
2007,"dynamic_spawning_depletion",0.571610232145498,"ratio","all","Ratio of spawning potential to dynamic unfished spawning potential at the same report census",,"native-1007","Native MFCL / INI 1007"
2008,"dynamic_spawning_depletion",0.554190339815542,"ratio","all","Ratio of spawning potential to dynamic unfished spawning potential at the same report census",,"native-1007","Native MFCL / INI 1007"
2009,"dynamic_spawning_depletion",0.549654264598598,"ratio","all","Ratio of spawning potential to dynamic unfished spawning potential at the same report census",,"native-1007","Native MFCL / INI 1007"
2010,"dynamic_spawning_depletion",0.546381723944005,"ratio","all","Ratio of spawning potential to dynamic unfished spawning potential at the same report census",,"native-1007","Native MFCL / INI 1007"
2011,"dynamic_spawning_depletion",0.533096960512395,"ratio","all","Ratio of spawning potential to dynamic unfished spawning potential at the same report census",,"native-1007","Native MFCL / INI 1007"
2012,"dynamic_spawning_depletion",0.54368518255434,"ratio","all","Ratio of spawning potential to dynamic unfished spawning potential at the same report census",,"native-1007","Native MFCL / INI 1007"
2013,"dynamic_spawning_depletion",0.538809365290723,"ratio","all","Ratio of spawning potential to dynamic unfished spawning potential at the same report census",,"native-1007","Native MFCL / INI 1007"
2014,"dynamic_spawning_depletion",0.543633348250717,"ratio","all","Ratio of spawning potential to dynamic unfished spawning potential at the same report census",,"native-1007","Native MFCL / INI 1007"
2015,"dynamic_spawning_depletion",0.544371878601614,"ratio","all","Ratio of spawning potential to dynamic unfished spawning potential at the same report census",,"native-1007","Native MFCL / INI 1007"
2016,"dynamic_spawning_depletion",0.515842460595331,"ratio","all","Ratio of spawning potential to dynamic unfished spawning potential at the same report census",,"native-1007","Native MFCL / INI 1007"
2017,"dynamic_spawning_depletion",0.499949556231169,"ratio","all","Ratio of spawning potential to dynamic unfished spawning potential at the same report census",,"native-1007","Native MFCL / INI 1007"
2018,"dynamic_spawning_depletion",0.492153162393162,"ratio","all","Ratio of spawning potential to dynamic unfished spawning potential at the same report census",,"native-1007","Native MFCL / INI 1007"
2019,"dynamic_spawning_depletion",0.478500455469133,"ratio","all","Ratio of spawning potential to dynamic unfished spawning potential at the same report census",,"native-1007","Native MFCL / INI 1007"
2020,"dynamic_spawning_depletion",0.452019393426776,"ratio","all","Ratio of spawning potential to dynamic unfished spawning potential at the same report census",,"native-1007","Native MFCL / INI 1007"
2021,"dynamic_spawning_depletion",0.449751983350807,"ratio","all","Ratio of spawning potential to dynamic unfished spawning potential at the same report census",,"native-1007","Native MFCL / INI 1007"
2022,"dynamic_spawning_depletion",0.497123877655303,"ratio","all","Ratio of spawning potential to dynamic unfished spawning potential at the same report census",,"native-1007","Native MFCL / INI 1007"
1954,"fishing_mortality",0.00184847785516062,"per year","Region 1","Population-number-weighted fishing mortality across ages and regions at report censuses, annualized from seasonal integrated F",,"native-1007","Native MFCL / INI 1007"
1955,"fishing_mortality",0.00265339902462244,"per year","Region 1","Population-number-weighted fishing mortality across ages and regions at report censuses, annualized from seasonal integrated F",,"native-1007","Native MFCL / INI 1007"
1956,"fishing_mortality",0.00176268998855534,"per year","Region 1","Population-number-weighted fishing mortality across ages and regions at report censuses, annualized from seasonal integrated F",,"native-1007","Native MFCL / INI 1007"
1957,"fishing_mortality",0.00293167617914701,"per year","Region 1","Population-number-weighted fishing mortality across ages and regions at report censuses, annualized from seasonal integrated F",,"native-1007","Native MFCL / INI 1007"
1958,"fishing_mortality",0.00507650832311265,"per year","Region 1","Population-number-weighted fishing mortality across ages and regions at report censuses, annualized from seasonal integrated F",,"native-1007","Native MFCL / INI 1007"
1959,"fishing_mortality",0.0090934313151098,"per year","Region 1","Population-number-weighted fishing mortality across ages and regions at report censuses, annualized from seasonal integrated F",,"native-1007","Native MFCL / INI 1007"
1960,"fishing_mortality",0.013441163712754,"per year","Region 1","Population-number-weighted fishing mortality across ages and regions at report censuses, annualized from seasonal integrated F",,"native-1007","Native MFCL / INI 1007"
1961,"fishing_mortality",0.0132219851520077,"per year","Region 1","Population-number-weighted fishing mortality across ages and regions at report censuses, annualized from seasonal integrated F",,"native-1007","Native MFCL / INI 1007"
1962,"fishing_mortality",0.0121947119157317,"per year","Region 1","Population-number-weighted fishing mortality across ages and regions at report censuses, annualized from seasonal integrated F",,"native-1007","Native MFCL / INI 1007"
1963,"fishing_mortality",0.0077984179380281,"per year","Region 1","Population-number-weighted fishing mortality across ages and regions at report censuses, annualized from seasonal integrated F",,"native-1007","Native MFCL / INI 1007"
1964,"fishing_mortality",0.00860527634183628,"per year","Region 1","Population-number-weighted fishing mortality across ages and regions at report censuses, annualized from seasonal integrated F",,"native-1007","Native MFCL / INI 1007"
1965,"fishing_mortality",0.0166970409256322,"per year","Region 1","Population-number-weighted fishing mortality across ages and regions at report censuses, annualized from seasonal integrated F",,"native-1007","Native MFCL / INI 1007"
1966,"fishing_mortality",0.0274640923387491,"per year","Region 1","Population-number-weighted fishing mortality across ages and regions at report censuses, annualized from seasonal integrated F",,"native-1007","Native MFCL / INI 1007"
1967,"fishing_mortality",0.0296276565353622,"per year","Region 1","Population-number-weighted fishing mortality across ages and regions at report censuses, annualized from seasonal integrated F",,"native-1007","Native MFCL / INI 1007"
1968,"fishing_mortality",0.0237912650776935,"per year","Region 1","Population-number-weighted fishing mortality across ages and regions at report censuses, annualized from seasonal integrated F",,"native-1007","Native MFCL / INI 1007"
1969,"fishing_mortality",0.0208387815081648,"per year","Region 1","Population-number-weighted fishing mortality across ages and regions at report censuses, annualized from seasonal integrated F",,"native-1007","Native MFCL / INI 1007"
1970,"fishing_mortality",0.0291080793452836,"per year","Region 1","Population-number-weighted fishing mortality across ages and regions at report censuses, annualized from seasonal integrated F",,"native-1007","Native MFCL / INI 1007"
1971,"fishing_mortality",0.0380726932770079,"per year","Region 1","Population-number-weighted fishing mortality across ages and regions at report censuses, annualized from seasonal integrated F",,"native-1007","Native MFCL / INI 1007"
1972,"fishing_mortality",0.0354070908042535,"per year","Region 1","Population-number-weighted fishing mortality across ages and regions at report censuses, annualized from seasonal integrated F",,"native-1007","Native MFCL / INI 1007"
1973,"fishing_mortality",0.0343479365155357,"per year","Region 1","Population-number-weighted fishing mortality across ages and regions at report censuses, annualized from seasonal integrated F",,"native-1007","Native MFCL / INI 1007"
1974,"fishing_mortality",0.0223119114134682,"per year","Region 1","Population-number-weighted fishing mortality across ages and regions at report censuses, annualized from seasonal integrated F",,"native-1007","Native MFCL / INI 1007"
1975,"fishing_mortality",0.0130745658016406,"per year","Region 1","Population-number-weighted fishing mortality across ages and regions at report censuses, annualized from seasonal integrated F",,"native-1007","Native MFCL / INI 1007"
1976,"fishing_mortality",0.0155173199540824,"per year","Region 1","Population-number-weighted fishing mortality across ages and regions at report censuses, annualized from seasonal integrated F",,"native-1007","Native MFCL / INI 1007"
1977,"fishing_mortality",0.0347344523566403,"per year","Region 1","Population-number-weighted fishing mortality across ages and regions at report censuses, annualized from seasonal integrated F",,"native-1007","Native MFCL / INI 1007"
1978,"fishing_mortality",0.0389977075212889,"per year","Region 1","Population-number-weighted fishing mortality across ages and regions at report censuses, annualized from seasonal integrated F",,"native-1007","Native MFCL / INI 1007"
1979,"fishing_mortality",0.0270270231259785,"per year","Region 1","Population-number-weighted fishing mortality across ages and regions at report censuses, annualized from seasonal integrated F",,"native-1007","Native MFCL / INI 1007"
1980,"fishing_mortality",0.0259040202139599,"per year","Region 1","Population-number-weighted fishing mortality across ages and regions at report censuses, annualized from seasonal integrated F",,"native-1007","Native MFCL / INI 1007"
1981,"fishing_mortality",0.0256803142393933,"per year","Region 1","Population-number-weighted fishing mortality across ages and regions at report censuses, annualized from seasonal integrated F",,"native-1007","Native MFCL / INI 1007"
1982,"fishing_mortality",0.0266807770155248,"per year","Region 1","Population-number-weighted fishing mortality across ages and regions at report censuses, annualized from seasonal integrated F",,"native-1007","Native MFCL / INI 1007"
1983,"fishing_mortality",0.0239340256171401,"per year","Region 1","Population-number-weighted fishing mortality across ages and regions at report censuses, annualized from seasonal integrated F",,"native-1007","Native MFCL / INI 1007"
1984,"fishing_mortality",0.0265802298477302,"per year","Region 1","Population-number-weighted fishing mortality across ages and regions at report censuses, annualized from seasonal integrated F",,"native-1007","Native MFCL / INI 1007"
1985,"fishing_mortality",0.0351894428917838,"per year","Region 1","Population-number-weighted fishing mortality across ages and regions at report censuses, annualized from seasonal integrated F",,"native-1007","Native MFCL / INI 1007"
1986,"fishing_mortality",0.0371602755670588,"per year","Region 1","Population-number-weighted fishing mortality across ages and regions at report censuses, annualized from seasonal integrated F",,"native-1007","Native MFCL / INI 1007"
1987,"fishing_mortality",0.0221412849608102,"per year","Region 1","Population-number-weighted fishing mortality across ages and regions at report censuses, annualized from seasonal integrated F",,"native-1007","Native MFCL / INI 1007"
1988,"fishing_mortality",0.0319337059291595,"per year","Region 1","Population-number-weighted fishing mortality across ages and regions at report censuses, annualized from seasonal integrated F",,"native-1007","Native MFCL / INI 1007"
1989,"fishing_mortality",0.0640481040249109,"per year","Region 1","Population-number-weighted fishing mortality across ages and regions at report censuses, annualized from seasonal integrated F",,"native-1007","Native MFCL / INI 1007"
1990,"fishing_mortality",0.0392147441663954,"per year","Region 1","Population-number-weighted fishing mortality across ages and regions at report censuses, annualized from seasonal integrated F",,"native-1007","Native MFCL / INI 1007"
1991,"fishing_mortality",0.0292318344475072,"per year","Region 1","Population-number-weighted fishing mortality across ages and regions at report censuses, annualized from seasonal integrated F",,"native-1007","Native MFCL / INI 1007"
1992,"fishing_mortality",0.035157047454965,"per year","Region 1","Population-number-weighted fishing mortality across ages and regions at report censuses, annualized from seasonal integrated F",,"native-1007","Native MFCL / INI 1007"
1993,"fishing_mortality",0.0302840470703866,"per year","Region 1","Population-number-weighted fishing mortality across ages and regions at report censuses, annualized from seasonal integrated F",,"native-1007","Native MFCL / INI 1007"
1994,"fishing_mortality",0.0331901359340002,"per year","Region 1","Population-number-weighted fishing mortality across ages and regions at report censuses, annualized from seasonal integrated F",,"native-1007","Native MFCL / INI 1007"
1995,"fishing_mortality",0.0252669187542858,"per year","Region 1","Population-number-weighted fishing mortality across ages and regions at report censuses, annualized from seasonal integrated F",,"native-1007","Native MFCL / INI 1007"
1996,"fishing_mortality",0.0355716109509314,"per year","Region 1","Population-number-weighted fishing mortality across ages and regions at report censuses, annualized from seasonal integrated F",,"native-1007","Native MFCL / INI 1007"
1997,"fishing_mortality",0.0329327339940266,"per year","Region 1","Population-number-weighted fishing mortality across ages and regions at report censuses, annualized from seasonal integrated F",,"native-1007","Native MFCL / INI 1007"
1998,"fishing_mortality",0.0583006821510592,"per year","Region 1","Population-number-weighted fishing mortality across ages and regions at report censuses, annualized from seasonal integrated F",,"native-1007","Native MFCL / INI 1007"
1999,"fishing_mortality",0.0221333440140716,"per year","Region 1","Population-number-weighted fishing mortality across ages and regions at report censuses, annualized from seasonal integrated F",,"native-1007","Native MFCL / INI 1007"
2000,"fishing_mortality",0.0408482676456904,"per year","Region 1","Population-number-weighted fishing mortality across ages and regions at report censuses, annualized from seasonal integrated F",,"native-1007","Native MFCL / INI 1007"
2001,"fishing_mortality",0.0398806362569584,"per year","Region 1","Population-number-weighted fishing mortality across ages and regions at report censuses, annualized from seasonal integrated F",,"native-1007","Native MFCL / INI 1007"
2002,"fishing_mortality",0.043810059170457,"per year","Region 1","Population-number-weighted fishing mortality across ages and regions at report censuses, annualized from seasonal integrated F",,"native-1007","Native MFCL / INI 1007"
2003,"fishing_mortality",0.0368745197684596,"per year","Region 1","Population-number-weighted fishing mortality across ages and regions at report censuses, annualized from seasonal integrated F",,"native-1007","Native MFCL / INI 1007"
2004,"fishing_mortality",0.0480526236294705,"per year","Region 1","Population-number-weighted fishing mortality across ages and regions at report censuses, annualized from seasonal integrated F",,"native-1007","Native MFCL / INI 1007"
2005,"fishing_mortality",0.0539747236563831,"per year","Region 1","Population-number-weighted fishing mortality across ages and regions at report censuses, annualized from seasonal integrated F",,"native-1007","Native MFCL / INI 1007"
2006,"fishing_mortality",0.0446825665640987,"per year","Region 1","Population-number-weighted fishing mortality across ages and regions at report censuses, annualized from seasonal integrated F",,"native-1007","Native MFCL / INI 1007"
2007,"fishing_mortality",0.032075783480447,"per year","Region 1","Population-number-weighted fishing mortality across ages and regions at report censuses, annualized from seasonal integrated F",,"native-1007","Native MFCL / INI 1007"
2008,"fishing_mortality",0.0360868593497905,"per year","Region 1","Population-number-weighted fishing mortality across ages and regions at report censuses, annualized from seasonal integrated F",,"native-1007","Native MFCL / INI 1007"
2009,"fishing_mortality",0.0472713754376827,"per year","Region 1","Population-number-weighted fishing mortality across ages and regions at report censuses, annualized from seasonal integrated F",,"native-1007","Native MFCL / INI 1007"
2010,"fishing_mortality",0.0538835306259122,"per year","Region 1","Population-number-weighted fishing mortality across ages and regions at report censuses, annualized from seasonal integrated F",,"native-1007","Native MFCL / INI 1007"
2011,"fishing_mortality",0.0311525058626994,"per year","Region 1","Population-number-weighted fishing mortality across ages and regions at report censuses, annualized from seasonal integrated F",,"native-1007","Native MFCL / INI 1007"
2012,"fishing_mortality",0.0453562888417199,"per year","Region 1","Population-number-weighted fishing mortality across ages and regions at report censuses, annualized from seasonal integrated F",,"native-1007","Native MFCL / INI 1007"
2013,"fishing_mortality",0.0523326693588838,"per year","Region 1","Population-number-weighted fishing mortality across ages and regions at report censuses, annualized from seasonal integrated F",,"native-1007","Native MFCL / INI 1007"
2014,"fishing_mortality",0.0456503227787523,"per year","Region 1","Population-number-weighted fishing mortality across ages and regions at report censuses, annualized from seasonal integrated F",,"native-1007","Native MFCL / INI 1007"
2015,"fishing_mortality",0.0448550075712012,"per year","Region 1","Population-number-weighted fishing mortality across ages and regions at report censuses, annualized from seasonal integrated F",,"native-1007","Native MFCL / INI 1007"
2016,"fishing_mortality",0.0519903602929662,"per year","Region 1","Population-number-weighted fishing mortality across ages and regions at report censuses, annualized from seasonal integrated F",,"native-1007","Native MFCL / INI 1007"
2017,"fishing_mortality",0.0680312367659881,"per year","Region 1","Population-number-weighted fishing mortality across ages and regions at report censuses, annualized from seasonal integrated F",,"native-1007","Native MFCL / INI 1007"
2018,"fishing_mortality",0.0444411197447302,"per year","Region 1","Population-number-weighted fishing mortality across ages and regions at report censuses, annualized from seasonal integrated F",,"native-1007","Native MFCL / INI 1007"
2019,"fishing_mortality",0.0426535541084407,"per year","Region 1","Population-number-weighted fishing mortality across ages and regions at report censuses, annualized from seasonal integrated F",,"native-1007","Native MFCL / INI 1007"
2020,"fishing_mortality",0.0439838611803808,"per year","Region 1","Population-number-weighted fishing mortality across ages and regions at report censuses, annualized from seasonal integrated F",,"native-1007","Native MFCL / INI 1007"
2021,"fishing_mortality",0.0340009059472816,"per year","Region 1","Population-number-weighted fishing mortality across ages and regions at report censuses, annualized from seasonal integrated F",,"native-1007","Native MFCL / INI 1007"
2022,"fishing_mortality",0.0508044712108198,"per year","Region 1","Population-number-weighted fishing mortality across ages and regions at report censuses, annualized from seasonal integrated F",,"native-1007","Native MFCL / INI 1007"
1954,"fishing_mortality",2.65628711891119e-12,"per year","Region 2","Population-number-weighted fishing mortality across ages and regions at report censuses, annualized from seasonal integrated F",,"native-1007","Native MFCL / INI 1007"
1955,"fishing_mortality",2.57388897386756e-12,"per year","Region 2","Population-number-weighted fishing mortality across ages and regions at report censuses, annualized from seasonal integrated F",,"native-1007","Native MFCL / INI 1007"
1956,"fishing_mortality",2.62654415013131e-12,"per year","Region 2","Population-number-weighted fishing mortality across ages and regions at report censuses, annualized from seasonal integrated F",,"native-1007","Native MFCL / INI 1007"
1957,"fishing_mortality",1.34307538082062e-05,"per year","Region 2","Population-number-weighted fishing mortality across ages and regions at report censuses, annualized from seasonal integrated F",,"native-1007","Native MFCL / INI 1007"
1958,"fishing_mortality",0.000155013836605165,"per year","Region 2","Population-number-weighted fishing mortality across ages and regions at report censuses, annualized from seasonal integrated F",,"native-1007","Native MFCL / INI 1007"
1959,"fishing_mortality",0.000532852598873664,"per year","Region 2","Population-number-weighted fishing mortality across ages and regions at report censuses, annualized from seasonal integrated F",,"native-1007","Native MFCL / INI 1007"
1960,"fishing_mortality",0.000990619558205751,"per year","Region 2","Population-number-weighted fishing mortality across ages and regions at report censuses, annualized from seasonal integrated F",,"native-1007","Native MFCL / INI 1007"
1961,"fishing_mortality",0.00103124130411531,"per year","Region 2","Population-number-weighted fishing mortality across ages and regions at report censuses, annualized from seasonal integrated F",,"native-1007","Native MFCL / INI 1007"
1962,"fishing_mortality",0.00285182934644952,"per year","Region 2","Population-number-weighted fishing mortality across ages and regions at report censuses, annualized from seasonal integrated F",,"native-1007","Native MFCL / INI 1007"
1963,"fishing_mortality",0.00731212849348089,"per year","Region 2","Population-number-weighted fishing mortality across ages and regions at report censuses, annualized from seasonal integrated F",,"native-1007","Native MFCL / INI 1007"
1964,"fishing_mortality",0.0104308761599698,"per year","Region 2","Population-number-weighted fishing mortality across ages and regions at report censuses, annualized from seasonal integrated F",,"native-1007","Native MFCL / INI 1007"
1965,"fishing_mortality",0.00697239887001382,"per year","Region 2","Population-number-weighted fishing mortality across ages and regions at report censuses, annualized from seasonal integrated F",,"native-1007","Native MFCL / INI 1007"
1966,"fishing_mortality",0.00865480994001039,"per year","Region 2","Population-number-weighted fishing mortality across ages and regions at report censuses, annualized from seasonal integrated F",,"native-1007","Native MFCL / INI 1007"
1967,"fishing_mortality",0.013936986430917,"per year","Region 2","Population-number-weighted fishing mortality across ages and regions at report censuses, annualized from seasonal integrated F",,"native-1007","Native MFCL / INI 1007"
1968,"fishing_mortality",0.0140695327081322,"per year","Region 2","Population-number-weighted fishing mortality across ages and regions at report censuses, annualized from seasonal integrated F",,"native-1007","Native MFCL / INI 1007"
1969,"fishing_mortality",0.00939656320520833,"per year","Region 2","Population-number-weighted fishing mortality across ages and regions at report censuses, annualized from seasonal integrated F",,"native-1007","Native MFCL / INI 1007"
1970,"fishing_mortality",0.0107839177752569,"per year","Region 2","Population-number-weighted fishing mortality across ages and regions at report censuses, annualized from seasonal integrated F",,"native-1007","Native MFCL / INI 1007"
1971,"fishing_mortality",0.0186780869094599,"per year","Region 2","Population-number-weighted fishing mortality across ages and regions at report censuses, annualized from seasonal integrated F",,"native-1007","Native MFCL / INI 1007"
1972,"fishing_mortality",0.0337175829412115,"per year","Region 2","Population-number-weighted fishing mortality across ages and regions at report censuses, annualized from seasonal integrated F",,"native-1007","Native MFCL / INI 1007"
1973,"fishing_mortality",0.0179107495168795,"per year","Region 2","Population-number-weighted fishing mortality across ages and regions at report censuses, annualized from seasonal integrated F",,"native-1007","Native MFCL / INI 1007"
1974,"fishing_mortality",0.006737527006747,"per year","Region 2","Population-number-weighted fishing mortality across ages and regions at report censuses, annualized from seasonal integrated F",,"native-1007","Native MFCL / INI 1007"
1975,"fishing_mortality",0.00592672213177967,"per year","Region 2","Population-number-weighted fishing mortality across ages and regions at report censuses, annualized from seasonal integrated F",,"native-1007","Native MFCL / INI 1007"
1976,"fishing_mortality",0.00613973552663814,"per year","Region 2","Population-number-weighted fishing mortality across ages and regions at report censuses, annualized from seasonal integrated F",,"native-1007","Native MFCL / INI 1007"
1977,"fishing_mortality",0.0092377771311836,"per year","Region 2","Population-number-weighted fishing mortality across ages and regions at report censuses, annualized from seasonal integrated F",,"native-1007","Native MFCL / INI 1007"
1978,"fishing_mortality",0.0233303490265919,"per year","Region 2","Population-number-weighted fishing mortality across ages and regions at report censuses, annualized from seasonal integrated F",,"native-1007","Native MFCL / INI 1007"
1979,"fishing_mortality",0.00901515241595797,"per year","Region 2","Population-number-weighted fishing mortality across ages and regions at report censuses, annualized from seasonal integrated F",,"native-1007","Native MFCL / INI 1007"
1980,"fishing_mortality",0.00755067767425426,"per year","Region 2","Population-number-weighted fishing mortality across ages and regions at report censuses, annualized from seasonal integrated F",,"native-1007","Native MFCL / INI 1007"
1981,"fishing_mortality",0.00984807833841252,"per year","Region 2","Population-number-weighted fishing mortality across ages and regions at report censuses, annualized from seasonal integrated F",,"native-1007","Native MFCL / INI 1007"
1982,"fishing_mortality",0.0108978258273673,"per year","Region 2","Population-number-weighted fishing mortality across ages and regions at report censuses, annualized from seasonal integrated F",,"native-1007","Native MFCL / INI 1007"
1983,"fishing_mortality",0.00832666838483703,"per year","Region 2","Population-number-weighted fishing mortality across ages and regions at report censuses, annualized from seasonal integrated F",,"native-1007","Native MFCL / INI 1007"
1984,"fishing_mortality",0.00585534112469938,"per year","Region 2","Population-number-weighted fishing mortality across ages and regions at report censuses, annualized from seasonal integrated F",,"native-1007","Native MFCL / INI 1007"
1985,"fishing_mortality",0.00620259247491327,"per year","Region 2","Population-number-weighted fishing mortality across ages and regions at report censuses, annualized from seasonal integrated F",,"native-1007","Native MFCL / INI 1007"
1986,"fishing_mortality",0.0106647613341773,"per year","Region 2","Population-number-weighted fishing mortality across ages and regions at report censuses, annualized from seasonal integrated F",,"native-1007","Native MFCL / INI 1007"
1987,"fishing_mortality",0.0172422940262027,"per year","Region 2","Population-number-weighted fishing mortality across ages and regions at report censuses, annualized from seasonal integrated F",,"native-1007","Native MFCL / INI 1007"
1988,"fishing_mortality",0.0113601160351364,"per year","Region 2","Population-number-weighted fishing mortality across ages and regions at report censuses, annualized from seasonal integrated F",,"native-1007","Native MFCL / INI 1007"
1989,"fishing_mortality",0.0102359698020458,"per year","Region 2","Population-number-weighted fishing mortality across ages and regions at report censuses, annualized from seasonal integrated F",,"native-1007","Native MFCL / INI 1007"
1990,"fishing_mortality",0.00755799360441761,"per year","Region 2","Population-number-weighted fishing mortality across ages and regions at report censuses, annualized from seasonal integrated F",,"native-1007","Native MFCL / INI 1007"
1991,"fishing_mortality",0.00999543966297563,"per year","Region 2","Population-number-weighted fishing mortality across ages and regions at report censuses, annualized from seasonal integrated F",,"native-1007","Native MFCL / INI 1007"
1992,"fishing_mortality",0.0137236132093776,"per year","Region 2","Population-number-weighted fishing mortality across ages and regions at report censuses, annualized from seasonal integrated F",,"native-1007","Native MFCL / INI 1007"
1993,"fishing_mortality",0.0101559174062585,"per year","Region 2","Population-number-weighted fishing mortality across ages and regions at report censuses, annualized from seasonal integrated F",,"native-1007","Native MFCL / INI 1007"
1994,"fishing_mortality",0.0121263428024224,"per year","Region 2","Population-number-weighted fishing mortality across ages and regions at report censuses, annualized from seasonal integrated F",,"native-1007","Native MFCL / INI 1007"
1995,"fishing_mortality",0.00621826583544731,"per year","Region 2","Population-number-weighted fishing mortality across ages and regions at report censuses, annualized from seasonal integrated F",,"native-1007","Native MFCL / INI 1007"
1996,"fishing_mortality",0.00688713350124069,"per year","Region 2","Population-number-weighted fishing mortality across ages and regions at report censuses, annualized from seasonal integrated F",,"native-1007","Native MFCL / INI 1007"
1997,"fishing_mortality",0.0079700403129793,"per year","Region 2","Population-number-weighted fishing mortality across ages and regions at report censuses, annualized from seasonal integrated F",,"native-1007","Native MFCL / INI 1007"
1998,"fishing_mortality",0.0183423304682497,"per year","Region 2","Population-number-weighted fishing mortality across ages and regions at report censuses, annualized from seasonal integrated F",,"native-1007","Native MFCL / INI 1007"
1999,"fishing_mortality",0.00744668494167394,"per year","Region 2","Population-number-weighted fishing mortality across ages and regions at report censuses, annualized from seasonal integrated F",,"native-1007","Native MFCL / INI 1007"
2000,"fishing_mortality",0.0149599431242401,"per year","Region 2","Population-number-weighted fishing mortality across ages and regions at report censuses, annualized from seasonal integrated F",,"native-1007","Native MFCL / INI 1007"
2001,"fishing_mortality",0.0111252992642851,"per year","Region 2","Population-number-weighted fishing mortality across ages and regions at report censuses, annualized from seasonal integrated F",,"native-1007","Native MFCL / INI 1007"
2002,"fishing_mortality",0.0219773492318787,"per year","Region 2","Population-number-weighted fishing mortality across ages and regions at report censuses, annualized from seasonal integrated F",,"native-1007","Native MFCL / INI 1007"
2003,"fishing_mortality",0.0203181954447132,"per year","Region 2","Population-number-weighted fishing mortality across ages and regions at report censuses, annualized from seasonal integrated F",,"native-1007","Native MFCL / INI 1007"
2004,"fishing_mortality",0.0195818628505698,"per year","Region 2","Population-number-weighted fishing mortality across ages and regions at report censuses, annualized from seasonal integrated F",,"native-1007","Native MFCL / INI 1007"
2005,"fishing_mortality",0.0295887346923803,"per year","Region 2","Population-number-weighted fishing mortality across ages and regions at report censuses, annualized from seasonal integrated F",,"native-1007","Native MFCL / INI 1007"
2006,"fishing_mortality",0.0193627738887585,"per year","Region 2","Population-number-weighted fishing mortality across ages and regions at report censuses, annualized from seasonal integrated F",,"native-1007","Native MFCL / INI 1007"
2007,"fishing_mortality",0.00683594166152532,"per year","Region 2","Population-number-weighted fishing mortality across ages and regions at report censuses, annualized from seasonal integrated F",,"native-1007","Native MFCL / INI 1007"
2008,"fishing_mortality",0.0125464380195012,"per year","Region 2","Population-number-weighted fishing mortality across ages and regions at report censuses, annualized from seasonal integrated F",,"native-1007","Native MFCL / INI 1007"
2009,"fishing_mortality",0.0119054207255922,"per year","Region 2","Population-number-weighted fishing mortality across ages and regions at report censuses, annualized from seasonal integrated F",,"native-1007","Native MFCL / INI 1007"
2010,"fishing_mortality",0.0118859313719594,"per year","Region 2","Population-number-weighted fishing mortality across ages and regions at report censuses, annualized from seasonal integrated F",,"native-1007","Native MFCL / INI 1007"
2011,"fishing_mortality",0.0187425521736168,"per year","Region 2","Population-number-weighted fishing mortality across ages and regions at report censuses, annualized from seasonal integrated F",,"native-1007","Native MFCL / INI 1007"
2012,"fishing_mortality",0.0271525227978659,"per year","Region 2","Population-number-weighted fishing mortality across ages and regions at report censuses, annualized from seasonal integrated F",,"native-1007","Native MFCL / INI 1007"
2013,"fishing_mortality",0.0328560849260336,"per year","Region 2","Population-number-weighted fishing mortality across ages and regions at report censuses, annualized from seasonal integrated F",,"native-1007","Native MFCL / INI 1007"
2014,"fishing_mortality",0.0326842276822735,"per year","Region 2","Population-number-weighted fishing mortality across ages and regions at report censuses, annualized from seasonal integrated F",,"native-1007","Native MFCL / INI 1007"
2015,"fishing_mortality",0.0552285212709577,"per year","Region 2","Population-number-weighted fishing mortality across ages and regions at report censuses, annualized from seasonal integrated F",,"native-1007","Native MFCL / INI 1007"
2016,"fishing_mortality",0.0502402480735369,"per year","Region 2","Population-number-weighted fishing mortality across ages and regions at report censuses, annualized from seasonal integrated F",,"native-1007","Native MFCL / INI 1007"
2017,"fishing_mortality",0.054065675150598,"per year","Region 2","Population-number-weighted fishing mortality across ages and regions at report censuses, annualized from seasonal integrated F",,"native-1007","Native MFCL / INI 1007"
2018,"fishing_mortality",0.0401500132167813,"per year","Region 2","Population-number-weighted fishing mortality across ages and regions at report censuses, annualized from seasonal integrated F",,"native-1007","Native MFCL / INI 1007"
2019,"fishing_mortality",0.0208432661439739,"per year","Region 2","Population-number-weighted fishing mortality across ages and regions at report censuses, annualized from seasonal integrated F",,"native-1007","Native MFCL / INI 1007"
2020,"fishing_mortality",0.0268467552379313,"per year","Region 2","Population-number-weighted fishing mortality across ages and regions at report censuses, annualized from seasonal integrated F",,"native-1007","Native MFCL / INI 1007"
2021,"fishing_mortality",0.061074944937224,"per year","Region 2","Population-number-weighted fishing mortality across ages and regions at report censuses, annualized from seasonal integrated F",,"native-1007","Native MFCL / INI 1007"
2022,"fishing_mortality",0.0253805113490882,"per year","Region 2","Population-number-weighted fishing mortality across ages and regions at report censuses, annualized from seasonal integrated F",,"native-1007","Native MFCL / INI 1007"
1954,"fishing_mortality",0.00149123401030767,"per year","all","Population-number-weighted fishing mortality across ages and regions at report censuses, annualized from seasonal integrated F",,"native-1007","Native MFCL / INI 1007"
1955,"fishing_mortality",0.00214462215240137,"per year","all","Population-number-weighted fishing mortality across ages and regions at report censuses, annualized from seasonal integrated F",,"native-1007","Native MFCL / INI 1007"
1956,"fishing_mortality",0.00142587649979304,"per year","all","Population-number-weighted fishing mortality across ages and regions at report censuses, annualized from seasonal integrated F",,"native-1007","Native MFCL / INI 1007"
1957,"fishing_mortality",0.00237018178743799,"per year","all","Population-number-weighted fishing mortality across ages and regions at report censuses, annualized from seasonal integrated F",,"native-1007","Native MFCL / INI 1007"
1958,"fishing_mortality",0.00412169732540269,"per year","all","Population-number-weighted fishing mortality across ages and regions at report censuses, annualized from seasonal integrated F",,"native-1007","Native MFCL / INI 1007"
1959,"fishing_mortality",0.00737457752391974,"per year","all","Population-number-weighted fishing mortality across ages and regions at report censuses, annualized from seasonal integrated F",,"native-1007","Native MFCL / INI 1007"
1960,"fishing_mortality",0.0108141248446201,"per year","all","Population-number-weighted fishing mortality across ages and regions at report censuses, annualized from seasonal integrated F",,"native-1007","Native MFCL / INI 1007"
1961,"fishing_mortality",0.010658000445507,"per year","all","Population-number-weighted fishing mortality across ages and regions at report censuses, annualized from seasonal integrated F",,"native-1007","Native MFCL / INI 1007"
1962,"fishing_mortality",0.0102971310211059,"per year","all","Population-number-weighted fishing mortality across ages and regions at report censuses, annualized from seasonal integrated F",,"native-1007","Native MFCL / INI 1007"
1963,"fishing_mortality",0.00770350151174053,"per year","all","Population-number-weighted fishing mortality across ages and regions at report censuses, annualized from seasonal integrated F",,"native-1007","Native MFCL / INI 1007"
1964,"fishing_mortality",0.00895794550570085,"per year","all","Population-number-weighted fishing mortality across ages and regions at report censuses, annualized from seasonal integrated F",,"native-1007","Native MFCL / INI 1007"
1965,"fishing_mortality",0.0147658786898164,"per year","all","Population-number-weighted fishing mortality across ages and regions at report censuses, annualized from seasonal integrated F",,"native-1007","Native MFCL / INI 1007"
1966,"fishing_mortality",0.0236782423713871,"per year","all","Population-number-weighted fishing mortality across ages and regions at report censuses, annualized from seasonal integrated F",,"native-1007","Native MFCL / INI 1007"
1967,"fishing_mortality",0.0264424709984185,"per year","all","Population-number-weighted fishing mortality across ages and regions at report censuses, annualized from seasonal integrated F",,"native-1007","Native MFCL / INI 1007"
1968,"fishing_mortality",0.0218389948861402,"per year","all","Population-number-weighted fishing mortality across ages and regions at report censuses, annualized from seasonal integrated F",,"native-1007","Native MFCL / INI 1007"
1969,"fishing_mortality",0.0185667136802035,"per year","all","Population-number-weighted fishing mortality across ages and regions at report censuses, annualized from seasonal integrated F",,"native-1007","Native MFCL / INI 1007"
1970,"fishing_mortality",0.0254681100592381,"per year","all","Population-number-weighted fishing mortality across ages and regions at report censuses, annualized from seasonal integrated F",,"native-1007","Native MFCL / INI 1007"
1971,"fishing_mortality",0.0342117067349318,"per year","all","Population-number-weighted fishing mortality across ages and regions at report censuses, annualized from seasonal integrated F",,"native-1007","Native MFCL / INI 1007"
1972,"fishing_mortality",0.0350719049261826,"per year","all","Population-number-weighted fishing mortality across ages and regions at report censuses, annualized from seasonal integrated F",,"native-1007","Native MFCL / INI 1007"
1973,"fishing_mortality",0.0311889210495049,"per year","all","Population-number-weighted fishing mortality across ages and regions at report censuses, annualized from seasonal integrated F",,"native-1007","Native MFCL / INI 1007"
1974,"fishing_mortality",0.0194033224053957,"per year","all","Population-number-weighted fishing mortality across ages and regions at report censuses, annualized from seasonal integrated F",,"native-1007","Native MFCL / INI 1007"
1975,"fishing_mortality",0.0117594216787341,"per year","all","Population-number-weighted fishing mortality across ages and regions at report censuses, annualized from seasonal integrated F",,"native-1007","Native MFCL / INI 1007"
1976,"fishing_mortality",0.0137838492762873,"per year","all","Population-number-weighted fishing mortality across ages and regions at report censuses, annualized from seasonal integrated F",,"native-1007","Native MFCL / INI 1007"
1977,"fishing_mortality",0.029870221333369,"per year","all","Population-number-weighted fishing mortality across ages and regions at report censuses, annualized from seasonal integrated F",,"native-1007","Native MFCL / INI 1007"
1978,"fishing_mortality",0.0359175472717339,"per year","all","Population-number-weighted fishing mortality across ages and regions at report censuses, annualized from seasonal integrated F",,"native-1007","Native MFCL / INI 1007"
1979,"fishing_mortality",0.0235028485798023,"per year","all","Population-number-weighted fishing mortality across ages and regions at report censuses, annualized from seasonal integrated F",,"native-1007","Native MFCL / INI 1007"
1980,"fishing_mortality",0.0223914268031117,"per year","all","Population-number-weighted fishing mortality across ages and regions at report censuses, annualized from seasonal integrated F",,"native-1007","Native MFCL / INI 1007"
1981,"fishing_mortality",0.0226864217142932,"per year","all","Population-number-weighted fishing mortality across ages and regions at report censuses, annualized from seasonal integrated F",,"native-1007","Native MFCL / INI 1007"
1982,"fishing_mortality",0.0237100832237657,"per year","all","Population-number-weighted fishing mortality across ages and regions at report censuses, annualized from seasonal integrated F",,"native-1007","Native MFCL / INI 1007"
1983,"fishing_mortality",0.0210050843789428,"per year","all","Population-number-weighted fishing mortality across ages and regions at report censuses, annualized from seasonal integrated F",,"native-1007","Native MFCL / INI 1007"
1984,"fishing_mortality",0.0226926377143204,"per year","all","Population-number-weighted fishing mortality across ages and regions at report censuses, annualized from seasonal integrated F",,"native-1007","Native MFCL / INI 1007"
1985,"fishing_mortality",0.0297243819905151,"per year","all","Population-number-weighted fishing mortality across ages and regions at report censuses, annualized from seasonal integrated F",,"native-1007","Native MFCL / INI 1007"
1986,"fishing_mortality",0.0321160777460054,"per year","all","Population-number-weighted fishing mortality across ages and regions at report censuses, annualized from seasonal integrated F",,"native-1007","Native MFCL / INI 1007"
1987,"fishing_mortality",0.0212140490883725,"per year","all","Population-number-weighted fishing mortality across ages and regions at report censuses, annualized from seasonal integrated F",,"native-1007","Native MFCL / INI 1007"
1988,"fishing_mortality",0.02805989649922,"per year","all","Population-number-weighted fishing mortality across ages and regions at report censuses, annualized from seasonal integrated F",,"native-1007","Native MFCL / INI 1007"
1989,"fishing_mortality",0.0540831008892364,"per year","all","Population-number-weighted fishing mortality across ages and regions at report censuses, annualized from seasonal integrated F",,"native-1007","Native MFCL / INI 1007"
1990,"fishing_mortality",0.0332577827404428,"per year","all","Population-number-weighted fishing mortality across ages and regions at report censuses, annualized from seasonal integrated F",,"native-1007","Native MFCL / INI 1007"
1991,"fishing_mortality",0.0256355509200199,"per year","all","Population-number-weighted fishing mortality across ages and regions at report censuses, annualized from seasonal integrated F",,"native-1007","Native MFCL / INI 1007"
1992,"fishing_mortality",0.0311489477583482,"per year","all","Population-number-weighted fishing mortality across ages and regions at report censuses, annualized from seasonal integrated F",,"native-1007","Native MFCL / INI 1007"
1993,"fishing_mortality",0.0264826690629335,"per year","all","Population-number-weighted fishing mortality across ages and regions at report censuses, annualized from seasonal integrated F",,"native-1007","Native MFCL / INI 1007"
1994,"fishing_mortality",0.0292316151474298,"per year","all","Population-number-weighted fishing mortality across ages and regions at report censuses, annualized from seasonal integrated F",,"native-1007","Native MFCL / INI 1007"
1995,"fishing_mortality",0.0216905793406827,"per year","all","Population-number-weighted fishing mortality across ages and regions at report censuses, annualized from seasonal integrated F",,"native-1007","Native MFCL / INI 1007"
1996,"fishing_mortality",0.0301920833736437,"per year","all","Population-number-weighted fishing mortality across ages and regions at report censuses, annualized from seasonal integrated F",,"native-1007","Native MFCL / INI 1007"
1997,"fishing_mortality",0.0282185604144767,"per year","all","Population-number-weighted fishing mortality across ages and regions at report censuses, annualized from seasonal integrated F",,"native-1007","Native MFCL / INI 1007"
1998,"fishing_mortality",0.0506465443371754,"per year","all","Population-number-weighted fishing mortality across ages and regions at report censuses, annualized from seasonal integrated F",,"native-1007","Native MFCL / INI 1007"
1999,"fishing_mortality",0.0193455834939669,"per year","all","Population-number-weighted fishing mortality across ages and regions at report censuses, annualized from seasonal integrated F",,"native-1007","Native MFCL / INI 1007"
2000,"fishing_mortality",0.0360057768537444,"per year","all","Population-number-weighted fishing mortality across ages and regions at report censuses, annualized from seasonal integrated F",,"native-1007","Native MFCL / INI 1007"
2001,"fishing_mortality",0.0345072638241033,"per year","all","Population-number-weighted fishing mortality across ages and regions at report censuses, annualized from seasonal integrated F",,"native-1007","Native MFCL / INI 1007"
2002,"fishing_mortality",0.0397472864247922,"per year","all","Population-number-weighted fishing mortality across ages and regions at report censuses, annualized from seasonal integrated F",,"native-1007","Native MFCL / INI 1007"
2003,"fishing_mortality",0.0338371908311192,"per year","all","Population-number-weighted fishing mortality across ages and regions at report censuses, annualized from seasonal integrated F",,"native-1007","Native MFCL / INI 1007"
2004,"fishing_mortality",0.0428057583185056,"per year","all","Population-number-weighted fishing mortality across ages and regions at report censuses, annualized from seasonal integrated F",,"native-1007","Native MFCL / INI 1007"
2005,"fishing_mortality",0.0493867088010438,"per year","all","Population-number-weighted fishing mortality across ages and regions at report censuses, annualized from seasonal integrated F",,"native-1007","Native MFCL / INI 1007"
2006,"fishing_mortality",0.0399248950081799,"per year","all","Population-number-weighted fishing mortality across ages and regions at report censuses, annualized from seasonal integrated F",,"native-1007","Native MFCL / INI 1007"
2007,"fishing_mortality",0.027383346562189,"per year","all","Population-number-weighted fishing mortality across ages and regions at report censuses, annualized from seasonal integrated F",,"native-1007","Native MFCL / INI 1007"
2008,"fishing_mortality",0.0317445033952347,"per year","all","Population-number-weighted fishing mortality across ages and regions at report censuses, annualized from seasonal integrated F",,"native-1007","Native MFCL / INI 1007"
2009,"fishing_mortality",0.0407533311260902,"per year","all","Population-number-weighted fishing mortality across ages and regions at report censuses, annualized from seasonal integrated F",,"native-1007","Native MFCL / INI 1007"
2010,"fishing_mortality",0.0460787739227419,"per year","all","Population-number-weighted fishing mortality across ages and regions at report censuses, annualized from seasonal integrated F",,"native-1007","Native MFCL / INI 1007"
2011,"fishing_mortality",0.0288536346833337,"per year","all","Population-number-weighted fishing mortality across ages and regions at report censuses, annualized from seasonal integrated F",,"native-1007","Native MFCL / INI 1007"
2012,"fishing_mortality",0.0420273065222457,"per year","all","Population-number-weighted fishing mortality across ages and regions at report censuses, annualized from seasonal integrated F",,"native-1007","Native MFCL / INI 1007"
2013,"fishing_mortality",0.0487456698011741,"per year","all","Population-number-weighted fishing mortality across ages and regions at report censuses, annualized from seasonal integrated F",,"native-1007","Native MFCL / INI 1007"
2014,"fishing_mortality",0.0432373369603412,"per year","all","Population-number-weighted fishing mortality across ages and regions at report censuses, annualized from seasonal integrated F",,"native-1007","Native MFCL / INI 1007"
2015,"fishing_mortality",0.0467788757863619,"per year","all","Population-number-weighted fishing mortality across ages and regions at report censuses, annualized from seasonal integrated F",,"native-1007","Native MFCL / INI 1007"
2016,"fishing_mortality",0.051669719551628,"per year","all","Population-number-weighted fishing mortality across ages and regions at report censuses, annualized from seasonal integrated F",,"native-1007","Native MFCL / INI 1007"
2017,"fishing_mortality",0.0654396364720817,"per year","all","Population-number-weighted fishing mortality across ages and regions at report censuses, annualized from seasonal integrated F",,"native-1007","Native MFCL / INI 1007"
2018,"fishing_mortality",0.0436416229822166,"per year","all","Population-number-weighted fishing mortality across ages and regions at report censuses, annualized from seasonal integrated F",,"native-1007","Native MFCL / INI 1007"
2019,"fishing_mortality",0.0386745377494409,"per year","all","Population-number-weighted fishing mortality across ages and regions at report censuses, annualized from seasonal integrated F",,"native-1007","Native MFCL / INI 1007"
2020,"fishing_mortality",0.0408606729069097,"per year","all","Population-number-weighted fishing mortality across ages and regions at report censuses, annualized from seasonal integrated F",,"native-1007","Native MFCL / INI 1007"
2021,"fishing_mortality",0.0389354392785501,"per year","all","Population-number-weighted fishing mortality across ages and regions at report censuses, annualized from seasonal integrated F",,"native-1007","Native MFCL / INI 1007"
2022,"fishing_mortality",0.0462079634351888,"per year","all","Population-number-weighted fishing mortality across ages and regions at report censuses, annualized from seasonal integrated F",,"native-1007","Native MFCL / INI 1007"
1954,"total_biomass",2002358,"t","Region 1","MFCL report census total_biomass",,"kimsa","KIMSA / hybrid F"
1954,"total_biomass",584664.9,"t","Region 2","MFCL report census total_biomass",,"kimsa","KIMSA / hybrid F"
1955,"total_biomass",1990869,"t","Region 1","MFCL report census total_biomass",,"kimsa","KIMSA / hybrid F"
1955,"total_biomass",567588.2,"t","Region 2","MFCL report census total_biomass",,"kimsa","KIMSA / hybrid F"
1956,"total_biomass",1961643,"t","Region 1","MFCL report census total_biomass",,"kimsa","KIMSA / hybrid F"
1956,"total_biomass",563833.1,"t","Region 2","MFCL report census total_biomass",,"kimsa","KIMSA / hybrid F"
1957,"total_biomass",1851037,"t","Region 1","MFCL report census total_biomass",,"kimsa","KIMSA / hybrid F"
1957,"total_biomass",537718.4,"t","Region 2","MFCL report census total_biomass",,"kimsa","KIMSA / hybrid F"
1958,"total_biomass",1776276,"t","Region 1","MFCL report census total_biomass",,"kimsa","KIMSA / hybrid F"
1958,"total_biomass",521659.9,"t","Region 2","MFCL report census total_biomass",,"kimsa","KIMSA / hybrid F"
1959,"total_biomass",1582859,"t","Region 1","MFCL report census total_biomass",,"kimsa","KIMSA / hybrid F"
1959,"total_biomass",485688,"t","Region 2","MFCL report census total_biomass",,"kimsa","KIMSA / hybrid F"
1960,"total_biomass",1359190,"t","Region 1","MFCL report census total_biomass",,"kimsa","KIMSA / hybrid F"
1960,"total_biomass",439161.1,"t","Region 2","MFCL report census total_biomass",,"kimsa","KIMSA / hybrid F"
1961,"total_biomass",1221172,"t","Region 1","MFCL report census total_biomass",,"kimsa","KIMSA / hybrid F"
1961,"total_biomass",407695.7,"t","Region 2","MFCL report census total_biomass",,"kimsa","KIMSA / hybrid F"
1962,"total_biomass",1165085,"t","Region 1","MFCL report census total_biomass",,"kimsa","KIMSA / hybrid F"
1962,"total_biomass",388194.1,"t","Region 2","MFCL report census total_biomass",,"kimsa","KIMSA / hybrid F"
1963,"total_biomass",1176279,"t","Region 1","MFCL report census total_biomass",,"kimsa","KIMSA / hybrid F"
1963,"total_biomass",375453,"t","Region 2","MFCL report census total_biomass",,"kimsa","KIMSA / hybrid F"
1964,"total_biomass",1087822,"t","Region 1","MFCL report census total_biomass",,"kimsa","KIMSA / hybrid F"
1964,"total_biomass",333672.8,"t","Region 2","MFCL report census total_biomass",,"kimsa","KIMSA / hybrid F"
1965,"total_biomass",961698.8,"t","Region 1","MFCL report census total_biomass",,"kimsa","KIMSA / hybrid F"
1965,"total_biomass",293120,"t","Region 2","MFCL report census total_biomass",,"kimsa","KIMSA / hybrid F"
1966,"total_biomass",913829.2,"t","Region 1","MFCL report census total_biomass",,"kimsa","KIMSA / hybrid F"
1966,"total_biomass",283653.5,"t","Region 2","MFCL report census total_biomass",,"kimsa","KIMSA / hybrid F"
1967,"total_biomass",828663.8,"t","Region 1","MFCL report census total_biomass",,"kimsa","KIMSA / hybrid F"
1967,"total_biomass",266550.2,"t","Region 2","MFCL report census total_biomass",,"kimsa","KIMSA / hybrid F"
1968,"total_biomass",748280,"t","Region 1","MFCL report census total_biomass",,"kimsa","KIMSA / hybrid F"
1968,"total_biomass",242426.2,"t","Region 2","MFCL report census total_biomass",,"kimsa","KIMSA / hybrid F"
1969,"total_biomass",681479.4,"t","Region 1","MFCL report census total_biomass",,"kimsa","KIMSA / hybrid F"
1969,"total_biomass",216841.8,"t","Region 2","MFCL report census total_biomass",,"kimsa","KIMSA / hybrid F"
1970,"total_biomass",626905.6,"t","Region 1","MFCL report census total_biomass",,"kimsa","KIMSA / hybrid F"
1970,"total_biomass",197483.7,"t","Region 2","MFCL report census total_biomass",,"kimsa","KIMSA / hybrid F"
1971,"total_biomass",575135.5,"t","Region 1","MFCL report census total_biomass",,"kimsa","KIMSA / hybrid F"
1971,"total_biomass",181671.6,"t","Region 2","MFCL report census total_biomass",,"kimsa","KIMSA / hybrid F"
1972,"total_biomass",527360.5,"t","Region 1","MFCL report census total_biomass",,"kimsa","KIMSA / hybrid F"
1972,"total_biomass",166470.7,"t","Region 2","MFCL report census total_biomass",,"kimsa","KIMSA / hybrid F"
1973,"total_biomass",537347.7,"t","Region 1","MFCL report census total_biomass",,"kimsa","KIMSA / hybrid F"
1973,"total_biomass",160870.1,"t","Region 2","MFCL report census total_biomass",,"kimsa","KIMSA / hybrid F"
1974,"total_biomass",622476.4,"t","Region 1","MFCL report census total_biomass",,"kimsa","KIMSA / hybrid F"
1974,"total_biomass",175337.4,"t","Region 2","MFCL report census total_biomass",,"kimsa","KIMSA / hybrid F"
1975,"total_biomass",629889.4,"t","Region 1","MFCL report census total_biomass",,"kimsa","KIMSA / hybrid F"
1975,"total_biomass",171428.9,"t","Region 2","MFCL report census total_biomass",,"kimsa","KIMSA / hybrid F"
1976,"total_biomass",614356,"t","Region 1","MFCL report census total_biomass",,"kimsa","KIMSA / hybrid F"
1976,"total_biomass",163080.3,"t","Region 2","MFCL report census total_biomass",,"kimsa","KIMSA / hybrid F"
1977,"total_biomass",593010.8,"t","Region 1","MFCL report census total_biomass",,"kimsa","KIMSA / hybrid F"
1977,"total_biomass",161770.4,"t","Region 2","MFCL report census total_biomass",,"kimsa","KIMSA / hybrid F"
1978,"total_biomass",556643.8,"t","Region 1","MFCL report census total_biomass",,"kimsa","KIMSA / hybrid F"
1978,"total_biomass",162035,"t","Region 2","MFCL report census total_biomass",,"kimsa","KIMSA / hybrid F"
1979,"total_biomass",523109.8,"t","Region 1","MFCL report census total_biomass",,"kimsa","KIMSA / hybrid F"
1979,"total_biomass",156240.9,"t","Region 2","MFCL report census total_biomass",,"kimsa","KIMSA / hybrid F"
1980,"total_biomass",536519.2,"t","Region 1","MFCL report census total_biomass",,"kimsa","KIMSA / hybrid F"
1980,"total_biomass",158160.8,"t","Region 2","MFCL report census total_biomass",,"kimsa","KIMSA / hybrid F"
1981,"total_biomass",536781.1,"t","Region 1","MFCL report census total_biomass",,"kimsa","KIMSA / hybrid F"
1981,"total_biomass",155944.7,"t","Region 2","MFCL report census total_biomass",,"kimsa","KIMSA / hybrid F"
1982,"total_biomass",530199.6,"t","Region 1","MFCL report census total_biomass",,"kimsa","KIMSA / hybrid F"
1982,"total_biomass",150359,"t","Region 2","MFCL report census total_biomass",,"kimsa","KIMSA / hybrid F"
1983,"total_biomass",537436.4,"t","Region 1","MFCL report census total_biomass",,"kimsa","KIMSA / hybrid F"
1983,"total_biomass",149021,"t","Region 2","MFCL report census total_biomass",,"kimsa","KIMSA / hybrid F"
1984,"total_biomass",565038.2,"t","Region 1","MFCL report census total_biomass",,"kimsa","KIMSA / hybrid F"
1984,"total_biomass",155314.5,"t","Region 2","MFCL report census total_biomass",,"kimsa","KIMSA / hybrid F"
1985,"total_biomass",534472.3,"t","Region 1","MFCL report census total_biomass",,"kimsa","KIMSA / hybrid F"
1985,"total_biomass",148817.8,"t","Region 2","MFCL report census total_biomass",,"kimsa","KIMSA / hybrid F"
1986,"total_biomass",530596.3,"t","Region 1","MFCL report census total_biomass",,"kimsa","KIMSA / hybrid F"
1986,"total_biomass",149881.9,"t","Region 2","MFCL report census total_biomass",,"kimsa","KIMSA / hybrid F"
1987,"total_biomass",536168.3,"t","Region 1","MFCL report census total_biomass",,"kimsa","KIMSA / hybrid F"
1987,"total_biomass",151631.6,"t","Region 2","MFCL report census total_biomass",,"kimsa","KIMSA / hybrid F"
1988,"total_biomass",569250.4,"t","Region 1","MFCL report census total_biomass",,"kimsa","KIMSA / hybrid F"
1988,"total_biomass",158106.8,"t","Region 2","MFCL report census total_biomass",,"kimsa","KIMSA / hybrid F"
1989,"total_biomass",608010.1,"t","Region 1","MFCL report census total_biomass",,"kimsa","KIMSA / hybrid F"
1989,"total_biomass",164306.6,"t","Region 2","MFCL report census total_biomass",,"kimsa","KIMSA / hybrid F"
1990,"total_biomass",567854.1,"t","Region 1","MFCL report census total_biomass",,"kimsa","KIMSA / hybrid F"
1990,"total_biomass",157921.8,"t","Region 2","MFCL report census total_biomass",,"kimsa","KIMSA / hybrid F"
1991,"total_biomass",619549.9,"t","Region 1","MFCL report census total_biomass",,"kimsa","KIMSA / hybrid F"
1991,"total_biomass",168170,"t","Region 2","MFCL report census total_biomass",,"kimsa","KIMSA / hybrid F"
1992,"total_biomass",628711.4,"t","Region 1","MFCL report census total_biomass",,"kimsa","KIMSA / hybrid F"
1992,"total_biomass",171026,"t","Region 2","MFCL report census total_biomass",,"kimsa","KIMSA / hybrid F"
1993,"total_biomass",637217.7,"t","Region 1","MFCL report census total_biomass",,"kimsa","KIMSA / hybrid F"
1993,"total_biomass",176215.2,"t","Region 2","MFCL report census total_biomass",,"kimsa","KIMSA / hybrid F"
1994,"total_biomass",669826.8,"t","Region 1","MFCL report census total_biomass",,"kimsa","KIMSA / hybrid F"
1994,"total_biomass",183914.6,"t","Region 2","MFCL report census total_biomass",,"kimsa","KIMSA / hybrid F"
1995,"total_biomass",715694.4,"t","Region 1","MFCL report census total_biomass",,"kimsa","KIMSA / hybrid F"
1995,"total_biomass",196451,"t","Region 2","MFCL report census total_biomass",,"kimsa","KIMSA / hybrid F"
1996,"total_biomass",707173.5,"t","Region 1","MFCL report census total_biomass",,"kimsa","KIMSA / hybrid F"
1996,"total_biomass",193637.7,"t","Region 2","MFCL report census total_biomass",,"kimsa","KIMSA / hybrid F"
1997,"total_biomass",692590.8,"t","Region 1","MFCL report census total_biomass",,"kimsa","KIMSA / hybrid F"
1997,"total_biomass",191357.3,"t","Region 2","MFCL report census total_biomass",,"kimsa","KIMSA / hybrid F"
1998,"total_biomass",645806.8,"t","Region 1","MFCL report census total_biomass",,"kimsa","KIMSA / hybrid F"
1998,"total_biomass",182871.1,"t","Region 2","MFCL report census total_biomass",,"kimsa","KIMSA / hybrid F"
1999,"total_biomass",708824.6,"t","Region 1","MFCL report census total_biomass",,"kimsa","KIMSA / hybrid F"
1999,"total_biomass",201389.1,"t","Region 2","MFCL report census total_biomass",,"kimsa","KIMSA / hybrid F"
2000,"total_biomass",657166.2,"t","Region 1","MFCL report census total_biomass",,"kimsa","KIMSA / hybrid F"
2000,"total_biomass",184498.8,"t","Region 2","MFCL report census total_biomass",,"kimsa","KIMSA / hybrid F"
2001,"total_biomass",698076.5,"t","Region 1","MFCL report census total_biomass",,"kimsa","KIMSA / hybrid F"
2001,"total_biomass",191421.2,"t","Region 2","MFCL report census total_biomass",,"kimsa","KIMSA / hybrid F"
2002,"total_biomass",753029.2,"t","Region 1","MFCL report census total_biomass",,"kimsa","KIMSA / hybrid F"
2002,"total_biomass",205700,"t","Region 2","MFCL report census total_biomass",,"kimsa","KIMSA / hybrid F"
2003,"total_biomass",791974.3,"t","Region 1","MFCL report census total_biomass",,"kimsa","KIMSA / hybrid F"
2003,"total_biomass",210198.4,"t","Region 2","MFCL report census total_biomass",,"kimsa","KIMSA / hybrid F"
2004,"total_biomass",757702.2,"t","Region 1","MFCL report census total_biomass",,"kimsa","KIMSA / hybrid F"
2004,"total_biomass",199613.6,"t","Region 2","MFCL report census total_biomass",,"kimsa","KIMSA / hybrid F"
2005,"total_biomass",738161,"t","Region 1","MFCL report census total_biomass",,"kimsa","KIMSA / hybrid F"
2005,"total_biomass",199986,"t","Region 2","MFCL report census total_biomass",,"kimsa","KIMSA / hybrid F"
2006,"total_biomass",749659.3,"t","Region 1","MFCL report census total_biomass",,"kimsa","KIMSA / hybrid F"
2006,"total_biomass",204121.5,"t","Region 2","MFCL report census total_biomass",,"kimsa","KIMSA / hybrid F"
2007,"total_biomass",812224.2,"t","Region 1","MFCL report census total_biomass",,"kimsa","KIMSA / hybrid F"
2007,"total_biomass",219756.8,"t","Region 2","MFCL report census total_biomass",,"kimsa","KIMSA / hybrid F"
2008,"total_biomass",798737.5,"t","Region 1","MFCL report census total_biomass",,"kimsa","KIMSA / hybrid F"
2008,"total_biomass",216188,"t","Region 2","MFCL report census total_biomass",,"kimsa","KIMSA / hybrid F"
2009,"total_biomass",823690.3,"t","Region 1","MFCL report census total_biomass",,"kimsa","KIMSA / hybrid F"
2009,"total_biomass",218404.6,"t","Region 2","MFCL report census total_biomass",,"kimsa","KIMSA / hybrid F"
2010,"total_biomass",860092.2,"t","Region 1","MFCL report census total_biomass",,"kimsa","KIMSA / hybrid F"
2010,"total_biomass",232360.8,"t","Region 2","MFCL report census total_biomass",,"kimsa","KIMSA / hybrid F"
2011,"total_biomass",890629.7,"t","Region 1","MFCL report census total_biomass",,"kimsa","KIMSA / hybrid F"
2011,"total_biomass",242270.3,"t","Region 2","MFCL report census total_biomass",,"kimsa","KIMSA / hybrid F"
2012,"total_biomass",884151.5,"t","Region 1","MFCL report census total_biomass",,"kimsa","KIMSA / hybrid F"
2012,"total_biomass",230580.1,"t","Region 2","MFCL report census total_biomass",,"kimsa","KIMSA / hybrid F"
2013,"total_biomass",856058.6,"t","Region 1","MFCL report census total_biomass",,"kimsa","KIMSA / hybrid F"
2013,"total_biomass",223600.7,"t","Region 2","MFCL report census total_biomass",,"kimsa","KIMSA / hybrid F"
2014,"total_biomass",855738.5,"t","Region 1","MFCL report census total_biomass",,"kimsa","KIMSA / hybrid F"
2014,"total_biomass",227272.3,"t","Region 2","MFCL report census total_biomass",,"kimsa","KIMSA / hybrid F"
2015,"total_biomass",845644.9,"t","Region 1","MFCL report census total_biomass",,"kimsa","KIMSA / hybrid F"
2015,"total_biomass",224727.8,"t","Region 2","MFCL report census total_biomass",,"kimsa","KIMSA / hybrid F"
2016,"total_biomass",781704.5,"t","Region 1","MFCL report census total_biomass",,"kimsa","KIMSA / hybrid F"
2016,"total_biomass",201817,"t","Region 2","MFCL report census total_biomass",,"kimsa","KIMSA / hybrid F"
2017,"total_biomass",707923.6,"t","Region 1","MFCL report census total_biomass",,"kimsa","KIMSA / hybrid F"
2017,"total_biomass",186183.6,"t","Region 2","MFCL report census total_biomass",,"kimsa","KIMSA / hybrid F"
2018,"total_biomass",754959.2,"t","Region 1","MFCL report census total_biomass",,"kimsa","KIMSA / hybrid F"
2018,"total_biomass",200617.6,"t","Region 2","MFCL report census total_biomass",,"kimsa","KIMSA / hybrid F"
2019,"total_biomass",777917.9,"t","Region 1","MFCL report census total_biomass",,"kimsa","KIMSA / hybrid F"
2019,"total_biomass",200346,"t","Region 2","MFCL report census total_biomass",,"kimsa","KIMSA / hybrid F"
2020,"total_biomass",792201.7,"t","Region 1","MFCL report census total_biomass",,"kimsa","KIMSA / hybrid F"
2020,"total_biomass",204857.6,"t","Region 2","MFCL report census total_biomass",,"kimsa","KIMSA / hybrid F"
2021,"total_biomass",796852.9,"t","Region 1","MFCL report census total_biomass",,"kimsa","KIMSA / hybrid F"
2021,"total_biomass",203002.5,"t","Region 2","MFCL report census total_biomass",,"kimsa","KIMSA / hybrid F"
2022,"total_biomass",808285.1,"t","Region 1","MFCL report census total_biomass",,"kimsa","KIMSA / hybrid F"
2022,"total_biomass",195077.8,"t","Region 2","MFCL report census total_biomass",,"kimsa","KIMSA / hybrid F"
1954,"dynamic_unfished_total_biomass",2002358,"t","Region 1","MFCL report census dynamic_unfished_total_biomass",,"kimsa","KIMSA / hybrid F"
1954,"dynamic_unfished_total_biomass",584664.9,"t","Region 2","MFCL report census dynamic_unfished_total_biomass",,"kimsa","KIMSA / hybrid F"
1955,"dynamic_unfished_total_biomass",1998032,"t","Region 1","MFCL report census dynamic_unfished_total_biomass",,"kimsa","KIMSA / hybrid F"
1955,"dynamic_unfished_total_biomass",567807.9,"t","Region 2","MFCL report census dynamic_unfished_total_biomass",,"kimsa","KIMSA / hybrid F"
1956,"dynamic_unfished_total_biomass",1976283,"t","Region 1","MFCL report census dynamic_unfished_total_biomass",,"kimsa","KIMSA / hybrid F"
1956,"dynamic_unfished_total_biomass",565250.8,"t","Region 2","MFCL report census dynamic_unfished_total_biomass",,"kimsa","KIMSA / hybrid F"
1957,"dynamic_unfished_total_biomass",1867524,"t","Region 1","MFCL report census dynamic_unfished_total_biomass",,"kimsa","KIMSA / hybrid F"
1957,"dynamic_unfished_total_biomass",540547.4,"t","Region 2","MFCL report census dynamic_unfished_total_biomass",,"kimsa","KIMSA / hybrid F"
1958,"dynamic_unfished_total_biomass",1797072,"t","Region 1","MFCL report census dynamic_unfished_total_biomass",,"kimsa","KIMSA / hybrid F"
1958,"dynamic_unfished_total_biomass",525774.4,"t","Region 2","MFCL report census dynamic_unfished_total_biomass",,"kimsa","KIMSA / hybrid F"
1959,"dynamic_unfished_total_biomass",1612607,"t","Region 1","MFCL report census dynamic_unfished_total_biomass",,"kimsa","KIMSA / hybrid F"
1959,"dynamic_unfished_total_biomass",491144.3,"t","Region 2","MFCL report census dynamic_unfished_total_biomass",,"kimsa","KIMSA / hybrid F"
1960,"dynamic_unfished_total_biomass",1400330,"t","Region 1","MFCL report census dynamic_unfished_total_biomass",,"kimsa","KIMSA / hybrid F"
1960,"dynamic_unfished_total_biomass",447300.9,"t","Region 2","MFCL report census dynamic_unfished_total_biomass",,"kimsa","KIMSA / hybrid F"
1961,"dynamic_unfished_total_biomass",1272300,"t","Region 1","MFCL report census dynamic_unfished_total_biomass",,"kimsa","KIMSA / hybrid F"
1961,"dynamic_unfished_total_biomass",418591.1,"t","Region 2","MFCL report census dynamic_unfished_total_biomass",,"kimsa","KIMSA / hybrid F"
1962,"dynamic_unfished_total_biomass",1224792,"t","Region 1","MFCL report census dynamic_unfished_total_biomass",,"kimsa","KIMSA / hybrid F"
1962,"dynamic_unfished_total_biomass",401960,"t","Region 2","MFCL report census dynamic_unfished_total_biomass",,"kimsa","KIMSA / hybrid F"
1963,"dynamic_unfished_total_biomass",1245479,"t","Region 1","MFCL report census dynamic_unfished_total_biomass",,"kimsa","KIMSA / hybrid F"
1963,"dynamic_unfished_total_biomass",393288,"t","Region 2","MFCL report census dynamic_unfished_total_biomass",,"kimsa","KIMSA / hybrid F"
1964,"dynamic_unfished_total_biomass",1158447,"t","Region 1","MFCL report census dynamic_unfished_total_biomass",,"kimsa","KIMSA / hybrid F"
1964,"dynamic_unfished_total_biomass",357841.2,"t","Region 2","MFCL report census dynamic_unfished_total_biomass",,"kimsa","KIMSA / hybrid F"
1965,"dynamic_unfished_total_biomass",1031308,"t","Region 1","MFCL report census dynamic_unfished_total_biomass",,"kimsa","KIMSA / hybrid F"
1965,"dynamic_unfished_total_biomass",320538.2,"t","Region 2","MFCL report census dynamic_unfished_total_biomass",,"kimsa","KIMSA / hybrid F"
1966,"dynamic_unfished_total_biomass",988263,"t","Region 1","MFCL report census dynamic_unfished_total_biomass",,"kimsa","KIMSA / hybrid F"
1966,"dynamic_unfished_total_biomass",310153.5,"t","Region 2","MFCL report census dynamic_unfished_total_biomass",,"kimsa","KIMSA / hybrid F"
1967,"dynamic_unfished_total_biomass",922520.3,"t","Region 1","MFCL report census dynamic_unfished_total_biomass",,"kimsa","KIMSA / hybrid F"
1967,"dynamic_unfished_total_biomass",295229.1,"t","Region 2","MFCL report census dynamic_unfished_total_biomass",,"kimsa","KIMSA / hybrid F"
1968,"dynamic_unfished_total_biomass",856374.6,"t","Region 1","MFCL report census dynamic_unfished_total_biomass",,"kimsa","KIMSA / hybrid F"
1968,"dynamic_unfished_total_biomass",275823.1,"t","Region 2","MFCL report census dynamic_unfished_total_biomass",,"kimsa","KIMSA / hybrid F"
1969,"dynamic_unfished_total_biomass",792000,"t","Region 1","MFCL report census dynamic_unfished_total_biomass",,"kimsa","KIMSA / hybrid F"
1969,"dynamic_unfished_total_biomass",253891.7,"t","Region 2","MFCL report census dynamic_unfished_total_biomass",,"kimsa","KIMSA / hybrid F"
1970,"dynamic_unfished_total_biomass",733519.3,"t","Region 1","MFCL report census dynamic_unfished_total_biomass",,"kimsa","KIMSA / hybrid F"
1970,"dynamic_unfished_total_biomass",234646.9,"t","Region 2","MFCL report census dynamic_unfished_total_biomass",,"kimsa","KIMSA / hybrid F"
1971,"dynamic_unfished_total_biomass",684081.4,"t","Region 1","MFCL report census dynamic_unfished_total_biomass",,"kimsa","KIMSA / hybrid F"
1971,"dynamic_unfished_total_biomass",218805.5,"t","Region 2","MFCL report census dynamic_unfished_total_biomass",,"kimsa","KIMSA / hybrid F"
1972,"dynamic_unfished_total_biomass",644636.3,"t","Region 1","MFCL report census dynamic_unfished_total_biomass",,"kimsa","KIMSA / hybrid F"
1972,"dynamic_unfished_total_biomass",205832.6,"t","Region 2","MFCL report census dynamic_unfished_total_biomass",,"kimsa","KIMSA / hybrid F"
1973,"dynamic_unfished_total_biomass",659558,"t","Region 1","MFCL report census dynamic_unfished_total_biomass",,"kimsa","KIMSA / hybrid F"
1973,"dynamic_unfished_total_biomass",204870.4,"t","Region 2","MFCL report census dynamic_unfished_total_biomass",,"kimsa","KIMSA / hybrid F"
1974,"dynamic_unfished_total_biomass",757593.9,"t","Region 1","MFCL report census dynamic_unfished_total_biomass",,"kimsa","KIMSA / hybrid F"
1974,"dynamic_unfished_total_biomass",221067.1,"t","Region 2","MFCL report census dynamic_unfished_total_biomass",,"kimsa","KIMSA / hybrid F"
1975,"dynamic_unfished_total_biomass",769479.8,"t","Region 1","MFCL report census dynamic_unfished_total_biomass",,"kimsa","KIMSA / hybrid F"
1975,"dynamic_unfished_total_biomass",216750.4,"t","Region 2","MFCL report census dynamic_unfished_total_biomass",,"kimsa","KIMSA / hybrid F"
1976,"dynamic_unfished_total_biomass",738908.2,"t","Region 1","MFCL report census dynamic_unfished_total_biomass",,"kimsa","KIMSA / hybrid F"
1976,"dynamic_unfished_total_biomass",206649.5,"t","Region 2","MFCL report census dynamic_unfished_total_biomass",,"kimsa","KIMSA / hybrid F"
1977,"dynamic_unfished_total_biomass",705489.2,"t","Region 1","MFCL report census dynamic_unfished_total_biomass",,"kimsa","KIMSA / hybrid F"
1977,"dynamic_unfished_total_biomass",201898.6,"t","Region 2","MFCL report census dynamic_unfished_total_biomass",,"kimsa","KIMSA / hybrid F"
1978,"dynamic_unfished_total_biomass",674175.6,"t","Region 1","MFCL report census dynamic_unfished_total_biomass",,"kimsa","KIMSA / hybrid F"
1978,"dynamic_unfished_total_biomass",200568.7,"t","Region 2","MFCL report census dynamic_unfished_total_biomass",,"kimsa","KIMSA / hybrid F"
1979,"dynamic_unfished_total_biomass",646344.3,"t","Region 1","MFCL report census dynamic_unfished_total_biomass",,"kimsa","KIMSA / hybrid F"
1979,"dynamic_unfished_total_biomass",197055,"t","Region 2","MFCL report census dynamic_unfished_total_biomass",,"kimsa","KIMSA / hybrid F"
1980,"dynamic_unfished_total_biomass",656410.9,"t","Region 1","MFCL report census dynamic_unfished_total_biomass",,"kimsa","KIMSA / hybrid F"
1980,"dynamic_unfished_total_biomass",197854.5,"t","Region 2","MFCL report census dynamic_unfished_total_biomass",,"kimsa","KIMSA / hybrid F"
1981,"dynamic_unfished_total_biomass",658730.8,"t","Region 1","MFCL report census dynamic_unfished_total_biomass",,"kimsa","KIMSA / hybrid F"
1981,"dynamic_unfished_total_biomass",194410.1,"t","Region 2","MFCL report census dynamic_unfished_total_biomass",,"kimsa","KIMSA / hybrid F"
1982,"dynamic_unfished_total_biomass",652296.6,"t","Region 1","MFCL report census dynamic_unfished_total_biomass",,"kimsa","KIMSA / hybrid F"
1982,"dynamic_unfished_total_biomass",189522.3,"t","Region 2","MFCL report census dynamic_unfished_total_biomass",,"kimsa","KIMSA / hybrid F"
1983,"dynamic_unfished_total_biomass",659606.2,"t","Region 1","MFCL report census dynamic_unfished_total_biomass",,"kimsa","KIMSA / hybrid F"
1983,"dynamic_unfished_total_biomass",188516.1,"t","Region 2","MFCL report census dynamic_unfished_total_biomass",,"kimsa","KIMSA / hybrid F"
1984,"dynamic_unfished_total_biomass",684240.2,"t","Region 1","MFCL report census dynamic_unfished_total_biomass",,"kimsa","KIMSA / hybrid F"
1984,"dynamic_unfished_total_biomass",194335.3,"t","Region 2","MFCL report census dynamic_unfished_total_biomass",,"kimsa","KIMSA / hybrid F"
1985,"dynamic_unfished_total_biomass",651270.8,"t","Region 1","MFCL report census dynamic_unfished_total_biomass",,"kimsa","KIMSA / hybrid F"
1985,"dynamic_unfished_total_biomass",186231.5,"t","Region 2","MFCL report census dynamic_unfished_total_biomass",,"kimsa","KIMSA / hybrid F"
1986,"dynamic_unfished_total_biomass",647516.9,"t","Region 1","MFCL report census dynamic_unfished_total_biomass",,"kimsa","KIMSA / hybrid F"
1986,"dynamic_unfished_total_biomass",185865.4,"t","Region 2","MFCL report census dynamic_unfished_total_biomass",,"kimsa","KIMSA / hybrid F"
1987,"dynamic_unfished_total_biomass",659660,"t","Region 1","MFCL report census dynamic_unfished_total_biomass",,"kimsa","KIMSA / hybrid F"
1987,"dynamic_unfished_total_biomass",188164,"t","Region 2","MFCL report census dynamic_unfished_total_biomass",,"kimsa","KIMSA / hybrid F"
1988,"dynamic_unfished_total_biomass",687148.8,"t","Region 1","MFCL report census dynamic_unfished_total_biomass",,"kimsa","KIMSA / hybrid F"
1988,"dynamic_unfished_total_biomass",198184,"t","Region 2","MFCL report census dynamic_unfished_total_biomass",,"kimsa","KIMSA / hybrid F"
1989,"dynamic_unfished_total_biomass",735855.5,"t","Region 1","MFCL report census dynamic_unfished_total_biomass",,"kimsa","KIMSA / hybrid F"
1989,"dynamic_unfished_total_biomass",204331.8,"t","Region 2","MFCL report census dynamic_unfished_total_biomass",,"kimsa","KIMSA / hybrid F"
1990,"dynamic_unfished_total_biomass",722031.4,"t","Region 1","MFCL report census dynamic_unfished_total_biomass",,"kimsa","KIMSA / hybrid F"
1990,"dynamic_unfished_total_biomass",199644.3,"t","Region 2","MFCL report census dynamic_unfished_total_biomass",,"kimsa","KIMSA / hybrid F"
1991,"dynamic_unfished_total_biomass",775223.6,"t","Region 1","MFCL report census dynamic_unfished_total_biomass",,"kimsa","KIMSA / hybrid F"
1991,"dynamic_unfished_total_biomass",211227.9,"t","Region 2","MFCL report census dynamic_unfished_total_biomass",,"kimsa","KIMSA / hybrid F"
1992,"dynamic_unfished_total_biomass",784543.9,"t","Region 1","MFCL report census dynamic_unfished_total_biomass",,"kimsa","KIMSA / hybrid F"
1992,"dynamic_unfished_total_biomass",216720,"t","Region 2","MFCL report census dynamic_unfished_total_biomass",,"kimsa","KIMSA / hybrid F"
1993,"dynamic_unfished_total_biomass",796138.8,"t","Region 1","MFCL report census dynamic_unfished_total_biomass",,"kimsa","KIMSA / hybrid F"
1993,"dynamic_unfished_total_biomass",224660.2,"t","Region 2","MFCL report census dynamic_unfished_total_biomass",,"kimsa","KIMSA / hybrid F"
1994,"dynamic_unfished_total_biomass",827826.9,"t","Region 1","MFCL report census dynamic_unfished_total_biomass",,"kimsa","KIMSA / hybrid F"
1994,"dynamic_unfished_total_biomass",232795.1,"t","Region 2","MFCL report census dynamic_unfished_total_biomass",,"kimsa","KIMSA / hybrid F"
1995,"dynamic_unfished_total_biomass",879430.1,"t","Region 1","MFCL report census dynamic_unfished_total_biomass",,"kimsa","KIMSA / hybrid F"
1995,"dynamic_unfished_total_biomass",247248.5,"t","Region 2","MFCL report census dynamic_unfished_total_biomass",,"kimsa","KIMSA / hybrid F"
1996,"dynamic_unfished_total_biomass",865414,"t","Region 1","MFCL report census dynamic_unfished_total_biomass",,"kimsa","KIMSA / hybrid F"
1996,"dynamic_unfished_total_biomass",243482.4,"t","Region 2","MFCL report census dynamic_unfished_total_biomass",,"kimsa","KIMSA / hybrid F"
1997,"dynamic_unfished_total_biomass",854596.8,"t","Region 1","MFCL report census dynamic_unfished_total_biomass",,"kimsa","KIMSA / hybrid F"
1997,"dynamic_unfished_total_biomass",240051.1,"t","Region 2","MFCL report census dynamic_unfished_total_biomass",,"kimsa","KIMSA / hybrid F"
1998,"dynamic_unfished_total_biomass",807124.8,"t","Region 1","MFCL report census dynamic_unfished_total_biomass",,"kimsa","KIMSA / hybrid F"
1998,"dynamic_unfished_total_biomass",230908.5,"t","Region 2","MFCL report census dynamic_unfished_total_biomass",,"kimsa","KIMSA / hybrid F"
1999,"dynamic_unfished_total_biomass",887863.8,"t","Region 1","MFCL report census dynamic_unfished_total_biomass",,"kimsa","KIMSA / hybrid F"
1999,"dynamic_unfished_total_biomass",253073.7,"t","Region 2","MFCL report census dynamic_unfished_total_biomass",,"kimsa","KIMSA / hybrid F"
2000,"dynamic_unfished_total_biomass",825403.4,"t","Region 1","MFCL report census dynamic_unfished_total_biomass",,"kimsa","KIMSA / hybrid F"
2000,"dynamic_unfished_total_biomass",236511.1,"t","Region 2","MFCL report census dynamic_unfished_total_biomass",,"kimsa","KIMSA / hybrid F"
2001,"dynamic_unfished_total_biomass",868755.6,"t","Region 1","MFCL report census dynamic_unfished_total_biomass",,"kimsa","KIMSA / hybrid F"
2001,"dynamic_unfished_total_biomass",244510.9,"t","Region 2","MFCL report census dynamic_unfished_total_biomass",,"kimsa","KIMSA / hybrid F"
2002,"dynamic_unfished_total_biomass",940590,"t","Region 1","MFCL report census dynamic_unfished_total_biomass",,"kimsa","KIMSA / hybrid F"
2002,"dynamic_unfished_total_biomass",260679.3,"t","Region 2","MFCL report census dynamic_unfished_total_biomass",,"kimsa","KIMSA / hybrid F"
2003,"dynamic_unfished_total_biomass",1008074,"t","Region 1","MFCL report census dynamic_unfished_total_biomass",,"kimsa","KIMSA / hybrid F"
2003,"dynamic_unfished_total_biomass",273688.7,"t","Region 2","MFCL report census dynamic_unfished_total_biomass",,"kimsa","KIMSA / hybrid F"
2004,"dynamic_unfished_total_biomass",980732.2,"t","Region 1","MFCL report census dynamic_unfished_total_biomass",,"kimsa","KIMSA / hybrid F"
2004,"dynamic_unfished_total_biomass",269526.5,"t","Region 2","MFCL report census dynamic_unfished_total_biomass",,"kimsa","KIMSA / hybrid F"
2005,"dynamic_unfished_total_biomass",972348.8,"t","Region 1","MFCL report census dynamic_unfished_total_biomass",,"kimsa","KIMSA / hybrid F"
2005,"dynamic_unfished_total_biomass",272614.5,"t","Region 2","MFCL report census dynamic_unfished_total_biomass",,"kimsa","KIMSA / hybrid F"
2006,"dynamic_unfished_total_biomass",998744,"t","Region 1","MFCL report census dynamic_unfished_total_biomass",,"kimsa","KIMSA / hybrid F"
2006,"dynamic_unfished_total_biomass",281604.1,"t","Region 2","MFCL report census dynamic_unfished_total_biomass",,"kimsa","KIMSA / hybrid F"
2007,"dynamic_unfished_total_biomass",1070340,"t","Region 1","MFCL report census dynamic_unfished_total_biomass",,"kimsa","KIMSA / hybrid F"
2007,"dynamic_unfished_total_biomass",299826.8,"t","Region 2","MFCL report census dynamic_unfished_total_biomass",,"kimsa","KIMSA / hybrid F"
2008,"dynamic_unfished_total_biomass",1054806,"t","Region 1","MFCL report census dynamic_unfished_total_biomass",,"kimsa","KIMSA / hybrid F"
2008,"dynamic_unfished_total_biomass",293843.7,"t","Region 2","MFCL report census dynamic_unfished_total_biomass",,"kimsa","KIMSA / hybrid F"
2009,"dynamic_unfished_total_biomass",1076113,"t","Region 1","MFCL report census dynamic_unfished_total_biomass",,"kimsa","KIMSA / hybrid F"
2009,"dynamic_unfished_total_biomass",296484.8,"t","Region 2","MFCL report census dynamic_unfished_total_biomass",,"kimsa","KIMSA / hybrid F"
2010,"dynamic_unfished_total_biomass",1130362,"t","Region 1","MFCL report census dynamic_unfished_total_biomass",,"kimsa","KIMSA / hybrid F"
2010,"dynamic_unfished_total_biomass",311900.6,"t","Region 2","MFCL report census dynamic_unfished_total_biomass",,"kimsa","KIMSA / hybrid F"
2011,"dynamic_unfished_total_biomass",1189707,"t","Region 1","MFCL report census dynamic_unfished_total_biomass",,"kimsa","KIMSA / hybrid F"
2011,"dynamic_unfished_total_biomass",325191.1,"t","Region 2","MFCL report census dynamic_unfished_total_biomass",,"kimsa","KIMSA / hybrid F"
2012,"dynamic_unfished_total_biomass",1168764,"t","Region 1","MFCL report census dynamic_unfished_total_biomass",,"kimsa","KIMSA / hybrid F"
2012,"dynamic_unfished_total_biomass",319981.6,"t","Region 2","MFCL report census dynamic_unfished_total_biomass",,"kimsa","KIMSA / hybrid F"
2013,"dynamic_unfished_total_biomass",1146676,"t","Region 1","MFCL report census dynamic_unfished_total_biomass",,"kimsa","KIMSA / hybrid F"
2013,"dynamic_unfished_total_biomass",317306.2,"t","Region 2","MFCL report census dynamic_unfished_total_biomass",,"kimsa","KIMSA / hybrid F"
2014,"dynamic_unfished_total_biomass",1155931,"t","Region 1","MFCL report census dynamic_unfished_total_biomass",,"kimsa","KIMSA / hybrid F"
2014,"dynamic_unfished_total_biomass",326112.5,"t","Region 2","MFCL report census dynamic_unfished_total_biomass",,"kimsa","KIMSA / hybrid F"
2015,"dynamic_unfished_total_biomass",1148729,"t","Region 1","MFCL report census dynamic_unfished_total_biomass",,"kimsa","KIMSA / hybrid F"
2015,"dynamic_unfished_total_biomass",327352.7,"t","Region 2","MFCL report census dynamic_unfished_total_biomass",,"kimsa","KIMSA / hybrid F"
2016,"dynamic_unfished_total_biomass",1085200,"t","Region 1","MFCL report census dynamic_unfished_total_biomass",,"kimsa","KIMSA / hybrid F"
2016,"dynamic_unfished_total_biomass",312109,"t","Region 2","MFCL report census dynamic_unfished_total_biomass",,"kimsa","KIMSA / hybrid F"
2017,"dynamic_unfished_total_biomass",1009156,"t","Region 1","MFCL report census dynamic_unfished_total_biomass",,"kimsa","KIMSA / hybrid F"
2017,"dynamic_unfished_total_biomass",297532.4,"t","Region 2","MFCL report census dynamic_unfished_total_biomass",,"kimsa","KIMSA / hybrid F"
2018,"dynamic_unfished_total_biomass",1065268,"t","Region 1","MFCL report census dynamic_unfished_total_biomass",,"kimsa","KIMSA / hybrid F"
2018,"dynamic_unfished_total_biomass",313508.1,"t","Region 2","MFCL report census dynamic_unfished_total_biomass",,"kimsa","KIMSA / hybrid F"
2019,"dynamic_unfished_total_biomass",1090846,"t","Region 1","MFCL report census dynamic_unfished_total_biomass",,"kimsa","KIMSA / hybrid F"
2019,"dynamic_unfished_total_biomass",313934.5,"t","Region 2","MFCL report census dynamic_unfished_total_biomass",,"kimsa","KIMSA / hybrid F"
2020,"dynamic_unfished_total_biomass",1105160,"t","Region 1","MFCL report census dynamic_unfished_total_biomass",,"kimsa","KIMSA / hybrid F"
2020,"dynamic_unfished_total_biomass",312104.8,"t","Region 2","MFCL report census dynamic_unfished_total_biomass",,"kimsa","KIMSA / hybrid F"
2021,"dynamic_unfished_total_biomass",1107928,"t","Region 1","MFCL report census dynamic_unfished_total_biomass",,"kimsa","KIMSA / hybrid F"
2021,"dynamic_unfished_total_biomass",309371.7,"t","Region 2","MFCL report census dynamic_unfished_total_biomass",,"kimsa","KIMSA / hybrid F"
2022,"dynamic_unfished_total_biomass",1102848,"t","Region 1","MFCL report census dynamic_unfished_total_biomass",,"kimsa","KIMSA / hybrid F"
2022,"dynamic_unfished_total_biomass",311757.9,"t","Region 2","MFCL report census dynamic_unfished_total_biomass",,"kimsa","KIMSA / hybrid F"
1954,"spawning_biomass",975366,"t","Region 1","MFCL report census spawning_biomass","Spawning potential","kimsa","KIMSA / hybrid F"
1954,"spawning_biomass",357176.2,"t","Region 2","MFCL report census spawning_biomass","Spawning potential","kimsa","KIMSA / hybrid F"
1955,"spawning_biomass",963748.1,"t","Region 1","MFCL report census spawning_biomass","Spawning potential","kimsa","KIMSA / hybrid F"
1955,"spawning_biomass",342067.5,"t","Region 2","MFCL report census spawning_biomass","Spawning potential","kimsa","KIMSA / hybrid F"
1956,"spawning_biomass",941333.5,"t","Region 1","MFCL report census spawning_biomass","Spawning potential","kimsa","KIMSA / hybrid F"
1956,"spawning_biomass",341292.6,"t","Region 2","MFCL report census spawning_biomass","Spawning potential","kimsa","KIMSA / hybrid F"
1957,"spawning_biomass",929202.4,"t","Region 1","MFCL report census spawning_biomass","Spawning potential","kimsa","KIMSA / hybrid F"
1957,"spawning_biomass",339067,"t","Region 2","MFCL report census spawning_biomass","Spawning potential","kimsa","KIMSA / hybrid F"
1958,"spawning_biomass",918990.9,"t","Region 1","MFCL report census spawning_biomass","Spawning potential","kimsa","KIMSA / hybrid F"
1958,"spawning_biomass",335858.1,"t","Region 2","MFCL report census spawning_biomass","Spawning potential","kimsa","KIMSA / hybrid F"
1959,"spawning_biomass",902395.8,"t","Region 1","MFCL report census spawning_biomass","Spawning potential","kimsa","KIMSA / hybrid F"
1959,"spawning_biomass",335262,"t","Region 2","MFCL report census spawning_biomass","Spawning potential","kimsa","KIMSA / hybrid F"
1960,"spawning_biomass",859748.7,"t","Region 1","MFCL report census spawning_biomass","Spawning potential","kimsa","KIMSA / hybrid F"
1960,"spawning_biomass",326359.5,"t","Region 2","MFCL report census spawning_biomass","Spawning potential","kimsa","KIMSA / hybrid F"
1961,"spawning_biomass",787908.5,"t","Region 1","MFCL report census spawning_biomass","Spawning potential","kimsa","KIMSA / hybrid F"
1961,"spawning_biomass",306823,"t","Region 2","MFCL report census spawning_biomass","Spawning potential","kimsa","KIMSA / hybrid F"
1962,"spawning_biomass",707105.8,"t","Region 1","MFCL report census spawning_biomass","Spawning potential","kimsa","KIMSA / hybrid F"
1962,"spawning_biomass",282721.3,"t","Region 2","MFCL report census spawning_biomass","Spawning potential","kimsa","KIMSA / hybrid F"
1963,"spawning_biomass",583000.2,"t","Region 1","MFCL report census spawning_biomass","Spawning potential","kimsa","KIMSA / hybrid F"
1963,"spawning_biomass",244663.6,"t","Region 2","MFCL report census spawning_biomass","Spawning potential","kimsa","KIMSA / hybrid F"
1964,"spawning_biomass",481302.9,"t","Region 1","MFCL report census spawning_biomass","Spawning potential","kimsa","KIMSA / hybrid F"
1964,"spawning_biomass",203587.6,"t","Region 2","MFCL report census spawning_biomass","Spawning potential","kimsa","KIMSA / hybrid F"
1965,"spawning_biomass",451452.8,"t","Region 1","MFCL report census spawning_biomass","Spawning potential","kimsa","KIMSA / hybrid F"
1965,"spawning_biomass",182080,"t","Region 2","MFCL report census spawning_biomass","Spawning potential","kimsa","KIMSA / hybrid F"
1966,"spawning_biomass",477222.7,"t","Region 1","MFCL report census spawning_biomass","Spawning potential","kimsa","KIMSA / hybrid F"
1966,"spawning_biomass",183301.5,"t","Region 2","MFCL report census spawning_biomass","Spawning potential","kimsa","KIMSA / hybrid F"
1967,"spawning_biomass",485694.1,"t","Region 1","MFCL report census spawning_biomass","Spawning potential","kimsa","KIMSA / hybrid F"
1967,"spawning_biomass",186689.2,"t","Region 2","MFCL report census spawning_biomass","Spawning potential","kimsa","KIMSA / hybrid F"
1968,"spawning_biomass",418482.6,"t","Region 1","MFCL report census spawning_biomass","Spawning potential","kimsa","KIMSA / hybrid F"
1968,"spawning_biomass",169177.7,"t","Region 2","MFCL report census spawning_biomass","Spawning potential","kimsa","KIMSA / hybrid F"
1969,"spawning_biomass",342982.6,"t","Region 1","MFCL report census spawning_biomass","Spawning potential","kimsa","KIMSA / hybrid F"
1969,"spawning_biomass",142926,"t","Region 2","MFCL report census spawning_biomass","Spawning potential","kimsa","KIMSA / hybrid F"
1970,"spawning_biomass",310892.4,"t","Region 1","MFCL report census spawning_biomass","Spawning potential","kimsa","KIMSA / hybrid F"
1970,"spawning_biomass",127926.5,"t","Region 2","MFCL report census spawning_biomass","Spawning potential","kimsa","KIMSA / hybrid F"
1971,"spawning_biomass",284666.7,"t","Region 1","MFCL report census spawning_biomass","Spawning potential","kimsa","KIMSA / hybrid F"
1971,"spawning_biomass",116984.1,"t","Region 2","MFCL report census spawning_biomass","Spawning potential","kimsa","KIMSA / hybrid F"
1972,"spawning_biomass",258703.6,"t","Region 1","MFCL report census spawning_biomass","Spawning potential","kimsa","KIMSA / hybrid F"
1972,"spawning_biomass",106318.2,"t","Region 2","MFCL report census spawning_biomass","Spawning potential","kimsa","KIMSA / hybrid F"
1973,"spawning_biomass",231735,"t","Region 1","MFCL report census spawning_biomass","Spawning potential","kimsa","KIMSA / hybrid F"
1973,"spawning_biomass",93216.13,"t","Region 2","MFCL report census spawning_biomass","Spawning potential","kimsa","KIMSA / hybrid F"
1974,"spawning_biomass",197924,"t","Region 1","MFCL report census spawning_biomass","Spawning potential","kimsa","KIMSA / hybrid F"
1974,"spawning_biomass",82819.19,"t","Region 2","MFCL report census spawning_biomass","Spawning potential","kimsa","KIMSA / hybrid F"
1975,"spawning_biomass",176347.1,"t","Region 1","MFCL report census spawning_biomass","Spawning potential","kimsa","KIMSA / hybrid F"
1975,"spawning_biomass",75354.8,"t","Region 2","MFCL report census spawning_biomass","Spawning potential","kimsa","KIMSA / hybrid F"
1976,"spawning_biomass",188977.7,"t","Region 1","MFCL report census spawning_biomass","Spawning potential","kimsa","KIMSA / hybrid F"
1976,"spawning_biomass",73247.59,"t","Region 2","MFCL report census spawning_biomass","Spawning potential","kimsa","KIMSA / hybrid F"
1977,"spawning_biomass",241608.1,"t","Region 1","MFCL report census spawning_biomass","Spawning potential","kimsa","KIMSA / hybrid F"
1977,"spawning_biomass",84512.39,"t","Region 2","MFCL report census spawning_biomass","Spawning potential","kimsa","KIMSA / hybrid F"
1978,"spawning_biomass",288664.3,"t","Region 1","MFCL report census spawning_biomass","Spawning potential","kimsa","KIMSA / hybrid F"
1978,"spawning_biomass",101162.5,"t","Region 2","MFCL report census spawning_biomass","Spawning potential","kimsa","KIMSA / hybrid F"
1979,"spawning_biomass",277109.6,"t","Region 1","MFCL report census spawning_biomass","Spawning potential","kimsa","KIMSA / hybrid F"
1979,"spawning_biomass",101598.1,"t","Region 2","MFCL report census spawning_biomass","Spawning potential","kimsa","KIMSA / hybrid F"
1980,"spawning_biomass",240928.8,"t","Region 1","MFCL report census spawning_biomass","Spawning potential","kimsa","KIMSA / hybrid F"
1980,"spawning_biomass",94086.88,"t","Region 2","MFCL report census spawning_biomass","Spawning potential","kimsa","KIMSA / hybrid F"
1981,"spawning_biomass",201899.2,"t","Region 1","MFCL report census spawning_biomass","Spawning potential","kimsa","KIMSA / hybrid F"
1981,"spawning_biomass",84247.99,"t","Region 2","MFCL report census spawning_biomass","Spawning potential","kimsa","KIMSA / hybrid F"
1982,"spawning_biomass",182350.5,"t","Region 1","MFCL report census spawning_biomass","Spawning potential","kimsa","KIMSA / hybrid F"
1982,"spawning_biomass",75879.97,"t","Region 2","MFCL report census spawning_biomass","Spawning potential","kimsa","KIMSA / hybrid F"
1983,"spawning_biomass",188782.1,"t","Region 1","MFCL report census spawning_biomass","Spawning potential","kimsa","KIMSA / hybrid F"
1983,"spawning_biomass",73729.12,"t","Region 2","MFCL report census spawning_biomass","Spawning potential","kimsa","KIMSA / hybrid F"
1984,"spawning_biomass",213185.9,"t","Region 1","MFCL report census spawning_biomass","Spawning potential","kimsa","KIMSA / hybrid F"
1984,"spawning_biomass",78578.06,"t","Region 2","MFCL report census spawning_biomass","Spawning potential","kimsa","KIMSA / hybrid F"
1985,"spawning_biomass",224490.7,"t","Region 1","MFCL report census spawning_biomass","Spawning potential","kimsa","KIMSA / hybrid F"
1985,"spawning_biomass",82178.61,"t","Region 2","MFCL report census spawning_biomass","Spawning potential","kimsa","KIMSA / hybrid F"
1986,"spawning_biomass",223466.3,"t","Region 1","MFCL report census spawning_biomass","Spawning potential","kimsa","KIMSA / hybrid F"
1986,"spawning_biomass",83181.13,"t","Region 2","MFCL report census spawning_biomass","Spawning potential","kimsa","KIMSA / hybrid F"
1987,"spawning_biomass",221148.1,"t","Region 1","MFCL report census spawning_biomass","Spawning potential","kimsa","KIMSA / hybrid F"
1987,"spawning_biomass",82795.75,"t","Region 2","MFCL report census spawning_biomass","Spawning potential","kimsa","KIMSA / hybrid F"
1988,"spawning_biomass",221808.2,"t","Region 1","MFCL report census spawning_biomass","Spawning potential","kimsa","KIMSA / hybrid F"
1988,"spawning_biomass",82131.41,"t","Region 2","MFCL report census spawning_biomass","Spawning potential","kimsa","KIMSA / hybrid F"
1989,"spawning_biomass",201322.2,"t","Region 1","MFCL report census spawning_biomass","Spawning potential","kimsa","KIMSA / hybrid F"
1989,"spawning_biomass",77040.32,"t","Region 2","MFCL report census spawning_biomass","Spawning potential","kimsa","KIMSA / hybrid F"
1990,"spawning_biomass",193092.3,"t","Region 1","MFCL report census spawning_biomass","Spawning potential","kimsa","KIMSA / hybrid F"
1990,"spawning_biomass",75095.05,"t","Region 2","MFCL report census spawning_biomass","Spawning potential","kimsa","KIMSA / hybrid F"
1991,"spawning_biomass",205045.9,"t","Region 1","MFCL report census spawning_biomass","Spawning potential","kimsa","KIMSA / hybrid F"
1991,"spawning_biomass",77419.04,"t","Region 2","MFCL report census spawning_biomass","Spawning potential","kimsa","KIMSA / hybrid F"
1992,"spawning_biomass",225706.1,"t","Region 1","MFCL report census spawning_biomass","Spawning potential","kimsa","KIMSA / hybrid F"
1992,"spawning_biomass",82798.74,"t","Region 2","MFCL report census spawning_biomass","Spawning potential","kimsa","KIMSA / hybrid F"
1993,"spawning_biomass",236413.2,"t","Region 1","MFCL report census spawning_biomass","Spawning potential","kimsa","KIMSA / hybrid F"
1993,"spawning_biomass",88070.7,"t","Region 2","MFCL report census spawning_biomass","Spawning potential","kimsa","KIMSA / hybrid F"
1994,"spawning_biomass",237786.8,"t","Region 1","MFCL report census spawning_biomass","Spawning potential","kimsa","KIMSA / hybrid F"
1994,"spawning_biomass",89181.87,"t","Region 2","MFCL report census spawning_biomass","Spawning potential","kimsa","KIMSA / hybrid F"
1995,"spawning_biomass",247369.4,"t","Region 1","MFCL report census spawning_biomass","Spawning potential","kimsa","KIMSA / hybrid F"
1995,"spawning_biomass",93240.6,"t","Region 2","MFCL report census spawning_biomass","Spawning potential","kimsa","KIMSA / hybrid F"
1996,"spawning_biomass",255192.1,"t","Region 1","MFCL report census spawning_biomass","Spawning potential","kimsa","KIMSA / hybrid F"
1996,"spawning_biomass",95510.16,"t","Region 2","MFCL report census spawning_biomass","Spawning potential","kimsa","KIMSA / hybrid F"
1997,"spawning_biomass",262073.1,"t","Region 1","MFCL report census spawning_biomass","Spawning potential","kimsa","KIMSA / hybrid F"
1997,"spawning_biomass",97852.45,"t","Region 2","MFCL report census spawning_biomass","Spawning potential","kimsa","KIMSA / hybrid F"
1998,"spawning_biomass",283047.8,"t","Region 1","MFCL report census spawning_biomass","Spawning potential","kimsa","KIMSA / hybrid F"
1998,"spawning_biomass",103605,"t","Region 2","MFCL report census spawning_biomass","Spawning potential","kimsa","KIMSA / hybrid F"
1999,"spawning_biomass",281583.8,"t","Region 1","MFCL report census spawning_biomass","Spawning potential","kimsa","KIMSA / hybrid F"
1999,"spawning_biomass",106468.3,"t","Region 2","MFCL report census spawning_biomass","Spawning potential","kimsa","KIMSA / hybrid F"
2000,"spawning_biomass",273445,"t","Region 1","MFCL report census spawning_biomass","Spawning potential","kimsa","KIMSA / hybrid F"
2000,"spawning_biomass",103234.3,"t","Region 2","MFCL report census spawning_biomass","Spawning potential","kimsa","KIMSA / hybrid F"
2001,"spawning_biomass",247484,"t","Region 1","MFCL report census spawning_biomass","Spawning potential","kimsa","KIMSA / hybrid F"
2001,"spawning_biomass",95640.78,"t","Region 2","MFCL report census spawning_biomass","Spawning potential","kimsa","KIMSA / hybrid F"
2002,"spawning_biomass",230556,"t","Region 1","MFCL report census spawning_biomass","Spawning potential","kimsa","KIMSA / hybrid F"
2002,"spawning_biomass",92116.89,"t","Region 2","MFCL report census spawning_biomass","Spawning potential","kimsa","KIMSA / hybrid F"
2003,"spawning_biomass",229432.7,"t","Region 1","MFCL report census spawning_biomass","Spawning potential","kimsa","KIMSA / hybrid F"
2003,"spawning_biomass",90516.51,"t","Region 2","MFCL report census spawning_biomass","Spawning potential","kimsa","KIMSA / hybrid F"
2004,"spawning_biomass",217650.6,"t","Region 1","MFCL report census spawning_biomass","Spawning potential","kimsa","KIMSA / hybrid F"
2004,"spawning_biomass",84899,"t","Region 2","MFCL report census spawning_biomass","Spawning potential","kimsa","KIMSA / hybrid F"
2005,"spawning_biomass",242120.9,"t","Region 1","MFCL report census spawning_biomass","Spawning potential","kimsa","KIMSA / hybrid F"
2005,"spawning_biomass",91913.43,"t","Region 2","MFCL report census spawning_biomass","Spawning potential","kimsa","KIMSA / hybrid F"
2006,"spawning_biomass",275978.9,"t","Region 1","MFCL report census spawning_biomass","Spawning potential","kimsa","KIMSA / hybrid F"
2006,"spawning_biomass",100178.6,"t","Region 2","MFCL report census spawning_biomass","Spawning potential","kimsa","KIMSA / hybrid F"
2007,"spawning_biomass",281299.6,"t","Region 1","MFCL report census spawning_biomass","Spawning potential","kimsa","KIMSA / hybrid F"
2007,"spawning_biomass",105282.7,"t","Region 2","MFCL report census spawning_biomass","Spawning potential","kimsa","KIMSA / hybrid F"
2008,"spawning_biomass",257073.1,"t","Region 1","MFCL report census spawning_biomass","Spawning potential","kimsa","KIMSA / hybrid F"
2008,"spawning_biomass",102850.3,"t","Region 2","MFCL report census spawning_biomass","Spawning potential","kimsa","KIMSA / hybrid F"
2009,"spawning_biomass",248676.7,"t","Region 1","MFCL report census spawning_biomass","Spawning potential","kimsa","KIMSA / hybrid F"
2009,"spawning_biomass",97896.71,"t","Region 2","MFCL report census spawning_biomass","Spawning potential","kimsa","KIMSA / hybrid F"
2010,"spawning_biomass",256781.5,"t","Region 1","MFCL report census spawning_biomass","Spawning potential","kimsa","KIMSA / hybrid F"
2010,"spawning_biomass",102681.2,"t","Region 2","MFCL report census spawning_biomass","Spawning potential","kimsa","KIMSA / hybrid F"
2011,"spawning_biomass",264464.5,"t","Region 1","MFCL report census spawning_biomass","Spawning potential","kimsa","KIMSA / hybrid F"
2011,"spawning_biomass",108410.7,"t","Region 2","MFCL report census spawning_biomass","Spawning potential","kimsa","KIMSA / hybrid F"
2012,"spawning_biomass",278459.3,"t","Region 1","MFCL report census spawning_biomass","Spawning potential","kimsa","KIMSA / hybrid F"
2012,"spawning_biomass",104240.7,"t","Region 2","MFCL report census spawning_biomass","Spawning potential","kimsa","KIMSA / hybrid F"
2013,"spawning_biomass",284542.9,"t","Region 1","MFCL report census spawning_biomass","Spawning potential","kimsa","KIMSA / hybrid F"
2013,"spawning_biomass",103911.8,"t","Region 2","MFCL report census spawning_biomass","Spawning potential","kimsa","KIMSA / hybrid F"
2014,"spawning_biomass",304204.2,"t","Region 1","MFCL report census spawning_biomass","Spawning potential","kimsa","KIMSA / hybrid F"
2014,"spawning_biomass",108812.1,"t","Region 2","MFCL report census spawning_biomass","Spawning potential","kimsa","KIMSA / hybrid F"
2015,"spawning_biomass",314081.3,"t","Region 1","MFCL report census spawning_biomass","Spawning potential","kimsa","KIMSA / hybrid F"
2015,"spawning_biomass",111005.7,"t","Region 2","MFCL report census spawning_biomass","Spawning potential","kimsa","KIMSA / hybrid F"
2016,"spawning_biomass",290844,"t","Region 1","MFCL report census spawning_biomass","Spawning potential","kimsa","KIMSA / hybrid F"
2016,"spawning_biomass",99584.83,"t","Region 2","MFCL report census spawning_biomass","Spawning potential","kimsa","KIMSA / hybrid F"
2017,"spawning_biomass",271880.3,"t","Region 1","MFCL report census spawning_biomass","Spawning potential","kimsa","KIMSA / hybrid F"
2017,"spawning_biomass",94816.64,"t","Region 2","MFCL report census spawning_biomass","Spawning potential","kimsa","KIMSA / hybrid F"
2018,"spawning_biomass",265666.1,"t","Region 1","MFCL report census spawning_biomass","Spawning potential","kimsa","KIMSA / hybrid F"
2018,"spawning_biomass",94215.61,"t","Region 2","MFCL report census spawning_biomass","Spawning potential","kimsa","KIMSA / hybrid F"
2019,"spawning_biomass",252628.9,"t","Region 1","MFCL report census spawning_biomass","Spawning potential","kimsa","KIMSA / hybrid F"
2019,"spawning_biomass",88802.86,"t","Region 2","MFCL report census spawning_biomass","Spawning potential","kimsa","KIMSA / hybrid F"
2020,"spawning_biomass",214811.1,"t","Region 1","MFCL report census spawning_biomass","Spawning potential","kimsa","KIMSA / hybrid F"
2020,"spawning_biomass",84462.03,"t","Region 2","MFCL report census spawning_biomass","Spawning potential","kimsa","KIMSA / hybrid F"
2021,"spawning_biomass",208313.3,"t","Region 1","MFCL report census spawning_biomass","Spawning potential","kimsa","KIMSA / hybrid F"
2021,"spawning_biomass",79101.32,"t","Region 2","MFCL report census spawning_biomass","Spawning potential","kimsa","KIMSA / hybrid F"
2022,"spawning_biomass",261281.3,"t","Region 1","MFCL report census spawning_biomass","Spawning potential","kimsa","KIMSA / hybrid F"
2022,"spawning_biomass",79213.79,"t","Region 2","MFCL report census spawning_biomass","Spawning potential","kimsa","KIMSA / hybrid F"
1954,"dynamic_unfished_spawning_biomass",975366,"t","Region 1","MFCL report census dynamic_unfished_spawning_biomass","Unfished spawning potential","kimsa","KIMSA / hybrid F"
1954,"dynamic_unfished_spawning_biomass",357176.2,"t","Region 2","MFCL report census dynamic_unfished_spawning_biomass","Unfished spawning potential","kimsa","KIMSA / hybrid F"
1955,"dynamic_unfished_spawning_biomass",970556.3,"t","Region 1","MFCL report census dynamic_unfished_spawning_biomass","Unfished spawning potential","kimsa","KIMSA / hybrid F"
1955,"dynamic_unfished_spawning_biomass",342278,"t","Region 2","MFCL report census dynamic_unfished_spawning_biomass","Unfished spawning potential","kimsa","KIMSA / hybrid F"
1956,"dynamic_unfished_spawning_biomass",955034.6,"t","Region 1","MFCL report census dynamic_unfished_spawning_biomass","Unfished spawning potential","kimsa","KIMSA / hybrid F"
1956,"dynamic_unfished_spawning_biomass",342650.4,"t","Region 2","MFCL report census dynamic_unfished_spawning_biomass","Unfished spawning potential","kimsa","KIMSA / hybrid F"
1957,"dynamic_unfished_spawning_biomass",944726.6,"t","Region 1","MFCL report census dynamic_unfished_spawning_biomass","Unfished spawning potential","kimsa","KIMSA / hybrid F"
1957,"dynamic_unfished_spawning_biomass",341758.9,"t","Region 2","MFCL report census dynamic_unfished_spawning_biomass","Unfished spawning potential","kimsa","KIMSA / hybrid F"
1958,"dynamic_unfished_spawning_biomass",938590.4,"t","Region 1","MFCL report census dynamic_unfished_spawning_biomass","Unfished spawning potential","kimsa","KIMSA / hybrid F"
1958,"dynamic_unfished_spawning_biomass",339745.6,"t","Region 2","MFCL report census dynamic_unfished_spawning_biomass","Unfished spawning potential","kimsa","KIMSA / hybrid F"
1959,"dynamic_unfished_spawning_biomass",930054,"t","Region 1","MFCL report census dynamic_unfished_spawning_biomass","Unfished spawning potential","kimsa","KIMSA / hybrid F"
1959,"dynamic_unfished_spawning_biomass",340399.5,"t","Region 2","MFCL report census dynamic_unfished_spawning_biomass","Unfished spawning potential","kimsa","KIMSA / hybrid F"
1960,"dynamic_unfished_spawning_biomass",898229,"t","Region 1","MFCL report census dynamic_unfished_spawning_biomass","Unfished spawning potential","kimsa","KIMSA / hybrid F"
1960,"dynamic_unfished_spawning_biomass",334023.6,"t","Region 2","MFCL report census dynamic_unfished_spawning_biomass","Unfished spawning potential","kimsa","KIMSA / hybrid F"
1961,"dynamic_unfished_spawning_biomass",835914.6,"t","Region 1","MFCL report census dynamic_unfished_spawning_biomass","Unfished spawning potential","kimsa","KIMSA / hybrid F"
1961,"dynamic_unfished_spawning_biomass",317075.8,"t","Region 2","MFCL report census dynamic_unfished_spawning_biomass","Unfished spawning potential","kimsa","KIMSA / hybrid F"
1962,"dynamic_unfished_spawning_biomass",763176.8,"t","Region 1","MFCL report census dynamic_unfished_spawning_biomass","Unfished spawning potential","kimsa","KIMSA / hybrid F"
1962,"dynamic_unfished_spawning_biomass",295634.3,"t","Region 2","MFCL report census dynamic_unfished_spawning_biomass","Unfished spawning potential","kimsa","KIMSA / hybrid F"
1963,"dynamic_unfished_spawning_biomass",647918.9,"t","Region 1","MFCL report census dynamic_unfished_spawning_biomass","Unfished spawning potential","kimsa","KIMSA / hybrid F"
1963,"dynamic_unfished_spawning_biomass",261342.4,"t","Region 2","MFCL report census dynamic_unfished_spawning_biomass","Unfished spawning potential","kimsa","KIMSA / hybrid F"
1964,"dynamic_unfished_spawning_biomass",546951.5,"t","Region 1","MFCL report census dynamic_unfished_spawning_biomass","Unfished spawning potential","kimsa","KIMSA / hybrid F"
1964,"dynamic_unfished_spawning_biomass",226136.7,"t","Region 2","MFCL report census dynamic_unfished_spawning_biomass","Unfished spawning potential","kimsa","KIMSA / hybrid F"
1965,"dynamic_unfished_spawning_biomass",515501.2,"t","Region 1","MFCL report census dynamic_unfished_spawning_biomass","Unfished spawning potential","kimsa","KIMSA / hybrid F"
1965,"dynamic_unfished_spawning_biomass",207585.6,"t","Region 2","MFCL report census dynamic_unfished_spawning_biomass","Unfished spawning potential","kimsa","KIMSA / hybrid F"
1966,"dynamic_unfished_spawning_biomass",544760.3,"t","Region 1","MFCL report census dynamic_unfished_spawning_biomass","Unfished spawning potential","kimsa","KIMSA / hybrid F"
1966,"dynamic_unfished_spawning_biomass",207722.6,"t","Region 2","MFCL report census dynamic_unfished_spawning_biomass","Unfished spawning potential","kimsa","KIMSA / hybrid F"
1967,"dynamic_unfished_spawning_biomass",570970.5,"t","Region 1","MFCL report census dynamic_unfished_spawning_biomass","Unfished spawning potential","kimsa","KIMSA / hybrid F"
1967,"dynamic_unfished_spawning_biomass",213050,"t","Region 2","MFCL report census dynamic_unfished_spawning_biomass","Unfished spawning potential","kimsa","KIMSA / hybrid F"
1968,"dynamic_unfished_spawning_biomass",518288.1,"t","Region 1","MFCL report census dynamic_unfished_spawning_biomass","Unfished spawning potential","kimsa","KIMSA / hybrid F"
1968,"dynamic_unfished_spawning_biomass",200107.9,"t","Region 2","MFCL report census dynamic_unfished_spawning_biomass","Unfished spawning potential","kimsa","KIMSA / hybrid F"
1969,"dynamic_unfished_spawning_biomass",445316.3,"t","Region 1","MFCL report census dynamic_unfished_spawning_biomass","Unfished spawning potential","kimsa","KIMSA / hybrid F"
1969,"dynamic_unfished_spawning_biomass",177361.7,"t","Region 2","MFCL report census dynamic_unfished_spawning_biomass","Unfished spawning potential","kimsa","KIMSA / hybrid F"
1970,"dynamic_unfished_spawning_biomass",408794.8,"t","Region 1","MFCL report census dynamic_unfished_spawning_biomass","Unfished spawning potential","kimsa","KIMSA / hybrid F"
1970,"dynamic_unfished_spawning_biomass",162282.6,"t","Region 2","MFCL report census dynamic_unfished_spawning_biomass","Unfished spawning potential","kimsa","KIMSA / hybrid F"
1971,"dynamic_unfished_spawning_biomass",383304.6,"t","Region 1","MFCL report census dynamic_unfished_spawning_biomass","Unfished spawning potential","kimsa","KIMSA / hybrid F"
1971,"dynamic_unfished_spawning_biomass",151090.5,"t","Region 2","MFCL report census dynamic_unfished_spawning_biomass","Unfished spawning potential","kimsa","KIMSA / hybrid F"
1972,"dynamic_unfished_spawning_biomass",363923.5,"t","Region 1","MFCL report census dynamic_unfished_spawning_biomass","Unfished spawning potential","kimsa","KIMSA / hybrid F"
1972,"dynamic_unfished_spawning_biomass",142325.2,"t","Region 2","MFCL report census dynamic_unfished_spawning_biomass","Unfished spawning potential","kimsa","KIMSA / hybrid F"
1973,"dynamic_unfished_spawning_biomass",340065.9,"t","Region 1","MFCL report census dynamic_unfished_spawning_biomass","Unfished spawning potential","kimsa","KIMSA / hybrid F"
1973,"dynamic_unfished_spawning_biomass",133271.2,"t","Region 2","MFCL report census dynamic_unfished_spawning_biomass","Unfished spawning potential","kimsa","KIMSA / hybrid F"
1974,"dynamic_unfished_spawning_biomass",313232.8,"t","Region 1","MFCL report census dynamic_unfished_spawning_biomass","Unfished spawning potential","kimsa","KIMSA / hybrid F"
1974,"dynamic_unfished_spawning_biomass",123450.9,"t","Region 2","MFCL report census dynamic_unfished_spawning_biomass","Unfished spawning potential","kimsa","KIMSA / hybrid F"
1975,"dynamic_unfished_spawning_biomass",292512.1,"t","Region 1","MFCL report census dynamic_unfished_spawning_biomass","Unfished spawning potential","kimsa","KIMSA / hybrid F"
1975,"dynamic_unfished_spawning_biomass",115078.1,"t","Region 2","MFCL report census dynamic_unfished_spawning_biomass","Unfished spawning potential","kimsa","KIMSA / hybrid F"
1976,"dynamic_unfished_spawning_biomass",290791,"t","Region 1","MFCL report census dynamic_unfished_spawning_biomass","Unfished spawning potential","kimsa","KIMSA / hybrid F"
1976,"dynamic_unfished_spawning_biomass",111292.3,"t","Region 2","MFCL report census dynamic_unfished_spawning_biomass","Unfished spawning potential","kimsa","KIMSA / hybrid F"
1977,"dynamic_unfished_spawning_biomass",333157.1,"t","Region 1","MFCL report census dynamic_unfished_spawning_biomass","Unfished spawning potential","kimsa","KIMSA / hybrid F"
1977,"dynamic_unfished_spawning_biomass",119472.9,"t","Region 2","MFCL report census dynamic_unfished_spawning_biomass","Unfished spawning potential","kimsa","KIMSA / hybrid F"
1978,"dynamic_unfished_spawning_biomass",387549.2,"t","Region 1","MFCL report census dynamic_unfished_spawning_biomass","Unfished spawning potential","kimsa","KIMSA / hybrid F"
1978,"dynamic_unfished_spawning_biomass",135094.3,"t","Region 2","MFCL report census dynamic_unfished_spawning_biomass","Unfished spawning potential","kimsa","KIMSA / hybrid F"
1979,"dynamic_unfished_spawning_biomass",384905.8,"t","Region 1","MFCL report census dynamic_unfished_spawning_biomass","Unfished spawning potential","kimsa","KIMSA / hybrid F"
1979,"dynamic_unfished_spawning_biomass",138337.9,"t","Region 2","MFCL report census dynamic_unfished_spawning_biomass","Unfished spawning potential","kimsa","KIMSA / hybrid F"
1980,"dynamic_unfished_spawning_biomass",346795.4,"t","Region 1","MFCL report census dynamic_unfished_spawning_biomass","Unfished spawning potential","kimsa","KIMSA / hybrid F"
1980,"dynamic_unfished_spawning_biomass",130010.8,"t","Region 2","MFCL report census dynamic_unfished_spawning_biomass","Unfished spawning potential","kimsa","KIMSA / hybrid F"
1981,"dynamic_unfished_spawning_biomass",308621.1,"t","Region 1","MFCL report census dynamic_unfished_spawning_biomass","Unfished spawning potential","kimsa","KIMSA / hybrid F"
1981,"dynamic_unfished_spawning_biomass",118934.4,"t","Region 2","MFCL report census dynamic_unfished_spawning_biomass","Unfished spawning potential","kimsa","KIMSA / hybrid F"
1982,"dynamic_unfished_spawning_biomass",287073.4,"t","Region 1","MFCL report census dynamic_unfished_spawning_biomass","Unfished spawning potential","kimsa","KIMSA / hybrid F"
1982,"dynamic_unfished_spawning_biomass",110885.9,"t","Region 2","MFCL report census dynamic_unfished_spawning_biomass","Unfished spawning potential","kimsa","KIMSA / hybrid F"
1983,"dynamic_unfished_spawning_biomass",291085.8,"t","Region 1","MFCL report census dynamic_unfished_spawning_biomass","Unfished spawning potential","kimsa","KIMSA / hybrid F"
1983,"dynamic_unfished_spawning_biomass",108569.4,"t","Region 2","MFCL report census dynamic_unfished_spawning_biomass","Unfished spawning potential","kimsa","KIMSA / hybrid F"
1984,"dynamic_unfished_spawning_biomass",310129.8,"t","Region 1","MFCL report census dynamic_unfished_spawning_biomass","Unfished spawning potential","kimsa","KIMSA / hybrid F"
1984,"dynamic_unfished_spawning_biomass",112469.4,"t","Region 2","MFCL report census dynamic_unfished_spawning_biomass","Unfished spawning potential","kimsa","KIMSA / hybrid F"
1985,"dynamic_unfished_spawning_biomass",318216.6,"t","Region 1","MFCL report census dynamic_unfished_spawning_biomass","Unfished spawning potential","kimsa","KIMSA / hybrid F"
1985,"dynamic_unfished_spawning_biomass",114624,"t","Region 2","MFCL report census dynamic_unfished_spawning_biomass","Unfished spawning potential","kimsa","KIMSA / hybrid F"
1986,"dynamic_unfished_spawning_biomass",316297.8,"t","Region 1","MFCL report census dynamic_unfished_spawning_biomass","Unfished spawning potential","kimsa","KIMSA / hybrid F"
1986,"dynamic_unfished_spawning_biomass",114351.6,"t","Region 2","MFCL report census dynamic_unfished_spawning_biomass","Unfished spawning potential","kimsa","KIMSA / hybrid F"
1987,"dynamic_unfished_spawning_biomass",320503.5,"t","Region 1","MFCL report census dynamic_unfished_spawning_biomass","Unfished spawning potential","kimsa","KIMSA / hybrid F"
1987,"dynamic_unfished_spawning_biomass",114594.7,"t","Region 2","MFCL report census dynamic_unfished_spawning_biomass","Unfished spawning potential","kimsa","KIMSA / hybrid F"
1988,"dynamic_unfished_spawning_biomass",318271.1,"t","Region 1","MFCL report census dynamic_unfished_spawning_biomass","Unfished spawning potential","kimsa","KIMSA / hybrid F"
1988,"dynamic_unfished_spawning_biomass",117233.9,"t","Region 2","MFCL report census dynamic_unfished_spawning_biomass","Unfished spawning potential","kimsa","KIMSA / hybrid F"
1989,"dynamic_unfished_spawning_biomass",304135.9,"t","Region 1","MFCL report census dynamic_unfished_spawning_biomass","Unfished spawning potential","kimsa","KIMSA / hybrid F"
1989,"dynamic_unfished_spawning_biomass",111992.1,"t","Region 2","MFCL report census dynamic_unfished_spawning_biomass","Unfished spawning potential","kimsa","KIMSA / hybrid F"
1990,"dynamic_unfished_spawning_biomass",303633.6,"t","Region 1","MFCL report census dynamic_unfished_spawning_biomass","Unfished spawning potential","kimsa","KIMSA / hybrid F"
1990,"dynamic_unfished_spawning_biomass",110974.2,"t","Region 2","MFCL report census dynamic_unfished_spawning_biomass","Unfished spawning potential","kimsa","KIMSA / hybrid F"
1991,"dynamic_unfished_spawning_biomass",319119.3,"t","Region 1","MFCL report census dynamic_unfished_spawning_biomass","Unfished spawning potential","kimsa","KIMSA / hybrid F"
1991,"dynamic_unfished_spawning_biomass",113532.7,"t","Region 2","MFCL report census dynamic_unfished_spawning_biomass","Unfished spawning potential","kimsa","KIMSA / hybrid F"
1992,"dynamic_unfished_spawning_biomass",346382.3,"t","Region 1","MFCL report census dynamic_unfished_spawning_biomass","Unfished spawning potential","kimsa","KIMSA / hybrid F"
1992,"dynamic_unfished_spawning_biomass",121753.5,"t","Region 2","MFCL report census dynamic_unfished_spawning_biomass","Unfished spawning potential","kimsa","KIMSA / hybrid F"
1993,"dynamic_unfished_spawning_biomass",362674.7,"t","Region 1","MFCL report census dynamic_unfished_spawning_biomass","Unfished spawning potential","kimsa","KIMSA / hybrid F"
1993,"dynamic_unfished_spawning_biomass",130028.2,"t","Region 2","MFCL report census dynamic_unfished_spawning_biomass","Unfished spawning potential","kimsa","KIMSA / hybrid F"
1994,"dynamic_unfished_spawning_biomass",363790.2,"t","Region 1","MFCL report census dynamic_unfished_spawning_biomass","Unfished spawning potential","kimsa","KIMSA / hybrid F"
1994,"dynamic_unfished_spawning_biomass",131527.8,"t","Region 2","MFCL report census dynamic_unfished_spawning_biomass","Unfished spawning potential","kimsa","KIMSA / hybrid F"
1995,"dynamic_unfished_spawning_biomass",377533.4,"t","Region 1","MFCL report census dynamic_unfished_spawning_biomass","Unfished spawning potential","kimsa","KIMSA / hybrid F"
1995,"dynamic_unfished_spawning_biomass",137126.2,"t","Region 2","MFCL report census dynamic_unfished_spawning_biomass","Unfished spawning potential","kimsa","KIMSA / hybrid F"
1996,"dynamic_unfished_spawning_biomass",381215.2,"t","Region 1","MFCL report census dynamic_unfished_spawning_biomass","Unfished spawning potential","kimsa","KIMSA / hybrid F"
1996,"dynamic_unfished_spawning_biomass",138942.1,"t","Region 2","MFCL report census dynamic_unfished_spawning_biomass","Unfished spawning potential","kimsa","KIMSA / hybrid F"
1997,"dynamic_unfished_spawning_biomass",391346,"t","Region 1","MFCL report census dynamic_unfished_spawning_biomass","Unfished spawning potential","kimsa","KIMSA / hybrid F"
1997,"dynamic_unfished_spawning_biomass",140392,"t","Region 2","MFCL report census dynamic_unfished_spawning_biomass","Unfished spawning potential","kimsa","KIMSA / hybrid F"
1998,"dynamic_unfished_spawning_biomass",415729.7,"t","Region 1","MFCL report census dynamic_unfished_spawning_biomass","Unfished spawning potential","kimsa","KIMSA / hybrid F"
1998,"dynamic_unfished_spawning_biomass",146059.1,"t","Region 2","MFCL report census dynamic_unfished_spawning_biomass","Unfished spawning potential","kimsa","KIMSA / hybrid F"
1999,"dynamic_unfished_spawning_biomass",430906.6,"t","Region 1","MFCL report census dynamic_unfished_spawning_biomass","Unfished spawning potential","kimsa","KIMSA / hybrid F"
1999,"dynamic_unfished_spawning_biomass",152327.8,"t","Region 2","MFCL report census dynamic_unfished_spawning_biomass","Unfished spawning potential","kimsa","KIMSA / hybrid F"
2000,"dynamic_unfished_spawning_biomass",416974,"t","Region 1","MFCL report census dynamic_unfished_spawning_biomass","Unfished spawning potential","kimsa","KIMSA / hybrid F"
2000,"dynamic_unfished_spawning_biomass",149904.5,"t","Region 2","MFCL report census dynamic_unfished_spawning_biomass","Unfished spawning potential","kimsa","KIMSA / hybrid F"
2001,"dynamic_unfished_spawning_biomass",390467.2,"t","Region 1","MFCL report census dynamic_unfished_spawning_biomass","Unfished spawning potential","kimsa","KIMSA / hybrid F"
2001,"dynamic_unfished_spawning_biomass",143044.1,"t","Region 2","MFCL report census dynamic_unfished_spawning_biomass","Unfished spawning potential","kimsa","KIMSA / hybrid F"
2002,"dynamic_unfished_spawning_biomass",384470.3,"t","Region 1","MFCL report census dynamic_unfished_spawning_biomass","Unfished spawning potential","kimsa","KIMSA / hybrid F"
2002,"dynamic_unfished_spawning_biomass",140342.6,"t","Region 2","MFCL report census dynamic_unfished_spawning_biomass","Unfished spawning potential","kimsa","KIMSA / hybrid F"
2003,"dynamic_unfished_spawning_biomass",407495.9,"t","Region 1","MFCL report census dynamic_unfished_spawning_biomass","Unfished spawning potential","kimsa","KIMSA / hybrid F"
2003,"dynamic_unfished_spawning_biomass",145711.7,"t","Region 2","MFCL report census dynamic_unfished_spawning_biomass","Unfished spawning potential","kimsa","KIMSA / hybrid F"
2004,"dynamic_unfished_spawning_biomass",400742.3,"t","Region 1","MFCL report census dynamic_unfished_spawning_biomass","Unfished spawning potential","kimsa","KIMSA / hybrid F"
2004,"dynamic_unfished_spawning_biomass",146263.9,"t","Region 2","MFCL report census dynamic_unfished_spawning_biomass","Unfished spawning potential","kimsa","KIMSA / hybrid F"
2005,"dynamic_unfished_spawning_biomass",434370,"t","Region 1","MFCL report census dynamic_unfished_spawning_biomass","Unfished spawning potential","kimsa","KIMSA / hybrid F"
2005,"dynamic_unfished_spawning_biomass",155153.4,"t","Region 2","MFCL report census dynamic_unfished_spawning_biomass","Unfished spawning potential","kimsa","KIMSA / hybrid F"
2006,"dynamic_unfished_spawning_biomass",483300.3,"t","Region 1","MFCL report census dynamic_unfished_spawning_biomass","Unfished spawning potential","kimsa","KIMSA / hybrid F"
2006,"dynamic_unfished_spawning_biomass",167988.8,"t","Region 2","MFCL report census dynamic_unfished_spawning_biomass","Unfished spawning potential","kimsa","KIMSA / hybrid F"
2007,"dynamic_unfished_spawning_biomass",500384.6,"t","Region 1","MFCL report census dynamic_unfished_spawning_biomass","Unfished spawning potential","kimsa","KIMSA / hybrid F"
2007,"dynamic_unfished_spawning_biomass",175904.7,"t","Region 2","MFCL report census dynamic_unfished_spawning_biomass","Unfished spawning potential","kimsa","KIMSA / hybrid F"
2008,"dynamic_unfished_spawning_biomass",477406.3,"t","Region 1","MFCL report census dynamic_unfished_spawning_biomass","Unfished spawning potential","kimsa","KIMSA / hybrid F"
2008,"dynamic_unfished_spawning_biomass",172059.3,"t","Region 2","MFCL report census dynamic_unfished_spawning_biomass","Unfished spawning potential","kimsa","KIMSA / hybrid F"
2009,"dynamic_unfished_spawning_biomass",463378.3,"t","Region 1","MFCL report census dynamic_unfished_spawning_biomass","Unfished spawning potential","kimsa","KIMSA / hybrid F"
2009,"dynamic_unfished_spawning_biomass",167144.6,"t","Region 2","MFCL report census dynamic_unfished_spawning_biomass","Unfished spawning potential","kimsa","KIMSA / hybrid F"
2010,"dynamic_unfished_spawning_biomass",485375.1,"t","Region 1","MFCL report census dynamic_unfished_spawning_biomass","Unfished spawning potential","kimsa","KIMSA / hybrid F"
2010,"dynamic_unfished_spawning_biomass",172531.2,"t","Region 2","MFCL report census dynamic_unfished_spawning_biomass","Unfished spawning potential","kimsa","KIMSA / hybrid F"
2011,"dynamic_unfished_spawning_biomass",518097.8,"t","Region 1","MFCL report census dynamic_unfished_spawning_biomass","Unfished spawning potential","kimsa","KIMSA / hybrid F"
2011,"dynamic_unfished_spawning_biomass",181360,"t","Region 2","MFCL report census dynamic_unfished_spawning_biomass","Unfished spawning potential","kimsa","KIMSA / hybrid F"
2012,"dynamic_unfished_spawning_biomass",520347.2,"t","Region 1","MFCL report census dynamic_unfished_spawning_biomass","Unfished spawning potential","kimsa","KIMSA / hybrid F"
2012,"dynamic_unfished_spawning_biomass",183549.8,"t","Region 2","MFCL report census dynamic_unfished_spawning_biomass","Unfished spawning potential","kimsa","KIMSA / hybrid F"
2013,"dynamic_unfished_spawning_biomass",533653.3,"t","Region 1","MFCL report census dynamic_unfished_spawning_biomass","Unfished spawning potential","kimsa","KIMSA / hybrid F"
2013,"dynamic_unfished_spawning_biomass",187295.4,"t","Region 2","MFCL report census dynamic_unfished_spawning_biomass","Unfished spawning potential","kimsa","KIMSA / hybrid F"
2014,"dynamic_unfished_spawning_biomass",562681.6,"t","Region 1","MFCL report census dynamic_unfished_spawning_biomass","Unfished spawning potential","kimsa","KIMSA / hybrid F"
2014,"dynamic_unfished_spawning_biomass",197045.9,"t","Region 2","MFCL report census dynamic_unfished_spawning_biomass","Unfished spawning potential","kimsa","KIMSA / hybrid F"
2015,"dynamic_unfished_spawning_biomass",577314,"t","Region 1","MFCL report census dynamic_unfished_spawning_biomass","Unfished spawning potential","kimsa","KIMSA / hybrid F"
2015,"dynamic_unfished_spawning_biomass",203576.8,"t","Region 2","MFCL report census dynamic_unfished_spawning_biomass","Unfished spawning potential","kimsa","KIMSA / hybrid F"
2016,"dynamic_unfished_spawning_biomass",557060.7,"t","Region 1","MFCL report census dynamic_unfished_spawning_biomass","Unfished spawning potential","kimsa","KIMSA / hybrid F"
2016,"dynamic_unfished_spawning_biomass",199816.3,"t","Region 2","MFCL report census dynamic_unfished_spawning_biomass","Unfished spawning potential","kimsa","KIMSA / hybrid F"
2017,"dynamic_unfished_spawning_biomass",537761.1,"t","Region 1","MFCL report census dynamic_unfished_spawning_biomass","Unfished spawning potential","kimsa","KIMSA / hybrid F"
2017,"dynamic_unfished_spawning_biomass",195720.2,"t","Region 2","MFCL report census dynamic_unfished_spawning_biomass","Unfished spawning potential","kimsa","KIMSA / hybrid F"
2018,"dynamic_unfished_spawning_biomass",535483.1,"t","Region 1","MFCL report census dynamic_unfished_spawning_biomass","Unfished spawning potential","kimsa","KIMSA / hybrid F"
2018,"dynamic_unfished_spawning_biomass",195753.6,"t","Region 2","MFCL report census dynamic_unfished_spawning_biomass","Unfished spawning potential","kimsa","KIMSA / hybrid F"
2019,"dynamic_unfished_spawning_biomass",522399.3,"t","Region 1","MFCL report census dynamic_unfished_spawning_biomass","Unfished spawning potential","kimsa","KIMSA / hybrid F"
2019,"dynamic_unfished_spawning_biomass",191138.9,"t","Region 2","MFCL report census dynamic_unfished_spawning_biomass","Unfished spawning potential","kimsa","KIMSA / hybrid F"
2020,"dynamic_unfished_spawning_biomass",481700.6,"t","Region 1","MFCL report census dynamic_unfished_spawning_biomass","Unfished spawning potential","kimsa","KIMSA / hybrid F"
2020,"dynamic_unfished_spawning_biomass",180372.7,"t","Region 2","MFCL report census dynamic_unfished_spawning_biomass","Unfished spawning potential","kimsa","KIMSA / hybrid F"
2021,"dynamic_unfished_spawning_biomass",466191.6,"t","Region 1","MFCL report census dynamic_unfished_spawning_biomass","Unfished spawning potential","kimsa","KIMSA / hybrid F"
2021,"dynamic_unfished_spawning_biomass",172867,"t","Region 2","MFCL report census dynamic_unfished_spawning_biomass","Unfished spawning potential","kimsa","KIMSA / hybrid F"
2022,"dynamic_unfished_spawning_biomass",503523.4,"t","Region 1","MFCL report census dynamic_unfished_spawning_biomass","Unfished spawning potential","kimsa","KIMSA / hybrid F"
2022,"dynamic_unfished_spawning_biomass",181414.2,"t","Region 2","MFCL report census dynamic_unfished_spawning_biomass","Unfished spawning potential","kimsa","KIMSA / hybrid F"
1954,"recruitment",126999600,"fish","Region 1","MFCL report census recruitment",,"kimsa","KIMSA / hybrid F"
1954,"recruitment",28072560,"fish","Region 2","MFCL report census recruitment",,"kimsa","KIMSA / hybrid F"
1955,"recruitment",126999600,"fish","Region 1","MFCL report census recruitment",,"kimsa","KIMSA / hybrid F"
1955,"recruitment",28072560,"fish","Region 2","MFCL report census recruitment",,"kimsa","KIMSA / hybrid F"
1956,"recruitment",123550300,"fish","Region 1","MFCL report census recruitment",,"kimsa","KIMSA / hybrid F"
1956,"recruitment",27310110,"fish","Region 2","MFCL report census recruitment",,"kimsa","KIMSA / hybrid F"
1957,"recruitment",75935030,"fish","Region 1","MFCL report census recruitment",,"kimsa","KIMSA / hybrid F"
1957,"recruitment",16785020,"fish","Region 2","MFCL report census recruitment",,"kimsa","KIMSA / hybrid F"
1958,"recruitment",95577210,"fish","Region 1","MFCL report census recruitment",,"kimsa","KIMSA / hybrid F"
1958,"recruitment",21126810,"fish","Region 2","MFCL report census recruitment",,"kimsa","KIMSA / hybrid F"
1959,"recruitment",37230990,"fish","Region 1","MFCL report census recruitment",,"kimsa","KIMSA / hybrid F"
1959,"recruitment",8229704,"fish","Region 2","MFCL report census recruitment",,"kimsa","KIMSA / hybrid F"
1960,"recruitment",21303820,"fish","Region 1","MFCL report census recruitment",,"kimsa","KIMSA / hybrid F"
1960,"recruitment",4709091,"fish","Region 2","MFCL report census recruitment",,"kimsa","KIMSA / hybrid F"
1961,"recruitment",61223820,"fish","Region 1","MFCL report census recruitment",,"kimsa","KIMSA / hybrid F"
1961,"recruitment",13533190,"fish","Region 2","MFCL report census recruitment",,"kimsa","KIMSA / hybrid F"
1962,"recruitment",88723290,"fish","Region 1","MFCL report census recruitment",,"kimsa","KIMSA / hybrid F"
1962,"recruitment",19611790,"fish","Region 2","MFCL report census recruitment",,"kimsa","KIMSA / hybrid F"
1963,"recruitment",114464500,"fish","Region 1","MFCL report census recruitment",,"kimsa","KIMSA / hybrid F"
1963,"recruitment",25301750,"fish","Region 2","MFCL report census recruitment",,"kimsa","KIMSA / hybrid F"
1964,"recruitment",43603120,"fish","Region 1","MFCL report census recruitment",,"kimsa","KIMSA / hybrid F"
1964,"recruitment",9638227,"fish","Region 2","MFCL report census recruitment",,"kimsa","KIMSA / hybrid F"
1965,"recruitment",12520060,"fish","Region 1","MFCL report census recruitment",,"kimsa","KIMSA / hybrid F"
1965,"recruitment",2767491,"fish","Region 2","MFCL report census recruitment",,"kimsa","KIMSA / hybrid F"
1966,"recruitment",53428080,"fish","Region 1","MFCL report census recruitment",,"kimsa","KIMSA / hybrid F"
1966,"recruitment",11809980,"fish","Region 2","MFCL report census recruitment",,"kimsa","KIMSA / hybrid F"
1967,"recruitment",41378470,"fish","Region 1","MFCL report census recruitment",,"kimsa","KIMSA / hybrid F"
1967,"recruitment",9146481,"fish","Region 2","MFCL report census recruitment",,"kimsa","KIMSA / hybrid F"
1968,"recruitment",45267120,"fish","Region 1","MFCL report census recruitment",,"kimsa","KIMSA / hybrid F"
1968,"recruitment",10006050,"fish","Region 2","MFCL report census recruitment",,"kimsa","KIMSA / hybrid F"
1969,"recruitment",38201650,"fish","Region 1","MFCL report census recruitment",,"kimsa","KIMSA / hybrid F"
1969,"recruitment",8444262,"fish","Region 2","MFCL report census recruitment",,"kimsa","KIMSA / hybrid F"
1970,"recruitment",29972190,"fish","Region 1","MFCL report census recruitment",,"kimsa","KIMSA / hybrid F"
1970,"recruitment",6625186,"fish","Region 2","MFCL report census recruitment",,"kimsa","KIMSA / hybrid F"
1971,"recruitment",31803720,"fish","Region 1","MFCL report census recruitment",,"kimsa","KIMSA / hybrid F"
1971,"recruitment",7030036,"fish","Region 2","MFCL report census recruitment",,"kimsa","KIMSA / hybrid F"
1972,"recruitment",32580990,"fish","Region 1","MFCL report census recruitment",,"kimsa","KIMSA / hybrid F"
1972,"recruitment",7201848,"fish","Region 2","MFCL report census recruitment",,"kimsa","KIMSA / hybrid F"
1973,"recruitment",56880700,"fish","Region 1","MFCL report census recruitment",,"kimsa","KIMSA / hybrid F"
1973,"recruitment",12573160,"fish","Region 2","MFCL report census recruitment",,"kimsa","KIMSA / hybrid F"
1974,"recruitment",93839070,"fish","Region 1","MFCL report census recruitment",,"kimsa","KIMSA / hybrid F"
1974,"recruitment",20742610,"fish","Region 2","MFCL report census recruitment",,"kimsa","KIMSA / hybrid F"
1975,"recruitment",45789250,"fish","Region 1","MFCL report census recruitment",,"kimsa","KIMSA / hybrid F"
1975,"recruitment",10121460,"fish","Region 2","MFCL report census recruitment",,"kimsa","KIMSA / hybrid F"
1976,"recruitment",24742180,"fish","Region 1","MFCL report census recruitment",,"kimsa","KIMSA / hybrid F"
1976,"recruitment",5469122,"fish","Region 2","MFCL report census recruitment",,"kimsa","KIMSA / hybrid F"
1977,"recruitment",24442010,"fish","Region 1","MFCL report census recruitment",,"kimsa","KIMSA / hybrid F"
1977,"recruitment",5402772,"fish","Region 2","MFCL report census recruitment",,"kimsa","KIMSA / hybrid F"
1978,"recruitment",29388650,"fish","Region 1","MFCL report census recruitment",,"kimsa","KIMSA / hybrid F"
1978,"recruitment",6496197,"fish","Region 2","MFCL report census recruitment",,"kimsa","KIMSA / hybrid F"
1979,"recruitment",38966810,"fish","Region 1","MFCL report census recruitment",,"kimsa","KIMSA / hybrid F"
1979,"recruitment",8613398,"fish","Region 2","MFCL report census recruitment",,"kimsa","KIMSA / hybrid F"
1980,"recruitment",55808390,"fish","Region 1","MFCL report census recruitment",,"kimsa","KIMSA / hybrid F"
1980,"recruitment",12336140,"fish","Region 2","MFCL report census recruitment",,"kimsa","KIMSA / hybrid F"
1981,"recruitment",45981840,"fish","Region 1","MFCL report census recruitment",,"kimsa","KIMSA / hybrid F"
1981,"recruitment",10164030,"fish","Region 2","MFCL report census recruitment",,"kimsa","KIMSA / hybrid F"
1982,"recruitment",37562050,"fish","Region 1","MFCL report census recruitment",,"kimsa","KIMSA / hybrid F"
1982,"recruitment",8302884,"fish","Region 2","MFCL report census recruitment",,"kimsa","KIMSA / hybrid F"
1983,"recruitment",41888000,"fish","Region 1","MFCL report census recruitment",,"kimsa","KIMSA / hybrid F"
1983,"recruitment",9259110,"fish","Region 2","MFCL report census recruitment",,"kimsa","KIMSA / hybrid F"
1984,"recruitment",50828590,"fish","Region 1","MFCL report census recruitment",,"kimsa","KIMSA / hybrid F"
1984,"recruitment",11235380,"fish","Region 2","MFCL report census recruitment",,"kimsa","KIMSA / hybrid F"
1985,"recruitment",24720190,"fish","Region 1","MFCL report census recruitment",,"kimsa","KIMSA / hybrid F"
1985,"recruitment",5464261,"fish","Region 2","MFCL report census recruitment",,"kimsa","KIMSA / hybrid F"
1986,"recruitment",41378930,"fish","Region 1","MFCL report census recruitment",,"kimsa","KIMSA / hybrid F"
1986,"recruitment",9146582,"fish","Region 2","MFCL report census recruitment",,"kimsa","KIMSA / hybrid F"
1987,"recruitment",47855340,"fish","Region 1","MFCL report census recruitment",,"kimsa","KIMSA / hybrid F"
1987,"recruitment",10578160,"fish","Region 2","MFCL report census recruitment",,"kimsa","KIMSA / hybrid F"
1988,"recruitment",56696570,"fish","Region 1","MFCL report census recruitment",,"kimsa","KIMSA / hybrid F"
1988,"recruitment",12532460,"fish","Region 2","MFCL report census recruitment",,"kimsa","KIMSA / hybrid F"
1989,"recruitment",65605650,"fish","Region 1","MFCL report census recruitment",,"kimsa","KIMSA / hybrid F"
1989,"recruitment",14501770,"fish","Region 2","MFCL report census recruitment",,"kimsa","KIMSA / hybrid F"
1990,"recruitment",32475960,"fish","Region 1","MFCL report census recruitment",,"kimsa","KIMSA / hybrid F"
1990,"recruitment",7178631,"fish","Region 2","MFCL report census recruitment",,"kimsa","KIMSA / hybrid F"
1991,"recruitment",66725110,"fish","Region 1","MFCL report census recruitment",,"kimsa","KIMSA / hybrid F"
1991,"recruitment",14749210,"fish","Region 2","MFCL report census recruitment",,"kimsa","KIMSA / hybrid F"
1992,"recruitment",47273320,"fish","Region 1","MFCL report census recruitment",,"kimsa","KIMSA / hybrid F"
1992,"recruitment",10449500,"fish","Region 2","MFCL report census recruitment",,"kimsa","KIMSA / hybrid F"
1993,"recruitment",52440810,"fish","Region 1","MFCL report census recruitment",,"kimsa","KIMSA / hybrid F"
1993,"recruitment",11591750,"fish","Region 2","MFCL report census recruitment",,"kimsa","KIMSA / hybrid F"
1994,"recruitment",64982530,"fish","Region 1","MFCL report census recruitment",,"kimsa","KIMSA / hybrid F"
1994,"recruitment",14364030,"fish","Region 2","MFCL report census recruitment",,"kimsa","KIMSA / hybrid F"
1995,"recruitment",73048160,"fish","Region 1","MFCL report census recruitment",,"kimsa","KIMSA / hybrid F"
1995,"recruitment",16146890,"fish","Region 2","MFCL report census recruitment",,"kimsa","KIMSA / hybrid F"
1996,"recruitment",42942900,"fish","Region 1","MFCL report census recruitment",,"kimsa","KIMSA / hybrid F"
1996,"recruitment",9492289,"fish","Region 2","MFCL report census recruitment",,"kimsa","KIMSA / hybrid F"
1997,"recruitment",45216280,"fish","Region 1","MFCL report census recruitment",,"kimsa","KIMSA / hybrid F"
1997,"recruitment",9994807,"fish","Region 2","MFCL report census recruitment",,"kimsa","KIMSA / hybrid F"
1998,"recruitment",28540830,"fish","Region 1","MFCL report census recruitment",,"kimsa","KIMSA / hybrid F"
1998,"recruitment",6308792,"fish","Region 2","MFCL report census recruitment",,"kimsa","KIMSA / hybrid F"
1999,"recruitment",96392960,"fish","Region 1","MFCL report census recruitment",,"kimsa","KIMSA / hybrid F"
1999,"recruitment",21307130,"fish","Region 2","MFCL report census recruitment",,"kimsa","KIMSA / hybrid F"
2000,"recruitment",24374380,"fish","Region 1","MFCL report census recruitment",,"kimsa","KIMSA / hybrid F"
2000,"recruitment",5387822,"fish","Region 2","MFCL report census recruitment",,"kimsa","KIMSA / hybrid F"
2001,"recruitment",76916880,"fish","Region 1","MFCL report census recruitment",,"kimsa","KIMSA / hybrid F"
2001,"recruitment",17002050,"fish","Region 2","MFCL report census recruitment",,"kimsa","KIMSA / hybrid F"
2002,"recruitment",88750970,"fish","Region 1","MFCL report census recruitment",,"kimsa","KIMSA / hybrid F"
2002,"recruitment",19617910,"fish","Region 2","MFCL report census recruitment",,"kimsa","KIMSA / hybrid F"
2003,"recruitment",80564710,"fish","Region 1","MFCL report census recruitment",,"kimsa","KIMSA / hybrid F"
2003,"recruitment",17808380,"fish","Region 2","MFCL report census recruitment",,"kimsa","KIMSA / hybrid F"
2004,"recruitment",43450160,"fish","Region 1","MFCL report census recruitment",,"kimsa","KIMSA / hybrid F"
2004,"recruitment",9604417,"fish","Region 2","MFCL report census recruitment",,"kimsa","KIMSA / hybrid F"
2005,"recruitment",49672350,"fish","Region 1","MFCL report census recruitment",,"kimsa","KIMSA / hybrid F"
2005,"recruitment",10979800,"fish","Region 2","MFCL report census recruitment",,"kimsa","KIMSA / hybrid F"
2006,"recruitment",70385520,"fish","Region 1","MFCL report census recruitment",,"kimsa","KIMSA / hybrid F"
2006,"recruitment",15558330,"fish","Region 2","MFCL report census recruitment",,"kimsa","KIMSA / hybrid F"
2007,"recruitment",98282160,"fish","Region 1","MFCL report census recruitment",,"kimsa","KIMSA / hybrid F"
2007,"recruitment",21724730,"fish","Region 2","MFCL report census recruitment",,"kimsa","KIMSA / hybrid F"
2008,"recruitment",56792150,"fish","Region 1","MFCL report census recruitment",,"kimsa","KIMSA / hybrid F"
2008,"recruitment",12553590,"fish","Region 2","MFCL report census recruitment",,"kimsa","KIMSA / hybrid F"
2009,"recruitment",72784030,"fish","Region 1","MFCL report census recruitment",,"kimsa","KIMSA / hybrid F"
2009,"recruitment",16088510,"fish","Region 2","MFCL report census recruitment",,"kimsa","KIMSA / hybrid F"
2010,"recruitment",88565910,"fish","Region 1","MFCL report census recruitment",,"kimsa","KIMSA / hybrid F"
2010,"recruitment",19577000,"fish","Region 2","MFCL report census recruitment",,"kimsa","KIMSA / hybrid F"
2011,"recruitment",91178410,"fish","Region 1","MFCL report census recruitment",,"kimsa","KIMSA / hybrid F"
2011,"recruitment",20154480,"fish","Region 2","MFCL report census recruitment",,"kimsa","KIMSA / hybrid F"
2012,"recruitment",57971540,"fish","Region 1","MFCL report census recruitment",,"kimsa","KIMSA / hybrid F"
2012,"recruitment",12814290,"fish","Region 2","MFCL report census recruitment",,"kimsa","KIMSA / hybrid F"
2013,"recruitment",58164380,"fish","Region 1","MFCL report census recruitment",,"kimsa","KIMSA / hybrid F"
2013,"recruitment",12856910,"fish","Region 2","MFCL report census recruitment",,"kimsa","KIMSA / hybrid F"
2014,"recruitment",76425230,"fish","Region 1","MFCL report census recruitment",,"kimsa","KIMSA / hybrid F"
2014,"recruitment",16893370,"fish","Region 2","MFCL report census recruitment",,"kimsa","KIMSA / hybrid F"
2015,"recruitment",70085540,"fish","Region 1","MFCL report census recruitment",,"kimsa","KIMSA / hybrid F"
2015,"recruitment",15492020,"fish","Region 2","MFCL report census recruitment",,"kimsa","KIMSA / hybrid F"
2016,"recruitment",44492120,"fish","Region 1","MFCL report census recruitment",,"kimsa","KIMSA / hybrid F"
2016,"recruitment",9834737,"fish","Region 2","MFCL report census recruitment",,"kimsa","KIMSA / hybrid F"
2017,"recruitment",37174470,"fish","Region 1","MFCL report census recruitment",,"kimsa","KIMSA / hybrid F"
2017,"recruitment",8217211,"fish","Region 2","MFCL report census recruitment",,"kimsa","KIMSA / hybrid F"
2018,"recruitment",99371080,"fish","Region 1","MFCL report census recruitment",,"kimsa","KIMSA / hybrid F"
2018,"recruitment",21965430,"fish","Region 2","MFCL report census recruitment",,"kimsa","KIMSA / hybrid F"
2019,"recruitment",80034900,"fish","Region 1","MFCL report census recruitment",,"kimsa","KIMSA / hybrid F"
2019,"recruitment",17691270,"fish","Region 2","MFCL report census recruitment",,"kimsa","KIMSA / hybrid F"
2020,"recruitment",74523100,"fish","Region 1","MFCL report census recruitment",,"kimsa","KIMSA / hybrid F"
2020,"recruitment",16472920,"fish","Region 2","MFCL report census recruitment",,"kimsa","KIMSA / hybrid F"
2021,"recruitment",64826100,"fish","Region 1","MFCL report census recruitment",,"kimsa","KIMSA / hybrid F"
2021,"recruitment",14329450,"fish","Region 2","MFCL report census recruitment",,"kimsa","KIMSA / hybrid F"
2022,"recruitment",58372580,"fish","Region 1","MFCL report census recruitment",,"kimsa","KIMSA / hybrid F"
2022,"recruitment",12902940,"fish","Region 2","MFCL report census recruitment",,"kimsa","KIMSA / hybrid F"
1954,"recruitment",155072160,"fish","all","MFCL report census recruitment",,"kimsa","KIMSA / hybrid F"
1955,"recruitment",155072160,"fish","all","MFCL report census recruitment",,"kimsa","KIMSA / hybrid F"
1956,"recruitment",150860410,"fish","all","MFCL report census recruitment",,"kimsa","KIMSA / hybrid F"
1957,"recruitment",92720050,"fish","all","MFCL report census recruitment",,"kimsa","KIMSA / hybrid F"
1958,"recruitment",116704020,"fish","all","MFCL report census recruitment",,"kimsa","KIMSA / hybrid F"
1959,"recruitment",45460694,"fish","all","MFCL report census recruitment",,"kimsa","KIMSA / hybrid F"
1960,"recruitment",26012911,"fish","all","MFCL report census recruitment",,"kimsa","KIMSA / hybrid F"
1961,"recruitment",74757010,"fish","all","MFCL report census recruitment",,"kimsa","KIMSA / hybrid F"
1962,"recruitment",108335080,"fish","all","MFCL report census recruitment",,"kimsa","KIMSA / hybrid F"
1963,"recruitment",139766250,"fish","all","MFCL report census recruitment",,"kimsa","KIMSA / hybrid F"
1964,"recruitment",53241347,"fish","all","MFCL report census recruitment",,"kimsa","KIMSA / hybrid F"
1965,"recruitment",15287551,"fish","all","MFCL report census recruitment",,"kimsa","KIMSA / hybrid F"
1966,"recruitment",65238060,"fish","all","MFCL report census recruitment",,"kimsa","KIMSA / hybrid F"
1967,"recruitment",50524951,"fish","all","MFCL report census recruitment",,"kimsa","KIMSA / hybrid F"
1968,"recruitment",55273170,"fish","all","MFCL report census recruitment",,"kimsa","KIMSA / hybrid F"
1969,"recruitment",46645912,"fish","all","MFCL report census recruitment",,"kimsa","KIMSA / hybrid F"
1970,"recruitment",36597376,"fish","all","MFCL report census recruitment",,"kimsa","KIMSA / hybrid F"
1971,"recruitment",38833756,"fish","all","MFCL report census recruitment",,"kimsa","KIMSA / hybrid F"
1972,"recruitment",39782838,"fish","all","MFCL report census recruitment",,"kimsa","KIMSA / hybrid F"
1973,"recruitment",69453860,"fish","all","MFCL report census recruitment",,"kimsa","KIMSA / hybrid F"
1974,"recruitment",114581680,"fish","all","MFCL report census recruitment",,"kimsa","KIMSA / hybrid F"
1975,"recruitment",55910710,"fish","all","MFCL report census recruitment",,"kimsa","KIMSA / hybrid F"
1976,"recruitment",30211302,"fish","all","MFCL report census recruitment",,"kimsa","KIMSA / hybrid F"
1977,"recruitment",29844782,"fish","all","MFCL report census recruitment",,"kimsa","KIMSA / hybrid F"
1978,"recruitment",35884847,"fish","all","MFCL report census recruitment",,"kimsa","KIMSA / hybrid F"
1979,"recruitment",47580208,"fish","all","MFCL report census recruitment",,"kimsa","KIMSA / hybrid F"
1980,"recruitment",68144530,"fish","all","MFCL report census recruitment",,"kimsa","KIMSA / hybrid F"
1981,"recruitment",56145870,"fish","all","MFCL report census recruitment",,"kimsa","KIMSA / hybrid F"
1982,"recruitment",45864934,"fish","all","MFCL report census recruitment",,"kimsa","KIMSA / hybrid F"
1983,"recruitment",51147110,"fish","all","MFCL report census recruitment",,"kimsa","KIMSA / hybrid F"
1984,"recruitment",62063970,"fish","all","MFCL report census recruitment",,"kimsa","KIMSA / hybrid F"
1985,"recruitment",30184451,"fish","all","MFCL report census recruitment",,"kimsa","KIMSA / hybrid F"
1986,"recruitment",50525512,"fish","all","MFCL report census recruitment",,"kimsa","KIMSA / hybrid F"
1987,"recruitment",58433500,"fish","all","MFCL report census recruitment",,"kimsa","KIMSA / hybrid F"
1988,"recruitment",69229030,"fish","all","MFCL report census recruitment",,"kimsa","KIMSA / hybrid F"
1989,"recruitment",80107420,"fish","all","MFCL report census recruitment",,"kimsa","KIMSA / hybrid F"
1990,"recruitment",39654591,"fish","all","MFCL report census recruitment",,"kimsa","KIMSA / hybrid F"
1991,"recruitment",81474320,"fish","all","MFCL report census recruitment",,"kimsa","KIMSA / hybrid F"
1992,"recruitment",57722820,"fish","all","MFCL report census recruitment",,"kimsa","KIMSA / hybrid F"
1993,"recruitment",64032560,"fish","all","MFCL report census recruitment",,"kimsa","KIMSA / hybrid F"
1994,"recruitment",79346560,"fish","all","MFCL report census recruitment",,"kimsa","KIMSA / hybrid F"
1995,"recruitment",89195050,"fish","all","MFCL report census recruitment",,"kimsa","KIMSA / hybrid F"
1996,"recruitment",52435189,"fish","all","MFCL report census recruitment",,"kimsa","KIMSA / hybrid F"
1997,"recruitment",55211087,"fish","all","MFCL report census recruitment",,"kimsa","KIMSA / hybrid F"
1998,"recruitment",34849622,"fish","all","MFCL report census recruitment",,"kimsa","KIMSA / hybrid F"
1999,"recruitment",117700090,"fish","all","MFCL report census recruitment",,"kimsa","KIMSA / hybrid F"
2000,"recruitment",29762202,"fish","all","MFCL report census recruitment",,"kimsa","KIMSA / hybrid F"
2001,"recruitment",93918930,"fish","all","MFCL report census recruitment",,"kimsa","KIMSA / hybrid F"
2002,"recruitment",108368880,"fish","all","MFCL report census recruitment",,"kimsa","KIMSA / hybrid F"
2003,"recruitment",98373090,"fish","all","MFCL report census recruitment",,"kimsa","KIMSA / hybrid F"
2004,"recruitment",53054577,"fish","all","MFCL report census recruitment",,"kimsa","KIMSA / hybrid F"
2005,"recruitment",60652150,"fish","all","MFCL report census recruitment",,"kimsa","KIMSA / hybrid F"
2006,"recruitment",85943850,"fish","all","MFCL report census recruitment",,"kimsa","KIMSA / hybrid F"
2007,"recruitment",120006890,"fish","all","MFCL report census recruitment",,"kimsa","KIMSA / hybrid F"
2008,"recruitment",69345740,"fish","all","MFCL report census recruitment",,"kimsa","KIMSA / hybrid F"
2009,"recruitment",88872540,"fish","all","MFCL report census recruitment",,"kimsa","KIMSA / hybrid F"
2010,"recruitment",108142910,"fish","all","MFCL report census recruitment",,"kimsa","KIMSA / hybrid F"
2011,"recruitment",111332890,"fish","all","MFCL report census recruitment",,"kimsa","KIMSA / hybrid F"
2012,"recruitment",70785830,"fish","all","MFCL report census recruitment",,"kimsa","KIMSA / hybrid F"
2013,"recruitment",71021290,"fish","all","MFCL report census recruitment",,"kimsa","KIMSA / hybrid F"
2014,"recruitment",93318600,"fish","all","MFCL report census recruitment",,"kimsa","KIMSA / hybrid F"
2015,"recruitment",85577560,"fish","all","MFCL report census recruitment",,"kimsa","KIMSA / hybrid F"
2016,"recruitment",54326857,"fish","all","MFCL report census recruitment",,"kimsa","KIMSA / hybrid F"
2017,"recruitment",45391681,"fish","all","MFCL report census recruitment",,"kimsa","KIMSA / hybrid F"
2018,"recruitment",121336510,"fish","all","MFCL report census recruitment",,"kimsa","KIMSA / hybrid F"
2019,"recruitment",97726170,"fish","all","MFCL report census recruitment",,"kimsa","KIMSA / hybrid F"
2020,"recruitment",90996020,"fish","all","MFCL report census recruitment",,"kimsa","KIMSA / hybrid F"
2021,"recruitment",79155550,"fish","all","MFCL report census recruitment",,"kimsa","KIMSA / hybrid F"
2022,"recruitment",71275520,"fish","all","MFCL report census recruitment",,"kimsa","KIMSA / hybrid F"
1954,"dynamic_unfished_spawning_biomass",1332542.2,"t","all","MFCL report census dynamic_unfished_spawning_biomass","Unfished spawning potential","kimsa","KIMSA / hybrid F"
1955,"dynamic_unfished_spawning_biomass",1312834.3,"t","all","MFCL report census dynamic_unfished_spawning_biomass","Unfished spawning potential","kimsa","KIMSA / hybrid F"
1956,"dynamic_unfished_spawning_biomass",1297685,"t","all","MFCL report census dynamic_unfished_spawning_biomass","Unfished spawning potential","kimsa","KIMSA / hybrid F"
1957,"dynamic_unfished_spawning_biomass",1286485.5,"t","all","MFCL report census dynamic_unfished_spawning_biomass","Unfished spawning potential","kimsa","KIMSA / hybrid F"
1958,"dynamic_unfished_spawning_biomass",1278336,"t","all","MFCL report census dynamic_unfished_spawning_biomass","Unfished spawning potential","kimsa","KIMSA / hybrid F"
1959,"dynamic_unfished_spawning_biomass",1270453.5,"t","all","MFCL report census dynamic_unfished_spawning_biomass","Unfished spawning potential","kimsa","KIMSA / hybrid F"
1960,"dynamic_unfished_spawning_biomass",1232252.6,"t","all","MFCL report census dynamic_unfished_spawning_biomass","Unfished spawning potential","kimsa","KIMSA / hybrid F"
1961,"dynamic_unfished_spawning_biomass",1152990.4,"t","all","MFCL report census dynamic_unfished_spawning_biomass","Unfished spawning potential","kimsa","KIMSA / hybrid F"
1962,"dynamic_unfished_spawning_biomass",1058811.1,"t","all","MFCL report census dynamic_unfished_spawning_biomass","Unfished spawning potential","kimsa","KIMSA / hybrid F"
1963,"dynamic_unfished_spawning_biomass",909261.3,"t","all","MFCL report census dynamic_unfished_spawning_biomass","Unfished spawning potential","kimsa","KIMSA / hybrid F"
1964,"dynamic_unfished_spawning_biomass",773088.2,"t","all","MFCL report census dynamic_unfished_spawning_biomass","Unfished spawning potential","kimsa","KIMSA / hybrid F"
1965,"dynamic_unfished_spawning_biomass",723086.8,"t","all","MFCL report census dynamic_unfished_spawning_biomass","Unfished spawning potential","kimsa","KIMSA / hybrid F"
1966,"dynamic_unfished_spawning_biomass",752482.9,"t","all","MFCL report census dynamic_unfished_spawning_biomass","Unfished spawning potential","kimsa","KIMSA / hybrid F"
1967,"dynamic_unfished_spawning_biomass",784020.5,"t","all","MFCL report census dynamic_unfished_spawning_biomass","Unfished spawning potential","kimsa","KIMSA / hybrid F"
1968,"dynamic_unfished_spawning_biomass",718396,"t","all","MFCL report census dynamic_unfished_spawning_biomass","Unfished spawning potential","kimsa","KIMSA / hybrid F"
1969,"dynamic_unfished_spawning_biomass",622678,"t","all","MFCL report census dynamic_unfished_spawning_biomass","Unfished spawning potential","kimsa","KIMSA / hybrid F"
1970,"dynamic_unfished_spawning_biomass",571077.4,"t","all","MFCL report census dynamic_unfished_spawning_biomass","Unfished spawning potential","kimsa","KIMSA / hybrid F"
1971,"dynamic_unfished_spawning_biomass",534395.1,"t","all","MFCL report census dynamic_unfished_spawning_biomass","Unfished spawning potential","kimsa","KIMSA / hybrid F"
1972,"dynamic_unfished_spawning_biomass",506248.7,"t","all","MFCL report census dynamic_unfished_spawning_biomass","Unfished spawning potential","kimsa","KIMSA / hybrid F"
1973,"dynamic_unfished_spawning_biomass",473337.1,"t","all","MFCL report census dynamic_unfished_spawning_biomass","Unfished spawning potential","kimsa","KIMSA / hybrid F"
1974,"dynamic_unfished_spawning_biomass",436683.7,"t","all","MFCL report census dynamic_unfished_spawning_biomass","Unfished spawning potential","kimsa","KIMSA / hybrid F"
1975,"dynamic_unfished_spawning_biomass",407590.2,"t","all","MFCL report census dynamic_unfished_spawning_biomass","Unfished spawning potential","kimsa","KIMSA / hybrid F"
1976,"dynamic_unfished_spawning_biomass",402083.3,"t","all","MFCL report census dynamic_unfished_spawning_biomass","Unfished spawning potential","kimsa","KIMSA / hybrid F"
1977,"dynamic_unfished_spawning_biomass",452630,"t","all","MFCL report census dynamic_unfished_spawning_biomass","Unfished spawning potential","kimsa","KIMSA / hybrid F"
1978,"dynamic_unfished_spawning_biomass",522643.5,"t","all","MFCL report census dynamic_unfished_spawning_biomass","Unfished spawning potential","kimsa","KIMSA / hybrid F"
1979,"dynamic_unfished_spawning_biomass",523243.7,"t","all","MFCL report census dynamic_unfished_spawning_biomass","Unfished spawning potential","kimsa","KIMSA / hybrid F"
1980,"dynamic_unfished_spawning_biomass",476806.2,"t","all","MFCL report census dynamic_unfished_spawning_biomass","Unfished spawning potential","kimsa","KIMSA / hybrid F"
1981,"dynamic_unfished_spawning_biomass",427555.5,"t","all","MFCL report census dynamic_unfished_spawning_biomass","Unfished spawning potential","kimsa","KIMSA / hybrid F"
1982,"dynamic_unfished_spawning_biomass",397959.3,"t","all","MFCL report census dynamic_unfished_spawning_biomass","Unfished spawning potential","kimsa","KIMSA / hybrid F"
1983,"dynamic_unfished_spawning_biomass",399655.2,"t","all","MFCL report census dynamic_unfished_spawning_biomass","Unfished spawning potential","kimsa","KIMSA / hybrid F"
1984,"dynamic_unfished_spawning_biomass",422599.2,"t","all","MFCL report census dynamic_unfished_spawning_biomass","Unfished spawning potential","kimsa","KIMSA / hybrid F"
1985,"dynamic_unfished_spawning_biomass",432840.6,"t","all","MFCL report census dynamic_unfished_spawning_biomass","Unfished spawning potential","kimsa","KIMSA / hybrid F"
1986,"dynamic_unfished_spawning_biomass",430649.4,"t","all","MFCL report census dynamic_unfished_spawning_biomass","Unfished spawning potential","kimsa","KIMSA / hybrid F"
1987,"dynamic_unfished_spawning_biomass",435098.2,"t","all","MFCL report census dynamic_unfished_spawning_biomass","Unfished spawning potential","kimsa","KIMSA / hybrid F"
1988,"dynamic_unfished_spawning_biomass",435505,"t","all","MFCL report census dynamic_unfished_spawning_biomass","Unfished spawning potential","kimsa","KIMSA / hybrid F"
1989,"dynamic_unfished_spawning_biomass",416128,"t","all","MFCL report census dynamic_unfished_spawning_biomass","Unfished spawning potential","kimsa","KIMSA / hybrid F"
1990,"dynamic_unfished_spawning_biomass",414607.8,"t","all","MFCL report census dynamic_unfished_spawning_biomass","Unfished spawning potential","kimsa","KIMSA / hybrid F"
1991,"dynamic_unfished_spawning_biomass",432652,"t","all","MFCL report census dynamic_unfished_spawning_biomass","Unfished spawning potential","kimsa","KIMSA / hybrid F"
1992,"dynamic_unfished_spawning_biomass",468135.8,"t","all","MFCL report census dynamic_unfished_spawning_biomass","Unfished spawning potential","kimsa","KIMSA / hybrid F"
1993,"dynamic_unfished_spawning_biomass",492702.9,"t","all","MFCL report census dynamic_unfished_spawning_biomass","Unfished spawning potential","kimsa","KIMSA / hybrid F"
1994,"dynamic_unfished_spawning_biomass",495318,"t","all","MFCL report census dynamic_unfished_spawning_biomass","Unfished spawning potential","kimsa","KIMSA / hybrid F"
1995,"dynamic_unfished_spawning_biomass",514659.6,"t","all","MFCL report census dynamic_unfished_spawning_biomass","Unfished spawning potential","kimsa","KIMSA / hybrid F"
1996,"dynamic_unfished_spawning_biomass",520157.3,"t","all","MFCL report census dynamic_unfished_spawning_biomass","Unfished spawning potential","kimsa","KIMSA / hybrid F"
1997,"dynamic_unfished_spawning_biomass",531738,"t","all","MFCL report census dynamic_unfished_spawning_biomass","Unfished spawning potential","kimsa","KIMSA / hybrid F"
1998,"dynamic_unfished_spawning_biomass",561788.8,"t","all","MFCL report census dynamic_unfished_spawning_biomass","Unfished spawning potential","kimsa","KIMSA / hybrid F"
1999,"dynamic_unfished_spawning_biomass",583234.4,"t","all","MFCL report census dynamic_unfished_spawning_biomass","Unfished spawning potential","kimsa","KIMSA / hybrid F"
2000,"dynamic_unfished_spawning_biomass",566878.5,"t","all","MFCL report census dynamic_unfished_spawning_biomass","Unfished spawning potential","kimsa","KIMSA / hybrid F"
2001,"dynamic_unfished_spawning_biomass",533511.3,"t","all","MFCL report census dynamic_unfished_spawning_biomass","Unfished spawning potential","kimsa","KIMSA / hybrid F"
2002,"dynamic_unfished_spawning_biomass",524812.9,"t","all","MFCL report census dynamic_unfished_spawning_biomass","Unfished spawning potential","kimsa","KIMSA / hybrid F"
2003,"dynamic_unfished_spawning_biomass",553207.6,"t","all","MFCL report census dynamic_unfished_spawning_biomass","Unfished spawning potential","kimsa","KIMSA / hybrid F"
2004,"dynamic_unfished_spawning_biomass",547006.2,"t","all","MFCL report census dynamic_unfished_spawning_biomass","Unfished spawning potential","kimsa","KIMSA / hybrid F"
2005,"dynamic_unfished_spawning_biomass",589523.4,"t","all","MFCL report census dynamic_unfished_spawning_biomass","Unfished spawning potential","kimsa","KIMSA / hybrid F"
2006,"dynamic_unfished_spawning_biomass",651289.1,"t","all","MFCL report census dynamic_unfished_spawning_biomass","Unfished spawning potential","kimsa","KIMSA / hybrid F"
2007,"dynamic_unfished_spawning_biomass",676289.3,"t","all","MFCL report census dynamic_unfished_spawning_biomass","Unfished spawning potential","kimsa","KIMSA / hybrid F"
2008,"dynamic_unfished_spawning_biomass",649465.6,"t","all","MFCL report census dynamic_unfished_spawning_biomass","Unfished spawning potential","kimsa","KIMSA / hybrid F"
2009,"dynamic_unfished_spawning_biomass",630522.9,"t","all","MFCL report census dynamic_unfished_spawning_biomass","Unfished spawning potential","kimsa","KIMSA / hybrid F"
2010,"dynamic_unfished_spawning_biomass",657906.3,"t","all","MFCL report census dynamic_unfished_spawning_biomass","Unfished spawning potential","kimsa","KIMSA / hybrid F"
2011,"dynamic_unfished_spawning_biomass",699457.8,"t","all","MFCL report census dynamic_unfished_spawning_biomass","Unfished spawning potential","kimsa","KIMSA / hybrid F"
2012,"dynamic_unfished_spawning_biomass",703897,"t","all","MFCL report census dynamic_unfished_spawning_biomass","Unfished spawning potential","kimsa","KIMSA / hybrid F"
2013,"dynamic_unfished_spawning_biomass",720948.7,"t","all","MFCL report census dynamic_unfished_spawning_biomass","Unfished spawning potential","kimsa","KIMSA / hybrid F"
2014,"dynamic_unfished_spawning_biomass",759727.5,"t","all","MFCL report census dynamic_unfished_spawning_biomass","Unfished spawning potential","kimsa","KIMSA / hybrid F"
2015,"dynamic_unfished_spawning_biomass",780890.8,"t","all","MFCL report census dynamic_unfished_spawning_biomass","Unfished spawning potential","kimsa","KIMSA / hybrid F"
2016,"dynamic_unfished_spawning_biomass",756877,"t","all","MFCL report census dynamic_unfished_spawning_biomass","Unfished spawning potential","kimsa","KIMSA / hybrid F"
2017,"dynamic_unfished_spawning_biomass",733481.3,"t","all","MFCL report census dynamic_unfished_spawning_biomass","Unfished spawning potential","kimsa","KIMSA / hybrid F"
2018,"dynamic_unfished_spawning_biomass",731236.7,"t","all","MFCL report census dynamic_unfished_spawning_biomass","Unfished spawning potential","kimsa","KIMSA / hybrid F"
2019,"dynamic_unfished_spawning_biomass",713538.2,"t","all","MFCL report census dynamic_unfished_spawning_biomass","Unfished spawning potential","kimsa","KIMSA / hybrid F"
2020,"dynamic_unfished_spawning_biomass",662073.3,"t","all","MFCL report census dynamic_unfished_spawning_biomass","Unfished spawning potential","kimsa","KIMSA / hybrid F"
2021,"dynamic_unfished_spawning_biomass",639058.6,"t","all","MFCL report census dynamic_unfished_spawning_biomass","Unfished spawning potential","kimsa","KIMSA / hybrid F"
2022,"dynamic_unfished_spawning_biomass",684937.6,"t","all","MFCL report census dynamic_unfished_spawning_biomass","Unfished spawning potential","kimsa","KIMSA / hybrid F"
1954,"dynamic_unfished_total_biomass",2587022.9,"t","all","MFCL report census dynamic_unfished_total_biomass",,"kimsa","KIMSA / hybrid F"
1955,"dynamic_unfished_total_biomass",2565839.9,"t","all","MFCL report census dynamic_unfished_total_biomass",,"kimsa","KIMSA / hybrid F"
1956,"dynamic_unfished_total_biomass",2541533.8,"t","all","MFCL report census dynamic_unfished_total_biomass",,"kimsa","KIMSA / hybrid F"
1957,"dynamic_unfished_total_biomass",2408071.4,"t","all","MFCL report census dynamic_unfished_total_biomass",,"kimsa","KIMSA / hybrid F"
1958,"dynamic_unfished_total_biomass",2322846.4,"t","all","MFCL report census dynamic_unfished_total_biomass",,"kimsa","KIMSA / hybrid F"
1959,"dynamic_unfished_total_biomass",2103751.3,"t","all","MFCL report census dynamic_unfished_total_biomass",,"kimsa","KIMSA / hybrid F"
1960,"dynamic_unfished_total_biomass",1847630.9,"t","all","MFCL report census dynamic_unfished_total_biomass",,"kimsa","KIMSA / hybrid F"
1961,"dynamic_unfished_total_biomass",1690891.1,"t","all","MFCL report census dynamic_unfished_total_biomass",,"kimsa","KIMSA / hybrid F"
1962,"dynamic_unfished_total_biomass",1626752,"t","all","MFCL report census dynamic_unfished_total_biomass",,"kimsa","KIMSA / hybrid F"
1963,"dynamic_unfished_total_biomass",1638767,"t","all","MFCL report census dynamic_unfished_total_biomass",,"kimsa","KIMSA / hybrid F"
1964,"dynamic_unfished_total_biomass",1516288.2,"t","all","MFCL report census dynamic_unfished_total_biomass",,"kimsa","KIMSA / hybrid F"
1965,"dynamic_unfished_total_biomass",1351846.2,"t","all","MFCL report census dynamic_unfished_total_biomass",,"kimsa","KIMSA / hybrid F"
1966,"dynamic_unfished_total_biomass",1298416.5,"t","all","MFCL report census dynamic_unfished_total_biomass",,"kimsa","KIMSA / hybrid F"
1967,"dynamic_unfished_total_biomass",1217749.4,"t","all","MFCL report census dynamic_unfished_total_biomass",,"kimsa","KIMSA / hybrid F"
1968,"dynamic_unfished_total_biomass",1132197.7,"t","all","MFCL report census dynamic_unfished_total_biomass",,"kimsa","KIMSA / hybrid F"
1969,"dynamic_unfished_total_biomass",1045891.7,"t","all","MFCL report census dynamic_unfished_total_biomass",,"kimsa","KIMSA / hybrid F"
1970,"dynamic_unfished_total_biomass",968166.2,"t","all","MFCL report census dynamic_unfished_total_biomass",,"kimsa","KIMSA / hybrid F"
1971,"dynamic_unfished_total_biomass",902886.9,"t","all","MFCL report census dynamic_unfished_total_biomass",,"kimsa","KIMSA / hybrid F"
1972,"dynamic_unfished_total_biomass",850468.9,"t","all","MFCL report census dynamic_unfished_total_biomass",,"kimsa","KIMSA / hybrid F"
1973,"dynamic_unfished_total_biomass",864428.4,"t","all","MFCL report census dynamic_unfished_total_biomass",,"kimsa","KIMSA / hybrid F"
1974,"dynamic_unfished_total_biomass",978661,"t","all","MFCL report census dynamic_unfished_total_biomass",,"kimsa","KIMSA / hybrid F"
1975,"dynamic_unfished_total_biomass",986230.2,"t","all","MFCL report census dynamic_unfished_total_biomass",,"kimsa","KIMSA / hybrid F"
1976,"dynamic_unfished_total_biomass",945557.7,"t","all","MFCL report census dynamic_unfished_total_biomass",,"kimsa","KIMSA / hybrid F"
1977,"dynamic_unfished_total_biomass",907387.8,"t","all","MFCL report census dynamic_unfished_total_biomass",,"kimsa","KIMSA / hybrid F"
1978,"dynamic_unfished_total_biomass",874744.3,"t","all","MFCL report census dynamic_unfished_total_biomass",,"kimsa","KIMSA / hybrid F"
1979,"dynamic_unfished_total_biomass",843399.3,"t","all","MFCL report census dynamic_unfished_total_biomass",,"kimsa","KIMSA / hybrid F"
1980,"dynamic_unfished_total_biomass",854265.4,"t","all","MFCL report census dynamic_unfished_total_biomass",,"kimsa","KIMSA / hybrid F"
1981,"dynamic_unfished_total_biomass",853140.9,"t","all","MFCL report census dynamic_unfished_total_biomass",,"kimsa","KIMSA / hybrid F"
1982,"dynamic_unfished_total_biomass",841818.9,"t","all","MFCL report census dynamic_unfished_total_biomass",,"kimsa","KIMSA / hybrid F"
1983,"dynamic_unfished_total_biomass",848122.3,"t","all","MFCL report census dynamic_unfished_total_biomass",,"kimsa","KIMSA / hybrid F"
1984,"dynamic_unfished_total_biomass",878575.5,"t","all","MFCL report census dynamic_unfished_total_biomass",,"kimsa","KIMSA / hybrid F"
1985,"dynamic_unfished_total_biomass",837502.3,"t","all","MFCL report census dynamic_unfished_total_biomass",,"kimsa","KIMSA / hybrid F"
1986,"dynamic_unfished_total_biomass",833382.3,"t","all","MFCL report census dynamic_unfished_total_biomass",,"kimsa","KIMSA / hybrid F"
1987,"dynamic_unfished_total_biomass",847824,"t","all","MFCL report census dynamic_unfished_total_biomass",,"kimsa","KIMSA / hybrid F"
1988,"dynamic_unfished_total_biomass",885332.8,"t","all","MFCL report census dynamic_unfished_total_biomass",,"kimsa","KIMSA / hybrid F"
1989,"dynamic_unfished_total_biomass",940187.3,"t","all","MFCL report census dynamic_unfished_total_biomass",,"kimsa","KIMSA / hybrid F"
1990,"dynamic_unfished_total_biomass",921675.7,"t","all","MFCL report census dynamic_unfished_total_biomass",,"kimsa","KIMSA / hybrid F"
1991,"dynamic_unfished_total_biomass",986451.5,"t","all","MFCL report census dynamic_unfished_total_biomass",,"kimsa","KIMSA / hybrid F"
1992,"dynamic_unfished_total_biomass",1001263.9,"t","all","MFCL report census dynamic_unfished_total_biomass",,"kimsa","KIMSA / hybrid F"
1993,"dynamic_unfished_total_biomass",1020799,"t","all","MFCL report census dynamic_unfished_total_biomass",,"kimsa","KIMSA / hybrid F"
1994,"dynamic_unfished_total_biomass",1060622,"t","all","MFCL report census dynamic_unfished_total_biomass",,"kimsa","KIMSA / hybrid F"
1995,"dynamic_unfished_total_biomass",1126678.6,"t","all","MFCL report census dynamic_unfished_total_biomass",,"kimsa","KIMSA / hybrid F"
1996,"dynamic_unfished_total_biomass",1108896.4,"t","all","MFCL report census dynamic_unfished_total_biomass",,"kimsa","KIMSA / hybrid F"
1997,"dynamic_unfished_total_biomass",1094647.9,"t","all","MFCL report census dynamic_unfished_total_biomass",,"kimsa","KIMSA / hybrid F"
1998,"dynamic_unfished_total_biomass",1038033.3,"t","all","MFCL report census dynamic_unfished_total_biomass",,"kimsa","KIMSA / hybrid F"
1999,"dynamic_unfished_total_biomass",1140937.5,"t","all","MFCL report census dynamic_unfished_total_biomass",,"kimsa","KIMSA / hybrid F"
2000,"dynamic_unfished_total_biomass",1061914.5,"t","all","MFCL report census dynamic_unfished_total_biomass",,"kimsa","KIMSA / hybrid F"
2001,"dynamic_unfished_total_biomass",1113266.5,"t","all","MFCL report census dynamic_unfished_total_biomass",,"kimsa","KIMSA / hybrid F"
2002,"dynamic_unfished_total_biomass",1201269.3,"t","all","MFCL report census dynamic_unfished_total_biomass",,"kimsa","KIMSA / hybrid F"
2003,"dynamic_unfished_total_biomass",1281762.7,"t","all","MFCL report census dynamic_unfished_total_biomass",,"kimsa","KIMSA / hybrid F"
2004,"dynamic_unfished_total_biomass",1250258.7,"t","all","MFCL report census dynamic_unfished_total_biomass",,"kimsa","KIMSA / hybrid F"
2005,"dynamic_unfished_total_biomass",1244963.3,"t","all","MFCL report census dynamic_unfished_total_biomass",,"kimsa","KIMSA / hybrid F"
2006,"dynamic_unfished_total_biomass",1280348.1,"t","all","MFCL report census dynamic_unfished_total_biomass",,"kimsa","KIMSA / hybrid F"
2007,"dynamic_unfished_total_biomass",1370166.8,"t","all","MFCL report census dynamic_unfished_total_biomass",,"kimsa","KIMSA / hybrid F"
2008,"dynamic_unfished_total_biomass",1348649.7,"t","all","MFCL report census dynamic_unfished_total_biomass",,"kimsa","KIMSA / hybrid F"
2009,"dynamic_unfished_total_biomass",1372597.8,"t","all","MFCL report census dynamic_unfished_total_biomass",,"kimsa","KIMSA / hybrid F"
2010,"dynamic_unfished_total_biomass",1442262.6,"t","all","MFCL report census dynamic_unfished_total_biomass",,"kimsa","KIMSA / hybrid F"
2011,"dynamic_unfished_total_biomass",1514898.1,"t","all","MFCL report census dynamic_unfished_total_biomass",,"kimsa","KIMSA / hybrid F"
2012,"dynamic_unfished_total_biomass",1488745.6,"t","all","MFCL report census dynamic_unfished_total_biomass",,"kimsa","KIMSA / hybrid F"
2013,"dynamic_unfished_total_biomass",1463982.2,"t","all","MFCL report census dynamic_unfished_total_biomass",,"kimsa","KIMSA / hybrid F"
2014,"dynamic_unfished_total_biomass",1482043.5,"t","all","MFCL report census dynamic_unfished_total_biomass",,"kimsa","KIMSA / hybrid F"
2015,"dynamic_unfished_total_biomass",1476081.7,"t","all","MFCL report census dynamic_unfished_total_biomass",,"kimsa","KIMSA / hybrid F"
2016,"dynamic_unfished_total_biomass",1397309,"t","all","MFCL report census dynamic_unfished_total_biomass",,"kimsa","KIMSA / hybrid F"
2017,"dynamic_unfished_total_biomass",1306688.4,"t","all","MFCL report census dynamic_unfished_total_biomass",,"kimsa","KIMSA / hybrid F"
2018,"dynamic_unfished_total_biomass",1378776.1,"t","all","MFCL report census dynamic_unfished_total_biomass",,"kimsa","KIMSA / hybrid F"
2019,"dynamic_unfished_total_biomass",1404780.5,"t","all","MFCL report census dynamic_unfished_total_biomass",,"kimsa","KIMSA / hybrid F"
2020,"dynamic_unfished_total_biomass",1417264.8,"t","all","MFCL report census dynamic_unfished_total_biomass",,"kimsa","KIMSA / hybrid F"
2021,"dynamic_unfished_total_biomass",1417299.7,"t","all","MFCL report census dynamic_unfished_total_biomass",,"kimsa","KIMSA / hybrid F"
2022,"dynamic_unfished_total_biomass",1414605.9,"t","all","MFCL report census dynamic_unfished_total_biomass",,"kimsa","KIMSA / hybrid F"
1954,"spawning_biomass",1332542.2,"t","all","MFCL report census spawning_biomass","Spawning potential","kimsa","KIMSA / hybrid F"
1955,"spawning_biomass",1305815.6,"t","all","MFCL report census spawning_biomass","Spawning potential","kimsa","KIMSA / hybrid F"
1956,"spawning_biomass",1282626.1,"t","all","MFCL report census spawning_biomass","Spawning potential","kimsa","KIMSA / hybrid F"
1957,"spawning_biomass",1268269.4,"t","all","MFCL report census spawning_biomass","Spawning potential","kimsa","KIMSA / hybrid F"
1958,"spawning_biomass",1254849,"t","all","MFCL report census spawning_biomass","Spawning potential","kimsa","KIMSA / hybrid F"
1959,"spawning_biomass",1237657.8,"t","all","MFCL report census spawning_biomass","Spawning potential","kimsa","KIMSA / hybrid F"
1960,"spawning_biomass",1186108.2,"t","all","MFCL report census spawning_biomass","Spawning potential","kimsa","KIMSA / hybrid F"
1961,"spawning_biomass",1094731.5,"t","all","MFCL report census spawning_biomass","Spawning potential","kimsa","KIMSA / hybrid F"
1962,"spawning_biomass",989827.1,"t","all","MFCL report census spawning_biomass","Spawning potential","kimsa","KIMSA / hybrid F"
1963,"spawning_biomass",827663.8,"t","all","MFCL report census spawning_biomass","Spawning potential","kimsa","KIMSA / hybrid F"
1964,"spawning_biomass",684890.5,"t","all","MFCL report census spawning_biomass","Spawning potential","kimsa","KIMSA / hybrid F"
1965,"spawning_biomass",633532.8,"t","all","MFCL report census spawning_biomass","Spawning potential","kimsa","KIMSA / hybrid F"
1966,"spawning_biomass",660524.2,"t","all","MFCL report census spawning_biomass","Spawning potential","kimsa","KIMSA / hybrid F"
1967,"spawning_biomass",672383.3,"t","all","MFCL report census spawning_biomass","Spawning potential","kimsa","KIMSA / hybrid F"
1968,"spawning_biomass",587660.3,"t","all","MFCL report census spawning_biomass","Spawning potential","kimsa","KIMSA / hybrid F"
1969,"spawning_biomass",485908.6,"t","all","MFCL report census spawning_biomass","Spawning potential","kimsa","KIMSA / hybrid F"
1970,"spawning_biomass",438818.9,"t","all","MFCL report census spawning_biomass","Spawning potential","kimsa","KIMSA / hybrid F"
1971,"spawning_biomass",401650.8,"t","all","MFCL report census spawning_biomass","Spawning potential","kimsa","KIMSA / hybrid F"
1972,"spawning_biomass",365021.8,"t","all","MFCL report census spawning_biomass","Spawning potential","kimsa","KIMSA / hybrid F"
1973,"spawning_biomass",324951.13,"t","all","MFCL report census spawning_biomass","Spawning potential","kimsa","KIMSA / hybrid F"
1974,"spawning_biomass",280743.19,"t","all","MFCL report census spawning_biomass","Spawning potential","kimsa","KIMSA / hybrid F"
1975,"spawning_biomass",251701.9,"t","all","MFCL report census spawning_biomass","Spawning potential","kimsa","KIMSA / hybrid F"
1976,"spawning_biomass",262225.29,"t","all","MFCL report census spawning_biomass","Spawning potential","kimsa","KIMSA / hybrid F"
1977,"spawning_biomass",326120.49,"t","all","MFCL report census spawning_biomass","Spawning potential","kimsa","KIMSA / hybrid F"
1978,"spawning_biomass",389826.8,"t","all","MFCL report census spawning_biomass","Spawning potential","kimsa","KIMSA / hybrid F"
1979,"spawning_biomass",378707.7,"t","all","MFCL report census spawning_biomass","Spawning potential","kimsa","KIMSA / hybrid F"
1980,"spawning_biomass",335015.68,"t","all","MFCL report census spawning_biomass","Spawning potential","kimsa","KIMSA / hybrid F"
1981,"spawning_biomass",286147.19,"t","all","MFCL report census spawning_biomass","Spawning potential","kimsa","KIMSA / hybrid F"
1982,"spawning_biomass",258230.47,"t","all","MFCL report census spawning_biomass","Spawning potential","kimsa","KIMSA / hybrid F"
1983,"spawning_biomass",262511.22,"t","all","MFCL report census spawning_biomass","Spawning potential","kimsa","KIMSA / hybrid F"
1984,"spawning_biomass",291763.96,"t","all","MFCL report census spawning_biomass","Spawning potential","kimsa","KIMSA / hybrid F"
1985,"spawning_biomass",306669.31,"t","all","MFCL report census spawning_biomass","Spawning potential","kimsa","KIMSA / hybrid F"
1986,"spawning_biomass",306647.43,"t","all","MFCL report census spawning_biomass","Spawning potential","kimsa","KIMSA / hybrid F"
1987,"spawning_biomass",303943.85,"t","all","MFCL report census spawning_biomass","Spawning potential","kimsa","KIMSA / hybrid F"
1988,"spawning_biomass",303939.61,"t","all","MFCL report census spawning_biomass","Spawning potential","kimsa","KIMSA / hybrid F"
1989,"spawning_biomass",278362.52,"t","all","MFCL report census spawning_biomass","Spawning potential","kimsa","KIMSA / hybrid F"
1990,"spawning_biomass",268187.35,"t","all","MFCL report census spawning_biomass","Spawning potential","kimsa","KIMSA / hybrid F"
1991,"spawning_biomass",282464.94,"t","all","MFCL report census spawning_biomass","Spawning potential","kimsa","KIMSA / hybrid F"
1992,"spawning_biomass",308504.84,"t","all","MFCL report census spawning_biomass","Spawning potential","kimsa","KIMSA / hybrid F"
1993,"spawning_biomass",324483.9,"t","all","MFCL report census spawning_biomass","Spawning potential","kimsa","KIMSA / hybrid F"
1994,"spawning_biomass",326968.67,"t","all","MFCL report census spawning_biomass","Spawning potential","kimsa","KIMSA / hybrid F"
1995,"spawning_biomass",340610,"t","all","MFCL report census spawning_biomass","Spawning potential","kimsa","KIMSA / hybrid F"
1996,"spawning_biomass",350702.26,"t","all","MFCL report census spawning_biomass","Spawning potential","kimsa","KIMSA / hybrid F"
1997,"spawning_biomass",359925.55,"t","all","MFCL report census spawning_biomass","Spawning potential","kimsa","KIMSA / hybrid F"
1998,"spawning_biomass",386652.8,"t","all","MFCL report census spawning_biomass","Spawning potential","kimsa","KIMSA / hybrid F"
1999,"spawning_biomass",388052.1,"t","all","MFCL report census spawning_biomass","Spawning potential","kimsa","KIMSA / hybrid F"
2000,"spawning_biomass",376679.3,"t","all","MFCL report census spawning_biomass","Spawning potential","kimsa","KIMSA / hybrid F"
2001,"spawning_biomass",343124.78,"t","all","MFCL report census spawning_biomass","Spawning potential","kimsa","KIMSA / hybrid F"
2002,"spawning_biomass",322672.89,"t","all","MFCL report census spawning_biomass","Spawning potential","kimsa","KIMSA / hybrid F"
2003,"spawning_biomass",319949.21,"t","all","MFCL report census spawning_biomass","Spawning potential","kimsa","KIMSA / hybrid F"
2004,"spawning_biomass",302549.6,"t","all","MFCL report census spawning_biomass","Spawning potential","kimsa","KIMSA / hybrid F"
2005,"spawning_biomass",334034.33,"t","all","MFCL report census spawning_biomass","Spawning potential","kimsa","KIMSA / hybrid F"
2006,"spawning_biomass",376157.5,"t","all","MFCL report census spawning_biomass","Spawning potential","kimsa","KIMSA / hybrid F"
2007,"spawning_biomass",386582.3,"t","all","MFCL report census spawning_biomass","Spawning potential","kimsa","KIMSA / hybrid F"
2008,"spawning_biomass",359923.4,"t","all","MFCL report census spawning_biomass","Spawning potential","kimsa","KIMSA / hybrid F"
2009,"spawning_biomass",346573.41,"t","all","MFCL report census spawning_biomass","Spawning potential","kimsa","KIMSA / hybrid F"
2010,"spawning_biomass",359462.7,"t","all","MFCL report census spawning_biomass","Spawning potential","kimsa","KIMSA / hybrid F"
2011,"spawning_biomass",372875.2,"t","all","MFCL report census spawning_biomass","Spawning potential","kimsa","KIMSA / hybrid F"
2012,"spawning_biomass",382700,"t","all","MFCL report census spawning_biomass","Spawning potential","kimsa","KIMSA / hybrid F"
2013,"spawning_biomass",388454.7,"t","all","MFCL report census spawning_biomass","Spawning potential","kimsa","KIMSA / hybrid F"
2014,"spawning_biomass",413016.3,"t","all","MFCL report census spawning_biomass","Spawning potential","kimsa","KIMSA / hybrid F"
2015,"spawning_biomass",425087,"t","all","MFCL report census spawning_biomass","Spawning potential","kimsa","KIMSA / hybrid F"
2016,"spawning_biomass",390428.83,"t","all","MFCL report census spawning_biomass","Spawning potential","kimsa","KIMSA / hybrid F"
2017,"spawning_biomass",366696.94,"t","all","MFCL report census spawning_biomass","Spawning potential","kimsa","KIMSA / hybrid F"
2018,"spawning_biomass",359881.71,"t","all","MFCL report census spawning_biomass","Spawning potential","kimsa","KIMSA / hybrid F"
2019,"spawning_biomass",341431.76,"t","all","MFCL report census spawning_biomass","Spawning potential","kimsa","KIMSA / hybrid F"
2020,"spawning_biomass",299273.13,"t","all","MFCL report census spawning_biomass","Spawning potential","kimsa","KIMSA / hybrid F"
2021,"spawning_biomass",287414.62,"t","all","MFCL report census spawning_biomass","Spawning potential","kimsa","KIMSA / hybrid F"
2022,"spawning_biomass",340495.09,"t","all","MFCL report census spawning_biomass","Spawning potential","kimsa","KIMSA / hybrid F"
1954,"total_biomass",2587022.9,"t","all","MFCL report census total_biomass",,"kimsa","KIMSA / hybrid F"
1955,"total_biomass",2558457.2,"t","all","MFCL report census total_biomass",,"kimsa","KIMSA / hybrid F"
1956,"total_biomass",2525476.1,"t","all","MFCL report census total_biomass",,"kimsa","KIMSA / hybrid F"
1957,"total_biomass",2388755.4,"t","all","MFCL report census total_biomass",,"kimsa","KIMSA / hybrid F"
1958,"total_biomass",2297935.9,"t","all","MFCL report census total_biomass",,"kimsa","KIMSA / hybrid F"
1959,"total_biomass",2068547,"t","all","MFCL report census total_biomass",,"kimsa","KIMSA / hybrid F"
1960,"total_biomass",1798351.1,"t","all","MFCL report census total_biomass",,"kimsa","KIMSA / hybrid F"
1961,"total_biomass",1628867.7,"t","all","MFCL report census total_biomass",,"kimsa","KIMSA / hybrid F"
1962,"total_biomass",1553279.1,"t","all","MFCL report census total_biomass",,"kimsa","KIMSA / hybrid F"
1963,"total_biomass",1551732,"t","all","MFCL report census total_biomass",,"kimsa","KIMSA / hybrid F"
1964,"total_biomass",1421494.8,"t","all","MFCL report census total_biomass",,"kimsa","KIMSA / hybrid F"
1965,"total_biomass",1254818.8,"t","all","MFCL report census total_biomass",,"kimsa","KIMSA / hybrid F"
1966,"total_biomass",1197482.7,"t","all","MFCL report census total_biomass",,"kimsa","KIMSA / hybrid F"
1967,"total_biomass",1095214,"t","all","MFCL report census total_biomass",,"kimsa","KIMSA / hybrid F"
1968,"total_biomass",990706.2,"t","all","MFCL report census total_biomass",,"kimsa","KIMSA / hybrid F"
1969,"total_biomass",898321.2,"t","all","MFCL report census total_biomass",,"kimsa","KIMSA / hybrid F"
1970,"total_biomass",824389.3,"t","all","MFCL report census total_biomass",,"kimsa","KIMSA / hybrid F"
1971,"total_biomass",756807.1,"t","all","MFCL report census total_biomass",,"kimsa","KIMSA / hybrid F"
1972,"total_biomass",693831.2,"t","all","MFCL report census total_biomass",,"kimsa","KIMSA / hybrid F"
1973,"total_biomass",698217.8,"t","all","MFCL report census total_biomass",,"kimsa","KIMSA / hybrid F"
1974,"total_biomass",797813.8,"t","all","MFCL report census total_biomass",,"kimsa","KIMSA / hybrid F"
1975,"total_biomass",801318.3,"t","all","MFCL report census total_biomass",,"kimsa","KIMSA / hybrid F"
1976,"total_biomass",777436.3,"t","all","MFCL report census total_biomass",,"kimsa","KIMSA / hybrid F"
1977,"total_biomass",754781.2,"t","all","MFCL report census total_biomass",,"kimsa","KIMSA / hybrid F"
1978,"total_biomass",718678.8,"t","all","MFCL report census total_biomass",,"kimsa","KIMSA / hybrid F"
1979,"total_biomass",679350.7,"t","all","MFCL report census total_biomass",,"kimsa","KIMSA / hybrid F"
1980,"total_biomass",694680,"t","all","MFCL report census total_biomass",,"kimsa","KIMSA / hybrid F"
1981,"total_biomass",692725.8,"t","all","MFCL report census total_biomass",,"kimsa","KIMSA / hybrid F"
1982,"total_biomass",680558.6,"t","all","MFCL report census total_biomass",,"kimsa","KIMSA / hybrid F"
1983,"total_biomass",686457.4,"t","all","MFCL report census total_biomass",,"kimsa","KIMSA / hybrid F"
1984,"total_biomass",720352.7,"t","all","MFCL report census total_biomass",,"kimsa","KIMSA / hybrid F"
1985,"total_biomass",683290.1,"t","all","MFCL report census total_biomass",,"kimsa","KIMSA / hybrid F"
1986,"total_biomass",680478.2,"t","all","MFCL report census total_biomass",,"kimsa","KIMSA / hybrid F"
1987,"total_biomass",687799.9,"t","all","MFCL report census total_biomass",,"kimsa","KIMSA / hybrid F"
1988,"total_biomass",727357.2,"t","all","MFCL report census total_biomass",,"kimsa","KIMSA / hybrid F"
1989,"total_biomass",772316.7,"t","all","MFCL report census total_biomass",,"kimsa","KIMSA / hybrid F"
1990,"total_biomass",725775.9,"t","all","MFCL report census total_biomass",,"kimsa","KIMSA / hybrid F"
1991,"total_biomass",787719.9,"t","all","MFCL report census total_biomass",,"kimsa","KIMSA / hybrid F"
1992,"total_biomass",799737.4,"t","all","MFCL report census total_biomass",,"kimsa","KIMSA / hybrid F"
1993,"total_biomass",813432.9,"t","all","MFCL report census total_biomass",,"kimsa","KIMSA / hybrid F"
1994,"total_biomass",853741.4,"t","all","MFCL report census total_biomass",,"kimsa","KIMSA / hybrid F"
1995,"total_biomass",912145.4,"t","all","MFCL report census total_biomass",,"kimsa","KIMSA / hybrid F"
1996,"total_biomass",900811.2,"t","all","MFCL report census total_biomass",,"kimsa","KIMSA / hybrid F"
1997,"total_biomass",883948.1,"t","all","MFCL report census total_biomass",,"kimsa","KIMSA / hybrid F"
1998,"total_biomass",828677.9,"t","all","MFCL report census total_biomass",,"kimsa","KIMSA / hybrid F"
1999,"total_biomass",910213.7,"t","all","MFCL report census total_biomass",,"kimsa","KIMSA / hybrid F"
2000,"total_biomass",841665,"t","all","MFCL report census total_biomass",,"kimsa","KIMSA / hybrid F"
2001,"total_biomass",889497.7,"t","all","MFCL report census total_biomass",,"kimsa","KIMSA / hybrid F"
2002,"total_biomass",958729.2,"t","all","MFCL report census total_biomass",,"kimsa","KIMSA / hybrid F"
2003,"total_biomass",1002172.7,"t","all","MFCL report census total_biomass",,"kimsa","KIMSA / hybrid F"
2004,"total_biomass",957315.8,"t","all","MFCL report census total_biomass",,"kimsa","KIMSA / hybrid F"
2005,"total_biomass",938147,"t","all","MFCL report census total_biomass",,"kimsa","KIMSA / hybrid F"
2006,"total_biomass",953780.8,"t","all","MFCL report census total_biomass",,"kimsa","KIMSA / hybrid F"
2007,"total_biomass",1031981,"t","all","MFCL report census total_biomass",,"kimsa","KIMSA / hybrid F"
2008,"total_biomass",1014925.5,"t","all","MFCL report census total_biomass",,"kimsa","KIMSA / hybrid F"
2009,"total_biomass",1042094.9,"t","all","MFCL report census total_biomass",,"kimsa","KIMSA / hybrid F"
2010,"total_biomass",1092453,"t","all","MFCL report census total_biomass",,"kimsa","KIMSA / hybrid F"
2011,"total_biomass",1132900,"t","all","MFCL report census total_biomass",,"kimsa","KIMSA / hybrid F"
2012,"total_biomass",1114731.6,"t","all","MFCL report census total_biomass",,"kimsa","KIMSA / hybrid F"
2013,"total_biomass",1079659.3,"t","all","MFCL report census total_biomass",,"kimsa","KIMSA / hybrid F"
2014,"total_biomass",1083010.8,"t","all","MFCL report census total_biomass",,"kimsa","KIMSA / hybrid F"
2015,"total_biomass",1070372.7,"t","all","MFCL report census total_biomass",,"kimsa","KIMSA / hybrid F"
2016,"total_biomass",983521.5,"t","all","MFCL report census total_biomass",,"kimsa","KIMSA / hybrid F"
2017,"total_biomass",894107.2,"t","all","MFCL report census total_biomass",,"kimsa","KIMSA / hybrid F"
2018,"total_biomass",955576.8,"t","all","MFCL report census total_biomass",,"kimsa","KIMSA / hybrid F"
2019,"total_biomass",978263.9,"t","all","MFCL report census total_biomass",,"kimsa","KIMSA / hybrid F"
2020,"total_biomass",997059.3,"t","all","MFCL report census total_biomass",,"kimsa","KIMSA / hybrid F"
2021,"total_biomass",999855.4,"t","all","MFCL report census total_biomass",,"kimsa","KIMSA / hybrid F"
2022,"total_biomass",1003362.9,"t","all","MFCL report census total_biomass",,"kimsa","KIMSA / hybrid F"
1954,"dynamic_spawning_depletion",1,"ratio","Region 1","Ratio of spawning potential to dynamic unfished spawning potential at the same report census",,"kimsa","KIMSA / hybrid F"
1954,"dynamic_spawning_depletion",1,"ratio","Region 2","Ratio of spawning potential to dynamic unfished spawning potential at the same report census",,"kimsa","KIMSA / hybrid F"
1955,"dynamic_spawning_depletion",0.992985260102891,"ratio","Region 1","Ratio of spawning potential to dynamic unfished spawning potential at the same report census",,"kimsa","KIMSA / hybrid F"
1955,"dynamic_spawning_depletion",0.999385002833954,"ratio","Region 2","Ratio of spawning potential to dynamic unfished spawning potential at the same report census",,"kimsa","KIMSA / hybrid F"
1956,"dynamic_spawning_depletion",0.985653818196744,"ratio","Region 1","Ratio of spawning potential to dynamic unfished spawning potential at the same report census",,"kimsa","KIMSA / hybrid F"
1956,"dynamic_spawning_depletion",0.996037360528399,"ratio","Region 2","Ratio of spawning potential to dynamic unfished spawning potential at the same report census",,"kimsa","KIMSA / hybrid F"
1957,"dynamic_spawning_depletion",0.983567521016133,"ratio","Region 1","Ratio of spawning potential to dynamic unfished spawning potential at the same report census",,"kimsa","KIMSA / hybrid F"
1957,"dynamic_spawning_depletion",0.992123394591918,"ratio","Region 2","Ratio of spawning potential to dynamic unfished spawning potential at the same report census",,"kimsa","KIMSA / hybrid F"
1958,"dynamic_spawning_depletion",0.979118154202302,"ratio","Region 1","Ratio of spawning potential to dynamic unfished spawning potential at the same report census",,"kimsa","KIMSA / hybrid F"
1958,"dynamic_spawning_depletion",0.988557614874188,"ratio","Region 2","Ratio of spawning potential to dynamic unfished spawning potential at the same report census",,"kimsa","KIMSA / hybrid F"
1959,"dynamic_spawning_depletion",0.970261726738447,"ratio","Region 1","Ratio of spawning potential to dynamic unfished spawning potential at the same report census",,"kimsa","KIMSA / hybrid F"
1959,"dynamic_spawning_depletion",0.984907439640775,"ratio","Region 2","Ratio of spawning potential to dynamic unfished spawning potential at the same report census",,"kimsa","KIMSA / hybrid F"
1960,"dynamic_spawning_depletion",0.957159811139476,"ratio","Region 1","Ratio of spawning potential to dynamic unfished spawning potential at the same report census",,"kimsa","KIMSA / hybrid F"
1960,"dynamic_spawning_depletion",0.977055214062719,"ratio","Region 2","Ratio of spawning potential to dynamic unfished spawning potential at the same report census",,"kimsa","KIMSA / hybrid F"
1961,"dynamic_spawning_depletion",0.942570568811694,"ratio","Region 1","Ratio of spawning potential to dynamic unfished spawning potential at the same report census",,"kimsa","KIMSA / hybrid F"
1961,"dynamic_spawning_depletion",0.967664514289643,"ratio","Region 2","Ratio of spawning potential to dynamic unfished spawning potential at the same report census",,"kimsa","KIMSA / hybrid F"
1962,"dynamic_spawning_depletion",0.926529475214655,"ratio","Region 1","Ratio of spawning potential to dynamic unfished spawning potential at the same report census",,"kimsa","KIMSA / hybrid F"
1962,"dynamic_spawning_depletion",0.956321035820269,"ratio","Region 2","Ratio of spawning potential to dynamic unfished spawning potential at the same report census",,"kimsa","KIMSA / hybrid F"
1963,"dynamic_spawning_depletion",0.899804281060484,"ratio","Region 1","Ratio of spawning potential to dynamic unfished spawning potential at the same report census",,"kimsa","KIMSA / hybrid F"
1963,"dynamic_spawning_depletion",0.936180275378201,"ratio","Region 2","Ratio of spawning potential to dynamic unfished spawning potential at the same report census",,"kimsa","KIMSA / hybrid F"
1964,"dynamic_spawning_depletion",0.879973635687991,"ratio","Region 1","Ratio of spawning potential to dynamic unfished spawning potential at the same report census",,"kimsa","KIMSA / hybrid F"
1964,"dynamic_spawning_depletion",0.900285535253676,"ratio","Region 2","Ratio of spawning potential to dynamic unfished spawning potential at the same report census",,"kimsa","KIMSA / hybrid F"
1965,"dynamic_spawning_depletion",0.875755090385823,"ratio","Region 1","Ratio of spawning potential to dynamic unfished spawning potential at the same report census",,"kimsa","KIMSA / hybrid F"
1965,"dynamic_spawning_depletion",0.877132132479324,"ratio","Region 2","Ratio of spawning potential to dynamic unfished spawning potential at the same report census",,"kimsa","KIMSA / hybrid F"
1966,"dynamic_spawning_depletion",0.876023271152468,"ratio","Region 1","Ratio of spawning potential to dynamic unfished spawning potential at the same report census",,"kimsa","KIMSA / hybrid F"
1966,"dynamic_spawning_depletion",0.882434073134074,"ratio","Region 2","Ratio of spawning potential to dynamic unfished spawning potential at the same report census",,"kimsa","KIMSA / hybrid F"
1967,"dynamic_spawning_depletion",0.850646574560332,"ratio","Region 1","Ratio of spawning potential to dynamic unfished spawning potential at the same report census",,"kimsa","KIMSA / hybrid F"
1967,"dynamic_spawning_depletion",0.876269420323868,"ratio","Region 2","Ratio of spawning potential to dynamic unfished spawning potential at the same report census",,"kimsa","KIMSA / hybrid F"
1968,"dynamic_spawning_depletion",0.807432391366886,"ratio","Region 1","Ratio of spawning potential to dynamic unfished spawning potential at the same report census",,"kimsa","KIMSA / hybrid F"
1968,"dynamic_spawning_depletion",0.845432389226013,"ratio","Region 2","Ratio of spawning potential to dynamic unfished spawning potential at the same report census",,"kimsa","KIMSA / hybrid F"
1969,"dynamic_spawning_depletion",0.770199967977817,"ratio","Region 1","Ratio of spawning potential to dynamic unfished spawning potential at the same report census",,"kimsa","KIMSA / hybrid F"
1969,"dynamic_spawning_depletion",0.805844779340748,"ratio","Region 2","Ratio of spawning potential to dynamic unfished spawning potential at the same report census",,"kimsa","KIMSA / hybrid F"
1970,"dynamic_spawning_depletion",0.760509673802113,"ratio","Region 1","Ratio of spawning potential to dynamic unfished spawning potential at the same report census",,"kimsa","KIMSA / hybrid F"
1970,"dynamic_spawning_depletion",0.788294616921346,"ratio","Region 2","Ratio of spawning potential to dynamic unfished spawning potential at the same report census",,"kimsa","KIMSA / hybrid F"
1971,"dynamic_spawning_depletion",0.742664450152698,"ratio","Region 1","Ratio of spawning potential to dynamic unfished spawning potential at the same report census",,"kimsa","KIMSA / hybrid F"
1971,"dynamic_spawning_depletion",0.774265092775522,"ratio","Region 2","Ratio of spawning potential to dynamic unfished spawning potential at the same report census",,"kimsa","KIMSA / hybrid F"
1972,"dynamic_spawning_depletion",0.710873576452194,"ratio","Region 1","Ratio of spawning potential to dynamic unfished spawning potential at the same report census",,"kimsa","KIMSA / hybrid F"
1972,"dynamic_spawning_depletion",0.747008962573037,"ratio","Region 2","Ratio of spawning potential to dynamic unfished spawning potential at the same report census",,"kimsa","KIMSA / hybrid F"
1973,"dynamic_spawning_depletion",0.681441450024833,"ratio","Region 1","Ratio of spawning potential to dynamic unfished spawning potential at the same report census",,"kimsa","KIMSA / hybrid F"
1973,"dynamic_spawning_depletion",0.699446917263445,"ratio","Region 2","Ratio of spawning potential to dynamic unfished spawning potential at the same report census",,"kimsa","KIMSA / hybrid F"
1974,"dynamic_spawning_depletion",0.631875078216585,"ratio","Region 1","Ratio of spawning potential to dynamic unfished spawning potential at the same report census",,"kimsa","KIMSA / hybrid F"
1974,"dynamic_spawning_depletion",0.670867446085853,"ratio","Region 2","Ratio of spawning potential to dynamic unfished spawning potential at the same report census",,"kimsa","KIMSA / hybrid F"
1975,"dynamic_spawning_depletion",0.602871129091754,"ratio","Region 1","Ratio of spawning potential to dynamic unfished spawning potential at the same report census",,"kimsa","KIMSA / hybrid F"
1975,"dynamic_spawning_depletion",0.654814426028932,"ratio","Region 2","Ratio of spawning potential to dynamic unfished spawning potential at the same report census",,"kimsa","KIMSA / hybrid F"
1976,"dynamic_spawning_depletion",0.649874652241644,"ratio","Region 1","Ratio of spawning potential to dynamic unfished spawning potential at the same report census",,"kimsa","KIMSA / hybrid F"
1976,"dynamic_spawning_depletion",0.658155056549285,"ratio","Region 2","Ratio of spawning potential to dynamic unfished spawning potential at the same report census",,"kimsa","KIMSA / hybrid F"
1977,"dynamic_spawning_depletion",0.725207717320147,"ratio","Region 1","Ratio of spawning potential to dynamic unfished spawning potential at the same report census",,"kimsa","KIMSA / hybrid F"
1977,"dynamic_spawning_depletion",0.707377070448612,"ratio","Region 2","Ratio of spawning potential to dynamic unfished spawning potential at the same report census",,"kimsa","KIMSA / hybrid F"
1978,"dynamic_spawning_depletion",0.74484555767371,"ratio","Region 1","Ratio of spawning potential to dynamic unfished spawning potential at the same report census",,"kimsa","KIMSA / hybrid F"
1978,"dynamic_spawning_depletion",0.748828781081067,"ratio","Region 2","Ratio of spawning potential to dynamic unfished spawning potential at the same report census",,"kimsa","KIMSA / hybrid F"
1979,"dynamic_spawning_depletion",0.719941346687943,"ratio","Region 1","Ratio of spawning potential to dynamic unfished spawning potential at the same report census",,"kimsa","KIMSA / hybrid F"
1979,"dynamic_spawning_depletion",0.734419851682005,"ratio","Region 2","Ratio of spawning potential to dynamic unfished spawning potential at the same report census",,"kimsa","KIMSA / hybrid F"
1980,"dynamic_spawning_depletion",0.694728938157772,"ratio","Region 1","Ratio of spawning potential to dynamic unfished spawning potential at the same report census",,"kimsa","KIMSA / hybrid F"
1980,"dynamic_spawning_depletion",0.723685109237079,"ratio","Region 2","Ratio of spawning potential to dynamic unfished spawning potential at the same report census",,"kimsa","KIMSA / hybrid F"
1981,"dynamic_spawning_depletion",0.654197655312615,"ratio","Region 1","Ratio of spawning potential to dynamic unfished spawning potential at the same report census",,"kimsa","KIMSA / hybrid F"
1981,"dynamic_spawning_depletion",0.708356791643124,"ratio","Region 2","Ratio of spawning potential to dynamic unfished spawning potential at the same report census",,"kimsa","KIMSA / hybrid F"
1982,"dynamic_spawning_depletion",0.635205142656895,"ratio","Region 1","Ratio of spawning potential to dynamic unfished spawning potential at the same report census",,"kimsa","KIMSA / hybrid F"
1982,"dynamic_spawning_depletion",0.68430675135432,"ratio","Region 2","Ratio of spawning potential to dynamic unfished spawning potential at the same report census",,"kimsa","KIMSA / hybrid F"
1983,"dynamic_spawning_depletion",0.64854451848905,"ratio","Region 1","Ratio of spawning potential to dynamic unfished spawning potential at the same report census",,"kimsa","KIMSA / hybrid F"
1983,"dynamic_spawning_depletion",0.679096688385494,"ratio","Region 2","Ratio of spawning potential to dynamic unfished spawning potential at the same report census",,"kimsa","KIMSA / hybrid F"
1984,"dynamic_spawning_depletion",0.68740862696845,"ratio","Region 1","Ratio of spawning potential to dynamic unfished spawning potential at the same report census",,"kimsa","KIMSA / hybrid F"
1984,"dynamic_spawning_depletion",0.698661680421519,"ratio","Region 2","Ratio of spawning potential to dynamic unfished spawning potential at the same report census",,"kimsa","KIMSA / hybrid F"
1985,"dynamic_spawning_depletion",0.705465082588401,"ratio","Region 1","Ratio of spawning potential to dynamic unfished spawning potential at the same report census",,"kimsa","KIMSA / hybrid F"
1985,"dynamic_spawning_depletion",0.716940693048576,"ratio","Region 2","Ratio of spawning potential to dynamic unfished spawning potential at the same report census",,"kimsa","KIMSA / hybrid F"
1986,"dynamic_spawning_depletion",0.706506020591986,"ratio","Region 1","Ratio of spawning potential to dynamic unfished spawning potential at the same report census",,"kimsa","KIMSA / hybrid F"
1986,"dynamic_spawning_depletion",0.727415532445545,"ratio","Region 2","Ratio of spawning potential to dynamic unfished spawning potential at the same report census",,"kimsa","KIMSA / hybrid F"
1987,"dynamic_spawning_depletion",0.690002137262152,"ratio","Region 1","Ratio of spawning potential to dynamic unfished spawning potential at the same report census",,"kimsa","KIMSA / hybrid F"
1987,"dynamic_spawning_depletion",0.722509417974828,"ratio","Region 2","Ratio of spawning potential to dynamic unfished spawning potential at the same report census",,"kimsa","KIMSA / hybrid F"
1988,"dynamic_spawning_depletion",0.696915931104018,"ratio","Region 1","Ratio of spawning potential to dynamic unfished spawning potential at the same report census",,"kimsa","KIMSA / hybrid F"
1988,"dynamic_spawning_depletion",0.700577307417053,"ratio","Region 2","Ratio of spawning potential to dynamic unfished spawning potential at the same report census",,"kimsa","KIMSA / hybrid F"
1989,"dynamic_spawning_depletion",0.661948161989426,"ratio","Region 1","Ratio of spawning potential to dynamic unfished spawning potential at the same report census",,"kimsa","KIMSA / hybrid F"
1989,"dynamic_spawning_depletion",0.687908522118971,"ratio","Region 2","Ratio of spawning potential to dynamic unfished spawning potential at the same report census",,"kimsa","KIMSA / hybrid F"
1990,"dynamic_spawning_depletion",0.635938512733769,"ratio","Region 1","Ratio of spawning potential to dynamic unfished spawning potential at the same report census",,"kimsa","KIMSA / hybrid F"
1990,"dynamic_spawning_depletion",0.676689266514199,"ratio","Region 2","Ratio of spawning potential to dynamic unfished spawning potential at the same report census",,"kimsa","KIMSA / hybrid F"
1991,"dynamic_spawning_depletion",0.642536819302374,"ratio","Region 1","Ratio of spawning potential to dynamic unfished spawning potential at the same report census",,"kimsa","KIMSA / hybrid F"
1991,"dynamic_spawning_depletion",0.681909617229221,"ratio","Region 2","Ratio of spawning potential to dynamic unfished spawning potential at the same report census",,"kimsa","KIMSA / hybrid F"
1992,"dynamic_spawning_depletion",0.651609796458999,"ratio","Region 1","Ratio of spawning potential to dynamic unfished spawning potential at the same report census",,"kimsa","KIMSA / hybrid F"
1992,"dynamic_spawning_depletion",0.680052236691348,"ratio","Region 2","Ratio of spawning potential to dynamic unfished spawning potential at the same report census",,"kimsa","KIMSA / hybrid F"
1993,"dynamic_spawning_depletion",0.651860193170353,"ratio","Region 1","Ratio of spawning potential to dynamic unfished spawning potential at the same report census",,"kimsa","KIMSA / hybrid F"
1993,"dynamic_spawning_depletion",0.677319996739169,"ratio","Region 2","Ratio of spawning potential to dynamic unfished spawning potential at the same report census",,"kimsa","KIMSA / hybrid F"
1994,"dynamic_spawning_depletion",0.653637178791512,"ratio","Region 1","Ratio of spawning potential to dynamic unfished spawning potential at the same report census",,"kimsa","KIMSA / hybrid F"
1994,"dynamic_spawning_depletion",0.678045781956362,"ratio","Region 2","Ratio of spawning potential to dynamic unfished spawning potential at the same report census",,"kimsa","KIMSA / hybrid F"
1995,"dynamic_spawning_depletion",0.655225206564505,"ratio","Region 1","Ratio of spawning potential to dynamic unfished spawning potential at the same report census",,"kimsa","KIMSA / hybrid F"
1995,"dynamic_spawning_depletion",0.67996196204664,"ratio","Region 2","Ratio of spawning potential to dynamic unfished spawning potential at the same report census",,"kimsa","KIMSA / hybrid F"
1996,"dynamic_spawning_depletion",0.669417431414067,"ratio","Region 1","Ratio of spawning potential to dynamic unfished spawning potential at the same report census",,"kimsa","KIMSA / hybrid F"
1996,"dynamic_spawning_depletion",0.687409791560657,"ratio","Region 2","Ratio of spawning potential to dynamic unfished spawning potential at the same report census",,"kimsa","KIMSA / hybrid F"
1997,"dynamic_spawning_depletion",0.66967108390018,"ratio","Region 1","Ratio of spawning potential to dynamic unfished spawning potential at the same report census",,"kimsa","KIMSA / hybrid F"
1997,"dynamic_spawning_depletion",0.696994486865348,"ratio","Region 2","Ratio of spawning potential to dynamic unfished spawning potential at the same report census",,"kimsa","KIMSA / hybrid F"
1998,"dynamic_spawning_depletion",0.680845751458219,"ratio","Region 1","Ratio of spawning potential to dynamic unfished spawning potential at the same report census",,"kimsa","KIMSA / hybrid F"
1998,"dynamic_spawning_depletion",0.709336152283562,"ratio","Region 2","Ratio of spawning potential to dynamic unfished spawning potential at the same report census",,"kimsa","KIMSA / hybrid F"
1999,"dynamic_spawning_depletion",0.653468292200676,"ratio","Region 1","Ratio of spawning potential to dynamic unfished spawning potential at the same report census",,"kimsa","KIMSA / hybrid F"
1999,"dynamic_spawning_depletion",0.698942018462815,"ratio","Region 2","Ratio of spawning potential to dynamic unfished spawning potential at the same report census",,"kimsa","KIMSA / hybrid F"
2000,"dynamic_spawning_depletion",0.655784293505111,"ratio","Region 1","Ratio of spawning potential to dynamic unfished spawning potential at the same report census",,"kimsa","KIMSA / hybrid F"
2000,"dynamic_spawning_depletion",0.688667118065168,"ratio","Region 2","Ratio of spawning potential to dynamic unfished spawning potential at the same report census",,"kimsa","KIMSA / hybrid F"
2001,"dynamic_spawning_depletion",0.633815081010646,"ratio","Region 1","Ratio of spawning potential to dynamic unfished spawning potential at the same report census",,"kimsa","KIMSA / hybrid F"
2001,"dynamic_spawning_depletion",0.668610449504733,"ratio","Region 2","Ratio of spawning potential to dynamic unfished spawning potential at the same report census",,"kimsa","KIMSA / hybrid F"
2002,"dynamic_spawning_depletion",0.599671808199489,"ratio","Region 1","Ratio of spawning potential to dynamic unfished spawning potential at the same report census",,"kimsa","KIMSA / hybrid F"
2002,"dynamic_spawning_depletion",0.656371550762206,"ratio","Region 2","Ratio of spawning potential to dynamic unfished spawning potential at the same report census",,"kimsa","KIMSA / hybrid F"
2003,"dynamic_spawning_depletion",0.563030695523562,"ratio","Region 1","Ratio of spawning potential to dynamic unfished spawning potential at the same report census",,"kimsa","KIMSA / hybrid F"
2003,"dynamic_spawning_depletion",0.621202758597971,"ratio","Region 2","Ratio of spawning potential to dynamic unfished spawning potential at the same report census",,"kimsa","KIMSA / hybrid F"
2004,"dynamic_spawning_depletion",0.543118607643865,"ratio","Region 1","Ratio of spawning potential to dynamic unfished spawning potential at the same report census",,"kimsa","KIMSA / hybrid F"
2004,"dynamic_spawning_depletion",0.580450815272942,"ratio","Region 2","Ratio of spawning potential to dynamic unfished spawning potential at the same report census",,"kimsa","KIMSA / hybrid F"
2005,"dynamic_spawning_depletion",0.557407049289776,"ratio","Region 1","Ratio of spawning potential to dynamic unfished spawning potential at the same report census",,"kimsa","KIMSA / hybrid F"
2005,"dynamic_spawning_depletion",0.592403582518978,"ratio","Region 2","Ratio of spawning potential to dynamic unfished spawning potential at the same report census",,"kimsa","KIMSA / hybrid F"
2006,"dynamic_spawning_depletion",0.571029854523161,"ratio","Region 1","Ratio of spawning potential to dynamic unfished spawning potential at the same report census",,"kimsa","KIMSA / hybrid F"
2006,"dynamic_spawning_depletion",0.596340946539293,"ratio","Region 2","Ratio of spawning potential to dynamic unfished spawning potential at the same report census",,"kimsa","KIMSA / hybrid F"
2007,"dynamic_spawning_depletion",0.562166781311815,"ratio","Region 1","Ratio of spawning potential to dynamic unfished spawning potential at the same report census",,"kimsa","KIMSA / hybrid F"
2007,"dynamic_spawning_depletion",0.598521244742181,"ratio","Region 2","Ratio of spawning potential to dynamic unfished spawning potential at the same report census",,"kimsa","KIMSA / hybrid F"
2008,"dynamic_spawning_depletion",0.538478650156062,"ratio","Region 1","Ratio of spawning potential to dynamic unfished spawning potential at the same report census",,"kimsa","KIMSA / hybrid F"
2008,"dynamic_spawning_depletion",0.597760772012905,"ratio","Region 2","Ratio of spawning potential to dynamic unfished spawning potential at the same report census",,"kimsa","KIMSA / hybrid F"
2009,"dynamic_spawning_depletion",0.536660219090967,"ratio","Region 1","Ratio of spawning potential to dynamic unfished spawning potential at the same report census",,"kimsa","KIMSA / hybrid F"
2009,"dynamic_spawning_depletion",0.585700704659319,"ratio","Region 2","Ratio of spawning potential to dynamic unfished spawning potential at the same report census",,"kimsa","KIMSA / hybrid F"
2010,"dynamic_spawning_depletion",0.529037233265571,"ratio","Region 1","Ratio of spawning potential to dynamic unfished spawning potential at the same report census",,"kimsa","KIMSA / hybrid F"
2010,"dynamic_spawning_depletion",0.595145689591216,"ratio","Region 2","Ratio of spawning potential to dynamic unfished spawning potential at the same report census",,"kimsa","KIMSA / hybrid F"
2011,"dynamic_spawning_depletion",0.510452852723945,"ratio","Region 1","Ratio of spawning potential to dynamic unfished spawning potential at the same report census",,"kimsa","KIMSA / hybrid F"
2011,"dynamic_spawning_depletion",0.597765218350243,"ratio","Region 2","Ratio of spawning potential to dynamic unfished spawning potential at the same report census",,"kimsa","KIMSA / hybrid F"
2012,"dynamic_spawning_depletion",0.535141344087179,"ratio","Region 1","Ratio of spawning potential to dynamic unfished spawning potential at the same report census",,"kimsa","KIMSA / hybrid F"
2012,"dynamic_spawning_depletion",0.567915083535912,"ratio","Region 2","Ratio of spawning potential to dynamic unfished spawning potential at the same report census",,"kimsa","KIMSA / hybrid F"
2013,"dynamic_spawning_depletion",0.533198051993682,"ratio","Region 1","Ratio of spawning potential to dynamic unfished spawning potential at the same report census",,"kimsa","KIMSA / hybrid F"
2013,"dynamic_spawning_depletion",0.554801666244873,"ratio","Region 2","Ratio of spawning potential to dynamic unfished spawning potential at the same report census",,"kimsa","KIMSA / hybrid F"
2014,"dynamic_spawning_depletion",0.540632926329917,"ratio","Region 1","Ratio of spawning potential to dynamic unfished spawning potential at the same report census",,"kimsa","KIMSA / hybrid F"
2014,"dynamic_spawning_depletion",0.552217021516307,"ratio","Region 2","Ratio of spawning potential to dynamic unfished spawning potential at the same report census",,"kimsa","KIMSA / hybrid F"
2015,"dynamic_spawning_depletion",0.54403894587694,"ratio","Region 1","Ratio of spawning potential to dynamic unfished spawning potential at the same report census",,"kimsa","KIMSA / hybrid F"
2015,"dynamic_spawning_depletion",0.54527677024101,"ratio","Region 2","Ratio of spawning potential to dynamic unfished spawning potential at the same report census",,"kimsa","KIMSA / hybrid F"
2016,"dynamic_spawning_depletion",0.522104682667436,"ratio","Region 1","Ratio of spawning potential to dynamic unfished spawning potential at the same report census",,"kimsa","KIMSA / hybrid F"
2016,"dynamic_spawning_depletion",0.498381913787814,"ratio","Region 2","Ratio of spawning potential to dynamic unfished spawning potential at the same report census",,"kimsa","KIMSA / hybrid F"
2017,"dynamic_spawning_depletion",0.505578220514649,"ratio","Region 1","Ratio of spawning potential to dynamic unfished spawning potential at the same report census",,"kimsa","KIMSA / hybrid F"
2017,"dynamic_spawning_depletion",0.484449944359346,"ratio","Region 2","Ratio of spawning potential to dynamic unfished spawning potential at the same report census",,"kimsa","KIMSA / hybrid F"
2018,"dynamic_spawning_depletion",0.49612415405827,"ratio","Region 1","Ratio of spawning potential to dynamic unfished spawning potential at the same report census",,"kimsa","KIMSA / hybrid F"
2018,"dynamic_spawning_depletion",0.481296946773904,"ratio","Region 2","Ratio of spawning potential to dynamic unfished spawning potential at the same report census",,"kimsa","KIMSA / hybrid F"
2019,"dynamic_spawning_depletion",0.483593488735532,"ratio","Region 1","Ratio of spawning potential to dynamic unfished spawning potential at the same report census",,"kimsa","KIMSA / hybrid F"
2019,"dynamic_spawning_depletion",0.464598572033218,"ratio","Region 2","Ratio of spawning potential to dynamic unfished spawning potential at the same report census",,"kimsa","KIMSA / hybrid F"
2020,"dynamic_spawning_depletion",0.445943185455862,"ratio","Region 1","Ratio of spawning potential to dynamic unfished spawning potential at the same report census",,"kimsa","KIMSA / hybrid F"
2020,"dynamic_spawning_depletion",0.468263933511002,"ratio","Region 2","Ratio of spawning potential to dynamic unfished spawning potential at the same report census",,"kimsa","KIMSA / hybrid F"
2021,"dynamic_spawning_depletion",0.446840526513133,"ratio","Region 1","Ratio of spawning potential to dynamic unfished spawning potential at the same report census",,"kimsa","KIMSA / hybrid F"
2021,"dynamic_spawning_depletion",0.457584848467319,"ratio","Region 2","Ratio of spawning potential to dynamic unfished spawning potential at the same report census",,"kimsa","KIMSA / hybrid F"
2022,"dynamic_spawning_depletion",0.518905973386738,"ratio","Region 1","Ratio of spawning potential to dynamic unfished spawning potential at the same report census",,"kimsa","KIMSA / hybrid F"
2022,"dynamic_spawning_depletion",0.436646028811416,"ratio","Region 2","Ratio of spawning potential to dynamic unfished spawning potential at the same report census",,"kimsa","KIMSA / hybrid F"
1954,"dynamic_spawning_depletion",1,"ratio","all","Ratio of spawning potential to dynamic unfished spawning potential at the same report census",,"kimsa","KIMSA / hybrid F"
1955,"dynamic_spawning_depletion",0.994653780755119,"ratio","all","Ratio of spawning potential to dynamic unfished spawning potential at the same report census",,"kimsa","KIMSA / hybrid F"
1956,"dynamic_spawning_depletion",0.988395565950134,"ratio","all","Ratio of spawning potential to dynamic unfished spawning potential at the same report census",,"kimsa","KIMSA / hybrid F"
1957,"dynamic_spawning_depletion",0.985840415612924,"ratio","all","Ratio of spawning potential to dynamic unfished spawning potential at the same report census",,"kimsa","KIMSA / hybrid F"
1958,"dynamic_spawning_depletion",0.98162689621508,"ratio","all","Ratio of spawning potential to dynamic unfished spawning potential at the same report census",,"kimsa","KIMSA / hybrid F"
1959,"dynamic_spawning_depletion",0.974185832067053,"ratio","all","Ratio of spawning potential to dynamic unfished spawning potential at the same report census",,"kimsa","KIMSA / hybrid F"
1960,"dynamic_spawning_depletion",0.962552807760357,"ratio","all","Ratio of spawning potential to dynamic unfished spawning potential at the same report census",,"kimsa","KIMSA / hybrid F"
1961,"dynamic_spawning_depletion",0.949471478687073,"ratio","all","Ratio of spawning potential to dynamic unfished spawning potential at the same report census",,"kimsa","KIMSA / hybrid F"
1962,"dynamic_spawning_depletion",0.934847679628595,"ratio","all","Ratio of spawning potential to dynamic unfished spawning potential at the same report census",,"kimsa","KIMSA / hybrid F"
1963,"dynamic_spawning_depletion",0.910259570048786,"ratio","all","Ratio of spawning potential to dynamic unfished spawning potential at the same report census",,"kimsa","KIMSA / hybrid F"
1964,"dynamic_spawning_depletion",0.885915087049576,"ratio","all","Ratio of spawning potential to dynamic unfished spawning potential at the same report census",,"kimsa","KIMSA / hybrid F"
1965,"dynamic_spawning_depletion",0.876150415136883,"ratio","all","Ratio of spawning potential to dynamic unfished spawning potential at the same report census",,"kimsa","KIMSA / hybrid F"
1966,"dynamic_spawning_depletion",0.87779297044491,"ratio","all","Ratio of spawning potential to dynamic unfished spawning potential at the same report census",,"kimsa","KIMSA / hybrid F"
1967,"dynamic_spawning_depletion",0.857609335470182,"ratio","all","Ratio of spawning potential to dynamic unfished spawning potential at the same report census",,"kimsa","KIMSA / hybrid F"
1968,"dynamic_spawning_depletion",0.818017221699453,"ratio","all","Ratio of spawning potential to dynamic unfished spawning potential at the same report census",,"kimsa","KIMSA / hybrid F"
1969,"dynamic_spawning_depletion",0.780352927195115,"ratio","all","Ratio of spawning potential to dynamic unfished spawning potential at the same report census",,"kimsa","KIMSA / hybrid F"
1970,"dynamic_spawning_depletion",0.768405298476179,"ratio","all","Ratio of spawning potential to dynamic unfished spawning potential at the same report census",,"kimsa","KIMSA / hybrid F"
1971,"dynamic_spawning_depletion",0.75159895740062,"ratio","all","Ratio of spawning potential to dynamic unfished spawning potential at the same report census",,"kimsa","KIMSA / hybrid F"
1972,"dynamic_spawning_depletion",0.721032567589803,"ratio","all","Ratio of spawning potential to dynamic unfished spawning potential at the same report census",,"kimsa","KIMSA / hybrid F"
1973,"dynamic_spawning_depletion",0.686511008750423,"ratio","all","Ratio of spawning potential to dynamic unfished spawning potential at the same report census",,"kimsa","KIMSA / hybrid F"
1974,"dynamic_spawning_depletion",0.642898257938183,"ratio","all","Ratio of spawning potential to dynamic unfished spawning potential at the same report census",,"kimsa","KIMSA / hybrid F"
1975,"dynamic_spawning_depletion",0.617536682677847,"ratio","all","Ratio of spawning potential to dynamic unfished spawning potential at the same report census",,"kimsa","KIMSA / hybrid F"
1976,"dynamic_spawning_depletion",0.652166578417955,"ratio","all","Ratio of spawning potential to dynamic unfished spawning potential at the same report census",,"kimsa","KIMSA / hybrid F"
1977,"dynamic_spawning_depletion",0.720501270353269,"ratio","all","Ratio of spawning potential to dynamic unfished spawning potential at the same report census",,"kimsa","KIMSA / hybrid F"
1978,"dynamic_spawning_depletion",0.74587515199175,"ratio","all","Ratio of spawning potential to dynamic unfished spawning potential at the same report census",,"kimsa","KIMSA / hybrid F"
1979,"dynamic_spawning_depletion",0.723769249395645,"ratio","all","Ratio of spawning potential to dynamic unfished spawning potential at the same report census",,"kimsa","KIMSA / hybrid F"
1980,"dynamic_spawning_depletion",0.702624420571712,"ratio","all","Ratio of spawning potential to dynamic unfished spawning potential at the same report census",,"kimsa","KIMSA / hybrid F"
1981,"dynamic_spawning_depletion",0.669263265236911,"ratio","all","Ratio of spawning potential to dynamic unfished spawning potential at the same report census",,"kimsa","KIMSA / hybrid F"
1982,"dynamic_spawning_depletion",0.648886632376728,"ratio","all","Ratio of spawning potential to dynamic unfished spawning potential at the same report census",,"kimsa","KIMSA / hybrid F"
1983,"dynamic_spawning_depletion",0.656844249743279,"ratio","all","Ratio of spawning potential to dynamic unfished spawning potential at the same report census",,"kimsa","KIMSA / hybrid F"
1984,"dynamic_spawning_depletion",0.690403483963055,"ratio","all","Ratio of spawning potential to dynamic unfished spawning potential at the same report census",,"kimsa","KIMSA / hybrid F"
1985,"dynamic_spawning_depletion",0.708504031276179,"ratio","all","Ratio of spawning potential to dynamic unfished spawning potential at the same report census",,"kimsa","KIMSA / hybrid F"
1986,"dynamic_spawning_depletion",0.712058184685733,"ratio","all","Ratio of spawning potential to dynamic unfished spawning potential at the same report census",,"kimsa","KIMSA / hybrid F"
1987,"dynamic_spawning_depletion",0.69856379548341,"ratio","all","Ratio of spawning potential to dynamic unfished spawning potential at the same report census",,"kimsa","KIMSA / hybrid F"
1988,"dynamic_spawning_depletion",0.697901539591968,"ratio","all","Ratio of spawning potential to dynamic unfished spawning potential at the same report census",,"kimsa","KIMSA / hybrid F"
1989,"dynamic_spawning_depletion",0.668934846970163,"ratio","all","Ratio of spawning potential to dynamic unfished spawning potential at the same report census",,"kimsa","KIMSA / hybrid F"
1990,"dynamic_spawning_depletion",0.64684588664275,"ratio","all","Ratio of spawning potential to dynamic unfished spawning potential at the same report census",,"kimsa","KIMSA / hybrid F"
1991,"dynamic_spawning_depletion",0.652868679677894,"ratio","all","Ratio of spawning potential to dynamic unfished spawning potential at the same report census",,"kimsa","KIMSA / hybrid F"
1992,"dynamic_spawning_depletion",0.659007151343691,"ratio","all","Ratio of spawning potential to dynamic unfished spawning potential at the same report census",,"kimsa","KIMSA / hybrid F"
1993,"dynamic_spawning_depletion",0.658579237102116,"ratio","all","Ratio of spawning potential to dynamic unfished spawning potential at the same report census",,"kimsa","KIMSA / hybrid F"
1994,"dynamic_spawning_depletion",0.660118691426518,"ratio","all","Ratio of spawning potential to dynamic unfished spawning potential at the same report census",,"kimsa","KIMSA / hybrid F"
1995,"dynamic_spawning_depletion",0.661816081930659,"ratio","all","Ratio of spawning potential to dynamic unfished spawning potential at the same report census",,"kimsa","KIMSA / hybrid F"
1996,"dynamic_spawning_depletion",0.674223470477104,"ratio","all","Ratio of spawning potential to dynamic unfished spawning potential at the same report census",,"kimsa","KIMSA / hybrid F"
1997,"dynamic_spawning_depletion",0.6768851389218,"ratio","all","Ratio of spawning potential to dynamic unfished spawning potential at the same report census",,"kimsa","KIMSA / hybrid F"
1998,"dynamic_spawning_depletion",0.688252951999043,"ratio","all","Ratio of spawning potential to dynamic unfished spawning potential at the same report census",,"kimsa","KIMSA / hybrid F"
1999,"dynamic_spawning_depletion",0.665345013942936,"ratio","all","Ratio of spawning potential to dynamic unfished spawning potential at the same report census",,"kimsa","KIMSA / hybrid F"
2000,"dynamic_spawning_depletion",0.664479778294643,"ratio","all","Ratio of spawning potential to dynamic unfished spawning potential at the same report census",,"kimsa","KIMSA / hybrid F"
2001,"dynamic_spawning_depletion",0.643144353268619,"ratio","all","Ratio of spawning potential to dynamic unfished spawning potential at the same report census",,"kimsa","KIMSA / hybrid F"
2002,"dynamic_spawning_depletion",0.614834143749134,"ratio","all","Ratio of spawning potential to dynamic unfished spawning potential at the same report census",,"kimsa","KIMSA / hybrid F"
2003,"dynamic_spawning_depletion",0.578352882353749,"ratio","all","Ratio of spawning potential to dynamic unfished spawning potential at the same report census",,"kimsa","KIMSA / hybrid F"
2004,"dynamic_spawning_depletion",0.55310086064838,"ratio","all","Ratio of spawning potential to dynamic unfished spawning potential at the same report census",,"kimsa","KIMSA / hybrid F"
2005,"dynamic_spawning_depletion",0.566617593126922,"ratio","all","Ratio of spawning potential to dynamic unfished spawning potential at the same report census",,"kimsa","KIMSA / hybrid F"
2006,"dynamic_spawning_depletion",0.577558414535112,"ratio","all","Ratio of spawning potential to dynamic unfished spawning potential at the same report census",,"kimsa","KIMSA / hybrid F"
2007,"dynamic_spawning_depletion",0.571622676863289,"ratio","all","Ratio of spawning potential to dynamic unfished spawning potential at the same report census",,"kimsa","KIMSA / hybrid F"
2008,"dynamic_spawning_depletion",0.554183932143596,"ratio","all","Ratio of spawning potential to dynamic unfished spawning potential at the same report census",,"kimsa","KIMSA / hybrid F"
2009,"dynamic_spawning_depletion",0.549660305755747,"ratio","all","Ratio of spawning potential to dynamic unfished spawning potential at the same report census",,"kimsa","KIMSA / hybrid F"
2010,"dynamic_spawning_depletion",0.546373700935832,"ratio","all","Ratio of spawning potential to dynamic unfished spawning potential at the same report census",,"kimsa","KIMSA / hybrid F"
2011,"dynamic_spawning_depletion",0.533091774800424,"ratio","all","Ratio of spawning potential to dynamic unfished spawning potential at the same report census",,"kimsa","KIMSA / hybrid F"
2012,"dynamic_spawning_depletion",0.543687499733626,"ratio","all","Ratio of spawning potential to dynamic unfished spawning potential at the same report census",,"kimsa","KIMSA / hybrid F"
2013,"dynamic_spawning_depletion",0.53881045905208,"ratio","all","Ratio of spawning potential to dynamic unfished spawning potential at the same report census",,"kimsa","KIMSA / hybrid F"
2014,"dynamic_spawning_depletion",0.543637422628508,"ratio","all","Ratio of spawning potential to dynamic unfished spawning potential at the same report census",,"kimsa","KIMSA / hybrid F"
2015,"dynamic_spawning_depletion",0.544361644419425,"ratio","all","Ratio of spawning potential to dynamic unfished spawning potential at the same report census",,"kimsa","KIMSA / hybrid F"
2016,"dynamic_spawning_depletion",0.515841847486448,"ratio","all","Ratio of spawning potential to dynamic unfished spawning potential at the same report census",,"kimsa","KIMSA / hybrid F"
2017,"dynamic_spawning_depletion",0.499940407478691,"ratio","all","Ratio of spawning potential to dynamic unfished spawning potential at the same report census",,"kimsa","KIMSA / hybrid F"
2018,"dynamic_spawning_depletion",0.492154879534903,"ratio","all","Ratio of spawning potential to dynamic unfished spawning potential at the same report census",,"kimsa","KIMSA / hybrid F"
2019,"dynamic_spawning_depletion",0.478505229292559,"ratio","all","Ratio of spawning potential to dynamic unfished spawning potential at the same report census",,"kimsa","KIMSA / hybrid F"
2020,"dynamic_spawning_depletion",0.452024164091801,"ratio","all","Ratio of spawning potential to dynamic unfished spawning potential at the same report census",,"kimsa","KIMSA / hybrid F"
2021,"dynamic_spawning_depletion",0.449746893320894,"ratio","all","Ratio of spawning potential to dynamic unfished spawning potential at the same report census",,"kimsa","KIMSA / hybrid F"
2022,"dynamic_spawning_depletion",0.497118409034633,"ratio","all","Ratio of spawning potential to dynamic unfished spawning potential at the same report census",,"kimsa","KIMSA / hybrid F"
1954,"fishing_mortality",0.00184850659279973,"per year","Region 1","Population-number-weighted fishing mortality across ages and regions at report censuses, annualized from seasonal integrated F",,"kimsa","KIMSA / hybrid F"
1955,"fishing_mortality",0.00265343675848264,"per year","Region 1","Population-number-weighted fishing mortality across ages and regions at report censuses, annualized from seasonal integrated F",,"kimsa","KIMSA / hybrid F"
1956,"fishing_mortality",0.00176215854274472,"per year","Region 1","Population-number-weighted fishing mortality across ages and regions at report censuses, annualized from seasonal integrated F",,"kimsa","KIMSA / hybrid F"
1957,"fishing_mortality",0.00293083995841812,"per year","Region 1","Population-number-weighted fishing mortality across ages and regions at report censuses, annualized from seasonal integrated F",,"kimsa","KIMSA / hybrid F"
1958,"fishing_mortality",0.00507608869869849,"per year","Region 1","Population-number-weighted fishing mortality across ages and regions at report censuses, annualized from seasonal integrated F",,"kimsa","KIMSA / hybrid F"
1959,"fishing_mortality",0.0090957701367403,"per year","Region 1","Population-number-weighted fishing mortality across ages and regions at report censuses, annualized from seasonal integrated F",,"kimsa","KIMSA / hybrid F"
1960,"fishing_mortality",0.0134454663497985,"per year","Region 1","Population-number-weighted fishing mortality across ages and regions at report censuses, annualized from seasonal integrated F",,"kimsa","KIMSA / hybrid F"
1961,"fishing_mortality",0.0132237852431981,"per year","Region 1","Population-number-weighted fishing mortality across ages and regions at report censuses, annualized from seasonal integrated F",,"kimsa","KIMSA / hybrid F"
1962,"fishing_mortality",0.0121914187884702,"per year","Region 1","Population-number-weighted fishing mortality across ages and regions at report censuses, annualized from seasonal integrated F",,"kimsa","KIMSA / hybrid F"
1963,"fishing_mortality",0.00779799549508443,"per year","Region 1","Population-number-weighted fishing mortality across ages and regions at report censuses, annualized from seasonal integrated F",,"kimsa","KIMSA / hybrid F"
1964,"fishing_mortality",0.0086054045488505,"per year","Region 1","Population-number-weighted fishing mortality across ages and regions at report censuses, annualized from seasonal integrated F",,"kimsa","KIMSA / hybrid F"
1965,"fishing_mortality",0.0166970633328133,"per year","Region 1","Population-number-weighted fishing mortality across ages and regions at report censuses, annualized from seasonal integrated F",,"kimsa","KIMSA / hybrid F"
1966,"fishing_mortality",0.0274652436837403,"per year","Region 1","Population-number-weighted fishing mortality across ages and regions at report censuses, annualized from seasonal integrated F",,"kimsa","KIMSA / hybrid F"
1967,"fishing_mortality",0.0296264098640183,"per year","Region 1","Population-number-weighted fishing mortality across ages and regions at report censuses, annualized from seasonal integrated F",,"kimsa","KIMSA / hybrid F"
1968,"fishing_mortality",0.0237896517812356,"per year","Region 1","Population-number-weighted fishing mortality across ages and regions at report censuses, annualized from seasonal integrated F",,"kimsa","KIMSA / hybrid F"
1969,"fishing_mortality",0.0208390505153817,"per year","Region 1","Population-number-weighted fishing mortality across ages and regions at report censuses, annualized from seasonal integrated F",,"kimsa","KIMSA / hybrid F"
1970,"fishing_mortality",0.0291090467229211,"per year","Region 1","Population-number-weighted fishing mortality across ages and regions at report censuses, annualized from seasonal integrated F",,"kimsa","KIMSA / hybrid F"
1971,"fishing_mortality",0.0380712250880224,"per year","Region 1","Population-number-weighted fishing mortality across ages and regions at report censuses, annualized from seasonal integrated F",,"kimsa","KIMSA / hybrid F"
1972,"fishing_mortality",0.0354014272366838,"per year","Region 1","Population-number-weighted fishing mortality across ages and regions at report censuses, annualized from seasonal integrated F",,"kimsa","KIMSA / hybrid F"
1973,"fishing_mortality",0.0343477861900305,"per year","Region 1","Population-number-weighted fishing mortality across ages and regions at report censuses, annualized from seasonal integrated F",,"kimsa","KIMSA / hybrid F"
1974,"fishing_mortality",0.0223168862814285,"per year","Region 1","Population-number-weighted fishing mortality across ages and regions at report censuses, annualized from seasonal integrated F",,"kimsa","KIMSA / hybrid F"
1975,"fishing_mortality",0.013073699100456,"per year","Region 1","Population-number-weighted fishing mortality across ages and regions at report censuses, annualized from seasonal integrated F",,"kimsa","KIMSA / hybrid F"
1976,"fishing_mortality",0.0155159117924503,"per year","Region 1","Population-number-weighted fishing mortality across ages and regions at report censuses, annualized from seasonal integrated F",,"kimsa","KIMSA / hybrid F"
1977,"fishing_mortality",0.0347305646744842,"per year","Region 1","Population-number-weighted fishing mortality across ages and regions at report censuses, annualized from seasonal integrated F",,"kimsa","KIMSA / hybrid F"
1978,"fishing_mortality",0.0389947917090962,"per year","Region 1","Population-number-weighted fishing mortality across ages and regions at report censuses, annualized from seasonal integrated F",,"kimsa","KIMSA / hybrid F"
1979,"fishing_mortality",0.0270256566420085,"per year","Region 1","Population-number-weighted fishing mortality across ages and regions at report censuses, annualized from seasonal integrated F",,"kimsa","KIMSA / hybrid F"
1980,"fishing_mortality",0.025906626436785,"per year","Region 1","Population-number-weighted fishing mortality across ages and regions at report censuses, annualized from seasonal integrated F",,"kimsa","KIMSA / hybrid F"
1981,"fishing_mortality",0.0256840068597441,"per year","Region 1","Population-number-weighted fishing mortality across ages and regions at report censuses, annualized from seasonal integrated F",,"kimsa","KIMSA / hybrid F"
1982,"fishing_mortality",0.0266803177978898,"per year","Region 1","Population-number-weighted fishing mortality across ages and regions at report censuses, annualized from seasonal integrated F",,"kimsa","KIMSA / hybrid F"
1983,"fishing_mortality",0.0239275511776802,"per year","Region 1","Population-number-weighted fishing mortality across ages and regions at report censuses, annualized from seasonal integrated F",,"kimsa","KIMSA / hybrid F"
1984,"fishing_mortality",0.026579865954438,"per year","Region 1","Population-number-weighted fishing mortality across ages and regions at report censuses, annualized from seasonal integrated F",,"kimsa","KIMSA / hybrid F"
1985,"fishing_mortality",0.0351900131842554,"per year","Region 1","Population-number-weighted fishing mortality across ages and regions at report censuses, annualized from seasonal integrated F",,"kimsa","KIMSA / hybrid F"
1986,"fishing_mortality",0.0371610942229845,"per year","Region 1","Population-number-weighted fishing mortality across ages and regions at report censuses, annualized from seasonal integrated F",,"kimsa","KIMSA / hybrid F"
1987,"fishing_mortality",0.0221415869368584,"per year","Region 1","Population-number-weighted fishing mortality across ages and regions at report censuses, annualized from seasonal integrated F",,"kimsa","KIMSA / hybrid F"
1988,"fishing_mortality",0.0319329932289881,"per year","Region 1","Population-number-weighted fishing mortality across ages and regions at report censuses, annualized from seasonal integrated F",,"kimsa","KIMSA / hybrid F"
1989,"fishing_mortality",0.0640464649248922,"per year","Region 1","Population-number-weighted fishing mortality across ages and regions at report censuses, annualized from seasonal integrated F",,"kimsa","KIMSA / hybrid F"
1990,"fishing_mortality",0.0392138532956954,"per year","Region 1","Population-number-weighted fishing mortality across ages and regions at report censuses, annualized from seasonal integrated F",,"kimsa","KIMSA / hybrid F"
1991,"fishing_mortality",0.0292298844034478,"per year","Region 1","Population-number-weighted fishing mortality across ages and regions at report censuses, annualized from seasonal integrated F",,"kimsa","KIMSA / hybrid F"
1992,"fishing_mortality",0.0351558180676344,"per year","Region 1","Population-number-weighted fishing mortality across ages and regions at report censuses, annualized from seasonal integrated F",,"kimsa","KIMSA / hybrid F"
1993,"fishing_mortality",0.0302835247445973,"per year","Region 1","Population-number-weighted fishing mortality across ages and regions at report censuses, annualized from seasonal integrated F",,"kimsa","KIMSA / hybrid F"
1994,"fishing_mortality",0.0331905323903262,"per year","Region 1","Population-number-weighted fishing mortality across ages and regions at report censuses, annualized from seasonal integrated F",,"kimsa","KIMSA / hybrid F"
1995,"fishing_mortality",0.0252666232633653,"per year","Region 1","Population-number-weighted fishing mortality across ages and regions at report censuses, annualized from seasonal integrated F",,"kimsa","KIMSA / hybrid F"
1996,"fishing_mortality",0.0355715582139582,"per year","Region 1","Population-number-weighted fishing mortality across ages and regions at report censuses, annualized from seasonal integrated F",,"kimsa","KIMSA / hybrid F"
1997,"fishing_mortality",0.0329322227664192,"per year","Region 1","Population-number-weighted fishing mortality across ages and regions at report censuses, annualized from seasonal integrated F",,"kimsa","KIMSA / hybrid F"
1998,"fishing_mortality",0.0582996229195885,"per year","Region 1","Population-number-weighted fishing mortality across ages and regions at report censuses, annualized from seasonal integrated F",,"kimsa","KIMSA / hybrid F"
1999,"fishing_mortality",0.0221329861469454,"per year","Region 1","Population-number-weighted fishing mortality across ages and regions at report censuses, annualized from seasonal integrated F",,"kimsa","KIMSA / hybrid F"
2000,"fishing_mortality",0.0408475756120249,"per year","Region 1","Population-number-weighted fishing mortality across ages and regions at report censuses, annualized from seasonal integrated F",,"kimsa","KIMSA / hybrid F"
2001,"fishing_mortality",0.0398802199860759,"per year","Region 1","Population-number-weighted fishing mortality across ages and regions at report censuses, annualized from seasonal integrated F",,"kimsa","KIMSA / hybrid F"
2002,"fishing_mortality",0.0438094917800766,"per year","Region 1","Population-number-weighted fishing mortality across ages and regions at report censuses, annualized from seasonal integrated F",,"kimsa","KIMSA / hybrid F"
2003,"fishing_mortality",0.0368742846252197,"per year","Region 1","Population-number-weighted fishing mortality across ages and regions at report censuses, annualized from seasonal integrated F",,"kimsa","KIMSA / hybrid F"
2004,"fishing_mortality",0.048052889602597,"per year","Region 1","Population-number-weighted fishing mortality across ages and regions at report censuses, annualized from seasonal integrated F",,"kimsa","KIMSA / hybrid F"
2005,"fishing_mortality",0.0539751668121705,"per year","Region 1","Population-number-weighted fishing mortality across ages and regions at report censuses, annualized from seasonal integrated F",,"kimsa","KIMSA / hybrid F"
2006,"fishing_mortality",0.0446824752973279,"per year","Region 1","Population-number-weighted fishing mortality across ages and regions at report censuses, annualized from seasonal integrated F",,"kimsa","KIMSA / hybrid F"
2007,"fishing_mortality",0.032075494354644,"per year","Region 1","Population-number-weighted fishing mortality across ages and regions at report censuses, annualized from seasonal integrated F",,"kimsa","KIMSA / hybrid F"
2008,"fishing_mortality",0.0360863030720389,"per year","Region 1","Population-number-weighted fishing mortality across ages and regions at report censuses, annualized from seasonal integrated F",,"kimsa","KIMSA / hybrid F"
2009,"fishing_mortality",0.047271144909702,"per year","Region 1","Population-number-weighted fishing mortality across ages and regions at report censuses, annualized from seasonal integrated F",,"kimsa","KIMSA / hybrid F"
2010,"fishing_mortality",0.0538837125186109,"per year","Region 1","Population-number-weighted fishing mortality across ages and regions at report censuses, annualized from seasonal integrated F",,"kimsa","KIMSA / hybrid F"
2011,"fishing_mortality",0.0311524472764848,"per year","Region 1","Population-number-weighted fishing mortality across ages and regions at report censuses, annualized from seasonal integrated F",,"kimsa","KIMSA / hybrid F"
2012,"fishing_mortality",0.0453561253463034,"per year","Region 1","Population-number-weighted fishing mortality across ages and regions at report censuses, annualized from seasonal integrated F",,"kimsa","KIMSA / hybrid F"
2013,"fishing_mortality",0.0523326893108585,"per year","Region 1","Population-number-weighted fishing mortality across ages and regions at report censuses, annualized from seasonal integrated F",,"kimsa","KIMSA / hybrid F"
2014,"fishing_mortality",0.0456502421410031,"per year","Region 1","Population-number-weighted fishing mortality across ages and regions at report censuses, annualized from seasonal integrated F",,"kimsa","KIMSA / hybrid F"
2015,"fishing_mortality",0.0448550315616516,"per year","Region 1","Population-number-weighted fishing mortality across ages and regions at report censuses, annualized from seasonal integrated F",,"kimsa","KIMSA / hybrid F"
2016,"fishing_mortality",0.0519902644756821,"per year","Region 1","Population-number-weighted fishing mortality across ages and regions at report censuses, annualized from seasonal integrated F",,"kimsa","KIMSA / hybrid F"
2017,"fishing_mortality",0.0680311318882744,"per year","Region 1","Population-number-weighted fishing mortality across ages and regions at report censuses, annualized from seasonal integrated F",,"kimsa","KIMSA / hybrid F"
2018,"fishing_mortality",0.0444405510491834,"per year","Region 1","Population-number-weighted fishing mortality across ages and regions at report censuses, annualized from seasonal integrated F",,"kimsa","KIMSA / hybrid F"
2019,"fishing_mortality",0.0426532003258597,"per year","Region 1","Population-number-weighted fishing mortality across ages and regions at report censuses, annualized from seasonal integrated F",,"kimsa","KIMSA / hybrid F"
2020,"fishing_mortality",0.0439837372455989,"per year","Region 1","Population-number-weighted fishing mortality across ages and regions at report censuses, annualized from seasonal integrated F",,"kimsa","KIMSA / hybrid F"
2021,"fishing_mortality",0.0340014257877783,"per year","Region 1","Population-number-weighted fishing mortality across ages and regions at report censuses, annualized from seasonal integrated F",,"kimsa","KIMSA / hybrid F"
2022,"fishing_mortality",0.0508047775624885,"per year","Region 1","Population-number-weighted fishing mortality across ages and regions at report censuses, annualized from seasonal integrated F",,"kimsa","KIMSA / hybrid F"
1954,"fishing_mortality",0,"per year","Region 2","Population-number-weighted fishing mortality across ages and regions at report censuses, annualized from seasonal integrated F",,"kimsa","KIMSA / hybrid F"
1955,"fishing_mortality",0,"per year","Region 2","Population-number-weighted fishing mortality across ages and regions at report censuses, annualized from seasonal integrated F",,"kimsa","KIMSA / hybrid F"
1956,"fishing_mortality",0,"per year","Region 2","Population-number-weighted fishing mortality across ages and regions at report censuses, annualized from seasonal integrated F",,"kimsa","KIMSA / hybrid F"
1957,"fishing_mortality",1.3427428525858e-05,"per year","Region 2","Population-number-weighted fishing mortality across ages and regions at report censuses, annualized from seasonal integrated F",,"kimsa","KIMSA / hybrid F"
1958,"fishing_mortality",0.000155004588594533,"per year","Region 2","Population-number-weighted fishing mortality across ages and regions at report censuses, annualized from seasonal integrated F",,"kimsa","KIMSA / hybrid F"
1959,"fishing_mortality",0.000532974866828977,"per year","Region 2","Population-number-weighted fishing mortality across ages and regions at report censuses, annualized from seasonal integrated F",,"kimsa","KIMSA / hybrid F"
1960,"fishing_mortality",0.000990848564435845,"per year","Region 2","Population-number-weighted fishing mortality across ages and regions at report censuses, annualized from seasonal integrated F",,"kimsa","KIMSA / hybrid F"
1961,"fishing_mortality",0.00103131656549498,"per year","Region 2","Population-number-weighted fishing mortality across ages and regions at report censuses, annualized from seasonal integrated F",,"kimsa","KIMSA / hybrid F"
1962,"fishing_mortality",0.00285109637055398,"per year","Region 2","Population-number-weighted fishing mortality across ages and regions at report censuses, annualized from seasonal integrated F",,"kimsa","KIMSA / hybrid F"
1963,"fishing_mortality",0.00731188413679349,"per year","Region 2","Population-number-weighted fishing mortality across ages and regions at report censuses, annualized from seasonal integrated F",,"kimsa","KIMSA / hybrid F"
1964,"fishing_mortality",0.0104311062529174,"per year","Region 2","Population-number-weighted fishing mortality across ages and regions at report censuses, annualized from seasonal integrated F",,"kimsa","KIMSA / hybrid F"
1965,"fishing_mortality",0.00697240029023631,"per year","Region 2","Population-number-weighted fishing mortality across ages and regions at report censuses, annualized from seasonal integrated F",,"kimsa","KIMSA / hybrid F"
1966,"fishing_mortality",0.008655016275129,"per year","Region 2","Population-number-weighted fishing mortality across ages and regions at report censuses, annualized from seasonal integrated F",,"kimsa","KIMSA / hybrid F"
1967,"fishing_mortality",0.0139363864022832,"per year","Region 2","Population-number-weighted fishing mortality across ages and regions at report censuses, annualized from seasonal integrated F",,"kimsa","KIMSA / hybrid F"
1968,"fishing_mortality",0.0140686568435285,"per year","Region 2","Population-number-weighted fishing mortality across ages and regions at report censuses, annualized from seasonal integrated F",,"kimsa","KIMSA / hybrid F"
1969,"fishing_mortality",0.00939670593752183,"per year","Region 2","Population-number-weighted fishing mortality across ages and regions at report censuses, annualized from seasonal integrated F",,"kimsa","KIMSA / hybrid F"
1970,"fishing_mortality",0.0107841914603616,"per year","Region 2","Population-number-weighted fishing mortality across ages and regions at report censuses, annualized from seasonal integrated F",,"kimsa","KIMSA / hybrid F"
1971,"fishing_mortality",0.0186773893897842,"per year","Region 2","Population-number-weighted fishing mortality across ages and regions at report censuses, annualized from seasonal integrated F",,"kimsa","KIMSA / hybrid F"
1972,"fishing_mortality",0.0337125518164932,"per year","Region 2","Population-number-weighted fishing mortality across ages and regions at report censuses, annualized from seasonal integrated F",,"kimsa","KIMSA / hybrid F"
1973,"fishing_mortality",0.0179107364881596,"per year","Region 2","Population-number-weighted fishing mortality across ages and regions at report censuses, annualized from seasonal integrated F",,"kimsa","KIMSA / hybrid F"
1974,"fishing_mortality",0.00673899164809009,"per year","Region 2","Population-number-weighted fishing mortality across ages and regions at report censuses, annualized from seasonal integrated F",,"kimsa","KIMSA / hybrid F"
1975,"fishing_mortality",0.00592624376340365,"per year","Region 2","Population-number-weighted fishing mortality across ages and regions at report censuses, annualized from seasonal integrated F",,"kimsa","KIMSA / hybrid F"
1976,"fishing_mortality",0.00613916660571922,"per year","Region 2","Population-number-weighted fishing mortality across ages and regions at report censuses, annualized from seasonal integrated F",,"kimsa","KIMSA / hybrid F"
1977,"fishing_mortality",0.00923686892507038,"per year","Region 2","Population-number-weighted fishing mortality across ages and regions at report censuses, annualized from seasonal integrated F",,"kimsa","KIMSA / hybrid F"
1978,"fishing_mortality",0.0233289017743896,"per year","Region 2","Population-number-weighted fishing mortality across ages and regions at report censuses, annualized from seasonal integrated F",,"kimsa","KIMSA / hybrid F"
1979,"fishing_mortality",0.00901482610534916,"per year","Region 2","Population-number-weighted fishing mortality across ages and regions at report censuses, annualized from seasonal integrated F",,"kimsa","KIMSA / hybrid F"
1980,"fishing_mortality",0.00755143372430235,"per year","Region 2","Population-number-weighted fishing mortality across ages and regions at report censuses, annualized from seasonal integrated F",,"kimsa","KIMSA / hybrid F"
1981,"fishing_mortality",0.00984931477907192,"per year","Region 2","Population-number-weighted fishing mortality across ages and regions at report censuses, annualized from seasonal integrated F",,"kimsa","KIMSA / hybrid F"
1982,"fishing_mortality",0.0108974900776926,"per year","Region 2","Population-number-weighted fishing mortality across ages and regions at report censuses, annualized from seasonal integrated F",,"kimsa","KIMSA / hybrid F"
1983,"fishing_mortality",0.00832438764074757,"per year","Region 2","Population-number-weighted fishing mortality across ages and regions at report censuses, annualized from seasonal integrated F",,"kimsa","KIMSA / hybrid F"
1984,"fishing_mortality",0.00585534381140484,"per year","Region 2","Population-number-weighted fishing mortality across ages and regions at report censuses, annualized from seasonal integrated F",,"kimsa","KIMSA / hybrid F"
1985,"fishing_mortality",0.00620291687342787,"per year","Region 2","Population-number-weighted fishing mortality across ages and regions at report censuses, annualized from seasonal integrated F",,"kimsa","KIMSA / hybrid F"
1986,"fishing_mortality",0.0106650932764763,"per year","Region 2","Population-number-weighted fishing mortality across ages and regions at report censuses, annualized from seasonal integrated F",,"kimsa","KIMSA / hybrid F"
1987,"fishing_mortality",0.0172424057086829,"per year","Region 2","Population-number-weighted fishing mortality across ages and regions at report censuses, annualized from seasonal integrated F",,"kimsa","KIMSA / hybrid F"
1988,"fishing_mortality",0.0113598803528589,"per year","Region 2","Population-number-weighted fishing mortality across ages and regions at report censuses, annualized from seasonal integrated F",,"kimsa","KIMSA / hybrid F"
1989,"fishing_mortality",0.0102359820396788,"per year","Region 2","Population-number-weighted fishing mortality across ages and regions at report censuses, annualized from seasonal integrated F",,"kimsa","KIMSA / hybrid F"
1990,"fishing_mortality",0.00755805797667694,"per year","Region 2","Population-number-weighted fishing mortality across ages and regions at report censuses, annualized from seasonal integrated F",,"kimsa","KIMSA / hybrid F"
1991,"fishing_mortality",0.0099948030687032,"per year","Region 2","Population-number-weighted fishing mortality across ages and regions at report censuses, annualized from seasonal integrated F",,"kimsa","KIMSA / hybrid F"
1992,"fishing_mortality",0.0137231706265601,"per year","Region 2","Population-number-weighted fishing mortality across ages and regions at report censuses, annualized from seasonal integrated F",,"kimsa","KIMSA / hybrid F"
1993,"fishing_mortality",0.0101557985197447,"per year","Region 2","Population-number-weighted fishing mortality across ages and regions at report censuses, annualized from seasonal integrated F",,"kimsa","KIMSA / hybrid F"
1994,"fishing_mortality",0.0121265015978966,"per year","Region 2","Population-number-weighted fishing mortality across ages and regions at report censuses, annualized from seasonal integrated F",,"kimsa","KIMSA / hybrid F"
1995,"fishing_mortality",0.00621815436236567,"per year","Region 2","Population-number-weighted fishing mortality across ages and regions at report censuses, annualized from seasonal integrated F",,"kimsa","KIMSA / hybrid F"
1996,"fishing_mortality",0.00688708674733972,"per year","Region 2","Population-number-weighted fishing mortality across ages and regions at report censuses, annualized from seasonal integrated F",,"kimsa","KIMSA / hybrid F"
1997,"fishing_mortality",0.00796988776892851,"per year","Region 2","Population-number-weighted fishing mortality across ages and regions at report censuses, annualized from seasonal integrated F",,"kimsa","KIMSA / hybrid F"
1998,"fishing_mortality",0.0183418754980998,"per year","Region 2","Population-number-weighted fishing mortality across ages and regions at report censuses, annualized from seasonal integrated F",,"kimsa","KIMSA / hybrid F"
1999,"fishing_mortality",0.00744655484456501,"per year","Region 2","Population-number-weighted fishing mortality across ages and regions at report censuses, annualized from seasonal integrated F",,"kimsa","KIMSA / hybrid F"
2000,"fishing_mortality",0.0149597940092101,"per year","Region 2","Population-number-weighted fishing mortality across ages and regions at report censuses, annualized from seasonal integrated F",,"kimsa","KIMSA / hybrid F"
2001,"fishing_mortality",0.0111251570859251,"per year","Region 2","Population-number-weighted fishing mortality across ages and regions at report censuses, annualized from seasonal integrated F",,"kimsa","KIMSA / hybrid F"
2002,"fishing_mortality",0.0219768455226143,"per year","Region 2","Population-number-weighted fishing mortality across ages and regions at report censuses, annualized from seasonal integrated F",,"kimsa","KIMSA / hybrid F"
2003,"fishing_mortality",0.0203178080397907,"per year","Region 2","Population-number-weighted fishing mortality across ages and regions at report censuses, annualized from seasonal integrated F",,"kimsa","KIMSA / hybrid F"
2004,"fishing_mortality",0.0195819561604583,"per year","Region 2","Population-number-weighted fishing mortality across ages and regions at report censuses, annualized from seasonal integrated F",,"kimsa","KIMSA / hybrid F"
2005,"fishing_mortality",0.0295886963171885,"per year","Region 2","Population-number-weighted fishing mortality across ages and regions at report censuses, annualized from seasonal integrated F",,"kimsa","KIMSA / hybrid F"
2006,"fishing_mortality",0.0193625714383732,"per year","Region 2","Population-number-weighted fishing mortality across ages and regions at report censuses, annualized from seasonal integrated F",,"kimsa","KIMSA / hybrid F"
2007,"fishing_mortality",0.00683584517165304,"per year","Region 2","Population-number-weighted fishing mortality across ages and regions at report censuses, annualized from seasonal integrated F",,"kimsa","KIMSA / hybrid F"
2008,"fishing_mortality",0.0125462228325783,"per year","Region 2","Population-number-weighted fishing mortality across ages and regions at report censuses, annualized from seasonal integrated F",,"kimsa","KIMSA / hybrid F"
2009,"fishing_mortality",0.0119053094645737,"per year","Region 2","Population-number-weighted fishing mortality across ages and regions at report censuses, annualized from seasonal integrated F",,"kimsa","KIMSA / hybrid F"
2010,"fishing_mortality",0.011885845740996,"per year","Region 2","Population-number-weighted fishing mortality across ages and regions at report censuses, annualized from seasonal integrated F",,"kimsa","KIMSA / hybrid F"
2011,"fishing_mortality",0.0187423690373461,"per year","Region 2","Population-number-weighted fishing mortality across ages and regions at report censuses, annualized from seasonal integrated F",,"kimsa","KIMSA / hybrid F"
2012,"fishing_mortality",0.0271522916252377,"per year","Region 2","Population-number-weighted fishing mortality across ages and regions at report censuses, annualized from seasonal integrated F",,"kimsa","KIMSA / hybrid F"
2013,"fishing_mortality",0.0328558363425296,"per year","Region 2","Population-number-weighted fishing mortality across ages and regions at report censuses, annualized from seasonal integrated F",,"kimsa","KIMSA / hybrid F"
2014,"fishing_mortality",0.032683805617631,"per year","Region 2","Population-number-weighted fishing mortality across ages and regions at report censuses, annualized from seasonal integrated F",,"kimsa","KIMSA / hybrid F"
2015,"fishing_mortality",0.0552284349603738,"per year","Region 2","Population-number-weighted fishing mortality across ages and regions at report censuses, annualized from seasonal integrated F",,"kimsa","KIMSA / hybrid F"
2016,"fishing_mortality",0.0502401629192168,"per year","Region 2","Population-number-weighted fishing mortality across ages and regions at report censuses, annualized from seasonal integrated F",,"kimsa","KIMSA / hybrid F"
2017,"fishing_mortality",0.0540653865848352,"per year","Region 2","Population-number-weighted fishing mortality across ages and regions at report censuses, annualized from seasonal integrated F",,"kimsa","KIMSA / hybrid F"
2018,"fishing_mortality",0.0401490851932304,"per year","Region 2","Population-number-weighted fishing mortality across ages and regions at report censuses, annualized from seasonal integrated F",,"kimsa","KIMSA / hybrid F"
2019,"fishing_mortality",0.0208430099386361,"per year","Region 2","Population-number-weighted fishing mortality across ages and regions at report censuses, annualized from seasonal integrated F",,"kimsa","KIMSA / hybrid F"
2020,"fishing_mortality",0.0268467460727223,"per year","Region 2","Population-number-weighted fishing mortality across ages and regions at report censuses, annualized from seasonal integrated F",,"kimsa","KIMSA / hybrid F"
2021,"fishing_mortality",0.0610752121649229,"per year","Region 2","Population-number-weighted fishing mortality across ages and regions at report censuses, annualized from seasonal integrated F",,"kimsa","KIMSA / hybrid F"
2022,"fishing_mortality",0.0253804893691503,"per year","Region 2","Population-number-weighted fishing mortality across ages and regions at report censuses, annualized from seasonal integrated F",,"kimsa","KIMSA / hybrid F"
1954,"fishing_mortality",0.00149125821462591,"per year","all","Population-number-weighted fishing mortality across ages and regions at report censuses, annualized from seasonal integrated F",,"kimsa","KIMSA / hybrid F"
1955,"fishing_mortality",0.00214465363888726,"per year","all","Population-number-weighted fishing mortality across ages and regions at report censuses, annualized from seasonal integrated F",,"kimsa","KIMSA / hybrid F"
1956,"fishing_mortality",0.00142545228932729,"per year","all","Population-number-weighted fishing mortality across ages and regions at report censuses, annualized from seasonal integrated F",,"kimsa","KIMSA / hybrid F"
1957,"fishing_mortality",0.00236952512114996,"per year","all","Population-number-weighted fishing mortality across ages and regions at report censuses, annualized from seasonal integrated F",,"kimsa","KIMSA / hybrid F"
1958,"fishing_mortality",0.00412138096473812,"per year","all","Population-number-weighted fishing mortality across ages and regions at report censuses, annualized from seasonal integrated F",,"kimsa","KIMSA / hybrid F"
1959,"fishing_mortality",0.00737643558858932,"per year","all","Population-number-weighted fishing mortality across ages and regions at report censuses, annualized from seasonal integrated F",,"kimsa","KIMSA / hybrid F"
1960,"fishing_mortality",0.0108173813430705,"per year","all","Population-number-weighted fishing mortality across ages and regions at report censuses, annualized from seasonal integrated F",,"kimsa","KIMSA / hybrid F"
1961,"fishing_mortality",0.0106593126808331,"per year","all","Population-number-weighted fishing mortality across ages and regions at report censuses, annualized from seasonal integrated F",,"kimsa","KIMSA / hybrid F"
1962,"fishing_mortality",0.0102943832083502,"per year","all","Population-number-weighted fishing mortality across ages and regions at report censuses, annualized from seasonal integrated F",,"kimsa","KIMSA / hybrid F"
1963,"fishing_mortality",0.00770311495595519,"per year","all","Population-number-weighted fishing mortality across ages and regions at report censuses, annualized from seasonal integrated F",,"kimsa","KIMSA / hybrid F"
1964,"fishing_mortality",0.00895809097972724,"per year","all","Population-number-weighted fishing mortality across ages and regions at report censuses, annualized from seasonal integrated F",,"kimsa","KIMSA / hybrid F"
1965,"fishing_mortality",0.014765900429306,"per year","all","Population-number-weighted fishing mortality across ages and regions at report censuses, annualized from seasonal integrated F",,"kimsa","KIMSA / hybrid F"
1966,"fishing_mortality",0.0236791731124958,"per year","all","Population-number-weighted fishing mortality across ages and regions at report censuses, annualized from seasonal integrated F",,"kimsa","KIMSA / hybrid F"
1967,"fishing_mortality",0.0264413535776839,"per year","all","Population-number-weighted fishing mortality across ages and regions at report censuses, annualized from seasonal integrated F",,"kimsa","KIMSA / hybrid F"
1968,"fishing_mortality",0.0218375405163801,"per year","all","Population-number-weighted fishing mortality across ages and regions at report censuses, annualized from seasonal integrated F",,"kimsa","KIMSA / hybrid F"
1969,"fishing_mortality",0.0185669601384355,"per year","all","Population-number-weighted fishing mortality across ages and regions at report censuses, annualized from seasonal integrated F",,"kimsa","KIMSA / hybrid F"
1970,"fishing_mortality",0.025468926074541,"per year","all","Population-number-weighted fishing mortality across ages and regions at report censuses, annualized from seasonal integrated F",,"kimsa","KIMSA / hybrid F"
1971,"fishing_mortality",0.0342103943769304,"per year","all","Population-number-weighted fishing mortality across ages and regions at report censuses, annualized from seasonal integrated F",,"kimsa","KIMSA / hybrid F"
1972,"fishing_mortality",0.0350663711168406,"per year","all","Population-number-weighted fishing mortality across ages and regions at report censuses, annualized from seasonal integrated F",,"kimsa","KIMSA / hybrid F"
1973,"fishing_mortality",0.0311888088925607,"per year","all","Population-number-weighted fishing mortality across ages and regions at report censuses, annualized from seasonal integrated F",,"kimsa","KIMSA / hybrid F"
1974,"fishing_mortality",0.0194076245540496,"per year","all","Population-number-weighted fishing mortality across ages and regions at report censuses, annualized from seasonal integrated F",,"kimsa","KIMSA / hybrid F"
1975,"fishing_mortality",0.0117586117877212,"per year","all","Population-number-weighted fishing mortality across ages and regions at report censuses, annualized from seasonal integrated F",,"kimsa","KIMSA / hybrid F"
1976,"fishing_mortality",0.0137825959689394,"per year","all","Population-number-weighted fishing mortality across ages and regions at report censuses, annualized from seasonal integrated F",,"kimsa","KIMSA / hybrid F"
1977,"fishing_mortality",0.0298669712612077,"per year","all","Population-number-weighted fishing mortality across ages and regions at report censuses, annualized from seasonal integrated F",,"kimsa","KIMSA / hybrid F"
1978,"fishing_mortality",0.0359149705705408,"per year","all","Population-number-weighted fishing mortality across ages and regions at report censuses, annualized from seasonal integrated F",,"kimsa","KIMSA / hybrid F"
1979,"fishing_mortality",0.0235017181241986,"per year","all","Population-number-weighted fishing mortality across ages and regions at report censuses, annualized from seasonal integrated F",,"kimsa","KIMSA / hybrid F"
1980,"fishing_mortality",0.0223936685934614,"per year","all","Population-number-weighted fishing mortality across ages and regions at report censuses, annualized from seasonal integrated F",,"kimsa","KIMSA / hybrid F"
1981,"fishing_mortality",0.0226896131052249,"per year","all","Population-number-weighted fishing mortality across ages and regions at report censuses, annualized from seasonal integrated F",,"kimsa","KIMSA / hybrid F"
1982,"fishing_mortality",0.0237096191430426,"per year","all","Population-number-weighted fishing mortality across ages and regions at report censuses, annualized from seasonal integrated F",,"kimsa","KIMSA / hybrid F"
1983,"fishing_mortality",0.0209994196500253,"per year","all","Population-number-weighted fishing mortality across ages and regions at report censuses, annualized from seasonal integrated F",,"kimsa","KIMSA / hybrid F"
1984,"fishing_mortality",0.0226923882595282,"per year","all","Population-number-weighted fishing mortality across ages and regions at report censuses, annualized from seasonal integrated F",,"kimsa","KIMSA / hybrid F"
1985,"fishing_mortality",0.0297249390026171,"per year","all","Population-number-weighted fishing mortality across ages and regions at report censuses, annualized from seasonal integrated F",,"kimsa","KIMSA / hybrid F"
1986,"fishing_mortality",0.0321167806118419,"per year","all","Population-number-weighted fishing mortality across ages and regions at report censuses, annualized from seasonal integrated F",,"kimsa","KIMSA / hybrid F"
1987,"fishing_mortality",0.0212143085006692,"per year","all","Population-number-weighted fishing mortality across ages and regions at report censuses, annualized from seasonal integrated F",,"kimsa","KIMSA / hybrid F"
1988,"fishing_mortality",0.0280592622486398,"per year","all","Population-number-weighted fishing mortality across ages and regions at report censuses, annualized from seasonal integrated F",,"kimsa","KIMSA / hybrid F"
1989,"fishing_mortality",0.0540817580222235,"per year","all","Population-number-weighted fishing mortality across ages and regions at report censuses, annualized from seasonal integrated F",,"kimsa","KIMSA / hybrid F"
1990,"fishing_mortality",0.0332570750463543,"per year","all","Population-number-weighted fishing mortality across ages and regions at report censuses, annualized from seasonal integrated F",,"kimsa","KIMSA / hybrid F"
1991,"fishing_mortality",0.0256338566431945,"per year","all","Population-number-weighted fishing mortality across ages and regions at report censuses, annualized from seasonal integrated F",,"kimsa","KIMSA / hybrid F"
1992,"fishing_mortality",0.031147892994728,"per year","all","Population-number-weighted fishing mortality across ages and regions at report censuses, annualized from seasonal integrated F",,"kimsa","KIMSA / hybrid F"
1993,"fishing_mortality",0.0264822328919434,"per year","all","Population-number-weighted fishing mortality across ages and regions at report censuses, annualized from seasonal integrated F",,"kimsa","KIMSA / hybrid F"
1994,"fishing_mortality",0.0292319667928334,"per year","all","Population-number-weighted fishing mortality across ages and regions at report censuses, annualized from seasonal integrated F",,"kimsa","KIMSA / hybrid F"
1995,"fishing_mortality",0.0216903140516294,"per year","all","Population-number-weighted fishing mortality across ages and regions at report censuses, annualized from seasonal integrated F",,"kimsa","KIMSA / hybrid F"
1996,"fishing_mortality",0.0301920270426201,"per year","all","Population-number-weighted fishing mortality across ages and regions at report censuses, annualized from seasonal integrated F",,"kimsa","KIMSA / hybrid F"
1997,"fishing_mortality",0.0282181153668586,"per year","all","Population-number-weighted fishing mortality across ages and regions at report censuses, annualized from seasonal integrated F",,"kimsa","KIMSA / hybrid F"
1998,"fishing_mortality",0.0506456096465264,"per year","all","Population-number-weighted fishing mortality across ages and regions at report censuses, annualized from seasonal integrated F",,"kimsa","KIMSA / hybrid F"
1999,"fishing_mortality",0.019345275624581,"per year","all","Population-number-weighted fishing mortality across ages and regions at report censuses, annualized from seasonal integrated F",,"kimsa","KIMSA / hybrid F"
2000,"fishing_mortality",0.0360051947512313,"per year","all","Population-number-weighted fishing mortality across ages and regions at report censuses, annualized from seasonal integrated F",,"kimsa","KIMSA / hybrid F"
2001,"fishing_mortality",0.0345069006087466,"per year","all","Population-number-weighted fishing mortality across ages and regions at report censuses, annualized from seasonal integrated F",,"kimsa","KIMSA / hybrid F"
2002,"fishing_mortality",0.0397467283296098,"per year","all","Population-number-weighted fishing mortality across ages and regions at report censuses, annualized from seasonal integrated F",,"kimsa","KIMSA / hybrid F"
2003,"fishing_mortality",0.0338369326599961,"per year","all","Population-number-weighted fishing mortality across ages and regions at report censuses, annualized from seasonal integrated F",,"kimsa","KIMSA / hybrid F"
2004,"fishing_mortality",0.0428059939336225,"per year","all","Population-number-weighted fishing mortality across ages and regions at report censuses, annualized from seasonal integrated F",,"kimsa","KIMSA / hybrid F"
2005,"fishing_mortality",0.0493870575534541,"per year","all","Population-number-weighted fishing mortality across ages and regions at report censuses, annualized from seasonal integrated F",,"kimsa","KIMSA / hybrid F"
2006,"fishing_mortality",0.0399247745052657,"per year","all","Population-number-weighted fishing mortality across ages and regions at report censuses, annualized from seasonal integrated F",,"kimsa","KIMSA / hybrid F"
2007,"fishing_mortality",0.0273830955523882,"per year","all","Population-number-weighted fishing mortality across ages and regions at report censuses, annualized from seasonal integrated F",,"kimsa","KIMSA / hybrid F"
2008,"fishing_mortality",0.0317440092104806,"per year","all","Population-number-weighted fishing mortality across ages and regions at report censuses, annualized from seasonal integrated F",,"kimsa","KIMSA / hybrid F"
2009,"fishing_mortality",0.0407531271017877,"per year","all","Population-number-weighted fishing mortality across ages and regions at report censuses, annualized from seasonal integrated F",,"kimsa","KIMSA / hybrid F"
2010,"fishing_mortality",0.0460789155477234,"per year","all","Population-number-weighted fishing mortality across ages and regions at report censuses, annualized from seasonal integrated F",,"kimsa","KIMSA / hybrid F"
2011,"fishing_mortality",0.0288535533583012,"per year","all","Population-number-weighted fishing mortality across ages and regions at report censuses, annualized from seasonal integrated F",,"kimsa","KIMSA / hybrid F"
2012,"fishing_mortality",0.042027127637866,"per year","all","Population-number-weighted fishing mortality across ages and regions at report censuses, annualized from seasonal integrated F",,"kimsa","KIMSA / hybrid F"
2013,"fishing_mortality",0.0487456442766942,"per year","all","Population-number-weighted fishing mortality across ages and regions at report censuses, annualized from seasonal integrated F",,"kimsa","KIMSA / hybrid F"
2014,"fishing_mortality",0.0432371933728759,"per year","all","Population-number-weighted fishing mortality across ages and regions at report censuses, annualized from seasonal integrated F",,"kimsa","KIMSA / hybrid F"
2015,"fishing_mortality",0.0467788797225319,"per year","all","Population-number-weighted fishing mortality across ages and regions at report censuses, annualized from seasonal integrated F",,"kimsa","KIMSA / hybrid F"
2016,"fishing_mortality",0.0516696257532891,"per year","all","Population-number-weighted fishing mortality across ages and regions at report censuses, annualized from seasonal integrated F",,"kimsa","KIMSA / hybrid F"
2017,"fishing_mortality",0.0654394981938981,"per year","all","Population-number-weighted fishing mortality across ages and regions at report censuses, annualized from seasonal integrated F",,"kimsa","KIMSA / hybrid F"
2018,"fishing_mortality",0.0436409884851188,"per year","all","Population-number-weighted fishing mortality across ages and regions at report censuses, annualized from seasonal integrated F",,"kimsa","KIMSA / hybrid F"
2019,"fishing_mortality",0.0386742023993282,"per year","all","Population-number-weighted fishing mortality across ages and regions at report censuses, annualized from seasonal integrated F",,"kimsa","KIMSA / hybrid F"
2020,"fishing_mortality",0.0408605749433498,"per year","all","Population-number-weighted fishing mortality across ages and regions at report censuses, annualized from seasonal integrated F",,"kimsa","KIMSA / hybrid F"
2021,"fishing_mortality",0.0389359123573898,"per year","all","Population-number-weighted fishing mortality across ages and regions at report censuses, annualized from seasonal integrated F",,"kimsa","KIMSA / hybrid F"
2022,"fishing_mortality",0.0462082048567608,"per year","all","Population-number-weighted fishing mortality across ages and regions at report censuses, annualized from seasonal integrated F",,"kimsa","KIMSA / hybrid F"
