"metric","level","draw","axis","panel_set","value","weight","unit","definition"
"dynamic_spawning_depletion","Lower",1,"Steepness","continuous",0.517317678784632,1,"ratio","Illustrative dynamic_spawning_depletion"
"relative_fishing_mortality","Lower",1,"Steepness","continuous",0.775976518176948,1,"ratio","Illustrative relative_fishing_mortality"
"dynamic_spawning_depletion","Higher",1,"Steepness","continuous",0.567317678784632,1,"ratio","Illustrative dynamic_spawning_depletion"
"relative_fishing_mortality","Higher",1,"Steepness","continuous",0.850976518176948,1,"ratio","Illustrative relative_fishing_mortality"
"dynamic_spawning_depletion","Lower",2,"Steepness","continuous",0.522743794146055,1,"ratio","Illustrative dynamic_spawning_depletion"
"relative_fishing_mortality","Lower",2,"Steepness","continuous",0.784115691219082,1,"ratio","Illustrative relative_fishing_mortality"
"dynamic_spawning_depletion","Higher",2,"Steepness","continuous",0.572743794146055,1,"ratio","Illustrative dynamic_spawning_depletion"
"relative_fishing_mortality","Higher",2,"Steepness","continuous",0.859115691219082,1,"ratio","Illustrative relative_fishing_mortality"
"dynamic_spawning_depletion","Lower",3,"Steepness","continuous",0.461289600644789,1,"ratio","Illustrative dynamic_spawning_depletion"
"relative_fishing_mortality","Lower",3,"Steepness","continuous",0.691934400967184,1,"ratio","Illustrative relative_fishing_mortality"
"dynamic_spawning_depletion","Higher",3,"Steepness","continuous",0.511289600644789,1,"ratio","Illustrative dynamic_spawning_depletion"
"relative_fishing_mortality","Higher",3,"Steepness","continuous",0.766934400967184,1,"ratio","Illustrative relative_fishing_mortality"
"dynamic_spawning_depletion","Lower",4,"Steepness","continuous",0.389455800375366,1,"ratio","Illustrative dynamic_spawning_depletion"
"relative_fishing_mortality","Lower",4,"Steepness","continuous",0.584183700563049,1,"ratio","Illustrative relative_fishing_mortality"
"dynamic_spawning_depletion","Higher",4,"Steepness","continuous",0.439455800375366,1,"ratio","Illustrative dynamic_spawning_depletion"
"relative_fishing_mortality","Higher",4,"Steepness","continuous",0.659183700563049,1,"ratio","Illustrative relative_fishing_mortality"
"dynamic_spawning_depletion","Lower",5,"Steepness","continuous",0.373286058026949,1,"ratio","Illustrative dynamic_spawning_depletion"
"relative_fishing_mortality","Lower",5,"Steepness","continuous",0.559929087040423,1,"ratio","Illustrative relative_fishing_mortality"
"dynamic_spawning_depletion","Higher",5,"Steepness","continuous",0.423286058026949,1,"ratio","Illustrative dynamic_spawning_depletion"
"relative_fishing_mortality","Higher",5,"Steepness","continuous",0.634929087040423,1,"ratio","Illustrative relative_fishing_mortality"
"dynamic_spawning_depletion","Lower",6,"Steepness","continuous",0.427646760144086,1,"ratio","Illustrative dynamic_spawning_depletion"
"relative_fishing_mortality","Lower",6,"Steepness","continuous",0.641470140216129,1,"ratio","Illustrative relative_fishing_mortality"
"dynamic_spawning_depletion","Higher",6,"Steepness","continuous",0.477646760144086,1,"ratio","Illustrative dynamic_spawning_depletion"
"relative_fishing_mortality","Higher",6,"Steepness","continuous",0.716470140216129,1,"ratio","Illustrative relative_fishing_mortality"
"dynamic_spawning_depletion","Lower",7,"Steepness","continuous",0.502558927897503,1,"ratio","Illustrative dynamic_spawning_depletion"
"relative_fishing_mortality","Lower",7,"Steepness","continuous",0.753838391846255,1,"ratio","Illustrative relative_fishing_mortality"
"dynamic_spawning_depletion","Higher",7,"Steepness","continuous",0.552558927897503,1,"ratio","Illustrative dynamic_spawning_depletion"
"relative_fishing_mortality","Higher",7,"Steepness","continuous",0.828838391846255,1,"ratio","Illustrative relative_fishing_mortality"
"dynamic_spawning_depletion","Lower",8,"Steepness","continuous",0.529148659729871,1,"ratio","Illustrative dynamic_spawning_depletion"
"relative_fishing_mortality","Lower",8,"Steepness","continuous",0.793722989594806,1,"ratio","Illustrative relative_fishing_mortality"
"dynamic_spawning_depletion","Higher",8,"Steepness","continuous",0.579148659729871,1,"ratio","Illustrative dynamic_spawning_depletion"
"relative_fishing_mortality","Higher",8,"Steepness","continuous",0.868722989594806,1,"ratio","Illustrative relative_fishing_mortality"
"dynamic_spawning_depletion","Lower",9,"Steepness","continuous",0.482969478819341,1,"ratio","Illustrative dynamic_spawning_depletion"
"relative_fishing_mortality","Lower",9,"Steepness","continuous",0.724454218229011,1,"ratio","Illustrative relative_fishing_mortality"
"dynamic_spawning_depletion","Higher",9,"Steepness","continuous",0.532969478819341,1,"ratio","Illustrative dynamic_spawning_depletion"
"relative_fishing_mortality","Higher",9,"Steepness","continuous",0.799454218229011,1,"ratio","Illustrative relative_fishing_mortality"
"dynamic_spawning_depletion","Lower",10,"Steepness","continuous",0.40647831112885,1,"ratio","Illustrative dynamic_spawning_depletion"
"relative_fishing_mortality","Lower",10,"Steepness","continuous",0.609717466693276,1,"ratio","Illustrative relative_fishing_mortality"
"dynamic_spawning_depletion","Higher",10,"Steepness","continuous",0.45647831112885,1,"ratio","Illustrative dynamic_spawning_depletion"
"relative_fishing_mortality","Higher",10,"Steepness","continuous",0.684717466693276,1,"ratio","Illustrative relative_fishing_mortality"
"dynamic_spawning_depletion","Lower",11,"Steepness","continuous",0.370000783475944,1,"ratio","Illustrative dynamic_spawning_depletion"
"relative_fishing_mortality","Lower",11,"Steepness","continuous",0.555001175213916,1,"ratio","Illustrative relative_fishing_mortality"
"dynamic_spawning_depletion","Higher",11,"Steepness","continuous",0.420000783475944,1,"ratio","Illustrative dynamic_spawning_depletion"
"relative_fishing_mortality","Higher",11,"Steepness","continuous",0.630001175213916,1,"ratio","Illustrative relative_fishing_mortality"
"dynamic_spawning_depletion","Lower",12,"Steepness","continuous",0.407074166559965,1,"ratio","Illustrative dynamic_spawning_depletion"
"relative_fishing_mortality","Lower",12,"Steepness","continuous",0.610611249839948,1,"ratio","Illustrative relative_fishing_mortality"
"dynamic_spawning_depletion","Higher",12,"Steepness","continuous",0.457074166559965,1,"ratio","Illustrative dynamic_spawning_depletion"
"relative_fishing_mortality","Higher",12,"Steepness","continuous",0.685611249839948,1,"ratio","Illustrative relative_fishing_mortality"
"dynamic_spawning_depletion","Lower",13,"Steepness","continuous",0.483613362946131,1,"ratio","Illustrative dynamic_spawning_depletion"
"relative_fishing_mortality","Lower",13,"Steepness","continuous",0.725420044419197,1,"ratio","Illustrative relative_fishing_mortality"
"dynamic_spawning_depletion","Higher",13,"Steepness","continuous",0.533613362946131,1,"ratio","Illustrative dynamic_spawning_depletion"
"relative_fishing_mortality","Higher",13,"Steepness","continuous",0.800420044419197,1,"ratio","Illustrative relative_fishing_mortality"
"dynamic_spawning_depletion","Lower",14,"Steepness","continuous",0.52924858845559,1,"ratio","Illustrative dynamic_spawning_depletion"
"relative_fishing_mortality","Lower",14,"Steepness","continuous",0.793872882683385,1,"ratio","Illustrative relative_fishing_mortality"
"dynamic_spawning_depletion","Higher",14,"Steepness","continuous",0.57924858845559,1,"ratio","Illustrative dynamic_spawning_depletion"
"relative_fishing_mortality","Higher",14,"Steepness","continuous",0.868872882683384,1,"ratio","Illustrative relative_fishing_mortality"
"dynamic_spawning_depletion","Lower",15,"Steepness","continuous",0.502023027212569,1,"ratio","Illustrative dynamic_spawning_depletion"
"relative_fishing_mortality","Lower",15,"Steepness","continuous",0.753034540818854,1,"ratio","Illustrative relative_fishing_mortality"
"dynamic_spawning_depletion","Higher",15,"Steepness","continuous",0.552023027212569,1,"ratio","Illustrative dynamic_spawning_depletion"
"relative_fishing_mortality","Higher",15,"Steepness","continuous",0.828034540818854,1,"ratio","Illustrative relative_fishing_mortality"
"dynamic_spawning_depletion","Lower",16,"Steepness","continuous",0.426967734666795,1,"ratio","Illustrative dynamic_spawning_depletion"
"relative_fishing_mortality","Lower",16,"Steepness","continuous",0.640451602000192,1,"ratio","Illustrative relative_fishing_mortality"
"dynamic_spawning_depletion","Higher",16,"Steepness","continuous",0.476967734666795,1,"ratio","Illustrative dynamic_spawning_depletion"
"relative_fishing_mortality","Higher",16,"Steepness","continuous",0.715451602000192,1,"ratio","Illustrative relative_fishing_mortality"
"dynamic_spawning_depletion","Lower",17,"Steepness","continuous",0.373088200649635,1,"ratio","Illustrative dynamic_spawning_depletion"
"relative_fishing_mortality","Lower",17,"Steepness","continuous",0.559632300974453,1,"ratio","Illustrative relative_fishing_mortality"
"dynamic_spawning_depletion","Higher",17,"Steepness","continuous",0.423088200649635,1,"ratio","Illustrative dynamic_spawning_depletion"
"relative_fishing_mortality","Higher",17,"Steepness","continuous",0.634632300974453,1,"ratio","Illustrative relative_fishing_mortality"
"dynamic_spawning_depletion","Lower",18,"Steepness","continuous",0.389921020258266,1,"ratio","Illustrative dynamic_spawning_depletion"
"relative_fishing_mortality","Lower",18,"Steepness","continuous",0.584881530387399,1,"ratio","Illustrative relative_fishing_mortality"
"dynamic_spawning_depletion","Higher",18,"Steepness","continuous",0.439921020258266,1,"ratio","Illustrative dynamic_spawning_depletion"
"relative_fishing_mortality","Higher",18,"Steepness","continuous",0.659881530387399,1,"ratio","Illustrative relative_fishing_mortality"
"dynamic_spawning_depletion","Lower",19,"Steepness","continuous",0.461990176773036,1,"ratio","Illustrative dynamic_spawning_depletion"
"relative_fishing_mortality","Lower",19,"Steepness","continuous",0.692985265159554,1,"ratio","Illustrative relative_fishing_mortality"
"dynamic_spawning_depletion","Higher",19,"Steepness","continuous",0.511990176773036,1,"ratio","Illustrative dynamic_spawning_depletion"
"relative_fishing_mortality","Higher",19,"Steepness","continuous",0.767985265159554,1,"ratio","Illustrative relative_fishing_mortality"
"dynamic_spawning_depletion","Lower",20,"Steepness","continuous",0.52303562005821,1,"ratio","Illustrative dynamic_spawning_depletion"
"relative_fishing_mortality","Lower",20,"Steepness","continuous",0.784553430087315,1,"ratio","Illustrative relative_fishing_mortality"
"dynamic_spawning_depletion","Higher",20,"Steepness","continuous",0.57303562005821,1,"ratio","Illustrative dynamic_spawning_depletion"
"relative_fishing_mortality","Higher",20,"Steepness","continuous",0.859553430087315,1,"ratio","Illustrative relative_fishing_mortality"
"dynamic_spawning_depletion","Lower",21,"Steepness","continuous",0.516932451082885,1,"ratio","Illustrative dynamic_spawning_depletion"
"relative_fishing_mortality","Lower",21,"Steepness","continuous",0.775398676624327,1,"ratio","Illustrative relative_fishing_mortality"
"dynamic_spawning_depletion","Higher",21,"Steepness","continuous",0.566932451082885,1,"ratio","Illustrative dynamic_spawning_depletion"
"relative_fishing_mortality","Higher",21,"Steepness","continuous",0.850398676624327,1,"ratio","Illustrative relative_fishing_mortality"
"dynamic_spawning_depletion","Lower",22,"Steepness","continuous",0.449291895256768,1,"ratio","Illustrative dynamic_spawning_depletion"
"relative_fishing_mortality","Lower",22,"Steepness","continuous",0.673937842885152,1,"ratio","Illustrative relative_fishing_mortality"
"dynamic_spawning_depletion","Higher",22,"Steepness","continuous",0.499291895256768,1,"ratio","Illustrative dynamic_spawning_depletion"
"relative_fishing_mortality","Higher",22,"Steepness","continuous",0.748937842885152,1,"ratio","Illustrative relative_fishing_mortality"
"dynamic_spawning_depletion","Lower",23,"Steepness","continuous",0.382302367665986,1,"ratio","Illustrative dynamic_spawning_depletion"
"relative_fishing_mortality","Lower",23,"Steepness","continuous",0.57345355149898,1,"ratio","Illustrative relative_fishing_mortality"
"dynamic_spawning_depletion","Higher",23,"Steepness","continuous",0.432302367665986,1,"ratio","Illustrative dynamic_spawning_depletion"
"relative_fishing_mortality","Higher",23,"Steepness","continuous",0.64845355149898,1,"ratio","Illustrative relative_fishing_mortality"
"dynamic_spawning_depletion","Lower",24,"Steepness","continuous",0.37755373103947,1,"ratio","Illustrative dynamic_spawning_depletion"
"relative_fishing_mortality","Lower",24,"Steepness","continuous",0.566330596559205,1,"ratio","Illustrative relative_fishing_mortality"
"dynamic_spawning_depletion","Higher",24,"Steepness","continuous",0.42755373103947,1,"ratio","Illustrative dynamic_spawning_depletion"
"relative_fishing_mortality","Higher",24,"Steepness","continuous",0.641330596559205,1,"ratio","Illustrative relative_fishing_mortality"
"dynamic_spawning_depletion","Lower",25,"Steepness","continuous",0.439411859992178,1,"ratio","Illustrative dynamic_spawning_depletion"
"relative_fishing_mortality","Lower",25,"Steepness","continuous",0.659117789988267,1,"ratio","Illustrative relative_fishing_mortality"
"dynamic_spawning_depletion","Higher",25,"Steepness","continuous",0.489411859992178,1,"ratio","Illustrative dynamic_spawning_depletion"
"relative_fishing_mortality","Higher",25,"Steepness","continuous",0.734117789988267,1,"ratio","Illustrative relative_fishing_mortality"
"dynamic_spawning_depletion","Lower",26,"Steepness","continuous",0.511004676038368,1,"ratio","Illustrative dynamic_spawning_depletion"
"relative_fishing_mortality","Lower",26,"Steepness","continuous",0.766507014057552,1,"ratio","Illustrative relative_fishing_mortality"
"dynamic_spawning_depletion","Higher",26,"Steepness","continuous",0.561004676038368,1,"ratio","Illustrative dynamic_spawning_depletion"
"relative_fishing_mortality","Higher",26,"Steepness","continuous",0.841507014057552,1,"ratio","Illustrative relative_fishing_mortality"
"dynamic_spawning_depletion","Lower",27,"Steepness","continuous",0.52651007427236,1,"ratio","Illustrative dynamic_spawning_depletion"
"relative_fishing_mortality","Lower",27,"Steepness","continuous",0.78976511140854,1,"ratio","Illustrative relative_fishing_mortality"
"dynamic_spawning_depletion","Higher",27,"Steepness","continuous",0.57651007427236,1,"ratio","Illustrative dynamic_spawning_depletion"
"relative_fishing_mortality","Higher",27,"Steepness","continuous",0.864765111408541,1,"ratio","Illustrative relative_fishing_mortality"
"dynamic_spawning_depletion","Lower",28,"Steepness","continuous",0.47167246306463,1,"ratio","Illustrative dynamic_spawning_depletion"
"relative_fishing_mortality","Lower",28,"Steepness","continuous",0.707508694596944,1,"ratio","Illustrative relative_fishing_mortality"
"dynamic_spawning_depletion","Higher",28,"Steepness","continuous",0.52167246306463,1,"ratio","Illustrative dynamic_spawning_depletion"
"relative_fishing_mortality","Higher",28,"Steepness","continuous",0.782508694596944,1,"ratio","Illustrative relative_fishing_mortality"
"dynamic_spawning_depletion","Lower",29,"Steepness","continuous",0.396909289262963,1,"ratio","Illustrative dynamic_spawning_depletion"
"relative_fishing_mortality","Lower",29,"Steepness","continuous",0.595363933894444,1,"ratio","Illustrative relative_fishing_mortality"
"dynamic_spawning_depletion","Higher",29,"Steepness","continuous",0.446909289262963,1,"ratio","Illustrative dynamic_spawning_depletion"
"relative_fishing_mortality","Higher",29,"Steepness","continuous",0.670363933894444,1,"ratio","Illustrative relative_fishing_mortality"
"dynamic_spawning_depletion","Lower",30,"Steepness","continuous",0.370957470072571,1,"ratio","Illustrative dynamic_spawning_depletion"
"relative_fishing_mortality","Lower",30,"Steepness","continuous",0.556436205108857,1,"ratio","Illustrative relative_fishing_mortality"
"dynamic_spawning_depletion","Higher",30,"Steepness","continuous",0.420957470072571,1,"ratio","Illustrative dynamic_spawning_depletion"
"relative_fishing_mortality","Higher",30,"Steepness","continuous",0.631436205108857,1,"ratio","Illustrative relative_fishing_mortality"
"dynamic_spawning_depletion","Lower",1,"Natural mortality","continuous",0.517317678784632,1,"ratio","Illustrative dynamic_spawning_depletion"
"relative_fishing_mortality","Lower",1,"Natural mortality","continuous",0.775976518176948,1,"ratio","Illustrative relative_fishing_mortality"
"dynamic_spawning_depletion","Higher",1,"Natural mortality","continuous",0.567317678784632,1,"ratio","Illustrative dynamic_spawning_depletion"
"relative_fishing_mortality","Higher",1,"Natural mortality","continuous",0.850976518176948,1,"ratio","Illustrative relative_fishing_mortality"
"dynamic_spawning_depletion","Lower",2,"Natural mortality","continuous",0.522743794146055,1,"ratio","Illustrative dynamic_spawning_depletion"
"relative_fishing_mortality","Lower",2,"Natural mortality","continuous",0.784115691219082,1,"ratio","Illustrative relative_fishing_mortality"
"dynamic_spawning_depletion","Higher",2,"Natural mortality","continuous",0.572743794146055,1,"ratio","Illustrative dynamic_spawning_depletion"
"relative_fishing_mortality","Higher",2,"Natural mortality","continuous",0.859115691219082,1,"ratio","Illustrative relative_fishing_mortality"
"dynamic_spawning_depletion","Lower",3,"Natural mortality","continuous",0.461289600644789,1,"ratio","Illustrative dynamic_spawning_depletion"
"relative_fishing_mortality","Lower",3,"Natural mortality","continuous",0.691934400967184,1,"ratio","Illustrative relative_fishing_mortality"
"dynamic_spawning_depletion","Higher",3,"Natural mortality","continuous",0.511289600644789,1,"ratio","Illustrative dynamic_spawning_depletion"
"relative_fishing_mortality","Higher",3,"Natural mortality","continuous",0.766934400967184,1,"ratio","Illustrative relative_fishing_mortality"
"dynamic_spawning_depletion","Lower",4,"Natural mortality","continuous",0.389455800375366,1,"ratio","Illustrative dynamic_spawning_depletion"
"relative_fishing_mortality","Lower",4,"Natural mortality","continuous",0.584183700563049,1,"ratio","Illustrative relative_fishing_mortality"
"dynamic_spawning_depletion","Higher",4,"Natural mortality","continuous",0.439455800375366,1,"ratio","Illustrative dynamic_spawning_depletion"
"relative_fishing_mortality","Higher",4,"Natural mortality","continuous",0.659183700563049,1,"ratio","Illustrative relative_fishing_mortality"
"dynamic_spawning_depletion","Lower",5,"Natural mortality","continuous",0.373286058026949,1,"ratio","Illustrative dynamic_spawning_depletion"
"relative_fishing_mortality","Lower",5,"Natural mortality","continuous",0.559929087040423,1,"ratio","Illustrative relative_fishing_mortality"
"dynamic_spawning_depletion","Higher",5,"Natural mortality","continuous",0.423286058026949,1,"ratio","Illustrative dynamic_spawning_depletion"
"relative_fishing_mortality","Higher",5,"Natural mortality","continuous",0.634929087040423,1,"ratio","Illustrative relative_fishing_mortality"
"dynamic_spawning_depletion","Lower",6,"Natural mortality","continuous",0.427646760144086,1,"ratio","Illustrative dynamic_spawning_depletion"
"relative_fishing_mortality","Lower",6,"Natural mortality","continuous",0.641470140216129,1,"ratio","Illustrative relative_fishing_mortality"
"dynamic_spawning_depletion","Higher",6,"Natural mortality","continuous",0.477646760144086,1,"ratio","Illustrative dynamic_spawning_depletion"
"relative_fishing_mortality","Higher",6,"Natural mortality","continuous",0.716470140216129,1,"ratio","Illustrative relative_fishing_mortality"
"dynamic_spawning_depletion","Lower",7,"Natural mortality","continuous",0.502558927897503,1,"ratio","Illustrative dynamic_spawning_depletion"
"relative_fishing_mortality","Lower",7,"Natural mortality","continuous",0.753838391846255,1,"ratio","Illustrative relative_fishing_mortality"
"dynamic_spawning_depletion","Higher",7,"Natural mortality","continuous",0.552558927897503,1,"ratio","Illustrative dynamic_spawning_depletion"
"relative_fishing_mortality","Higher",7,"Natural mortality","continuous",0.828838391846255,1,"ratio","Illustrative relative_fishing_mortality"
"dynamic_spawning_depletion","Lower",8,"Natural mortality","continuous",0.529148659729871,1,"ratio","Illustrative dynamic_spawning_depletion"
"relative_fishing_mortality","Lower",8,"Natural mortality","continuous",0.793722989594806,1,"ratio","Illustrative relative_fishing_mortality"
"dynamic_spawning_depletion","Higher",8,"Natural mortality","continuous",0.579148659729871,1,"ratio","Illustrative dynamic_spawning_depletion"
"relative_fishing_mortality","Higher",8,"Natural mortality","continuous",0.868722989594806,1,"ratio","Illustrative relative_fishing_mortality"
"dynamic_spawning_depletion","Lower",9,"Natural mortality","continuous",0.482969478819341,1,"ratio","Illustrative dynamic_spawning_depletion"
"relative_fishing_mortality","Lower",9,"Natural mortality","continuous",0.724454218229011,1,"ratio","Illustrative relative_fishing_mortality"
"dynamic_spawning_depletion","Higher",9,"Natural mortality","continuous",0.532969478819341,1,"ratio","Illustrative dynamic_spawning_depletion"
"relative_fishing_mortality","Higher",9,"Natural mortality","continuous",0.799454218229011,1,"ratio","Illustrative relative_fishing_mortality"
"dynamic_spawning_depletion","Lower",10,"Natural mortality","continuous",0.40647831112885,1,"ratio","Illustrative dynamic_spawning_depletion"
"relative_fishing_mortality","Lower",10,"Natural mortality","continuous",0.609717466693276,1,"ratio","Illustrative relative_fishing_mortality"
"dynamic_spawning_depletion","Higher",10,"Natural mortality","continuous",0.45647831112885,1,"ratio","Illustrative dynamic_spawning_depletion"
"relative_fishing_mortality","Higher",10,"Natural mortality","continuous",0.684717466693276,1,"ratio","Illustrative relative_fishing_mortality"
"dynamic_spawning_depletion","Lower",11,"Natural mortality","continuous",0.370000783475944,1,"ratio","Illustrative dynamic_spawning_depletion"
"relative_fishing_mortality","Lower",11,"Natural mortality","continuous",0.555001175213916,1,"ratio","Illustrative relative_fishing_mortality"
"dynamic_spawning_depletion","Higher",11,"Natural mortality","continuous",0.420000783475944,1,"ratio","Illustrative dynamic_spawning_depletion"
"relative_fishing_mortality","Higher",11,"Natural mortality","continuous",0.630001175213916,1,"ratio","Illustrative relative_fishing_mortality"
"dynamic_spawning_depletion","Lower",12,"Natural mortality","continuous",0.407074166559965,1,"ratio","Illustrative dynamic_spawning_depletion"
"relative_fishing_mortality","Lower",12,"Natural mortality","continuous",0.610611249839948,1,"ratio","Illustrative relative_fishing_mortality"
"dynamic_spawning_depletion","Higher",12,"Natural mortality","continuous",0.457074166559965,1,"ratio","Illustrative dynamic_spawning_depletion"
"relative_fishing_mortality","Higher",12,"Natural mortality","continuous",0.685611249839948,1,"ratio","Illustrative relative_fishing_mortality"
"dynamic_spawning_depletion","Lower",13,"Natural mortality","continuous",0.483613362946131,1,"ratio","Illustrative dynamic_spawning_depletion"
"relative_fishing_mortality","Lower",13,"Natural mortality","continuous",0.725420044419197,1,"ratio","Illustrative relative_fishing_mortality"
"dynamic_spawning_depletion","Higher",13,"Natural mortality","continuous",0.533613362946131,1,"ratio","Illustrative dynamic_spawning_depletion"
"relative_fishing_mortality","Higher",13,"Natural mortality","continuous",0.800420044419197,1,"ratio","Illustrative relative_fishing_mortality"
"dynamic_spawning_depletion","Lower",14,"Natural mortality","continuous",0.52924858845559,1,"ratio","Illustrative dynamic_spawning_depletion"
"relative_fishing_mortality","Lower",14,"Natural mortality","continuous",0.793872882683385,1,"ratio","Illustrative relative_fishing_mortality"
"dynamic_spawning_depletion","Higher",14,"Natural mortality","continuous",0.57924858845559,1,"ratio","Illustrative dynamic_spawning_depletion"
"relative_fishing_mortality","Higher",14,"Natural mortality","continuous",0.868872882683384,1,"ratio","Illustrative relative_fishing_mortality"
"dynamic_spawning_depletion","Lower",15,"Natural mortality","continuous",0.502023027212569,1,"ratio","Illustrative dynamic_spawning_depletion"
"relative_fishing_mortality","Lower",15,"Natural mortality","continuous",0.753034540818854,1,"ratio","Illustrative relative_fishing_mortality"
"dynamic_spawning_depletion","Higher",15,"Natural mortality","continuous",0.552023027212569,1,"ratio","Illustrative dynamic_spawning_depletion"
"relative_fishing_mortality","Higher",15,"Natural mortality","continuous",0.828034540818854,1,"ratio","Illustrative relative_fishing_mortality"
"dynamic_spawning_depletion","Lower",16,"Natural mortality","continuous",0.426967734666795,1,"ratio","Illustrative dynamic_spawning_depletion"
"relative_fishing_mortality","Lower",16,"Natural mortality","continuous",0.640451602000192,1,"ratio","Illustrative relative_fishing_mortality"
"dynamic_spawning_depletion","Higher",16,"Natural mortality","continuous",0.476967734666795,1,"ratio","Illustrative dynamic_spawning_depletion"
"relative_fishing_mortality","Higher",16,"Natural mortality","continuous",0.715451602000192,1,"ratio","Illustrative relative_fishing_mortality"
"dynamic_spawning_depletion","Lower",17,"Natural mortality","continuous",0.373088200649635,1,"ratio","Illustrative dynamic_spawning_depletion"
"relative_fishing_mortality","Lower",17,"Natural mortality","continuous",0.559632300974453,1,"ratio","Illustrative relative_fishing_mortality"
"dynamic_spawning_depletion","Higher",17,"Natural mortality","continuous",0.423088200649635,1,"ratio","Illustrative dynamic_spawning_depletion"
"relative_fishing_mortality","Higher",17,"Natural mortality","continuous",0.634632300974453,1,"ratio","Illustrative relative_fishing_mortality"
"dynamic_spawning_depletion","Lower",18,"Natural mortality","continuous",0.389921020258266,1,"ratio","Illustrative dynamic_spawning_depletion"
"relative_fishing_mortality","Lower",18,"Natural mortality","continuous",0.584881530387399,1,"ratio","Illustrative relative_fishing_mortality"
"dynamic_spawning_depletion","Higher",18,"Natural mortality","continuous",0.439921020258266,1,"ratio","Illustrative dynamic_spawning_depletion"
"relative_fishing_mortality","Higher",18,"Natural mortality","continuous",0.659881530387399,1,"ratio","Illustrative relative_fishing_mortality"
"dynamic_spawning_depletion","Lower",19,"Natural mortality","continuous",0.461990176773036,1,"ratio","Illustrative dynamic_spawning_depletion"
"relative_fishing_mortality","Lower",19,"Natural mortality","continuous",0.692985265159554,1,"ratio","Illustrative relative_fishing_mortality"
"dynamic_spawning_depletion","Higher",19,"Natural mortality","continuous",0.511990176773036,1,"ratio","Illustrative dynamic_spawning_depletion"
"relative_fishing_mortality","Higher",19,"Natural mortality","continuous",0.767985265159554,1,"ratio","Illustrative relative_fishing_mortality"
"dynamic_spawning_depletion","Lower",20,"Natural mortality","continuous",0.52303562005821,1,"ratio","Illustrative dynamic_spawning_depletion"
"relative_fishing_mortality","Lower",20,"Natural mortality","continuous",0.784553430087315,1,"ratio","Illustrative relative_fishing_mortality"
"dynamic_spawning_depletion","Higher",20,"Natural mortality","continuous",0.57303562005821,1,"ratio","Illustrative dynamic_spawning_depletion"
"relative_fishing_mortality","Higher",20,"Natural mortality","continuous",0.859553430087315,1,"ratio","Illustrative relative_fishing_mortality"
"dynamic_spawning_depletion","Lower",21,"Natural mortality","continuous",0.516932451082885,1,"ratio","Illustrative dynamic_spawning_depletion"
"relative_fishing_mortality","Lower",21,"Natural mortality","continuous",0.775398676624327,1,"ratio","Illustrative relative_fishing_mortality"
"dynamic_spawning_depletion","Higher",21,"Natural mortality","continuous",0.566932451082885,1,"ratio","Illustrative dynamic_spawning_depletion"
"relative_fishing_mortality","Higher",21,"Natural mortality","continuous",0.850398676624327,1,"ratio","Illustrative relative_fishing_mortality"
"dynamic_spawning_depletion","Lower",22,"Natural mortality","continuous",0.449291895256768,1,"ratio","Illustrative dynamic_spawning_depletion"
"relative_fishing_mortality","Lower",22,"Natural mortality","continuous",0.673937842885152,1,"ratio","Illustrative relative_fishing_mortality"
"dynamic_spawning_depletion","Higher",22,"Natural mortality","continuous",0.499291895256768,1,"ratio","Illustrative dynamic_spawning_depletion"
"relative_fishing_mortality","Higher",22,"Natural mortality","continuous",0.748937842885152,1,"ratio","Illustrative relative_fishing_mortality"
"dynamic_spawning_depletion","Lower",23,"Natural mortality","continuous",0.382302367665986,1,"ratio","Illustrative dynamic_spawning_depletion"
"relative_fishing_mortality","Lower",23,"Natural mortality","continuous",0.57345355149898,1,"ratio","Illustrative relative_fishing_mortality"
"dynamic_spawning_depletion","Higher",23,"Natural mortality","continuous",0.432302367665986,1,"ratio","Illustrative dynamic_spawning_depletion"
"relative_fishing_mortality","Higher",23,"Natural mortality","continuous",0.64845355149898,1,"ratio","Illustrative relative_fishing_mortality"
"dynamic_spawning_depletion","Lower",24,"Natural mortality","continuous",0.37755373103947,1,"ratio","Illustrative dynamic_spawning_depletion"
"relative_fishing_mortality","Lower",24,"Natural mortality","continuous",0.566330596559205,1,"ratio","Illustrative relative_fishing_mortality"
"dynamic_spawning_depletion","Higher",24,"Natural mortality","continuous",0.42755373103947,1,"ratio","Illustrative dynamic_spawning_depletion"
"relative_fishing_mortality","Higher",24,"Natural mortality","continuous",0.641330596559205,1,"ratio","Illustrative relative_fishing_mortality"
"dynamic_spawning_depletion","Lower",25,"Natural mortality","continuous",0.439411859992178,1,"ratio","Illustrative dynamic_spawning_depletion"
"relative_fishing_mortality","Lower",25,"Natural mortality","continuous",0.659117789988267,1,"ratio","Illustrative relative_fishing_mortality"
"dynamic_spawning_depletion","Higher",25,"Natural mortality","continuous",0.489411859992178,1,"ratio","Illustrative dynamic_spawning_depletion"
"relative_fishing_mortality","Higher",25,"Natural mortality","continuous",0.734117789988267,1,"ratio","Illustrative relative_fishing_mortality"
"dynamic_spawning_depletion","Lower",26,"Natural mortality","continuous",0.511004676038368,1,"ratio","Illustrative dynamic_spawning_depletion"
"relative_fishing_mortality","Lower",26,"Natural mortality","continuous",0.766507014057552,1,"ratio","Illustrative relative_fishing_mortality"
"dynamic_spawning_depletion","Higher",26,"Natural mortality","continuous",0.561004676038368,1,"ratio","Illustrative dynamic_spawning_depletion"
"relative_fishing_mortality","Higher",26,"Natural mortality","continuous",0.841507014057552,1,"ratio","Illustrative relative_fishing_mortality"
"dynamic_spawning_depletion","Lower",27,"Natural mortality","continuous",0.52651007427236,1,"ratio","Illustrative dynamic_spawning_depletion"
"relative_fishing_mortality","Lower",27,"Natural mortality","continuous",0.78976511140854,1,"ratio","Illustrative relative_fishing_mortality"
"dynamic_spawning_depletion","Higher",27,"Natural mortality","continuous",0.57651007427236,1,"ratio","Illustrative dynamic_spawning_depletion"
"relative_fishing_mortality","Higher",27,"Natural mortality","continuous",0.864765111408541,1,"ratio","Illustrative relative_fishing_mortality"
"dynamic_spawning_depletion","Lower",28,"Natural mortality","continuous",0.47167246306463,1,"ratio","Illustrative dynamic_spawning_depletion"
"relative_fishing_mortality","Lower",28,"Natural mortality","continuous",0.707508694596944,1,"ratio","Illustrative relative_fishing_mortality"
"dynamic_spawning_depletion","Higher",28,"Natural mortality","continuous",0.52167246306463,1,"ratio","Illustrative dynamic_spawning_depletion"
"relative_fishing_mortality","Higher",28,"Natural mortality","continuous",0.782508694596944,1,"ratio","Illustrative relative_fishing_mortality"
"dynamic_spawning_depletion","Lower",29,"Natural mortality","continuous",0.396909289262963,1,"ratio","Illustrative dynamic_spawning_depletion"
"relative_fishing_mortality","Lower",29,"Natural mortality","continuous",0.595363933894444,1,"ratio","Illustrative relative_fishing_mortality"
"dynamic_spawning_depletion","Higher",29,"Natural mortality","continuous",0.446909289262963,1,"ratio","Illustrative dynamic_spawning_depletion"
"relative_fishing_mortality","Higher",29,"Natural mortality","continuous",0.670363933894444,1,"ratio","Illustrative relative_fishing_mortality"
"dynamic_spawning_depletion","Lower",30,"Natural mortality","continuous",0.370957470072571,1,"ratio","Illustrative dynamic_spawning_depletion"
"relative_fishing_mortality","Lower",30,"Natural mortality","continuous",0.556436205108857,1,"ratio","Illustrative relative_fishing_mortality"
"dynamic_spawning_depletion","Higher",30,"Natural mortality","continuous",0.420957470072571,1,"ratio","Illustrative dynamic_spawning_depletion"
"relative_fishing_mortality","Higher",30,"Natural mortality","continuous",0.631436205108857,1,"ratio","Illustrative relative_fishing_mortality"
"dynamic_spawning_depletion","Lower",1,"Tag overdispersion","tag_mixing",0.517317678784632,1,"ratio","Illustrative dynamic_spawning_depletion"
"relative_fishing_mortality","Lower",1,"Tag overdispersion","tag_mixing",0.775976518176948,1,"ratio","Illustrative relative_fishing_mortality"
"dynamic_spawning_depletion","Higher",1,"Tag overdispersion","tag_mixing",0.567317678784632,1,"ratio","Illustrative dynamic_spawning_depletion"
"relative_fishing_mortality","Higher",1,"Tag overdispersion","tag_mixing",0.850976518176948,1,"ratio","Illustrative relative_fishing_mortality"
"dynamic_spawning_depletion","Lower",2,"Tag overdispersion","tag_mixing",0.522743794146055,1,"ratio","Illustrative dynamic_spawning_depletion"
"relative_fishing_mortality","Lower",2,"Tag overdispersion","tag_mixing",0.784115691219082,1,"ratio","Illustrative relative_fishing_mortality"
"dynamic_spawning_depletion","Higher",2,"Tag overdispersion","tag_mixing",0.572743794146055,1,"ratio","Illustrative dynamic_spawning_depletion"
"relative_fishing_mortality","Higher",2,"Tag overdispersion","tag_mixing",0.859115691219082,1,"ratio","Illustrative relative_fishing_mortality"
"dynamic_spawning_depletion","Lower",3,"Tag overdispersion","tag_mixing",0.461289600644789,1,"ratio","Illustrative dynamic_spawning_depletion"
"relative_fishing_mortality","Lower",3,"Tag overdispersion","tag_mixing",0.691934400967184,1,"ratio","Illustrative relative_fishing_mortality"
"dynamic_spawning_depletion","Higher",3,"Tag overdispersion","tag_mixing",0.511289600644789,1,"ratio","Illustrative dynamic_spawning_depletion"
"relative_fishing_mortality","Higher",3,"Tag overdispersion","tag_mixing",0.766934400967184,1,"ratio","Illustrative relative_fishing_mortality"
"dynamic_spawning_depletion","Lower",4,"Tag overdispersion","tag_mixing",0.389455800375366,1,"ratio","Illustrative dynamic_spawning_depletion"
"relative_fishing_mortality","Lower",4,"Tag overdispersion","tag_mixing",0.584183700563049,1,"ratio","Illustrative relative_fishing_mortality"
"dynamic_spawning_depletion","Higher",4,"Tag overdispersion","tag_mixing",0.439455800375366,1,"ratio","Illustrative dynamic_spawning_depletion"
"relative_fishing_mortality","Higher",4,"Tag overdispersion","tag_mixing",0.659183700563049,1,"ratio","Illustrative relative_fishing_mortality"
"dynamic_spawning_depletion","Lower",5,"Tag overdispersion","tag_mixing",0.373286058026949,1,"ratio","Illustrative dynamic_spawning_depletion"
"relative_fishing_mortality","Lower",5,"Tag overdispersion","tag_mixing",0.559929087040423,1,"ratio","Illustrative relative_fishing_mortality"
"dynamic_spawning_depletion","Higher",5,"Tag overdispersion","tag_mixing",0.423286058026949,1,"ratio","Illustrative dynamic_spawning_depletion"
"relative_fishing_mortality","Higher",5,"Tag overdispersion","tag_mixing",0.634929087040423,1,"ratio","Illustrative relative_fishing_mortality"
"dynamic_spawning_depletion","Lower",6,"Tag overdispersion","tag_mixing",0.427646760144086,1,"ratio","Illustrative dynamic_spawning_depletion"
"relative_fishing_mortality","Lower",6,"Tag overdispersion","tag_mixing",0.641470140216129,1,"ratio","Illustrative relative_fishing_mortality"
"dynamic_spawning_depletion","Higher",6,"Tag overdispersion","tag_mixing",0.477646760144086,1,"ratio","Illustrative dynamic_spawning_depletion"
"relative_fishing_mortality","Higher",6,"Tag overdispersion","tag_mixing",0.716470140216129,1,"ratio","Illustrative relative_fishing_mortality"
"dynamic_spawning_depletion","Lower",7,"Tag overdispersion","tag_mixing",0.502558927897503,1,"ratio","Illustrative dynamic_spawning_depletion"
"relative_fishing_mortality","Lower",7,"Tag overdispersion","tag_mixing",0.753838391846255,1,"ratio","Illustrative relative_fishing_mortality"
"dynamic_spawning_depletion","Higher",7,"Tag overdispersion","tag_mixing",0.552558927897503,1,"ratio","Illustrative dynamic_spawning_depletion"
"relative_fishing_mortality","Higher",7,"Tag overdispersion","tag_mixing",0.828838391846255,1,"ratio","Illustrative relative_fishing_mortality"
"dynamic_spawning_depletion","Lower",8,"Tag overdispersion","tag_mixing",0.529148659729871,1,"ratio","Illustrative dynamic_spawning_depletion"
"relative_fishing_mortality","Lower",8,"Tag overdispersion","tag_mixing",0.793722989594806,1,"ratio","Illustrative relative_fishing_mortality"
"dynamic_spawning_depletion","Higher",8,"Tag overdispersion","tag_mixing",0.579148659729871,1,"ratio","Illustrative dynamic_spawning_depletion"
"relative_fishing_mortality","Higher",8,"Tag overdispersion","tag_mixing",0.868722989594806,1,"ratio","Illustrative relative_fishing_mortality"
"dynamic_spawning_depletion","Lower",9,"Tag overdispersion","tag_mixing",0.482969478819341,1,"ratio","Illustrative dynamic_spawning_depletion"
"relative_fishing_mortality","Lower",9,"Tag overdispersion","tag_mixing",0.724454218229011,1,"ratio","Illustrative relative_fishing_mortality"
"dynamic_spawning_depletion","Higher",9,"Tag overdispersion","tag_mixing",0.532969478819341,1,"ratio","Illustrative dynamic_spawning_depletion"
"relative_fishing_mortality","Higher",9,"Tag overdispersion","tag_mixing",0.799454218229011,1,"ratio","Illustrative relative_fishing_mortality"
"dynamic_spawning_depletion","Lower",10,"Tag overdispersion","tag_mixing",0.40647831112885,1,"ratio","Illustrative dynamic_spawning_depletion"
"relative_fishing_mortality","Lower",10,"Tag overdispersion","tag_mixing",0.609717466693276,1,"ratio","Illustrative relative_fishing_mortality"
"dynamic_spawning_depletion","Higher",10,"Tag overdispersion","tag_mixing",0.45647831112885,1,"ratio","Illustrative dynamic_spawning_depletion"
"relative_fishing_mortality","Higher",10,"Tag overdispersion","tag_mixing",0.684717466693276,1,"ratio","Illustrative relative_fishing_mortality"
"dynamic_spawning_depletion","Lower",11,"Tag overdispersion","tag_mixing",0.370000783475944,1,"ratio","Illustrative dynamic_spawning_depletion"
"relative_fishing_mortality","Lower",11,"Tag overdispersion","tag_mixing",0.555001175213916,1,"ratio","Illustrative relative_fishing_mortality"
"dynamic_spawning_depletion","Higher",11,"Tag overdispersion","tag_mixing",0.420000783475944,1,"ratio","Illustrative dynamic_spawning_depletion"
"relative_fishing_mortality","Higher",11,"Tag overdispersion","tag_mixing",0.630001175213916,1,"ratio","Illustrative relative_fishing_mortality"
"dynamic_spawning_depletion","Lower",12,"Tag overdispersion","tag_mixing",0.407074166559965,1,"ratio","Illustrative dynamic_spawning_depletion"
"relative_fishing_mortality","Lower",12,"Tag overdispersion","tag_mixing",0.610611249839948,1,"ratio","Illustrative relative_fishing_mortality"
"dynamic_spawning_depletion","Higher",12,"Tag overdispersion","tag_mixing",0.457074166559965,1,"ratio","Illustrative dynamic_spawning_depletion"
"relative_fishing_mortality","Higher",12,"Tag overdispersion","tag_mixing",0.685611249839948,1,"ratio","Illustrative relative_fishing_mortality"
"dynamic_spawning_depletion","Lower",13,"Tag overdispersion","tag_mixing",0.483613362946131,1,"ratio","Illustrative dynamic_spawning_depletion"
"relative_fishing_mortality","Lower",13,"Tag overdispersion","tag_mixing",0.725420044419197,1,"ratio","Illustrative relative_fishing_mortality"
"dynamic_spawning_depletion","Higher",13,"Tag overdispersion","tag_mixing",0.533613362946131,1,"ratio","Illustrative dynamic_spawning_depletion"
"relative_fishing_mortality","Higher",13,"Tag overdispersion","tag_mixing",0.800420044419197,1,"ratio","Illustrative relative_fishing_mortality"
"dynamic_spawning_depletion","Lower",14,"Tag overdispersion","tag_mixing",0.52924858845559,1,"ratio","Illustrative dynamic_spawning_depletion"
"relative_fishing_mortality","Lower",14,"Tag overdispersion","tag_mixing",0.793872882683385,1,"ratio","Illustrative relative_fishing_mortality"
"dynamic_spawning_depletion","Higher",14,"Tag overdispersion","tag_mixing",0.57924858845559,1,"ratio","Illustrative dynamic_spawning_depletion"
"relative_fishing_mortality","Higher",14,"Tag overdispersion","tag_mixing",0.868872882683384,1,"ratio","Illustrative relative_fishing_mortality"
"dynamic_spawning_depletion","Lower",15,"Tag overdispersion","tag_mixing",0.502023027212569,1,"ratio","Illustrative dynamic_spawning_depletion"
"relative_fishing_mortality","Lower",15,"Tag overdispersion","tag_mixing",0.753034540818854,1,"ratio","Illustrative relative_fishing_mortality"
"dynamic_spawning_depletion","Higher",15,"Tag overdispersion","tag_mixing",0.552023027212569,1,"ratio","Illustrative dynamic_spawning_depletion"
"relative_fishing_mortality","Higher",15,"Tag overdispersion","tag_mixing",0.828034540818854,1,"ratio","Illustrative relative_fishing_mortality"
"dynamic_spawning_depletion","Lower",16,"Tag overdispersion","tag_mixing",0.426967734666795,1,"ratio","Illustrative dynamic_spawning_depletion"
"relative_fishing_mortality","Lower",16,"Tag overdispersion","tag_mixing",0.640451602000192,1,"ratio","Illustrative relative_fishing_mortality"
"dynamic_spawning_depletion","Higher",16,"Tag overdispersion","tag_mixing",0.476967734666795,1,"ratio","Illustrative dynamic_spawning_depletion"
"relative_fishing_mortality","Higher",16,"Tag overdispersion","tag_mixing",0.715451602000192,1,"ratio","Illustrative relative_fishing_mortality"
"dynamic_spawning_depletion","Lower",17,"Tag overdispersion","tag_mixing",0.373088200649635,1,"ratio","Illustrative dynamic_spawning_depletion"
"relative_fishing_mortality","Lower",17,"Tag overdispersion","tag_mixing",0.559632300974453,1,"ratio","Illustrative relative_fishing_mortality"
"dynamic_spawning_depletion","Higher",17,"Tag overdispersion","tag_mixing",0.423088200649635,1,"ratio","Illustrative dynamic_spawning_depletion"
"relative_fishing_mortality","Higher",17,"Tag overdispersion","tag_mixing",0.634632300974453,1,"ratio","Illustrative relative_fishing_mortality"
"dynamic_spawning_depletion","Lower",18,"Tag overdispersion","tag_mixing",0.389921020258266,1,"ratio","Illustrative dynamic_spawning_depletion"
"relative_fishing_mortality","Lower",18,"Tag overdispersion","tag_mixing",0.584881530387399,1,"ratio","Illustrative relative_fishing_mortality"
"dynamic_spawning_depletion","Higher",18,"Tag overdispersion","tag_mixing",0.439921020258266,1,"ratio","Illustrative dynamic_spawning_depletion"
"relative_fishing_mortality","Higher",18,"Tag overdispersion","tag_mixing",0.659881530387399,1,"ratio","Illustrative relative_fishing_mortality"
"dynamic_spawning_depletion","Lower",19,"Tag overdispersion","tag_mixing",0.461990176773036,1,"ratio","Illustrative dynamic_spawning_depletion"
"relative_fishing_mortality","Lower",19,"Tag overdispersion","tag_mixing",0.692985265159554,1,"ratio","Illustrative relative_fishing_mortality"
"dynamic_spawning_depletion","Higher",19,"Tag overdispersion","tag_mixing",0.511990176773036,1,"ratio","Illustrative dynamic_spawning_depletion"
"relative_fishing_mortality","Higher",19,"Tag overdispersion","tag_mixing",0.767985265159554,1,"ratio","Illustrative relative_fishing_mortality"
"dynamic_spawning_depletion","Lower",20,"Tag overdispersion","tag_mixing",0.52303562005821,1,"ratio","Illustrative dynamic_spawning_depletion"
"relative_fishing_mortality","Lower",20,"Tag overdispersion","tag_mixing",0.784553430087315,1,"ratio","Illustrative relative_fishing_mortality"
"dynamic_spawning_depletion","Higher",20,"Tag overdispersion","tag_mixing",0.57303562005821,1,"ratio","Illustrative dynamic_spawning_depletion"
"relative_fishing_mortality","Higher",20,"Tag overdispersion","tag_mixing",0.859553430087315,1,"ratio","Illustrative relative_fishing_mortality"
"dynamic_spawning_depletion","Lower",21,"Tag overdispersion","tag_mixing",0.516932451082885,1,"ratio","Illustrative dynamic_spawning_depletion"
"relative_fishing_mortality","Lower",21,"Tag overdispersion","tag_mixing",0.775398676624327,1,"ratio","Illustrative relative_fishing_mortality"
"dynamic_spawning_depletion","Higher",21,"Tag overdispersion","tag_mixing",0.566932451082885,1,"ratio","Illustrative dynamic_spawning_depletion"
"relative_fishing_mortality","Higher",21,"Tag overdispersion","tag_mixing",0.850398676624327,1,"ratio","Illustrative relative_fishing_mortality"
"dynamic_spawning_depletion","Lower",22,"Tag overdispersion","tag_mixing",0.449291895256768,1,"ratio","Illustrative dynamic_spawning_depletion"
"relative_fishing_mortality","Lower",22,"Tag overdispersion","tag_mixing",0.673937842885152,1,"ratio","Illustrative relative_fishing_mortality"
"dynamic_spawning_depletion","Higher",22,"Tag overdispersion","tag_mixing",0.499291895256768,1,"ratio","Illustrative dynamic_spawning_depletion"
"relative_fishing_mortality","Higher",22,"Tag overdispersion","tag_mixing",0.748937842885152,1,"ratio","Illustrative relative_fishing_mortality"
"dynamic_spawning_depletion","Lower",23,"Tag overdispersion","tag_mixing",0.382302367665986,1,"ratio","Illustrative dynamic_spawning_depletion"
"relative_fishing_mortality","Lower",23,"Tag overdispersion","tag_mixing",0.57345355149898,1,"ratio","Illustrative relative_fishing_mortality"
"dynamic_spawning_depletion","Higher",23,"Tag overdispersion","tag_mixing",0.432302367665986,1,"ratio","Illustrative dynamic_spawning_depletion"
"relative_fishing_mortality","Higher",23,"Tag overdispersion","tag_mixing",0.64845355149898,1,"ratio","Illustrative relative_fishing_mortality"
"dynamic_spawning_depletion","Lower",24,"Tag overdispersion","tag_mixing",0.37755373103947,1,"ratio","Illustrative dynamic_spawning_depletion"
"relative_fishing_mortality","Lower",24,"Tag overdispersion","tag_mixing",0.566330596559205,1,"ratio","Illustrative relative_fishing_mortality"
"dynamic_spawning_depletion","Higher",24,"Tag overdispersion","tag_mixing",0.42755373103947,1,"ratio","Illustrative dynamic_spawning_depletion"
"relative_fishing_mortality","Higher",24,"Tag overdispersion","tag_mixing",0.641330596559205,1,"ratio","Illustrative relative_fishing_mortality"
"dynamic_spawning_depletion","Lower",25,"Tag overdispersion","tag_mixing",0.439411859992178,1,"ratio","Illustrative dynamic_spawning_depletion"
"relative_fishing_mortality","Lower",25,"Tag overdispersion","tag_mixing",0.659117789988267,1,"ratio","Illustrative relative_fishing_mortality"
"dynamic_spawning_depletion","Higher",25,"Tag overdispersion","tag_mixing",0.489411859992178,1,"ratio","Illustrative dynamic_spawning_depletion"
"relative_fishing_mortality","Higher",25,"Tag overdispersion","tag_mixing",0.734117789988267,1,"ratio","Illustrative relative_fishing_mortality"
"dynamic_spawning_depletion","Lower",26,"Tag overdispersion","tag_mixing",0.511004676038368,1,"ratio","Illustrative dynamic_spawning_depletion"
"relative_fishing_mortality","Lower",26,"Tag overdispersion","tag_mixing",0.766507014057552,1,"ratio","Illustrative relative_fishing_mortality"
"dynamic_spawning_depletion","Higher",26,"Tag overdispersion","tag_mixing",0.561004676038368,1,"ratio","Illustrative dynamic_spawning_depletion"
"relative_fishing_mortality","Higher",26,"Tag overdispersion","tag_mixing",0.841507014057552,1,"ratio","Illustrative relative_fishing_mortality"
"dynamic_spawning_depletion","Lower",27,"Tag overdispersion","tag_mixing",0.52651007427236,1,"ratio","Illustrative dynamic_spawning_depletion"
"relative_fishing_mortality","Lower",27,"Tag overdispersion","tag_mixing",0.78976511140854,1,"ratio","Illustrative relative_fishing_mortality"
"dynamic_spawning_depletion","Higher",27,"Tag overdispersion","tag_mixing",0.57651007427236,1,"ratio","Illustrative dynamic_spawning_depletion"
"relative_fishing_mortality","Higher",27,"Tag overdispersion","tag_mixing",0.864765111408541,1,"ratio","Illustrative relative_fishing_mortality"
"dynamic_spawning_depletion","Lower",28,"Tag overdispersion","tag_mixing",0.47167246306463,1,"ratio","Illustrative dynamic_spawning_depletion"
"relative_fishing_mortality","Lower",28,"Tag overdispersion","tag_mixing",0.707508694596944,1,"ratio","Illustrative relative_fishing_mortality"
"dynamic_spawning_depletion","Higher",28,"Tag overdispersion","tag_mixing",0.52167246306463,1,"ratio","Illustrative dynamic_spawning_depletion"
"relative_fishing_mortality","Higher",28,"Tag overdispersion","tag_mixing",0.782508694596944,1,"ratio","Illustrative relative_fishing_mortality"
"dynamic_spawning_depletion","Lower",29,"Tag overdispersion","tag_mixing",0.396909289262963,1,"ratio","Illustrative dynamic_spawning_depletion"
"relative_fishing_mortality","Lower",29,"Tag overdispersion","tag_mixing",0.595363933894444,1,"ratio","Illustrative relative_fishing_mortality"
"dynamic_spawning_depletion","Higher",29,"Tag overdispersion","tag_mixing",0.446909289262963,1,"ratio","Illustrative dynamic_spawning_depletion"
"relative_fishing_mortality","Higher",29,"Tag overdispersion","tag_mixing",0.670363933894444,1,"ratio","Illustrative relative_fishing_mortality"
"dynamic_spawning_depletion","Lower",30,"Tag overdispersion","tag_mixing",0.370957470072571,1,"ratio","Illustrative dynamic_spawning_depletion"
"relative_fishing_mortality","Lower",30,"Tag overdispersion","tag_mixing",0.556436205108857,1,"ratio","Illustrative relative_fishing_mortality"
"dynamic_spawning_depletion","Higher",30,"Tag overdispersion","tag_mixing",0.420957470072571,1,"ratio","Illustrative dynamic_spawning_depletion"
"relative_fishing_mortality","Higher",30,"Tag overdispersion","tag_mixing",0.631436205108857,1,"ratio","Illustrative relative_fishing_mortality"
"dynamic_spawning_depletion","Lower",1,"Mixing cutoff","tag_mixing",0.517317678784632,1,"ratio","Illustrative dynamic_spawning_depletion"
"relative_fishing_mortality","Lower",1,"Mixing cutoff","tag_mixing",0.775976518176948,1,"ratio","Illustrative relative_fishing_mortality"
"dynamic_spawning_depletion","Higher",1,"Mixing cutoff","tag_mixing",0.567317678784632,1,"ratio","Illustrative dynamic_spawning_depletion"
"relative_fishing_mortality","Higher",1,"Mixing cutoff","tag_mixing",0.850976518176948,1,"ratio","Illustrative relative_fishing_mortality"
"dynamic_spawning_depletion","Lower",2,"Mixing cutoff","tag_mixing",0.522743794146055,1,"ratio","Illustrative dynamic_spawning_depletion"
"relative_fishing_mortality","Lower",2,"Mixing cutoff","tag_mixing",0.784115691219082,1,"ratio","Illustrative relative_fishing_mortality"
"dynamic_spawning_depletion","Higher",2,"Mixing cutoff","tag_mixing",0.572743794146055,1,"ratio","Illustrative dynamic_spawning_depletion"
"relative_fishing_mortality","Higher",2,"Mixing cutoff","tag_mixing",0.859115691219082,1,"ratio","Illustrative relative_fishing_mortality"
"dynamic_spawning_depletion","Lower",3,"Mixing cutoff","tag_mixing",0.461289600644789,1,"ratio","Illustrative dynamic_spawning_depletion"
"relative_fishing_mortality","Lower",3,"Mixing cutoff","tag_mixing",0.691934400967184,1,"ratio","Illustrative relative_fishing_mortality"
"dynamic_spawning_depletion","Higher",3,"Mixing cutoff","tag_mixing",0.511289600644789,1,"ratio","Illustrative dynamic_spawning_depletion"
"relative_fishing_mortality","Higher",3,"Mixing cutoff","tag_mixing",0.766934400967184,1,"ratio","Illustrative relative_fishing_mortality"
"dynamic_spawning_depletion","Lower",4,"Mixing cutoff","tag_mixing",0.389455800375366,1,"ratio","Illustrative dynamic_spawning_depletion"
"relative_fishing_mortality","Lower",4,"Mixing cutoff","tag_mixing",0.584183700563049,1,"ratio","Illustrative relative_fishing_mortality"
"dynamic_spawning_depletion","Higher",4,"Mixing cutoff","tag_mixing",0.439455800375366,1,"ratio","Illustrative dynamic_spawning_depletion"
"relative_fishing_mortality","Higher",4,"Mixing cutoff","tag_mixing",0.659183700563049,1,"ratio","Illustrative relative_fishing_mortality"
"dynamic_spawning_depletion","Lower",5,"Mixing cutoff","tag_mixing",0.373286058026949,1,"ratio","Illustrative dynamic_spawning_depletion"
"relative_fishing_mortality","Lower",5,"Mixing cutoff","tag_mixing",0.559929087040423,1,"ratio","Illustrative relative_fishing_mortality"
"dynamic_spawning_depletion","Higher",5,"Mixing cutoff","tag_mixing",0.423286058026949,1,"ratio","Illustrative dynamic_spawning_depletion"
"relative_fishing_mortality","Higher",5,"Mixing cutoff","tag_mixing",0.634929087040423,1,"ratio","Illustrative relative_fishing_mortality"
"dynamic_spawning_depletion","Lower",6,"Mixing cutoff","tag_mixing",0.427646760144086,1,"ratio","Illustrative dynamic_spawning_depletion"
"relative_fishing_mortality","Lower",6,"Mixing cutoff","tag_mixing",0.641470140216129,1,"ratio","Illustrative relative_fishing_mortality"
"dynamic_spawning_depletion","Higher",6,"Mixing cutoff","tag_mixing",0.477646760144086,1,"ratio","Illustrative dynamic_spawning_depletion"
"relative_fishing_mortality","Higher",6,"Mixing cutoff","tag_mixing",0.716470140216129,1,"ratio","Illustrative relative_fishing_mortality"
"dynamic_spawning_depletion","Lower",7,"Mixing cutoff","tag_mixing",0.502558927897503,1,"ratio","Illustrative dynamic_spawning_depletion"
"relative_fishing_mortality","Lower",7,"Mixing cutoff","tag_mixing",0.753838391846255,1,"ratio","Illustrative relative_fishing_mortality"
"dynamic_spawning_depletion","Higher",7,"Mixing cutoff","tag_mixing",0.552558927897503,1,"ratio","Illustrative dynamic_spawning_depletion"
"relative_fishing_mortality","Higher",7,"Mixing cutoff","tag_mixing",0.828838391846255,1,"ratio","Illustrative relative_fishing_mortality"
"dynamic_spawning_depletion","Lower",8,"Mixing cutoff","tag_mixing",0.529148659729871,1,"ratio","Illustrative dynamic_spawning_depletion"
"relative_fishing_mortality","Lower",8,"Mixing cutoff","tag_mixing",0.793722989594806,1,"ratio","Illustrative relative_fishing_mortality"
"dynamic_spawning_depletion","Higher",8,"Mixing cutoff","tag_mixing",0.579148659729871,1,"ratio","Illustrative dynamic_spawning_depletion"
"relative_fishing_mortality","Higher",8,"Mixing cutoff","tag_mixing",0.868722989594806,1,"ratio","Illustrative relative_fishing_mortality"
"dynamic_spawning_depletion","Lower",9,"Mixing cutoff","tag_mixing",0.482969478819341,1,"ratio","Illustrative dynamic_spawning_depletion"
"relative_fishing_mortality","Lower",9,"Mixing cutoff","tag_mixing",0.724454218229011,1,"ratio","Illustrative relative_fishing_mortality"
"dynamic_spawning_depletion","Higher",9,"Mixing cutoff","tag_mixing",0.532969478819341,1,"ratio","Illustrative dynamic_spawning_depletion"
"relative_fishing_mortality","Higher",9,"Mixing cutoff","tag_mixing",0.799454218229011,1,"ratio","Illustrative relative_fishing_mortality"
"dynamic_spawning_depletion","Lower",10,"Mixing cutoff","tag_mixing",0.40647831112885,1,"ratio","Illustrative dynamic_spawning_depletion"
"relative_fishing_mortality","Lower",10,"Mixing cutoff","tag_mixing",0.609717466693276,1,"ratio","Illustrative relative_fishing_mortality"
"dynamic_spawning_depletion","Higher",10,"Mixing cutoff","tag_mixing",0.45647831112885,1,"ratio","Illustrative dynamic_spawning_depletion"
"relative_fishing_mortality","Higher",10,"Mixing cutoff","tag_mixing",0.684717466693276,1,"ratio","Illustrative relative_fishing_mortality"
"dynamic_spawning_depletion","Lower",11,"Mixing cutoff","tag_mixing",0.370000783475944,1,"ratio","Illustrative dynamic_spawning_depletion"
"relative_fishing_mortality","Lower",11,"Mixing cutoff","tag_mixing",0.555001175213916,1,"ratio","Illustrative relative_fishing_mortality"
"dynamic_spawning_depletion","Higher",11,"Mixing cutoff","tag_mixing",0.420000783475944,1,"ratio","Illustrative dynamic_spawning_depletion"
"relative_fishing_mortality","Higher",11,"Mixing cutoff","tag_mixing",0.630001175213916,1,"ratio","Illustrative relative_fishing_mortality"
"dynamic_spawning_depletion","Lower",12,"Mixing cutoff","tag_mixing",0.407074166559965,1,"ratio","Illustrative dynamic_spawning_depletion"
"relative_fishing_mortality","Lower",12,"Mixing cutoff","tag_mixing",0.610611249839948,1,"ratio","Illustrative relative_fishing_mortality"
"dynamic_spawning_depletion","Higher",12,"Mixing cutoff","tag_mixing",0.457074166559965,1,"ratio","Illustrative dynamic_spawning_depletion"
"relative_fishing_mortality","Higher",12,"Mixing cutoff","tag_mixing",0.685611249839948,1,"ratio","Illustrative relative_fishing_mortality"
"dynamic_spawning_depletion","Lower",13,"Mixing cutoff","tag_mixing",0.483613362946131,1,"ratio","Illustrative dynamic_spawning_depletion"
"relative_fishing_mortality","Lower",13,"Mixing cutoff","tag_mixing",0.725420044419197,1,"ratio","Illustrative relative_fishing_mortality"
"dynamic_spawning_depletion","Higher",13,"Mixing cutoff","tag_mixing",0.533613362946131,1,"ratio","Illustrative dynamic_spawning_depletion"
"relative_fishing_mortality","Higher",13,"Mixing cutoff","tag_mixing",0.800420044419197,1,"ratio","Illustrative relative_fishing_mortality"
"dynamic_spawning_depletion","Lower",14,"Mixing cutoff","tag_mixing",0.52924858845559,1,"ratio","Illustrative dynamic_spawning_depletion"
"relative_fishing_mortality","Lower",14,"Mixing cutoff","tag_mixing",0.793872882683385,1,"ratio","Illustrative relative_fishing_mortality"
"dynamic_spawning_depletion","Higher",14,"Mixing cutoff","tag_mixing",0.57924858845559,1,"ratio","Illustrative dynamic_spawning_depletion"
"relative_fishing_mortality","Higher",14,"Mixing cutoff","tag_mixing",0.868872882683384,1,"ratio","Illustrative relative_fishing_mortality"
"dynamic_spawning_depletion","Lower",15,"Mixing cutoff","tag_mixing",0.502023027212569,1,"ratio","Illustrative dynamic_spawning_depletion"
"relative_fishing_mortality","Lower",15,"Mixing cutoff","tag_mixing",0.753034540818854,1,"ratio","Illustrative relative_fishing_mortality"
"dynamic_spawning_depletion","Higher",15,"Mixing cutoff","tag_mixing",0.552023027212569,1,"ratio","Illustrative dynamic_spawning_depletion"
"relative_fishing_mortality","Higher",15,"Mixing cutoff","tag_mixing",0.828034540818854,1,"ratio","Illustrative relative_fishing_mortality"
"dynamic_spawning_depletion","Lower",16,"Mixing cutoff","tag_mixing",0.426967734666795,1,"ratio","Illustrative dynamic_spawning_depletion"
"relative_fishing_mortality","Lower",16,"Mixing cutoff","tag_mixing",0.640451602000192,1,"ratio","Illustrative relative_fishing_mortality"
"dynamic_spawning_depletion","Higher",16,"Mixing cutoff","tag_mixing",0.476967734666795,1,"ratio","Illustrative dynamic_spawning_depletion"
"relative_fishing_mortality","Higher",16,"Mixing cutoff","tag_mixing",0.715451602000192,1,"ratio","Illustrative relative_fishing_mortality"
"dynamic_spawning_depletion","Lower",17,"Mixing cutoff","tag_mixing",0.373088200649635,1,"ratio","Illustrative dynamic_spawning_depletion"
"relative_fishing_mortality","Lower",17,"Mixing cutoff","tag_mixing",0.559632300974453,1,"ratio","Illustrative relative_fishing_mortality"
"dynamic_spawning_depletion","Higher",17,"Mixing cutoff","tag_mixing",0.423088200649635,1,"ratio","Illustrative dynamic_spawning_depletion"
"relative_fishing_mortality","Higher",17,"Mixing cutoff","tag_mixing",0.634632300974453,1,"ratio","Illustrative relative_fishing_mortality"
"dynamic_spawning_depletion","Lower",18,"Mixing cutoff","tag_mixing",0.389921020258266,1,"ratio","Illustrative dynamic_spawning_depletion"
"relative_fishing_mortality","Lower",18,"Mixing cutoff","tag_mixing",0.584881530387399,1,"ratio","Illustrative relative_fishing_mortality"
"dynamic_spawning_depletion","Higher",18,"Mixing cutoff","tag_mixing",0.439921020258266,1,"ratio","Illustrative dynamic_spawning_depletion"
"relative_fishing_mortality","Higher",18,"Mixing cutoff","tag_mixing",0.659881530387399,1,"ratio","Illustrative relative_fishing_mortality"
"dynamic_spawning_depletion","Lower",19,"Mixing cutoff","tag_mixing",0.461990176773036,1,"ratio","Illustrative dynamic_spawning_depletion"
"relative_fishing_mortality","Lower",19,"Mixing cutoff","tag_mixing",0.692985265159554,1,"ratio","Illustrative relative_fishing_mortality"
"dynamic_spawning_depletion","Higher",19,"Mixing cutoff","tag_mixing",0.511990176773036,1,"ratio","Illustrative dynamic_spawning_depletion"
"relative_fishing_mortality","Higher",19,"Mixing cutoff","tag_mixing",0.767985265159554,1,"ratio","Illustrative relative_fishing_mortality"
"dynamic_spawning_depletion","Lower",20,"Mixing cutoff","tag_mixing",0.52303562005821,1,"ratio","Illustrative dynamic_spawning_depletion"
"relative_fishing_mortality","Lower",20,"Mixing cutoff","tag_mixing",0.784553430087315,1,"ratio","Illustrative relative_fishing_mortality"
"dynamic_spawning_depletion","Higher",20,"Mixing cutoff","tag_mixing",0.57303562005821,1,"ratio","Illustrative dynamic_spawning_depletion"
"relative_fishing_mortality","Higher",20,"Mixing cutoff","tag_mixing",0.859553430087315,1,"ratio","Illustrative relative_fishing_mortality"
"dynamic_spawning_depletion","Lower",21,"Mixing cutoff","tag_mixing",0.516932451082885,1,"ratio","Illustrative dynamic_spawning_depletion"
"relative_fishing_mortality","Lower",21,"Mixing cutoff","tag_mixing",0.775398676624327,1,"ratio","Illustrative relative_fishing_mortality"
"dynamic_spawning_depletion","Higher",21,"Mixing cutoff","tag_mixing",0.566932451082885,1,"ratio","Illustrative dynamic_spawning_depletion"
"relative_fishing_mortality","Higher",21,"Mixing cutoff","tag_mixing",0.850398676624327,1,"ratio","Illustrative relative_fishing_mortality"
"dynamic_spawning_depletion","Lower",22,"Mixing cutoff","tag_mixing",0.449291895256768,1,"ratio","Illustrative dynamic_spawning_depletion"
"relative_fishing_mortality","Lower",22,"Mixing cutoff","tag_mixing",0.673937842885152,1,"ratio","Illustrative relative_fishing_mortality"
"dynamic_spawning_depletion","Higher",22,"Mixing cutoff","tag_mixing",0.499291895256768,1,"ratio","Illustrative dynamic_spawning_depletion"
"relative_fishing_mortality","Higher",22,"Mixing cutoff","tag_mixing",0.748937842885152,1,"ratio","Illustrative relative_fishing_mortality"
"dynamic_spawning_depletion","Lower",23,"Mixing cutoff","tag_mixing",0.382302367665986,1,"ratio","Illustrative dynamic_spawning_depletion"
"relative_fishing_mortality","Lower",23,"Mixing cutoff","tag_mixing",0.57345355149898,1,"ratio","Illustrative relative_fishing_mortality"
"dynamic_spawning_depletion","Higher",23,"Mixing cutoff","tag_mixing",0.432302367665986,1,"ratio","Illustrative dynamic_spawning_depletion"
"relative_fishing_mortality","Higher",23,"Mixing cutoff","tag_mixing",0.64845355149898,1,"ratio","Illustrative relative_fishing_mortality"
"dynamic_spawning_depletion","Lower",24,"Mixing cutoff","tag_mixing",0.37755373103947,1,"ratio","Illustrative dynamic_spawning_depletion"
"relative_fishing_mortality","Lower",24,"Mixing cutoff","tag_mixing",0.566330596559205,1,"ratio","Illustrative relative_fishing_mortality"
"dynamic_spawning_depletion","Higher",24,"Mixing cutoff","tag_mixing",0.42755373103947,1,"ratio","Illustrative dynamic_spawning_depletion"
"relative_fishing_mortality","Higher",24,"Mixing cutoff","tag_mixing",0.641330596559205,1,"ratio","Illustrative relative_fishing_mortality"
"dynamic_spawning_depletion","Lower",25,"Mixing cutoff","tag_mixing",0.439411859992178,1,"ratio","Illustrative dynamic_spawning_depletion"
"relative_fishing_mortality","Lower",25,"Mixing cutoff","tag_mixing",0.659117789988267,1,"ratio","Illustrative relative_fishing_mortality"
"dynamic_spawning_depletion","Higher",25,"Mixing cutoff","tag_mixing",0.489411859992178,1,"ratio","Illustrative dynamic_spawning_depletion"
"relative_fishing_mortality","Higher",25,"Mixing cutoff","tag_mixing",0.734117789988267,1,"ratio","Illustrative relative_fishing_mortality"
"dynamic_spawning_depletion","Lower",26,"Mixing cutoff","tag_mixing",0.511004676038368,1,"ratio","Illustrative dynamic_spawning_depletion"
"relative_fishing_mortality","Lower",26,"Mixing cutoff","tag_mixing",0.766507014057552,1,"ratio","Illustrative relative_fishing_mortality"
"dynamic_spawning_depletion","Higher",26,"Mixing cutoff","tag_mixing",0.561004676038368,1,"ratio","Illustrative dynamic_spawning_depletion"
"relative_fishing_mortality","Higher",26,"Mixing cutoff","tag_mixing",0.841507014057552,1,"ratio","Illustrative relative_fishing_mortality"
"dynamic_spawning_depletion","Lower",27,"Mixing cutoff","tag_mixing",0.52651007427236,1,"ratio","Illustrative dynamic_spawning_depletion"
"relative_fishing_mortality","Lower",27,"Mixing cutoff","tag_mixing",0.78976511140854,1,"ratio","Illustrative relative_fishing_mortality"
"dynamic_spawning_depletion","Higher",27,"Mixing cutoff","tag_mixing",0.57651007427236,1,"ratio","Illustrative dynamic_spawning_depletion"
"relative_fishing_mortality","Higher",27,"Mixing cutoff","tag_mixing",0.864765111408541,1,"ratio","Illustrative relative_fishing_mortality"
"dynamic_spawning_depletion","Lower",28,"Mixing cutoff","tag_mixing",0.47167246306463,1,"ratio","Illustrative dynamic_spawning_depletion"
"relative_fishing_mortality","Lower",28,"Mixing cutoff","tag_mixing",0.707508694596944,1,"ratio","Illustrative relative_fishing_mortality"
"dynamic_spawning_depletion","Higher",28,"Mixing cutoff","tag_mixing",0.52167246306463,1,"ratio","Illustrative dynamic_spawning_depletion"
"relative_fishing_mortality","Higher",28,"Mixing cutoff","tag_mixing",0.782508694596944,1,"ratio","Illustrative relative_fishing_mortality"
"dynamic_spawning_depletion","Lower",29,"Mixing cutoff","tag_mixing",0.396909289262963,1,"ratio","Illustrative dynamic_spawning_depletion"
"relative_fishing_mortality","Lower",29,"Mixing cutoff","tag_mixing",0.595363933894444,1,"ratio","Illustrative relative_fishing_mortality"
"dynamic_spawning_depletion","Higher",29,"Mixing cutoff","tag_mixing",0.446909289262963,1,"ratio","Illustrative dynamic_spawning_depletion"
"relative_fishing_mortality","Higher",29,"Mixing cutoff","tag_mixing",0.670363933894444,1,"ratio","Illustrative relative_fishing_mortality"
"dynamic_spawning_depletion","Lower",30,"Mixing cutoff","tag_mixing",0.370957470072571,1,"ratio","Illustrative dynamic_spawning_depletion"
"relative_fishing_mortality","Lower",30,"Mixing cutoff","tag_mixing",0.556436205108857,1,"ratio","Illustrative relative_fishing_mortality"
"dynamic_spawning_depletion","Higher",30,"Mixing cutoff","tag_mixing",0.420957470072571,1,"ratio","Illustrative dynamic_spawning_depletion"
"relative_fishing_mortality","Higher",30,"Mixing cutoff","tag_mixing",0.631436205108857,1,"ratio","Illustrative relative_fishing_mortality"
"dynamic_spawning_depletion","Lower",1,"Reporting treatment","reporting_effort",0.517317678784632,1,"ratio","Illustrative dynamic_spawning_depletion"
"relative_fishing_mortality","Lower",1,"Reporting treatment","reporting_effort",0.775976518176948,1,"ratio","Illustrative relative_fishing_mortality"
"dynamic_spawning_depletion","Higher",1,"Reporting treatment","reporting_effort",0.567317678784632,1,"ratio","Illustrative dynamic_spawning_depletion"
"relative_fishing_mortality","Higher",1,"Reporting treatment","reporting_effort",0.850976518176948,1,"ratio","Illustrative relative_fishing_mortality"
"dynamic_spawning_depletion","Lower",2,"Reporting treatment","reporting_effort",0.522743794146055,1,"ratio","Illustrative dynamic_spawning_depletion"
"relative_fishing_mortality","Lower",2,"Reporting treatment","reporting_effort",0.784115691219082,1,"ratio","Illustrative relative_fishing_mortality"
"dynamic_spawning_depletion","Higher",2,"Reporting treatment","reporting_effort",0.572743794146055,1,"ratio","Illustrative dynamic_spawning_depletion"
"relative_fishing_mortality","Higher",2,"Reporting treatment","reporting_effort",0.859115691219082,1,"ratio","Illustrative relative_fishing_mortality"
"dynamic_spawning_depletion","Lower",3,"Reporting treatment","reporting_effort",0.461289600644789,1,"ratio","Illustrative dynamic_spawning_depletion"
"relative_fishing_mortality","Lower",3,"Reporting treatment","reporting_effort",0.691934400967184,1,"ratio","Illustrative relative_fishing_mortality"
"dynamic_spawning_depletion","Higher",3,"Reporting treatment","reporting_effort",0.511289600644789,1,"ratio","Illustrative dynamic_spawning_depletion"
"relative_fishing_mortality","Higher",3,"Reporting treatment","reporting_effort",0.766934400967184,1,"ratio","Illustrative relative_fishing_mortality"
"dynamic_spawning_depletion","Lower",4,"Reporting treatment","reporting_effort",0.389455800375366,1,"ratio","Illustrative dynamic_spawning_depletion"
"relative_fishing_mortality","Lower",4,"Reporting treatment","reporting_effort",0.584183700563049,1,"ratio","Illustrative relative_fishing_mortality"
"dynamic_spawning_depletion","Higher",4,"Reporting treatment","reporting_effort",0.439455800375366,1,"ratio","Illustrative dynamic_spawning_depletion"
"relative_fishing_mortality","Higher",4,"Reporting treatment","reporting_effort",0.659183700563049,1,"ratio","Illustrative relative_fishing_mortality"
"dynamic_spawning_depletion","Lower",5,"Reporting treatment","reporting_effort",0.373286058026949,1,"ratio","Illustrative dynamic_spawning_depletion"
"relative_fishing_mortality","Lower",5,"Reporting treatment","reporting_effort",0.559929087040423,1,"ratio","Illustrative relative_fishing_mortality"
"dynamic_spawning_depletion","Higher",5,"Reporting treatment","reporting_effort",0.423286058026949,1,"ratio","Illustrative dynamic_spawning_depletion"
"relative_fishing_mortality","Higher",5,"Reporting treatment","reporting_effort",0.634929087040423,1,"ratio","Illustrative relative_fishing_mortality"
"dynamic_spawning_depletion","Lower",6,"Reporting treatment","reporting_effort",0.427646760144086,1,"ratio","Illustrative dynamic_spawning_depletion"
"relative_fishing_mortality","Lower",6,"Reporting treatment","reporting_effort",0.641470140216129,1,"ratio","Illustrative relative_fishing_mortality"
"dynamic_spawning_depletion","Higher",6,"Reporting treatment","reporting_effort",0.477646760144086,1,"ratio","Illustrative dynamic_spawning_depletion"
"relative_fishing_mortality","Higher",6,"Reporting treatment","reporting_effort",0.716470140216129,1,"ratio","Illustrative relative_fishing_mortality"
"dynamic_spawning_depletion","Lower",7,"Reporting treatment","reporting_effort",0.502558927897503,1,"ratio","Illustrative dynamic_spawning_depletion"
"relative_fishing_mortality","Lower",7,"Reporting treatment","reporting_effort",0.753838391846255,1,"ratio","Illustrative relative_fishing_mortality"
"dynamic_spawning_depletion","Higher",7,"Reporting treatment","reporting_effort",0.552558927897503,1,"ratio","Illustrative dynamic_spawning_depletion"
"relative_fishing_mortality","Higher",7,"Reporting treatment","reporting_effort",0.828838391846255,1,"ratio","Illustrative relative_fishing_mortality"
"dynamic_spawning_depletion","Lower",8,"Reporting treatment","reporting_effort",0.529148659729871,1,"ratio","Illustrative dynamic_spawning_depletion"
"relative_fishing_mortality","Lower",8,"Reporting treatment","reporting_effort",0.793722989594806,1,"ratio","Illustrative relative_fishing_mortality"
"dynamic_spawning_depletion","Higher",8,"Reporting treatment","reporting_effort",0.579148659729871,1,"ratio","Illustrative dynamic_spawning_depletion"
"relative_fishing_mortality","Higher",8,"Reporting treatment","reporting_effort",0.868722989594806,1,"ratio","Illustrative relative_fishing_mortality"
"dynamic_spawning_depletion","Lower",9,"Reporting treatment","reporting_effort",0.482969478819341,1,"ratio","Illustrative dynamic_spawning_depletion"
"relative_fishing_mortality","Lower",9,"Reporting treatment","reporting_effort",0.724454218229011,1,"ratio","Illustrative relative_fishing_mortality"
"dynamic_spawning_depletion","Higher",9,"Reporting treatment","reporting_effort",0.532969478819341,1,"ratio","Illustrative dynamic_spawning_depletion"
"relative_fishing_mortality","Higher",9,"Reporting treatment","reporting_effort",0.799454218229011,1,"ratio","Illustrative relative_fishing_mortality"
"dynamic_spawning_depletion","Lower",10,"Reporting treatment","reporting_effort",0.40647831112885,1,"ratio","Illustrative dynamic_spawning_depletion"
"relative_fishing_mortality","Lower",10,"Reporting treatment","reporting_effort",0.609717466693276,1,"ratio","Illustrative relative_fishing_mortality"
"dynamic_spawning_depletion","Higher",10,"Reporting treatment","reporting_effort",0.45647831112885,1,"ratio","Illustrative dynamic_spawning_depletion"
"relative_fishing_mortality","Higher",10,"Reporting treatment","reporting_effort",0.684717466693276,1,"ratio","Illustrative relative_fishing_mortality"
"dynamic_spawning_depletion","Lower",11,"Reporting treatment","reporting_effort",0.370000783475944,1,"ratio","Illustrative dynamic_spawning_depletion"
"relative_fishing_mortality","Lower",11,"Reporting treatment","reporting_effort",0.555001175213916,1,"ratio","Illustrative relative_fishing_mortality"
"dynamic_spawning_depletion","Higher",11,"Reporting treatment","reporting_effort",0.420000783475944,1,"ratio","Illustrative dynamic_spawning_depletion"
"relative_fishing_mortality","Higher",11,"Reporting treatment","reporting_effort",0.630001175213916,1,"ratio","Illustrative relative_fishing_mortality"
"dynamic_spawning_depletion","Lower",12,"Reporting treatment","reporting_effort",0.407074166559965,1,"ratio","Illustrative dynamic_spawning_depletion"
"relative_fishing_mortality","Lower",12,"Reporting treatment","reporting_effort",0.610611249839948,1,"ratio","Illustrative relative_fishing_mortality"
"dynamic_spawning_depletion","Higher",12,"Reporting treatment","reporting_effort",0.457074166559965,1,"ratio","Illustrative dynamic_spawning_depletion"
"relative_fishing_mortality","Higher",12,"Reporting treatment","reporting_effort",0.685611249839948,1,"ratio","Illustrative relative_fishing_mortality"
"dynamic_spawning_depletion","Lower",13,"Reporting treatment","reporting_effort",0.483613362946131,1,"ratio","Illustrative dynamic_spawning_depletion"
"relative_fishing_mortality","Lower",13,"Reporting treatment","reporting_effort",0.725420044419197,1,"ratio","Illustrative relative_fishing_mortality"
"dynamic_spawning_depletion","Higher",13,"Reporting treatment","reporting_effort",0.533613362946131,1,"ratio","Illustrative dynamic_spawning_depletion"
"relative_fishing_mortality","Higher",13,"Reporting treatment","reporting_effort",0.800420044419197,1,"ratio","Illustrative relative_fishing_mortality"
"dynamic_spawning_depletion","Lower",14,"Reporting treatment","reporting_effort",0.52924858845559,1,"ratio","Illustrative dynamic_spawning_depletion"
"relative_fishing_mortality","Lower",14,"Reporting treatment","reporting_effort",0.793872882683385,1,"ratio","Illustrative relative_fishing_mortality"
"dynamic_spawning_depletion","Higher",14,"Reporting treatment","reporting_effort",0.57924858845559,1,"ratio","Illustrative dynamic_spawning_depletion"
"relative_fishing_mortality","Higher",14,"Reporting treatment","reporting_effort",0.868872882683384,1,"ratio","Illustrative relative_fishing_mortality"
"dynamic_spawning_depletion","Lower",15,"Reporting treatment","reporting_effort",0.502023027212569,1,"ratio","Illustrative dynamic_spawning_depletion"
"relative_fishing_mortality","Lower",15,"Reporting treatment","reporting_effort",0.753034540818854,1,"ratio","Illustrative relative_fishing_mortality"
"dynamic_spawning_depletion","Higher",15,"Reporting treatment","reporting_effort",0.552023027212569,1,"ratio","Illustrative dynamic_spawning_depletion"
"relative_fishing_mortality","Higher",15,"Reporting treatment","reporting_effort",0.828034540818854,1,"ratio","Illustrative relative_fishing_mortality"
"dynamic_spawning_depletion","Lower",16,"Reporting treatment","reporting_effort",0.426967734666795,1,"ratio","Illustrative dynamic_spawning_depletion"
"relative_fishing_mortality","Lower",16,"Reporting treatment","reporting_effort",0.640451602000192,1,"ratio","Illustrative relative_fishing_mortality"
"dynamic_spawning_depletion","Higher",16,"Reporting treatment","reporting_effort",0.476967734666795,1,"ratio","Illustrative dynamic_spawning_depletion"
"relative_fishing_mortality","Higher",16,"Reporting treatment","reporting_effort",0.715451602000192,1,"ratio","Illustrative relative_fishing_mortality"
"dynamic_spawning_depletion","Lower",17,"Reporting treatment","reporting_effort",0.373088200649635,1,"ratio","Illustrative dynamic_spawning_depletion"
"relative_fishing_mortality","Lower",17,"Reporting treatment","reporting_effort",0.559632300974453,1,"ratio","Illustrative relative_fishing_mortality"
"dynamic_spawning_depletion","Higher",17,"Reporting treatment","reporting_effort",0.423088200649635,1,"ratio","Illustrative dynamic_spawning_depletion"
"relative_fishing_mortality","Higher",17,"Reporting treatment","reporting_effort",0.634632300974453,1,"ratio","Illustrative relative_fishing_mortality"
"dynamic_spawning_depletion","Lower",18,"Reporting treatment","reporting_effort",0.389921020258266,1,"ratio","Illustrative dynamic_spawning_depletion"
"relative_fishing_mortality","Lower",18,"Reporting treatment","reporting_effort",0.584881530387399,1,"ratio","Illustrative relative_fishing_mortality"
"dynamic_spawning_depletion","Higher",18,"Reporting treatment","reporting_effort",0.439921020258266,1,"ratio","Illustrative dynamic_spawning_depletion"
"relative_fishing_mortality","Higher",18,"Reporting treatment","reporting_effort",0.659881530387399,1,"ratio","Illustrative relative_fishing_mortality"
"dynamic_spawning_depletion","Lower",19,"Reporting treatment","reporting_effort",0.461990176773036,1,"ratio","Illustrative dynamic_spawning_depletion"
"relative_fishing_mortality","Lower",19,"Reporting treatment","reporting_effort",0.692985265159554,1,"ratio","Illustrative relative_fishing_mortality"
"dynamic_spawning_depletion","Higher",19,"Reporting treatment","reporting_effort",0.511990176773036,1,"ratio","Illustrative dynamic_spawning_depletion"
"relative_fishing_mortality","Higher",19,"Reporting treatment","reporting_effort",0.767985265159554,1,"ratio","Illustrative relative_fishing_mortality"
"dynamic_spawning_depletion","Lower",20,"Reporting treatment","reporting_effort",0.52303562005821,1,"ratio","Illustrative dynamic_spawning_depletion"
"relative_fishing_mortality","Lower",20,"Reporting treatment","reporting_effort",0.784553430087315,1,"ratio","Illustrative relative_fishing_mortality"
"dynamic_spawning_depletion","Higher",20,"Reporting treatment","reporting_effort",0.57303562005821,1,"ratio","Illustrative dynamic_spawning_depletion"
"relative_fishing_mortality","Higher",20,"Reporting treatment","reporting_effort",0.859553430087315,1,"ratio","Illustrative relative_fishing_mortality"
"dynamic_spawning_depletion","Lower",21,"Reporting treatment","reporting_effort",0.516932451082885,1,"ratio","Illustrative dynamic_spawning_depletion"
"relative_fishing_mortality","Lower",21,"Reporting treatment","reporting_effort",0.775398676624327,1,"ratio","Illustrative relative_fishing_mortality"
"dynamic_spawning_depletion","Higher",21,"Reporting treatment","reporting_effort",0.566932451082885,1,"ratio","Illustrative dynamic_spawning_depletion"
"relative_fishing_mortality","Higher",21,"Reporting treatment","reporting_effort",0.850398676624327,1,"ratio","Illustrative relative_fishing_mortality"
"dynamic_spawning_depletion","Lower",22,"Reporting treatment","reporting_effort",0.449291895256768,1,"ratio","Illustrative dynamic_spawning_depletion"
"relative_fishing_mortality","Lower",22,"Reporting treatment","reporting_effort",0.673937842885152,1,"ratio","Illustrative relative_fishing_mortality"
"dynamic_spawning_depletion","Higher",22,"Reporting treatment","reporting_effort",0.499291895256768,1,"ratio","Illustrative dynamic_spawning_depletion"
"relative_fishing_mortality","Higher",22,"Reporting treatment","reporting_effort",0.748937842885152,1,"ratio","Illustrative relative_fishing_mortality"
"dynamic_spawning_depletion","Lower",23,"Reporting treatment","reporting_effort",0.382302367665986,1,"ratio","Illustrative dynamic_spawning_depletion"
"relative_fishing_mortality","Lower",23,"Reporting treatment","reporting_effort",0.57345355149898,1,"ratio","Illustrative relative_fishing_mortality"
"dynamic_spawning_depletion","Higher",23,"Reporting treatment","reporting_effort",0.432302367665986,1,"ratio","Illustrative dynamic_spawning_depletion"
"relative_fishing_mortality","Higher",23,"Reporting treatment","reporting_effort",0.64845355149898,1,"ratio","Illustrative relative_fishing_mortality"
"dynamic_spawning_depletion","Lower",24,"Reporting treatment","reporting_effort",0.37755373103947,1,"ratio","Illustrative dynamic_spawning_depletion"
"relative_fishing_mortality","Lower",24,"Reporting treatment","reporting_effort",0.566330596559205,1,"ratio","Illustrative relative_fishing_mortality"
"dynamic_spawning_depletion","Higher",24,"Reporting treatment","reporting_effort",0.42755373103947,1,"ratio","Illustrative dynamic_spawning_depletion"
"relative_fishing_mortality","Higher",24,"Reporting treatment","reporting_effort",0.641330596559205,1,"ratio","Illustrative relative_fishing_mortality"
"dynamic_spawning_depletion","Lower",25,"Reporting treatment","reporting_effort",0.439411859992178,1,"ratio","Illustrative dynamic_spawning_depletion"
"relative_fishing_mortality","Lower",25,"Reporting treatment","reporting_effort",0.659117789988267,1,"ratio","Illustrative relative_fishing_mortality"
"dynamic_spawning_depletion","Higher",25,"Reporting treatment","reporting_effort",0.489411859992178,1,"ratio","Illustrative dynamic_spawning_depletion"
"relative_fishing_mortality","Higher",25,"Reporting treatment","reporting_effort",0.734117789988267,1,"ratio","Illustrative relative_fishing_mortality"
"dynamic_spawning_depletion","Lower",26,"Reporting treatment","reporting_effort",0.511004676038368,1,"ratio","Illustrative dynamic_spawning_depletion"
"relative_fishing_mortality","Lower",26,"Reporting treatment","reporting_effort",0.766507014057552,1,"ratio","Illustrative relative_fishing_mortality"
"dynamic_spawning_depletion","Higher",26,"Reporting treatment","reporting_effort",0.561004676038368,1,"ratio","Illustrative dynamic_spawning_depletion"
"relative_fishing_mortality","Higher",26,"Reporting treatment","reporting_effort",0.841507014057552,1,"ratio","Illustrative relative_fishing_mortality"
"dynamic_spawning_depletion","Lower",27,"Reporting treatment","reporting_effort",0.52651007427236,1,"ratio","Illustrative dynamic_spawning_depletion"
"relative_fishing_mortality","Lower",27,"Reporting treatment","reporting_effort",0.78976511140854,1,"ratio","Illustrative relative_fishing_mortality"
"dynamic_spawning_depletion","Higher",27,"Reporting treatment","reporting_effort",0.57651007427236,1,"ratio","Illustrative dynamic_spawning_depletion"
"relative_fishing_mortality","Higher",27,"Reporting treatment","reporting_effort",0.864765111408541,1,"ratio","Illustrative relative_fishing_mortality"
"dynamic_spawning_depletion","Lower",28,"Reporting treatment","reporting_effort",0.47167246306463,1,"ratio","Illustrative dynamic_spawning_depletion"
"relative_fishing_mortality","Lower",28,"Reporting treatment","reporting_effort",0.707508694596944,1,"ratio","Illustrative relative_fishing_mortality"
"dynamic_spawning_depletion","Higher",28,"Reporting treatment","reporting_effort",0.52167246306463,1,"ratio","Illustrative dynamic_spawning_depletion"
"relative_fishing_mortality","Higher",28,"Reporting treatment","reporting_effort",0.782508694596944,1,"ratio","Illustrative relative_fishing_mortality"
"dynamic_spawning_depletion","Lower",29,"Reporting treatment","reporting_effort",0.396909289262963,1,"ratio","Illustrative dynamic_spawning_depletion"
"relative_fishing_mortality","Lower",29,"Reporting treatment","reporting_effort",0.595363933894444,1,"ratio","Illustrative relative_fishing_mortality"
"dynamic_spawning_depletion","Higher",29,"Reporting treatment","reporting_effort",0.446909289262963,1,"ratio","Illustrative dynamic_spawning_depletion"
"relative_fishing_mortality","Higher",29,"Reporting treatment","reporting_effort",0.670363933894444,1,"ratio","Illustrative relative_fishing_mortality"
"dynamic_spawning_depletion","Lower",30,"Reporting treatment","reporting_effort",0.370957470072571,1,"ratio","Illustrative dynamic_spawning_depletion"
"relative_fishing_mortality","Lower",30,"Reporting treatment","reporting_effort",0.556436205108857,1,"ratio","Illustrative relative_fishing_mortality"
"dynamic_spawning_depletion","Higher",30,"Reporting treatment","reporting_effort",0.420957470072571,1,"ratio","Illustrative dynamic_spawning_depletion"
"relative_fishing_mortality","Higher",30,"Reporting treatment","reporting_effort",0.631436205108857,1,"ratio","Illustrative relative_fishing_mortality"
"dynamic_spawning_depletion","Lower",1,"Effort creep","reporting_effort",0.517317678784632,1,"ratio","Illustrative dynamic_spawning_depletion"
"relative_fishing_mortality","Lower",1,"Effort creep","reporting_effort",0.775976518176948,1,"ratio","Illustrative relative_fishing_mortality"
"dynamic_spawning_depletion","Higher",1,"Effort creep","reporting_effort",0.567317678784632,1,"ratio","Illustrative dynamic_spawning_depletion"
"relative_fishing_mortality","Higher",1,"Effort creep","reporting_effort",0.850976518176948,1,"ratio","Illustrative relative_fishing_mortality"
"dynamic_spawning_depletion","Lower",2,"Effort creep","reporting_effort",0.522743794146055,1,"ratio","Illustrative dynamic_spawning_depletion"
"relative_fishing_mortality","Lower",2,"Effort creep","reporting_effort",0.784115691219082,1,"ratio","Illustrative relative_fishing_mortality"
"dynamic_spawning_depletion","Higher",2,"Effort creep","reporting_effort",0.572743794146055,1,"ratio","Illustrative dynamic_spawning_depletion"
"relative_fishing_mortality","Higher",2,"Effort creep","reporting_effort",0.859115691219082,1,"ratio","Illustrative relative_fishing_mortality"
"dynamic_spawning_depletion","Lower",3,"Effort creep","reporting_effort",0.461289600644789,1,"ratio","Illustrative dynamic_spawning_depletion"
"relative_fishing_mortality","Lower",3,"Effort creep","reporting_effort",0.691934400967184,1,"ratio","Illustrative relative_fishing_mortality"
"dynamic_spawning_depletion","Higher",3,"Effort creep","reporting_effort",0.511289600644789,1,"ratio","Illustrative dynamic_spawning_depletion"
"relative_fishing_mortality","Higher",3,"Effort creep","reporting_effort",0.766934400967184,1,"ratio","Illustrative relative_fishing_mortality"
"dynamic_spawning_depletion","Lower",4,"Effort creep","reporting_effort",0.389455800375366,1,"ratio","Illustrative dynamic_spawning_depletion"
"relative_fishing_mortality","Lower",4,"Effort creep","reporting_effort",0.584183700563049,1,"ratio","Illustrative relative_fishing_mortality"
"dynamic_spawning_depletion","Higher",4,"Effort creep","reporting_effort",0.439455800375366,1,"ratio","Illustrative dynamic_spawning_depletion"
"relative_fishing_mortality","Higher",4,"Effort creep","reporting_effort",0.659183700563049,1,"ratio","Illustrative relative_fishing_mortality"
"dynamic_spawning_depletion","Lower",5,"Effort creep","reporting_effort",0.373286058026949,1,"ratio","Illustrative dynamic_spawning_depletion"
"relative_fishing_mortality","Lower",5,"Effort creep","reporting_effort",0.559929087040423,1,"ratio","Illustrative relative_fishing_mortality"
"dynamic_spawning_depletion","Higher",5,"Effort creep","reporting_effort",0.423286058026949,1,"ratio","Illustrative dynamic_spawning_depletion"
"relative_fishing_mortality","Higher",5,"Effort creep","reporting_effort",0.634929087040423,1,"ratio","Illustrative relative_fishing_mortality"
"dynamic_spawning_depletion","Lower",6,"Effort creep","reporting_effort",0.427646760144086,1,"ratio","Illustrative dynamic_spawning_depletion"
"relative_fishing_mortality","Lower",6,"Effort creep","reporting_effort",0.641470140216129,1,"ratio","Illustrative relative_fishing_mortality"
"dynamic_spawning_depletion","Higher",6,"Effort creep","reporting_effort",0.477646760144086,1,"ratio","Illustrative dynamic_spawning_depletion"
"relative_fishing_mortality","Higher",6,"Effort creep","reporting_effort",0.716470140216129,1,"ratio","Illustrative relative_fishing_mortality"
"dynamic_spawning_depletion","Lower",7,"Effort creep","reporting_effort",0.502558927897503,1,"ratio","Illustrative dynamic_spawning_depletion"
"relative_fishing_mortality","Lower",7,"Effort creep","reporting_effort",0.753838391846255,1,"ratio","Illustrative relative_fishing_mortality"
"dynamic_spawning_depletion","Higher",7,"Effort creep","reporting_effort",0.552558927897503,1,"ratio","Illustrative dynamic_spawning_depletion"
"relative_fishing_mortality","Higher",7,"Effort creep","reporting_effort",0.828838391846255,1,"ratio","Illustrative relative_fishing_mortality"
"dynamic_spawning_depletion","Lower",8,"Effort creep","reporting_effort",0.529148659729871,1,"ratio","Illustrative dynamic_spawning_depletion"
"relative_fishing_mortality","Lower",8,"Effort creep","reporting_effort",0.793722989594806,1,"ratio","Illustrative relative_fishing_mortality"
"dynamic_spawning_depletion","Higher",8,"Effort creep","reporting_effort",0.579148659729871,1,"ratio","Illustrative dynamic_spawning_depletion"
"relative_fishing_mortality","Higher",8,"Effort creep","reporting_effort",0.868722989594806,1,"ratio","Illustrative relative_fishing_mortality"
"dynamic_spawning_depletion","Lower",9,"Effort creep","reporting_effort",0.482969478819341,1,"ratio","Illustrative dynamic_spawning_depletion"
"relative_fishing_mortality","Lower",9,"Effort creep","reporting_effort",0.724454218229011,1,"ratio","Illustrative relative_fishing_mortality"
"dynamic_spawning_depletion","Higher",9,"Effort creep","reporting_effort",0.532969478819341,1,"ratio","Illustrative dynamic_spawning_depletion"
"relative_fishing_mortality","Higher",9,"Effort creep","reporting_effort",0.799454218229011,1,"ratio","Illustrative relative_fishing_mortality"
"dynamic_spawning_depletion","Lower",10,"Effort creep","reporting_effort",0.40647831112885,1,"ratio","Illustrative dynamic_spawning_depletion"
"relative_fishing_mortality","Lower",10,"Effort creep","reporting_effort",0.609717466693276,1,"ratio","Illustrative relative_fishing_mortality"
"dynamic_spawning_depletion","Higher",10,"Effort creep","reporting_effort",0.45647831112885,1,"ratio","Illustrative dynamic_spawning_depletion"
"relative_fishing_mortality","Higher",10,"Effort creep","reporting_effort",0.684717466693276,1,"ratio","Illustrative relative_fishing_mortality"
"dynamic_spawning_depletion","Lower",11,"Effort creep","reporting_effort",0.370000783475944,1,"ratio","Illustrative dynamic_spawning_depletion"
"relative_fishing_mortality","Lower",11,"Effort creep","reporting_effort",0.555001175213916,1,"ratio","Illustrative relative_fishing_mortality"
"dynamic_spawning_depletion","Higher",11,"Effort creep","reporting_effort",0.420000783475944,1,"ratio","Illustrative dynamic_spawning_depletion"
"relative_fishing_mortality","Higher",11,"Effort creep","reporting_effort",0.630001175213916,1,"ratio","Illustrative relative_fishing_mortality"
"dynamic_spawning_depletion","Lower",12,"Effort creep","reporting_effort",0.407074166559965,1,"ratio","Illustrative dynamic_spawning_depletion"
"relative_fishing_mortality","Lower",12,"Effort creep","reporting_effort",0.610611249839948,1,"ratio","Illustrative relative_fishing_mortality"
"dynamic_spawning_depletion","Higher",12,"Effort creep","reporting_effort",0.457074166559965,1,"ratio","Illustrative dynamic_spawning_depletion"
"relative_fishing_mortality","Higher",12,"Effort creep","reporting_effort",0.685611249839948,1,"ratio","Illustrative relative_fishing_mortality"
"dynamic_spawning_depletion","Lower",13,"Effort creep","reporting_effort",0.483613362946131,1,"ratio","Illustrative dynamic_spawning_depletion"
"relative_fishing_mortality","Lower",13,"Effort creep","reporting_effort",0.725420044419197,1,"ratio","Illustrative relative_fishing_mortality"
"dynamic_spawning_depletion","Higher",13,"Effort creep","reporting_effort",0.533613362946131,1,"ratio","Illustrative dynamic_spawning_depletion"
"relative_fishing_mortality","Higher",13,"Effort creep","reporting_effort",0.800420044419197,1,"ratio","Illustrative relative_fishing_mortality"
"dynamic_spawning_depletion","Lower",14,"Effort creep","reporting_effort",0.52924858845559,1,"ratio","Illustrative dynamic_spawning_depletion"
"relative_fishing_mortality","Lower",14,"Effort creep","reporting_effort",0.793872882683385,1,"ratio","Illustrative relative_fishing_mortality"
"dynamic_spawning_depletion","Higher",14,"Effort creep","reporting_effort",0.57924858845559,1,"ratio","Illustrative dynamic_spawning_depletion"
"relative_fishing_mortality","Higher",14,"Effort creep","reporting_effort",0.868872882683384,1,"ratio","Illustrative relative_fishing_mortality"
"dynamic_spawning_depletion","Lower",15,"Effort creep","reporting_effort",0.502023027212569,1,"ratio","Illustrative dynamic_spawning_depletion"
"relative_fishing_mortality","Lower",15,"Effort creep","reporting_effort",0.753034540818854,1,"ratio","Illustrative relative_fishing_mortality"
"dynamic_spawning_depletion","Higher",15,"Effort creep","reporting_effort",0.552023027212569,1,"ratio","Illustrative dynamic_spawning_depletion"
"relative_fishing_mortality","Higher",15,"Effort creep","reporting_effort",0.828034540818854,1,"ratio","Illustrative relative_fishing_mortality"
"dynamic_spawning_depletion","Lower",16,"Effort creep","reporting_effort",0.426967734666795,1,"ratio","Illustrative dynamic_spawning_depletion"
"relative_fishing_mortality","Lower",16,"Effort creep","reporting_effort",0.640451602000192,1,"ratio","Illustrative relative_fishing_mortality"
"dynamic_spawning_depletion","Higher",16,"Effort creep","reporting_effort",0.476967734666795,1,"ratio","Illustrative dynamic_spawning_depletion"
"relative_fishing_mortality","Higher",16,"Effort creep","reporting_effort",0.715451602000192,1,"ratio","Illustrative relative_fishing_mortality"
"dynamic_spawning_depletion","Lower",17,"Effort creep","reporting_effort",0.373088200649635,1,"ratio","Illustrative dynamic_spawning_depletion"
"relative_fishing_mortality","Lower",17,"Effort creep","reporting_effort",0.559632300974453,1,"ratio","Illustrative relative_fishing_mortality"
"dynamic_spawning_depletion","Higher",17,"Effort creep","reporting_effort",0.423088200649635,1,"ratio","Illustrative dynamic_spawning_depletion"
"relative_fishing_mortality","Higher",17,"Effort creep","reporting_effort",0.634632300974453,1,"ratio","Illustrative relative_fishing_mortality"
"dynamic_spawning_depletion","Lower",18,"Effort creep","reporting_effort",0.389921020258266,1,"ratio","Illustrative dynamic_spawning_depletion"
"relative_fishing_mortality","Lower",18,"Effort creep","reporting_effort",0.584881530387399,1,"ratio","Illustrative relative_fishing_mortality"
"dynamic_spawning_depletion","Higher",18,"Effort creep","reporting_effort",0.439921020258266,1,"ratio","Illustrative dynamic_spawning_depletion"
"relative_fishing_mortality","Higher",18,"Effort creep","reporting_effort",0.659881530387399,1,"ratio","Illustrative relative_fishing_mortality"
"dynamic_spawning_depletion","Lower",19,"Effort creep","reporting_effort",0.461990176773036,1,"ratio","Illustrative dynamic_spawning_depletion"
"relative_fishing_mortality","Lower",19,"Effort creep","reporting_effort",0.692985265159554,1,"ratio","Illustrative relative_fishing_mortality"
"dynamic_spawning_depletion","Higher",19,"Effort creep","reporting_effort",0.511990176773036,1,"ratio","Illustrative dynamic_spawning_depletion"
"relative_fishing_mortality","Higher",19,"Effort creep","reporting_effort",0.767985265159554,1,"ratio","Illustrative relative_fishing_mortality"
"dynamic_spawning_depletion","Lower",20,"Effort creep","reporting_effort",0.52303562005821,1,"ratio","Illustrative dynamic_spawning_depletion"
"relative_fishing_mortality","Lower",20,"Effort creep","reporting_effort",0.784553430087315,1,"ratio","Illustrative relative_fishing_mortality"
"dynamic_spawning_depletion","Higher",20,"Effort creep","reporting_effort",0.57303562005821,1,"ratio","Illustrative dynamic_spawning_depletion"
"relative_fishing_mortality","Higher",20,"Effort creep","reporting_effort",0.859553430087315,1,"ratio","Illustrative relative_fishing_mortality"
"dynamic_spawning_depletion","Lower",21,"Effort creep","reporting_effort",0.516932451082885,1,"ratio","Illustrative dynamic_spawning_depletion"
"relative_fishing_mortality","Lower",21,"Effort creep","reporting_effort",0.775398676624327,1,"ratio","Illustrative relative_fishing_mortality"
"dynamic_spawning_depletion","Higher",21,"Effort creep","reporting_effort",0.566932451082885,1,"ratio","Illustrative dynamic_spawning_depletion"
"relative_fishing_mortality","Higher",21,"Effort creep","reporting_effort",0.850398676624327,1,"ratio","Illustrative relative_fishing_mortality"
"dynamic_spawning_depletion","Lower",22,"Effort creep","reporting_effort",0.449291895256768,1,"ratio","Illustrative dynamic_spawning_depletion"
"relative_fishing_mortality","Lower",22,"Effort creep","reporting_effort",0.673937842885152,1,"ratio","Illustrative relative_fishing_mortality"
"dynamic_spawning_depletion","Higher",22,"Effort creep","reporting_effort",0.499291895256768,1,"ratio","Illustrative dynamic_spawning_depletion"
"relative_fishing_mortality","Higher",22,"Effort creep","reporting_effort",0.748937842885152,1,"ratio","Illustrative relative_fishing_mortality"
"dynamic_spawning_depletion","Lower",23,"Effort creep","reporting_effort",0.382302367665986,1,"ratio","Illustrative dynamic_spawning_depletion"
"relative_fishing_mortality","Lower",23,"Effort creep","reporting_effort",0.57345355149898,1,"ratio","Illustrative relative_fishing_mortality"
"dynamic_spawning_depletion","Higher",23,"Effort creep","reporting_effort",0.432302367665986,1,"ratio","Illustrative dynamic_spawning_depletion"
"relative_fishing_mortality","Higher",23,"Effort creep","reporting_effort",0.64845355149898,1,"ratio","Illustrative relative_fishing_mortality"
"dynamic_spawning_depletion","Lower",24,"Effort creep","reporting_effort",0.37755373103947,1,"ratio","Illustrative dynamic_spawning_depletion"
"relative_fishing_mortality","Lower",24,"Effort creep","reporting_effort",0.566330596559205,1,"ratio","Illustrative relative_fishing_mortality"
"dynamic_spawning_depletion","Higher",24,"Effort creep","reporting_effort",0.42755373103947,1,"ratio","Illustrative dynamic_spawning_depletion"
"relative_fishing_mortality","Higher",24,"Effort creep","reporting_effort",0.641330596559205,1,"ratio","Illustrative relative_fishing_mortality"
"dynamic_spawning_depletion","Lower",25,"Effort creep","reporting_effort",0.439411859992178,1,"ratio","Illustrative dynamic_spawning_depletion"
"relative_fishing_mortality","Lower",25,"Effort creep","reporting_effort",0.659117789988267,1,"ratio","Illustrative relative_fishing_mortality"
"dynamic_spawning_depletion","Higher",25,"Effort creep","reporting_effort",0.489411859992178,1,"ratio","Illustrative dynamic_spawning_depletion"
"relative_fishing_mortality","Higher",25,"Effort creep","reporting_effort",0.734117789988267,1,"ratio","Illustrative relative_fishing_mortality"
"dynamic_spawning_depletion","Lower",26,"Effort creep","reporting_effort",0.511004676038368,1,"ratio","Illustrative dynamic_spawning_depletion"
"relative_fishing_mortality","Lower",26,"Effort creep","reporting_effort",0.766507014057552,1,"ratio","Illustrative relative_fishing_mortality"
"dynamic_spawning_depletion","Higher",26,"Effort creep","reporting_effort",0.561004676038368,1,"ratio","Illustrative dynamic_spawning_depletion"
"relative_fishing_mortality","Higher",26,"Effort creep","reporting_effort",0.841507014057552,1,"ratio","Illustrative relative_fishing_mortality"
"dynamic_spawning_depletion","Lower",27,"Effort creep","reporting_effort",0.52651007427236,1,"ratio","Illustrative dynamic_spawning_depletion"
"relative_fishing_mortality","Lower",27,"Effort creep","reporting_effort",0.78976511140854,1,"ratio","Illustrative relative_fishing_mortality"
"dynamic_spawning_depletion","Higher",27,"Effort creep","reporting_effort",0.57651007427236,1,"ratio","Illustrative dynamic_spawning_depletion"
"relative_fishing_mortality","Higher",27,"Effort creep","reporting_effort",0.864765111408541,1,"ratio","Illustrative relative_fishing_mortality"
"dynamic_spawning_depletion","Lower",28,"Effort creep","reporting_effort",0.47167246306463,1,"ratio","Illustrative dynamic_spawning_depletion"
"relative_fishing_mortality","Lower",28,"Effort creep","reporting_effort",0.707508694596944,1,"ratio","Illustrative relative_fishing_mortality"
"dynamic_spawning_depletion","Higher",28,"Effort creep","reporting_effort",0.52167246306463,1,"ratio","Illustrative dynamic_spawning_depletion"
"relative_fishing_mortality","Higher",28,"Effort creep","reporting_effort",0.782508694596944,1,"ratio","Illustrative relative_fishing_mortality"
"dynamic_spawning_depletion","Lower",29,"Effort creep","reporting_effort",0.396909289262963,1,"ratio","Illustrative dynamic_spawning_depletion"
"relative_fishing_mortality","Lower",29,"Effort creep","reporting_effort",0.595363933894444,1,"ratio","Illustrative relative_fishing_mortality"
"dynamic_spawning_depletion","Higher",29,"Effort creep","reporting_effort",0.446909289262963,1,"ratio","Illustrative dynamic_spawning_depletion"
"relative_fishing_mortality","Higher",29,"Effort creep","reporting_effort",0.670363933894444,1,"ratio","Illustrative relative_fishing_mortality"
"dynamic_spawning_depletion","Lower",30,"Effort creep","reporting_effort",0.370957470072571,1,"ratio","Illustrative dynamic_spawning_depletion"
"relative_fishing_mortality","Lower",30,"Effort creep","reporting_effort",0.556436205108857,1,"ratio","Illustrative relative_fishing_mortality"
"dynamic_spawning_depletion","Higher",30,"Effort creep","reporting_effort",0.420957470072571,1,"ratio","Illustrative dynamic_spawning_depletion"
"relative_fishing_mortality","Higher",30,"Effort creep","reporting_effort",0.631436205108857,1,"ratio","Illustrative relative_fishing_mortality"
