"time","kind","series","series_label","record","observed","predicted","unit","model","label"
1954,"index","F18_R1_G18","Index 18  / Region 1  / Group 18","1954",4.40903714715002,5.05322105333346,"geometric-mean-scaled index","reference","Diagnostic model"
1955,"index","F18_R1_G18","Index 18  / Region 1  / Group 18","1955",3.14529508758885,4.7659417472435,"geometric-mean-scaled index","reference","Diagnostic model"
1956,"index","F18_R1_G18","Index 18  / Region 1  / Group 18","1956",3.55845376339654,4.63099072156651,"geometric-mean-scaled index","reference","Diagnostic model"
1957,"index","F18_R1_G18","Index 18  / Region 1  / Group 18","1957",3.81367935187817,4.5100474659956,"geometric-mean-scaled index","reference","Diagnostic model"
1958,"index","F18_R1_G18","Index 18  / Region 1  / Group 18","1958",4.19937988018333,4.39191932226178,"geometric-mean-scaled index","reference","Diagnostic model"
1959,"index","F18_R1_G18","Index 18  / Region 1  / Group 18","1959",5.02003875847804,4.24193418019977,"geometric-mean-scaled index","reference","Diagnostic model"
1960,"index","F18_R1_G18","Index 18  / Region 1  / Group 18","1960",6.09415385779237,4.1145273038472,"geometric-mean-scaled index","reference","Diagnostic model"
1961,"index","F18_R1_G18","Index 18  / Region 1  / Group 18","1961",5.9871599837675,3.94514623503308,"geometric-mean-scaled index","reference","Diagnostic model"
1962,"index","F18_R1_G18","Index 18  / Region 1  / Group 18","1962",4.31836862588877,3.6763911719862,"geometric-mean-scaled index","reference","Diagnostic model"
1963,"index","F18_R1_G18","Index 18  / Region 1  / Group 18","1963",2.6756633141332,3.32872949217038,"geometric-mean-scaled index","reference","Diagnostic model"
1964,"index","F18_R1_G18","Index 18  / Region 1  / Group 18","1964",2.42251196662564,2.93850901564408,"geometric-mean-scaled index","reference","Diagnostic model"
1965,"index","F18_R1_G18","Index 18  / Region 1  / Group 18","1965",2.71599052736943,2.49224124235352,"geometric-mean-scaled index","reference","Diagnostic model"
1966,"index","F18_R1_G18","Index 18  / Region 1  / Group 18","1966",2.44814503331434,2.05224429404415,"geometric-mean-scaled index","reference","Diagnostic model"
1967,"index","F18_R1_G18","Index 18  / Region 1  / Group 18","1967",1.94746079529619,1.81394916878713,"geometric-mean-scaled index","reference","Diagnostic model"
1968,"index","F18_R1_G18","Index 18  / Region 1  / Group 18","1968",1.71471945569896,1.75189111558133,"geometric-mean-scaled index","reference","Diagnostic model"
1969,"index","F18_R1_G18","Index 18  / Region 1  / Group 18","1969",1.65433171113289,1.68863878871589,"geometric-mean-scaled index","reference","Diagnostic model"
1970,"index","F18_R1_G18","Index 18  / Region 1  / Group 18","1970",1.54780579698768,1.48902577968214,"geometric-mean-scaled index","reference","Diagnostic model"
1971,"index","F18_R1_G18","Index 18  / Region 1  / Group 18","1971",1.23412080025738,1.23260383007629,"geometric-mean-scaled index","reference","Diagnostic model"
1972,"index","F18_R1_G18","Index 18  / Region 1  / Group 18","1972",1.07338614840291,1.04233974183652,"geometric-mean-scaled index","reference","Diagnostic model"
1973,"index","F18_R1_G18","Index 18  / Region 1  / Group 18","1973",0.989103263951998,0.865759149532346,"geometric-mean-scaled index","reference","Diagnostic model"
1974,"index","F18_R1_G18","Index 18  / Region 1  / Group 18","1974",0.580301639759145,0.741152896876202,"geometric-mean-scaled index","reference","Diagnostic model"
1975,"index","F18_R1_G18","Index 18  / Region 1  / Group 18","1975",0.58813811691667,0.714651959542337,"geometric-mean-scaled index","reference","Diagnostic model"
1976,"index","F18_R1_G18","Index 18  / Region 1  / Group 18","1976",0.851064006357214,0.723886619442383,"geometric-mean-scaled index","reference","Diagnostic model"
1977,"index","F18_R1_G18","Index 18  / Region 1  / Group 18","1977",0.863018267252948,0.68080204987889,"geometric-mean-scaled index","reference","Diagnostic model"
1978,"index","F18_R1_G18","Index 18  / Region 1  / Group 18","1978",0.935245185300877,0.717707991048501,"geometric-mean-scaled index","reference","Diagnostic model"
1979,"index","F18_R1_G18","Index 18  / Region 1  / Group 18","1979",0.811891863308134,0.84200252906662,"geometric-mean-scaled index","reference","Diagnostic model"
1980,"index","F18_R1_G18","Index 18  / Region 1  / Group 18","1980",0.857986996795637,0.925982082342435,"geometric-mean-scaled index","reference","Diagnostic model"
1981,"index","F18_R1_G18","Index 18  / Region 1  / Group 18","1981",0.969775742290399,0.866004033834907,"geometric-mean-scaled index","reference","Diagnostic model"
1982,"index","F18_R1_G18","Index 18  / Region 1  / Group 18","1982",0.754187984251701,0.75326484098311,"geometric-mean-scaled index","reference","Diagnostic model"
1983,"index","F18_R1_G18","Index 18  / Region 1  / Group 18","1983",0.847323525052082,0.683537998912292,"geometric-mean-scaled index","reference","Diagnostic model"
1984,"index","F18_R1_G18","Index 18  / Region 1  / Group 18","1984",0.697012441179108,0.665233949904791,"geometric-mean-scaled index","reference","Diagnostic model"
1985,"index","F18_R1_G18","Index 18  / Region 1  / Group 18","1985",0.700113985527936,0.714680065592976,"geometric-mean-scaled index","reference","Diagnostic model"
1986,"index","F18_R1_G18","Index 18  / Region 1  / Group 18","1986",0.916792661518106,0.759397850118366,"geometric-mean-scaled index","reference","Diagnostic model"
1987,"index","F18_R1_G18","Index 18  / Region 1  / Group 18","1987",0.932698710694853,0.810227732442538,"geometric-mean-scaled index","reference","Diagnostic model"
1988,"index","F18_R1_G18","Index 18  / Region 1  / Group 18","1988",0.933673375591985,0.768286620435342,"geometric-mean-scaled index","reference","Diagnostic model"
1989,"index","F18_R1_G18","Index 18  / Region 1  / Group 18","1989",0.68771709247243,0.756447897743041,"geometric-mean-scaled index","reference","Diagnostic model"
1990,"index","F18_R1_G18","Index 18  / Region 1  / Group 18","1990",0.776975789161292,0.762326313200317,"geometric-mean-scaled index","reference","Diagnostic model"
1991,"index","F18_R1_G18","Index 18  / Region 1  / Group 18","1991",0.655727821196814,0.726725855174442,"geometric-mean-scaled index","reference","Diagnostic model"
1992,"index","F18_R1_G18","Index 18  / Region 1  / Group 18","1992",0.872502177541898,0.710642814150925,"geometric-mean-scaled index","reference","Diagnostic model"
1993,"index","F18_R1_G18","Index 18  / Region 1  / Group 18","1993",0.879147658089477,0.748778002661571,"geometric-mean-scaled index","reference","Diagnostic model"
1994,"index","F18_R1_G18","Index 18  / Region 1  / Group 18","1994",0.948738796667378,0.791911735198629,"geometric-mean-scaled index","reference","Diagnostic model"
1995,"index","F18_R1_G18","Index 18  / Region 1  / Group 18","1995",0.883131727989847,0.836215654689404,"geometric-mean-scaled index","reference","Diagnostic model"
1996,"index","F18_R1_G18","Index 18  / Region 1  / Group 18","1996",0.837306959406211,0.840659480310528,"geometric-mean-scaled index","reference","Diagnostic model"
1997,"index","F18_R1_G18","Index 18  / Region 1  / Group 18","1997",0.95208949005856,0.869397690889871,"geometric-mean-scaled index","reference","Diagnostic model"
1998,"index","F18_R1_G18","Index 18  / Region 1  / Group 18","1998",0.856547687420413,0.828472961427072,"geometric-mean-scaled index","reference","Diagnostic model"
1999,"index","F18_R1_G18","Index 18  / Region 1  / Group 18","1999",0.61266101448799,0.863092160930256,"geometric-mean-scaled index","reference","Diagnostic model"
2000,"index","F18_R1_G18","Index 18  / Region 1  / Group 18","2000",0.679263091965619,0.899022300858714,"geometric-mean-scaled index","reference","Diagnostic model"
2001,"index","F18_R1_G18","Index 18  / Region 1  / Group 18","2001",0.663388123597169,0.840805764508353,"geometric-mean-scaled index","reference","Diagnostic model"
2002,"index","F18_R1_G18","Index 18  / Region 1  / Group 18","2002",0.695863453728742,0.660991026225313,"geometric-mean-scaled index","reference","Diagnostic model"
2003,"index","F18_R1_G18","Index 18  / Region 1  / Group 18","2003",0.520428254256146,0.558948407853314,"geometric-mean-scaled index","reference","Diagnostic model"
2004,"index","F18_R1_G18","Index 18  / Region 1  / Group 18","2004",0.457969008695485,0.563614001029817,"geometric-mean-scaled index","reference","Diagnostic model"
2005,"index","F18_R1_G18","Index 18  / Region 1  / Group 18","2005",0.57000982730679,0.528677456117855,"geometric-mean-scaled index","reference","Diagnostic model"
2006,"index","F18_R1_G18","Index 18  / Region 1  / Group 18","2006",0.692547701969523,0.539135527117155,"geometric-mean-scaled index","reference","Diagnostic model"
2007,"index","F18_R1_G18","Index 18  / Region 1  / Group 18","2007",0.763296075617131,0.59905365951802,"geometric-mean-scaled index","reference","Diagnostic model"
2008,"index","F18_R1_G18","Index 18  / Region 1  / Group 18","2008",0.557991706511396,0.668116859865951,"geometric-mean-scaled index","reference","Diagnostic model"
2009,"index","F18_R1_G18","Index 18  / Region 1  / Group 18","2009",0.644374806432787,0.648431819999568,"geometric-mean-scaled index","reference","Diagnostic model"
2010,"index","F18_R1_G18","Index 18  / Region 1  / Group 18","2010",0.629833334064991,0.490158403224318,"geometric-mean-scaled index","reference","Diagnostic model"
2011,"index","F18_R1_G18","Index 18  / Region 1  / Group 18","2011",0.472776191924379,0.508143601450776,"geometric-mean-scaled index","reference","Diagnostic model"
2012,"index","F18_R1_G18","Index 18  / Region 1  / Group 18","2012",0.561037772817115,0.559347958686277,"geometric-mean-scaled index","reference","Diagnostic model"
2013,"index","F18_R1_G18","Index 18  / Region 1  / Group 18","2013",0.518607359493591,0.5552563127414,"geometric-mean-scaled index","reference","Diagnostic model"
2014,"index","F18_R1_G18","Index 18  / Region 1  / Group 18","2014",0.534249440170542,0.565275842604407,"geometric-mean-scaled index","reference","Diagnostic model"
2015,"index","F18_R1_G18","Index 18  / Region 1  / Group 18","2015",0.610459945494768,0.598364407342988,"geometric-mean-scaled index","reference","Diagnostic model"
2016,"index","F18_R1_G18","Index 18  / Region 1  / Group 18","2016",0.483833914957584,0.629982338302938,"geometric-mean-scaled index","reference","Diagnostic model"
2017,"index","F18_R1_G18","Index 18  / Region 1  / Group 18","2017",0.503585067785675,0.629918718035722,"geometric-mean-scaled index","reference","Diagnostic model"
2018,"index","F18_R1_G18","Index 18  / Region 1  / Group 18","2018",0.44199217333407,0.559084962493676,"geometric-mean-scaled index","reference","Diagnostic model"
2019,"index","F18_R1_G18","Index 18  / Region 1  / Group 18","2019",0.466975339471439,0.508427166405218,"geometric-mean-scaled index","reference","Diagnostic model"
2020,"index","F18_R1_G18","Index 18  / Region 1  / Group 18","2020",0.377731205082218,0.485781504561016,"geometric-mean-scaled index","reference","Diagnostic model"
2021,"index","F18_R1_G18","Index 18  / Region 1  / Group 18","2021",0.384903092509445,0.48217499435501,"geometric-mean-scaled index","reference","Diagnostic model"
2022,"index","F18_R1_G18","Index 18  / Region 1  / Group 18","2022",0.533173522636986,0.442247239021951,"geometric-mean-scaled index","reference","Diagnostic model"
1992,"index","F19_R1_G19","Index 19  / Region 1  / Group 19","1992",1.85927115000846,0.889474113208919,"geometric-mean-scaled index","reference","Diagnostic model"
1993,"index","F19_R1_G19","Index 19  / Region 1  / Group 19","1993",0.849266654622091,0.862185669570745,"geometric-mean-scaled index","reference","Diagnostic model"
1994,"index","F19_R1_G19","Index 19  / Region 1  / Group 19","1994",1.00123553533734,0.852972380582893,"geometric-mean-scaled index","reference","Diagnostic model"
1995,"index","F19_R1_G19","Index 19  / Region 1  / Group 19","1995",1.31046507492219,1.0058352433483,"geometric-mean-scaled index","reference","Diagnostic model"
1996,"index","F19_R1_G19","Index 19  / Region 1  / Group 19","1996",1.21306505673522,1.04477028639624,"geometric-mean-scaled index","reference","Diagnostic model"
1997,"index","F19_R1_G19","Index 19  / Region 1  / Group 19","1997",0.799390157141791,0.792935506212739,"geometric-mean-scaled index","reference","Diagnostic model"
1998,"index","F19_R1_G19","Index 19  / Region 1  / Group 19","1998",1.99291282185133,0.654449901188984,"geometric-mean-scaled index","reference","Diagnostic model"
1999,"index","F19_R1_G19","Index 19  / Region 1  / Group 19","1999",1.3696369541503,0.626726371854744,"geometric-mean-scaled index","reference","Diagnostic model"
2000,"index","F19_R1_G19","Index 19  / Region 1  / Group 19","2000",0.965612099781253,1.04891328206764,"geometric-mean-scaled index","reference","Diagnostic model"
2001,"index","F19_R1_G19","Index 19  / Region 1  / Group 19","2001",0.810369966030035,0.814153017677498,"geometric-mean-scaled index","reference","Diagnostic model"
2002,"index","F19_R1_G19","Index 19  / Region 1  / Group 19","2002",0.74171237247259,0.974653519530247,"geometric-mean-scaled index","reference","Diagnostic model"
2003,"index","F19_R1_G19","Index 19  / Region 1  / Group 19","2003",1.03600097632011,1.34901315257986,"geometric-mean-scaled index","reference","Diagnostic model"
2004,"index","F19_R1_G19","Index 19  / Region 1  / Group 19","2004",1.05045112419079,1.23481843885451,"geometric-mean-scaled index","reference","Diagnostic model"
2005,"index","F19_R1_G19","Index 19  / Region 1  / Group 19","2005",0.734713898314047,0.868120915069159,"geometric-mean-scaled index","reference","Diagnostic model"
2006,"index","F19_R1_G19","Index 19  / Region 1  / Group 19","2006",0.882670668461906,0.79835327687631,"geometric-mean-scaled index","reference","Diagnostic model"
2007,"index","F19_R1_G19","Index 19  / Region 1  / Group 19","2007",1.03363575876466,1.06793694275275,"geometric-mean-scaled index","reference","Diagnostic model"
2008,"index","F19_R1_G19","Index 19  / Region 1  / Group 19","2008",1.33647576097039,1.31495872399046,"geometric-mean-scaled index","reference","Diagnostic model"
2009,"index","F19_R1_G19","Index 19  / Region 1  / Group 19","2009",0.832547956398684,1.11886174856489,"geometric-mean-scaled index","reference","Diagnostic model"
2010,"index","F19_R1_G19","Index 19  / Region 1  / Group 19","2010",1.1710748925389,1.08660401459906,"geometric-mean-scaled index","reference","Diagnostic model"
2011,"index","F19_R1_G19","Index 19  / Region 1  / Group 19","2011",1.14908021933067,1.29869313827757,"geometric-mean-scaled index","reference","Diagnostic model"
2012,"index","F19_R1_G19","Index 19  / Region 1  / Group 19","2012",0.992144371207608,1.3374358476587,"geometric-mean-scaled index","reference","Diagnostic model"
2013,"index","F19_R1_G19","Index 19  / Region 1  / Group 19","2013",0.812541615693899,1.09807645630733,"geometric-mean-scaled index","reference","Diagnostic model"
2014,"index","F19_R1_G19","Index 19  / Region 1  / Group 19","2014",0.869128916645273,0.958284464734191,"geometric-mean-scaled index","reference","Diagnostic model"
2015,"index","F19_R1_G19","Index 19  / Region 1  / Group 19","2015",0.923487470227196,1.08501985750454,"geometric-mean-scaled index","reference","Diagnostic model"
2016,"index","F19_R1_G19","Index 19  / Region 1  / Group 19","2016",0.994049496935054,1.11593989144454,"geometric-mean-scaled index","reference","Diagnostic model"
2017,"index","F19_R1_G19","Index 19  / Region 1  / Group 19","2017",0.679637993540111,0.829040010565546,"geometric-mean-scaled index","reference","Diagnostic model"
2018,"index","F19_R1_G19","Index 19  / Region 1  / Group 19","2018",1.1614387047662,0.715644144213782,"geometric-mean-scaled index","reference","Diagnostic model"
2019,"index","F19_R1_G19","Index 19  / Region 1  / Group 19","2019",0.909406517143503,1.24955468821539,"geometric-mean-scaled index","reference","Diagnostic model"
2020,"index","F19_R1_G19","Index 19  / Region 1  / Group 19","2020",0.960523282163485,1.33381122032041,"geometric-mean-scaled index","reference","Diagnostic model"
2021,"index","F19_R1_G19","Index 19  / Region 1  / Group 19","2021",0.974737478989675,1.21249038233779,"geometric-mean-scaled index","reference","Diagnostic model"
2022,"index","F19_R1_G19","Index 19  / Region 1  / Group 19","2022",0.665420460916155,1.02756542231333,"geometric-mean-scaled index","reference","Diagnostic model"
1954,"index","F20_R2_G20","Index 20  / Region 2  / Group 20","1954",4.21096154805618,3.25878707108711,"geometric-mean-scaled index","reference","Diagnostic model"
1955,"index","F20_R2_G20","Index 20  / Region 2  / Group 20","1955",3.11733650195403,3.18595083960855,"geometric-mean-scaled index","reference","Diagnostic model"
1956,"index","F20_R2_G20","Index 20  / Region 2  / Group 20","1956",3.11471220345346,3.15932950183558,"geometric-mean-scaled index","reference","Diagnostic model"
1957,"index","F20_R2_G20","Index 20  / Region 2  / Group 20","1957",2.49122048423764,3.13208450629577,"geometric-mean-scaled index","reference","Diagnostic model"
1958,"index","F20_R2_G20","Index 20  / Region 2  / Group 20","1958",3.38277838084962,3.1057235746543,"geometric-mean-scaled index","reference","Diagnostic model"
1959,"index","F20_R2_G20","Index 20  / Region 2  / Group 20","1959",3.53910335426992,3.07613646676439,"geometric-mean-scaled index","reference","Diagnostic model"
1960,"index","F20_R2_G20","Index 20  / Region 2  / Group 20","1960",2.88806453309758,3.0243162274745,"geometric-mean-scaled index","reference","Diagnostic model"
1961,"index","F20_R2_G20","Index 20  / Region 2  / Group 20","1961",2.77519235560544,2.70737997157584,"geometric-mean-scaled index","reference","Diagnostic model"
1962,"index","F20_R2_G20","Index 20  / Region 2  / Group 20","1962",2.84542670742501,2.55447420786954,"geometric-mean-scaled index","reference","Diagnostic model"
1963,"index","F20_R2_G20","Index 20  / Region 2  / Group 20","1963",2.15624779216803,2.07393695136438,"geometric-mean-scaled index","reference","Diagnostic model"
1964,"index","F20_R2_G20","Index 20  / Region 2  / Group 20","1964",1.77294323917794,1.62499603331218,"geometric-mean-scaled index","reference","Diagnostic model"
1965,"index","F20_R2_G20","Index 20  / Region 2  / Group 20","1965",1.39305357413891,1.53902221589105,"geometric-mean-scaled index","reference","Diagnostic model"
1966,"index","F20_R2_G20","Index 20  / Region 2  / Group 20","1966",2.15604911541288,1.60762036046134,"geometric-mean-scaled index","reference","Diagnostic model"
1967,"index","F20_R2_G20","Index 20  / Region 2  / Group 20","1967",1.83466830687541,1.76238411541792,"geometric-mean-scaled index","reference","Diagnostic model"
1968,"index","F20_R2_G20","Index 20  / Region 2  / Group 20","1968",1.49027459282616,1.48929326509766,"geometric-mean-scaled index","reference","Diagnostic model"
1969,"index","F20_R2_G20","Index 20  / Region 2  / Group 20","1969",0.90397341842816,1.13745787512669,"geometric-mean-scaled index","reference","Diagnostic model"
1970,"index","F20_R2_G20","Index 20  / Region 2  / Group 20","1970",1.74296686069583,1.0937688084882,"geometric-mean-scaled index","reference","Diagnostic model"
1971,"index","F20_R2_G20","Index 20  / Region 2  / Group 20","1971",1.05128168838887,0.969960126516127,"geometric-mean-scaled index","reference","Diagnostic model"
1972,"index","F20_R2_G20","Index 20  / Region 2  / Group 20","1972",1.03629787461149,0.87109506694639,"geometric-mean-scaled index","reference","Diagnostic model"
1973,"index","F20_R2_G20","Index 20  / Region 2  / Group 20","1973",1.14631510743072,0.785203271582978,"geometric-mean-scaled index","reference","Diagnostic model"
1974,"index","F20_R2_G20","Index 20  / Region 2  / Group 20","1974",0.503606327140092,0.686269955205001,"geometric-mean-scaled index","reference","Diagnostic model"
1975,"index","F20_R2_G20","Index 20  / Region 2  / Group 20","1975",0.345168043176568,0.628392576859641,"geometric-mean-scaled index","reference","Diagnostic model"
1976,"index","F20_R2_G20","Index 20  / Region 2  / Group 20","1976",0.392881567888747,0.614590769546345,"geometric-mean-scaled index","reference","Diagnostic model"
1977,"index","F20_R2_G20","Index 20  / Region 2  / Group 20","1977",0.722292569399697,0.737136834626289,"geometric-mean-scaled index","reference","Diagnostic model"
1978,"index","F20_R2_G20","Index 20  / Region 2  / Group 20","1978",1.34450541165844,0.996894102319325,"geometric-mean-scaled index","reference","Diagnostic model"
1979,"index","F20_R2_G20","Index 20  / Region 2  / Group 20","1979",0.925834385511787,0.95506948494503,"geometric-mean-scaled index","reference","Diagnostic model"
1980,"index","F20_R2_G20","Index 20  / Region 2  / Group 20","1980",0.665679781043966,0.811794388620696,"geometric-mean-scaled index","reference","Diagnostic model"
1981,"index","F20_R2_G20","Index 20  / Region 2  / Group 20","1981",0.591226781169868,0.686234480228353,"geometric-mean-scaled index","reference","Diagnostic model"
1982,"index","F20_R2_G20","Index 20  / Region 2  / Group 20","1982",0.474104859767232,0.608688425111072,"geometric-mean-scaled index","reference","Diagnostic model"
1983,"index","F20_R2_G20","Index 20  / Region 2  / Group 20","1983",0.516419783951321,0.621456930505902,"geometric-mean-scaled index","reference","Diagnostic model"
1984,"index","F20_R2_G20","Index 20  / Region 2  / Group 20","1984",0.705603550009173,0.729589623308017,"geometric-mean-scaled index","reference","Diagnostic model"
1985,"index","F20_R2_G20","Index 20  / Region 2  / Group 20","1985",0.596630644214555,0.762055096188981,"geometric-mean-scaled index","reference","Diagnostic model"
1986,"index","F20_R2_G20","Index 20  / Region 2  / Group 20","1986",0.576521368772823,0.726178847220545,"geometric-mean-scaled index","reference","Diagnostic model"
1987,"index","F20_R2_G20","Index 20  / Region 2  / Group 20","1987",0.738069475063823,0.713085906467426,"geometric-mean-scaled index","reference","Diagnostic model"
1988,"index","F20_R2_G20","Index 20  / Region 2  / Group 20","1988",0.631881286279668,0.747497273192561,"geometric-mean-scaled index","reference","Diagnostic model"
1989,"index","F20_R2_G20","Index 20  / Region 2  / Group 20","1989",0.538572813890766,0.636049505781582,"geometric-mean-scaled index","reference","Diagnostic model"
1990,"index","F20_R2_G20","Index 20  / Region 2  / Group 20","1990",0.558798697122352,0.648936594873216,"geometric-mean-scaled index","reference","Diagnostic model"
1991,"index","F20_R2_G20","Index 20  / Region 2  / Group 20","1991",0.596239520556125,0.665845693980718,"geometric-mean-scaled index","reference","Diagnostic model"
1992,"index","F20_R2_G20","Index 20  / Region 2  / Group 20","1992",0.949703632796349,0.720337126320834,"geometric-mean-scaled index","reference","Diagnostic model"
1993,"index","F20_R2_G20","Index 20  / Region 2  / Group 20","1993",0.773853468646436,0.837918537093758,"geometric-mean-scaled index","reference","Diagnostic model"
1994,"index","F20_R2_G20","Index 20  / Region 2  / Group 20","1994",0.810781379423954,0.744954462977618,"geometric-mean-scaled index","reference","Diagnostic model"
1995,"index","F20_R2_G20","Index 20  / Region 2  / Group 20","1995",1.07726297359609,0.861144524928125,"geometric-mean-scaled index","reference","Diagnostic model"
1996,"index","F20_R2_G20","Index 20  / Region 2  / Group 20","1996",0.935003854840217,0.841072765720328,"geometric-mean-scaled index","reference","Diagnostic model"
1997,"index","F20_R2_G20","Index 20  / Region 2  / Group 20","1997",0.800397864000986,0.845982042090175,"geometric-mean-scaled index","reference","Diagnostic model"
1998,"index","F20_R2_G20","Index 20  / Region 2  / Group 20","1998",1.04349083940237,0.893047962798107,"geometric-mean-scaled index","reference","Diagnostic model"
1999,"index","F20_R2_G20","Index 20  / Region 2  / Group 20","1999",0.765213765192612,0.981620867199346,"geometric-mean-scaled index","reference","Diagnostic model"
2000,"index","F20_R2_G20","Index 20  / Region 2  / Group 20","2000",0.767097814359868,0.885761073010969,"geometric-mean-scaled index","reference","Diagnostic model"
2001,"index","F20_R2_G20","Index 20  / Region 2  / Group 20","2001",0.841773334723493,0.823707691177151,"geometric-mean-scaled index","reference","Diagnostic model"
2002,"index","F20_R2_G20","Index 20  / Region 2  / Group 20","2002",0.547333871289332,0.645209752997771,"geometric-mean-scaled index","reference","Diagnostic model"
2003,"index","F20_R2_G20","Index 20  / Region 2  / Group 20","2003",0.588325890023659,0.823404920836567,"geometric-mean-scaled index","reference","Diagnostic model"
2004,"index","F20_R2_G20","Index 20  / Region 2  / Group 20","2004",0.635814586790303,0.658630957236077,"geometric-mean-scaled index","reference","Diagnostic model"
2005,"index","F20_R2_G20","Index 20  / Region 2  / Group 20","2005",0.834789610625378,0.756439549293717,"geometric-mean-scaled index","reference","Diagnostic model"
2006,"index","F20_R2_G20","Index 20  / Region 2  / Group 20","2006",0.92372528101704,0.892652968226209,"geometric-mean-scaled index","reference","Diagnostic model"
2007,"index","F20_R2_G20","Index 20  / Region 2  / Group 20","2007",0.84623569961814,0.98383671312678,"geometric-mean-scaled index","reference","Diagnostic model"
2008,"index","F20_R2_G20","Index 20  / Region 2  / Group 20","2008",0.610796174186906,0.852993696038953,"geometric-mean-scaled index","reference","Diagnostic model"
2009,"index","F20_R2_G20","Index 20  / Region 2  / Group 20","2009",1.05927374250753,0.797513032529362,"geometric-mean-scaled index","reference","Diagnostic model"
2010,"index","F20_R2_G20","Index 20  / Region 2  / Group 20","2010",0.847323881897912,0.81454928404635,"geometric-mean-scaled index","reference","Diagnostic model"
2011,"index","F20_R2_G20","Index 20  / Region 2  / Group 20","2011",1.12583979197944,0.946123839881451,"geometric-mean-scaled index","reference","Diagnostic model"
2012,"index","F20_R2_G20","Index 20  / Region 2  / Group 20","2012",0.945525297290097,0.846508424621268,"geometric-mean-scaled index","reference","Diagnostic model"
2013,"index","F20_R2_G20","Index 20  / Region 2  / Group 20","2013",0.87877457395759,0.838926798742716,"geometric-mean-scaled index","reference","Diagnostic model"
2014,"index","F20_R2_G20","Index 20  / Region 2  / Group 20","2014",1.04373534993691,0.904835622026256,"geometric-mean-scaled index","reference","Diagnostic model"
2015,"index","F20_R2_G20","Index 20  / Region 2  / Group 20","2015",1.22377077691567,0.920891078819022,"geometric-mean-scaled index","reference","Diagnostic model"
2016,"index","F20_R2_G20","Index 20  / Region 2  / Group 20","2016",1.13572929605611,0.829970977424712,"geometric-mean-scaled index","reference","Diagnostic model"
2017,"index","F20_R2_G20","Index 20  / Region 2  / Group 20","2017",0.734357067400453,0.754803033634295,"geometric-mean-scaled index","reference","Diagnostic model"
2018,"index","F20_R2_G20","Index 20  / Region 2  / Group 20","2018",0.64550184014846,0.74924581649755,"geometric-mean-scaled index","reference","Diagnostic model"
2019,"index","F20_R2_G20","Index 20  / Region 2  / Group 20","2019",0.713722524698996,0.786628616369426,"geometric-mean-scaled index","reference","Diagnostic model"
2020,"index","F20_R2_G20","Index 20  / Region 2  / Group 20","2020",0.772716002092201,0.67500161219348,"geometric-mean-scaled index","reference","Diagnostic model"
2021,"index","F20_R2_G20","Index 20  / Region 2  / Group 20","2021",0.751048561936257,0.499071074345567,"geometric-mean-scaled index","reference","Diagnostic model"
2022,"index","F20_R2_G20","Index 20  / Region 2  / Group 20","2022",1.00202993070836,0.735854953519355,"geometric-mean-scaled index","reference","Diagnostic model"
1954,"index","F18_R1_G18","Index 18  / Region 1  / Group 18","1954",4.40903714715002,4.14364126373344,"geometric-mean-scaled index","member-1","Member 1"
1955,"index","F18_R1_G18","Index 18  / Region 1  / Group 18","1955",3.14529508758885,3.90807223273967,"geometric-mean-scaled index","member-1","Member 1"
1956,"index","F18_R1_G18","Index 18  / Region 1  / Group 18","1956",3.55845376339654,3.79741239168454,"geometric-mean-scaled index","member-1","Member 1"
1957,"index","F18_R1_G18","Index 18  / Region 1  / Group 18","1957",3.81367935187817,3.69823892211639,"geometric-mean-scaled index","member-1","Member 1"
1958,"index","F18_R1_G18","Index 18  / Region 1  / Group 18","1958",4.19937988018333,3.60137384425466,"geometric-mean-scaled index","member-1","Member 1"
1959,"index","F18_R1_G18","Index 18  / Region 1  / Group 18","1959",5.02003875847804,3.47838602776382,"geometric-mean-scaled index","member-1","Member 1"
1960,"index","F18_R1_G18","Index 18  / Region 1  / Group 18","1960",6.09415385779237,3.37391238915471,"geometric-mean-scaled index","member-1","Member 1"
1961,"index","F18_R1_G18","Index 18  / Region 1  / Group 18","1961",5.9871599837675,3.23501991272712,"geometric-mean-scaled index","member-1","Member 1"
1962,"index","F18_R1_G18","Index 18  / Region 1  / Group 18","1962",4.31836862588877,3.01464076102868,"geometric-mean-scaled index","member-1","Member 1"
1963,"index","F18_R1_G18","Index 18  / Region 1  / Group 18","1963",2.6756633141332,2.72955818357971,"geometric-mean-scaled index","member-1","Member 1"
1964,"index","F18_R1_G18","Index 18  / Region 1  / Group 18","1964",2.42251196662564,2.40957739282814,"geometric-mean-scaled index","member-1","Member 1"
1965,"index","F18_R1_G18","Index 18  / Region 1  / Group 18","1965",2.71599052736943,2.04363781872989,"geometric-mean-scaled index","member-1","Member 1"
1966,"index","F18_R1_G18","Index 18  / Region 1  / Group 18","1966",2.44814503331434,1.6828403211162,"geometric-mean-scaled index","member-1","Member 1"
1967,"index","F18_R1_G18","Index 18  / Region 1  / Group 18","1967",1.94746079529619,1.48743831840545,"geometric-mean-scaled index","member-1","Member 1"
1968,"index","F18_R1_G18","Index 18  / Region 1  / Group 18","1968",1.71471945569896,1.43655071477669,"geometric-mean-scaled index","member-1","Member 1"
1969,"index","F18_R1_G18","Index 18  / Region 1  / Group 18","1969",1.65433171113289,1.38468380674703,"geometric-mean-scaled index","member-1","Member 1"
1970,"index","F18_R1_G18","Index 18  / Region 1  / Group 18","1970",1.54780579698768,1.22100113933936,"geometric-mean-scaled index","member-1","Member 1"
1971,"index","F18_R1_G18","Index 18  / Region 1  / Group 18","1971",1.23412080025738,1.01073514066256,"geometric-mean-scaled index","member-1","Member 1"
1972,"index","F18_R1_G18","Index 18  / Region 1  / Group 18","1972",1.07338614840291,0.854718588305943,"geometric-mean-scaled index","member-1","Member 1"
1973,"index","F18_R1_G18","Index 18  / Region 1  / Group 18","1973",0.989103263951998,0.709922502616524,"geometric-mean-scaled index","member-1","Member 1"
1974,"index","F18_R1_G18","Index 18  / Region 1  / Group 18","1974",0.580301639759145,0.607745375438486,"geometric-mean-scaled index","member-1","Member 1"
1975,"index","F18_R1_G18","Index 18  / Region 1  / Group 18","1975",0.58813811691667,0.586014606824716,"geometric-mean-scaled index","member-1","Member 1"
1976,"index","F18_R1_G18","Index 18  / Region 1  / Group 18","1976",0.851064006357214,0.593587027942754,"geometric-mean-scaled index","member-1","Member 1"
1977,"index","F18_R1_G18","Index 18  / Region 1  / Group 18","1977",0.863018267252948,0.55825768090069,"geometric-mean-scaled index","member-1","Member 1"
1978,"index","F18_R1_G18","Index 18  / Region 1  / Group 18","1978",0.935245185300877,0.588520552659771,"geometric-mean-scaled index","member-1","Member 1"
1979,"index","F18_R1_G18","Index 18  / Region 1  / Group 18","1979",0.811891863308134,0.690442073834628,"geometric-mean-scaled index","member-1","Member 1"
1980,"index","F18_R1_G18","Index 18  / Region 1  / Group 18","1980",0.857986996795637,0.759305307520797,"geometric-mean-scaled index","member-1","Member 1"
1981,"index","F18_R1_G18","Index 18  / Region 1  / Group 18","1981",0.969775742290399,0.710123307744624,"geometric-mean-scaled index","member-1","Member 1"
1982,"index","F18_R1_G18","Index 18  / Region 1  / Group 18","1982",0.754187984251701,0.61767716960615,"geometric-mean-scaled index","member-1","Member 1"
1983,"index","F18_R1_G18","Index 18  / Region 1  / Group 18","1983",0.847323525052082,0.560501159108079,"geometric-mean-scaled index","member-1","Member 1"
1984,"index","F18_R1_G18","Index 18  / Region 1  / Group 18","1984",0.697012441179108,0.545491838921929,"geometric-mean-scaled index","member-1","Member 1"
1985,"index","F18_R1_G18","Index 18  / Region 1  / Group 18","1985",0.700113985527936,0.58603765378624,"geometric-mean-scaled index","member-1","Member 1"
1986,"index","F18_R1_G18","Index 18  / Region 1  / Group 18","1986",0.916792661518106,0.62270623709706,"geometric-mean-scaled index","member-1","Member 1"
1987,"index","F18_R1_G18","Index 18  / Region 1  / Group 18","1987",0.932698710694853,0.664386740602881,"geometric-mean-scaled index","member-1","Member 1"
1988,"index","F18_R1_G18","Index 18  / Region 1  / Group 18","1988",0.933673375591985,0.629995028756981,"geometric-mean-scaled index","member-1","Member 1"
1989,"index","F18_R1_G18","Index 18  / Region 1  / Group 18","1989",0.68771709247243,0.620287276149294,"geometric-mean-scaled index","member-1","Member 1"
1990,"index","F18_R1_G18","Index 18  / Region 1  / Group 18","1990",0.776975789161292,0.62510757682426,"geometric-mean-scaled index","member-1","Member 1"
1991,"index","F18_R1_G18","Index 18  / Region 1  / Group 18","1991",0.655727821196814,0.595915201243043,"geometric-mean-scaled index","member-1","Member 1"
1992,"index","F18_R1_G18","Index 18  / Region 1  / Group 18","1992",0.872502177541898,0.582727107603759,"geometric-mean-scaled index","member-1","Member 1"
1993,"index","F18_R1_G18","Index 18  / Region 1  / Group 18","1993",0.879147658089477,0.613997962182488,"geometric-mean-scaled index","member-1","Member 1"
1994,"index","F18_R1_G18","Index 18  / Region 1  / Group 18","1994",0.948738796667378,0.649367622862876,"geometric-mean-scaled index","member-1","Member 1"
1995,"index","F18_R1_G18","Index 18  / Region 1  / Group 18","1995",0.883131727989847,0.685696836845311,"geometric-mean-scaled index","member-1","Member 1"
1996,"index","F18_R1_G18","Index 18  / Region 1  / Group 18","1996",0.837306959406211,0.689340773854633,"geometric-mean-scaled index","member-1","Member 1"
1997,"index","F18_R1_G18","Index 18  / Region 1  / Group 18","1997",0.95208949005856,0.712906106529694,"geometric-mean-scaled index","member-1","Member 1"
1998,"index","F18_R1_G18","Index 18  / Region 1  / Group 18","1998",0.856547687420413,0.679347828370199,"geometric-mean-scaled index","member-1","Member 1"
1999,"index","F18_R1_G18","Index 18  / Region 1  / Group 18","1999",0.61266101448799,0.70773557196281,"geometric-mean-scaled index","member-1","Member 1"
2000,"index","F18_R1_G18","Index 18  / Region 1  / Group 18","2000",0.679263091965619,0.737198286704146,"geometric-mean-scaled index","member-1","Member 1"
2001,"index","F18_R1_G18","Index 18  / Region 1  / Group 18","2001",0.663388123597169,0.68946072689685,"geometric-mean-scaled index","member-1","Member 1"
2002,"index","F18_R1_G18","Index 18  / Region 1  / Group 18","2002",0.695863453728742,0.542012641504757,"geometric-mean-scaled index","member-1","Member 1"
2003,"index","F18_R1_G18","Index 18  / Region 1  / Group 18","2003",0.520428254256146,0.458337694439717,"geometric-mean-scaled index","member-1","Member 1"
2004,"index","F18_R1_G18","Index 18  / Region 1  / Group 18","2004",0.457969008695485,0.46216348084445,"geometric-mean-scaled index","member-1","Member 1"
2005,"index","F18_R1_G18","Index 18  / Region 1  / Group 18","2005",0.57000982730679,0.433515514016641,"geometric-mean-scaled index","member-1","Member 1"
2006,"index","F18_R1_G18","Index 18  / Region 1  / Group 18","2006",0.692547701969523,0.442091132236067,"geometric-mean-scaled index","member-1","Member 1"
2007,"index","F18_R1_G18","Index 18  / Region 1  / Group 18","2007",0.763296075617131,0.491224000804776,"geometric-mean-scaled index","member-1","Member 1"
2008,"index","F18_R1_G18","Index 18  / Region 1  / Group 18","2008",0.557991706511396,0.54785582509008,"geometric-mean-scaled index","member-1","Member 1"
2009,"index","F18_R1_G18","Index 18  / Region 1  / Group 18","2009",0.644374806432787,0.531714092399646,"geometric-mean-scaled index","member-1","Member 1"
2010,"index","F18_R1_G18","Index 18  / Region 1  / Group 18","2010",0.629833334064991,0.401929890643941,"geometric-mean-scaled index","member-1","Member 1"
2011,"index","F18_R1_G18","Index 18  / Region 1  / Group 18","2011",0.472776191924379,0.416677753189636,"geometric-mean-scaled index","member-1","Member 1"
2012,"index","F18_R1_G18","Index 18  / Region 1  / Group 18","2012",0.561037772817115,0.458665326122748,"geometric-mean-scaled index","member-1","Member 1"
2013,"index","F18_R1_G18","Index 18  / Region 1  / Group 18","2013",0.518607359493591,0.455310176447948,"geometric-mean-scaled index","member-1","Member 1"
2014,"index","F18_R1_G18","Index 18  / Region 1  / Group 18","2014",0.534249440170542,0.463526190935614,"geometric-mean-scaled index","member-1","Member 1"
2015,"index","F18_R1_G18","Index 18  / Region 1  / Group 18","2015",0.610459945494768,0.49065881402125,"geometric-mean-scaled index","member-1","Member 1"
2016,"index","F18_R1_G18","Index 18  / Region 1  / Group 18","2016",0.483833914957584,0.516585517408409,"geometric-mean-scaled index","member-1","Member 1"
2017,"index","F18_R1_G18","Index 18  / Region 1  / Group 18","2017",0.503585067785675,0.516533348789292,"geometric-mean-scaled index","member-1","Member 1"
2018,"index","F18_R1_G18","Index 18  / Region 1  / Group 18","2018",0.44199217333407,0.458449669244814,"geometric-mean-scaled index","member-1","Member 1"
2019,"index","F18_R1_G18","Index 18  / Region 1  / Group 18","2019",0.466975339471439,0.416910276452279,"geometric-mean-scaled index","member-1","Member 1"
2020,"index","F18_R1_G18","Index 18  / Region 1  / Group 18","2020",0.377731205082218,0.398340833740033,"geometric-mean-scaled index","member-1","Member 1"
2021,"index","F18_R1_G18","Index 18  / Region 1  / Group 18","2021",0.384903092509445,0.395383495371108,"geometric-mean-scaled index","member-1","Member 1"
2022,"index","F18_R1_G18","Index 18  / Region 1  / Group 18","2022",0.533173522636986,0.362642735998,"geometric-mean-scaled index","member-1","Member 1"
1992,"index","F19_R1_G19","Index 19  / Region 1  / Group 19","1992",1.85927115000846,0.729368772831313,"geometric-mean-scaled index","member-1","Member 1"
1993,"index","F19_R1_G19","Index 19  / Region 1  / Group 19","1993",0.849266654622091,0.706992249048011,"geometric-mean-scaled index","member-1","Member 1"
1994,"index","F19_R1_G19","Index 19  / Region 1  / Group 19","1994",1.00123553533734,0.699437352077972,"geometric-mean-scaled index","member-1","Member 1"
1995,"index","F19_R1_G19","Index 19  / Region 1  / Group 19","1995",1.31046507492219,0.824784899545602,"geometric-mean-scaled index","member-1","Member 1"
1996,"index","F19_R1_G19","Index 19  / Region 1  / Group 19","1996",1.21306505673522,0.856711634844915,"geometric-mean-scaled index","member-1","Member 1"
1997,"index","F19_R1_G19","Index 19  / Region 1  / Group 19","1997",0.799390157141791,0.650207115094446,"geometric-mean-scaled index","member-1","Member 1"
1998,"index","F19_R1_G19","Index 19  / Region 1  / Group 19","1998",1.99291282185133,0.536648918974967,"geometric-mean-scaled index","member-1","Member 1"
1999,"index","F19_R1_G19","Index 19  / Region 1  / Group 19","1999",1.3696369541503,0.51391562492089,"geometric-mean-scaled index","member-1","Member 1"
2000,"index","F19_R1_G19","Index 19  / Region 1  / Group 19","2000",0.965612099781253,0.860108891295468,"geometric-mean-scaled index","member-1","Member 1"
2001,"index","F19_R1_G19","Index 19  / Region 1  / Group 19","2001",0.810369966030035,0.667605474495549,"geometric-mean-scaled index","member-1","Member 1"
2002,"index","F19_R1_G19","Index 19  / Region 1  / Group 19","2002",0.74171237247259,0.799215886014802,"geometric-mean-scaled index","member-1","Member 1"
2003,"index","F19_R1_G19","Index 19  / Region 1  / Group 19","2003",1.03600097632011,1.10619078511549,"geometric-mean-scaled index","member-1","Member 1"
2004,"index","F19_R1_G19","Index 19  / Region 1  / Group 19","2004",1.05045112419079,1.0125511198607,"geometric-mean-scaled index","member-1","Member 1"
2005,"index","F19_R1_G19","Index 19  / Region 1  / Group 19","2005",0.734713898314047,0.711859150356711,"geometric-mean-scaled index","member-1","Member 1"
2006,"index","F19_R1_G19","Index 19  / Region 1  / Group 19","2006",0.882670668461906,0.654649687038574,"geometric-mean-scaled index","member-1","Member 1"
2007,"index","F19_R1_G19","Index 19  / Region 1  / Group 19","2007",1.03363575876466,0.875708293057256,"geometric-mean-scaled index","member-1","Member 1"
2008,"index","F19_R1_G19","Index 19  / Region 1  / Group 19","2008",1.33647576097039,1.07826615367218,"geometric-mean-scaled index","member-1","Member 1"
2009,"index","F19_R1_G19","Index 19  / Region 1  / Group 19","2009",0.832547956398684,0.91746663382321,"geometric-mean-scaled index","member-1","Member 1"
2010,"index","F19_R1_G19","Index 19  / Region 1  / Group 19","2010",1.1710748925389,0.89101529197123,"geometric-mean-scaled index","member-1","Member 1"
2011,"index","F19_R1_G19","Index 19  / Region 1  / Group 19","2011",1.14908021933067,1.0649283733876,"geometric-mean-scaled index","member-1","Member 1"
2012,"index","F19_R1_G19","Index 19  / Region 1  / Group 19","2012",0.992144371207608,1.09669739508014,"geometric-mean-scaled index","member-1","Member 1"
2013,"index","F19_R1_G19","Index 19  / Region 1  / Group 19","2013",0.812541615693899,0.900422694172012,"geometric-mean-scaled index","member-1","Member 1"
2014,"index","F19_R1_G19","Index 19  / Region 1  / Group 19","2014",0.869128916645273,0.785793261082036,"geometric-mean-scaled index","member-1","Member 1"
2015,"index","F19_R1_G19","Index 19  / Region 1  / Group 19","2015",0.923487470227196,0.889716283153727,"geometric-mean-scaled index","member-1","Member 1"
2016,"index","F19_R1_G19","Index 19  / Region 1  / Group 19","2016",0.994049496935054,0.91507071098452,"geometric-mean-scaled index","member-1","Member 1"
2017,"index","F19_R1_G19","Index 19  / Region 1  / Group 19","2017",0.679637993540111,0.679812808663747,"geometric-mean-scaled index","member-1","Member 1"
2018,"index","F19_R1_G19","Index 19  / Region 1  / Group 19","2018",1.1614387047662,0.586828198255301,"geometric-mean-scaled index","member-1","Member 1"
2019,"index","F19_R1_G19","Index 19  / Region 1  / Group 19","2019",0.909406517143503,1.02463484433662,"geometric-mean-scaled index","member-1","Member 1"
2020,"index","F19_R1_G19","Index 19  / Region 1  / Group 19","2020",0.960523282163485,1.09372520066274,"geometric-mean-scaled index","member-1","Member 1"
2021,"index","F19_R1_G19","Index 19  / Region 1  / Group 19","2021",0.974737478989675,0.994242113516985,"geometric-mean-scaled index","member-1","Member 1"
2022,"index","F19_R1_G19","Index 19  / Region 1  / Group 19","2022",0.665420460916155,0.842603646296932,"geometric-mean-scaled index","member-1","Member 1"
1954,"index","F20_R2_G20","Index 20  / Region 2  / Group 20","1954",4.21096154805618,2.67220539829143,"geometric-mean-scaled index","member-1","Member 1"
1955,"index","F20_R2_G20","Index 20  / Region 2  / Group 20","1955",3.11733650195403,2.61247968847901,"geometric-mean-scaled index","member-1","Member 1"
1956,"index","F20_R2_G20","Index 20  / Region 2  / Group 20","1956",3.11471220345346,2.59065019150517,"geometric-mean-scaled index","member-1","Member 1"
1957,"index","F20_R2_G20","Index 20  / Region 2  / Group 20","1957",2.49122048423764,2.56830929516254,"geometric-mean-scaled index","member-1","Member 1"
1958,"index","F20_R2_G20","Index 20  / Region 2  / Group 20","1958",3.38277838084962,2.54669333121653,"geometric-mean-scaled index","member-1","Member 1"
1959,"index","F20_R2_G20","Index 20  / Region 2  / Group 20","1959",3.53910335426992,2.5224319027468,"geometric-mean-scaled index","member-1","Member 1"
1960,"index","F20_R2_G20","Index 20  / Region 2  / Group 20","1960",2.88806453309758,2.47993930652909,"geometric-mean-scaled index","member-1","Member 1"
1961,"index","F20_R2_G20","Index 20  / Region 2  / Group 20","1961",2.77519235560544,2.22005157669219,"geometric-mean-scaled index","member-1","Member 1"
1962,"index","F20_R2_G20","Index 20  / Region 2  / Group 20","1962",2.84542670742501,2.09466885045302,"geometric-mean-scaled index","member-1","Member 1"
1963,"index","F20_R2_G20","Index 20  / Region 2  / Group 20","1963",2.15624779216803,1.70062830011879,"geometric-mean-scaled index","member-1","Member 1"
1964,"index","F20_R2_G20","Index 20  / Region 2  / Group 20","1964",1.77294323917794,1.33249674731599,"geometric-mean-scaled index","member-1","Member 1"
1965,"index","F20_R2_G20","Index 20  / Region 2  / Group 20","1965",1.39305357413891,1.26199821703066,"geometric-mean-scaled index","member-1","Member 1"
1966,"index","F20_R2_G20","Index 20  / Region 2  / Group 20","1966",2.15604911541288,1.3182486955783,"geometric-mean-scaled index","member-1","Member 1"
1967,"index","F20_R2_G20","Index 20  / Region 2  / Group 20","1967",1.83466830687541,1.44515497464269,"geometric-mean-scaled index","member-1","Member 1"
1968,"index","F20_R2_G20","Index 20  / Region 2  / Group 20","1968",1.49027459282616,1.22122047738008,"geometric-mean-scaled index","member-1","Member 1"
1969,"index","F20_R2_G20","Index 20  / Region 2  / Group 20","1969",0.90397341842816,0.932715457603882,"geometric-mean-scaled index","member-1","Member 1"
1970,"index","F20_R2_G20","Index 20  / Region 2  / Group 20","1970",1.74296686069583,0.896890422960328,"geometric-mean-scaled index","member-1","Member 1"
1971,"index","F20_R2_G20","Index 20  / Region 2  / Group 20","1971",1.05128168838887,0.795367303743224,"geometric-mean-scaled index","member-1","Member 1"
1972,"index","F20_R2_G20","Index 20  / Region 2  / Group 20","1972",1.03629787461149,0.71429795489604,"geometric-mean-scaled index","member-1","Member 1"
1973,"index","F20_R2_G20","Index 20  / Region 2  / Group 20","1973",1.14631510743072,0.643866682698042,"geometric-mean-scaled index","member-1","Member 1"
1974,"index","F20_R2_G20","Index 20  / Region 2  / Group 20","1974",0.503606327140092,0.562741363268101,"geometric-mean-scaled index","member-1","Member 1"
1975,"index","F20_R2_G20","Index 20  / Region 2  / Group 20","1975",0.345168043176568,0.515281913024906,"geometric-mean-scaled index","member-1","Member 1"
1976,"index","F20_R2_G20","Index 20  / Region 2  / Group 20","1976",0.392881567888747,0.503964431028003,"geometric-mean-scaled index","member-1","Member 1"
1977,"index","F20_R2_G20","Index 20  / Region 2  / Group 20","1977",0.722292569399697,0.604452204393557,"geometric-mean-scaled index","member-1","Member 1"
1978,"index","F20_R2_G20","Index 20  / Region 2  / Group 20","1978",1.34450541165844,0.817453163901846,"geometric-mean-scaled index","member-1","Member 1"
1979,"index","F20_R2_G20","Index 20  / Region 2  / Group 20","1979",0.925834385511787,0.783156977654925,"geometric-mean-scaled index","member-1","Member 1"
1980,"index","F20_R2_G20","Index 20  / Region 2  / Group 20","1980",0.665679781043966,0.665671398668971,"geometric-mean-scaled index","member-1","Member 1"
1981,"index","F20_R2_G20","Index 20  / Region 2  / Group 20","1981",0.591226781169868,0.562712273787249,"geometric-mean-scaled index","member-1","Member 1"
1982,"index","F20_R2_G20","Index 20  / Region 2  / Group 20","1982",0.474104859767232,0.499124508591079,"geometric-mean-scaled index","member-1","Member 1"
1983,"index","F20_R2_G20","Index 20  / Region 2  / Group 20","1983",0.516419783951321,0.50959468301484,"geometric-mean-scaled index","member-1","Member 1"
1984,"index","F20_R2_G20","Index 20  / Region 2  / Group 20","1984",0.705603550009173,0.598263491112574,"geometric-mean-scaled index","member-1","Member 1"
1985,"index","F20_R2_G20","Index 20  / Region 2  / Group 20","1985",0.596630644214555,0.624885178874965,"geometric-mean-scaled index","member-1","Member 1"
1986,"index","F20_R2_G20","Index 20  / Region 2  / Group 20","1986",0.576521368772823,0.595466654720847,"geometric-mean-scaled index","member-1","Member 1"
1987,"index","F20_R2_G20","Index 20  / Region 2  / Group 20","1987",0.738069475063823,0.584730443303289,"geometric-mean-scaled index","member-1","Member 1"
1988,"index","F20_R2_G20","Index 20  / Region 2  / Group 20","1988",0.631881286279668,0.6129477640179,"geometric-mean-scaled index","member-1","Member 1"
1989,"index","F20_R2_G20","Index 20  / Region 2  / Group 20","1989",0.538572813890766,0.521560594740897,"geometric-mean-scaled index","member-1","Member 1"
1990,"index","F20_R2_G20","Index 20  / Region 2  / Group 20","1990",0.558798697122352,0.532128007796037,"geometric-mean-scaled index","member-1","Member 1"
1991,"index","F20_R2_G20","Index 20  / Region 2  / Group 20","1991",0.596239520556125,0.545993469064189,"geometric-mean-scaled index","member-1","Member 1"
1992,"index","F20_R2_G20","Index 20  / Region 2  / Group 20","1992",0.949703632796349,0.590676443583084,"geometric-mean-scaled index","member-1","Member 1"
1993,"index","F20_R2_G20","Index 20  / Region 2  / Group 20","1993",0.773853468646436,0.687093200416882,"geometric-mean-scaled index","member-1","Member 1"
1994,"index","F20_R2_G20","Index 20  / Region 2  / Group 20","1994",0.810781379423954,0.610862659641647,"geometric-mean-scaled index","member-1","Member 1"
1995,"index","F20_R2_G20","Index 20  / Region 2  / Group 20","1995",1.07726297359609,0.706138510441063,"geometric-mean-scaled index","member-1","Member 1"
1996,"index","F20_R2_G20","Index 20  / Region 2  / Group 20","1996",0.935003854840217,0.689679667890669,"geometric-mean-scaled index","member-1","Member 1"
1997,"index","F20_R2_G20","Index 20  / Region 2  / Group 20","1997",0.800397864000986,0.693705274513944,"geometric-mean-scaled index","member-1","Member 1"
1998,"index","F20_R2_G20","Index 20  / Region 2  / Group 20","1998",1.04349083940237,0.732299329494448,"geometric-mean-scaled index","member-1","Member 1"
1999,"index","F20_R2_G20","Index 20  / Region 2  / Group 20","1999",0.765213765192612,0.804929111103464,"geometric-mean-scaled index","member-1","Member 1"
2000,"index","F20_R2_G20","Index 20  / Region 2  / Group 20","2000",0.767097814359868,0.726324079868995,"geometric-mean-scaled index","member-1","Member 1"
2001,"index","F20_R2_G20","Index 20  / Region 2  / Group 20","2001",0.841773334723493,0.675440306765264,"geometric-mean-scaled index","member-1","Member 1"
2002,"index","F20_R2_G20","Index 20  / Region 2  / Group 20","2002",0.547333871289332,0.529071997458172,"geometric-mean-scaled index","member-1","Member 1"
2003,"index","F20_R2_G20","Index 20  / Region 2  / Group 20","2003",0.588325890023659,0.675192035085985,"geometric-mean-scaled index","member-1","Member 1"
2004,"index","F20_R2_G20","Index 20  / Region 2  / Group 20","2004",0.635814586790303,0.540077384933583,"geometric-mean-scaled index","member-1","Member 1"
2005,"index","F20_R2_G20","Index 20  / Region 2  / Group 20","2005",0.834789610625378,0.620280430420848,"geometric-mean-scaled index","member-1","Member 1"
2006,"index","F20_R2_G20","Index 20  / Region 2  / Group 20","2006",0.92372528101704,0.731975433945492,"geometric-mean-scaled index","member-1","Member 1"
2007,"index","F20_R2_G20","Index 20  / Region 2  / Group 20","2007",0.84623569961814,0.80674610476396,"geometric-mean-scaled index","member-1","Member 1"
2008,"index","F20_R2_G20","Index 20  / Region 2  / Group 20","2008",0.610796174186906,0.699454830751941,"geometric-mean-scaled index","member-1","Member 1"
2009,"index","F20_R2_G20","Index 20  / Region 2  / Group 20","2009",1.05927374250753,0.653960686674077,"geometric-mean-scaled index","member-1","Member 1"
2010,"index","F20_R2_G20","Index 20  / Region 2  / Group 20","2010",0.847323881897912,0.667930412918007,"geometric-mean-scaled index","member-1","Member 1"
2011,"index","F20_R2_G20","Index 20  / Region 2  / Group 20","2011",1.12583979197944,0.77582154870279,"geometric-mean-scaled index","member-1","Member 1"
2012,"index","F20_R2_G20","Index 20  / Region 2  / Group 20","2012",0.945525297290097,0.69413690818944,"geometric-mean-scaled index","member-1","Member 1"
2013,"index","F20_R2_G20","Index 20  / Region 2  / Group 20","2013",0.87877457395759,0.687919974969027,"geometric-mean-scaled index","member-1","Member 1"
2014,"index","F20_R2_G20","Index 20  / Region 2  / Group 20","2014",1.04373534993691,0.74196521006153,"geometric-mean-scaled index","member-1","Member 1"
2015,"index","F20_R2_G20","Index 20  / Region 2  / Group 20","2015",1.22377077691567,0.755130684631598,"geometric-mean-scaled index","member-1","Member 1"
2016,"index","F20_R2_G20","Index 20  / Region 2  / Group 20","2016",1.13572929605611,0.680576201488264,"geometric-mean-scaled index","member-1","Member 1"
2017,"index","F20_R2_G20","Index 20  / Region 2  / Group 20","2017",0.734357067400453,0.618938487580122,"geometric-mean-scaled index","member-1","Member 1"
2018,"index","F20_R2_G20","Index 20  / Region 2  / Group 20","2018",0.64550184014846,0.614381569527991,"geometric-mean-scaled index","member-1","Member 1"
2019,"index","F20_R2_G20","Index 20  / Region 2  / Group 20","2019",0.713722524698996,0.645035465422929,"geometric-mean-scaled index","member-1","Member 1"
2020,"index","F20_R2_G20","Index 20  / Region 2  / Group 20","2020",0.772716002092201,0.553501321998654,"geometric-mean-scaled index","member-1","Member 1"
2021,"index","F20_R2_G20","Index 20  / Region 2  / Group 20","2021",0.751048561936257,0.409238280963365,"geometric-mean-scaled index","member-1","Member 1"
2022,"index","F20_R2_G20","Index 20  / Region 2  / Group 20","2022",1.00202993070836,0.603401061885871,"geometric-mean-scaled index","member-1","Member 1"
1954,"index","F18_R1_G18","Index 18  / Region 1  / Group 18","1954",4.40903714715002,4.50747317957345,"geometric-mean-scaled index","member-2","Member 2"
1955,"index","F18_R1_G18","Index 18  / Region 1  / Group 18","1955",3.14529508758885,4.2512200385412,"geometric-mean-scaled index","member-2","Member 2"
1956,"index","F18_R1_G18","Index 18  / Region 1  / Group 18","1956",3.55845376339654,4.13084372363732,"geometric-mean-scaled index","member-2","Member 2"
1957,"index","F18_R1_G18","Index 18  / Region 1  / Group 18","1957",3.81367935187817,4.02296233966807,"geometric-mean-scaled index","member-2","Member 2"
1958,"index","F18_R1_G18","Index 18  / Region 1  / Group 18","1958",4.19937988018333,3.91759203545751,"geometric-mean-scaled index","member-2","Member 2"
1959,"index","F18_R1_G18","Index 18  / Region 1  / Group 18","1959",5.02003875847804,3.7838052887382,"geometric-mean-scaled index","member-2","Member 2"
1960,"index","F18_R1_G18","Index 18  / Region 1  / Group 18","1960",6.09415385779237,3.67015835503171,"geometric-mean-scaled index","member-2","Member 2"
1961,"index","F18_R1_G18","Index 18  / Region 1  / Group 18","1961",5.9871599837675,3.5190704416495,"geometric-mean-scaled index","member-2","Member 2"
1962,"index","F18_R1_G18","Index 18  / Region 1  / Group 18","1962",4.31836862588877,3.27934092541169,"geometric-mean-scaled index","member-2","Member 2"
1963,"index","F18_R1_G18","Index 18  / Region 1  / Group 18","1963",2.6756633141332,2.96922670701598,"geometric-mean-scaled index","member-2","Member 2"
1964,"index","F18_R1_G18","Index 18  / Region 1  / Group 18","1964",2.42251196662564,2.62115004195452,"geometric-mean-scaled index","member-2","Member 2"
1965,"index","F18_R1_G18","Index 18  / Region 1  / Group 18","1965",2.71599052736943,2.22307918817934,"geometric-mean-scaled index","member-2","Member 2"
1966,"index","F18_R1_G18","Index 18  / Region 1  / Group 18","1966",2.44814503331434,1.83060191028738,"geometric-mean-scaled index","member-2","Member 2"
1967,"index","F18_R1_G18","Index 18  / Region 1  / Group 18","1967",1.94746079529619,1.61804265855812,"geometric-mean-scaled index","member-2","Member 2"
1968,"index","F18_R1_G18","Index 18  / Region 1  / Group 18","1968",1.71471945569896,1.56268687509855,"geometric-mean-scaled index","member-2","Member 2"
1969,"index","F18_R1_G18","Index 18  / Region 1  / Group 18","1969",1.65433171113289,1.50626579953458,"geometric-mean-scaled index","member-2","Member 2"
1970,"index","F18_R1_G18","Index 18  / Region 1  / Group 18","1970",1.54780579698768,1.32821099547647,"geometric-mean-scaled index","member-2","Member 2"
1971,"index","F18_R1_G18","Index 18  / Region 1  / Group 18","1971",1.23412080025738,1.09948261642805,"geometric-mean-scaled index","member-2","Member 2"
1972,"index","F18_R1_G18","Index 18  / Region 1  / Group 18","1972",1.07338614840291,0.929767049718172,"geometric-mean-scaled index","member-2","Member 2"
1973,"index","F18_R1_G18","Index 18  / Region 1  / Group 18","1973",0.989103263951998,0.772257161382853,"geometric-mean-scaled index","member-2","Member 2"
1974,"index","F18_R1_G18","Index 18  / Region 1  / Group 18","1974",0.580301639759145,0.661108384013572,"geometric-mean-scaled index","member-2","Member 2"
1975,"index","F18_R1_G18","Index 18  / Region 1  / Group 18","1975",0.58813811691667,0.637469547911764,"geometric-mean-scaled index","member-2","Member 2"
1976,"index","F18_R1_G18","Index 18  / Region 1  / Group 18","1976",0.851064006357214,0.645706864542606,"geometric-mean-scaled index","member-2","Member 2"
1977,"index","F18_R1_G18","Index 18  / Region 1  / Group 18","1977",0.863018267252948,0.60727542849197,"geometric-mean-scaled index","member-2","Member 2"
1978,"index","F18_R1_G18","Index 18  / Region 1  / Group 18","1978",0.935245185300877,0.640195528015263,"geometric-mean-scaled index","member-2","Member 2"
1979,"index","F18_R1_G18","Index 18  / Region 1  / Group 18","1979",0.811891863308134,0.751066255927425,"geometric-mean-scaled index","member-2","Member 2"
1980,"index","F18_R1_G18","Index 18  / Region 1  / Group 18","1980",0.857986996795637,0.825976017449452,"geometric-mean-scaled index","member-2","Member 2"
1981,"index","F18_R1_G18","Index 18  / Region 1  / Group 18","1981",0.969775742290399,0.772475598180737,"geometric-mean-scaled index","member-2","Member 2"
1982,"index","F18_R1_G18","Index 18  / Region 1  / Group 18","1982",0.754187984251701,0.671912238156934,"geometric-mean-scaled index","member-2","Member 2"
1983,"index","F18_R1_G18","Index 18  / Region 1  / Group 18","1983",0.847323525052082,0.609715895029764,"geometric-mean-scaled index","member-2","Member 2"
1984,"index","F18_R1_G18","Index 18  / Region 1  / Group 18","1984",0.697012441179108,0.593388683315074,"geometric-mean-scaled index","member-2","Member 2"
1985,"index","F18_R1_G18","Index 18  / Region 1  / Group 18","1985",0.700113985527936,0.637494618508935,"geometric-mean-scaled index","member-2","Member 2"
1986,"index","F18_R1_G18","Index 18  / Region 1  / Group 18","1986",0.916792661518106,0.677382882305583,"geometric-mean-scaled index","member-2","Member 2"
1987,"index","F18_R1_G18","Index 18  / Region 1  / Group 18","1987",0.932698710694853,0.722723137338744,"geometric-mean-scaled index","member-2","Member 2"
1988,"index","F18_R1_G18","Index 18  / Region 1  / Group 18","1988",0.933673375591985,0.685311665428325,"geometric-mean-scaled index","member-2","Member 2"
1989,"index","F18_R1_G18","Index 18  / Region 1  / Group 18","1989",0.68771709247243,0.674751524786793,"geometric-mean-scaled index","member-2","Member 2"
1990,"index","F18_R1_G18","Index 18  / Region 1  / Group 18","1990",0.776975789161292,0.679995071374683,"geometric-mean-scaled index","member-2","Member 2"
1991,"index","F18_R1_G18","Index 18  / Region 1  / Group 18","1991",0.655727821196814,0.648239462815603,"geometric-mean-scaled index","member-2","Member 2"
1992,"index","F18_R1_G18","Index 18  / Region 1  / Group 18","1992",0.872502177541898,0.633893390222625,"geometric-mean-scaled index","member-2","Member 2"
1993,"index","F18_R1_G18","Index 18  / Region 1  / Group 18","1993",0.879147658089477,0.667909978374121,"geometric-mean-scaled index","member-2","Member 2"
1994,"index","F18_R1_G18","Index 18  / Region 1  / Group 18","1994",0.948738796667378,0.706385267797177,"geometric-mean-scaled index","member-2","Member 2"
1995,"index","F18_R1_G18","Index 18  / Region 1  / Group 18","1995",0.883131727989847,0.745904363982948,"geometric-mean-scaled index","member-2","Member 2"
1996,"index","F18_R1_G18","Index 18  / Region 1  / Group 18","1996",0.837306959406211,0.749868256436991,"geometric-mean-scaled index","member-2","Member 2"
1997,"index","F18_R1_G18","Index 18  / Region 1  / Group 18","1997",0.95208949005856,0.775502740273765,"geometric-mean-scaled index","member-2","Member 2"
1998,"index","F18_R1_G18","Index 18  / Region 1  / Group 18","1998",0.856547687420413,0.738997881592948,"geometric-mean-scaled index","member-2","Member 2"
1999,"index","F18_R1_G18","Index 18  / Region 1  / Group 18","1999",0.61266101448799,0.769878207549789,"geometric-mean-scaled index","member-2","Member 2"
2000,"index","F18_R1_G18","Index 18  / Region 1  / Group 18","2000",0.679263091965619,0.801927892365973,"geometric-mean-scaled index","member-2","Member 2"
2001,"index","F18_R1_G18","Index 18  / Region 1  / Group 18","2001",0.663388123597169,0.749998741941451,"geometric-mean-scaled index","member-2","Member 2"
2002,"index","F18_R1_G18","Index 18  / Region 1  / Group 18","2002",0.695863453728742,0.589603995392979,"geometric-mean-scaled index","member-2","Member 2"
2003,"index","F18_R1_G18","Index 18  / Region 1  / Group 18","2003",0.520428254256146,0.498581979805156,"geometric-mean-scaled index","member-2","Member 2"
2004,"index","F18_R1_G18","Index 18  / Region 1  / Group 18","2004",0.457969008695485,0.502743688918597,"geometric-mean-scaled index","member-2","Member 2"
2005,"index","F18_R1_G18","Index 18  / Region 1  / Group 18","2005",0.57000982730679,0.471580290857126,"geometric-mean-scaled index","member-2","Member 2"
2006,"index","F18_R1_G18","Index 18  / Region 1  / Group 18","2006",0.692547701969523,0.480908890188503,"geometric-mean-scaled index","member-2","Member 2"
2007,"index","F18_R1_G18","Index 18  / Region 1  / Group 18","2007",0.763296075617131,0.534355864290074,"geometric-mean-scaled index","member-2","Member 2"
2008,"index","F18_R1_G18","Index 18  / Region 1  / Group 18","2008",0.557991706511396,0.595960239000429,"geometric-mean-scaled index","member-2","Member 2"
2009,"index","F18_R1_G18","Index 18  / Region 1  / Group 18","2009",0.644374806432787,0.578401183439615,"geometric-mean-scaled index","member-2","Member 2"
2010,"index","F18_R1_G18","Index 18  / Region 1  / Group 18","2010",0.629833334064991,0.437221295676092,"geometric-mean-scaled index","member-2","Member 2"
2011,"index","F18_R1_G18","Index 18  / Region 1  / Group 18","2011",0.472776191924379,0.453264092494092,"geometric-mean-scaled index","member-2","Member 2"
2012,"index","F18_R1_G18","Index 18  / Region 1  / Group 18","2012",0.561037772817115,0.498938379148159,"geometric-mean-scaled index","member-2","Member 2"
2013,"index","F18_R1_G18","Index 18  / Region 1  / Group 18","2013",0.518607359493591,0.495288630965328,"geometric-mean-scaled index","member-2","Member 2"
2014,"index","F18_R1_G18","Index 18  / Region 1  / Group 18","2014",0.534249440170542,0.504226051603131,"geometric-mean-scaled index","member-2","Member 2"
2015,"index","F18_R1_G18","Index 18  / Region 1  / Group 18","2015",0.610459945494768,0.533741051349945,"geometric-mean-scaled index","member-2","Member 2"
2016,"index","F18_R1_G18","Index 18  / Region 1  / Group 18","2016",0.483833914957584,0.56194424576622,"geometric-mean-scaled index","member-2","Member 2"
2017,"index","F18_R1_G18","Index 18  / Region 1  / Group 18","2017",0.503585067785675,0.561887496487864,"geometric-mean-scaled index","member-2","Member 2"
2018,"index","F18_R1_G18","Index 18  / Region 1  / Group 18","2018",0.44199217333407,0.498703786544359,"geometric-mean-scaled index","member-2","Member 2"
2019,"index","F18_R1_G18","Index 18  / Region 1  / Group 18","2019",0.466975339471439,0.453517032433454,"geometric-mean-scaled index","member-2","Member 2"
2020,"index","F18_R1_G18","Index 18  / Region 1  / Group 18","2020",0.377731205082218,0.433317102068426,"geometric-mean-scaled index","member-2","Member 2"
2021,"index","F18_R1_G18","Index 18  / Region 1  / Group 18","2021",0.384903092509445,0.430100094964669,"geometric-mean-scaled index","member-2","Member 2"
2022,"index","F18_R1_G18","Index 18  / Region 1  / Group 18","2022",0.533173522636986,0.39448453720758,"geometric-mean-scaled index","member-2","Member 2"
1992,"index","F19_R1_G19","Index 19  / Region 1  / Group 19","1992",1.85927115000846,0.793410908982355,"geometric-mean-scaled index","member-2","Member 2"
1993,"index","F19_R1_G19","Index 19  / Region 1  / Group 19","1993",0.849266654622091,0.769069617257105,"geometric-mean-scaled index","member-2","Member 2"
1994,"index","F19_R1_G19","Index 19  / Region 1  / Group 19","1994",1.00123553533734,0.760851363479941,"geometric-mean-scaled index","member-2","Member 2"
1995,"index","F19_R1_G19","Index 19  / Region 1  / Group 19","1995",1.31046507492219,0.89720503706668,"geometric-mean-scaled index","member-2","Member 2"
1996,"index","F19_R1_G19","Index 19  / Region 1  / Group 19","1996",1.21306505673522,0.931935095465444,"geometric-mean-scaled index","member-2","Member 2"
1997,"index","F19_R1_G19","Index 19  / Region 1  / Group 19","1997",0.799390157141791,0.707298471541763,"geometric-mean-scaled index","member-2","Member 2"
1998,"index","F19_R1_G19","Index 19  / Region 1  / Group 19","1998",1.99291282185133,0.583769311860574,"geometric-mean-scaled index","member-2","Member 2"
1999,"index","F19_R1_G19","Index 19  / Region 1  / Group 19","1999",1.3696369541503,0.559039923694431,"geometric-mean-scaled index","member-2","Member 2"
2000,"index","F19_R1_G19","Index 19  / Region 1  / Group 19","2000",0.965612099781253,0.935630647604338,"geometric-mean-scaled index","member-2","Member 2"
2001,"index","F19_R1_G19","Index 19  / Region 1  / Group 19","2001",0.810369966030035,0.726224491768329,"geometric-mean-scaled index","member-2","Member 2"
2002,"index","F19_R1_G19","Index 19  / Region 1  / Group 19","2002",0.74171237247259,0.86939093942098,"geometric-mean-scaled index","member-2","Member 2"
2003,"index","F19_R1_G19","Index 19  / Region 1  / Group 19","2003",1.03600097632011,1.20331973210124,"geometric-mean-scaled index","member-2","Member 2"
2004,"index","F19_R1_G19","Index 19  / Region 1  / Group 19","2004",1.05045112419079,1.10145804745823,"geometric-mean-scaled index","member-2","Member 2"
2005,"index","F19_R1_G19","Index 19  / Region 1  / Group 19","2005",0.734713898314047,0.77436385624169,"geometric-mean-scaled index","member-2","Member 2"
2006,"index","F19_R1_G19","Index 19  / Region 1  / Group 19","2006",0.882670668461906,0.712131122973669,"geometric-mean-scaled index","member-2","Member 2"
2007,"index","F19_R1_G19","Index 19  / Region 1  / Group 19","2007",1.03363575876466,0.952599752935455,"geometric-mean-scaled index","member-2","Member 2"
2008,"index","F19_R1_G19","Index 19  / Region 1  / Group 19","2008",1.33647576097039,1.17294318179949,"geometric-mean-scaled index","member-2","Member 2"
2009,"index","F19_R1_G19","Index 19  / Region 1  / Group 19","2009",0.832547956398684,0.998024679719882,"geometric-mean-scaled index","member-2","Member 2"
2010,"index","F19_R1_G19","Index 19  / Region 1  / Group 19","2010",1.1710748925389,0.969250781022362,"geometric-mean-scaled index","member-2","Member 2"
2011,"index","F19_R1_G19","Index 19  / Region 1  / Group 19","2011",1.14908021933067,1.15843427934359,"geometric-mean-scaled index","member-2","Member 2"
2012,"index","F19_R1_G19","Index 19  / Region 1  / Group 19","2012",0.992144371207608,1.19299277611156,"geometric-mean-scaled index","member-2","Member 2"
2013,"index","F19_R1_G19","Index 19  / Region 1  / Group 19","2013",0.812541615693899,0.979484199026139,"geometric-mean-scaled index","member-2","Member 2"
2014,"index","F19_R1_G19","Index 19  / Region 1  / Group 19","2014",0.869128916645273,0.854789742542898,"geometric-mean-scaled index","member-2","Member 2"
2015,"index","F19_R1_G19","Index 19  / Region 1  / Group 19","2015",0.923487470227196,0.967837712894054,"geometric-mean-scaled index","member-2","Member 2"
2016,"index","F19_R1_G19","Index 19  / Region 1  / Group 19","2016",0.994049496935054,0.995418383168526,"geometric-mean-scaled index","member-2","Member 2"
2017,"index","F19_R1_G19","Index 19  / Region 1  / Group 19","2017",0.679637993540111,0.739503689424467,"geometric-mean-scaled index","member-2","Member 2"
2018,"index","F19_R1_G19","Index 19  / Region 1  / Group 19","2018",1.1614387047662,0.638354576638693,"geometric-mean-scaled index","member-2","Member 2"
2019,"index","F19_R1_G19","Index 19  / Region 1  / Group 19","2019",0.909406517143503,1.11460278188813,"geometric-mean-scaled index","member-2","Member 2"
2020,"index","F19_R1_G19","Index 19  / Region 1  / Group 19","2020",0.960523282163485,1.18975960852581,"geometric-mean-scaled index","member-2","Member 2"
2021,"index","F19_R1_G19","Index 19  / Region 1  / Group 19","2021",0.974737478989675,1.08154142104531,"geometric-mean-scaled index","member-2","Member 2"
2022,"index","F19_R1_G19","Index 19  / Region 1  / Group 19","2022",0.665420460916155,0.916588356703491,"geometric-mean-scaled index","member-2","Member 2"
1954,"index","F20_R2_G20","Index 20  / Region 2  / Group 20","1954",4.21096154805618,2.9068380674097,"geometric-mean-scaled index","member-2","Member 2"
1955,"index","F20_R2_G20","Index 20  / Region 2  / Group 20","1955",3.11733650195403,2.84186814893083,"geometric-mean-scaled index","member-2","Member 2"
1956,"index","F20_R2_G20","Index 20  / Region 2  / Group 20","1956",3.11471220345346,2.81812191563733,"geometric-mean-scaled index","member-2","Member 2"
1957,"index","F20_R2_G20","Index 20  / Region 2  / Group 20","1957",2.49122048423764,2.79381937961583,"geometric-mean-scaled index","member-2","Member 2"
1958,"index","F20_R2_G20","Index 20  / Region 2  / Group 20","1958",3.38277838084962,2.77030542859164,"geometric-mean-scaled index","member-2","Member 2"
1959,"index","F20_R2_G20","Index 20  / Region 2  / Group 20","1959",3.53910335426992,2.74391372835383,"geometric-mean-scaled index","member-2","Member 2"
1960,"index","F20_R2_G20","Index 20  / Region 2  / Group 20","1960",2.88806453309758,2.69769007490726,"geometric-mean-scaled index","member-2","Member 2"
1961,"index","F20_R2_G20","Index 20  / Region 2  / Group 20","1961",2.77519235560544,2.41498293464565,"geometric-mean-scaled index","member-2","Member 2"
1962,"index","F20_R2_G20","Index 20  / Region 2  / Group 20","1962",2.84542670742501,2.27859099341963,"geometric-mean-scaled index","member-2","Member 2"
1963,"index","F20_R2_G20","Index 20  / Region 2  / Group 20","1963",2.15624779216803,1.84995176061703,"geometric-mean-scaled index","member-2","Member 2"
1964,"index","F20_R2_G20","Index 20  / Region 2  / Group 20","1964",1.77294323917794,1.44949646171447,"geometric-mean-scaled index","member-2","Member 2"
1965,"index","F20_R2_G20","Index 20  / Region 2  / Group 20","1965",1.39305357413891,1.37280781657482,"geometric-mean-scaled index","member-2","Member 2"
1966,"index","F20_R2_G20","Index 20  / Region 2  / Group 20","1966",2.15604911541288,1.43399736153151,"geometric-mean-scaled index","member-2","Member 2"
1967,"index","F20_R2_G20","Index 20  / Region 2  / Group 20","1967",1.83466830687541,1.57204663095278,"geometric-mean-scaled index","member-2","Member 2"
1968,"index","F20_R2_G20","Index 20  / Region 2  / Group 20","1968",1.49027459282616,1.32844959246711,"geometric-mean-scaled index","member-2","Member 2"
1969,"index","F20_R2_G20","Index 20  / Region 2  / Group 20","1969",0.90397341842816,1.014612424613,"geometric-mean-scaled index","member-2","Member 2"
1970,"index","F20_R2_G20","Index 20  / Region 2  / Group 20","1970",1.74296686069583,0.975641777171479,"geometric-mean-scaled index","member-2","Member 2"
1971,"index","F20_R2_G20","Index 20  / Region 2  / Group 20","1971",1.05128168838887,0.865204432852385,"geometric-mean-scaled index","member-2","Member 2"
1972,"index","F20_R2_G20","Index 20  / Region 2  / Group 20","1972",1.03629787461149,0.77701679971618,"geometric-mean-scaled index","member-2","Member 2"
1973,"index","F20_R2_G20","Index 20  / Region 2  / Group 20","1973",1.14631510743072,0.700401318252016,"geometric-mean-scaled index","member-2","Member 2"
1974,"index","F20_R2_G20","Index 20  / Region 2  / Group 20","1974",0.503606327140092,0.612152800042861,"geometric-mean-scaled index","member-2","Member 2"
1975,"index","F20_R2_G20","Index 20  / Region 2  / Group 20","1975",0.345168043176568,0.5605261785588,"geometric-mean-scaled index","member-2","Member 2"
1976,"index","F20_R2_G20","Index 20  / Region 2  / Group 20","1976",0.392881567888747,0.54821496643534,"geometric-mean-scaled index","member-2","Member 2"
1977,"index","F20_R2_G20","Index 20  / Region 2  / Group 20","1977",0.722292569399697,0.65752605648665,"geometric-mean-scaled index","member-2","Member 2"
1978,"index","F20_R2_G20","Index 20  / Region 2  / Group 20","1978",1.34450541165844,0.889229539268838,"geometric-mean-scaled index","member-2","Member 2"
1979,"index","F20_R2_G20","Index 20  / Region 2  / Group 20","1979",0.925834385511787,0.851921980570967,"geometric-mean-scaled index","member-2","Member 2"
1980,"index","F20_R2_G20","Index 20  / Region 2  / Group 20","1980",0.665679781043966,0.724120594649661,"geometric-mean-scaled index","member-2","Member 2"
1981,"index","F20_R2_G20","Index 20  / Region 2  / Group 20","1981",0.591226781169868,0.612121156363691,"geometric-mean-scaled index","member-2","Member 2"
1982,"index","F20_R2_G20","Index 20  / Region 2  / Group 20","1982",0.474104859767232,0.542950075199076,"geometric-mean-scaled index","member-2","Member 2"
1983,"index","F20_R2_G20","Index 20  / Region 2  / Group 20","1983",0.516419783951321,0.554339582011265,"geometric-mean-scaled index","member-2","Member 2"
1984,"index","F20_R2_G20","Index 20  / Region 2  / Group 20","1984",0.705603550009173,0.650793943990751,"geometric-mean-scaled index","member-2","Member 2"
1985,"index","F20_R2_G20","Index 20  / Region 2  / Group 20","1985",0.596630644214555,0.679753145800571,"geometric-mean-scaled index","member-2","Member 2"
1986,"index","F20_R2_G20","Index 20  / Region 2  / Group 20","1986",0.576521368772823,0.647751531720727,"geometric-mean-scaled index","member-2","Member 2"
1987,"index","F20_R2_G20","Index 20  / Region 2  / Group 20","1987",0.738069475063823,0.636072628568944,"geometric-mean-scaled index","member-2","Member 2"
1988,"index","F20_R2_G20","Index 20  / Region 2  / Group 20","1988",0.631881286279668,0.666767567687764,"geometric-mean-scaled index","member-2","Member 2"
1989,"index","F20_R2_G20","Index 20  / Region 2  / Group 20","1989",0.538572813890766,0.567356159157171,"geometric-mean-scaled index","member-2","Member 2"
1990,"index","F20_R2_G20","Index 20  / Region 2  / Group 20","1990",0.558798697122352,0.578851442626909,"geometric-mean-scaled index","member-2","Member 2"
1991,"index","F20_R2_G20","Index 20  / Region 2  / Group 20","1991",0.596239520556125,0.593934359030801,"geometric-mean-scaled index","member-2","Member 2"
1992,"index","F20_R2_G20","Index 20  / Region 2  / Group 20","1992",0.949703632796349,0.642540716678184,"geometric-mean-scaled index","member-2","Member 2"
1993,"index","F20_R2_G20","Index 20  / Region 2  / Group 20","1993",0.773853468646436,0.747423335087632,"geometric-mean-scaled index","member-2","Member 2"
1994,"index","F20_R2_G20","Index 20  / Region 2  / Group 20","1994",0.810781379423954,0.664499380976035,"geometric-mean-scaled index","member-2","Member 2"
1995,"index","F20_R2_G20","Index 20  / Region 2  / Group 20","1995",1.07726297359609,0.768140916235888,"geometric-mean-scaled index","member-2","Member 2"
1996,"index","F20_R2_G20","Index 20  / Region 2  / Group 20","1996",0.935003854840217,0.750236907022532,"geometric-mean-scaled index","member-2","Member 2"
1997,"index","F20_R2_G20","Index 20  / Region 2  / Group 20","1997",0.800397864000986,0.754615981544436,"geometric-mean-scaled index","member-2","Member 2"
1998,"index","F20_R2_G20","Index 20  / Region 2  / Group 20","1998",1.04349083940237,0.796598782815912,"geometric-mean-scaled index","member-2","Member 2"
1999,"index","F20_R2_G20","Index 20  / Region 2  / Group 20","1999",0.765213765192612,0.875605813541817,"geometric-mean-scaled index","member-2","Member 2"
2000,"index","F20_R2_G20","Index 20  / Region 2  / Group 20","2000",0.767097814359868,0.790098877125785,"geometric-mean-scaled index","member-2","Member 2"
2001,"index","F20_R2_G20","Index 20  / Region 2  / Group 20","2001",0.841773334723493,0.734747260530019,"geometric-mean-scaled index","member-2","Member 2"
2002,"index","F20_R2_G20","Index 20  / Region 2  / Group 20","2002",0.547333871289332,0.575527099674011,"geometric-mean-scaled index","member-2","Member 2"
2003,"index","F20_R2_G20","Index 20  / Region 2  / Group 20","2003",0.588325890023659,0.734477189386218,"geometric-mean-scaled index","member-2","Member 2"
2004,"index","F20_R2_G20","Index 20  / Region 2  / Group 20","2004",0.635814586790303,0.58749881385458,"geometric-mean-scaled index","member-2","Member 2"
2005,"index","F20_R2_G20","Index 20  / Region 2  / Group 20","2005",0.834789610625378,0.674744077969995,"geometric-mean-scaled index","member-2","Member 2"
2006,"index","F20_R2_G20","Index 20  / Region 2  / Group 20","2006",0.92372528101704,0.796246447657779,"geometric-mean-scaled index","member-2","Member 2"
2007,"index","F20_R2_G20","Index 20  / Region 2  / Group 20","2007",0.84623569961814,0.877582348109088,"geometric-mean-scaled index","member-2","Member 2"
2008,"index","F20_R2_G20","Index 20  / Region 2  / Group 20","2008",0.610796174186906,0.760870376866746,"geometric-mean-scaled index","member-2","Member 2"
2009,"index","F20_R2_G20","Index 20  / Region 2  / Group 20","2009",1.05927374250753,0.711381625016191,"geometric-mean-scaled index","member-2","Member 2"
2010,"index","F20_R2_G20","Index 20  / Region 2  / Group 20","2010",0.847323881897912,0.726577961369344,"geometric-mean-scaled index","member-2","Member 2"
2011,"index","F20_R2_G20","Index 20  / Region 2  / Group 20","2011",1.12583979197944,0.843942465174254,"geometric-mean-scaled index","member-2","Member 2"
2012,"index","F20_R2_G20","Index 20  / Region 2  / Group 20","2012",0.945525297290097,0.755085514762171,"geometric-mean-scaled index","member-2","Member 2"
2013,"index","F20_R2_G20","Index 20  / Region 2  / Group 20","2013",0.87877457395759,0.748322704478503,"geometric-mean-scaled index","member-2","Member 2"
2014,"index","F20_R2_G20","Index 20  / Region 2  / Group 20","2014",1.04373534993691,0.80711337484742,"geometric-mean-scaled index","member-2","Member 2"
2015,"index","F20_R2_G20","Index 20  / Region 2  / Group 20","2015",1.22377077691567,0.821434842306567,"geometric-mean-scaled index","member-2","Member 2"
2016,"index","F20_R2_G20","Index 20  / Region 2  / Group 20","2016",1.13572929605611,0.740334111862843,"geometric-mean-scaled index","member-2","Member 2"
2017,"index","F20_R2_G20","Index 20  / Region 2  / Group 20","2017",0.734357067400453,0.673284306001791,"geometric-mean-scaled index","member-2","Member 2"
2018,"index","F20_R2_G20","Index 20  / Region 2  / Group 20","2018",0.64550184014846,0.668327268315815,"geometric-mean-scaled index","member-2","Member 2"
2019,"index","F20_R2_G20","Index 20  / Region 2  / Group 20","2019",0.713722524698996,0.701672725801528,"geometric-mean-scaled index","member-2","Member 2"
2020,"index","F20_R2_G20","Index 20  / Region 2  / Group 20","2020",0.772716002092201,0.602101438076584,"geometric-mean-scaled index","member-2","Member 2"
2021,"index","F20_R2_G20","Index 20  / Region 2  / Group 20","2021",0.751048561936257,0.445171398316246,"geometric-mean-scaled index","member-2","Member 2"
2022,"index","F20_R2_G20","Index 20  / Region 2  / Group 20","2022",1.00202993070836,0.656382618539265,"geometric-mean-scaled index","member-2","Member 2"
1954,"index","F18_R1_G18","Index 18  / Region 1  / Group 18","1954",4.40903714715002,4.87130509541346,"geometric-mean-scaled index","member-3","Member 3"
1955,"index","F18_R1_G18","Index 18  / Region 1  / Group 18","1955",3.14529508758885,4.59436784434273,"geometric-mean-scaled index","member-3","Member 3"
1956,"index","F18_R1_G18","Index 18  / Region 1  / Group 18","1956",3.55845376339654,4.46427505559011,"geometric-mean-scaled index","member-3","Member 3"
1957,"index","F18_R1_G18","Index 18  / Region 1  / Group 18","1957",3.81367935187817,4.34768575721975,"geometric-mean-scaled index","member-3","Member 3"
1958,"index","F18_R1_G18","Index 18  / Region 1  / Group 18","1958",4.19937988018333,4.23381022666036,"geometric-mean-scaled index","member-3","Member 3"
1959,"index","F18_R1_G18","Index 18  / Region 1  / Group 18","1959",5.02003875847804,4.08922454971258,"geometric-mean-scaled index","member-3","Member 3"
1960,"index","F18_R1_G18","Index 18  / Region 1  / Group 18","1960",6.09415385779237,3.9664043209087,"geometric-mean-scaled index","member-3","Member 3"
1961,"index","F18_R1_G18","Index 18  / Region 1  / Group 18","1961",5.9871599837675,3.80312097057189,"geometric-mean-scaled index","member-3","Member 3"
1962,"index","F18_R1_G18","Index 18  / Region 1  / Group 18","1962",4.31836862588877,3.5440410897947,"geometric-mean-scaled index","member-3","Member 3"
1963,"index","F18_R1_G18","Index 18  / Region 1  / Group 18","1963",2.6756633141332,3.20889523045224,"geometric-mean-scaled index","member-3","Member 3"
1964,"index","F18_R1_G18","Index 18  / Region 1  / Group 18","1964",2.42251196662564,2.83272269108089,"geometric-mean-scaled index","member-3","Member 3"
1965,"index","F18_R1_G18","Index 18  / Region 1  / Group 18","1965",2.71599052736943,2.4025205576288,"geometric-mean-scaled index","member-3","Member 3"
1966,"index","F18_R1_G18","Index 18  / Region 1  / Group 18","1966",2.44814503331434,1.97836349945856,"geometric-mean-scaled index","member-3","Member 3"
1967,"index","F18_R1_G18","Index 18  / Region 1  / Group 18","1967",1.94746079529619,1.7486469987108,"geometric-mean-scaled index","member-3","Member 3"
1968,"index","F18_R1_G18","Index 18  / Region 1  / Group 18","1968",1.71471945569896,1.6888230354204,"geometric-mean-scaled index","member-3","Member 3"
1969,"index","F18_R1_G18","Index 18  / Region 1  / Group 18","1969",1.65433171113289,1.62784779232212,"geometric-mean-scaled index","member-3","Member 3"
1970,"index","F18_R1_G18","Index 18  / Region 1  / Group 18","1970",1.54780579698768,1.43542085161359,"geometric-mean-scaled index","member-3","Member 3"
1971,"index","F18_R1_G18","Index 18  / Region 1  / Group 18","1971",1.23412080025738,1.18823009219354,"geometric-mean-scaled index","member-3","Member 3"
1972,"index","F18_R1_G18","Index 18  / Region 1  / Group 18","1972",1.07338614840291,1.0048155111304,"geometric-mean-scaled index","member-3","Member 3"
1973,"index","F18_R1_G18","Index 18  / Region 1  / Group 18","1973",0.989103263951998,0.834591820149182,"geometric-mean-scaled index","member-3","Member 3"
1974,"index","F18_R1_G18","Index 18  / Region 1  / Group 18","1974",0.580301639759145,0.714471392588659,"geometric-mean-scaled index","member-3","Member 3"
1975,"index","F18_R1_G18","Index 18  / Region 1  / Group 18","1975",0.58813811691667,0.688924488998813,"geometric-mean-scaled index","member-3","Member 3"
1976,"index","F18_R1_G18","Index 18  / Region 1  / Group 18","1976",0.851064006357214,0.697826701142457,"geometric-mean-scaled index","member-3","Member 3"
1977,"index","F18_R1_G18","Index 18  / Region 1  / Group 18","1977",0.863018267252948,0.65629317608325,"geometric-mean-scaled index","member-3","Member 3"
1978,"index","F18_R1_G18","Index 18  / Region 1  / Group 18","1978",0.935245185300877,0.691870503370755,"geometric-mean-scaled index","member-3","Member 3"
1979,"index","F18_R1_G18","Index 18  / Region 1  / Group 18","1979",0.811891863308134,0.811690438020222,"geometric-mean-scaled index","member-3","Member 3"
1980,"index","F18_R1_G18","Index 18  / Region 1  / Group 18","1980",0.857986996795637,0.892646727378107,"geometric-mean-scaled index","member-3","Member 3"
1981,"index","F18_R1_G18","Index 18  / Region 1  / Group 18","1981",0.969775742290399,0.834827888616851,"geometric-mean-scaled index","member-3","Member 3"
1982,"index","F18_R1_G18","Index 18  / Region 1  / Group 18","1982",0.754187984251701,0.726147306707718,"geometric-mean-scaled index","member-3","Member 3"
1983,"index","F18_R1_G18","Index 18  / Region 1  / Group 18","1983",0.847323525052082,0.658930630951449,"geometric-mean-scaled index","member-3","Member 3"
1984,"index","F18_R1_G18","Index 18  / Region 1  / Group 18","1984",0.697012441179108,0.641285527708219,"geometric-mean-scaled index","member-3","Member 3"
1985,"index","F18_R1_G18","Index 18  / Region 1  / Group 18","1985",0.700113985527936,0.688951583231629,"geometric-mean-scaled index","member-3","Member 3"
1986,"index","F18_R1_G18","Index 18  / Region 1  / Group 18","1986",0.916792661518106,0.732059527514105,"geometric-mean-scaled index","member-3","Member 3"
1987,"index","F18_R1_G18","Index 18  / Region 1  / Group 18","1987",0.932698710694853,0.781059534074607,"geometric-mean-scaled index","member-3","Member 3"
1988,"index","F18_R1_G18","Index 18  / Region 1  / Group 18","1988",0.933673375591985,0.74062830209967,"geometric-mean-scaled index","member-3","Member 3"
1989,"index","F18_R1_G18","Index 18  / Region 1  / Group 18","1989",0.68771709247243,0.729215773424292,"geometric-mean-scaled index","member-3","Member 3"
1990,"index","F18_R1_G18","Index 18  / Region 1  / Group 18","1990",0.776975789161292,0.734882565925105,"geometric-mean-scaled index","member-3","Member 3"
1991,"index","F18_R1_G18","Index 18  / Region 1  / Group 18","1991",0.655727821196814,0.700563724388162,"geometric-mean-scaled index","member-3","Member 3"
1992,"index","F18_R1_G18","Index 18  / Region 1  / Group 18","1992",0.872502177541898,0.685059672841492,"geometric-mean-scaled index","member-3","Member 3"
1993,"index","F18_R1_G18","Index 18  / Region 1  / Group 18","1993",0.879147658089477,0.721821994565754,"geometric-mean-scaled index","member-3","Member 3"
1994,"index","F18_R1_G18","Index 18  / Region 1  / Group 18","1994",0.948738796667378,0.763402912731478,"geometric-mean-scaled index","member-3","Member 3"
1995,"index","F18_R1_G18","Index 18  / Region 1  / Group 18","1995",0.883131727989847,0.806111891120585,"geometric-mean-scaled index","member-3","Member 3"
1996,"index","F18_R1_G18","Index 18  / Region 1  / Group 18","1996",0.837306959406211,0.810395739019349,"geometric-mean-scaled index","member-3","Member 3"
1997,"index","F18_R1_G18","Index 18  / Region 1  / Group 18","1997",0.95208949005856,0.838099374017835,"geometric-mean-scaled index","member-3","Member 3"
1998,"index","F18_R1_G18","Index 18  / Region 1  / Group 18","1998",0.856547687420413,0.798647934815698,"geometric-mean-scaled index","member-3","Member 3"
1999,"index","F18_R1_G18","Index 18  / Region 1  / Group 18","1999",0.61266101448799,0.832020843136767,"geometric-mean-scaled index","member-3","Member 3"
2000,"index","F18_R1_G18","Index 18  / Region 1  / Group 18","2000",0.679263091965619,0.8666574980278,"geometric-mean-scaled index","member-3","Member 3"
2001,"index","F18_R1_G18","Index 18  / Region 1  / Group 18","2001",0.663388123597169,0.810536756986052,"geometric-mean-scaled index","member-3","Member 3"
2002,"index","F18_R1_G18","Index 18  / Region 1  / Group 18","2002",0.695863453728742,0.637195349281202,"geometric-mean-scaled index","member-3","Member 3"
2003,"index","F18_R1_G18","Index 18  / Region 1  / Group 18","2003",0.520428254256146,0.538826265170594,"geometric-mean-scaled index","member-3","Member 3"
2004,"index","F18_R1_G18","Index 18  / Region 1  / Group 18","2004",0.457969008695485,0.543323896992744,"geometric-mean-scaled index","member-3","Member 3"
2005,"index","F18_R1_G18","Index 18  / Region 1  / Group 18","2005",0.57000982730679,0.509645067697612,"geometric-mean-scaled index","member-3","Member 3"
2006,"index","F18_R1_G18","Index 18  / Region 1  / Group 18","2006",0.692547701969523,0.519726648140938,"geometric-mean-scaled index","member-3","Member 3"
2007,"index","F18_R1_G18","Index 18  / Region 1  / Group 18","2007",0.763296075617131,0.577487727775371,"geometric-mean-scaled index","member-3","Member 3"
2008,"index","F18_R1_G18","Index 18  / Region 1  / Group 18","2008",0.557991706511396,0.644064652910777,"geometric-mean-scaled index","member-3","Member 3"
2009,"index","F18_R1_G18","Index 18  / Region 1  / Group 18","2009",0.644374806432787,0.625088274479584,"geometric-mean-scaled index","member-3","Member 3"
2010,"index","F18_R1_G18","Index 18  / Region 1  / Group 18","2010",0.629833334064991,0.472512700708242,"geometric-mean-scaled index","member-3","Member 3"
2011,"index","F18_R1_G18","Index 18  / Region 1  / Group 18","2011",0.472776191924379,0.489850431798548,"geometric-mean-scaled index","member-3","Member 3"
2012,"index","F18_R1_G18","Index 18  / Region 1  / Group 18","2012",0.561037772817115,0.539211432173571,"geometric-mean-scaled index","member-3","Member 3"
2013,"index","F18_R1_G18","Index 18  / Region 1  / Group 18","2013",0.518607359493591,0.535267085482709,"geometric-mean-scaled index","member-3","Member 3"
2014,"index","F18_R1_G18","Index 18  / Region 1  / Group 18","2014",0.534249440170542,0.544925912270649,"geometric-mean-scaled index","member-3","Member 3"
2015,"index","F18_R1_G18","Index 18  / Region 1  / Group 18","2015",0.610459945494768,0.576823288678641,"geometric-mean-scaled index","member-3","Member 3"
2016,"index","F18_R1_G18","Index 18  / Region 1  / Group 18","2016",0.483833914957584,0.607302974124032,"geometric-mean-scaled index","member-3","Member 3"
2017,"index","F18_R1_G18","Index 18  / Region 1  / Group 18","2017",0.503585067785675,0.607241644186436,"geometric-mean-scaled index","member-3","Member 3"
2018,"index","F18_R1_G18","Index 18  / Region 1  / Group 18","2018",0.44199217333407,0.538957903843904,"geometric-mean-scaled index","member-3","Member 3"
2019,"index","F18_R1_G18","Index 18  / Region 1  / Group 18","2019",0.466975339471439,0.49012378841463,"geometric-mean-scaled index","member-3","Member 3"
2020,"index","F18_R1_G18","Index 18  / Region 1  / Group 18","2020",0.377731205082218,0.468293370396819,"geometric-mean-scaled index","member-3","Member 3"
2021,"index","F18_R1_G18","Index 18  / Region 1  / Group 18","2021",0.384903092509445,0.464816694558229,"geometric-mean-scaled index","member-3","Member 3"
2022,"index","F18_R1_G18","Index 18  / Region 1  / Group 18","2022",0.533173522636986,0.42632633841716,"geometric-mean-scaled index","member-3","Member 3"
1992,"index","F19_R1_G19","Index 19  / Region 1  / Group 19","1992",1.85927115000846,0.857453045133398,"geometric-mean-scaled index","member-3","Member 3"
1993,"index","F19_R1_G19","Index 19  / Region 1  / Group 19","1993",0.849266654622091,0.831146985466198,"geometric-mean-scaled index","member-3","Member 3"
1994,"index","F19_R1_G19","Index 19  / Region 1  / Group 19","1994",1.00123553533734,0.822265374881909,"geometric-mean-scaled index","member-3","Member 3"
1995,"index","F19_R1_G19","Index 19  / Region 1  / Group 19","1995",1.31046507492219,0.969625174587757,"geometric-mean-scaled index","member-3","Member 3"
1996,"index","F19_R1_G19","Index 19  / Region 1  / Group 19","1996",1.21306505673522,1.00715855608597,"geometric-mean-scaled index","member-3","Member 3"
1997,"index","F19_R1_G19","Index 19  / Region 1  / Group 19","1997",0.799390157141791,0.764389827989081,"geometric-mean-scaled index","member-3","Member 3"
1998,"index","F19_R1_G19","Index 19  / Region 1  / Group 19","1998",1.99291282185133,0.630889704746181,"geometric-mean-scaled index","member-3","Member 3"
1999,"index","F19_R1_G19","Index 19  / Region 1  / Group 19","1999",1.3696369541503,0.604164222467973,"geometric-mean-scaled index","member-3","Member 3"
2000,"index","F19_R1_G19","Index 19  / Region 1  / Group 19","2000",0.965612099781253,1.01115240391321,"geometric-mean-scaled index","member-3","Member 3"
2001,"index","F19_R1_G19","Index 19  / Region 1  / Group 19","2001",0.810369966030035,0.784843509041108,"geometric-mean-scaled index","member-3","Member 3"
2002,"index","F19_R1_G19","Index 19  / Region 1  / Group 19","2002",0.74171237247259,0.939565992827158,"geometric-mean-scaled index","member-3","Member 3"
2003,"index","F19_R1_G19","Index 19  / Region 1  / Group 19","2003",1.03600097632011,1.30044867908699,"geometric-mean-scaled index","member-3","Member 3"
2004,"index","F19_R1_G19","Index 19  / Region 1  / Group 19","2004",1.05045112419079,1.19036497505575,"geometric-mean-scaled index","member-3","Member 3"
2005,"index","F19_R1_G19","Index 19  / Region 1  / Group 19","2005",0.734713898314047,0.836868562126669,"geometric-mean-scaled index","member-3","Member 3"
2006,"index","F19_R1_G19","Index 19  / Region 1  / Group 19","2006",0.882670668461906,0.769612558908763,"geometric-mean-scaled index","member-3","Member 3"
2007,"index","F19_R1_G19","Index 19  / Region 1  / Group 19","2007",1.03363575876466,1.02949121281365,"geometric-mean-scaled index","member-3","Member 3"
2008,"index","F19_R1_G19","Index 19  / Region 1  / Group 19","2008",1.33647576097039,1.26762020992681,"geometric-mean-scaled index","member-3","Member 3"
2009,"index","F19_R1_G19","Index 19  / Region 1  / Group 19","2009",0.832547956398684,1.07858272561655,"geometric-mean-scaled index","member-3","Member 3"
2010,"index","F19_R1_G19","Index 19  / Region 1  / Group 19","2010",1.1710748925389,1.04748627007349,"geometric-mean-scaled index","member-3","Member 3"
2011,"index","F19_R1_G19","Index 19  / Region 1  / Group 19","2011",1.14908021933067,1.25194018529957,"geometric-mean-scaled index","member-3","Member 3"
2012,"index","F19_R1_G19","Index 19  / Region 1  / Group 19","2012",0.992144371207608,1.28928815714299,"geometric-mean-scaled index","member-3","Member 3"
2013,"index","F19_R1_G19","Index 19  / Region 1  / Group 19","2013",0.812541615693899,1.05854570388027,"geometric-mean-scaled index","member-3","Member 3"
2014,"index","F19_R1_G19","Index 19  / Region 1  / Group 19","2014",0.869128916645273,0.92378622400376,"geometric-mean-scaled index","member-3","Member 3"
2015,"index","F19_R1_G19","Index 19  / Region 1  / Group 19","2015",0.923487470227196,1.04595914263438,"geometric-mean-scaled index","member-3","Member 3"
2016,"index","F19_R1_G19","Index 19  / Region 1  / Group 19","2016",0.994049496935054,1.07576605535253,"geometric-mean-scaled index","member-3","Member 3"
2017,"index","F19_R1_G19","Index 19  / Region 1  / Group 19","2017",0.679637993540111,0.799194570185186,"geometric-mean-scaled index","member-3","Member 3"
2018,"index","F19_R1_G19","Index 19  / Region 1  / Group 19","2018",1.1614387047662,0.689880955022085,"geometric-mean-scaled index","member-3","Member 3"
2019,"index","F19_R1_G19","Index 19  / Region 1  / Group 19","2019",0.909406517143503,1.20457071943964,"geometric-mean-scaled index","member-3","Member 3"
2020,"index","F19_R1_G19","Index 19  / Region 1  / Group 19","2020",0.960523282163485,1.28579401638888,"geometric-mean-scaled index","member-3","Member 3"
2021,"index","F19_R1_G19","Index 19  / Region 1  / Group 19","2021",0.974737478989675,1.16884072857363,"geometric-mean-scaled index","member-3","Member 3"
2022,"index","F19_R1_G19","Index 19  / Region 1  / Group 19","2022",0.665420460916155,0.990573067110051,"geometric-mean-scaled index","member-3","Member 3"
1954,"index","F20_R2_G20","Index 20  / Region 2  / Group 20","1954",4.21096154805618,3.14147073652797,"geometric-mean-scaled index","member-3","Member 3"
1955,"index","F20_R2_G20","Index 20  / Region 2  / Group 20","1955",3.11733650195403,3.07125660938264,"geometric-mean-scaled index","member-3","Member 3"
1956,"index","F20_R2_G20","Index 20  / Region 2  / Group 20","1956",3.11471220345346,3.04559363976949,"geometric-mean-scaled index","member-3","Member 3"
1957,"index","F20_R2_G20","Index 20  / Region 2  / Group 20","1957",2.49122048423764,3.01932946406913,"geometric-mean-scaled index","member-3","Member 3"
1958,"index","F20_R2_G20","Index 20  / Region 2  / Group 20","1958",3.38277838084962,2.99391752596675,"geometric-mean-scaled index","member-3","Member 3"
1959,"index","F20_R2_G20","Index 20  / Region 2  / Group 20","1959",3.53910335426992,2.96539555396087,"geometric-mean-scaled index","member-3","Member 3"
1960,"index","F20_R2_G20","Index 20  / Region 2  / Group 20","1960",2.88806453309758,2.91544084328542,"geometric-mean-scaled index","member-3","Member 3"
1961,"index","F20_R2_G20","Index 20  / Region 2  / Group 20","1961",2.77519235560544,2.60991429259911,"geometric-mean-scaled index","member-3","Member 3"
1962,"index","F20_R2_G20","Index 20  / Region 2  / Group 20","1962",2.84542670742501,2.46251313638623,"geometric-mean-scaled index","member-3","Member 3"
1963,"index","F20_R2_G20","Index 20  / Region 2  / Group 20","1963",2.15624779216803,1.99927522111526,"geometric-mean-scaled index","member-3","Member 3"
1964,"index","F20_R2_G20","Index 20  / Region 2  / Group 20","1964",1.77294323917794,1.56649617611294,"geometric-mean-scaled index","member-3","Member 3"
1965,"index","F20_R2_G20","Index 20  / Region 2  / Group 20","1965",1.39305357413891,1.48361741611897,"geometric-mean-scaled index","member-3","Member 3"
1966,"index","F20_R2_G20","Index 20  / Region 2  / Group 20","1966",2.15604911541288,1.54974602748473,"geometric-mean-scaled index","member-3","Member 3"
1967,"index","F20_R2_G20","Index 20  / Region 2  / Group 20","1967",1.83466830687541,1.69893828726287,"geometric-mean-scaled index","member-3","Member 3"
1968,"index","F20_R2_G20","Index 20  / Region 2  / Group 20","1968",1.49027459282616,1.43567870755414,"geometric-mean-scaled index","member-3","Member 3"
1969,"index","F20_R2_G20","Index 20  / Region 2  / Group 20","1969",0.90397341842816,1.09650939162212,"geometric-mean-scaled index","member-3","Member 3"
1970,"index","F20_R2_G20","Index 20  / Region 2  / Group 20","1970",1.74296686069583,1.05439313138263,"geometric-mean-scaled index","member-3","Member 3"
1971,"index","F20_R2_G20","Index 20  / Region 2  / Group 20","1971",1.05128168838887,0.935041561961546,"geometric-mean-scaled index","member-3","Member 3"
1972,"index","F20_R2_G20","Index 20  / Region 2  / Group 20","1972",1.03629787461149,0.83973564453632,"geometric-mean-scaled index","member-3","Member 3"
1973,"index","F20_R2_G20","Index 20  / Region 2  / Group 20","1973",1.14631510743072,0.756935953805991,"geometric-mean-scaled index","member-3","Member 3"
1974,"index","F20_R2_G20","Index 20  / Region 2  / Group 20","1974",0.503606327140092,0.661564236817621,"geometric-mean-scaled index","member-3","Member 3"
1975,"index","F20_R2_G20","Index 20  / Region 2  / Group 20","1975",0.345168043176568,0.605770444092694,"geometric-mean-scaled index","member-3","Member 3"
1976,"index","F20_R2_G20","Index 20  / Region 2  / Group 20","1976",0.392881567888747,0.592465501842677,"geometric-mean-scaled index","member-3","Member 3"
1977,"index","F20_R2_G20","Index 20  / Region 2  / Group 20","1977",0.722292569399697,0.710599908579742,"geometric-mean-scaled index","member-3","Member 3"
1978,"index","F20_R2_G20","Index 20  / Region 2  / Group 20","1978",1.34450541165844,0.961005914635829,"geometric-mean-scaled index","member-3","Member 3"
1979,"index","F20_R2_G20","Index 20  / Region 2  / Group 20","1979",0.925834385511787,0.920686983487009,"geometric-mean-scaled index","member-3","Member 3"
1980,"index","F20_R2_G20","Index 20  / Region 2  / Group 20","1980",0.665679781043966,0.782569790630351,"geometric-mean-scaled index","member-3","Member 3"
1981,"index","F20_R2_G20","Index 20  / Region 2  / Group 20","1981",0.591226781169868,0.661530038940132,"geometric-mean-scaled index","member-3","Member 3"
1982,"index","F20_R2_G20","Index 20  / Region 2  / Group 20","1982",0.474104859767232,0.586775641807074,"geometric-mean-scaled index","member-3","Member 3"
1983,"index","F20_R2_G20","Index 20  / Region 2  / Group 20","1983",0.516419783951321,0.59908448100769,"geometric-mean-scaled index","member-3","Member 3"
1984,"index","F20_R2_G20","Index 20  / Region 2  / Group 20","1984",0.705603550009173,0.703324396868928,"geometric-mean-scaled index","member-3","Member 3"
1985,"index","F20_R2_G20","Index 20  / Region 2  / Group 20","1985",0.596630644214555,0.734621112726178,"geometric-mean-scaled index","member-3","Member 3"
1986,"index","F20_R2_G20","Index 20  / Region 2  / Group 20","1986",0.576521368772823,0.700036408720606,"geometric-mean-scaled index","member-3","Member 3"
1987,"index","F20_R2_G20","Index 20  / Region 2  / Group 20","1987",0.738069475063823,0.687414813834598,"geometric-mean-scaled index","member-3","Member 3"
1988,"index","F20_R2_G20","Index 20  / Region 2  / Group 20","1988",0.631881286279668,0.720587371357628,"geometric-mean-scaled index","member-3","Member 3"
1989,"index","F20_R2_G20","Index 20  / Region 2  / Group 20","1989",0.538572813890766,0.613151723573445,"geometric-mean-scaled index","member-3","Member 3"
1990,"index","F20_R2_G20","Index 20  / Region 2  / Group 20","1990",0.558798697122352,0.62557487745778,"geometric-mean-scaled index","member-3","Member 3"
1991,"index","F20_R2_G20","Index 20  / Region 2  / Group 20","1991",0.596239520556125,0.641875248997412,"geometric-mean-scaled index","member-3","Member 3"
1992,"index","F20_R2_G20","Index 20  / Region 2  / Group 20","1992",0.949703632796349,0.694404989773284,"geometric-mean-scaled index","member-3","Member 3"
1993,"index","F20_R2_G20","Index 20  / Region 2  / Group 20","1993",0.773853468646436,0.807753469758383,"geometric-mean-scaled index","member-3","Member 3"
1994,"index","F20_R2_G20","Index 20  / Region 2  / Group 20","1994",0.810781379423954,0.718136102310423,"geometric-mean-scaled index","member-3","Member 3"
1995,"index","F20_R2_G20","Index 20  / Region 2  / Group 20","1995",1.07726297359609,0.830143322030713,"geometric-mean-scaled index","member-3","Member 3"
1996,"index","F20_R2_G20","Index 20  / Region 2  / Group 20","1996",0.935003854840217,0.810794146154396,"geometric-mean-scaled index","member-3","Member 3"
1997,"index","F20_R2_G20","Index 20  / Region 2  / Group 20","1997",0.800397864000986,0.815526688574929,"geometric-mean-scaled index","member-3","Member 3"
1998,"index","F20_R2_G20","Index 20  / Region 2  / Group 20","1998",1.04349083940237,0.860898236137375,"geometric-mean-scaled index","member-3","Member 3"
1999,"index","F20_R2_G20","Index 20  / Region 2  / Group 20","1999",0.765213765192612,0.946282515980169,"geometric-mean-scaled index","member-3","Member 3"
2000,"index","F20_R2_G20","Index 20  / Region 2  / Group 20","2000",0.767097814359868,0.853873674382574,"geometric-mean-scaled index","member-3","Member 3"
2001,"index","F20_R2_G20","Index 20  / Region 2  / Group 20","2001",0.841773334723493,0.794054214294774,"geometric-mean-scaled index","member-3","Member 3"
2002,"index","F20_R2_G20","Index 20  / Region 2  / Group 20","2002",0.547333871289332,0.621982201889851,"geometric-mean-scaled index","member-3","Member 3"
2003,"index","F20_R2_G20","Index 20  / Region 2  / Group 20","2003",0.588325890023659,0.793762343686451,"geometric-mean-scaled index","member-3","Member 3"
2004,"index","F20_R2_G20","Index 20  / Region 2  / Group 20","2004",0.635814586790303,0.634920242775578,"geometric-mean-scaled index","member-3","Member 3"
2005,"index","F20_R2_G20","Index 20  / Region 2  / Group 20","2005",0.834789610625378,0.729207725519143,"geometric-mean-scaled index","member-3","Member 3"
2006,"index","F20_R2_G20","Index 20  / Region 2  / Group 20","2006",0.92372528101704,0.860517461370066,"geometric-mean-scaled index","member-3","Member 3"
2007,"index","F20_R2_G20","Index 20  / Region 2  / Group 20","2007",0.84623569961814,0.948418591454216,"geometric-mean-scaled index","member-3","Member 3"
2008,"index","F20_R2_G20","Index 20  / Region 2  / Group 20","2008",0.610796174186906,0.82228592298155,"geometric-mean-scaled index","member-3","Member 3"
2009,"index","F20_R2_G20","Index 20  / Region 2  / Group 20","2009",1.05927374250753,0.768802563358305,"geometric-mean-scaled index","member-3","Member 3"
2010,"index","F20_R2_G20","Index 20  / Region 2  / Group 20","2010",0.847323881897912,0.785225509820682,"geometric-mean-scaled index","member-3","Member 3"
2011,"index","F20_R2_G20","Index 20  / Region 2  / Group 20","2011",1.12583979197944,0.912063381645719,"geometric-mean-scaled index","member-3","Member 3"
2012,"index","F20_R2_G20","Index 20  / Region 2  / Group 20","2012",0.945525297290097,0.816034121334903,"geometric-mean-scaled index","member-3","Member 3"
2013,"index","F20_R2_G20","Index 20  / Region 2  / Group 20","2013",0.87877457395759,0.808725433987978,"geometric-mean-scaled index","member-3","Member 3"
2014,"index","F20_R2_G20","Index 20  / Region 2  / Group 20","2014",1.04373534993691,0.872261539633311,"geometric-mean-scaled index","member-3","Member 3"
2015,"index","F20_R2_G20","Index 20  / Region 2  / Group 20","2015",1.22377077691567,0.887738999981537,"geometric-mean-scaled index","member-3","Member 3"
2016,"index","F20_R2_G20","Index 20  / Region 2  / Group 20","2016",1.13572929605611,0.800092022237422,"geometric-mean-scaled index","member-3","Member 3"
2017,"index","F20_R2_G20","Index 20  / Region 2  / Group 20","2017",0.734357067400453,0.72763012442346,"geometric-mean-scaled index","member-3","Member 3"
2018,"index","F20_R2_G20","Index 20  / Region 2  / Group 20","2018",0.64550184014846,0.722272967103638,"geometric-mean-scaled index","member-3","Member 3"
2019,"index","F20_R2_G20","Index 20  / Region 2  / Group 20","2019",0.713722524698996,0.758309986180127,"geometric-mean-scaled index","member-3","Member 3"
2020,"index","F20_R2_G20","Index 20  / Region 2  / Group 20","2020",0.772716002092201,0.650701554154515,"geometric-mean-scaled index","member-3","Member 3"
2021,"index","F20_R2_G20","Index 20  / Region 2  / Group 20","2021",0.751048561936257,0.481104515669127,"geometric-mean-scaled index","member-3","Member 3"
2022,"index","F20_R2_G20","Index 20  / Region 2  / Group 20","2022",1.00202993070836,0.709364175192658,"geometric-mean-scaled index","member-3","Member 3"
1954,"index","F18_R1_G18","Index 18  / Region 1  / Group 18","1954",4.40903714715002,5.23513701125346,"geometric-mean-scaled index","member-4","Member 4"
1955,"index","F18_R1_G18","Index 18  / Region 1  / Group 18","1955",3.14529508758885,4.93751565014426,"geometric-mean-scaled index","member-4","Member 4"
1956,"index","F18_R1_G18","Index 18  / Region 1  / Group 18","1956",3.55845376339654,4.7977063875429,"geometric-mean-scaled index","member-4","Member 4"
1957,"index","F18_R1_G18","Index 18  / Region 1  / Group 18","1957",3.81367935187817,4.67240917477144,"geometric-mean-scaled index","member-4","Member 4"
1958,"index","F18_R1_G18","Index 18  / Region 1  / Group 18","1958",4.19937988018333,4.5500284178632,"geometric-mean-scaled index","member-4","Member 4"
1959,"index","F18_R1_G18","Index 18  / Region 1  / Group 18","1959",5.02003875847804,4.39464381068697,"geometric-mean-scaled index","member-4","Member 4"
1960,"index","F18_R1_G18","Index 18  / Region 1  / Group 18","1960",6.09415385779237,4.2626502867857,"geometric-mean-scaled index","member-4","Member 4"
1961,"index","F18_R1_G18","Index 18  / Region 1  / Group 18","1961",5.9871599837675,4.08717149949427,"geometric-mean-scaled index","member-4","Member 4"
1962,"index","F18_R1_G18","Index 18  / Region 1  / Group 18","1962",4.31836862588877,3.8087412541777,"geometric-mean-scaled index","member-4","Member 4"
1963,"index","F18_R1_G18","Index 18  / Region 1  / Group 18","1963",2.6756633141332,3.44856375388851,"geometric-mean-scaled index","member-4","Member 4"
1964,"index","F18_R1_G18","Index 18  / Region 1  / Group 18","1964",2.42251196662564,3.04429534020726,"geometric-mean-scaled index","member-4","Member 4"
1965,"index","F18_R1_G18","Index 18  / Region 1  / Group 18","1965",2.71599052736943,2.58196192707825,"geometric-mean-scaled index","member-4","Member 4"
1966,"index","F18_R1_G18","Index 18  / Region 1  / Group 18","1966",2.44814503331434,2.12612508862974,"geometric-mean-scaled index","member-4","Member 4"
1967,"index","F18_R1_G18","Index 18  / Region 1  / Group 18","1967",1.94746079529619,1.87925133886347,"geometric-mean-scaled index","member-4","Member 4"
1968,"index","F18_R1_G18","Index 18  / Region 1  / Group 18","1968",1.71471945569896,1.81495919574226,"geometric-mean-scaled index","member-4","Member 4"
1969,"index","F18_R1_G18","Index 18  / Region 1  / Group 18","1969",1.65433171113289,1.74942978510966,"geometric-mean-scaled index","member-4","Member 4"
1970,"index","F18_R1_G18","Index 18  / Region 1  / Group 18","1970",1.54780579698768,1.5426307077507,"geometric-mean-scaled index","member-4","Member 4"
1971,"index","F18_R1_G18","Index 18  / Region 1  / Group 18","1971",1.23412080025738,1.27697756795904,"geometric-mean-scaled index","member-4","Member 4"
1972,"index","F18_R1_G18","Index 18  / Region 1  / Group 18","1972",1.07338614840291,1.07986397254263,"geometric-mean-scaled index","member-4","Member 4"
1973,"index","F18_R1_G18","Index 18  / Region 1  / Group 18","1973",0.989103263951998,0.896926478915511,"geometric-mean-scaled index","member-4","Member 4"
1974,"index","F18_R1_G18","Index 18  / Region 1  / Group 18","1974",0.580301639759145,0.767834401163745,"geometric-mean-scaled index","member-4","Member 4"
1975,"index","F18_R1_G18","Index 18  / Region 1  / Group 18","1975",0.58813811691667,0.740379430085861,"geometric-mean-scaled index","member-4","Member 4"
1976,"index","F18_R1_G18","Index 18  / Region 1  / Group 18","1976",0.851064006357214,0.749946537742309,"geometric-mean-scaled index","member-4","Member 4"
1977,"index","F18_R1_G18","Index 18  / Region 1  / Group 18","1977",0.863018267252948,0.70531092367453,"geometric-mean-scaled index","member-4","Member 4"
1978,"index","F18_R1_G18","Index 18  / Region 1  / Group 18","1978",0.935245185300877,0.743545478726247,"geometric-mean-scaled index","member-4","Member 4"
1979,"index","F18_R1_G18","Index 18  / Region 1  / Group 18","1979",0.811891863308134,0.872314620113018,"geometric-mean-scaled index","member-4","Member 4"
1980,"index","F18_R1_G18","Index 18  / Region 1  / Group 18","1980",0.857986996795637,0.959317437306762,"geometric-mean-scaled index","member-4","Member 4"
1981,"index","F18_R1_G18","Index 18  / Region 1  / Group 18","1981",0.969775742290399,0.897180179052964,"geometric-mean-scaled index","member-4","Member 4"
1982,"index","F18_R1_G18","Index 18  / Region 1  / Group 18","1982",0.754187984251701,0.780382375258502,"geometric-mean-scaled index","member-4","Member 4"
1983,"index","F18_R1_G18","Index 18  / Region 1  / Group 18","1983",0.847323525052082,0.708145366873134,"geometric-mean-scaled index","member-4","Member 4"
1984,"index","F18_R1_G18","Index 18  / Region 1  / Group 18","1984",0.697012441179108,0.689182372101364,"geometric-mean-scaled index","member-4","Member 4"
1985,"index","F18_R1_G18","Index 18  / Region 1  / Group 18","1985",0.700113985527936,0.740408547954323,"geometric-mean-scaled index","member-4","Member 4"
1986,"index","F18_R1_G18","Index 18  / Region 1  / Group 18","1986",0.916792661518106,0.786736172722627,"geometric-mean-scaled index","member-4","Member 4"
1987,"index","F18_R1_G18","Index 18  / Region 1  / Group 18","1987",0.932698710694853,0.83939593081047,"geometric-mean-scaled index","member-4","Member 4"
1988,"index","F18_R1_G18","Index 18  / Region 1  / Group 18","1988",0.933673375591985,0.795944938771015,"geometric-mean-scaled index","member-4","Member 4"
1989,"index","F18_R1_G18","Index 18  / Region 1  / Group 18","1989",0.68771709247243,0.783680022061791,"geometric-mean-scaled index","member-4","Member 4"
1990,"index","F18_R1_G18","Index 18  / Region 1  / Group 18","1990",0.776975789161292,0.789770060475528,"geometric-mean-scaled index","member-4","Member 4"
1991,"index","F18_R1_G18","Index 18  / Region 1  / Group 18","1991",0.655727821196814,0.752887985960722,"geometric-mean-scaled index","member-4","Member 4"
1992,"index","F18_R1_G18","Index 18  / Region 1  / Group 18","1992",0.872502177541898,0.736225955460359,"geometric-mean-scaled index","member-4","Member 4"
1993,"index","F18_R1_G18","Index 18  / Region 1  / Group 18","1993",0.879147658089477,0.775734010757387,"geometric-mean-scaled index","member-4","Member 4"
1994,"index","F18_R1_G18","Index 18  / Region 1  / Group 18","1994",0.948738796667378,0.820420557665779,"geometric-mean-scaled index","member-4","Member 4"
1995,"index","F18_R1_G18","Index 18  / Region 1  / Group 18","1995",0.883131727989847,0.866319418258223,"geometric-mean-scaled index","member-4","Member 4"
1996,"index","F18_R1_G18","Index 18  / Region 1  / Group 18","1996",0.837306959406211,0.870923221601707,"geometric-mean-scaled index","member-4","Member 4"
1997,"index","F18_R1_G18","Index 18  / Region 1  / Group 18","1997",0.95208949005856,0.900696007761906,"geometric-mean-scaled index","member-4","Member 4"
1998,"index","F18_R1_G18","Index 18  / Region 1  / Group 18","1998",0.856547687420413,0.858297988038447,"geometric-mean-scaled index","member-4","Member 4"
1999,"index","F18_R1_G18","Index 18  / Region 1  / Group 18","1999",0.61266101448799,0.894163478723746,"geometric-mean-scaled index","member-4","Member 4"
2000,"index","F18_R1_G18","Index 18  / Region 1  / Group 18","2000",0.679263091965619,0.931387103689628,"geometric-mean-scaled index","member-4","Member 4"
2001,"index","F18_R1_G18","Index 18  / Region 1  / Group 18","2001",0.663388123597169,0.871074772030654,"geometric-mean-scaled index","member-4","Member 4"
2002,"index","F18_R1_G18","Index 18  / Region 1  / Group 18","2002",0.695863453728742,0.684786703169425,"geometric-mean-scaled index","member-4","Member 4"
2003,"index","F18_R1_G18","Index 18  / Region 1  / Group 18","2003",0.520428254256146,0.579070550536033,"geometric-mean-scaled index","member-4","Member 4"
2004,"index","F18_R1_G18","Index 18  / Region 1  / Group 18","2004",0.457969008695485,0.58390410506689,"geometric-mean-scaled index","member-4","Member 4"
2005,"index","F18_R1_G18","Index 18  / Region 1  / Group 18","2005",0.57000982730679,0.547709844538098,"geometric-mean-scaled index","member-4","Member 4"
2006,"index","F18_R1_G18","Index 18  / Region 1  / Group 18","2006",0.692547701969523,0.558544406093373,"geometric-mean-scaled index","member-4","Member 4"
2007,"index","F18_R1_G18","Index 18  / Region 1  / Group 18","2007",0.763296075617131,0.620619591260669,"geometric-mean-scaled index","member-4","Member 4"
2008,"index","F18_R1_G18","Index 18  / Region 1  / Group 18","2008",0.557991706511396,0.692169066821126,"geometric-mean-scaled index","member-4","Member 4"
2009,"index","F18_R1_G18","Index 18  / Region 1  / Group 18","2009",0.644374806432787,0.671775365519553,"geometric-mean-scaled index","member-4","Member 4"
2010,"index","F18_R1_G18","Index 18  / Region 1  / Group 18","2010",0.629833334064991,0.507804105740393,"geometric-mean-scaled index","member-4","Member 4"
2011,"index","F18_R1_G18","Index 18  / Region 1  / Group 18","2011",0.472776191924379,0.526436771103003,"geometric-mean-scaled index","member-4","Member 4"
2012,"index","F18_R1_G18","Index 18  / Region 1  / Group 18","2012",0.561037772817115,0.579484485198983,"geometric-mean-scaled index","member-4","Member 4"
2013,"index","F18_R1_G18","Index 18  / Region 1  / Group 18","2013",0.518607359493591,0.57524554000009,"geometric-mean-scaled index","member-4","Member 4"
2014,"index","F18_R1_G18","Index 18  / Region 1  / Group 18","2014",0.534249440170542,0.585625772938166,"geometric-mean-scaled index","member-4","Member 4"
2015,"index","F18_R1_G18","Index 18  / Region 1  / Group 18","2015",0.610459945494768,0.619905526007336,"geometric-mean-scaled index","member-4","Member 4"
2016,"index","F18_R1_G18","Index 18  / Region 1  / Group 18","2016",0.483833914957584,0.652661702481844,"geometric-mean-scaled index","member-4","Member 4"
2017,"index","F18_R1_G18","Index 18  / Region 1  / Group 18","2017",0.503585067785675,0.652595791885008,"geometric-mean-scaled index","member-4","Member 4"
2018,"index","F18_R1_G18","Index 18  / Region 1  / Group 18","2018",0.44199217333407,0.579212021143448,"geometric-mean-scaled index","member-4","Member 4"
2019,"index","F18_R1_G18","Index 18  / Region 1  / Group 18","2019",0.466975339471439,0.526730544395806,"geometric-mean-scaled index","member-4","Member 4"
2020,"index","F18_R1_G18","Index 18  / Region 1  / Group 18","2020",0.377731205082218,0.503269638725212,"geometric-mean-scaled index","member-4","Member 4"
2021,"index","F18_R1_G18","Index 18  / Region 1  / Group 18","2021",0.384903092509445,0.49953329415179,"geometric-mean-scaled index","member-4","Member 4"
2022,"index","F18_R1_G18","Index 18  / Region 1  / Group 18","2022",0.533173522636986,0.458168139626741,"geometric-mean-scaled index","member-4","Member 4"
1992,"index","F19_R1_G19","Index 19  / Region 1  / Group 19","1992",1.85927115000846,0.92149518128444,"geometric-mean-scaled index","member-4","Member 4"
1993,"index","F19_R1_G19","Index 19  / Region 1  / Group 19","1993",0.849266654622091,0.893224353675292,"geometric-mean-scaled index","member-4","Member 4"
1994,"index","F19_R1_G19","Index 19  / Region 1  / Group 19","1994",1.00123553533734,0.883679386283877,"geometric-mean-scaled index","member-4","Member 4"
1995,"index","F19_R1_G19","Index 19  / Region 1  / Group 19","1995",1.31046507492219,1.04204531210883,"geometric-mean-scaled index","member-4","Member 4"
1996,"index","F19_R1_G19","Index 19  / Region 1  / Group 19","1996",1.21306505673522,1.0823820167065,"geometric-mean-scaled index","member-4","Member 4"
1997,"index","F19_R1_G19","Index 19  / Region 1  / Group 19","1997",0.799390157141791,0.821481184436398,"geometric-mean-scaled index","member-4","Member 4"
1998,"index","F19_R1_G19","Index 19  / Region 1  / Group 19","1998",1.99291282185133,0.678010097631788,"geometric-mean-scaled index","member-4","Member 4"
1999,"index","F19_R1_G19","Index 19  / Region 1  / Group 19","1999",1.3696369541503,0.649288521241514,"geometric-mean-scaled index","member-4","Member 4"
2000,"index","F19_R1_G19","Index 19  / Region 1  / Group 19","2000",0.965612099781253,1.08667416022208,"geometric-mean-scaled index","member-4","Member 4"
2001,"index","F19_R1_G19","Index 19  / Region 1  / Group 19","2001",0.810369966030035,0.843462526313888,"geometric-mean-scaled index","member-4","Member 4"
2002,"index","F19_R1_G19","Index 19  / Region 1  / Group 19","2002",0.74171237247259,1.00974104623334,"geometric-mean-scaled index","member-4","Member 4"
2003,"index","F19_R1_G19","Index 19  / Region 1  / Group 19","2003",1.03600097632011,1.39757762607274,"geometric-mean-scaled index","member-4","Member 4"
2004,"index","F19_R1_G19","Index 19  / Region 1  / Group 19","2004",1.05045112419079,1.27927190265328,"geometric-mean-scaled index","member-4","Member 4"
2005,"index","F19_R1_G19","Index 19  / Region 1  / Group 19","2005",0.734713898314047,0.899373268011649,"geometric-mean-scaled index","member-4","Member 4"
2006,"index","F19_R1_G19","Index 19  / Region 1  / Group 19","2006",0.882670668461906,0.827093994843857,"geometric-mean-scaled index","member-4","Member 4"
2007,"index","F19_R1_G19","Index 19  / Region 1  / Group 19","2007",1.03363575876466,1.10638267269185,"geometric-mean-scaled index","member-4","Member 4"
2008,"index","F19_R1_G19","Index 19  / Region 1  / Group 19","2008",1.33647576097039,1.36229723805412,"geometric-mean-scaled index","member-4","Member 4"
2009,"index","F19_R1_G19","Index 19  / Region 1  / Group 19","2009",0.832547956398684,1.15914077151323,"geometric-mean-scaled index","member-4","Member 4"
2010,"index","F19_R1_G19","Index 19  / Region 1  / Group 19","2010",1.1710748925389,1.12572175912463,"geometric-mean-scaled index","member-4","Member 4"
2011,"index","F19_R1_G19","Index 19  / Region 1  / Group 19","2011",1.14908021933067,1.34544609125556,"geometric-mean-scaled index","member-4","Member 4"
2012,"index","F19_R1_G19","Index 19  / Region 1  / Group 19","2012",0.992144371207608,1.38558353817442,"geometric-mean-scaled index","member-4","Member 4"
2013,"index","F19_R1_G19","Index 19  / Region 1  / Group 19","2013",0.812541615693899,1.1376072087344,"geometric-mean-scaled index","member-4","Member 4"
2014,"index","F19_R1_G19","Index 19  / Region 1  / Group 19","2014",0.869128916645273,0.992782705464621,"geometric-mean-scaled index","member-4","Member 4"
2015,"index","F19_R1_G19","Index 19  / Region 1  / Group 19","2015",0.923487470227196,1.12408057237471,"geometric-mean-scaled index","member-4","Member 4"
2016,"index","F19_R1_G19","Index 19  / Region 1  / Group 19","2016",0.994049496935054,1.15611372753654,"geometric-mean-scaled index","member-4","Member 4"
2017,"index","F19_R1_G19","Index 19  / Region 1  / Group 19","2017",0.679637993540111,0.858885450945905,"geometric-mean-scaled index","member-4","Member 4"
2018,"index","F19_R1_G19","Index 19  / Region 1  / Group 19","2018",1.1614387047662,0.741407333405478,"geometric-mean-scaled index","member-4","Member 4"
2019,"index","F19_R1_G19","Index 19  / Region 1  / Group 19","2019",0.909406517143503,1.29453865699115,"geometric-mean-scaled index","member-4","Member 4"
2020,"index","F19_R1_G19","Index 19  / Region 1  / Group 19","2020",0.960523282163485,1.38182842425195,"geometric-mean-scaled index","member-4","Member 4"
2021,"index","F19_R1_G19","Index 19  / Region 1  / Group 19","2021",0.974737478989675,1.25614003610195,"geometric-mean-scaled index","member-4","Member 4"
2022,"index","F19_R1_G19","Index 19  / Region 1  / Group 19","2022",0.665420460916155,1.06455777751661,"geometric-mean-scaled index","member-4","Member 4"
1954,"index","F20_R2_G20","Index 20  / Region 2  / Group 20","1954",4.21096154805618,3.37610340564625,"geometric-mean-scaled index","member-4","Member 4"
1955,"index","F20_R2_G20","Index 20  / Region 2  / Group 20","1955",3.11733650195403,3.30064506983446,"geometric-mean-scaled index","member-4","Member 4"
1956,"index","F20_R2_G20","Index 20  / Region 2  / Group 20","1956",3.11471220345346,3.27306536390166,"geometric-mean-scaled index","member-4","Member 4"
1957,"index","F20_R2_G20","Index 20  / Region 2  / Group 20","1957",2.49122048423764,3.24483954852242,"geometric-mean-scaled index","member-4","Member 4"
1958,"index","F20_R2_G20","Index 20  / Region 2  / Group 20","1958",3.38277838084962,3.21752962334186,"geometric-mean-scaled index","member-4","Member 4"
1959,"index","F20_R2_G20","Index 20  / Region 2  / Group 20","1959",3.53910335426992,3.18687737956791,"geometric-mean-scaled index","member-4","Member 4"
1960,"index","F20_R2_G20","Index 20  / Region 2  / Group 20","1960",2.88806453309758,3.13319161166358,"geometric-mean-scaled index","member-4","Member 4"
1961,"index","F20_R2_G20","Index 20  / Region 2  / Group 20","1961",2.77519235560544,2.80484565055257,"geometric-mean-scaled index","member-4","Member 4"
1962,"index","F20_R2_G20","Index 20  / Region 2  / Group 20","1962",2.84542670742501,2.64643527935284,"geometric-mean-scaled index","member-4","Member 4"
1963,"index","F20_R2_G20","Index 20  / Region 2  / Group 20","1963",2.15624779216803,2.1485986816135,"geometric-mean-scaled index","member-4","Member 4"
1964,"index","F20_R2_G20","Index 20  / Region 2  / Group 20","1964",1.77294323917794,1.68349589051142,"geometric-mean-scaled index","member-4","Member 4"
1965,"index","F20_R2_G20","Index 20  / Region 2  / Group 20","1965",1.39305357413891,1.59442701566313,"geometric-mean-scaled index","member-4","Member 4"
1966,"index","F20_R2_G20","Index 20  / Region 2  / Group 20","1966",2.15604911541288,1.66549469343795,"geometric-mean-scaled index","member-4","Member 4"
1967,"index","F20_R2_G20","Index 20  / Region 2  / Group 20","1967",1.83466830687541,1.82582994357296,"geometric-mean-scaled index","member-4","Member 4"
1968,"index","F20_R2_G20","Index 20  / Region 2  / Group 20","1968",1.49027459282616,1.54290782264118,"geometric-mean-scaled index","member-4","Member 4"
1969,"index","F20_R2_G20","Index 20  / Region 2  / Group 20","1969",0.90397341842816,1.17840635863125,"geometric-mean-scaled index","member-4","Member 4"
1970,"index","F20_R2_G20","Index 20  / Region 2  / Group 20","1970",1.74296686069583,1.13314448559378,"geometric-mean-scaled index","member-4","Member 4"
1971,"index","F20_R2_G20","Index 20  / Region 2  / Group 20","1971",1.05128168838887,1.00487869107071,"geometric-mean-scaled index","member-4","Member 4"
1972,"index","F20_R2_G20","Index 20  / Region 2  / Group 20","1972",1.03629787461149,0.90245448935646,"geometric-mean-scaled index","member-4","Member 4"
1973,"index","F20_R2_G20","Index 20  / Region 2  / Group 20","1973",1.14631510743072,0.813470589359965,"geometric-mean-scaled index","member-4","Member 4"
1974,"index","F20_R2_G20","Index 20  / Region 2  / Group 20","1974",0.503606327140092,0.710975673592381,"geometric-mean-scaled index","member-4","Member 4"
1975,"index","F20_R2_G20","Index 20  / Region 2  / Group 20","1975",0.345168043176568,0.651014709626589,"geometric-mean-scaled index","member-4","Member 4"
1976,"index","F20_R2_G20","Index 20  / Region 2  / Group 20","1976",0.392881567888747,0.636716037250014,"geometric-mean-scaled index","member-4","Member 4"
1977,"index","F20_R2_G20","Index 20  / Region 2  / Group 20","1977",0.722292569399697,0.763673760672835,"geometric-mean-scaled index","member-4","Member 4"
1978,"index","F20_R2_G20","Index 20  / Region 2  / Group 20","1978",1.34450541165844,1.03278229000282,"geometric-mean-scaled index","member-4","Member 4"
1979,"index","F20_R2_G20","Index 20  / Region 2  / Group 20","1979",0.925834385511787,0.989451986403051,"geometric-mean-scaled index","member-4","Member 4"
1980,"index","F20_R2_G20","Index 20  / Region 2  / Group 20","1980",0.665679781043966,0.841018986611041,"geometric-mean-scaled index","member-4","Member 4"
1981,"index","F20_R2_G20","Index 20  / Region 2  / Group 20","1981",0.591226781169868,0.710938921516573,"geometric-mean-scaled index","member-4","Member 4"
1982,"index","F20_R2_G20","Index 20  / Region 2  / Group 20","1982",0.474104859767232,0.630601208415071,"geometric-mean-scaled index","member-4","Member 4"
1983,"index","F20_R2_G20","Index 20  / Region 2  / Group 20","1983",0.516419783951321,0.643829380004115,"geometric-mean-scaled index","member-4","Member 4"
1984,"index","F20_R2_G20","Index 20  / Region 2  / Group 20","1984",0.705603550009173,0.755854849747105,"geometric-mean-scaled index","member-4","Member 4"
1985,"index","F20_R2_G20","Index 20  / Region 2  / Group 20","1985",0.596630644214555,0.789489079651784,"geometric-mean-scaled index","member-4","Member 4"
1986,"index","F20_R2_G20","Index 20  / Region 2  / Group 20","1986",0.576521368772823,0.752321285720485,"geometric-mean-scaled index","member-4","Member 4"
1987,"index","F20_R2_G20","Index 20  / Region 2  / Group 20","1987",0.738069475063823,0.738756999100253,"geometric-mean-scaled index","member-4","Member 4"
1988,"index","F20_R2_G20","Index 20  / Region 2  / Group 20","1988",0.631881286279668,0.774407175027493,"geometric-mean-scaled index","member-4","Member 4"
1989,"index","F20_R2_G20","Index 20  / Region 2  / Group 20","1989",0.538572813890766,0.658947287989719,"geometric-mean-scaled index","member-4","Member 4"
1990,"index","F20_R2_G20","Index 20  / Region 2  / Group 20","1990",0.558798697122352,0.672298312288652,"geometric-mean-scaled index","member-4","Member 4"
1991,"index","F20_R2_G20","Index 20  / Region 2  / Group 20","1991",0.596239520556125,0.689816138964024,"geometric-mean-scaled index","member-4","Member 4"
1992,"index","F20_R2_G20","Index 20  / Region 2  / Group 20","1992",0.949703632796349,0.746269262868384,"geometric-mean-scaled index","member-4","Member 4"
1993,"index","F20_R2_G20","Index 20  / Region 2  / Group 20","1993",0.773853468646436,0.868083604429134,"geometric-mean-scaled index","member-4","Member 4"
1994,"index","F20_R2_G20","Index 20  / Region 2  / Group 20","1994",0.810781379423954,0.771772823644812,"geometric-mean-scaled index","member-4","Member 4"
1995,"index","F20_R2_G20","Index 20  / Region 2  / Group 20","1995",1.07726297359609,0.892145727825538,"geometric-mean-scaled index","member-4","Member 4"
1996,"index","F20_R2_G20","Index 20  / Region 2  / Group 20","1996",0.935003854840217,0.87135138528626,"geometric-mean-scaled index","member-4","Member 4"
1997,"index","F20_R2_G20","Index 20  / Region 2  / Group 20","1997",0.800397864000986,0.876437395605421,"geometric-mean-scaled index","member-4","Member 4"
1998,"index","F20_R2_G20","Index 20  / Region 2  / Group 20","1998",1.04349083940237,0.925197689458839,"geometric-mean-scaled index","member-4","Member 4"
1999,"index","F20_R2_G20","Index 20  / Region 2  / Group 20","1999",0.765213765192612,1.01695921841852,"geometric-mean-scaled index","member-4","Member 4"
2000,"index","F20_R2_G20","Index 20  / Region 2  / Group 20","2000",0.767097814359868,0.917648471639364,"geometric-mean-scaled index","member-4","Member 4"
2001,"index","F20_R2_G20","Index 20  / Region 2  / Group 20","2001",0.841773334723493,0.853361168059529,"geometric-mean-scaled index","member-4","Member 4"
2002,"index","F20_R2_G20","Index 20  / Region 2  / Group 20","2002",0.547333871289332,0.66843730410569,"geometric-mean-scaled index","member-4","Member 4"
2003,"index","F20_R2_G20","Index 20  / Region 2  / Group 20","2003",0.588325890023659,0.853047497986684,"geometric-mean-scaled index","member-4","Member 4"
2004,"index","F20_R2_G20","Index 20  / Region 2  / Group 20","2004",0.635814586790303,0.682341671696575,"geometric-mean-scaled index","member-4","Member 4"
2005,"index","F20_R2_G20","Index 20  / Region 2  / Group 20","2005",0.834789610625378,0.78367137306829,"geometric-mean-scaled index","member-4","Member 4"
2006,"index","F20_R2_G20","Index 20  / Region 2  / Group 20","2006",0.92372528101704,0.924788475082353,"geometric-mean-scaled index","member-4","Member 4"
2007,"index","F20_R2_G20","Index 20  / Region 2  / Group 20","2007",0.84623569961814,1.01925483479934,"geometric-mean-scaled index","member-4","Member 4"
2008,"index","F20_R2_G20","Index 20  / Region 2  / Group 20","2008",0.610796174186906,0.883701469096355,"geometric-mean-scaled index","member-4","Member 4"
2009,"index","F20_R2_G20","Index 20  / Region 2  / Group 20","2009",1.05927374250753,0.82622350170042,"geometric-mean-scaled index","member-4","Member 4"
2010,"index","F20_R2_G20","Index 20  / Region 2  / Group 20","2010",0.847323881897912,0.843873058272019,"geometric-mean-scaled index","member-4","Member 4"
2011,"index","F20_R2_G20","Index 20  / Region 2  / Group 20","2011",1.12583979197944,0.980184298117183,"geometric-mean-scaled index","member-4","Member 4"
2012,"index","F20_R2_G20","Index 20  / Region 2  / Group 20","2012",0.945525297290097,0.876982727907634,"geometric-mean-scaled index","member-4","Member 4"
2013,"index","F20_R2_G20","Index 20  / Region 2  / Group 20","2013",0.87877457395759,0.869128163497454,"geometric-mean-scaled index","member-4","Member 4"
2014,"index","F20_R2_G20","Index 20  / Region 2  / Group 20","2014",1.04373534993691,0.937409704419201,"geometric-mean-scaled index","member-4","Member 4"
2015,"index","F20_R2_G20","Index 20  / Region 2  / Group 20","2015",1.22377077691567,0.954043157656506,"geometric-mean-scaled index","member-4","Member 4"
2016,"index","F20_R2_G20","Index 20  / Region 2  / Group 20","2016",1.13572929605611,0.859849932612001,"geometric-mean-scaled index","member-4","Member 4"
2017,"index","F20_R2_G20","Index 20  / Region 2  / Group 20","2017",0.734357067400453,0.781975942845129,"geometric-mean-scaled index","member-4","Member 4"
2018,"index","F20_R2_G20","Index 20  / Region 2  / Group 20","2018",0.64550184014846,0.776218665891462,"geometric-mean-scaled index","member-4","Member 4"
2019,"index","F20_R2_G20","Index 20  / Region 2  / Group 20","2019",0.713722524698996,0.814947246558725,"geometric-mean-scaled index","member-4","Member 4"
2020,"index","F20_R2_G20","Index 20  / Region 2  / Group 20","2020",0.772716002092201,0.699301670232445,"geometric-mean-scaled index","member-4","Member 4"
2021,"index","F20_R2_G20","Index 20  / Region 2  / Group 20","2021",0.751048561936257,0.517037633022008,"geometric-mean-scaled index","member-4","Member 4"
2022,"index","F20_R2_G20","Index 20  / Region 2  / Group 20","2022",1.00202993070836,0.762345731846052,"geometric-mean-scaled index","member-4","Member 4"
1954,"index","F18_R1_G18","Index 18  / Region 1  / Group 18","1954",4.40903714715002,5.59896892709347,"geometric-mean-scaled index","member-5","Member 5"
1955,"index","F18_R1_G18","Index 18  / Region 1  / Group 18","1955",3.14529508758885,5.2806634559458,"geometric-mean-scaled index","member-5","Member 5"
1956,"index","F18_R1_G18","Index 18  / Region 1  / Group 18","1956",3.55845376339654,5.13113771949569,"geometric-mean-scaled index","member-5","Member 5"
1957,"index","F18_R1_G18","Index 18  / Region 1  / Group 18","1957",3.81367935187817,4.99713259232312,"geometric-mean-scaled index","member-5","Member 5"
1958,"index","F18_R1_G18","Index 18  / Region 1  / Group 18","1958",4.19937988018333,4.86624660906605,"geometric-mean-scaled index","member-5","Member 5"
1959,"index","F18_R1_G18","Index 18  / Region 1  / Group 18","1959",5.02003875847804,4.70006307166135,"geometric-mean-scaled index","member-5","Member 5"
1960,"index","F18_R1_G18","Index 18  / Region 1  / Group 18","1960",6.09415385779237,4.5588962526627,"geometric-mean-scaled index","member-5","Member 5"
1961,"index","F18_R1_G18","Index 18  / Region 1  / Group 18","1961",5.9871599837675,4.37122202841665,"geometric-mean-scaled index","member-5","Member 5"
1962,"index","F18_R1_G18","Index 18  / Region 1  / Group 18","1962",4.31836862588877,4.07344141856071,"geometric-mean-scaled index","member-5","Member 5"
1963,"index","F18_R1_G18","Index 18  / Region 1  / Group 18","1963",2.6756633141332,3.68823227732478,"geometric-mean-scaled index","member-5","Member 5"
1964,"index","F18_R1_G18","Index 18  / Region 1  / Group 18","1964",2.42251196662564,3.25586798933364,"geometric-mean-scaled index","member-5","Member 5"
1965,"index","F18_R1_G18","Index 18  / Region 1  / Group 18","1965",2.71599052736943,2.76140329652771,"geometric-mean-scaled index","member-5","Member 5"
1966,"index","F18_R1_G18","Index 18  / Region 1  / Group 18","1966",2.44814503331434,2.27388667780092,"geometric-mean-scaled index","member-5","Member 5"
1967,"index","F18_R1_G18","Index 18  / Region 1  / Group 18","1967",1.94746079529619,2.00985567901615,"geometric-mean-scaled index","member-5","Member 5"
1968,"index","F18_R1_G18","Index 18  / Region 1  / Group 18","1968",1.71471945569896,1.94109535606411,"geometric-mean-scaled index","member-5","Member 5"
1969,"index","F18_R1_G18","Index 18  / Region 1  / Group 18","1969",1.65433171113289,1.87101177789721,"geometric-mean-scaled index","member-5","Member 5"
1970,"index","F18_R1_G18","Index 18  / Region 1  / Group 18","1970",1.54780579698768,1.64984056388781,"geometric-mean-scaled index","member-5","Member 5"
1971,"index","F18_R1_G18","Index 18  / Region 1  / Group 18","1971",1.23412080025738,1.36572504372453,"geometric-mean-scaled index","member-5","Member 5"
1972,"index","F18_R1_G18","Index 18  / Region 1  / Group 18","1972",1.07338614840291,1.15491243395486,"geometric-mean-scaled index","member-5","Member 5"
1973,"index","F18_R1_G18","Index 18  / Region 1  / Group 18","1973",0.989103263951998,0.95926113768184,"geometric-mean-scaled index","member-5","Member 5"
1974,"index","F18_R1_G18","Index 18  / Region 1  / Group 18","1974",0.580301639759145,0.821197409738832,"geometric-mean-scaled index","member-5","Member 5"
1975,"index","F18_R1_G18","Index 18  / Region 1  / Group 18","1975",0.58813811691667,0.791834371172909,"geometric-mean-scaled index","member-5","Member 5"
1976,"index","F18_R1_G18","Index 18  / Region 1  / Group 18","1976",0.851064006357214,0.80206637434216,"geometric-mean-scaled index","member-5","Member 5"
1977,"index","F18_R1_G18","Index 18  / Region 1  / Group 18","1977",0.863018267252948,0.75432867126581,"geometric-mean-scaled index","member-5","Member 5"
1978,"index","F18_R1_G18","Index 18  / Region 1  / Group 18","1978",0.935245185300877,0.795220454081739,"geometric-mean-scaled index","member-5","Member 5"
1979,"index","F18_R1_G18","Index 18  / Region 1  / Group 18","1979",0.811891863308134,0.932938802205815,"geometric-mean-scaled index","member-5","Member 5"
1980,"index","F18_R1_G18","Index 18  / Region 1  / Group 18","1980",0.857986996795637,1.02598814723542,"geometric-mean-scaled index","member-5","Member 5"
1981,"index","F18_R1_G18","Index 18  / Region 1  / Group 18","1981",0.969775742290399,0.959532469489078,"geometric-mean-scaled index","member-5","Member 5"
1982,"index","F18_R1_G18","Index 18  / Region 1  / Group 18","1982",0.754187984251701,0.834617443809285,"geometric-mean-scaled index","member-5","Member 5"
1983,"index","F18_R1_G18","Index 18  / Region 1  / Group 18","1983",0.847323525052082,0.757360102794819,"geometric-mean-scaled index","member-5","Member 5"
1984,"index","F18_R1_G18","Index 18  / Region 1  / Group 18","1984",0.697012441179108,0.737079216494509,"geometric-mean-scaled index","member-5","Member 5"
1985,"index","F18_R1_G18","Index 18  / Region 1  / Group 18","1985",0.700113985527936,0.791865512677018,"geometric-mean-scaled index","member-5","Member 5"
1986,"index","F18_R1_G18","Index 18  / Region 1  / Group 18","1986",0.916792661518106,0.84141281793115,"geometric-mean-scaled index","member-5","Member 5"
1987,"index","F18_R1_G18","Index 18  / Region 1  / Group 18","1987",0.932698710694853,0.897732327546333,"geometric-mean-scaled index","member-5","Member 5"
1988,"index","F18_R1_G18","Index 18  / Region 1  / Group 18","1988",0.933673375591985,0.851261575442359,"geometric-mean-scaled index","member-5","Member 5"
1989,"index","F18_R1_G18","Index 18  / Region 1  / Group 18","1989",0.68771709247243,0.83814427069929,"geometric-mean-scaled index","member-5","Member 5"
1990,"index","F18_R1_G18","Index 18  / Region 1  / Group 18","1990",0.776975789161292,0.844657555025951,"geometric-mean-scaled index","member-5","Member 5"
1991,"index","F18_R1_G18","Index 18  / Region 1  / Group 18","1991",0.655727821196814,0.805212247533282,"geometric-mean-scaled index","member-5","Member 5"
1992,"index","F18_R1_G18","Index 18  / Region 1  / Group 18","1992",0.872502177541898,0.787392238079225,"geometric-mean-scaled index","member-5","Member 5"
1993,"index","F18_R1_G18","Index 18  / Region 1  / Group 18","1993",0.879147658089477,0.82964602694902,"geometric-mean-scaled index","member-5","Member 5"
1994,"index","F18_R1_G18","Index 18  / Region 1  / Group 18","1994",0.948738796667378,0.877438202600081,"geometric-mean-scaled index","member-5","Member 5"
1995,"index","F18_R1_G18","Index 18  / Region 1  / Group 18","1995",0.883131727989847,0.92652694539586,"geometric-mean-scaled index","member-5","Member 5"
1996,"index","F18_R1_G18","Index 18  / Region 1  / Group 18","1996",0.837306959406211,0.931450704184065,"geometric-mean-scaled index","member-5","Member 5"
1997,"index","F18_R1_G18","Index 18  / Region 1  / Group 18","1997",0.95208949005856,0.963292641505977,"geometric-mean-scaled index","member-5","Member 5"
1998,"index","F18_R1_G18","Index 18  / Region 1  / Group 18","1998",0.856547687420413,0.917948041261196,"geometric-mean-scaled index","member-5","Member 5"
1999,"index","F18_R1_G18","Index 18  / Region 1  / Group 18","1999",0.61266101448799,0.956306114310724,"geometric-mean-scaled index","member-5","Member 5"
2000,"index","F18_R1_G18","Index 18  / Region 1  / Group 18","2000",0.679263091965619,0.996116709351455,"geometric-mean-scaled index","member-5","Member 5"
2001,"index","F18_R1_G18","Index 18  / Region 1  / Group 18","2001",0.663388123597169,0.931612787075255,"geometric-mean-scaled index","member-5","Member 5"
2002,"index","F18_R1_G18","Index 18  / Region 1  / Group 18","2002",0.695863453728742,0.732378057057647,"geometric-mean-scaled index","member-5","Member 5"
2003,"index","F18_R1_G18","Index 18  / Region 1  / Group 18","2003",0.520428254256146,0.619314835901472,"geometric-mean-scaled index","member-5","Member 5"
2004,"index","F18_R1_G18","Index 18  / Region 1  / Group 18","2004",0.457969008695485,0.624484313141037,"geometric-mean-scaled index","member-5","Member 5"
2005,"index","F18_R1_G18","Index 18  / Region 1  / Group 18","2005",0.57000982730679,0.585774621378583,"geometric-mean-scaled index","member-5","Member 5"
2006,"index","F18_R1_G18","Index 18  / Region 1  / Group 18","2006",0.692547701969523,0.597362164045808,"geometric-mean-scaled index","member-5","Member 5"
2007,"index","F18_R1_G18","Index 18  / Region 1  / Group 18","2007",0.763296075617131,0.663751454745966,"geometric-mean-scaled index","member-5","Member 5"
2008,"index","F18_R1_G18","Index 18  / Region 1  / Group 18","2008",0.557991706511396,0.740273480731474,"geometric-mean-scaled index","member-5","Member 5"
2009,"index","F18_R1_G18","Index 18  / Region 1  / Group 18","2009",0.644374806432787,0.718462456559522,"geometric-mean-scaled index","member-5","Member 5"
2010,"index","F18_R1_G18","Index 18  / Region 1  / Group 18","2010",0.629833334064991,0.543095510772544,"geometric-mean-scaled index","member-5","Member 5"
2011,"index","F18_R1_G18","Index 18  / Region 1  / Group 18","2011",0.472776191924379,0.563023110407459,"geometric-mean-scaled index","member-5","Member 5"
2012,"index","F18_R1_G18","Index 18  / Region 1  / Group 18","2012",0.561037772817115,0.619757538224395,"geometric-mean-scaled index","member-5","Member 5"
2013,"index","F18_R1_G18","Index 18  / Region 1  / Group 18","2013",0.518607359493591,0.615223994517471,"geometric-mean-scaled index","member-5","Member 5"
2014,"index","F18_R1_G18","Index 18  / Region 1  / Group 18","2014",0.534249440170542,0.626325633605683,"geometric-mean-scaled index","member-5","Member 5"
2015,"index","F18_R1_G18","Index 18  / Region 1  / Group 18","2015",0.610459945494768,0.662987763336031,"geometric-mean-scaled index","member-5","Member 5"
2016,"index","F18_R1_G18","Index 18  / Region 1  / Group 18","2016",0.483833914957584,0.698020430839655,"geometric-mean-scaled index","member-5","Member 5"
2017,"index","F18_R1_G18","Index 18  / Region 1  / Group 18","2017",0.503585067785675,0.69794993958358,"geometric-mean-scaled index","member-5","Member 5"
2018,"index","F18_R1_G18","Index 18  / Region 1  / Group 18","2018",0.44199217333407,0.619466138442993,"geometric-mean-scaled index","member-5","Member 5"
2019,"index","F18_R1_G18","Index 18  / Region 1  / Group 18","2019",0.466975339471439,0.563337300376981,"geometric-mean-scaled index","member-5","Member 5"
2020,"index","F18_R1_G18","Index 18  / Region 1  / Group 18","2020",0.377731205082218,0.538245907053606,"geometric-mean-scaled index","member-5","Member 5"
2021,"index","F18_R1_G18","Index 18  / Region 1  / Group 18","2021",0.384903092509445,0.534249893745351,"geometric-mean-scaled index","member-5","Member 5"
2022,"index","F18_R1_G18","Index 18  / Region 1  / Group 18","2022",0.533173522636986,0.490009940836321,"geometric-mean-scaled index","member-5","Member 5"
1992,"index","F19_R1_G19","Index 19  / Region 1  / Group 19","1992",1.85927115000846,0.985537317435482,"geometric-mean-scaled index","member-5","Member 5"
1993,"index","F19_R1_G19","Index 19  / Region 1  / Group 19","1993",0.849266654622091,0.955301721884386,"geometric-mean-scaled index","member-5","Member 5"
1994,"index","F19_R1_G19","Index 19  / Region 1  / Group 19","1994",1.00123553533734,0.945093397685846,"geometric-mean-scaled index","member-5","Member 5"
1995,"index","F19_R1_G19","Index 19  / Region 1  / Group 19","1995",1.31046507492219,1.11446544962991,"geometric-mean-scaled index","member-5","Member 5"
1996,"index","F19_R1_G19","Index 19  / Region 1  / Group 19","1996",1.21306505673522,1.15760547732703,"geometric-mean-scaled index","member-5","Member 5"
1997,"index","F19_R1_G19","Index 19  / Region 1  / Group 19","1997",0.799390157141791,0.878572540883715,"geometric-mean-scaled index","member-5","Member 5"
1998,"index","F19_R1_G19","Index 19  / Region 1  / Group 19","1998",1.99291282185133,0.725130490517395,"geometric-mean-scaled index","member-5","Member 5"
1999,"index","F19_R1_G19","Index 19  / Region 1  / Group 19","1999",1.3696369541503,0.694412820015056,"geometric-mean-scaled index","member-5","Member 5"
2000,"index","F19_R1_G19","Index 19  / Region 1  / Group 19","2000",0.965612099781253,1.16219591653095,"geometric-mean-scaled index","member-5","Member 5"
2001,"index","F19_R1_G19","Index 19  / Region 1  / Group 19","2001",0.810369966030035,0.902081543586668,"geometric-mean-scaled index","member-5","Member 5"
2002,"index","F19_R1_G19","Index 19  / Region 1  / Group 19","2002",0.74171237247259,1.07991609963951,"geometric-mean-scaled index","member-5","Member 5"
2003,"index","F19_R1_G19","Index 19  / Region 1  / Group 19","2003",1.03600097632011,1.49470657305849,"geometric-mean-scaled index","member-5","Member 5"
2004,"index","F19_R1_G19","Index 19  / Region 1  / Group 19","2004",1.05045112419079,1.3681788302508,"geometric-mean-scaled index","member-5","Member 5"
2005,"index","F19_R1_G19","Index 19  / Region 1  / Group 19","2005",0.734713898314047,0.961877973896629,"geometric-mean-scaled index","member-5","Member 5"
2006,"index","F19_R1_G19","Index 19  / Region 1  / Group 19","2006",0.882670668461906,0.884575430778952,"geometric-mean-scaled index","member-5","Member 5"
2007,"index","F19_R1_G19","Index 19  / Region 1  / Group 19","2007",1.03363575876466,1.18327413257005,"geometric-mean-scaled index","member-5","Member 5"
2008,"index","F19_R1_G19","Index 19  / Region 1  / Group 19","2008",1.33647576097039,1.45697426618143,"geometric-mean-scaled index","member-5","Member 5"
2009,"index","F19_R1_G19","Index 19  / Region 1  / Group 19","2009",0.832547956398684,1.2396988174099,"geometric-mean-scaled index","member-5","Member 5"
2010,"index","F19_R1_G19","Index 19  / Region 1  / Group 19","2010",1.1710748925389,1.20395724817576,"geometric-mean-scaled index","member-5","Member 5"
2011,"index","F19_R1_G19","Index 19  / Region 1  / Group 19","2011",1.14908021933067,1.43895199721154,"geometric-mean-scaled index","member-5","Member 5"
2012,"index","F19_R1_G19","Index 19  / Region 1  / Group 19","2012",0.992144371207608,1.48187891920584,"geometric-mean-scaled index","member-5","Member 5"
2013,"index","F19_R1_G19","Index 19  / Region 1  / Group 19","2013",0.812541615693899,1.21666871358852,"geometric-mean-scaled index","member-5","Member 5"
2014,"index","F19_R1_G19","Index 19  / Region 1  / Group 19","2014",0.869128916645273,1.06177918692548,"geometric-mean-scaled index","member-5","Member 5"
2015,"index","F19_R1_G19","Index 19  / Region 1  / Group 19","2015",0.923487470227196,1.20220200211504,"geometric-mean-scaled index","member-5","Member 5"
2016,"index","F19_R1_G19","Index 19  / Region 1  / Group 19","2016",0.994049496935054,1.23646139972055,"geometric-mean-scaled index","member-5","Member 5"
2017,"index","F19_R1_G19","Index 19  / Region 1  / Group 19","2017",0.679637993540111,0.918576331706625,"geometric-mean-scaled index","member-5","Member 5"
2018,"index","F19_R1_G19","Index 19  / Region 1  / Group 19","2018",1.1614387047662,0.79293371178887,"geometric-mean-scaled index","member-5","Member 5"
2019,"index","F19_R1_G19","Index 19  / Region 1  / Group 19","2019",0.909406517143503,1.38450659454266,"geometric-mean-scaled index","member-5","Member 5"
2020,"index","F19_R1_G19","Index 19  / Region 1  / Group 19","2020",0.960523282163485,1.47786283211502,"geometric-mean-scaled index","member-5","Member 5"
2021,"index","F19_R1_G19","Index 19  / Region 1  / Group 19","2021",0.974737478989675,1.34343934363027,"geometric-mean-scaled index","member-5","Member 5"
2022,"index","F19_R1_G19","Index 19  / Region 1  / Group 19","2022",0.665420460916155,1.13854248792317,"geometric-mean-scaled index","member-5","Member 5"
1954,"index","F20_R2_G20","Index 20  / Region 2  / Group 20","1954",4.21096154805618,3.61073607476452,"geometric-mean-scaled index","member-5","Member 5"
1955,"index","F20_R2_G20","Index 20  / Region 2  / Group 20","1955",3.11733650195403,3.53003353028627,"geometric-mean-scaled index","member-5","Member 5"
1956,"index","F20_R2_G20","Index 20  / Region 2  / Group 20","1956",3.11471220345346,3.50053708803382,"geometric-mean-scaled index","member-5","Member 5"
1957,"index","F20_R2_G20","Index 20  / Region 2  / Group 20","1957",2.49122048423764,3.47034963297572,"geometric-mean-scaled index","member-5","Member 5"
1958,"index","F20_R2_G20","Index 20  / Region 2  / Group 20","1958",3.38277838084962,3.44114172071697,"geometric-mean-scaled index","member-5","Member 5"
1959,"index","F20_R2_G20","Index 20  / Region 2  / Group 20","1959",3.53910335426992,3.40835920517494,"geometric-mean-scaled index","member-5","Member 5"
1960,"index","F20_R2_G20","Index 20  / Region 2  / Group 20","1960",2.88806453309758,3.35094238004175,"geometric-mean-scaled index","member-5","Member 5"
1961,"index","F20_R2_G20","Index 20  / Region 2  / Group 20","1961",2.77519235560544,2.99977700850603,"geometric-mean-scaled index","member-5","Member 5"
1962,"index","F20_R2_G20","Index 20  / Region 2  / Group 20","1962",2.84542670742501,2.83035742231945,"geometric-mean-scaled index","member-5","Member 5"
1963,"index","F20_R2_G20","Index 20  / Region 2  / Group 20","1963",2.15624779216803,2.29792214211173,"geometric-mean-scaled index","member-5","Member 5"
1964,"index","F20_R2_G20","Index 20  / Region 2  / Group 20","1964",1.77294323917794,1.8004956049099,"geometric-mean-scaled index","member-5","Member 5"
1965,"index","F20_R2_G20","Index 20  / Region 2  / Group 20","1965",1.39305357413891,1.70523661520728,"geometric-mean-scaled index","member-5","Member 5"
1966,"index","F20_R2_G20","Index 20  / Region 2  / Group 20","1966",2.15604911541288,1.78124335939116,"geometric-mean-scaled index","member-5","Member 5"
1967,"index","F20_R2_G20","Index 20  / Region 2  / Group 20","1967",1.83466830687541,1.95272159988305,"geometric-mean-scaled index","member-5","Member 5"
1968,"index","F20_R2_G20","Index 20  / Region 2  / Group 20","1968",1.49027459282616,1.65013693772821,"geometric-mean-scaled index","member-5","Member 5"
1969,"index","F20_R2_G20","Index 20  / Region 2  / Group 20","1969",0.90397341842816,1.26030332564037,"geometric-mean-scaled index","member-5","Member 5"
1970,"index","F20_R2_G20","Index 20  / Region 2  / Group 20","1970",1.74296686069583,1.21189583980493,"geometric-mean-scaled index","member-5","Member 5"
1971,"index","F20_R2_G20","Index 20  / Region 2  / Group 20","1971",1.05128168838887,1.07471582017987,"geometric-mean-scaled index","member-5","Member 5"
1972,"index","F20_R2_G20","Index 20  / Region 2  / Group 20","1972",1.03629787461149,0.9651733341766,"geometric-mean-scaled index","member-5","Member 5"
1973,"index","F20_R2_G20","Index 20  / Region 2  / Group 20","1973",1.14631510743072,0.87000522491394,"geometric-mean-scaled index","member-5","Member 5"
1974,"index","F20_R2_G20","Index 20  / Region 2  / Group 20","1974",0.503606327140092,0.760387110367141,"geometric-mean-scaled index","member-5","Member 5"
1975,"index","F20_R2_G20","Index 20  / Region 2  / Group 20","1975",0.345168043176568,0.696258975160483,"geometric-mean-scaled index","member-5","Member 5"
1976,"index","F20_R2_G20","Index 20  / Region 2  / Group 20","1976",0.392881567888747,0.680966572657351,"geometric-mean-scaled index","member-5","Member 5"
1977,"index","F20_R2_G20","Index 20  / Region 2  / Group 20","1977",0.722292569399697,0.816747612765928,"geometric-mean-scaled index","member-5","Member 5"
1978,"index","F20_R2_G20","Index 20  / Region 2  / Group 20","1978",1.34450541165844,1.10455866536981,"geometric-mean-scaled index","member-5","Member 5"
1979,"index","F20_R2_G20","Index 20  / Region 2  / Group 20","1979",0.925834385511787,1.05821698931909,"geometric-mean-scaled index","member-5","Member 5"
1980,"index","F20_R2_G20","Index 20  / Region 2  / Group 20","1980",0.665679781043966,0.899468182591732,"geometric-mean-scaled index","member-5","Member 5"
1981,"index","F20_R2_G20","Index 20  / Region 2  / Group 20","1981",0.591226781169868,0.760347804093015,"geometric-mean-scaled index","member-5","Member 5"
1982,"index","F20_R2_G20","Index 20  / Region 2  / Group 20","1982",0.474104859767232,0.674426775023068,"geometric-mean-scaled index","member-5","Member 5"
1983,"index","F20_R2_G20","Index 20  / Region 2  / Group 20","1983",0.516419783951321,0.68857427900054,"geometric-mean-scaled index","member-5","Member 5"
1984,"index","F20_R2_G20","Index 20  / Region 2  / Group 20","1984",0.705603550009173,0.808385302625282,"geometric-mean-scaled index","member-5","Member 5"
1985,"index","F20_R2_G20","Index 20  / Region 2  / Group 20","1985",0.596630644214555,0.844357046577391,"geometric-mean-scaled index","member-5","Member 5"
1986,"index","F20_R2_G20","Index 20  / Region 2  / Group 20","1986",0.576521368772823,0.804606162720364,"geometric-mean-scaled index","member-5","Member 5"
1987,"index","F20_R2_G20","Index 20  / Region 2  / Group 20","1987",0.738069475063823,0.790099184365908,"geometric-mean-scaled index","member-5","Member 5"
1988,"index","F20_R2_G20","Index 20  / Region 2  / Group 20","1988",0.631881286279668,0.828226978697357,"geometric-mean-scaled index","member-5","Member 5"
1989,"index","F20_R2_G20","Index 20  / Region 2  / Group 20","1989",0.538572813890766,0.704742852405993,"geometric-mean-scaled index","member-5","Member 5"
1990,"index","F20_R2_G20","Index 20  / Region 2  / Group 20","1990",0.558798697122352,0.719021747119523,"geometric-mean-scaled index","member-5","Member 5"
1991,"index","F20_R2_G20","Index 20  / Region 2  / Group 20","1991",0.596239520556125,0.737757028930636,"geometric-mean-scaled index","member-5","Member 5"
1992,"index","F20_R2_G20","Index 20  / Region 2  / Group 20","1992",0.949703632796349,0.798133535963485,"geometric-mean-scaled index","member-5","Member 5"
1993,"index","F20_R2_G20","Index 20  / Region 2  / Group 20","1993",0.773853468646436,0.928413739099884,"geometric-mean-scaled index","member-5","Member 5"
1994,"index","F20_R2_G20","Index 20  / Region 2  / Group 20","1994",0.810781379423954,0.8254095449792,"geometric-mean-scaled index","member-5","Member 5"
1995,"index","F20_R2_G20","Index 20  / Region 2  / Group 20","1995",1.07726297359609,0.954148133620363,"geometric-mean-scaled index","member-5","Member 5"
1996,"index","F20_R2_G20","Index 20  / Region 2  / Group 20","1996",0.935003854840217,0.931908624418123,"geometric-mean-scaled index","member-5","Member 5"
1997,"index","F20_R2_G20","Index 20  / Region 2  / Group 20","1997",0.800397864000986,0.937348102635914,"geometric-mean-scaled index","member-5","Member 5"
1998,"index","F20_R2_G20","Index 20  / Region 2  / Group 20","1998",1.04349083940237,0.989497142780303,"geometric-mean-scaled index","member-5","Member 5"
1999,"index","F20_R2_G20","Index 20  / Region 2  / Group 20","1999",0.765213765192612,1.08763592085688,"geometric-mean-scaled index","member-5","Member 5"
2000,"index","F20_R2_G20","Index 20  / Region 2  / Group 20","2000",0.767097814359868,0.981423268896154,"geometric-mean-scaled index","member-5","Member 5"
2001,"index","F20_R2_G20","Index 20  / Region 2  / Group 20","2001",0.841773334723493,0.912668121824284,"geometric-mean-scaled index","member-5","Member 5"
2002,"index","F20_R2_G20","Index 20  / Region 2  / Group 20","2002",0.547333871289332,0.71489240632153,"geometric-mean-scaled index","member-5","Member 5"
2003,"index","F20_R2_G20","Index 20  / Region 2  / Group 20","2003",0.588325890023659,0.912332652286917,"geometric-mean-scaled index","member-5","Member 5"
2004,"index","F20_R2_G20","Index 20  / Region 2  / Group 20","2004",0.635814586790303,0.729763100617573,"geometric-mean-scaled index","member-5","Member 5"
2005,"index","F20_R2_G20","Index 20  / Region 2  / Group 20","2005",0.834789610625378,0.838135020617438,"geometric-mean-scaled index","member-5","Member 5"
2006,"index","F20_R2_G20","Index 20  / Region 2  / Group 20","2006",0.92372528101704,0.98905948879464,"geometric-mean-scaled index","member-5","Member 5"
2007,"index","F20_R2_G20","Index 20  / Region 2  / Group 20","2007",0.84623569961814,1.09009107814447,"geometric-mean-scaled index","member-5","Member 5"
2008,"index","F20_R2_G20","Index 20  / Region 2  / Group 20","2008",0.610796174186906,0.94511701521116,"geometric-mean-scaled index","member-5","Member 5"
2009,"index","F20_R2_G20","Index 20  / Region 2  / Group 20","2009",1.05927374250753,0.883644440042534,"geometric-mean-scaled index","member-5","Member 5"
2010,"index","F20_R2_G20","Index 20  / Region 2  / Group 20","2010",0.847323881897912,0.902520606723356,"geometric-mean-scaled index","member-5","Member 5"
2011,"index","F20_R2_G20","Index 20  / Region 2  / Group 20","2011",1.12583979197944,1.04830521458865,"geometric-mean-scaled index","member-5","Member 5"
2012,"index","F20_R2_G20","Index 20  / Region 2  / Group 20","2012",0.945525297290097,0.937931334480365,"geometric-mean-scaled index","member-5","Member 5"
2013,"index","F20_R2_G20","Index 20  / Region 2  / Group 20","2013",0.87877457395759,0.929530893006929,"geometric-mean-scaled index","member-5","Member 5"
2014,"index","F20_R2_G20","Index 20  / Region 2  / Group 20","2014",1.04373534993691,1.00255786920509,"geometric-mean-scaled index","member-5","Member 5"
2015,"index","F20_R2_G20","Index 20  / Region 2  / Group 20","2015",1.22377077691567,1.02034731533148,"geometric-mean-scaled index","member-5","Member 5"
2016,"index","F20_R2_G20","Index 20  / Region 2  / Group 20","2016",1.13572929605611,0.919607842986581,"geometric-mean-scaled index","member-5","Member 5"
2017,"index","F20_R2_G20","Index 20  / Region 2  / Group 20","2017",0.734357067400453,0.836321761266799,"geometric-mean-scaled index","member-5","Member 5"
2018,"index","F20_R2_G20","Index 20  / Region 2  / Group 20","2018",0.64550184014846,0.830164364679285,"geometric-mean-scaled index","member-5","Member 5"
2019,"index","F20_R2_G20","Index 20  / Region 2  / Group 20","2019",0.713722524698996,0.871584506937324,"geometric-mean-scaled index","member-5","Member 5"
2020,"index","F20_R2_G20","Index 20  / Region 2  / Group 20","2020",0.772716002092201,0.747901786310376,"geometric-mean-scaled index","member-5","Member 5"
2021,"index","F20_R2_G20","Index 20  / Region 2  / Group 20","2021",0.751048561936257,0.552970750374889,"geometric-mean-scaled index","member-5","Member 5"
2022,"index","F20_R2_G20","Index 20  / Region 2  / Group 20","2022",1.00202993070836,0.815327288499445,"geometric-mean-scaled index","member-5","Member 5"
1954,"index","F18_R1_G18","Index 18  / Region 1  / Group 18","1954",4.40903714715002,5.96280084293348,"geometric-mean-scaled index","member-6","Member 6"
1955,"index","F18_R1_G18","Index 18  / Region 1  / Group 18","1955",3.14529508758885,5.62381126174733,"geometric-mean-scaled index","member-6","Member 6"
1956,"index","F18_R1_G18","Index 18  / Region 1  / Group 18","1956",3.55845376339654,5.46456905144848,"geometric-mean-scaled index","member-6","Member 6"
1957,"index","F18_R1_G18","Index 18  / Region 1  / Group 18","1957",3.81367935187817,5.3218560098748,"geometric-mean-scaled index","member-6","Member 6"
1958,"index","F18_R1_G18","Index 18  / Region 1  / Group 18","1958",4.19937988018333,5.1824648002689,"geometric-mean-scaled index","member-6","Member 6"
1959,"index","F18_R1_G18","Index 18  / Region 1  / Group 18","1959",5.02003875847804,5.00548233263573,"geometric-mean-scaled index","member-6","Member 6"
1960,"index","F18_R1_G18","Index 18  / Region 1  / Group 18","1960",6.09415385779237,4.8551422185397,"geometric-mean-scaled index","member-6","Member 6"
1961,"index","F18_R1_G18","Index 18  / Region 1  / Group 18","1961",5.9871599837675,4.65527255733903,"geometric-mean-scaled index","member-6","Member 6"
1962,"index","F18_R1_G18","Index 18  / Region 1  / Group 18","1962",4.31836862588877,4.33814158294372,"geometric-mean-scaled index","member-6","Member 6"
1963,"index","F18_R1_G18","Index 18  / Region 1  / Group 18","1963",2.6756633141332,3.92790080076105,"geometric-mean-scaled index","member-6","Member 6"
1964,"index","F18_R1_G18","Index 18  / Region 1  / Group 18","1964",2.42251196662564,3.46744063846001,"geometric-mean-scaled index","member-6","Member 6"
1965,"index","F18_R1_G18","Index 18  / Region 1  / Group 18","1965",2.71599052736943,2.94084466597716,"geometric-mean-scaled index","member-6","Member 6"
1966,"index","F18_R1_G18","Index 18  / Region 1  / Group 18","1966",2.44814503331434,2.4216482669721,"geometric-mean-scaled index","member-6","Member 6"
1967,"index","F18_R1_G18","Index 18  / Region 1  / Group 18","1967",1.94746079529619,2.14046001916882,"geometric-mean-scaled index","member-6","Member 6"
1968,"index","F18_R1_G18","Index 18  / Region 1  / Group 18","1968",1.71471945569896,2.06723151638597,"geometric-mean-scaled index","member-6","Member 6"
1969,"index","F18_R1_G18","Index 18  / Region 1  / Group 18","1969",1.65433171113289,1.99259377068475,"geometric-mean-scaled index","member-6","Member 6"
1970,"index","F18_R1_G18","Index 18  / Region 1  / Group 18","1970",1.54780579698768,1.75705042002493,"geometric-mean-scaled index","member-6","Member 6"
1971,"index","F18_R1_G18","Index 18  / Region 1  / Group 18","1971",1.23412080025738,1.45447251949002,"geometric-mean-scaled index","member-6","Member 6"
1972,"index","F18_R1_G18","Index 18  / Region 1  / Group 18","1972",1.07338614840291,1.22996089536709,"geometric-mean-scaled index","member-6","Member 6"
1973,"index","F18_R1_G18","Index 18  / Region 1  / Group 18","1973",0.989103263951998,1.02159579644817,"geometric-mean-scaled index","member-6","Member 6"
1974,"index","F18_R1_G18","Index 18  / Region 1  / Group 18","1974",0.580301639759145,0.874560418313918,"geometric-mean-scaled index","member-6","Member 6"
1975,"index","F18_R1_G18","Index 18  / Region 1  / Group 18","1975",0.58813811691667,0.843289312259957,"geometric-mean-scaled index","member-6","Member 6"
1976,"index","F18_R1_G18","Index 18  / Region 1  / Group 18","1976",0.851064006357214,0.854186210942012,"geometric-mean-scaled index","member-6","Member 6"
1977,"index","F18_R1_G18","Index 18  / Region 1  / Group 18","1977",0.863018267252948,0.80334641885709,"geometric-mean-scaled index","member-6","Member 6"
1978,"index","F18_R1_G18","Index 18  / Region 1  / Group 18","1978",0.935245185300877,0.846895429437231,"geometric-mean-scaled index","member-6","Member 6"
1979,"index","F18_R1_G18","Index 18  / Region 1  / Group 18","1979",0.811891863308134,0.993562984298612,"geometric-mean-scaled index","member-6","Member 6"
1980,"index","F18_R1_G18","Index 18  / Region 1  / Group 18","1980",0.857986996795637,1.09265885716407,"geometric-mean-scaled index","member-6","Member 6"
1981,"index","F18_R1_G18","Index 18  / Region 1  / Group 18","1981",0.969775742290399,1.02188475992519,"geometric-mean-scaled index","member-6","Member 6"
1982,"index","F18_R1_G18","Index 18  / Region 1  / Group 18","1982",0.754187984251701,0.888852512360069,"geometric-mean-scaled index","member-6","Member 6"
1983,"index","F18_R1_G18","Index 18  / Region 1  / Group 18","1983",0.847323525052082,0.806574838716504,"geometric-mean-scaled index","member-6","Member 6"
1984,"index","F18_R1_G18","Index 18  / Region 1  / Group 18","1984",0.697012441179108,0.784976060887654,"geometric-mean-scaled index","member-6","Member 6"
1985,"index","F18_R1_G18","Index 18  / Region 1  / Group 18","1985",0.700113985527936,0.843322477399712,"geometric-mean-scaled index","member-6","Member 6"
1986,"index","F18_R1_G18","Index 18  / Region 1  / Group 18","1986",0.916792661518106,0.896089463139672,"geometric-mean-scaled index","member-6","Member 6"
1987,"index","F18_R1_G18","Index 18  / Region 1  / Group 18","1987",0.932698710694853,0.956068724282195,"geometric-mean-scaled index","member-6","Member 6"
1988,"index","F18_R1_G18","Index 18  / Region 1  / Group 18","1988",0.933673375591985,0.906578212113704,"geometric-mean-scaled index","member-6","Member 6"
1989,"index","F18_R1_G18","Index 18  / Region 1  / Group 18","1989",0.68771709247243,0.892608519336789,"geometric-mean-scaled index","member-6","Member 6"
1990,"index","F18_R1_G18","Index 18  / Region 1  / Group 18","1990",0.776975789161292,0.899545049576374,"geometric-mean-scaled index","member-6","Member 6"
1991,"index","F18_R1_G18","Index 18  / Region 1  / Group 18","1991",0.655727821196814,0.857536509105842,"geometric-mean-scaled index","member-6","Member 6"
1992,"index","F18_R1_G18","Index 18  / Region 1  / Group 18","1992",0.872502177541898,0.838558520698092,"geometric-mean-scaled index","member-6","Member 6"
1993,"index","F18_R1_G18","Index 18  / Region 1  / Group 18","1993",0.879147658089477,0.883558043140653,"geometric-mean-scaled index","member-6","Member 6"
1994,"index","F18_R1_G18","Index 18  / Region 1  / Group 18","1994",0.948738796667378,0.934455847534382,"geometric-mean-scaled index","member-6","Member 6"
1995,"index","F18_R1_G18","Index 18  / Region 1  / Group 18","1995",0.883131727989847,0.986734472533497,"geometric-mean-scaled index","member-6","Member 6"
1996,"index","F18_R1_G18","Index 18  / Region 1  / Group 18","1996",0.837306959406211,0.991978186766423,"geometric-mean-scaled index","member-6","Member 6"
1997,"index","F18_R1_G18","Index 18  / Region 1  / Group 18","1997",0.95208949005856,1.02588927525005,"geometric-mean-scaled index","member-6","Member 6"
1998,"index","F18_R1_G18","Index 18  / Region 1  / Group 18","1998",0.856547687420413,0.977598094483945,"geometric-mean-scaled index","member-6","Member 6"
1999,"index","F18_R1_G18","Index 18  / Region 1  / Group 18","1999",0.61266101448799,1.0184487498977,"geometric-mean-scaled index","member-6","Member 6"
2000,"index","F18_R1_G18","Index 18  / Region 1  / Group 18","2000",0.679263091965619,1.06084631501328,"geometric-mean-scaled index","member-6","Member 6"
2001,"index","F18_R1_G18","Index 18  / Region 1  / Group 18","2001",0.663388123597169,0.992150802119857,"geometric-mean-scaled index","member-6","Member 6"
2002,"index","F18_R1_G18","Index 18  / Region 1  / Group 18","2002",0.695863453728742,0.77996941094587,"geometric-mean-scaled index","member-6","Member 6"
2003,"index","F18_R1_G18","Index 18  / Region 1  / Group 18","2003",0.520428254256146,0.65955912126691,"geometric-mean-scaled index","member-6","Member 6"
2004,"index","F18_R1_G18","Index 18  / Region 1  / Group 18","2004",0.457969008695485,0.665064521215184,"geometric-mean-scaled index","member-6","Member 6"
2005,"index","F18_R1_G18","Index 18  / Region 1  / Group 18","2005",0.57000982730679,0.623839398219069,"geometric-mean-scaled index","member-6","Member 6"
2006,"index","F18_R1_G18","Index 18  / Region 1  / Group 18","2006",0.692547701969523,0.636179921998243,"geometric-mean-scaled index","member-6","Member 6"
2007,"index","F18_R1_G18","Index 18  / Region 1  / Group 18","2007",0.763296075617131,0.706883318231264,"geometric-mean-scaled index","member-6","Member 6"
2008,"index","F18_R1_G18","Index 18  / Region 1  / Group 18","2008",0.557991706511396,0.788377894641823,"geometric-mean-scaled index","member-6","Member 6"
2009,"index","F18_R1_G18","Index 18  / Region 1  / Group 18","2009",0.644374806432787,0.76514954759949,"geometric-mean-scaled index","member-6","Member 6"
2010,"index","F18_R1_G18","Index 18  / Region 1  / Group 18","2010",0.629833334064991,0.578386915804695,"geometric-mean-scaled index","member-6","Member 6"
2011,"index","F18_R1_G18","Index 18  / Region 1  / Group 18","2011",0.472776191924379,0.599609449711915,"geometric-mean-scaled index","member-6","Member 6"
2012,"index","F18_R1_G18","Index 18  / Region 1  / Group 18","2012",0.561037772817115,0.660030591249807,"geometric-mean-scaled index","member-6","Member 6"
2013,"index","F18_R1_G18","Index 18  / Region 1  / Group 18","2013",0.518607359493591,0.655202449034851,"geometric-mean-scaled index","member-6","Member 6"
2014,"index","F18_R1_G18","Index 18  / Region 1  / Group 18","2014",0.534249440170542,0.667025494273201,"geometric-mean-scaled index","member-6","Member 6"
2015,"index","F18_R1_G18","Index 18  / Region 1  / Group 18","2015",0.610459945494768,0.706070000664726,"geometric-mean-scaled index","member-6","Member 6"
2016,"index","F18_R1_G18","Index 18  / Region 1  / Group 18","2016",0.483833914957584,0.743379159197466,"geometric-mean-scaled index","member-6","Member 6"
2017,"index","F18_R1_G18","Index 18  / Region 1  / Group 18","2017",0.503585067785675,0.743304087282152,"geometric-mean-scaled index","member-6","Member 6"
2018,"index","F18_R1_G18","Index 18  / Region 1  / Group 18","2018",0.44199217333407,0.659720255742538,"geometric-mean-scaled index","member-6","Member 6"
2019,"index","F18_R1_G18","Index 18  / Region 1  / Group 18","2019",0.466975339471439,0.599944056358157,"geometric-mean-scaled index","member-6","Member 6"
2020,"index","F18_R1_G18","Index 18  / Region 1  / Group 18","2020",0.377731205082218,0.573222175381999,"geometric-mean-scaled index","member-6","Member 6"
2021,"index","F18_R1_G18","Index 18  / Region 1  / Group 18","2021",0.384903092509445,0.568966493338912,"geometric-mean-scaled index","member-6","Member 6"
2022,"index","F18_R1_G18","Index 18  / Region 1  / Group 18","2022",0.533173522636986,0.521851742045902,"geometric-mean-scaled index","member-6","Member 6"
1992,"index","F19_R1_G19","Index 19  / Region 1  / Group 19","1992",1.85927115000846,1.04957945358652,"geometric-mean-scaled index","member-6","Member 6"
1993,"index","F19_R1_G19","Index 19  / Region 1  / Group 19","1993",0.849266654622091,1.01737909009348,"geometric-mean-scaled index","member-6","Member 6"
1994,"index","F19_R1_G19","Index 19  / Region 1  / Group 19","1994",1.00123553533734,1.00650740908781,"geometric-mean-scaled index","member-6","Member 6"
1995,"index","F19_R1_G19","Index 19  / Region 1  / Group 19","1995",1.31046507492219,1.18688558715099,"geometric-mean-scaled index","member-6","Member 6"
1996,"index","F19_R1_G19","Index 19  / Region 1  / Group 19","1996",1.21306505673522,1.23282893794756,"geometric-mean-scaled index","member-6","Member 6"
1997,"index","F19_R1_G19","Index 19  / Region 1  / Group 19","1997",0.799390157141791,0.935663897331032,"geometric-mean-scaled index","member-6","Member 6"
1998,"index","F19_R1_G19","Index 19  / Region 1  / Group 19","1998",1.99291282185133,0.772250883403001,"geometric-mean-scaled index","member-6","Member 6"
1999,"index","F19_R1_G19","Index 19  / Region 1  / Group 19","1999",1.3696369541503,0.739537118788597,"geometric-mean-scaled index","member-6","Member 6"
2000,"index","F19_R1_G19","Index 19  / Region 1  / Group 19","2000",0.965612099781253,1.23771767283982,"geometric-mean-scaled index","member-6","Member 6"
2001,"index","F19_R1_G19","Index 19  / Region 1  / Group 19","2001",0.810369966030035,0.960700560859448,"geometric-mean-scaled index","member-6","Member 6"
2002,"index","F19_R1_G19","Index 19  / Region 1  / Group 19","2002",0.74171237247259,1.15009115304569,"geometric-mean-scaled index","member-6","Member 6"
2003,"index","F19_R1_G19","Index 19  / Region 1  / Group 19","2003",1.03600097632011,1.59183552004424,"geometric-mean-scaled index","member-6","Member 6"
2004,"index","F19_R1_G19","Index 19  / Region 1  / Group 19","2004",1.05045112419079,1.45708575784833,"geometric-mean-scaled index","member-6","Member 6"
2005,"index","F19_R1_G19","Index 19  / Region 1  / Group 19","2005",0.734713898314047,1.02438267978161,"geometric-mean-scaled index","member-6","Member 6"
2006,"index","F19_R1_G19","Index 19  / Region 1  / Group 19","2006",0.882670668461906,0.942056866714046,"geometric-mean-scaled index","member-6","Member 6"
2007,"index","F19_R1_G19","Index 19  / Region 1  / Group 19","2007",1.03363575876466,1.26016559244825,"geometric-mean-scaled index","member-6","Member 6"
2008,"index","F19_R1_G19","Index 19  / Region 1  / Group 19","2008",1.33647576097039,1.55165129430875,"geometric-mean-scaled index","member-6","Member 6"
2009,"index","F19_R1_G19","Index 19  / Region 1  / Group 19","2009",0.832547956398684,1.32025686330657,"geometric-mean-scaled index","member-6","Member 6"
2010,"index","F19_R1_G19","Index 19  / Region 1  / Group 19","2010",1.1710748925389,1.28219273722689,"geometric-mean-scaled index","member-6","Member 6"
2011,"index","F19_R1_G19","Index 19  / Region 1  / Group 19","2011",1.14908021933067,1.53245790316753,"geometric-mean-scaled index","member-6","Member 6"
2012,"index","F19_R1_G19","Index 19  / Region 1  / Group 19","2012",0.992144371207608,1.57817430023727,"geometric-mean-scaled index","member-6","Member 6"
2013,"index","F19_R1_G19","Index 19  / Region 1  / Group 19","2013",0.812541615693899,1.29573021844265,"geometric-mean-scaled index","member-6","Member 6"
2014,"index","F19_R1_G19","Index 19  / Region 1  / Group 19","2014",0.869128916645273,1.13077566838634,"geometric-mean-scaled index","member-6","Member 6"
2015,"index","F19_R1_G19","Index 19  / Region 1  / Group 19","2015",0.923487470227196,1.28032343185536,"geometric-mean-scaled index","member-6","Member 6"
2016,"index","F19_R1_G19","Index 19  / Region 1  / Group 19","2016",0.994049496935054,1.31680907190455,"geometric-mean-scaled index","member-6","Member 6"
2017,"index","F19_R1_G19","Index 19  / Region 1  / Group 19","2017",0.679637993540111,0.978267212467344,"geometric-mean-scaled index","member-6","Member 6"
2018,"index","F19_R1_G19","Index 19  / Region 1  / Group 19","2018",1.1614387047662,0.844460090172262,"geometric-mean-scaled index","member-6","Member 6"
2019,"index","F19_R1_G19","Index 19  / Region 1  / Group 19","2019",0.909406517143503,1.47447453209416,"geometric-mean-scaled index","member-6","Member 6"
2020,"index","F19_R1_G19","Index 19  / Region 1  / Group 19","2020",0.960523282163485,1.57389723997809,"geometric-mean-scaled index","member-6","Member 6"
2021,"index","F19_R1_G19","Index 19  / Region 1  / Group 19","2021",0.974737478989675,1.43073865115859,"geometric-mean-scaled index","member-6","Member 6"
2022,"index","F19_R1_G19","Index 19  / Region 1  / Group 19","2022",0.665420460916155,1.21252719832973,"geometric-mean-scaled index","member-6","Member 6"
1954,"index","F20_R2_G20","Index 20  / Region 2  / Group 20","1954",4.21096154805618,3.84536874388279,"geometric-mean-scaled index","member-6","Member 6"
1955,"index","F20_R2_G20","Index 20  / Region 2  / Group 20","1955",3.11733650195403,3.75942199073809,"geometric-mean-scaled index","member-6","Member 6"
1956,"index","F20_R2_G20","Index 20  / Region 2  / Group 20","1956",3.11471220345346,3.72800881216598,"geometric-mean-scaled index","member-6","Member 6"
1957,"index","F20_R2_G20","Index 20  / Region 2  / Group 20","1957",2.49122048423764,3.69585971742901,"geometric-mean-scaled index","member-6","Member 6"
1958,"index","F20_R2_G20","Index 20  / Region 2  / Group 20","1958",3.38277838084962,3.66475381809207,"geometric-mean-scaled index","member-6","Member 6"
1959,"index","F20_R2_G20","Index 20  / Region 2  / Group 20","1959",3.53910335426992,3.62984103078198,"geometric-mean-scaled index","member-6","Member 6"
1960,"index","F20_R2_G20","Index 20  / Region 2  / Group 20","1960",2.88806453309758,3.56869314841991,"geometric-mean-scaled index","member-6","Member 6"
1961,"index","F20_R2_G20","Index 20  / Region 2  / Group 20","1961",2.77519235560544,3.19470836645949,"geometric-mean-scaled index","member-6","Member 6"
1962,"index","F20_R2_G20","Index 20  / Region 2  / Group 20","1962",2.84542670742501,3.01427956528606,"geometric-mean-scaled index","member-6","Member 6"
1963,"index","F20_R2_G20","Index 20  / Region 2  / Group 20","1963",2.15624779216803,2.44724560260997,"geometric-mean-scaled index","member-6","Member 6"
1964,"index","F20_R2_G20","Index 20  / Region 2  / Group 20","1964",1.77294323917794,1.91749531930838,"geometric-mean-scaled index","member-6","Member 6"
1965,"index","F20_R2_G20","Index 20  / Region 2  / Group 20","1965",1.39305357413891,1.81604621475144,"geometric-mean-scaled index","member-6","Member 6"
1966,"index","F20_R2_G20","Index 20  / Region 2  / Group 20","1966",2.15604911541288,1.89699202534438,"geometric-mean-scaled index","member-6","Member 6"
1967,"index","F20_R2_G20","Index 20  / Region 2  / Group 20","1967",1.83466830687541,2.07961325619314,"geometric-mean-scaled index","member-6","Member 6"
1968,"index","F20_R2_G20","Index 20  / Region 2  / Group 20","1968",1.49027459282616,1.75736605281524,"geometric-mean-scaled index","member-6","Member 6"
1969,"index","F20_R2_G20","Index 20  / Region 2  / Group 20","1969",0.90397341842816,1.34220029264949,"geometric-mean-scaled index","member-6","Member 6"
1970,"index","F20_R2_G20","Index 20  / Region 2  / Group 20","1970",1.74296686069583,1.29064719401608,"geometric-mean-scaled index","member-6","Member 6"
1971,"index","F20_R2_G20","Index 20  / Region 2  / Group 20","1971",1.05128168838887,1.14455294928903,"geometric-mean-scaled index","member-6","Member 6"
1972,"index","F20_R2_G20","Index 20  / Region 2  / Group 20","1972",1.03629787461149,1.02789217899674,"geometric-mean-scaled index","member-6","Member 6"
1973,"index","F20_R2_G20","Index 20  / Region 2  / Group 20","1973",1.14631510743072,0.926539860467914,"geometric-mean-scaled index","member-6","Member 6"
1974,"index","F20_R2_G20","Index 20  / Region 2  / Group 20","1974",0.503606327140092,0.809798547141901,"geometric-mean-scaled index","member-6","Member 6"
1975,"index","F20_R2_G20","Index 20  / Region 2  / Group 20","1975",0.345168043176568,0.741503240694377,"geometric-mean-scaled index","member-6","Member 6"
1976,"index","F20_R2_G20","Index 20  / Region 2  / Group 20","1976",0.392881567888747,0.725217108064688,"geometric-mean-scaled index","member-6","Member 6"
1977,"index","F20_R2_G20","Index 20  / Region 2  / Group 20","1977",0.722292569399697,0.869821464859021,"geometric-mean-scaled index","member-6","Member 6"
1978,"index","F20_R2_G20","Index 20  / Region 2  / Group 20","1978",1.34450541165844,1.1763350407368,"geometric-mean-scaled index","member-6","Member 6"
1979,"index","F20_R2_G20","Index 20  / Region 2  / Group 20","1979",0.925834385511787,1.12698199223514,"geometric-mean-scaled index","member-6","Member 6"
1980,"index","F20_R2_G20","Index 20  / Region 2  / Group 20","1980",0.665679781043966,0.957917378572422,"geometric-mean-scaled index","member-6","Member 6"
1981,"index","F20_R2_G20","Index 20  / Region 2  / Group 20","1981",0.591226781169868,0.809756686669456,"geometric-mean-scaled index","member-6","Member 6"
1982,"index","F20_R2_G20","Index 20  / Region 2  / Group 20","1982",0.474104859767232,0.718252341631065,"geometric-mean-scaled index","member-6","Member 6"
1983,"index","F20_R2_G20","Index 20  / Region 2  / Group 20","1983",0.516419783951321,0.733319177996965,"geometric-mean-scaled index","member-6","Member 6"
1984,"index","F20_R2_G20","Index 20  / Region 2  / Group 20","1984",0.705603550009173,0.86091575550346,"geometric-mean-scaled index","member-6","Member 6"
1985,"index","F20_R2_G20","Index 20  / Region 2  / Group 20","1985",0.596630644214555,0.899225013502998,"geometric-mean-scaled index","member-6","Member 6"
1986,"index","F20_R2_G20","Index 20  / Region 2  / Group 20","1986",0.576521368772823,0.856891039720243,"geometric-mean-scaled index","member-6","Member 6"
1987,"index","F20_R2_G20","Index 20  / Region 2  / Group 20","1987",0.738069475063823,0.841441369631562,"geometric-mean-scaled index","member-6","Member 6"
1988,"index","F20_R2_G20","Index 20  / Region 2  / Group 20","1988",0.631881286279668,0.882046782367221,"geometric-mean-scaled index","member-6","Member 6"
1989,"index","F20_R2_G20","Index 20  / Region 2  / Group 20","1989",0.538572813890766,0.750538416822267,"geometric-mean-scaled index","member-6","Member 6"
1990,"index","F20_R2_G20","Index 20  / Region 2  / Group 20","1990",0.558798697122352,0.765745181950395,"geometric-mean-scaled index","member-6","Member 6"
1991,"index","F20_R2_G20","Index 20  / Region 2  / Group 20","1991",0.596239520556125,0.785697918897247,"geometric-mean-scaled index","member-6","Member 6"
1992,"index","F20_R2_G20","Index 20  / Region 2  / Group 20","1992",0.949703632796349,0.849997809058584,"geometric-mean-scaled index","member-6","Member 6"
1993,"index","F20_R2_G20","Index 20  / Region 2  / Group 20","1993",0.773853468646436,0.988743873770635,"geometric-mean-scaled index","member-6","Member 6"
1994,"index","F20_R2_G20","Index 20  / Region 2  / Group 20","1994",0.810781379423954,0.879046266313589,"geometric-mean-scaled index","member-6","Member 6"
1995,"index","F20_R2_G20","Index 20  / Region 2  / Group 20","1995",1.07726297359609,1.01615053941519,"geometric-mean-scaled index","member-6","Member 6"
1996,"index","F20_R2_G20","Index 20  / Region 2  / Group 20","1996",0.935003854840217,0.992465863549987,"geometric-mean-scaled index","member-6","Member 6"
1997,"index","F20_R2_G20","Index 20  / Region 2  / Group 20","1997",0.800397864000986,0.998258809666407,"geometric-mean-scaled index","member-6","Member 6"
1998,"index","F20_R2_G20","Index 20  / Region 2  / Group 20","1998",1.04349083940237,1.05379659610177,"geometric-mean-scaled index","member-6","Member 6"
1999,"index","F20_R2_G20","Index 20  / Region 2  / Group 20","1999",0.765213765192612,1.15831262329523,"geometric-mean-scaled index","member-6","Member 6"
2000,"index","F20_R2_G20","Index 20  / Region 2  / Group 20","2000",0.767097814359868,1.04519806615294,"geometric-mean-scaled index","member-6","Member 6"
2001,"index","F20_R2_G20","Index 20  / Region 2  / Group 20","2001",0.841773334723493,0.971975075589039,"geometric-mean-scaled index","member-6","Member 6"
2002,"index","F20_R2_G20","Index 20  / Region 2  / Group 20","2002",0.547333871289332,0.761347508537369,"geometric-mean-scaled index","member-6","Member 6"
2003,"index","F20_R2_G20","Index 20  / Region 2  / Group 20","2003",0.588325890023659,0.971617806587149,"geometric-mean-scaled index","member-6","Member 6"
2004,"index","F20_R2_G20","Index 20  / Region 2  / Group 20","2004",0.635814586790303,0.77718452953857,"geometric-mean-scaled index","member-6","Member 6"
2005,"index","F20_R2_G20","Index 20  / Region 2  / Group 20","2005",0.834789610625378,0.892598668166586,"geometric-mean-scaled index","member-6","Member 6"
2006,"index","F20_R2_G20","Index 20  / Region 2  / Group 20","2006",0.92372528101704,1.05333050250693,"geometric-mean-scaled index","member-6","Member 6"
2007,"index","F20_R2_G20","Index 20  / Region 2  / Group 20","2007",0.84623569961814,1.1609273214896,"geometric-mean-scaled index","member-6","Member 6"
2008,"index","F20_R2_G20","Index 20  / Region 2  / Group 20","2008",0.610796174186906,1.00653256132596,"geometric-mean-scaled index","member-6","Member 6"
2009,"index","F20_R2_G20","Index 20  / Region 2  / Group 20","2009",1.05927374250753,0.941065378384648,"geometric-mean-scaled index","member-6","Member 6"
2010,"index","F20_R2_G20","Index 20  / Region 2  / Group 20","2010",0.847323881897912,0.961168155174693,"geometric-mean-scaled index","member-6","Member 6"
2011,"index","F20_R2_G20","Index 20  / Region 2  / Group 20","2011",1.12583979197944,1.11642613106011,"geometric-mean-scaled index","member-6","Member 6"
2012,"index","F20_R2_G20","Index 20  / Region 2  / Group 20","2012",0.945525297290097,0.998879941053097,"geometric-mean-scaled index","member-6","Member 6"
2013,"index","F20_R2_G20","Index 20  / Region 2  / Group 20","2013",0.87877457395759,0.989933622516405,"geometric-mean-scaled index","member-6","Member 6"
2014,"index","F20_R2_G20","Index 20  / Region 2  / Group 20","2014",1.04373534993691,1.06770603399098,"geometric-mean-scaled index","member-6","Member 6"
2015,"index","F20_R2_G20","Index 20  / Region 2  / Group 20","2015",1.22377077691567,1.08665147300645,"geometric-mean-scaled index","member-6","Member 6"
2016,"index","F20_R2_G20","Index 20  / Region 2  / Group 20","2016",1.13572929605611,0.97936575336116,"geometric-mean-scaled index","member-6","Member 6"
2017,"index","F20_R2_G20","Index 20  / Region 2  / Group 20","2017",0.734357067400453,0.890667579688468,"geometric-mean-scaled index","member-6","Member 6"
2018,"index","F20_R2_G20","Index 20  / Region 2  / Group 20","2018",0.64550184014846,0.884110063467109,"geometric-mean-scaled index","member-6","Member 6"
2019,"index","F20_R2_G20","Index 20  / Region 2  / Group 20","2019",0.713722524698996,0.928221767315923,"geometric-mean-scaled index","member-6","Member 6"
2020,"index","F20_R2_G20","Index 20  / Region 2  / Group 20","2020",0.772716002092201,0.796501902388306,"geometric-mean-scaled index","member-6","Member 6"
2021,"index","F20_R2_G20","Index 20  / Region 2  / Group 20","2021",0.751048561936257,0.588903867727769,"geometric-mean-scaled index","member-6","Member 6"
2022,"index","F20_R2_G20","Index 20  / Region 2  / Group 20","2022",1.00202993070836,0.868308845152839,"geometric-mean-scaled index","member-6","Member 6"
