"time","metric","group","facet","value","lower","upper","probability","unit","definition","uncertainty","display_name"
2023,"biomass_depletion","Fixed catch","all",0.286181517918576,0.286181517918576,0.286181517918576,0.5,"ratio","Start-year biomass divided by the demonstration carrying capacity K","illustrative production variability","B/K"
2023,"biomass_depletion","Fixed catch","all",0.286181517918576,0.286181517918576,0.286181517918576,0.8,"ratio","Start-year biomass divided by the demonstration carrying capacity K","illustrative production variability","B/K"
2023,"biomass_depletion","Fixed catch","all",0.286181517918576,0.286181517918576,0.286181517918576,0.95,"ratio","Start-year biomass divided by the demonstration carrying capacity K","illustrative production variability","B/K"
2024,"biomass_depletion","Fixed catch","all",0.333964617587124,0.329287539538579,0.335559032719274,0.5,"ratio","Start-year biomass divided by the demonstration carrying capacity K","illustrative production variability","B/K"
2024,"biomass_depletion","Fixed catch","all",0.333964617587124,0.32412792459186,0.338697353192143,0.8,"ratio","Start-year biomass divided by the demonstration carrying capacity K","illustrative production variability","B/K"
2024,"biomass_depletion","Fixed catch","all",0.333964617587124,0.324101859325104,0.344259191322783,0.95,"ratio","Start-year biomass divided by the demonstration carrying capacity K","illustrative production variability","B/K"
2025,"biomass_depletion","Fixed catch","all",0.387001846881977,0.383310482273259,0.392029383432393,0.5,"ratio","Start-year biomass divided by the demonstration carrying capacity K","illustrative production variability","B/K"
2025,"biomass_depletion","Fixed catch","all",0.387001846881977,0.381006866507487,0.395077076873024,0.8,"ratio","Start-year biomass divided by the demonstration carrying capacity K","illustrative production variability","B/K"
2025,"biomass_depletion","Fixed catch","all",0.387001846881977,0.375410919608516,0.40863879293266,0.95,"ratio","Start-year biomass divided by the demonstration carrying capacity K","illustrative production variability","B/K"
2026,"biomass_depletion","Fixed catch","all",0.441303418485342,0.437253760066291,0.45125074862141,0.5,"ratio","Start-year biomass divided by the demonstration carrying capacity K","illustrative production variability","B/K"
2026,"biomass_depletion","Fixed catch","all",0.441303418485342,0.426500951559191,0.456775122591079,0.8,"ratio","Start-year biomass divided by the demonstration carrying capacity K","illustrative production variability","B/K"
2026,"biomass_depletion","Fixed catch","all",0.441303418485342,0.426360890974823,0.467944587884752,0.95,"ratio","Start-year biomass divided by the demonstration carrying capacity K","illustrative production variability","B/K"
2027,"biomass_depletion","Fixed catch","all",0.50549220409916,0.49829868313162,0.512388138295172,0.5,"ratio","Start-year biomass divided by the demonstration carrying capacity K","illustrative production variability","B/K"
2027,"biomass_depletion","Fixed catch","all",0.50549220409916,0.480250404616574,0.517037480298658,0.8,"ratio","Start-year biomass divided by the demonstration carrying capacity K","illustrative production variability","B/K"
2027,"biomass_depletion","Fixed catch","all",0.50549220409916,0.478013268615762,0.533627390003148,0.95,"ratio","Start-year biomass divided by the demonstration carrying capacity K","illustrative production variability","B/K"
2028,"biomass_depletion","Fixed catch","all",0.569632097095125,0.552833603779852,0.576025234566082,0.5,"ratio","Start-year biomass divided by the demonstration carrying capacity K","illustrative production variability","B/K"
2028,"biomass_depletion","Fixed catch","all",0.569632097095125,0.545001418906435,0.583660024161818,0.8,"ratio","Start-year biomass divided by the demonstration carrying capacity K","illustrative production variability","B/K"
2028,"biomass_depletion","Fixed catch","all",0.569632097095125,0.536091464611721,0.594407153817668,0.95,"ratio","Start-year biomass divided by the demonstration carrying capacity K","illustrative production variability","B/K"
2029,"biomass_depletion","Fixed catch","all",0.627487227797764,0.610350482949987,0.636580596692073,0.5,"ratio","Start-year biomass divided by the demonstration carrying capacity K","illustrative production variability","B/K"
2029,"biomass_depletion","Fixed catch","all",0.627487227797764,0.601024087870356,0.646319676843456,0.8,"ratio","Start-year biomass divided by the demonstration carrying capacity K","illustrative production variability","B/K"
2029,"biomass_depletion","Fixed catch","all",0.627487227797764,0.598335026284818,0.654087034612912,0.95,"ratio","Start-year biomass divided by the demonstration carrying capacity K","illustrative production variability","B/K"
2030,"biomass_depletion","Fixed catch","all",0.682958047899898,0.662524145917523,0.69248636194027,0.5,"ratio","Start-year biomass divided by the demonstration carrying capacity K","illustrative production variability","B/K"
2030,"biomass_depletion","Fixed catch","all",0.682958047899898,0.654646969510614,0.703927097364248,0.8,"ratio","Start-year biomass divided by the demonstration carrying capacity K","illustrative production variability","B/K"
2030,"biomass_depletion","Fixed catch","all",0.682958047899898,0.654327738716446,0.70880941814338,0.95,"ratio","Start-year biomass divided by the demonstration carrying capacity K","illustrative production variability","B/K"
2031,"biomass_depletion","Fixed catch","all",0.730888961542131,0.714477840250442,0.73878336052514,0.5,"ratio","Start-year biomass divided by the demonstration carrying capacity K","illustrative production variability","B/K"
2031,"biomass_depletion","Fixed catch","all",0.730888961542131,0.703211709814362,0.756983766406477,0.8,"ratio","Start-year biomass divided by the demonstration carrying capacity K","illustrative production variability","B/K"
2031,"biomass_depletion","Fixed catch","all",0.730888961542131,0.702356064618733,0.758859117187618,0.95,"ratio","Start-year biomass divided by the demonstration carrying capacity K","illustrative production variability","B/K"
2032,"biomass_depletion","Fixed catch","all",0.776933992978028,0.76502479583075,0.784404977137128,0.5,"ratio","Start-year biomass divided by the demonstration carrying capacity K","illustrative production variability","B/K"
2032,"biomass_depletion","Fixed catch","all",0.776933992978028,0.754313231119887,0.795016822741367,0.8,"ratio","Start-year biomass divided by the demonstration carrying capacity K","illustrative production variability","B/K"
2032,"biomass_depletion","Fixed catch","all",0.776933992978028,0.75113272448748,0.800925635526182,0.95,"ratio","Start-year biomass divided by the demonstration carrying capacity K","illustrative production variability","B/K"
2033,"biomass_depletion","Fixed catch","all",0.811524763979789,0.80339598499308,0.821517339550324,0.5,"ratio","Start-year biomass divided by the demonstration carrying capacity K","illustrative production variability","B/K"
2033,"biomass_depletion","Fixed catch","all",0.811524763979789,0.797102762718093,0.829759859538338,0.8,"ratio","Start-year biomass divided by the demonstration carrying capacity K","illustrative production variability","B/K"
2033,"biomass_depletion","Fixed catch","all",0.811524763979789,0.790645025519671,0.846938930136557,0.95,"ratio","Start-year biomass divided by the demonstration carrying capacity K","illustrative production variability","B/K"
2034,"biomass_depletion","Fixed catch","all",0.841652549223868,0.836395363491098,0.857160243764851,0.5,"ratio","Start-year biomass divided by the demonstration carrying capacity K","illustrative production variability","B/K"
2034,"biomass_depletion","Fixed catch","all",0.841652549223868,0.833449751555391,0.859177053362685,0.8,"ratio","Start-year biomass divided by the demonstration carrying capacity K","illustrative production variability","B/K"
2034,"biomass_depletion","Fixed catch","all",0.841652549223868,0.824244552756075,0.872496242332433,0.95,"ratio","Start-year biomass divided by the demonstration carrying capacity K","illustrative production variability","B/K"
2035,"biomass_depletion","Fixed catch","all",0.869177195393656,0.863135995801458,0.875471606475533,0.5,"ratio","Start-year biomass divided by the demonstration carrying capacity K","illustrative production variability","B/K"
2035,"biomass_depletion","Fixed catch","all",0.869177195393656,0.861001173407098,0.886126664034972,0.8,"ratio","Start-year biomass divided by the demonstration carrying capacity K","illustrative production variability","B/K"
2035,"biomass_depletion","Fixed catch","all",0.869177195393656,0.850797375370301,0.894437295303447,0.95,"ratio","Start-year biomass divided by the demonstration carrying capacity K","illustrative production variability","B/K"
2036,"biomass_depletion","Fixed catch","all",0.889078092779932,0.885974062976378,0.895139121256494,0.5,"ratio","Start-year biomass divided by the demonstration carrying capacity K","illustrative production variability","B/K"
2036,"biomass_depletion","Fixed catch","all",0.889078092779932,0.881978036884858,0.903461593151672,0.8,"ratio","Start-year biomass divided by the demonstration carrying capacity K","illustrative production variability","B/K"
2036,"biomass_depletion","Fixed catch","all",0.889078092779932,0.873782441577069,0.910511329968638,0.95,"ratio","Start-year biomass divided by the demonstration carrying capacity K","illustrative production variability","B/K"
2037,"biomass_depletion","Fixed catch","all",0.904448267430403,0.900471538660375,0.909000340293431,0.5,"ratio","Start-year biomass divided by the demonstration carrying capacity K","illustrative production variability","B/K"
2037,"biomass_depletion","Fixed catch","all",0.904448267430403,0.896148272027057,0.915927529881938,0.8,"ratio","Start-year biomass divided by the demonstration carrying capacity K","illustrative production variability","B/K"
2037,"biomass_depletion","Fixed catch","all",0.904448267430403,0.89186321525232,0.922008146053141,0.95,"ratio","Start-year biomass divided by the demonstration carrying capacity K","illustrative production variability","B/K"
2038,"biomass_depletion","Fixed catch","all",0.915883035631967,0.912070602477722,0.92137495227629,0.5,"ratio","Start-year biomass divided by the demonstration carrying capacity K","illustrative production variability","B/K"
2038,"biomass_depletion","Fixed catch","all",0.915883035631967,0.911330746486304,0.925473914412401,0.8,"ratio","Start-year biomass divided by the demonstration carrying capacity K","illustrative production variability","B/K"
2038,"biomass_depletion","Fixed catch","all",0.915883035631967,0.901078373428283,0.931097505687413,0.95,"ratio","Start-year biomass divided by the demonstration carrying capacity K","illustrative production variability","B/K"
2039,"biomass_depletion","Fixed catch","all",0.925343336435862,0.922040968365955,0.927466564865326,0.5,"ratio","Start-year biomass divided by the demonstration carrying capacity K","illustrative production variability","B/K"
2039,"biomass_depletion","Fixed catch","all",0.925343336435862,0.917998129250009,0.932571992301527,0.8,"ratio","Start-year biomass divided by the demonstration carrying capacity K","illustrative production variability","B/K"
2039,"biomass_depletion","Fixed catch","all",0.925343336435862,0.916457571775413,0.936519127375855,0.95,"ratio","Start-year biomass divided by the demonstration carrying capacity K","illustrative production variability","B/K"
2040,"biomass_depletion","Fixed catch","all",0.931933417660708,0.929914416453088,0.933004853812384,0.5,"ratio","Start-year biomass divided by the demonstration carrying capacity K","illustrative production variability","B/K"
2040,"biomass_depletion","Fixed catch","all",0.931933417660708,0.926201381319515,0.936387665107638,0.8,"ratio","Start-year biomass divided by the demonstration carrying capacity K","illustrative production variability","B/K"
2040,"biomass_depletion","Fixed catch","all",0.931933417660708,0.924706427700943,0.939142425997632,0.95,"ratio","Start-year biomass divided by the demonstration carrying capacity K","illustrative production variability","B/K"
2041,"biomass_depletion","Fixed catch","all",0.936491125955337,0.934486869093235,0.937782090476706,0.5,"ratio","Start-year biomass divided by the demonstration carrying capacity K","illustrative production variability","B/K"
2041,"biomass_depletion","Fixed catch","all",0.936491125955337,0.932691385602262,0.93944777690351,0.8,"ratio","Start-year biomass divided by the demonstration carrying capacity K","illustrative production variability","B/K"
2041,"biomass_depletion","Fixed catch","all",0.936491125955337,0.929052002041936,0.942511907817745,0.95,"ratio","Start-year biomass divided by the demonstration carrying capacity K","illustrative production variability","B/K"
2042,"biomass_depletion","Fixed catch","all",0.939511260840494,0.937750602317359,0.941058771126242,0.5,"ratio","Start-year biomass divided by the demonstration carrying capacity K","illustrative production variability","B/K"
2042,"biomass_depletion","Fixed catch","all",0.939511260840494,0.935824169347796,0.943489240981371,0.8,"ratio","Start-year biomass divided by the demonstration carrying capacity K","illustrative production variability","B/K"
2042,"biomass_depletion","Fixed catch","all",0.939511260840494,0.935651826025237,0.945746005347312,0.95,"ratio","Start-year biomass divided by the demonstration carrying capacity K","illustrative production variability","B/K"
2043,"biomass_depletion","Fixed catch","all",0.942594712941423,0.94144615697496,0.943976502943638,0.5,"ratio","Start-year biomass divided by the demonstration carrying capacity K","illustrative production variability","B/K"
2043,"biomass_depletion","Fixed catch","all",0.942594712941423,0.940014294018998,0.944603578883705,0.8,"ratio","Start-year biomass divided by the demonstration carrying capacity K","illustrative production variability","B/K"
2043,"biomass_depletion","Fixed catch","all",0.942594712941423,0.939488876382344,0.949329630220497,0.95,"ratio","Start-year biomass divided by the demonstration carrying capacity K","illustrative production variability","B/K"
2044,"biomass_depletion","Fixed catch","all",0.944691539057169,0.944069216854653,0.945478350545586,0.5,"ratio","Start-year biomass divided by the demonstration carrying capacity K","illustrative production variability","B/K"
2044,"biomass_depletion","Fixed catch","all",0.944691539057169,0.942572833213815,0.947020417390478,0.8,"ratio","Start-year biomass divided by the demonstration carrying capacity K","illustrative production variability","B/K"
2044,"biomass_depletion","Fixed catch","all",0.944691539057169,0.940291775293847,0.94927981012708,0.95,"ratio","Start-year biomass divided by the demonstration carrying capacity K","illustrative production variability","B/K"
2045,"biomass_depletion","Fixed catch","all",0.946455949161291,0.944671807246618,0.946746856089406,0.5,"ratio","Start-year biomass divided by the demonstration carrying capacity K","illustrative production variability","B/K"
2045,"biomass_depletion","Fixed catch","all",0.946455949161291,0.943989998140561,0.947710234666342,0.8,"ratio","Start-year biomass divided by the demonstration carrying capacity K","illustrative production variability","B/K"
2045,"biomass_depletion","Fixed catch","all",0.946455949161291,0.941243034232013,0.948001305123826,0.95,"ratio","Start-year biomass divided by the demonstration carrying capacity K","illustrative production variability","B/K"
2046,"biomass_depletion","Fixed catch","all",0.94691185493433,0.946575739180895,0.947810059546009,0.5,"ratio","Start-year biomass divided by the demonstration carrying capacity K","illustrative production variability","B/K"
2046,"biomass_depletion","Fixed catch","all",0.94691185493433,0.944015525999276,0.948716214407199,0.8,"ratio","Start-year biomass divided by the demonstration carrying capacity K","illustrative production variability","B/K"
2046,"biomass_depletion","Fixed catch","all",0.94691185493433,0.943018274622648,0.949897996192767,0.95,"ratio","Start-year biomass divided by the demonstration carrying capacity K","illustrative production variability","B/K"
2047,"biomass_depletion","Fixed catch","all",0.947477219041603,0.94614735027472,0.948823883917597,0.5,"ratio","Start-year biomass divided by the demonstration carrying capacity K","illustrative production variability","B/K"
2047,"biomass_depletion","Fixed catch","all",0.947477219041603,0.945477897676873,0.949378150352164,0.8,"ratio","Start-year biomass divided by the demonstration carrying capacity K","illustrative production variability","B/K"
2047,"biomass_depletion","Fixed catch","all",0.947477219041603,0.945301570026136,0.949754968865089,0.95,"ratio","Start-year biomass divided by the demonstration carrying capacity K","illustrative production variability","B/K"
2048,"biomass_depletion","Fixed catch","all",0.947769620584167,0.946980939348264,0.948852917253419,0.5,"ratio","Start-year biomass divided by the demonstration carrying capacity K","illustrative production variability","B/K"
2048,"biomass_depletion","Fixed catch","all",0.947769620584167,0.945731901051733,0.949606163184464,0.8,"ratio","Start-year biomass divided by the demonstration carrying capacity K","illustrative production variability","B/K"
2048,"biomass_depletion","Fixed catch","all",0.947769620584167,0.94482662119279,0.950629924960228,0.95,"ratio","Start-year biomass divided by the demonstration carrying capacity K","illustrative production variability","B/K"
2049,"biomass_depletion","Fixed catch","all",0.948635168797713,0.947337430286268,0.949356638342834,0.5,"ratio","Start-year biomass divided by the demonstration carrying capacity K","illustrative production variability","B/K"
2049,"biomass_depletion","Fixed catch","all",0.948635168797713,0.946528167363188,0.950937282920484,0.8,"ratio","Start-year biomass divided by the demonstration carrying capacity K","illustrative production variability","B/K"
2049,"biomass_depletion","Fixed catch","all",0.948635168797713,0.946111404822813,0.951169122072145,0.95,"ratio","Start-year biomass divided by the demonstration carrying capacity K","illustrative production variability","B/K"
2050,"biomass_depletion","Fixed catch","all",0.948864422907608,0.947233578447165,0.950225085570837,0.5,"ratio","Start-year biomass divided by the demonstration carrying capacity K","illustrative production variability","B/K"
2050,"biomass_depletion","Fixed catch","all",0.948864422907608,0.946676070798991,0.950914002429822,0.8,"ratio","Start-year biomass divided by the demonstration carrying capacity K","illustrative production variability","B/K"
2050,"biomass_depletion","Fixed catch","all",0.948864422907608,0.946597848710178,0.952652325801336,0.95,"ratio","Start-year biomass divided by the demonstration carrying capacity K","illustrative production variability","B/K"
2051,"biomass_depletion","Fixed catch","all",0.949186390094257,0.948214471675188,0.950535013688249,0.5,"ratio","Start-year biomass divided by the demonstration carrying capacity K","illustrative production variability","B/K"
2051,"biomass_depletion","Fixed catch","all",0.949186390094257,0.947620582088396,0.95156249544121,0.8,"ratio","Start-year biomass divided by the demonstration carrying capacity K","illustrative production variability","B/K"
2051,"biomass_depletion","Fixed catch","all",0.949186390094257,0.946286862497874,0.953737452613918,0.95,"ratio","Start-year biomass divided by the demonstration carrying capacity K","illustrative production variability","B/K"
2052,"biomass_depletion","Fixed catch","all",0.949948780441173,0.9486158049149,0.951123213333343,0.5,"ratio","Start-year biomass divided by the demonstration carrying capacity K","illustrative production variability","B/K"
2052,"biomass_depletion","Fixed catch","all",0.949948780441173,0.947333163816841,0.952004575742052,0.8,"ratio","Start-year biomass divided by the demonstration carrying capacity K","illustrative production variability","B/K"
2052,"biomass_depletion","Fixed catch","all",0.949948780441173,0.946676226965308,0.952198666680423,0.95,"ratio","Start-year biomass divided by the demonstration carrying capacity K","illustrative production variability","B/K"
2023,"catch","Fixed catch","all",45145.9157404822,45145.9157404822,45145.9157404822,0.5,"t","Annual catch; fixed in the catch scenario and calculated from biomass and F in the F scenarios","illustrative production variability","Annual catch"
2023,"catch","Fixed catch","all",45145.9157404822,45145.9157404822,45145.9157404822,0.8,"t","Annual catch; fixed in the catch scenario and calculated from biomass and F in the F scenarios","illustrative production variability","Annual catch"
2023,"catch","Fixed catch","all",45145.9157404822,45145.9157404822,45145.9157404822,0.95,"t","Annual catch; fixed in the catch scenario and calculated from biomass and F in the F scenarios","illustrative production variability","Annual catch"
2024,"catch","Fixed catch","all",45145.9157404822,45145.9157404822,45145.9157404822,0.5,"t","Annual catch; fixed in the catch scenario and calculated from biomass and F in the F scenarios","illustrative production variability","Annual catch"
2024,"catch","Fixed catch","all",45145.9157404822,45145.9157404822,45145.9157404822,0.8,"t","Annual catch; fixed in the catch scenario and calculated from biomass and F in the F scenarios","illustrative production variability","Annual catch"
2024,"catch","Fixed catch","all",45145.9157404822,45145.9157404822,45145.9157404822,0.95,"t","Annual catch; fixed in the catch scenario and calculated from biomass and F in the F scenarios","illustrative production variability","Annual catch"
2025,"catch","Fixed catch","all",45145.9157404822,45145.9157404822,45145.9157404822,0.5,"t","Annual catch; fixed in the catch scenario and calculated from biomass and F in the F scenarios","illustrative production variability","Annual catch"
2025,"catch","Fixed catch","all",45145.9157404822,45145.9157404822,45145.9157404822,0.8,"t","Annual catch; fixed in the catch scenario and calculated from biomass and F in the F scenarios","illustrative production variability","Annual catch"
2025,"catch","Fixed catch","all",45145.9157404822,45145.9157404822,45145.9157404822,0.95,"t","Annual catch; fixed in the catch scenario and calculated from biomass and F in the F scenarios","illustrative production variability","Annual catch"
2026,"catch","Fixed catch","all",45145.9157404822,45145.9157404822,45145.9157404822,0.5,"t","Annual catch; fixed in the catch scenario and calculated from biomass and F in the F scenarios","illustrative production variability","Annual catch"
2026,"catch","Fixed catch","all",45145.9157404822,45145.9157404822,45145.9157404822,0.8,"t","Annual catch; fixed in the catch scenario and calculated from biomass and F in the F scenarios","illustrative production variability","Annual catch"
2026,"catch","Fixed catch","all",45145.9157404822,45145.9157404822,45145.9157404822,0.95,"t","Annual catch; fixed in the catch scenario and calculated from biomass and F in the F scenarios","illustrative production variability","Annual catch"
2027,"catch","Fixed catch","all",45145.9157404822,45145.9157404822,45145.9157404822,0.5,"t","Annual catch; fixed in the catch scenario and calculated from biomass and F in the F scenarios","illustrative production variability","Annual catch"
2027,"catch","Fixed catch","all",45145.9157404822,45145.9157404822,45145.9157404822,0.8,"t","Annual catch; fixed in the catch scenario and calculated from biomass and F in the F scenarios","illustrative production variability","Annual catch"
2027,"catch","Fixed catch","all",45145.9157404822,45145.9157404822,45145.9157404822,0.95,"t","Annual catch; fixed in the catch scenario and calculated from biomass and F in the F scenarios","illustrative production variability","Annual catch"
2028,"catch","Fixed catch","all",45145.9157404822,45145.9157404822,45145.9157404822,0.5,"t","Annual catch; fixed in the catch scenario and calculated from biomass and F in the F scenarios","illustrative production variability","Annual catch"
2028,"catch","Fixed catch","all",45145.9157404822,45145.9157404822,45145.9157404822,0.8,"t","Annual catch; fixed in the catch scenario and calculated from biomass and F in the F scenarios","illustrative production variability","Annual catch"
2028,"catch","Fixed catch","all",45145.9157404822,45145.9157404822,45145.9157404822,0.95,"t","Annual catch; fixed in the catch scenario and calculated from biomass and F in the F scenarios","illustrative production variability","Annual catch"
2029,"catch","Fixed catch","all",45145.9157404822,45145.9157404822,45145.9157404822,0.5,"t","Annual catch; fixed in the catch scenario and calculated from biomass and F in the F scenarios","illustrative production variability","Annual catch"
2029,"catch","Fixed catch","all",45145.9157404822,45145.9157404822,45145.9157404822,0.8,"t","Annual catch; fixed in the catch scenario and calculated from biomass and F in the F scenarios","illustrative production variability","Annual catch"
2029,"catch","Fixed catch","all",45145.9157404822,45145.9157404822,45145.9157404822,0.95,"t","Annual catch; fixed in the catch scenario and calculated from biomass and F in the F scenarios","illustrative production variability","Annual catch"
2030,"catch","Fixed catch","all",45145.9157404822,45145.9157404822,45145.9157404822,0.5,"t","Annual catch; fixed in the catch scenario and calculated from biomass and F in the F scenarios","illustrative production variability","Annual catch"
2030,"catch","Fixed catch","all",45145.9157404822,45145.9157404822,45145.9157404822,0.8,"t","Annual catch; fixed in the catch scenario and calculated from biomass and F in the F scenarios","illustrative production variability","Annual catch"
2030,"catch","Fixed catch","all",45145.9157404822,45145.9157404822,45145.9157404822,0.95,"t","Annual catch; fixed in the catch scenario and calculated from biomass and F in the F scenarios","illustrative production variability","Annual catch"
2031,"catch","Fixed catch","all",45145.9157404822,45145.9157404822,45145.9157404822,0.5,"t","Annual catch; fixed in the catch scenario and calculated from biomass and F in the F scenarios","illustrative production variability","Annual catch"
2031,"catch","Fixed catch","all",45145.9157404822,45145.9157404822,45145.9157404822,0.8,"t","Annual catch; fixed in the catch scenario and calculated from biomass and F in the F scenarios","illustrative production variability","Annual catch"
2031,"catch","Fixed catch","all",45145.9157404822,45145.9157404822,45145.9157404822,0.95,"t","Annual catch; fixed in the catch scenario and calculated from biomass and F in the F scenarios","illustrative production variability","Annual catch"
2032,"catch","Fixed catch","all",45145.9157404822,45145.9157404822,45145.9157404822,0.5,"t","Annual catch; fixed in the catch scenario and calculated from biomass and F in the F scenarios","illustrative production variability","Annual catch"
2032,"catch","Fixed catch","all",45145.9157404822,45145.9157404822,45145.9157404822,0.8,"t","Annual catch; fixed in the catch scenario and calculated from biomass and F in the F scenarios","illustrative production variability","Annual catch"
2032,"catch","Fixed catch","all",45145.9157404822,45145.9157404822,45145.9157404822,0.95,"t","Annual catch; fixed in the catch scenario and calculated from biomass and F in the F scenarios","illustrative production variability","Annual catch"
2033,"catch","Fixed catch","all",45145.9157404822,45145.9157404822,45145.9157404822,0.5,"t","Annual catch; fixed in the catch scenario and calculated from biomass and F in the F scenarios","illustrative production variability","Annual catch"
2033,"catch","Fixed catch","all",45145.9157404822,45145.9157404822,45145.9157404822,0.8,"t","Annual catch; fixed in the catch scenario and calculated from biomass and F in the F scenarios","illustrative production variability","Annual catch"
2033,"catch","Fixed catch","all",45145.9157404822,45145.9157404822,45145.9157404822,0.95,"t","Annual catch; fixed in the catch scenario and calculated from biomass and F in the F scenarios","illustrative production variability","Annual catch"
2034,"catch","Fixed catch","all",45145.9157404822,45145.9157404822,45145.9157404822,0.5,"t","Annual catch; fixed in the catch scenario and calculated from biomass and F in the F scenarios","illustrative production variability","Annual catch"
2034,"catch","Fixed catch","all",45145.9157404822,45145.9157404822,45145.9157404822,0.8,"t","Annual catch; fixed in the catch scenario and calculated from biomass and F in the F scenarios","illustrative production variability","Annual catch"
2034,"catch","Fixed catch","all",45145.9157404822,45145.9157404822,45145.9157404822,0.95,"t","Annual catch; fixed in the catch scenario and calculated from biomass and F in the F scenarios","illustrative production variability","Annual catch"
2035,"catch","Fixed catch","all",45145.9157404822,45145.9157404822,45145.9157404822,0.5,"t","Annual catch; fixed in the catch scenario and calculated from biomass and F in the F scenarios","illustrative production variability","Annual catch"
2035,"catch","Fixed catch","all",45145.9157404822,45145.9157404822,45145.9157404822,0.8,"t","Annual catch; fixed in the catch scenario and calculated from biomass and F in the F scenarios","illustrative production variability","Annual catch"
2035,"catch","Fixed catch","all",45145.9157404822,45145.9157404822,45145.9157404822,0.95,"t","Annual catch; fixed in the catch scenario and calculated from biomass and F in the F scenarios","illustrative production variability","Annual catch"
2036,"catch","Fixed catch","all",45145.9157404822,45145.9157404822,45145.9157404822,0.5,"t","Annual catch; fixed in the catch scenario and calculated from biomass and F in the F scenarios","illustrative production variability","Annual catch"
2036,"catch","Fixed catch","all",45145.9157404822,45145.9157404822,45145.9157404822,0.8,"t","Annual catch; fixed in the catch scenario and calculated from biomass and F in the F scenarios","illustrative production variability","Annual catch"
2036,"catch","Fixed catch","all",45145.9157404822,45145.9157404822,45145.9157404822,0.95,"t","Annual catch; fixed in the catch scenario and calculated from biomass and F in the F scenarios","illustrative production variability","Annual catch"
2037,"catch","Fixed catch","all",45145.9157404822,45145.9157404822,45145.9157404822,0.5,"t","Annual catch; fixed in the catch scenario and calculated from biomass and F in the F scenarios","illustrative production variability","Annual catch"
2037,"catch","Fixed catch","all",45145.9157404822,45145.9157404822,45145.9157404822,0.8,"t","Annual catch; fixed in the catch scenario and calculated from biomass and F in the F scenarios","illustrative production variability","Annual catch"
2037,"catch","Fixed catch","all",45145.9157404822,45145.9157404822,45145.9157404822,0.95,"t","Annual catch; fixed in the catch scenario and calculated from biomass and F in the F scenarios","illustrative production variability","Annual catch"
2038,"catch","Fixed catch","all",45145.9157404822,45145.9157404822,45145.9157404822,0.5,"t","Annual catch; fixed in the catch scenario and calculated from biomass and F in the F scenarios","illustrative production variability","Annual catch"
2038,"catch","Fixed catch","all",45145.9157404822,45145.9157404822,45145.9157404822,0.8,"t","Annual catch; fixed in the catch scenario and calculated from biomass and F in the F scenarios","illustrative production variability","Annual catch"
2038,"catch","Fixed catch","all",45145.9157404822,45145.9157404822,45145.9157404822,0.95,"t","Annual catch; fixed in the catch scenario and calculated from biomass and F in the F scenarios","illustrative production variability","Annual catch"
2039,"catch","Fixed catch","all",45145.9157404822,45145.9157404822,45145.9157404822,0.5,"t","Annual catch; fixed in the catch scenario and calculated from biomass and F in the F scenarios","illustrative production variability","Annual catch"
2039,"catch","Fixed catch","all",45145.9157404822,45145.9157404822,45145.9157404822,0.8,"t","Annual catch; fixed in the catch scenario and calculated from biomass and F in the F scenarios","illustrative production variability","Annual catch"
2039,"catch","Fixed catch","all",45145.9157404822,45145.9157404822,45145.9157404822,0.95,"t","Annual catch; fixed in the catch scenario and calculated from biomass and F in the F scenarios","illustrative production variability","Annual catch"
2040,"catch","Fixed catch","all",45145.9157404822,45145.9157404822,45145.9157404822,0.5,"t","Annual catch; fixed in the catch scenario and calculated from biomass and F in the F scenarios","illustrative production variability","Annual catch"
2040,"catch","Fixed catch","all",45145.9157404822,45145.9157404822,45145.9157404822,0.8,"t","Annual catch; fixed in the catch scenario and calculated from biomass and F in the F scenarios","illustrative production variability","Annual catch"
2040,"catch","Fixed catch","all",45145.9157404822,45145.9157404822,45145.9157404822,0.95,"t","Annual catch; fixed in the catch scenario and calculated from biomass and F in the F scenarios","illustrative production variability","Annual catch"
2041,"catch","Fixed catch","all",45145.9157404822,45145.9157404822,45145.9157404822,0.5,"t","Annual catch; fixed in the catch scenario and calculated from biomass and F in the F scenarios","illustrative production variability","Annual catch"
2041,"catch","Fixed catch","all",45145.9157404822,45145.9157404822,45145.9157404822,0.8,"t","Annual catch; fixed in the catch scenario and calculated from biomass and F in the F scenarios","illustrative production variability","Annual catch"
2041,"catch","Fixed catch","all",45145.9157404822,45145.9157404822,45145.9157404822,0.95,"t","Annual catch; fixed in the catch scenario and calculated from biomass and F in the F scenarios","illustrative production variability","Annual catch"
2042,"catch","Fixed catch","all",45145.9157404822,45145.9157404822,45145.9157404822,0.5,"t","Annual catch; fixed in the catch scenario and calculated from biomass and F in the F scenarios","illustrative production variability","Annual catch"
2042,"catch","Fixed catch","all",45145.9157404822,45145.9157404822,45145.9157404822,0.8,"t","Annual catch; fixed in the catch scenario and calculated from biomass and F in the F scenarios","illustrative production variability","Annual catch"
2042,"catch","Fixed catch","all",45145.9157404822,45145.9157404822,45145.9157404822,0.95,"t","Annual catch; fixed in the catch scenario and calculated from biomass and F in the F scenarios","illustrative production variability","Annual catch"
2043,"catch","Fixed catch","all",45145.9157404822,45145.9157404822,45145.9157404822,0.5,"t","Annual catch; fixed in the catch scenario and calculated from biomass and F in the F scenarios","illustrative production variability","Annual catch"
2043,"catch","Fixed catch","all",45145.9157404822,45145.9157404822,45145.9157404822,0.8,"t","Annual catch; fixed in the catch scenario and calculated from biomass and F in the F scenarios","illustrative production variability","Annual catch"
2043,"catch","Fixed catch","all",45145.9157404822,45145.9157404822,45145.9157404822,0.95,"t","Annual catch; fixed in the catch scenario and calculated from biomass and F in the F scenarios","illustrative production variability","Annual catch"
2044,"catch","Fixed catch","all",45145.9157404822,45145.9157404822,45145.9157404822,0.5,"t","Annual catch; fixed in the catch scenario and calculated from biomass and F in the F scenarios","illustrative production variability","Annual catch"
2044,"catch","Fixed catch","all",45145.9157404822,45145.9157404822,45145.9157404822,0.8,"t","Annual catch; fixed in the catch scenario and calculated from biomass and F in the F scenarios","illustrative production variability","Annual catch"
2044,"catch","Fixed catch","all",45145.9157404822,45145.9157404822,45145.9157404822,0.95,"t","Annual catch; fixed in the catch scenario and calculated from biomass and F in the F scenarios","illustrative production variability","Annual catch"
2045,"catch","Fixed catch","all",45145.9157404822,45145.9157404822,45145.9157404822,0.5,"t","Annual catch; fixed in the catch scenario and calculated from biomass and F in the F scenarios","illustrative production variability","Annual catch"
2045,"catch","Fixed catch","all",45145.9157404822,45145.9157404822,45145.9157404822,0.8,"t","Annual catch; fixed in the catch scenario and calculated from biomass and F in the F scenarios","illustrative production variability","Annual catch"
2045,"catch","Fixed catch","all",45145.9157404822,45145.9157404822,45145.9157404822,0.95,"t","Annual catch; fixed in the catch scenario and calculated from biomass and F in the F scenarios","illustrative production variability","Annual catch"
2046,"catch","Fixed catch","all",45145.9157404822,45145.9157404822,45145.9157404822,0.5,"t","Annual catch; fixed in the catch scenario and calculated from biomass and F in the F scenarios","illustrative production variability","Annual catch"
2046,"catch","Fixed catch","all",45145.9157404822,45145.9157404822,45145.9157404822,0.8,"t","Annual catch; fixed in the catch scenario and calculated from biomass and F in the F scenarios","illustrative production variability","Annual catch"
2046,"catch","Fixed catch","all",45145.9157404822,45145.9157404822,45145.9157404822,0.95,"t","Annual catch; fixed in the catch scenario and calculated from biomass and F in the F scenarios","illustrative production variability","Annual catch"
2047,"catch","Fixed catch","all",45145.9157404822,45145.9157404822,45145.9157404822,0.5,"t","Annual catch; fixed in the catch scenario and calculated from biomass and F in the F scenarios","illustrative production variability","Annual catch"
2047,"catch","Fixed catch","all",45145.9157404822,45145.9157404822,45145.9157404822,0.8,"t","Annual catch; fixed in the catch scenario and calculated from biomass and F in the F scenarios","illustrative production variability","Annual catch"
2047,"catch","Fixed catch","all",45145.9157404822,45145.9157404822,45145.9157404822,0.95,"t","Annual catch; fixed in the catch scenario and calculated from biomass and F in the F scenarios","illustrative production variability","Annual catch"
2048,"catch","Fixed catch","all",45145.9157404822,45145.9157404822,45145.9157404822,0.5,"t","Annual catch; fixed in the catch scenario and calculated from biomass and F in the F scenarios","illustrative production variability","Annual catch"
2048,"catch","Fixed catch","all",45145.9157404822,45145.9157404822,45145.9157404822,0.8,"t","Annual catch; fixed in the catch scenario and calculated from biomass and F in the F scenarios","illustrative production variability","Annual catch"
2048,"catch","Fixed catch","all",45145.9157404822,45145.9157404822,45145.9157404822,0.95,"t","Annual catch; fixed in the catch scenario and calculated from biomass and F in the F scenarios","illustrative production variability","Annual catch"
2049,"catch","Fixed catch","all",45145.9157404822,45145.9157404822,45145.9157404822,0.5,"t","Annual catch; fixed in the catch scenario and calculated from biomass and F in the F scenarios","illustrative production variability","Annual catch"
2049,"catch","Fixed catch","all",45145.9157404822,45145.9157404822,45145.9157404822,0.8,"t","Annual catch; fixed in the catch scenario and calculated from biomass and F in the F scenarios","illustrative production variability","Annual catch"
2049,"catch","Fixed catch","all",45145.9157404822,45145.9157404822,45145.9157404822,0.95,"t","Annual catch; fixed in the catch scenario and calculated from biomass and F in the F scenarios","illustrative production variability","Annual catch"
2050,"catch","Fixed catch","all",45145.9157404822,45145.9157404822,45145.9157404822,0.5,"t","Annual catch; fixed in the catch scenario and calculated from biomass and F in the F scenarios","illustrative production variability","Annual catch"
2050,"catch","Fixed catch","all",45145.9157404822,45145.9157404822,45145.9157404822,0.8,"t","Annual catch; fixed in the catch scenario and calculated from biomass and F in the F scenarios","illustrative production variability","Annual catch"
2050,"catch","Fixed catch","all",45145.9157404822,45145.9157404822,45145.9157404822,0.95,"t","Annual catch; fixed in the catch scenario and calculated from biomass and F in the F scenarios","illustrative production variability","Annual catch"
2051,"catch","Fixed catch","all",45145.9157404822,45145.9157404822,45145.9157404822,0.5,"t","Annual catch; fixed in the catch scenario and calculated from biomass and F in the F scenarios","illustrative production variability","Annual catch"
2051,"catch","Fixed catch","all",45145.9157404822,45145.9157404822,45145.9157404822,0.8,"t","Annual catch; fixed in the catch scenario and calculated from biomass and F in the F scenarios","illustrative production variability","Annual catch"
2051,"catch","Fixed catch","all",45145.9157404822,45145.9157404822,45145.9157404822,0.95,"t","Annual catch; fixed in the catch scenario and calculated from biomass and F in the F scenarios","illustrative production variability","Annual catch"
2052,"catch","Fixed catch","all",45145.9157404822,45145.9157404822,45145.9157404822,0.5,"t","Annual catch; fixed in the catch scenario and calculated from biomass and F in the F scenarios","illustrative production variability","Annual catch"
2052,"catch","Fixed catch","all",45145.9157404822,45145.9157404822,45145.9157404822,0.8,"t","Annual catch; fixed in the catch scenario and calculated from biomass and F in the F scenarios","illustrative production variability","Annual catch"
2052,"catch","Fixed catch","all",45145.9157404822,45145.9157404822,45145.9157404822,0.95,"t","Annual catch; fixed in the catch scenario and calculated from biomass and F in the F scenarios","illustrative production variability","Annual catch"
2023,"fishing_mortality","Fixed catch","all",0.0512932943875505,0.0512932943875505,0.0512932943875505,0.5,"per year","Instantaneous annual F; fixed in F scenarios and solved from catch in the catch scenario","illustrative production variability","Fishing mortality"
2023,"fishing_mortality","Fixed catch","all",0.0512932943875505,0.0512932943875505,0.0512932943875505,0.8,"per year","Instantaneous annual F; fixed in F scenarios and solved from catch in the catch scenario","illustrative production variability","Fishing mortality"
2023,"fishing_mortality","Fixed catch","all",0.0512932943875505,0.0512932943875505,0.0512932943875505,0.95,"per year","Instantaneous annual F; fixed in F scenarios and solved from catch in the catch scenario","illustrative production variability","Fishing mortality"
2024,"fishing_mortality","Fixed catch","all",0.0437513390957451,0.0434958977184112,0.0442700298752544,0.5,"per year","Instantaneous annual F; fixed in F scenarios and solved from catch in the catch scenario","illustrative production variability","Fishing mortality"
2024,"fishing_mortality","Fixed catch","all",0.0437513390957451,0.0426094329910079,0.0450946414758465,0.8,"per year","Instantaneous annual F; fixed in F scenarios and solved from catch in the catch scenario","illustrative production variability","Fishing mortality"
2024,"fishing_mortality","Fixed catch","all",0.0437513390957451,0.0424533591494471,0.0451542135959768,0.95,"per year","Instantaneous annual F; fixed in F scenarios and solved from catch in the catch scenario","illustrative production variability","Fishing mortality"
2025,"fishing_mortality","Fixed catch","all",0.0376664528731615,0.0370032001431136,0.0380260092635394,0.5,"per year","Instantaneous annual F; fixed in F scenarios and solved from catch in the catch scenario","illustrative production variability","Fishing mortality"
2025,"fishing_mortality","Fixed catch","all",0.0376664528731615,0.0368588523328066,0.0381365132133048,0.8,"per year","Instantaneous annual F; fixed in F scenarios and solved from catch in the catch scenario","illustrative production variability","Fishing mortality"
2025,"fishing_mortality","Fixed catch","all",0.0376664528731615,0.0356442143658935,0.0388611775651755,0.95,"per year","Instantaneous annual F; fixed in F scenarios and solved from catch in the catch scenario","illustrative production variability","Fishing mortality"
2026,"fishing_mortality","Fixed catch","all",0.0325685412240115,0.0320848492603493,0.0332237544661414,0.5,"per year","Instantaneous annual F; fixed in F scenarios and solved from catch in the catch scenario","illustrative production variability","Fishing mortality"
2026,"fishing_mortality","Fixed catch","all",0.0325685412240115,0.0318081760103941,0.0336773070986822,0.8,"per year","Instantaneous annual F; fixed in F scenarios and solved from catch in the catch scenario","illustrative production variability","Fishing mortality"
2026,"fishing_mortality","Fixed catch","all",0.0325685412240115,0.0310558483858398,0.034137043346583,0.95,"per year","Instantaneous annual F; fixed in F scenarios and solved from catch in the catch scenario","illustrative production variability","Fishing mortality"
2027,"fishing_mortality","Fixed catch","all",0.0286832604105344,0.0282728762840306,0.0291317954271884,0.5,"per year","Instantaneous annual F; fixed in F scenarios and solved from catch in the catch scenario","illustrative production variability","Fishing mortality"
2027,"fishing_mortality","Fixed catch","all",0.0286832604105344,0.0277152692700028,0.0294479663176939,0.8,"per year","Instantaneous annual F; fixed in F scenarios and solved from catch in the catch scenario","illustrative production variability","Fishing mortality"
2027,"fishing_mortality","Fixed catch","all",0.0286832604105344,0.0271808067345923,0.0303916574798695,0.95,"per year","Instantaneous annual F; fixed in F scenarios and solved from catch in the catch scenario","illustrative production variability","Fishing mortality"
2028,"fishing_mortality","Fixed catch","all",0.0254147708637081,0.0251504121413368,0.0261859875464913,0.5,"per year","Instantaneous annual F; fixed in F scenarios and solved from catch in the catch scenario","illustrative production variability","Fishing mortality"
2028,"fishing_mortality","Fixed catch","all",0.0254147708637081,0.0248037424652974,0.026406474278792,0.8,"per year","Instantaneous annual F; fixed in F scenarios and solved from catch in the catch scenario","illustrative production variability","Fishing mortality"
2028,"fishing_mortality","Fixed catch","all",0.0254147708637081,0.0243673395808314,0.0270541683359976,0.95,"per year","Instantaneous annual F; fixed in F scenarios and solved from catch in the catch scenario","illustrative production variability","Fishing mortality"
2029,"fishing_mortality","Fixed catch","all",0.0230476776228698,0.0225463347773818,0.0237050647159598,0.5,"per year","Instantaneous annual F; fixed in F scenarios and solved from catch in the catch scenario","illustrative production variability","Fishing mortality"
2029,"fishing_mortality","Fixed catch","all",0.0230476776228698,0.0223627090801616,0.023929084719948,0.8,"per year","Instantaneous annual F; fixed in F scenarios and solved from catch in the catch scenario","illustrative production variability","Fishing mortality"
2029,"fishing_mortality","Fixed catch","all",0.0230476776228698,0.0221192463990889,0.0242054242572368,0.95,"per year","Instantaneous annual F; fixed in F scenarios and solved from catch in the catch scenario","illustrative production variability","Fishing mortality"
2030,"fishing_mortality","Fixed catch","all",0.0210645225195832,0.0207605972131708,0.0218242601155764,0.5,"per year","Instantaneous annual F; fixed in F scenarios and solved from catch in the catch scenario","illustrative production variability","Fishing mortality"
2030,"fishing_mortality","Fixed catch","all",0.0210645225195832,0.0204450714071678,0.022060998850091,0.8,"per year","Instantaneous annual F; fixed in F scenarios and solved from catch in the catch scenario","illustrative production variability","Fishing mortality"
2030,"fishing_mortality","Fixed catch","all",0.0210645225195832,0.020394031659746,0.0221110188839649,0.95,"per year","Instantaneous annual F; fixed in F scenarios and solved from catch in the catch scenario","illustrative production variability","Fishing mortality"
2031,"fishing_mortality","Fixed catch","all",0.0197388402791814,0.019406705157946,0.0202063920486283,0.5,"per year","Instantaneous annual F; fixed in F scenarios and solved from catch in the catch scenario","illustrative production variability","Fishing mortality"
2031,"fishing_mortality","Fixed catch","all",0.0197388402791814,0.0190708131134012,0.0202891630456433,0.8,"per year","Instantaneous annual F; fixed in F scenarios and solved from catch in the catch scenario","illustrative production variability","Fishing mortality"
2031,"fishing_mortality","Fixed catch","all",0.0197388402791814,0.0190360793183858,0.0205833568292008,0.95,"per year","Instantaneous annual F; fixed in F scenarios and solved from catch in the catch scenario","illustrative production variability","Fishing mortality"
2032,"fishing_mortality","Fixed catch","all",0.0185361398218154,0.0182870437779455,0.0187806258296284,0.5,"per year","Instantaneous annual F; fixed in F scenarios and solved from catch in the catch scenario","illustrative production variability","Fishing mortality"
2032,"fishing_mortality","Fixed catch","all",0.0185361398218154,0.01805648701595,0.0191514054601763,0.8,"per year","Instantaneous annual F; fixed in F scenarios and solved from catch in the catch scenario","illustrative production variability","Fishing mortality"
2032,"fishing_mortality","Fixed catch","all",0.0185361398218154,0.0180271912780206,0.0192337857148143,0.95,"per year","Instantaneous annual F; fixed in F scenarios and solved from catch in the catch scenario","illustrative production variability","Fishing mortality"
2033,"fishing_mortality","Fixed catch","all",0.0177556411328745,0.0174563712584492,0.0178992491941054,0.5,"per year","Instantaneous annual F; fixed in F scenarios and solved from catch in the catch scenario","illustrative production variability","Fishing mortality"
2033,"fishing_mortality","Fixed catch","all",0.0177556411328745,0.0172500667412448,0.0181025367877078,0.8,"per year","Instantaneous annual F; fixed in F scenarios and solved from catch in the catch scenario","illustrative production variability","Fishing mortality"
2033,"fishing_mortality","Fixed catch","all",0.0177556411328745,0.0170393999183805,0.0182637490444599,0.95,"per year","Instantaneous annual F; fixed in F scenarios and solved from catch in the catch scenario","illustrative production variability","Fishing mortality"
2034,"fishing_mortality","Fixed catch","all",0.01707313751304,0.0168294731848091,0.0172210751195141,0.5,"per year","Instantaneous annual F; fixed in F scenarios and solved from catch in the catch scenario","illustrative production variability","Fishing mortality"
2034,"fishing_mortality","Fixed catch","all",0.01707313751304,0.0167327998897975,0.0173088874355802,0.8,"per year","Instantaneous annual F; fixed in F scenarios and solved from catch in the catch scenario","illustrative production variability","Fishing mortality"
2034,"fishing_mortality","Fixed catch","all",0.01707313751304,0.0165361288868048,0.0175126869059078,0.95,"per year","Instantaneous annual F; fixed in F scenarios and solved from catch in the catch scenario","illustrative production variability","Fishing mortality"
2035,"fishing_mortality","Fixed catch","all",0.01655624120467,0.0164227063287388,0.0166673135249668,0.5,"per year","Instantaneous annual F; fixed in F scenarios and solved from catch in the catch scenario","illustrative production variability","Fishing mortality"
2035,"fishing_mortality","Fixed catch","all",0.01655624120467,0.0162437700572695,0.0167551868538223,0.8,"per year","Instantaneous annual F; fixed in F scenarios and solved from catch in the catch scenario","illustrative production variability","Fishing mortality"
2035,"fishing_mortality","Fixed catch","all",0.01655624120467,0.0161271994853488,0.0169614655743924,0.95,"per year","Instantaneous annual F; fixed in F scenarios and solved from catch in the catch scenario","illustrative production variability","Fishing mortality"
2036,"fishing_mortality","Fixed catch","all",0.0161946898334228,0.0160849293708198,0.0162717958799155,0.5,"per year","Instantaneous annual F; fixed in F scenarios and solved from catch in the catch scenario","illustrative production variability","Fishing mortality"
2036,"fishing_mortality","Fixed catch","all",0.0161946898334228,0.0159388751475335,0.0163139200330512,0.8,"per year","Instantaneous annual F; fixed in F scenarios and solved from catch in the catch scenario","illustrative production variability","Fishing mortality"
2036,"fishing_mortality","Fixed catch","all",0.0161946898334228,0.0158402252744298,0.0165115858002605,0.95,"per year","Instantaneous annual F; fixed in F scenarios and solved from catch in the catch scenario","illustrative production variability","Fishing mortality"
2037,"fishing_mortality","Fixed catch","all",0.0159195654239385,0.0157839171994879,0.0160098724227446,0.5,"per year","Instantaneous annual F; fixed in F scenarios and solved from catch in the catch scenario","illustrative production variability","Fishing mortality"
2037,"fishing_mortality","Fixed catch","all",0.0159195654239385,0.0157318005941602,0.0160204378395689,0.8,"per year","Instantaneous annual F; fixed in F scenarios and solved from catch in the catch scenario","illustrative production variability","Fishing mortality"
2037,"fishing_mortality","Fixed catch","all",0.0159195654239385,0.0156411555785313,0.0161741239825403,0.95,"per year","Instantaneous annual F; fixed in F scenarios and solved from catch in the catch scenario","illustrative production variability","Fishing mortality"
2038,"fishing_mortality","Fixed catch","all",0.0157261366729513,0.0156436002965403,0.0158053780497294,0.5,"per year","Instantaneous annual F; fixed in F scenarios and solved from catch in the catch scenario","illustrative production variability","Fishing mortality"
2038,"fishing_mortality","Fixed catch","all",0.0157261366729513,0.0154885959222516,0.0158173196597363,0.8,"per year","Instantaneous annual F; fixed in F scenarios and solved from catch in the catch scenario","illustrative production variability","Fishing mortality"
2038,"fishing_mortality","Fixed catch","all",0.0157261366729513,0.015487278332075,0.0160073832565533,0.95,"per year","Instantaneous annual F; fixed in F scenarios and solved from catch in the catch scenario","illustrative production variability","Fishing mortality"
2039,"fishing_mortality","Fixed catch","all",0.0155776953105103,0.0155340090106126,0.0156280094978889,0.5,"per year","Instantaneous annual F; fixed in F scenarios and solved from catch in the catch scenario","illustrative production variability","Fishing mortality"
2039,"fishing_mortality","Fixed catch","all",0.0155776953105103,0.0153998031483381,0.0156913483238012,0.8,"per year","Instantaneous annual F; fixed in F scenarios and solved from catch in the catch scenario","illustrative production variability","Fishing mortality"
2039,"fishing_mortality","Fixed catch","all",0.0155776953105103,0.0153969268248117,0.0157366363644078,0.95,"per year","Instantaneous annual F; fixed in F scenarios and solved from catch in the catch scenario","illustrative production variability","Fishing mortality"
2040,"fishing_mortality","Fixed catch","all",0.0154630404997088,0.015428334420881,0.0155025029834842,0.5,"per year","Instantaneous annual F; fixed in F scenarios and solved from catch in the catch scenario","illustrative production variability","Fishing mortality"
2040,"fishing_mortality","Fixed catch","all",0.0154630404997088,0.0153817269770274,0.0155516811324512,0.8,"per year","Instantaneous annual F; fixed in F scenarios and solved from catch in the catch scenario","illustrative production variability","Fishing mortality"
2040,"fishing_mortality","Fixed catch","all",0.0154630404997088,0.0153535868559151,0.0155951571376751,0.95,"per year","Instantaneous annual F; fixed in F scenarios and solved from catch in the catch scenario","illustrative production variability","Fishing mortality"
2041,"fishing_mortality","Fixed catch","all",0.015397281526311,0.0153688098142177,0.0154227474633637,0.5,"per year","Instantaneous annual F; fixed in F scenarios and solved from catch in the catch scenario","illustrative production variability","Fishing mortality"
2041,"fishing_mortality","Fixed catch","all",0.015397281526311,0.0153464068320748,0.0154423201499393,0.8,"per year","Instantaneous annual F; fixed in F scenarios and solved from catch in the catch scenario","illustrative production variability","Fishing mortality"
2041,"fishing_mortality","Fixed catch","all",0.015397281526311,0.0152982757469684,0.0155216428424072,0.95,"per year","Instantaneous annual F; fixed in F scenarios and solved from catch in the catch scenario","illustrative production variability","Fishing mortality"
2042,"fishing_mortality","Fixed catch","all",0.0153465645066163,0.0153206333710175,0.015368961748623,0.5,"per year","Instantaneous annual F; fixed in F scenarios and solved from catch in the catch scenario","illustrative production variability","Fishing mortality"
2042,"fishing_mortality","Fixed catch","all",0.0153465645066163,0.0152729110033929,0.0154057796984769,0.8,"per year","Instantaneous annual F; fixed in F scenarios and solved from catch in the catch scenario","illustrative production variability","Fishing mortality"
2042,"fishing_mortality","Fixed catch","all",0.0153465645066163,0.0152455605482341,0.0154113095311129,0.95,"per year","Instantaneous annual F; fixed in F scenarios and solved from catch in the catch scenario","illustrative production variability","Fishing mortality"
2043,"fishing_mortality","Fixed catch","all",0.0152888283521578,0.0152731880492534,0.0153139460355757,0.5,"per year","Instantaneous annual F; fixed in F scenarios and solved from catch in the catch scenario","illustrative production variability","Fishing mortality"
2043,"fishing_mortality","Fixed catch","all",0.0152888283521578,0.0152476063437171,0.0153294443325102,0.8,"per year","Instantaneous annual F; fixed in F scenarios and solved from catch in the catch scenario","illustrative production variability","Fishing mortality"
2043,"fishing_mortality","Fixed catch","all",0.0152888283521578,0.0151875708233762,0.0153478813222597,0.95,"per year","Instantaneous annual F; fixed in F scenarios and solved from catch in the catch scenario","illustrative production variability","Fishing mortality"
2044,"fishing_mortality","Fixed catch","all",0.0152620302444949,0.0152451976412033,0.0152697265964888,0.5,"per year","Instantaneous annual F; fixed in F scenarios and solved from catch in the catch scenario","illustrative production variability","Fishing mortality"
2044,"fishing_mortality","Fixed catch","all",0.0152620302444949,0.0152227478440222,0.015288453762862,0.8,"per year","Instantaneous annual F; fixed in F scenarios and solved from catch in the catch scenario","illustrative production variability","Fishing mortality"
2044,"fishing_mortality","Fixed catch","all",0.0152620302444949,0.0151883739812051,0.0153346750328914,0.95,"per year","Instantaneous annual F; fixed in F scenarios and solved from catch in the catch scenario","illustrative production variability","Fishing mortality"
2045,"fishing_mortality","Fixed catch","all",0.0152336949443574,0.0152269701247192,0.0152529395877717,0.5,"per year","Instantaneous annual F; fixed in F scenarios and solved from catch in the catch scenario","illustrative production variability","Fishing mortality"
2045,"fishing_mortality","Fixed catch","all",0.0152336949443574,0.015210381981546,0.0152700823420903,0.8,"per year","Instantaneous annual F; fixed in F scenarios and solved from catch in the catch scenario","illustrative production variability","Fishing mortality"
2045,"fishing_mortality","Fixed catch","all",0.0152336949443574,0.0152090140694,0.0153190578642992,0.95,"per year","Instantaneous annual F; fixed in F scenarios and solved from catch in the catch scenario","illustrative production variability","Fishing mortality"
2046,"fishing_mortality","Fixed catch","all",0.0152259352714998,0.0152101212923422,0.0152312845392764,0.5,"per year","Instantaneous annual F; fixed in F scenarios and solved from catch in the catch scenario","illustrative production variability","Fishing mortality"
2046,"fishing_mortality","Fixed catch","all",0.0152259352714998,0.0151853389755677,0.0152521860617962,0.8,"per year","Instantaneous annual F; fixed in F scenarios and solved from catch in the catch scenario","illustrative production variability","Fishing mortality"
2046,"fishing_mortality","Fixed catch","all",0.0152259352714998,0.0151784141117219,0.0152899980024332,0.95,"per year","Instantaneous annual F; fixed in F scenarios and solved from catch in the catch scenario","illustrative production variability","Fishing mortality"
2047,"fishing_mortality","Fixed catch","all",0.0152161175193421,0.0151926689677583,0.0152273925005266,0.5,"per year","Instantaneous annual F; fixed in F scenarios and solved from catch in the catch scenario","illustrative production variability","Fishing mortality"
2047,"fishing_mortality","Fixed catch","all",0.0152161175193421,0.0151837895390835,0.0152461220286932,0.8,"per year","Instantaneous annual F; fixed in F scenarios and solved from catch in the catch scenario","illustrative production variability","Fishing mortality"
2047,"fishing_mortality","Fixed catch","all",0.0152161175193421,0.0151807173266531,0.0152527832201942,0.95,"per year","Instantaneous annual F; fixed in F scenarios and solved from catch in the catch scenario","illustrative production variability","Fishing mortality"
2048,"fishing_mortality","Fixed catch","all",0.0152095912188382,0.0151917661127391,0.0152193305479472,0.5,"per year","Instantaneous annual F; fixed in F scenarios and solved from catch in the catch scenario","illustrative production variability","Fishing mortality"
2048,"fishing_mortality","Fixed catch","all",0.0152095912188382,0.0151777539661921,0.015239801445013,0.8,"per year","Instantaneous annual F; fixed in F scenarios and solved from catch in the catch scenario","illustrative production variability","Fishing mortality"
2048,"fishing_mortality","Fixed catch","all",0.0152095912188382,0.0151666385591524,0.0152605093462421,0.95,"per year","Instantaneous annual F; fixed in F scenarios and solved from catch in the catch scenario","illustrative production variability","Fishing mortality"
2049,"fishing_mortality","Fixed catch","all",0.0151952538942809,0.015183095651385,0.0152185670887341,0.5,"per year","Instantaneous annual F; fixed in F scenarios and solved from catch in the catch scenario","illustrative production variability","Fishing mortality"
2049,"fishing_mortality","Fixed catch","all",0.0151952538942809,0.0151606265862788,0.0152274411221116,0.8,"per year","Instantaneous annual F; fixed in F scenarios and solved from catch in the catch scenario","illustrative production variability","Fishing mortality"
2049,"fishing_mortality","Fixed catch","all",0.0151952538942809,0.0151579754292596,0.015239627437035,0.95,"per year","Instantaneous annual F; fixed in F scenarios and solved from catch in the catch scenario","illustrative production variability","Fishing mortality"
2050,"fishing_mortality","Fixed catch","all",0.0151949515858083,0.0151677437505687,0.015211829342216,0.5,"per year","Instantaneous annual F; fixed in F scenarios and solved from catch in the catch scenario","illustrative production variability","Fishing mortality"
2050,"fishing_mortality","Fixed catch","all",0.0151949515858083,0.0151447516256253,0.0152249352185512,0.8,"per year","Instantaneous annual F; fixed in F scenarios and solved from catch in the catch scenario","illustrative production variability","Fishing mortality"
2050,"fishing_mortality","Fixed catch","all",0.0151949515858083,0.0151341961831334,0.0152317360504479,0.95,"per year","Instantaneous annual F; fixed in F scenarios and solved from catch in the catch scenario","illustrative production variability","Fishing mortality"
2051,"fishing_mortality","Fixed catch","all",0.0151823332004227,0.0151674830200058,0.0152037898449113,0.5,"per year","Instantaneous annual F; fixed in F scenarios and solved from catch in the catch scenario","illustrative production variability","Fishing mortality"
2051,"fishing_mortality","Fixed catch","all",0.0151823332004227,0.0151463338694752,0.0152108655581876,0.8,"per year","Instantaneous annual F; fixed in F scenarios and solved from catch in the catch scenario","illustrative production variability","Fishing mortality"
2051,"fishing_mortality","Fixed catch","all",0.0151823332004227,0.0151168462525004,0.0152367801140304,0.95,"per year","Instantaneous annual F; fixed in F scenarios and solved from catch in the catch scenario","illustrative production variability","Fishing mortality"
2052,"fishing_mortality","Fixed catch","all",0.0151761641644706,0.0151555711917265,0.015197849616829,0.5,"per year","Instantaneous annual F; fixed in F scenarios and solved from catch in the catch scenario","illustrative production variability","Fishing mortality"
2052,"fishing_mortality","Fixed catch","all",0.0151761641644706,0.0151433831860585,0.0152196920180973,0.8,"per year","Instantaneous annual F; fixed in F scenarios and solved from catch in the catch scenario","illustrative production variability","Fishing mortality"
2052,"fishing_mortality","Fixed catch","all",0.0151761641644706,0.0151414614824065,0.0152304653154922,0.95,"per year","Instantaneous annual F; fixed in F scenarios and solved from catch in the catch scenario","illustrative production variability","Fishing mortality"
2023,"total_biomass","Fixed catch","all",902918.314809643,902918.314809643,902918.314809643,0.5,"t","Start-year biomass in the surplus-production demonstration","illustrative production variability","Total biomass"
2023,"total_biomass","Fixed catch","all",902918.314809643,902918.314809643,902918.314809643,0.8,"t","Start-year biomass in the surplus-production demonstration","illustrative production variability","Total biomass"
2023,"total_biomass","Fixed catch","all",902918.314809643,902918.314809643,902918.314809643,0.95,"t","Start-year biomass in the surplus-production demonstration","illustrative production variability","Total biomass"
2024,"total_biomass","Fixed catch","all",1053676.60326551,1038920.16664955,1058707.07006399,0.5,"t","Start-year biomass in the surplus-production demonstration","illustrative production variability","Total biomass"
2024,"total_biomass","Fixed catch","all",1053676.60326551,1022641.29977288,1068608.6425111,0.8,"t","Start-year biomass in the surplus-production demonstration","illustrative production variability","Total biomass"
2024,"total_biomass","Fixed catch","all",1053676.60326551,1022559.06243308,1086156.5454948,0.95,"t","Start-year biomass in the surplus-production demonstration","illustrative production variability","Total biomass"
2025,"total_biomass","Fixed catch","all",1221011.95757273,1209365.50068029,1236874.10989745,0.5,"t","Start-year biomass in the surplus-production demonstration","illustrative production variability","Total biomass"
2025,"total_biomass","Fixed catch","all",1221011.95757273,1202097.46715972,1246489.74910953,0.8,"t","Start-year biomass in the surplus-production demonstration","illustrative production variability","Total biomass"
2025,"total_biomass","Fixed catch","all",1221011.95757273,1184441.94914957,1289277.70375997,0.95,"t","Start-year biomass in the surplus-production demonstration","illustrative production variability","Total biomass"
2026,"total_biomass","Fixed catch","all",1392336.38089756,1379559.48747035,1423720.75061031,0.5,"t","Start-year biomass in the surplus-production demonstration","illustrative production variability","Total biomass"
2026,"total_biomass","Fixed catch","all",1392336.38089756,1345633.78951712,1441150.45212057,0.8,"t","Start-year biomass in the surplus-production demonstration","illustrative production variability","Total biomass"
2026,"total_biomass","Fixed catch","all",1392336.38089756,1345191.890726,1476390.72498528,0.95,"t","Start-year biomass in the surplus-production demonstration","illustrative production variability","Total biomass"
2027,"total_biomass","Fixed catch","all",1594855.50427644,1572159.55285092,1616612.55318926,0.5,"t","Start-year biomass in the surplus-production demonstration","illustrative production variability","Total biomass"
2027,"total_biomass","Fixed catch","all",1594855.50427644,1515216.24868319,1631281.48106865,0.8,"t","Start-year biomass in the surplus-production demonstration","illustrative production variability","Total biomass"
2027,"total_biomass","Fixed catch","all",1594855.50427644,1508157.96245093,1683623.55201079,0.95,"t","Start-year biomass in the surplus-production demonstration","illustrative production variability","Total biomass"
2028,"total_biomass","Fixed catch","all",1797220.3687764,1744220.20515339,1817391.06656851,0.5,"t","Start-year biomass in the surplus-production demonstration","illustrative production variability","Total biomass"
2028,"total_biomass","Fixed catch","all",1797220.3687764,1719509.23423319,1841479.24460966,0.8,"t","Start-year biomass in the surplus-production demonstration","illustrative production variability","Total biomass"
2028,"total_biomass","Fixed catch","all",1797220.3687764,1691397.8419416,1875387.02547712,0.95,"t","Start-year biomass in the surplus-production demonstration","illustrative production variability","Total biomass"
2029,"total_biomass","Fixed catch","all",1979756.46508707,1925689.09941016,2008446.540455,0.5,"t","Start-year biomass in the surplus-production demonstration","illustrative production variability","Total biomass"
2029,"total_biomass","Fixed catch","all",1979756.46508707,1896263.81370409,2039173.87009543,0.8,"t","Start-year biomass in the surplus-production demonstration","illustrative production variability","Total biomass"
2029,"total_biomass","Fixed catch","all",1979756.46508707,1887779.67757646,2063680.30796301,0.95,"t","Start-year biomass in the surplus-production demonstration","illustrative production variability","Total biomass"
2030,"total_biomass","Fixed catch","all",2154769.93126757,2090299.85480316,2184832.28231974,0.5,"t","Start-year biomass in the surplus-production demonstration","illustrative production variability","Total biomass"
2030,"total_biomass","Fixed catch","all",2154769.93126757,2065446.93313823,2220928.42725717,0.8,"t","Start-year biomass in the surplus-production demonstration","illustrative production variability","Total biomass"
2030,"total_biomass","Fixed catch","all",2154769.93126757,2064439.74255233,2236332.41589458,0.95,"t","Start-year biomass in the surplus-production demonstration","illustrative production variability","Total biomass"
2031,"total_biomass","Fixed catch","all",2305994.5808812,2254216.59714347,2330901.84071411,0.5,"t","Start-year biomass in the surplus-production demonstration","illustrative production variability","Total biomass"
2031,"total_biomass","Fixed catch","all",2305994.5808812,2218671.34047645,2388325.11502878,0.8,"t","Start-year biomass in the surplus-production demonstration","illustrative production variability","Total biomass"
2031,"total_biomass","Fixed catch","all",2305994.5808812,2215971.73316522,2394241.94913917,0.95,"t","Start-year biomass in the surplus-production demonstration","illustrative production variability","Total biomass"
2032,"total_biomass","Fixed catch","all",2451269.16916291,2413695.00191003,2474840.53210754,0.5,"t","Start-year biomass in the surplus-production demonstration","illustrative production variability","Total biomass"
2032,"total_biomass","Fixed catch","all",2451269.16916291,2379899.43038588,2508321.48440554,0.8,"t","Start-year biomass in the surplus-production demonstration","illustrative production variability","Total biomass"
2032,"total_biomass","Fixed catch","all",2451269.16916291,2369864.75830202,2526964.11136829,0.95,"t","Start-year biomass in the surplus-production demonstration","illustrative production variability","Total biomass"
2033,"total_biomass","Fixed catch","all",2560404.94036168,2534758.19881973,2591932.06189062,0.5,"t","Start-year biomass in the surplus-production demonstration","illustrative production variability","Total biomass"
2033,"total_biomass","Fixed catch","all",2560404.94036168,2514902.73892637,2617937.66250204,0.8,"t","Start-year biomass in the surplus-production demonstration","illustrative production variability","Total biomass"
2033,"total_biomass","Fixed catch","all",2560404.94036168,2494528.2254669,2672138.56823263,0.95,"t","Start-year biomass in the surplus-production demonstration","illustrative production variability","Total biomass"
2034,"total_biomass","Fixed catch","all",2655459.74781179,2638873.03977768,2704387.37082311,0.5,"t","Start-year biomass in the surplus-production demonstration","illustrative production variability","Total biomass"
2034,"total_biomass","Fixed catch","all",2655459.74781179,2629579.47328738,2710750.51522395,0.8,"t","Start-year biomass in the surplus-production demonstration","illustrative production variability","Total biomass"
2034,"total_biomass","Fixed catch","all",2655459.74781179,2600536.56846314,2752773.28366358,0.95,"t","Start-year biomass in the surplus-production demonstration","illustrative production variability","Total biomass"
2035,"total_biomass","Fixed catch","all",2742301.5093487,2723241.19478021,2762160.71999271,0.5,"t","Start-year biomass in the surplus-production demonstration","illustrative production variability","Total biomass"
2035,"total_biomass","Fixed catch","all",2742301.5093487,2716505.71356272,2795778.00836878,0.8,"t","Start-year biomass in the surplus-production demonstration","illustrative production variability","Total biomass"
2035,"total_biomass","Fixed catch","all",2742301.5093487,2684312.17361978,2821998.50378899,0.95,"t","Start-year biomass in the surplus-production demonstration","illustrative production variability","Total biomass"
2036,"total_biomass","Fixed catch","all",2805089.92720987,2795296.54369675,2824212.80299121,0.5,"t","Start-year biomass in the surplus-production demonstration","illustrative production variability","Total biomass"
2036,"total_biomass","Fixed catch","all",2805089.92720987,2782688.86319127,2850470.65623519,0.8,"t","Start-year biomass in the surplus-production demonstration","illustrative production variability","Total biomass"
2036,"total_biomass","Fixed catch","all",2805089.92720987,2756831.31250809,2872712.96081489,0.95,"t","Start-year biomass in the surplus-production demonstration","illustrative production variability","Total biomass"
2037,"total_biomass","Fixed catch","all",2853583.66745791,2841036.87105539,2867945.70588817,0.5,"t","Start-year biomass in the surplus-production demonstration","illustrative production variability","Total biomass"
2037,"total_biomass","Fixed catch","all",2853583.66745791,2827396.7287729,2889801.36727089,0.8,"t","Start-year biomass in the surplus-production demonstration","illustrative production variability","Total biomass"
2037,"total_biomass","Fixed catch","all",2853583.66745791,2813877.14068053,2908986.04329832,0.95,"t","Start-year biomass in the surplus-production demonstration","illustrative production variability","Total biomass"
2038,"total_biomass","Fixed catch","all",2889660.98548281,2877632.55071877,2906988.28235939,0.5,"t","Start-year biomass in the surplus-production demonstration","illustrative production variability","Total biomass"
2038,"total_biomass","Fixed catch","all",2889660.98548281,2875298.26466903,2919920.73170596,0.8,"t","Start-year biomass in the surplus-production demonstration","illustrative production variability","Total biomass"
2038,"total_biomass","Fixed catch","all",2889660.98548281,2842951.46788188,2937663.46923193,0.95,"t","Start-year biomass in the surplus-production demonstration","illustrative production variability","Total biomass"
2039,"total_biomass","Fixed catch","all",2919508.7510603,2909089.59948738,2926207.6526855,0.5,"t","Start-year biomass in the surplus-production demonstration","illustrative production variability","Total biomass"
2039,"total_biomass","Fixed catch","all",2919508.7510603,2896334.2213338,2942315.5550078,0.8,"t","Start-year biomass in the surplus-production demonstration","illustrative production variability","Total biomass"
2039,"total_biomass","Fixed catch","all",2919508.7510603,2891473.67838559,2954768.98168454,0.95,"t","Start-year biomass in the surplus-production demonstration","illustrative production variability","Total biomass"
2040,"total_biomass","Fixed catch","all",2940300.81714924,2933930.75809986,2943681.25670919,0.5,"t","Start-year biomass in the surplus-production demonstration","illustrative production variability","Total biomass"
2040,"total_biomass","Fixed catch","all",2940300.81714924,2922215.92951827,2954354.21105035,0.8,"t","Start-year biomass in the surplus-production demonstration","illustrative production variability","Total biomass"
2040,"total_biomass","Fixed catch","all",2940300.81714924,2917499.26922582,2963045.63207078,0.95,"t","Start-year biomass in the surplus-production demonstration","illustrative production variability","Total biomass"
2041,"total_biomass","Fixed catch","all",2954680.6356739,2948357.09583968,2958753.69922668,0.5,"t","Start-year biomass in the surplus-production demonstration","illustrative production variability","Total biomass"
2041,"total_biomass","Fixed catch","all",2954680.6356739,2942692.2473906,2964009.03085127,0.8,"t","Start-year biomass in the surplus-production demonstration","illustrative production variability","Total biomass"
2041,"total_biomass","Fixed catch","all",2954680.6356739,2931209.79354405,2973676.53119008,0.95,"t","Start-year biomass in the surplus-production demonstration","illustrative production variability","Total biomass"
2042,"total_biomass","Fixed catch","all",2964209.32613874,2958654.35236466,2969091.80558577,0.5,"t","Start-year biomass in the surplus-production demonstration","illustrative production variability","Total biomass"
2042,"total_biomass","Fixed catch","all",2964209.32613874,2952576.35116066,2976760.07068461,0.8,"t","Start-year biomass in the surplus-production demonstration","illustrative production variability","Total biomass"
2042,"total_biomass","Fixed catch","all",2964209.32613874,2952032.59856788,2983880.28548059,0.95,"t","Start-year biomass in the surplus-production demonstration","illustrative production variability","Total biomass"
2043,"total_biomass","Fixed catch","all",2973937.78587652,2970314.0290901,2978297.40878052,0.5,"t","Start-year biomass in the surplus-production demonstration","illustrative production variability","Total biomass"
2043,"total_biomass","Fixed catch","all",2973937.78587652,2965796.423283,2980275.86761036,0.8,"t","Start-year biomass in the surplus-production demonstration","illustrative production variability","Total biomass"
2043,"total_biomass","Fixed catch","all",2973937.78587652,2964138.70195106,2995186.81762473,0.95,"t","Start-year biomass in the surplus-production demonstration","illustrative production variability","Total biomass"
2044,"total_biomass","Fixed catch","all",2980553.38676035,2978589.92623204,2983035.81996694,0.5,"t","Start-year biomass in the surplus-production demonstration","illustrative production variability","Total biomass"
2044,"total_biomass","Fixed catch","all",2980553.38676035,2973868.75414126,2987901.12506086,0.8,"t","Start-year biomass in the surplus-production demonstration","illustrative production variability","Total biomass"
2044,"total_biomass","Fixed catch","all",2980553.38676035,2966671.89185588,2995029.63250978,0.95,"t","Start-year biomass in the surplus-production demonstration","illustrative production variability","Total biomass"
2045,"total_biomass","Fixed catch","all",2986120.19697728,2980491.13182068,2987038.02421927,0.5,"t","Start-year biomass in the surplus-production demonstration","illustrative production variability","Total biomass"
2045,"total_biomass","Fixed catch","all",2986120.19697728,2978339.98686366,2990077.53623087,0.8,"t","Start-year biomass in the surplus-production demonstration","illustrative production variability","Total biomass"
2045,"total_biomass","Fixed catch","all",2986120.19697728,2969673.16574542,2990995.87941695,0.95,"t","Start-year biomass in the surplus-production demonstration","illustrative production variability","Total biomass"
2046,"total_biomass","Fixed catch","all",2987558.6045841,2986498.14102978,2990392.48917675,0.5,"t","Start-year biomass in the surplus-production demonstration","illustrative production variability","Total biomass"
2046,"total_biomass","Fixed catch","all",2987558.6045841,2978420.52865176,2993251.4572407,0.8,"t","Start-year biomass in the surplus-production demonstration","illustrative production variability","Total biomass"
2046,"total_biomass","Fixed catch","all",2987558.6045841,2975274.14610764,2996980.04330055,0.95,"t","Start-year biomass in the surplus-production demonstration","illustrative production variability","Total biomass"
2047,"total_biomass","Fixed catch","all",2989342.35921195,2985146.55064036,2993591.16042486,0.5,"t","Start-year biomass in the surplus-production demonstration","illustrative production variability","Total biomass"
2047,"total_biomass","Fixed catch","all",2989342.35921195,2983034.39114142,2995339.90128939,0.8,"t","Start-year biomass in the surplus-production demonstration","illustrative production variability","Total biomass"
2047,"total_biomass","Fixed catch","all",2989342.35921195,2982478.0677757,2996528.7842723,0.95,"t","Start-year biomass in the surplus-production demonstration","illustrative production variability","Total biomass"
2048,"total_biomass","Fixed catch","all",2990264.90204413,2987776.56968213,2993682.76218463,0.5,"t","Start-year biomass in the surplus-production demonstration","illustrative production variability","Total biomass"
2048,"total_biomass","Fixed catch","all",2990264.90204413,2983835.78565793,2996059.294225,0.8,"t","Start-year biomass in the surplus-production demonstration","illustrative production variability","Total biomass"
2048,"total_biomass","Fixed catch","all",2990264.90204413,2980979.57827384,2999289.31852588,0.95,"t","Start-year biomass in the surplus-production demonstration","illustrative production variability","Total biomass"
2049,"total_biomass","Fixed catch","all",2992995.75391761,2988901.31805627,2995272.02972537,0.5,"t","Start-year biomass in the surplus-production demonstration","illustrative production variability","Total biomass"
2049,"total_biomass","Fixed catch","all",2992995.75391761,2986348.04934745,3000259.04967252,0.8,"t","Start-year biomass in the surplus-production demonstration","illustrative production variability","Total biomass"
2049,"total_biomass","Fixed catch","all",2992995.75391761,2985033.14077694,3000990.51485464,0.95,"t","Start-year biomass in the surplus-production demonstration","illustrative production variability","Total biomass"
2050,"total_biomass","Fixed catch","all",2993719.06315181,2988573.6598335,2998012.02814775,0.5,"t","Start-year biomass in the surplus-production demonstration","illustrative production variability","Total biomass"
2050,"total_biomass","Fixed catch","all",2993719.06315181,2986814.69276307,3000185.59845334,0.8,"t","Start-year biomass in the surplus-production demonstration","illustrative production variability","Total biomass"
2050,"total_biomass","Fixed catch","all",2993719.06315181,2986567.89780187,3005670.10360454,0.95,"t","Start-year biomass in the surplus-production demonstration","illustrative production variability","Total biomass"
2051,"total_biomass","Fixed catch","all",2994734.8872054,2991668.43152559,2998989.86828054,0.5,"t","Start-year biomass in the surplus-production demonstration","illustrative production variability","Total biomass"
2051,"total_biomass","Fixed catch","all",2994734.8872054,2989794.67745234,3002231.62931259,0.8,"t","Start-year biomass in the surplus-production demonstration","illustrative production variability","Total biomass"
2051,"total_biomass","Fixed catch","all",2994734.8872054,2985586.71932191,3009093.73794717,0.95,"t","Start-year biomass in the surplus-production demonstration","illustrative production variability","Total biomass"
2052,"total_biomass","Fixed catch","all",2997140.27037714,2992934.65981005,3000845.67027706,0.5,"t","Start-year biomass in the surplus-production demonstration","illustrative production variability","Total biomass"
2052,"total_biomass","Fixed catch","all",2997140.27037714,2988887.85711228,3003626.41679975,0.8,"t","Start-year biomass in the surplus-production demonstration","illustrative production variability","Total biomass"
2052,"total_biomass","Fixed catch","all",2997140.27037714,2986815.18547633,3004238.78430785,0.95,"t","Start-year biomass in the surplus-production demonstration","illustrative production variability","Total biomass"
2023,"biomass_depletion","F = 0.08","all",0.286181517918576,0.286181517918576,0.286181517918576,0.5,"ratio","Start-year biomass divided by the demonstration carrying capacity K","illustrative production variability","B/K"
2023,"biomass_depletion","F = 0.08","all",0.286181517918576,0.286181517918576,0.286181517918576,0.8,"ratio","Start-year biomass divided by the demonstration carrying capacity K","illustrative production variability","B/K"
2023,"biomass_depletion","F = 0.08","all",0.286181517918576,0.286181517918576,0.286181517918576,0.95,"ratio","Start-year biomass divided by the demonstration carrying capacity K","illustrative production variability","B/K"
2024,"biomass_depletion","F = 0.08","all",0.323347089141019,0.320577267705497,0.326711898171097,0.5,"ratio","Start-year biomass divided by the demonstration carrying capacity K","illustrative production variability","B/K"
2024,"biomass_depletion","F = 0.08","all",0.323347089141019,0.318881424477559,0.329989075714079,0.8,"ratio","Start-year biomass divided by the demonstration carrying capacity K","illustrative production variability","B/K"
2024,"biomass_depletion","F = 0.08","all",0.323347089141019,0.317279296779201,0.333711220545035,0.95,"ratio","Start-year biomass divided by the demonstration carrying capacity K","illustrative production variability","B/K"
2025,"biomass_depletion","F = 0.08","all",0.362544477925108,0.356622036437461,0.367317391898663,0.5,"ratio","Start-year biomass divided by the demonstration carrying capacity K","illustrative production variability","B/K"
2025,"biomass_depletion","F = 0.08","all",0.362544477925108,0.355228791054625,0.374258665615445,0.8,"ratio","Start-year biomass divided by the demonstration carrying capacity K","illustrative production variability","B/K"
2025,"biomass_depletion","F = 0.08","all",0.362544477925108,0.351865027213551,0.380623951699461,0.95,"ratio","Start-year biomass divided by the demonstration carrying capacity K","illustrative production variability","B/K"
2026,"biomass_depletion","F = 0.08","all",0.405148238870822,0.395744905824087,0.408452456173451,0.5,"ratio","Start-year biomass divided by the demonstration carrying capacity K","illustrative production variability","B/K"
2026,"biomass_depletion","F = 0.08","all",0.405148238870822,0.390060735805227,0.418670555432299,0.8,"ratio","Start-year biomass divided by the demonstration carrying capacity K","illustrative production variability","B/K"
2026,"biomass_depletion","F = 0.08","all",0.405148238870822,0.386677907713262,0.420796258638654,0.95,"ratio","Start-year biomass divided by the demonstration carrying capacity K","illustrative production variability","B/K"
2027,"biomass_depletion","F = 0.08","all",0.444363346301457,0.437865444222074,0.450810741721954,0.5,"ratio","Start-year biomass divided by the demonstration carrying capacity K","illustrative production variability","B/K"
2027,"biomass_depletion","F = 0.08","all",0.444363346301457,0.423650001102565,0.457005504765405,0.8,"ratio","Start-year biomass divided by the demonstration carrying capacity K","illustrative production variability","B/K"
2027,"biomass_depletion","F = 0.08","all",0.444363346301457,0.419049719557518,0.46102579028255,0.95,"ratio","Start-year biomass divided by the demonstration carrying capacity K","illustrative production variability","B/K"
2028,"biomass_depletion","F = 0.08","all",0.485168639038663,0.479852431955354,0.489363943108679,0.5,"ratio","Start-year biomass divided by the demonstration carrying capacity K","illustrative production variability","B/K"
2028,"biomass_depletion","F = 0.08","all",0.485168639038663,0.465624813322982,0.498202838240149,0.8,"ratio","Start-year biomass divided by the demonstration carrying capacity K","illustrative production variability","B/K"
2028,"biomass_depletion","F = 0.08","all",0.485168639038663,0.464446169767335,0.507509660726223,0.95,"ratio","Start-year biomass divided by the demonstration carrying capacity K","illustrative production variability","B/K"
2029,"biomass_depletion","F = 0.08","all",0.521261925760124,0.514230598844099,0.527553830397911,0.5,"ratio","Start-year biomass divided by the demonstration carrying capacity K","illustrative production variability","B/K"
2029,"biomass_depletion","F = 0.08","all",0.521261925760124,0.500165317392435,0.536019536502701,0.8,"ratio","Start-year biomass divided by the demonstration carrying capacity K","illustrative production variability","B/K"
2029,"biomass_depletion","F = 0.08","all",0.521261925760124,0.499150993199468,0.544258706473219,0.95,"ratio","Start-year biomass divided by the demonstration carrying capacity K","illustrative production variability","B/K"
2030,"biomass_depletion","F = 0.08","all",0.559462168449695,0.548862610811987,0.567394043002927,0.5,"ratio","Start-year biomass divided by the demonstration carrying capacity K","illustrative production variability","B/K"
2030,"biomass_depletion","F = 0.08","all",0.559462168449695,0.535307831455371,0.571097153840627,0.8,"ratio","Start-year biomass divided by the demonstration carrying capacity K","illustrative production variability","B/K"
2030,"biomass_depletion","F = 0.08","all",0.559462168449695,0.522017442760437,0.576874583601261,0.95,"ratio","Start-year biomass divided by the demonstration carrying capacity K","illustrative production variability","B/K"
2031,"biomass_depletion","F = 0.08","all",0.591235729196415,0.58016568384138,0.595404301112439,0.5,"ratio","Start-year biomass divided by the demonstration carrying capacity K","illustrative production variability","B/K"
2031,"biomass_depletion","F = 0.08","all",0.591235729196415,0.569552270352514,0.60517588514963,0.8,"ratio","Start-year biomass divided by the demonstration carrying capacity K","illustrative production variability","B/K"
2031,"biomass_depletion","F = 0.08","all",0.591235729196415,0.562889087632857,0.611440478640645,0.95,"ratio","Start-year biomass divided by the demonstration carrying capacity K","illustrative production variability","B/K"
2032,"biomass_depletion","F = 0.08","all",0.615975026293017,0.608090725157078,0.623886385008937,0.5,"ratio","Start-year biomass divided by the demonstration carrying capacity K","illustrative production variability","B/K"
2032,"biomass_depletion","F = 0.08","all",0.615975026293017,0.600902386937736,0.63735970444973,0.8,"ratio","Start-year biomass divided by the demonstration carrying capacity K","illustrative production variability","B/K"
2032,"biomass_depletion","F = 0.08","all",0.615975026293017,0.595205132337729,0.644483788050589,0.95,"ratio","Start-year biomass divided by the demonstration carrying capacity K","illustrative production variability","B/K"
2033,"biomass_depletion","F = 0.08","all",0.642249453233124,0.626832901366615,0.64667093336959,0.5,"ratio","Start-year biomass divided by the demonstration carrying capacity K","illustrative production variability","B/K"
2033,"biomass_depletion","F = 0.08","all",0.642249453233124,0.62025963732519,0.658214614826723,0.8,"ratio","Start-year biomass divided by the demonstration carrying capacity K","illustrative production variability","B/K"
2033,"biomass_depletion","F = 0.08","all",0.642249453233124,0.607234875285226,0.668153910895692,0.95,"ratio","Start-year biomass divided by the demonstration carrying capacity K","illustrative production variability","B/K"
2034,"biomass_depletion","F = 0.08","all",0.661020524399255,0.653637425676723,0.671420481332182,0.5,"ratio","Start-year biomass divided by the demonstration carrying capacity K","illustrative production variability","B/K"
2034,"biomass_depletion","F = 0.08","all",0.661020524399255,0.643711863594991,0.675902370801678,0.8,"ratio","Start-year biomass divided by the demonstration carrying capacity K","illustrative production variability","B/K"
2034,"biomass_depletion","F = 0.08","all",0.661020524399255,0.630296125500526,0.680029515396139,0.95,"ratio","Start-year biomass divided by the demonstration carrying capacity K","illustrative production variability","B/K"
2035,"biomass_depletion","F = 0.08","all",0.679797061248996,0.664997677019428,0.68414218707619,0.5,"ratio","Start-year biomass divided by the demonstration carrying capacity K","illustrative production variability","B/K"
2035,"biomass_depletion","F = 0.08","all",0.679797061248996,0.660055410107979,0.686729922745562,0.8,"ratio","Start-year biomass divided by the demonstration carrying capacity K","illustrative production variability","B/K"
2035,"biomass_depletion","F = 0.08","all",0.679797061248996,0.645953288642103,0.692446189332949,0.95,"ratio","Start-year biomass divided by the demonstration carrying capacity K","illustrative production variability","B/K"
2036,"biomass_depletion","F = 0.08","all",0.693427546168614,0.686593770038712,0.695276838580185,0.5,"ratio","Start-year biomass divided by the demonstration carrying capacity K","illustrative production variability","B/K"
2036,"biomass_depletion","F = 0.08","all",0.693427546168614,0.674663678636075,0.699673892991802,0.8,"ratio","Start-year biomass divided by the demonstration carrying capacity K","illustrative production variability","B/K"
2036,"biomass_depletion","F = 0.08","all",0.693427546168614,0.672332787339123,0.706281949624886,0.95,"ratio","Start-year biomass divided by the demonstration carrying capacity K","illustrative production variability","B/K"
2037,"biomass_depletion","F = 0.08","all",0.700751357086888,0.695988175159032,0.706973135654563,0.5,"ratio","Start-year biomass divided by the demonstration carrying capacity K","illustrative production variability","B/K"
2037,"biomass_depletion","F = 0.08","all",0.700751357086888,0.691075800011011,0.710882004665613,0.8,"ratio","Start-year biomass divided by the demonstration carrying capacity K","illustrative production variability","B/K"
2037,"biomass_depletion","F = 0.08","all",0.700751357086888,0.683826092109847,0.7230841963274,0.95,"ratio","Start-year biomass divided by the demonstration carrying capacity K","illustrative production variability","B/K"
2038,"biomass_depletion","F = 0.08","all",0.709506359495866,0.706429267161053,0.714165695123504,0.5,"ratio","Start-year biomass divided by the demonstration carrying capacity K","illustrative production variability","B/K"
2038,"biomass_depletion","F = 0.08","all",0.709506359495866,0.696868474583164,0.721289334507912,0.8,"ratio","Start-year biomass divided by the demonstration carrying capacity K","illustrative production variability","B/K"
2038,"biomass_depletion","F = 0.08","all",0.709506359495866,0.695432259119102,0.724442375884141,0.95,"ratio","Start-year biomass divided by the demonstration carrying capacity K","illustrative production variability","B/K"
2039,"biomass_depletion","F = 0.08","all",0.719168265378927,0.712873572648821,0.723793354578315,0.5,"ratio","Start-year biomass divided by the demonstration carrying capacity K","illustrative production variability","B/K"
2039,"biomass_depletion","F = 0.08","all",0.719168265378927,0.70175320191698,0.726874817474671,0.8,"ratio","Start-year biomass divided by the demonstration carrying capacity K","illustrative production variability","B/K"
2039,"biomass_depletion","F = 0.08","all",0.719168265378927,0.699980832364772,0.733290731838165,0.95,"ratio","Start-year biomass divided by the demonstration carrying capacity K","illustrative production variability","B/K"
2040,"biomass_depletion","F = 0.08","all",0.721038793282436,0.715520345662418,0.728195362985395,0.5,"ratio","Start-year biomass divided by the demonstration carrying capacity K","illustrative production variability","B/K"
2040,"biomass_depletion","F = 0.08","all",0.721038793282436,0.707633015982494,0.732897995149971,0.8,"ratio","Start-year biomass divided by the demonstration carrying capacity K","illustrative production variability","B/K"
2040,"biomass_depletion","F = 0.08","all",0.721038793282436,0.702234707595352,0.73639372200484,0.95,"ratio","Start-year biomass divided by the demonstration carrying capacity K","illustrative production variability","B/K"
2041,"biomass_depletion","F = 0.08","all",0.72449349822681,0.720662040390898,0.731352225196717,0.5,"ratio","Start-year biomass divided by the demonstration carrying capacity K","illustrative production variability","B/K"
2041,"biomass_depletion","F = 0.08","all",0.72449349822681,0.711638514338168,0.737283593349957,0.8,"ratio","Start-year biomass divided by the demonstration carrying capacity K","illustrative production variability","B/K"
2041,"biomass_depletion","F = 0.08","all",0.72449349822681,0.7091675126724,0.740192358142042,0.95,"ratio","Start-year biomass divided by the demonstration carrying capacity K","illustrative production variability","B/K"
2042,"biomass_depletion","F = 0.08","all",0.728903116574649,0.72250166632033,0.735732105005762,0.5,"ratio","Start-year biomass divided by the demonstration carrying capacity K","illustrative production variability","B/K"
2042,"biomass_depletion","F = 0.08","all",0.728903116574649,0.718164935567399,0.737295449069917,0.8,"ratio","Start-year biomass divided by the demonstration carrying capacity K","illustrative production variability","B/K"
2042,"biomass_depletion","F = 0.08","all",0.728903116574649,0.718115418336725,0.744390019445351,0.95,"ratio","Start-year biomass divided by the demonstration carrying capacity K","illustrative production variability","B/K"
2043,"biomass_depletion","F = 0.08","all",0.730190957216533,0.726688868474387,0.737385972579432,0.5,"ratio","Start-year biomass divided by the demonstration carrying capacity K","illustrative production variability","B/K"
2043,"biomass_depletion","F = 0.08","all",0.730190957216533,0.724331990386175,0.739685587125681,0.8,"ratio","Start-year biomass divided by the demonstration carrying capacity K","illustrative production variability","B/K"
2043,"biomass_depletion","F = 0.08","all",0.730190957216533,0.722078582473369,0.745235599563015,0.95,"ratio","Start-year biomass divided by the demonstration carrying capacity K","illustrative production variability","B/K"
2044,"biomass_depletion","F = 0.08","all",0.73473396088672,0.729357246557109,0.742202821626171,0.5,"ratio","Start-year biomass divided by the demonstration carrying capacity K","illustrative production variability","B/K"
2044,"biomass_depletion","F = 0.08","all",0.73473396088672,0.72496649851704,0.744400391444265,0.8,"ratio","Start-year biomass divided by the demonstration carrying capacity K","illustrative production variability","B/K"
2044,"biomass_depletion","F = 0.08","all",0.73473396088672,0.721824762319862,0.749993701201473,0.95,"ratio","Start-year biomass divided by the demonstration carrying capacity K","illustrative production variability","B/K"
2045,"biomass_depletion","F = 0.08","all",0.736025499157399,0.728922956070151,0.739209413600122,0.5,"ratio","Start-year biomass divided by the demonstration carrying capacity K","illustrative production variability","B/K"
2045,"biomass_depletion","F = 0.08","all",0.736025499157399,0.723024889393378,0.743569670237105,0.8,"ratio","Start-year biomass divided by the demonstration carrying capacity K","illustrative production variability","B/K"
2045,"biomass_depletion","F = 0.08","all",0.736025499157399,0.721254081522646,0.747785350471766,0.95,"ratio","Start-year biomass divided by the demonstration carrying capacity K","illustrative production variability","B/K"
2046,"biomass_depletion","F = 0.08","all",0.738489675432767,0.730932477534914,0.741347364668348,0.5,"ratio","Start-year biomass divided by the demonstration carrying capacity K","illustrative production variability","B/K"
2046,"biomass_depletion","F = 0.08","all",0.738489675432767,0.724337463572912,0.746805339433659,0.8,"ratio","Start-year biomass divided by the demonstration carrying capacity K","illustrative production variability","B/K"
2046,"biomass_depletion","F = 0.08","all",0.738489675432767,0.722008996523178,0.750073084838584,0.95,"ratio","Start-year biomass divided by the demonstration carrying capacity K","illustrative production variability","B/K"
2047,"biomass_depletion","F = 0.08","all",0.741758423389188,0.734210590692417,0.744491506043476,0.5,"ratio","Start-year biomass divided by the demonstration carrying capacity K","illustrative production variability","B/K"
2047,"biomass_depletion","F = 0.08","all",0.741758423389188,0.7245226174751,0.746240386132061,0.8,"ratio","Start-year biomass divided by the demonstration carrying capacity K","illustrative production variability","B/K"
2047,"biomass_depletion","F = 0.08","all",0.741758423389188,0.72208438494731,0.749805258893165,0.95,"ratio","Start-year biomass divided by the demonstration carrying capacity K","illustrative production variability","B/K"
2048,"biomass_depletion","F = 0.08","all",0.745800643687728,0.737664149620238,0.74726558076537,0.5,"ratio","Start-year biomass divided by the demonstration carrying capacity K","illustrative production variability","B/K"
2048,"biomass_depletion","F = 0.08","all",0.745800643687728,0.723225348953004,0.748486283889469,0.8,"ratio","Start-year biomass divided by the demonstration carrying capacity K","illustrative production variability","B/K"
2048,"biomass_depletion","F = 0.08","all",0.745800643687728,0.722739834290201,0.749386304370759,0.95,"ratio","Start-year biomass divided by the demonstration carrying capacity K","illustrative production variability","B/K"
2049,"biomass_depletion","F = 0.08","all",0.743885779119744,0.737702799327367,0.74602411346047,0.5,"ratio","Start-year biomass divided by the demonstration carrying capacity K","illustrative production variability","B/K"
2049,"biomass_depletion","F = 0.08","all",0.743885779119744,0.734247467369821,0.750291810033784,0.8,"ratio","Start-year biomass divided by the demonstration carrying capacity K","illustrative production variability","B/K"
2049,"biomass_depletion","F = 0.08","all",0.743885779119744,0.724429865632916,0.753223095360094,0.95,"ratio","Start-year biomass divided by the demonstration carrying capacity K","illustrative production variability","B/K"
2050,"biomass_depletion","F = 0.08","all",0.744749843757006,0.736288435891402,0.748124408350594,0.5,"ratio","Start-year biomass divided by the demonstration carrying capacity K","illustrative production variability","B/K"
2050,"biomass_depletion","F = 0.08","all",0.744749843757006,0.729298334397384,0.751944955555185,0.8,"ratio","Start-year biomass divided by the demonstration carrying capacity K","illustrative production variability","B/K"
2050,"biomass_depletion","F = 0.08","all",0.744749843757006,0.727449342942716,0.754608777773533,0.95,"ratio","Start-year biomass divided by the demonstration carrying capacity K","illustrative production variability","B/K"
2051,"biomass_depletion","F = 0.08","all",0.744281285261565,0.739153971914764,0.746396283653902,0.5,"ratio","Start-year biomass divided by the demonstration carrying capacity K","illustrative production variability","B/K"
2051,"biomass_depletion","F = 0.08","all",0.744281285261565,0.730903952901958,0.750487521642973,0.8,"ratio","Start-year biomass divided by the demonstration carrying capacity K","illustrative production variability","B/K"
2051,"biomass_depletion","F = 0.08","all",0.744281285261565,0.726792266250916,0.756399881920698,0.95,"ratio","Start-year biomass divided by the demonstration carrying capacity K","illustrative production variability","B/K"
2052,"biomass_depletion","F = 0.08","all",0.74271365173709,0.739563142503438,0.748443041632134,0.5,"ratio","Start-year biomass divided by the demonstration carrying capacity K","illustrative production variability","B/K"
2052,"biomass_depletion","F = 0.08","all",0.74271365173709,0.737781864513414,0.751949839711943,0.8,"ratio","Start-year biomass divided by the demonstration carrying capacity K","illustrative production variability","B/K"
2052,"biomass_depletion","F = 0.08","all",0.74271365173709,0.734707443581195,0.754460551271881,0.95,"ratio","Start-year biomass divided by the demonstration carrying capacity K","illustrative production variability","B/K"
2023,"catch","F = 0.08","all",69419.6589569872,69419.6589569872,69419.6589569872,0.5,"t","Annual catch; fixed in the catch scenario and calculated from biomass and F in the F scenarios","illustrative production variability","Annual catch"
2023,"catch","F = 0.08","all",69419.6589569872,69419.6589569872,69419.6589569872,0.8,"t","Annual catch; fixed in the catch scenario and calculated from biomass and F in the F scenarios","illustrative production variability","Annual catch"
2023,"catch","F = 0.08","all",69419.6589569872,69419.6589569872,69419.6589569872,0.95,"t","Annual catch; fixed in the catch scenario and calculated from biomass and F in the F scenarios","illustrative production variability","Annual catch"
2024,"catch","F = 0.08","all",78434.9905478193,77763.109076143,79251.1994246968,0.5,"t","Annual catch; fixed in the catch scenario and calculated from biomass and F in the F scenarios","illustrative production variability","Annual catch"
2024,"catch","F = 0.08","all",78434.9905478193,77351.7447805582,80046.1513455264,0.8,"t","Annual catch; fixed in the catch scenario and calculated from biomass and F in the F scenarios","illustrative production variability","Annual catch"
2024,"catch","F = 0.08","all",78434.9905478193,76963.1132601357,80949.0399269861,0.95,"t","Annual catch; fixed in the catch scenario and calculated from biomass and F in the F scenarios","illustrative production variability","Annual catch"
2025,"catch","F = 0.08","all",87943.1844423325,86506.565225077,89100.9603276694,0.5,"t","Annual catch; fixed in the catch scenario and calculated from biomass and F in the F scenarios","illustrative production variability","Annual catch"
2025,"catch","F = 0.08","all",87943.1844423325,86168.6027318198,90784.719843835,0.8,"t","Annual catch; fixed in the catch scenario and calculated from biomass and F in the F scenarios","illustrative production variability","Annual catch"
2025,"catch","F = 0.08","all",87943.1844423325,85352.6473886602,92328.7608159069,0.95,"t","Annual catch; fixed in the catch scenario and calculated from biomass and F in the F scenarios","illustrative production variability","Annual catch"
2026,"catch","F = 0.08","all",98277.6692708669,95996.6827909886,99079.1802836554,0.5,"t","Annual catch; fixed in the catch scenario and calculated from biomass and F in the F scenarios","illustrative production variability","Annual catch"
2026,"catch","F = 0.08","all",98277.6692708669,94617.8615902602,101557.80633504,0.8,"t","Annual catch; fixed in the catch scenario and calculated from biomass and F in the F scenarios","illustrative production variability","Annual catch"
2026,"catch","F = 0.08","all",98277.6692708669,93797.2817912489,102073.442679072,0.95,"t","Annual catch; fixed in the catch scenario and calculated from biomass and F in the F scenarios","illustrative production variability","Annual catch"
2027,"catch","F = 0.08","all",107790.161215126,106213.95129924,109354.119623436,0.5,"t","Annual catch; fixed in the catch scenario and calculated from biomass and F in the F scenarios","illustrative production variability","Annual catch"
2027,"catch","F = 0.08","all",107790.161215126,102765.681052942,110856.796459185,0.8,"t","Annual catch; fixed in the catch scenario and calculated from biomass and F in the F scenarios","illustrative production variability","Annual catch"
2027,"catch","F = 0.08","all",107790.161215126,101649.780982645,111832.005660463,0.95,"t","Annual catch; fixed in the catch scenario and calculated from biomass and F in the F scenarios","illustrative production variability","Annual catch"
2028,"catch","F = 0.08","all",117688.387788454,116398.824138948,118706.051612028,0.5,"t","Annual catch; fixed in the catch scenario and calculated from biomass and F in the F scenarios","illustrative production variability","Annual catch"
2028,"catch","F = 0.08","all",117688.387788454,112947.600452622,120850.121187331,0.8,"t","Annual catch; fixed in the catch scenario and calculated from biomass and F in the F scenarios","illustrative production variability","Annual catch"
2028,"catch","F = 0.08","all",117688.387788454,112661.69438063,123107.696895418,0.95,"t","Annual catch; fixed in the catch scenario and calculated from biomass and F in the F scenarios","illustrative production variability","Annual catch"
2029,"catch","F = 0.08","all",126443.613049204,124738.009137129,127969.853727923,0.5,"t","Annual catch; fixed in the catch scenario and calculated from biomass and F in the F scenarios","illustrative production variability","Annual catch"
2029,"catch","F = 0.08","all",126443.613049204,121326.163925705,130023.398047972,0.8,"t","Annual catch; fixed in the catch scenario and calculated from biomass and F in the F scenarios","illustrative production variability","Annual catch"
2029,"catch","F = 0.08","all",126443.613049204,121080.117150708,132021.991016526,0.95,"t","Annual catch; fixed in the catch scenario and calculated from biomass and F in the F scenarios","illustrative production variability","Annual catch"
2030,"catch","F = 0.08","all",135709.927096565,133138.769875595,137633.978762724,0.5,"t","Annual catch; fixed in the catch scenario and calculated from biomass and F in the F scenarios","illustrative production variability","Annual catch"
2030,"catch","F = 0.08","all",135709.927096565,129850.758242219,138532.250227991,0.8,"t","Annual catch; fixed in the catch scenario and calculated from biomass and F in the F scenarios","illustrative production variability","Annual catch"
2030,"catch","F = 0.08","all",135709.927096565,126626.880413496,139933.693642465,0.95,"t","Annual catch; fixed in the catch scenario and calculated from biomass and F in the F scenarios","illustrative production variability","Annual catch"
2031,"catch","F = 0.08","all",143417.307247907,140732.022821526,144428.48659608,0.5,"t","Annual catch; fixed in the catch scenario and calculated from biomass and F in the F scenarios","illustrative production variability","Annual catch"
2031,"catch","F = 0.08","all",143417.307247907,138157.504557295,146798.800501272,0.8,"t","Annual catch; fixed in the catch scenario and calculated from biomass and F in the F scenarios","illustrative production variability","Annual catch"
2031,"catch","F = 0.08","all",143417.307247907,136541.202165265,148318.416257081,0.95,"t","Annual catch; fixed in the catch scenario and calculated from biomass and F in the F scenarios","illustrative production variability","Annual catch"
2032,"catch","F = 0.08","all",149418.371117344,147505.859436115,151337.446213248,0.5,"t","Annual catch; fixed in the catch scenario and calculated from biomass and F in the F scenarios","illustrative production variability","Annual catch"
2032,"catch","F = 0.08","all",149418.371117344,145762.168958534,154605.697941735,0.8,"t","Annual catch; fixed in the catch scenario and calculated from biomass and F in the F scenarios","illustrative production variability","Annual catch"
2032,"catch","F = 0.08","all",149418.371117344,144380.173803151,156333.802039964,0.95,"t","Annual catch; fixed in the catch scenario and calculated from biomass and F in the F scenarios","illustrative production variability","Annual catch"
2033,"catch","F = 0.08","all",155791.814695176,152052.18894768,156864.342527829,0.5,"t","Annual catch; fixed in the catch scenario and calculated from biomass and F in the F scenarios","illustrative production variability","Annual catch"
2033,"catch","F = 0.08","all",155791.814695176,150457.698320512,159664.517870006,0.8,"t","Annual catch; fixed in the catch scenario and calculated from biomass and F in the F scenarios","illustrative production variability","Annual catch"
2033,"catch","F = 0.08","all",155791.814695176,147298.25411396,162075.514039146,0.95,"t","Annual catch; fixed in the catch scenario and calculated from biomass and F in the F scenarios","illustrative production variability","Annual catch"
2034,"catch","F = 0.08","all",160345.153317766,158554.219371048,162867.892971613,0.5,"t","Annual catch; fixed in the catch scenario and calculated from biomass and F in the F scenarios","illustrative production variability","Annual catch"
2034,"catch","F = 0.08","all",160345.153317766,156146.554684377,163955.074424553,0.8,"t","Annual catch; fixed in the catch scenario and calculated from biomass and F in the F scenarios","illustrative production variability","Annual catch"
2034,"catch","F = 0.08","all",160345.153317766,152892.270585433,164956.204659298,0.95,"t","Annual catch; fixed in the catch scenario and calculated from biomass and F in the F scenarios","illustrative production variability","Annual catch"
2035,"catch","F = 0.08","all",164899.817762845,161309.899680566,165953.82416844,0.5,"t","Annual catch; fixed in the catch scenario and calculated from biomass and F in the F scenarios","illustrative production variability","Annual catch"
2035,"catch","F = 0.08","all",164899.817762845,160111.043493197,166581.536708876,0.8,"t","Annual catch; fixed in the catch scenario and calculated from biomass and F in the F scenarios","illustrative production variability","Annual catch"
2035,"catch","F = 0.08","all",164899.817762845,156690.261921238,167968.14364244,0.95,"t","Annual catch; fixed in the catch scenario and calculated from biomass and F in the F scenarios","illustrative production variability","Annual catch"
2036,"catch","F = 0.08","all",168206.193455518,166548.509857442,168654.780245667,0.5,"t","Annual catch; fixed in the catch scenario and calculated from biomass and F in the F scenarios","illustrative production variability","Annual catch"
2036,"catch","F = 0.08","all",168206.193455518,163654.602233636,169721.383078337,0.8,"t","Annual catch; fixed in the catch scenario and calculated from biomass and F in the F scenarios","illustrative production variability","Annual catch"
2036,"catch","F = 0.08","all",168206.193455518,163089.19297843,171324.3134184,0.95,"t","Annual catch; fixed in the catch scenario and calculated from biomass and F in the F scenarios","illustrative production variability","Annual catch"
2037,"catch","F = 0.08","all",169982.745833567,168827.330671237,171491.975882437,0.5,"t","Annual catch; fixed in the catch scenario and calculated from biomass and F in the F scenarios","illustrative production variability","Annual catch"
2037,"catch","F = 0.08","all",169982.745833567,167635.725392445,172440.158545064,0.8,"t","Annual catch; fixed in the catch scenario and calculated from biomass and F in the F scenarios","illustrative production variability","Annual catch"
2037,"catch","F = 0.08","all",169982.745833567,165877.14834073,175400.070106963,0.95,"t","Annual catch; fixed in the catch scenario and calculated from biomass and F in the F scenarios","illustrative production variability","Annual catch"
2038,"catch","F = 0.08","all",172106.465372897,171360.048546208,173236.690317503,0.5,"t","Annual catch; fixed in the catch scenario and calculated from biomass and F in the F scenarios","illustrative production variability","Annual catch"
2038,"catch","F = 0.08","all",172106.465372897,169040.866773246,174964.686661205,0.8,"t","Annual catch; fixed in the catch scenario and calculated from biomass and F in the F scenarios","illustrative production variability","Annual catch"
2038,"catch","F = 0.08","all",172106.465372897,168692.480936071,175729.526608267,0.95,"t","Annual catch; fixed in the catch scenario and calculated from biomass and F in the F scenarios","illustrative production variability","Annual catch"
2039,"catch","F = 0.08","all",174450.174415168,172923.25742297,175572.092130898,0.5,"t","Annual catch; fixed in the catch scenario and calculated from biomass and F in the F scenarios","illustrative production variability","Annual catch"
2039,"catch","F = 0.08","all",174450.174415168,170225.765462992,176319.569133988,0.8,"t","Annual catch; fixed in the catch scenario and calculated from biomass and F in the F scenarios","illustrative production variability","Annual catch"
2039,"catch","F = 0.08","all",174450.174415168,169795.838014305,177875.891115402,0.95,"t","Annual catch; fixed in the catch scenario and calculated from biomass and F in the F scenarios","illustrative production variability","Annual catch"
2040,"catch","F = 0.08","all",174903.912343724,173565.290777454,176639.896664775,0.5,"t","Annual catch; fixed in the catch scenario and calculated from biomass and F in the F scenarios","illustrative production variability","Annual catch"
2040,"catch","F = 0.08","all",174903.912343724,171652.044455875,177780.624142354,0.8,"t","Annual catch; fixed in the catch scenario and calculated from biomass and F in the F scenarios","illustrative production variability","Annual catch"
2040,"catch","F = 0.08","all",174903.912343724,170342.565318628,178628.5900342,0.95,"t","Annual catch; fixed in the catch scenario and calculated from biomass and F in the F scenarios","illustrative production variability","Annual catch"
2041,"catch","F = 0.08","all",175741.927463567,174812.522594197,177405.663439925,0.5,"t","Annual catch; fixed in the catch scenario and calculated from biomass and F in the F scenarios","illustrative production variability","Annual catch"
2041,"catch","F = 0.08","all",175741.927463567,172623.666703971,178844.448017424,0.8,"t","Annual catch; fixed in the catch scenario and calculated from biomass and F in the F scenarios","illustrative production variability","Annual catch"
2041,"catch","F = 0.08","all",175741.927463567,172024.270578856,179550.033274365,0.95,"t","Annual catch; fixed in the catch scenario and calculated from biomass and F in the F scenarios","illustrative production variability","Annual catch"
2042,"catch","F = 0.08","all",176811.577956945,175258.764565232,178468.100192752,0.5,"t","Annual catch; fixed in the catch scenario and calculated from biomass and F in the F scenarios","illustrative production variability","Annual catch"
2042,"catch","F = 0.08","all",176811.577956945,174206.794570641,178847.323884608,0.8,"t","Annual catch; fixed in the catch scenario and calculated from biomass and F in the F scenarios","illustrative production variability","Annual catch"
2042,"catch","F = 0.08","all",176811.577956945,174194.783070769,180568.268897029,0.95,"t","Annual catch; fixed in the catch scenario and calculated from biomass and F in the F scenarios","illustrative production variability","Annual catch"
2043,"catch","F = 0.08","all",177123.972198197,176274.463089835,178869.28236468,0.5,"t","Annual catch; fixed in the catch scenario and calculated from biomass and F in the F scenarios","illustrative production variability","Annual catch"
2043,"catch","F = 0.08","all",177123.972198197,175702.750163449,179427.104752003,0.8,"t","Annual catch; fixed in the catch scenario and calculated from biomass and F in the F scenarios","illustrative production variability","Annual catch"
2043,"catch","F = 0.08","all",177123.972198197,175156.136217392,180773.383063087,0.95,"t","Annual catch; fixed in the catch scenario and calculated from biomass and F in the F scenarios","illustrative production variability","Annual catch"
2044,"catch","F = 0.08","all",178225.978252671,176921.737231848,180037.715674084,0.5,"t","Annual catch; fixed in the catch scenario and calculated from biomass and F in the F scenarios","illustrative production variability","Annual catch"
2044,"catch","F = 0.08","all",178225.978252671,175856.664149126,180570.784854847,0.8,"t","Annual catch; fixed in the catch scenario and calculated from biomass and F in the F scenarios","illustrative production variability","Annual catch"
2044,"catch","F = 0.08","all",178225.978252671,175094.56652337,181927.565888822,0.95,"t","Annual catch; fixed in the catch scenario and calculated from biomass and F in the F scenarios","illustrative production variability","Annual catch"
2045,"catch","F = 0.08","all",178539.269435598,176816.39046553,179311.598328007,0.5,"t","Annual catch; fixed in the catch scenario and calculated from biomass and F in the F scenarios","illustrative production variability","Annual catch"
2045,"catch","F = 0.08","all",178539.269435598,175385.683897946,180369.275046286,0.8,"t","Annual catch; fixed in the catch scenario and calculated from biomass and F in the F scenarios","illustrative production variability","Annual catch"
2045,"catch","F = 0.08","all",178539.269435598,174956.135269654,181391.881559419,0.95,"t","Annual catch; fixed in the catch scenario and calculated from biomass and F in the F scenarios","illustrative production variability","Annual catch"
2046,"catch","F = 0.08","all",179137.009911258,177303.844357609,179830.20566192,0.5,"t","Annual catch; fixed in the catch scenario and calculated from biomass and F in the F scenarios","illustrative production variability","Annual catch"
2046,"catch","F = 0.08","all",179137.009911258,175704.077805986,181154.158199315,0.8,"t","Annual catch; fixed in the catch scenario and calculated from biomass and F in the F scenarios","illustrative production variability","Annual catch"
2046,"catch","F = 0.08","all",179137.009911258,175139.256605579,181946.822146372,0.95,"t","Annual catch; fixed in the catch scenario and calculated from biomass and F in the F scenarios","illustrative production variability","Annual catch"
2047,"catch","F = 0.08","all",179929.917049362,178099.023232441,180592.886716802,0.5,"t","Annual catch; fixed in the catch scenario and calculated from biomass and F in the F scenarios","illustrative production variability","Annual catch"
2047,"catch","F = 0.08","all",179929.917049362,175748.990981505,181017.116276381,0.8,"t","Annual catch; fixed in the catch scenario and calculated from biomass and F in the F scenarios","illustrative production variability","Annual catch"
2047,"catch","F = 0.08","all",179929.917049362,175157.543735826,181881.855037643,0.95,"t","Annual catch; fixed in the catch scenario and calculated from biomass and F in the F scenarios","illustrative production variability","Annual catch"
2048,"catch","F = 0.08","all",180910.447017176,178936.760360614,181265.799917192,0.5,"t","Annual catch; fixed in the catch scenario and calculated from biomass and F in the F scenarios","illustrative production variability","Annual catch"
2048,"catch","F = 0.08","all",180910.447017176,175434.309799315,181561.908468083,0.8,"t","Annual catch; fixed in the catch scenario and calculated from biomass and F in the F scenarios","illustrative production variability","Annual catch"
2048,"catch","F = 0.08","all",180910.447017176,175316.537475807,181780.228348836,0.95,"t","Annual catch; fixed in the catch scenario and calculated from biomass and F in the F scenarios","illustrative production variability","Annual catch"
2049,"catch","F = 0.08","all",180445.954249701,178946.135702206,180964.654554839,0.5,"t","Annual catch; fixed in the catch scenario and calculated from biomass and F in the F scenarios","illustrative production variability","Annual catch"
2049,"catch","F = 0.08","all",180445.954249701,178107.968486445,181999.878781778,0.8,"t","Annual catch; fixed in the catch scenario and calculated from biomass and F in the F scenarios","illustrative production variability","Annual catch"
2049,"catch","F = 0.08","all",180445.954249701,175726.491970042,182710.926892564,0.95,"t","Annual catch; fixed in the catch scenario and calculated from biomass and F in the F scenarios","illustrative production variability","Annual catch"
2050,"catch","F = 0.08","all",180655.552244959,178603.050557923,181474.127549608,0.5,"t","Annual catch; fixed in the catch scenario and calculated from biomass and F in the F scenarios","illustrative production variability","Annual catch"
2050,"catch","F = 0.08","all",180655.552244959,176907.446784071,182400.885803952,0.8,"t","Annual catch; fixed in the catch scenario and calculated from biomass and F in the F scenarios","illustrative production variability","Annual catch"
2050,"catch","F = 0.08","all",180655.552244959,176458.932997678,183047.054820263,0.95,"t","Annual catch; fixed in the catch scenario and calculated from biomass and F in the F scenarios","illustrative production variability","Annual catch"
2051,"catch","F = 0.08","all",180541.893015001,179298.149720572,181054.932669547,0.5,"t","Annual catch; fixed in the catch scenario and calculated from biomass and F in the F scenarios","illustrative production variability","Annual catch"
2051,"catch","F = 0.08","all",180541.893015001,177296.925076776,182047.352962719,0.8,"t","Annual catch; fixed in the catch scenario and calculated from biomass and F in the F scenarios","illustrative production variability","Annual catch"
2051,"catch","F = 0.08","all",180541.893015001,176299.544508215,183481.526759461,0.95,"t","Annual catch; fixed in the catch scenario and calculated from biomass and F in the F scenarios","illustrative production variability","Annual catch"
2052,"catch","F = 0.08","all",180161.628819639,179397.403099783,181551.419101829,0.5,"t","Annual catch; fixed in the catch scenario and calculated from biomass and F in the F scenarios","illustrative production variability","Annual catch"
2052,"catch","F = 0.08","all",180161.628819639,178965.314712404,182402.070564236,0.8,"t","Annual catch; fixed in the catch scenario and calculated from biomass and F in the F scenarios","illustrative production variability","Annual catch"
2052,"catch","F = 0.08","all",180161.628819639,178219.545893519,183011.099202766,0.95,"t","Annual catch; fixed in the catch scenario and calculated from biomass and F in the F scenarios","illustrative production variability","Annual catch"
2023,"fishing_mortality","F = 0.08","all",0.08,0.08,0.08,0.5,"per year","Instantaneous annual F; fixed in F scenarios and solved from catch in the catch scenario","illustrative production variability","Fishing mortality"
2023,"fishing_mortality","F = 0.08","all",0.08,0.08,0.08,0.8,"per year","Instantaneous annual F; fixed in F scenarios and solved from catch in the catch scenario","illustrative production variability","Fishing mortality"
2023,"fishing_mortality","F = 0.08","all",0.08,0.08,0.08,0.95,"per year","Instantaneous annual F; fixed in F scenarios and solved from catch in the catch scenario","illustrative production variability","Fishing mortality"
2024,"fishing_mortality","F = 0.08","all",0.08,0.08,0.08,0.5,"per year","Instantaneous annual F; fixed in F scenarios and solved from catch in the catch scenario","illustrative production variability","Fishing mortality"
2024,"fishing_mortality","F = 0.08","all",0.08,0.08,0.08,0.8,"per year","Instantaneous annual F; fixed in F scenarios and solved from catch in the catch scenario","illustrative production variability","Fishing mortality"
2024,"fishing_mortality","F = 0.08","all",0.08,0.08,0.08,0.95,"per year","Instantaneous annual F; fixed in F scenarios and solved from catch in the catch scenario","illustrative production variability","Fishing mortality"
2025,"fishing_mortality","F = 0.08","all",0.08,0.08,0.08,0.5,"per year","Instantaneous annual F; fixed in F scenarios and solved from catch in the catch scenario","illustrative production variability","Fishing mortality"
2025,"fishing_mortality","F = 0.08","all",0.08,0.08,0.08,0.8,"per year","Instantaneous annual F; fixed in F scenarios and solved from catch in the catch scenario","illustrative production variability","Fishing mortality"
2025,"fishing_mortality","F = 0.08","all",0.08,0.08,0.08,0.95,"per year","Instantaneous annual F; fixed in F scenarios and solved from catch in the catch scenario","illustrative production variability","Fishing mortality"
2026,"fishing_mortality","F = 0.08","all",0.08,0.08,0.08,0.5,"per year","Instantaneous annual F; fixed in F scenarios and solved from catch in the catch scenario","illustrative production variability","Fishing mortality"
2026,"fishing_mortality","F = 0.08","all",0.08,0.08,0.08,0.8,"per year","Instantaneous annual F; fixed in F scenarios and solved from catch in the catch scenario","illustrative production variability","Fishing mortality"
2026,"fishing_mortality","F = 0.08","all",0.08,0.08,0.08,0.95,"per year","Instantaneous annual F; fixed in F scenarios and solved from catch in the catch scenario","illustrative production variability","Fishing mortality"
2027,"fishing_mortality","F = 0.08","all",0.08,0.08,0.08,0.5,"per year","Instantaneous annual F; fixed in F scenarios and solved from catch in the catch scenario","illustrative production variability","Fishing mortality"
2027,"fishing_mortality","F = 0.08","all",0.08,0.08,0.08,0.8,"per year","Instantaneous annual F; fixed in F scenarios and solved from catch in the catch scenario","illustrative production variability","Fishing mortality"
2027,"fishing_mortality","F = 0.08","all",0.08,0.08,0.08,0.95,"per year","Instantaneous annual F; fixed in F scenarios and solved from catch in the catch scenario","illustrative production variability","Fishing mortality"
2028,"fishing_mortality","F = 0.08","all",0.08,0.08,0.08,0.5,"per year","Instantaneous annual F; fixed in F scenarios and solved from catch in the catch scenario","illustrative production variability","Fishing mortality"
2028,"fishing_mortality","F = 0.08","all",0.08,0.08,0.08,0.8,"per year","Instantaneous annual F; fixed in F scenarios and solved from catch in the catch scenario","illustrative production variability","Fishing mortality"
2028,"fishing_mortality","F = 0.08","all",0.08,0.08,0.08,0.95,"per year","Instantaneous annual F; fixed in F scenarios and solved from catch in the catch scenario","illustrative production variability","Fishing mortality"
2029,"fishing_mortality","F = 0.08","all",0.08,0.08,0.08,0.5,"per year","Instantaneous annual F; fixed in F scenarios and solved from catch in the catch scenario","illustrative production variability","Fishing mortality"
2029,"fishing_mortality","F = 0.08","all",0.08,0.08,0.08,0.8,"per year","Instantaneous annual F; fixed in F scenarios and solved from catch in the catch scenario","illustrative production variability","Fishing mortality"
2029,"fishing_mortality","F = 0.08","all",0.08,0.08,0.08,0.95,"per year","Instantaneous annual F; fixed in F scenarios and solved from catch in the catch scenario","illustrative production variability","Fishing mortality"
2030,"fishing_mortality","F = 0.08","all",0.08,0.08,0.08,0.5,"per year","Instantaneous annual F; fixed in F scenarios and solved from catch in the catch scenario","illustrative production variability","Fishing mortality"
2030,"fishing_mortality","F = 0.08","all",0.08,0.08,0.08,0.8,"per year","Instantaneous annual F; fixed in F scenarios and solved from catch in the catch scenario","illustrative production variability","Fishing mortality"
2030,"fishing_mortality","F = 0.08","all",0.08,0.08,0.08,0.95,"per year","Instantaneous annual F; fixed in F scenarios and solved from catch in the catch scenario","illustrative production variability","Fishing mortality"
2031,"fishing_mortality","F = 0.08","all",0.08,0.08,0.08,0.5,"per year","Instantaneous annual F; fixed in F scenarios and solved from catch in the catch scenario","illustrative production variability","Fishing mortality"
2031,"fishing_mortality","F = 0.08","all",0.08,0.08,0.08,0.8,"per year","Instantaneous annual F; fixed in F scenarios and solved from catch in the catch scenario","illustrative production variability","Fishing mortality"
2031,"fishing_mortality","F = 0.08","all",0.08,0.08,0.08,0.95,"per year","Instantaneous annual F; fixed in F scenarios and solved from catch in the catch scenario","illustrative production variability","Fishing mortality"
2032,"fishing_mortality","F = 0.08","all",0.08,0.08,0.08,0.5,"per year","Instantaneous annual F; fixed in F scenarios and solved from catch in the catch scenario","illustrative production variability","Fishing mortality"
2032,"fishing_mortality","F = 0.08","all",0.08,0.08,0.08,0.8,"per year","Instantaneous annual F; fixed in F scenarios and solved from catch in the catch scenario","illustrative production variability","Fishing mortality"
2032,"fishing_mortality","F = 0.08","all",0.08,0.08,0.08,0.95,"per year","Instantaneous annual F; fixed in F scenarios and solved from catch in the catch scenario","illustrative production variability","Fishing mortality"
2033,"fishing_mortality","F = 0.08","all",0.08,0.08,0.08,0.5,"per year","Instantaneous annual F; fixed in F scenarios and solved from catch in the catch scenario","illustrative production variability","Fishing mortality"
2033,"fishing_mortality","F = 0.08","all",0.08,0.08,0.08,0.8,"per year","Instantaneous annual F; fixed in F scenarios and solved from catch in the catch scenario","illustrative production variability","Fishing mortality"
2033,"fishing_mortality","F = 0.08","all",0.08,0.08,0.08,0.95,"per year","Instantaneous annual F; fixed in F scenarios and solved from catch in the catch scenario","illustrative production variability","Fishing mortality"
2034,"fishing_mortality","F = 0.08","all",0.08,0.08,0.08,0.5,"per year","Instantaneous annual F; fixed in F scenarios and solved from catch in the catch scenario","illustrative production variability","Fishing mortality"
2034,"fishing_mortality","F = 0.08","all",0.08,0.08,0.08,0.8,"per year","Instantaneous annual F; fixed in F scenarios and solved from catch in the catch scenario","illustrative production variability","Fishing mortality"
2034,"fishing_mortality","F = 0.08","all",0.08,0.08,0.08,0.95,"per year","Instantaneous annual F; fixed in F scenarios and solved from catch in the catch scenario","illustrative production variability","Fishing mortality"
2035,"fishing_mortality","F = 0.08","all",0.08,0.08,0.08,0.5,"per year","Instantaneous annual F; fixed in F scenarios and solved from catch in the catch scenario","illustrative production variability","Fishing mortality"
2035,"fishing_mortality","F = 0.08","all",0.08,0.08,0.08,0.8,"per year","Instantaneous annual F; fixed in F scenarios and solved from catch in the catch scenario","illustrative production variability","Fishing mortality"
2035,"fishing_mortality","F = 0.08","all",0.08,0.08,0.08,0.95,"per year","Instantaneous annual F; fixed in F scenarios and solved from catch in the catch scenario","illustrative production variability","Fishing mortality"
2036,"fishing_mortality","F = 0.08","all",0.08,0.08,0.08,0.5,"per year","Instantaneous annual F; fixed in F scenarios and solved from catch in the catch scenario","illustrative production variability","Fishing mortality"
2036,"fishing_mortality","F = 0.08","all",0.08,0.08,0.08,0.8,"per year","Instantaneous annual F; fixed in F scenarios and solved from catch in the catch scenario","illustrative production variability","Fishing mortality"
2036,"fishing_mortality","F = 0.08","all",0.08,0.08,0.08,0.95,"per year","Instantaneous annual F; fixed in F scenarios and solved from catch in the catch scenario","illustrative production variability","Fishing mortality"
2037,"fishing_mortality","F = 0.08","all",0.08,0.08,0.08,0.5,"per year","Instantaneous annual F; fixed in F scenarios and solved from catch in the catch scenario","illustrative production variability","Fishing mortality"
2037,"fishing_mortality","F = 0.08","all",0.08,0.08,0.08,0.8,"per year","Instantaneous annual F; fixed in F scenarios and solved from catch in the catch scenario","illustrative production variability","Fishing mortality"
2037,"fishing_mortality","F = 0.08","all",0.08,0.08,0.08,0.95,"per year","Instantaneous annual F; fixed in F scenarios and solved from catch in the catch scenario","illustrative production variability","Fishing mortality"
2038,"fishing_mortality","F = 0.08","all",0.08,0.08,0.08,0.5,"per year","Instantaneous annual F; fixed in F scenarios and solved from catch in the catch scenario","illustrative production variability","Fishing mortality"
2038,"fishing_mortality","F = 0.08","all",0.08,0.08,0.08,0.8,"per year","Instantaneous annual F; fixed in F scenarios and solved from catch in the catch scenario","illustrative production variability","Fishing mortality"
2038,"fishing_mortality","F = 0.08","all",0.08,0.08,0.08,0.95,"per year","Instantaneous annual F; fixed in F scenarios and solved from catch in the catch scenario","illustrative production variability","Fishing mortality"
2039,"fishing_mortality","F = 0.08","all",0.08,0.08,0.08,0.5,"per year","Instantaneous annual F; fixed in F scenarios and solved from catch in the catch scenario","illustrative production variability","Fishing mortality"
2039,"fishing_mortality","F = 0.08","all",0.08,0.08,0.08,0.8,"per year","Instantaneous annual F; fixed in F scenarios and solved from catch in the catch scenario","illustrative production variability","Fishing mortality"
2039,"fishing_mortality","F = 0.08","all",0.08,0.08,0.08,0.95,"per year","Instantaneous annual F; fixed in F scenarios and solved from catch in the catch scenario","illustrative production variability","Fishing mortality"
2040,"fishing_mortality","F = 0.08","all",0.08,0.08,0.08,0.5,"per year","Instantaneous annual F; fixed in F scenarios and solved from catch in the catch scenario","illustrative production variability","Fishing mortality"
2040,"fishing_mortality","F = 0.08","all",0.08,0.08,0.08,0.8,"per year","Instantaneous annual F; fixed in F scenarios and solved from catch in the catch scenario","illustrative production variability","Fishing mortality"
2040,"fishing_mortality","F = 0.08","all",0.08,0.08,0.08,0.95,"per year","Instantaneous annual F; fixed in F scenarios and solved from catch in the catch scenario","illustrative production variability","Fishing mortality"
2041,"fishing_mortality","F = 0.08","all",0.08,0.08,0.08,0.5,"per year","Instantaneous annual F; fixed in F scenarios and solved from catch in the catch scenario","illustrative production variability","Fishing mortality"
2041,"fishing_mortality","F = 0.08","all",0.08,0.08,0.08,0.8,"per year","Instantaneous annual F; fixed in F scenarios and solved from catch in the catch scenario","illustrative production variability","Fishing mortality"
2041,"fishing_mortality","F = 0.08","all",0.08,0.08,0.08,0.95,"per year","Instantaneous annual F; fixed in F scenarios and solved from catch in the catch scenario","illustrative production variability","Fishing mortality"
2042,"fishing_mortality","F = 0.08","all",0.08,0.08,0.08,0.5,"per year","Instantaneous annual F; fixed in F scenarios and solved from catch in the catch scenario","illustrative production variability","Fishing mortality"
2042,"fishing_mortality","F = 0.08","all",0.08,0.08,0.08,0.8,"per year","Instantaneous annual F; fixed in F scenarios and solved from catch in the catch scenario","illustrative production variability","Fishing mortality"
2042,"fishing_mortality","F = 0.08","all",0.08,0.08,0.08,0.95,"per year","Instantaneous annual F; fixed in F scenarios and solved from catch in the catch scenario","illustrative production variability","Fishing mortality"
2043,"fishing_mortality","F = 0.08","all",0.08,0.08,0.08,0.5,"per year","Instantaneous annual F; fixed in F scenarios and solved from catch in the catch scenario","illustrative production variability","Fishing mortality"
2043,"fishing_mortality","F = 0.08","all",0.08,0.08,0.08,0.8,"per year","Instantaneous annual F; fixed in F scenarios and solved from catch in the catch scenario","illustrative production variability","Fishing mortality"
2043,"fishing_mortality","F = 0.08","all",0.08,0.08,0.08,0.95,"per year","Instantaneous annual F; fixed in F scenarios and solved from catch in the catch scenario","illustrative production variability","Fishing mortality"
2044,"fishing_mortality","F = 0.08","all",0.08,0.08,0.08,0.5,"per year","Instantaneous annual F; fixed in F scenarios and solved from catch in the catch scenario","illustrative production variability","Fishing mortality"
2044,"fishing_mortality","F = 0.08","all",0.08,0.08,0.08,0.8,"per year","Instantaneous annual F; fixed in F scenarios and solved from catch in the catch scenario","illustrative production variability","Fishing mortality"
2044,"fishing_mortality","F = 0.08","all",0.08,0.08,0.08,0.95,"per year","Instantaneous annual F; fixed in F scenarios and solved from catch in the catch scenario","illustrative production variability","Fishing mortality"
2045,"fishing_mortality","F = 0.08","all",0.08,0.08,0.08,0.5,"per year","Instantaneous annual F; fixed in F scenarios and solved from catch in the catch scenario","illustrative production variability","Fishing mortality"
2045,"fishing_mortality","F = 0.08","all",0.08,0.08,0.08,0.8,"per year","Instantaneous annual F; fixed in F scenarios and solved from catch in the catch scenario","illustrative production variability","Fishing mortality"
2045,"fishing_mortality","F = 0.08","all",0.08,0.08,0.08,0.95,"per year","Instantaneous annual F; fixed in F scenarios and solved from catch in the catch scenario","illustrative production variability","Fishing mortality"
2046,"fishing_mortality","F = 0.08","all",0.08,0.08,0.08,0.5,"per year","Instantaneous annual F; fixed in F scenarios and solved from catch in the catch scenario","illustrative production variability","Fishing mortality"
2046,"fishing_mortality","F = 0.08","all",0.08,0.08,0.08,0.8,"per year","Instantaneous annual F; fixed in F scenarios and solved from catch in the catch scenario","illustrative production variability","Fishing mortality"
2046,"fishing_mortality","F = 0.08","all",0.08,0.08,0.08,0.95,"per year","Instantaneous annual F; fixed in F scenarios and solved from catch in the catch scenario","illustrative production variability","Fishing mortality"
2047,"fishing_mortality","F = 0.08","all",0.08,0.08,0.08,0.5,"per year","Instantaneous annual F; fixed in F scenarios and solved from catch in the catch scenario","illustrative production variability","Fishing mortality"
2047,"fishing_mortality","F = 0.08","all",0.08,0.08,0.08,0.8,"per year","Instantaneous annual F; fixed in F scenarios and solved from catch in the catch scenario","illustrative production variability","Fishing mortality"
2047,"fishing_mortality","F = 0.08","all",0.08,0.08,0.08,0.95,"per year","Instantaneous annual F; fixed in F scenarios and solved from catch in the catch scenario","illustrative production variability","Fishing mortality"
2048,"fishing_mortality","F = 0.08","all",0.08,0.08,0.08,0.5,"per year","Instantaneous annual F; fixed in F scenarios and solved from catch in the catch scenario","illustrative production variability","Fishing mortality"
2048,"fishing_mortality","F = 0.08","all",0.08,0.08,0.08,0.8,"per year","Instantaneous annual F; fixed in F scenarios and solved from catch in the catch scenario","illustrative production variability","Fishing mortality"
2048,"fishing_mortality","F = 0.08","all",0.08,0.08,0.08,0.95,"per year","Instantaneous annual F; fixed in F scenarios and solved from catch in the catch scenario","illustrative production variability","Fishing mortality"
2049,"fishing_mortality","F = 0.08","all",0.08,0.08,0.08,0.5,"per year","Instantaneous annual F; fixed in F scenarios and solved from catch in the catch scenario","illustrative production variability","Fishing mortality"
2049,"fishing_mortality","F = 0.08","all",0.08,0.08,0.08,0.8,"per year","Instantaneous annual F; fixed in F scenarios and solved from catch in the catch scenario","illustrative production variability","Fishing mortality"
2049,"fishing_mortality","F = 0.08","all",0.08,0.08,0.08,0.95,"per year","Instantaneous annual F; fixed in F scenarios and solved from catch in the catch scenario","illustrative production variability","Fishing mortality"
2050,"fishing_mortality","F = 0.08","all",0.08,0.08,0.08,0.5,"per year","Instantaneous annual F; fixed in F scenarios and solved from catch in the catch scenario","illustrative production variability","Fishing mortality"
2050,"fishing_mortality","F = 0.08","all",0.08,0.08,0.08,0.8,"per year","Instantaneous annual F; fixed in F scenarios and solved from catch in the catch scenario","illustrative production variability","Fishing mortality"
2050,"fishing_mortality","F = 0.08","all",0.08,0.08,0.08,0.95,"per year","Instantaneous annual F; fixed in F scenarios and solved from catch in the catch scenario","illustrative production variability","Fishing mortality"
2051,"fishing_mortality","F = 0.08","all",0.08,0.08,0.08,0.5,"per year","Instantaneous annual F; fixed in F scenarios and solved from catch in the catch scenario","illustrative production variability","Fishing mortality"
2051,"fishing_mortality","F = 0.08","all",0.08,0.08,0.08,0.8,"per year","Instantaneous annual F; fixed in F scenarios and solved from catch in the catch scenario","illustrative production variability","Fishing mortality"
2051,"fishing_mortality","F = 0.08","all",0.08,0.08,0.08,0.95,"per year","Instantaneous annual F; fixed in F scenarios and solved from catch in the catch scenario","illustrative production variability","Fishing mortality"
2052,"fishing_mortality","F = 0.08","all",0.08,0.08,0.08,0.5,"per year","Instantaneous annual F; fixed in F scenarios and solved from catch in the catch scenario","illustrative production variability","Fishing mortality"
2052,"fishing_mortality","F = 0.08","all",0.08,0.08,0.08,0.8,"per year","Instantaneous annual F; fixed in F scenarios and solved from catch in the catch scenario","illustrative production variability","Fishing mortality"
2052,"fishing_mortality","F = 0.08","all",0.08,0.08,0.08,0.95,"per year","Instantaneous annual F; fixed in F scenarios and solved from catch in the catch scenario","illustrative production variability","Fishing mortality"
2023,"total_biomass","F = 0.08","all",902918.314809643,902918.314809643,902918.314809643,0.5,"t","Start-year biomass in the surplus-production demonstration","illustrative production variability","Total biomass"
2023,"total_biomass","F = 0.08","all",902918.314809643,902918.314809643,902918.314809643,0.8,"t","Start-year biomass in the surplus-production demonstration","illustrative production variability","Total biomass"
2023,"total_biomass","F = 0.08","all",902918.314809643,902918.314809643,902918.314809643,0.95,"t","Start-year biomass in the surplus-production demonstration","illustrative production variability","Total biomass"
2024,"total_biomass","F = 0.08","all",1020177.72129114,1011438.78342725,1030793.87750273,0.5,"t","Start-year biomass in the surplus-production demonstration","illustrative production variability","Total biomass"
2024,"total_biomass","F = 0.08","all",1020177.72129114,1006088.30544849,1041133.55158778,0.8,"t","Start-year biomass in the surplus-production demonstration","illustrative production variability","Total biomass"
2024,"total_biomass","F = 0.08","all",1020177.72129114,1001033.50508251,1052877.12176201,0.95,"t","Start-year biomass in the surplus-production demonstration","illustrative production variability","Total biomass"
2025,"total_biomass","F = 0.08","all",1143847.62311876,1125161.99685443,1158906.42731086,0.5,"t","Start-year biomass in the surplus-production demonstration","illustrative production variability","Total biomass"
2025,"total_biomass","F = 0.08","all",1143847.62311876,1120766.23159909,1180806.52488729,0.8,"t","Start-year biomass in the surplus-production demonstration","illustrative production variability","Total biomass"
2025,"total_biomass","F = 0.08","all",1143847.62311876,1110153.37301587,1200889.35003289,0.95,"t","Start-year biomass in the surplus-production demonstration","illustrative production variability","Total biomass"
2026,"total_biomass","F = 0.08","all",1278264.81510738,1248596.78591422,1288689.80111051,0.5,"t","Start-year biomass in the surplus-production demonstration","illustrative production variability","Total biomass"
2026,"total_biomass","F = 0.08","all",1278264.81510738,1230662.91914376,1320928.46218988,0.8,"t","Start-year biomass in the surplus-production demonstration","illustrative production variability","Total biomass"
2026,"total_biomass","F = 0.08","all",1278264.81510738,1219989.91180805,1327635.1718713,0.95,"t","Start-year biomass in the surplus-production demonstration","illustrative production variability","Total biomass"
2027,"total_biomass","F = 0.08","all",1401990.6202323,1381489.38438036,1422332.50481775,0.5,"t","Start-year biomass in the surplus-production demonstration","illustrative production variability","Total biomass"
2027,"total_biomass","F = 0.08","all",1401990.6202323,1336638.88516192,1441877.32045965,0.8,"t","Start-year biomass in the surplus-production demonstration","illustrative production variability","Total biomass"
2027,"total_biomass","F = 0.08","all",1401990.6202323,1322124.74570766,1454561.54077756,0.95,"t","Start-year biomass in the surplus-production demonstration","illustrative production variability","Total biomass"
2028,"total_biomass","F = 0.08","all",1530733.54682505,1513960.62320737,1543969.96023345,0.5,"t","Start-year biomass in the surplus-production demonstration","illustrative production variability","Total biomass"
2028,"total_biomass","F = 0.08","all",1530733.54682505,1469071.70958105,1571857.15698511,0.8,"t","Start-year biomass in the surplus-production demonstration","illustrative production variability","Total biomass"
2028,"total_biomass","F = 0.08","all",1530733.54682505,1465353.02480795,1601220.69008982,0.95,"t","Start-year biomass in the surplus-production demonstration","illustrative production variability","Total biomass"
2029,"total_biomass","F = 0.08","all",1644609.83715822,1622425.61682118,1664461.13983427,0.5,"t","Start-year biomass in the surplus-production demonstration","illustrative production variability","Total biomass"
2029,"total_biomass","F = 0.08","all",1644609.83715822,1578048.88586376,1691170.9048303,0.8,"t","Start-year biomass in the surplus-production demonstration","illustrative production variability","Total biomass"
2029,"total_biomass","F = 0.08","all",1644609.83715822,1574848.63765191,1717165.93595361,0.95,"t","Start-year biomass in the surplus-production demonstration","illustrative production variability","Total biomass"
2030,"total_biomass","F = 0.08","all",1765133.68861253,1731691.50551987,1790159.18591569,0.5,"t","Start-year biomass in the surplus-production demonstration","illustrative production variability","Total biomass"
2030,"total_biomass","F = 0.08","all",1765133.68861253,1688925.43654621,1801842.70280192,0.8,"t","Start-year biomass in the surplus-production demonstration","illustrative production variability","Total biomass"
2030,"total_biomass","F = 0.08","all",1765133.68861253,1646993.53454614,1820070.80914975,0.95,"t","Start-year biomass in the surplus-production demonstration","illustrative production variability","Total biomass"
2031,"total_biomass","F = 0.08","all",1865381.00763434,1830454.41010445,1878533.07963729,0.5,"t","Start-year biomass in the surplus-production demonstration","illustrative production variability","Total biomass"
2031,"total_biomass","F = 0.08","all",1865381.00763434,1796968.51104485,1909362.96081219,0.8,"t","Start-year biomass in the surplus-production demonstration","illustrative production variability","Total biomass"
2031,"total_biomass","F = 0.08","all",1865381.00763434,1775945.80574837,1929128.09532896,0.95,"t","Start-year biomass in the surplus-production demonstration","illustrative production variability","Total biomass"
2032,"total_biomass","F = 0.08","all",1943434.84076271,1918559.44018866,1968395.60947897,0.5,"t","Start-year biomass in the surplus-production demonstration","illustrative production variability","Total biomass"
2032,"total_biomass","F = 0.08","all",1943434.84076271,1895879.84061669,2010904.66797041,0.8,"t","Start-year biomass in the surplus-production demonstration","illustrative production variability","Total biomass"
2032,"total_biomass","F = 0.08","all",1943434.84076271,1877904.69127828,2033381.5407127,0.95,"t","Start-year biomass in the surplus-production demonstration","illustrative production variability","Total biomass"
2033,"total_biomass","F = 0.08","all",2026332.09236685,1977692.02946997,2040282.10361432,0.5,"t","Start-year biomass in the surplus-production demonstration","illustrative production variability","Total biomass"
2033,"total_biomass","F = 0.08","all",2026332.09236685,1956953.02251295,2076703.04890729,0.8,"t","Start-year biomass in the surplus-production demonstration","illustrative production variability","Total biomass"
2033,"total_biomass","F = 0.08","all",2026332.09236685,1915859.18711277,2108062.07069968,0.95,"t","Start-year biomass in the surplus-production demonstration","illustrative production variability","Total biomass"
2034,"total_biomass","F = 0.08","all",2085555.8468139,2062261.76722027,2118368.27878459,0.5,"t","Start-year biomass in the surplus-production demonstration","illustrative production variability","Total biomass"
2034,"total_biomass","F = 0.08","all",2085555.8468139,2030946.0769075,2132508.88477617,0.8,"t","Start-year biomass in the surplus-production demonstration","illustrative production variability","Total biomass"
2034,"total_biomass","F = 0.08","all",2085555.8468139,1988618.69070771,2145530.25131762,0.95,"t","Start-year biomass in the surplus-production demonstration","illustrative production variability","Total biomass"
2035,"total_biomass","F = 0.08","all",2144796.84579117,2098103.98048677,2158505.95502388,0.5,"t","Start-year biomass in the surplus-production demonstration","illustrative production variability","Total biomass"
2035,"total_biomass","F = 0.08","all",2144796.84579117,2082510.85852879,2166670.40235351,0.8,"t","Start-year biomass in the surplus-production demonstration","illustrative production variability","Total biomass"
2035,"total_biomass","F = 0.08","all",2144796.84579117,2038017.89531503,2184705.53555018,0.95,"t","Start-year biomass in the surplus-production demonstration","illustrative production variability","Total biomass"
2036,"total_biomass","F = 0.08","all",2187801.7699497,2166240.83312934,2193636.38848129,0.5,"t","Start-year biomass in the surplus-production demonstration","illustrative production variability","Total biomass"
2036,"total_biomass","F = 0.08","all",2187801.7699497,2128600.74335995,2207509.33523319,0.8,"t","Start-year biomass in the surplus-production demonstration","illustrative production variability","Total biomass"
2036,"total_biomass","F = 0.08","all",2187801.7699497,2121246.65404924,2228358.1147166,0.95,"t","Start-year biomass in the surplus-production demonstration","illustrative production variability","Total biomass"
2037,"total_biomass","F = 0.08","all",2210908.79328373,2195880.69422719,2230538.84437963,0.5,"t","Start-year biomass in the surplus-production demonstration","illustrative production variability","Total biomass"
2037,"total_biomass","F = 0.08","all",2210908.79328373,2180381.88241494,2242871.53953737,0.8,"t","Start-year biomass in the surplus-production demonstration","illustrative production variability","Total biomass"
2037,"total_biomass","F = 0.08","all",2210908.79328373,2157508.65814599,2281370.1204813,0.95,"t","Start-year biomass in the surplus-production demonstration","illustrative production variability","Total biomass"
2038,"total_biomass","F = 0.08","all",2238531.30391531,2228822.90958688,2253231.76222456,0.5,"t","Start-year biomass in the surplus-production demonstration","illustrative production variability","Total biomass"
2038,"total_biomass","F = 0.08","all",2238531.30391531,2198658.08697549,2275707.23343969,0.8,"t","Start-year biomass in the surplus-production demonstration","illustrative production variability","Total biomass"
2038,"total_biomass","F = 0.08","all",2238531.30391531,2194126.74876768,2285655.25114068,0.95,"t","Start-year biomass in the surplus-production demonstration","illustrative production variability","Total biomass"
2039,"total_biomass","F = 0.08","all",2269015.1445254,2249155.04526585,2283607.55348363,0.5,"t","Start-year biomass in the surplus-production demonstration","illustrative production variability","Total biomass"
2039,"total_biomass","F = 0.08","all",2269015.1445254,2214069.66842433,2293329.73717237,0.8,"t","Start-year biomass in the surplus-production demonstration","illustrative production variability","Total biomass"
2039,"total_biomass","F = 0.08","all",2269015.1445254,2208477.74571409,2313572.29730408,0.95,"t","Start-year biomass in the surplus-production demonstration","illustrative production variability","Total biomass"
2040,"total_biomass","F = 0.08","all",2274916.76219353,2257505.75864001,2297496.13036172,0.5,"t","Start-year biomass in the surplus-production demonstration","illustrative production variability","Total biomass"
2040,"total_biomass","F = 0.08","all",2274916.76219353,2232620.80284433,2312333.19160903,0.8,"t","Start-year biomass in the surplus-production demonstration","illustrative production variability","Total biomass"
2040,"total_biomass","F = 0.08","all",2274916.76219353,2215588.84513025,2323362.40070608,0.95,"t","Start-year biomass in the surplus-production demonstration","illustrative production variability","Total biomass"
2041,"total_biomass","F = 0.08","all",2285816.54492313,2273728.08624967,2307456.20300604,0.5,"t","Start-year biomass in the surplus-production demonstration","illustrative production variability","Total biomass"
2041,"total_biomass","F = 0.08","all",2285816.54492313,2245258.36886041,2326169.99338772,0.8,"t","Start-year biomass in the surplus-production demonstration","illustrative production variability","Total biomass"
2041,"total_biomass","F = 0.08","all",2285816.54492313,2237462.22368593,2335347.30512801,0.95,"t","Start-year biomass in the surplus-production demonstration","illustrative production variability","Total biomass"
2042,"total_biomass","F = 0.08","all",2299729.13157981,2279532.20650231,2321274.96294908,0.5,"t","Start-year biomass in the surplus-production demonstration","illustrative production variability","Total biomass"
2042,"total_biomass","F = 0.08","all",2299729.13157981,2265849.58418729,2326207.39883153,0.8,"t","Start-year biomass in the surplus-production demonstration","illustrative production variability","Total biomass"
2042,"total_biomass","F = 0.08","all",2299729.13157981,2265693.35462083,2348591.15573615,0.95,"t","Start-year biomass in the surplus-production demonstration","illustrative production variability","Total biomass"
2043,"total_biomass","F = 0.08","all",2303792.33912225,2292743.05792349,2326493.00544672,0.5,"t","Start-year biomass in the surplus-production demonstration","illustrative production variability","Total biomass"
2043,"total_biomass","F = 0.08","all",2303792.33912225,2285306.97886745,2333748.41490122,0.8,"t","Start-year biomass in the surplus-production demonstration","illustrative production variability","Total biomass"
2043,"total_biomass","F = 0.08","all",2303792.33912225,2278197.35386438,2351259.00717684,0.95,"t","Start-year biomass in the surplus-production demonstration","illustrative production variability","Total biomass"
2044,"total_biomass","F = 0.08","all",2318125.76375391,2301161.93647039,2341690.42719361,0.5,"t","Start-year biomass in the surplus-production demonstration","illustrative production variability","Total biomass"
2044,"total_biomass","F = 0.08","all",2318125.76375391,2287308.88666506,2348623.87995905,0.8,"t","Start-year biomass in the surplus-production demonstration","illustrative production variability","Total biomass"
2044,"total_biomass","F = 0.08","all",2318125.76375391,2277396.53742125,2366271.07764294,0.95,"t","Start-year biomass in the surplus-production demonstration","illustrative production variability","Total biomass"
2045,"total_biomass","F = 0.08","all",2322200.63751709,2299791.72627138,2332246.06142857,0.5,"t","Start-year biomass in the surplus-production demonstration","illustrative production variability","Total biomass"
2045,"total_biomass","F = 0.08","all",2322200.63751709,2281183.00386625,2346002.90919231,0.8,"t","Start-year biomass in the surplus-production demonstration","illustrative production variability","Total biomass"
2045,"total_biomass","F = 0.08","all",2322200.63751709,2275596.00834633,2359303.61051272,0.95,"t","Start-year biomass in the surplus-production demonstration","illustrative production variability","Total biomass"
2046,"total_biomass","F = 0.08","all",2329975.24821219,2306131.87621444,2338991.41378293,0.5,"t","Start-year biomass in the surplus-production demonstration","illustrative production variability","Total biomass"
2046,"total_biomass","F = 0.08","all",2329975.24821219,2285324.24707044,2356211.62217798,0.8,"t","Start-year biomass in the surplus-production demonstration","illustrative production variability","Total biomass"
2046,"total_biomass","F = 0.08","all",2329975.24821219,2277977.80639207,2366521.53735245,0.95,"t","Start-year biomass in the surplus-production demonstration","illustrative production variability","Total biomass"
2047,"total_biomass","F = 0.08","all",2340288.32649137,2316474.50221439,2348911.3514945,0.5,"t","Start-year biomass in the surplus-production demonstration","illustrative production variability","Total biomass"
2047,"total_biomass","F = 0.08","all",2340288.32649137,2285908.41774142,2354429.16366446,0.8,"t","Start-year biomass in the surplus-production demonstration","illustrative production variability","Total biomass"
2047,"total_biomass","F = 0.08","all",2340288.32649137,2278215.66098648,2365676.53187111,0.95,"t","Start-year biomass in the surplus-production demonstration","illustrative production variability","Total biomass"
2048,"total_biomass","F = 0.08","all",2353041.75224225,2327370.66919919,2357663.70870913,0.5,"t","Start-year biomass in the surplus-production demonstration","illustrative production variability","Total biomass"
2048,"total_biomass","F = 0.08","all",2353041.75224225,2281815.46472214,2361515.09371719,0.8,"t","Start-year biomass in the surplus-production demonstration","illustrative production variability","Total biomass"
2048,"total_biomass","F = 0.08","all",2353041.75224225,2280283.63945145,2364354.70747761,0.95,"t","Start-year biomass in the surplus-production demonstration","illustrative production variability","Total biomass"
2049,"total_biomass","F = 0.08","all",2347000.24997687,2327492.61113549,2353746.8115769,0.5,"t","Start-year biomass in the surplus-production demonstration","illustrative production variability","Total biomass"
2049,"total_biomass","F = 0.08","all",2347000.24997687,2316590.8501451,2367211.62728591,0.8,"t","Start-year biomass in the surplus-production demonstration","illustrative production variability","Total biomass"
2049,"total_biomass","F = 0.08","all",2347000.24997687,2285615.78061499,2376459.99254131,0.95,"t","Start-year biomass in the surplus-production demonstration","illustrative production variability","Total biomass"
2050,"total_biomass","F = 0.08","all",2349726.42108617,2323030.21726946,2360373.35663329,0.5,"t","Start-year biomass in the surplus-production demonstration","illustrative production variability","Total biomass"
2050,"total_biomass","F = 0.08","all",2349726.42108617,2300976.0653898,2372427.3916692,0.8,"t","Start-year biomass in the surplus-production demonstration","illustrative production variability","Total biomass"
2050,"total_biomass","F = 0.08","all",2349726.42108617,2295142.39639368,2380831.89621526,0.95,"t","Start-year biomass in the surplus-production demonstration","illustrative production variability","Total biomass"
2051,"total_biomass","F = 0.08","all",2348248.09344932,2332071.13988409,2354921.02885802,0.5,"t","Start-year biomass in the surplus-production demonstration","illustrative production variability","Total biomass"
2051,"total_biomass","F = 0.08","all",2348248.09344932,2306041.87943999,2367829.10809893,0.8,"t","Start-year biomass in the surplus-production demonstration","illustrative production variability","Total biomass"
2051,"total_biomass","F = 0.08","all",2348248.09344932,2293069.28355405,2386482.92759551,0.95,"t","Start-year biomass in the surplus-production demonstration","illustrative production variability","Total biomass"
2052,"total_biomass","F = 0.08","all",2343302.12408536,2333362.09543245,2361378.66203423,0.5,"t","Start-year biomass in the surplus-production demonstration","illustrative production variability","Total biomass"
2052,"total_biomass","F = 0.08","all",2343302.12408536,2327742.0661145,2372442.80145046,0.8,"t","Start-year biomass in the surplus-production demonstration","illustrative production variability","Total biomass"
2052,"total_biomass","F = 0.08","all",2343302.12408536,2318042.10020711,2380364.23350924,0.95,"t","Start-year biomass in the surplus-production demonstration","illustrative production variability","Total biomass"
2023,"biomass_depletion","F = 0.04","all",0.286181517918576,0.286181517918576,0.286181517918576,0.5,"ratio","Start-year biomass divided by the demonstration carrying capacity K","illustrative production variability","B/K"
2023,"biomass_depletion","F = 0.04","all",0.286181517918576,0.286181517918576,0.286181517918576,0.8,"ratio","Start-year biomass divided by the demonstration carrying capacity K","illustrative production variability","B/K"
2023,"biomass_depletion","F = 0.04","all",0.286181517918576,0.286181517918576,0.286181517918576,0.95,"ratio","Start-year biomass divided by the demonstration carrying capacity K","illustrative production variability","B/K"
2024,"biomass_depletion","F = 0.04","all",0.334853949721489,0.331548173797789,0.337707300022398,0.5,"ratio","Start-year biomass divided by the demonstration carrying capacity K","illustrative production variability","B/K"
2024,"biomass_depletion","F = 0.04","all",0.334853949721489,0.327237055309957,0.340936636603967,0.8,"ratio","Start-year biomass divided by the demonstration carrying capacity K","illustrative production variability","B/K"
2024,"biomass_depletion","F = 0.04","all",0.334853949721489,0.326679463426943,0.342983734173218,0.95,"ratio","Start-year biomass divided by the demonstration carrying capacity K","illustrative production variability","B/K"
2025,"biomass_depletion","F = 0.04","all",0.387843500116197,0.384329365893027,0.389687400822785,0.5,"ratio","Start-year biomass divided by the demonstration carrying capacity K","illustrative production variability","B/K"
2025,"biomass_depletion","F = 0.04","all",0.387843500116197,0.378465431712821,0.393811827277977,0.8,"ratio","Start-year biomass divided by the demonstration carrying capacity K","illustrative production variability","B/K"
2025,"biomass_depletion","F = 0.04","all",0.387843500116197,0.375981645079681,0.394296231820845,0.95,"ratio","Start-year biomass divided by the demonstration carrying capacity K","illustrative production variability","B/K"
2026,"biomass_depletion","F = 0.04","all",0.439473245356823,0.435799959254968,0.450341304159645,0.5,"ratio","Start-year biomass divided by the demonstration carrying capacity K","illustrative production variability","B/K"
2026,"biomass_depletion","F = 0.04","all",0.439473245356823,0.43193487073777,0.455194101359336,0.8,"ratio","Start-year biomass divided by the demonstration carrying capacity K","illustrative production variability","B/K"
2026,"biomass_depletion","F = 0.04","all",0.439473245356823,0.428483566893911,0.466811247245171,0.95,"ratio","Start-year biomass divided by the demonstration carrying capacity K","illustrative production variability","B/K"
2027,"biomass_depletion","F = 0.04","all",0.496716120846532,0.490124526123874,0.506928448962415,0.5,"ratio","Start-year biomass divided by the demonstration carrying capacity K","illustrative production variability","B/K"
2027,"biomass_depletion","F = 0.04","all",0.496716120846532,0.485315039477585,0.512882146448481,0.8,"ratio","Start-year biomass divided by the demonstration carrying capacity K","illustrative production variability","B/K"
2027,"biomass_depletion","F = 0.04","all",0.496716120846532,0.483446875014768,0.520851507600952,0.95,"ratio","Start-year biomass divided by the demonstration carrying capacity K","illustrative production variability","B/K"
2028,"biomass_depletion","F = 0.04","all",0.549703227975427,0.545313242172154,0.561329129882638,0.5,"ratio","Start-year biomass divided by the demonstration carrying capacity K","illustrative production variability","B/K"
2028,"biomass_depletion","F = 0.04","all",0.549703227975427,0.537411189829327,0.567564547120006,0.8,"ratio","Start-year biomass divided by the demonstration carrying capacity K","illustrative production variability","B/K"
2028,"biomass_depletion","F = 0.04","all",0.549703227975427,0.537375107800107,0.586534474524137,0.95,"ratio","Start-year biomass divided by the demonstration carrying capacity K","illustrative production variability","B/K"
2029,"biomass_depletion","F = 0.04","all",0.600941363311815,0.593749137557913,0.614611767923087,0.5,"ratio","Start-year biomass divided by the demonstration carrying capacity K","illustrative production variability","B/K"
2029,"biomass_depletion","F = 0.04","all",0.600941363311815,0.591826176835776,0.616755042618197,0.8,"ratio","Start-year biomass divided by the demonstration carrying capacity K","illustrative production variability","B/K"
2029,"biomass_depletion","F = 0.04","all",0.600941363311815,0.58511139857364,0.627418299729391,0.95,"ratio","Start-year biomass divided by the demonstration carrying capacity K","illustrative production variability","B/K"
2030,"biomass_depletion","F = 0.04","all",0.654341670644963,0.646853839435261,0.659553465678553,0.5,"ratio","Start-year biomass divided by the demonstration carrying capacity K","illustrative production variability","B/K"
2030,"biomass_depletion","F = 0.04","all",0.654341670644963,0.640527212585717,0.667602471703453,0.8,"ratio","Start-year biomass divided by the demonstration carrying capacity K","illustrative production variability","B/K"
2030,"biomass_depletion","F = 0.04","all",0.654341670644963,0.635109716167126,0.674278590412272,0.95,"ratio","Start-year biomass divided by the demonstration carrying capacity K","illustrative production variability","B/K"
2031,"biomass_depletion","F = 0.04","all",0.698696653356891,0.691181910422639,0.701669362292681,0.5,"ratio","Start-year biomass divided by the demonstration carrying capacity K","illustrative production variability","B/K"
2031,"biomass_depletion","F = 0.04","all",0.698696653356891,0.68615313019415,0.711057007383914,0.8,"ratio","Start-year biomass divided by the demonstration carrying capacity K","illustrative production variability","B/K"
2031,"biomass_depletion","F = 0.04","all",0.698696653356891,0.683763117403432,0.715658161661592,0.95,"ratio","Start-year biomass divided by the demonstration carrying capacity K","illustrative production variability","B/K"
2032,"biomass_depletion","F = 0.04","all",0.732727407203954,0.726474787526048,0.737407719572669,0.5,"ratio","Start-year biomass divided by the demonstration carrying capacity K","illustrative production variability","B/K"
2032,"biomass_depletion","F = 0.04","all",0.732727407203954,0.72201756768909,0.743833429296662,0.8,"ratio","Start-year biomass divided by the demonstration carrying capacity K","illustrative production variability","B/K"
2032,"biomass_depletion","F = 0.04","all",0.732727407203954,0.721254681167142,0.751396621401357,0.95,"ratio","Start-year biomass divided by the demonstration carrying capacity K","illustrative production variability","B/K"
2033,"biomass_depletion","F = 0.04","all",0.76128012644891,0.755691905732591,0.768000788408349,0.5,"ratio","Start-year biomass divided by the demonstration carrying capacity K","illustrative production variability","B/K"
2033,"biomass_depletion","F = 0.04","all",0.76128012644891,0.751321448270454,0.776586083933948,0.8,"ratio","Start-year biomass divided by the demonstration carrying capacity K","illustrative production variability","B/K"
2033,"biomass_depletion","F = 0.04","all",0.76128012644891,0.748856126215296,0.785127964639249,0.95,"ratio","Start-year biomass divided by the demonstration carrying capacity K","illustrative production variability","B/K"
2034,"biomass_depletion","F = 0.04","all",0.788551098153665,0.781844534049007,0.793747627807007,0.5,"ratio","Start-year biomass divided by the demonstration carrying capacity K","illustrative production variability","B/K"
2034,"biomass_depletion","F = 0.04","all",0.788551098153665,0.768735021731268,0.798592164103576,0.8,"ratio","Start-year biomass divided by the demonstration carrying capacity K","illustrative production variability","B/K"
2034,"biomass_depletion","F = 0.04","all",0.788551098153665,0.765160279363634,0.807567267903815,0.95,"ratio","Start-year biomass divided by the demonstration carrying capacity K","illustrative production variability","B/K"
2035,"biomass_depletion","F = 0.04","all",0.807253046539317,0.799988987304815,0.811635728091869,0.5,"ratio","Start-year biomass divided by the demonstration carrying capacity K","illustrative production variability","B/K"
2035,"biomass_depletion","F = 0.04","all",0.807253046539317,0.795180074123346,0.814643714609247,0.8,"ratio","Start-year biomass divided by the demonstration carrying capacity K","illustrative production variability","B/K"
2035,"biomass_depletion","F = 0.04","all",0.807253046539317,0.786401123846786,0.825844739433359,0.95,"ratio","Start-year biomass divided by the demonstration carrying capacity K","illustrative production variability","B/K"
2036,"biomass_depletion","F = 0.04","all",0.822745928127803,0.816232050522765,0.82700578890918,0.5,"ratio","Start-year biomass divided by the demonstration carrying capacity K","illustrative production variability","B/K"
2036,"biomass_depletion","F = 0.04","all",0.822745928127803,0.808654198878259,0.829230612605164,0.8,"ratio","Start-year biomass divided by the demonstration carrying capacity K","illustrative production variability","B/K"
2036,"biomass_depletion","F = 0.04","all",0.822745928127803,0.803293996910784,0.841302754284926,0.95,"ratio","Start-year biomass divided by the demonstration carrying capacity K","illustrative production variability","B/K"
2037,"biomass_depletion","F = 0.04","all",0.833824154973214,0.828050861885343,0.840266645206421,0.5,"ratio","Start-year biomass divided by the demonstration carrying capacity K","illustrative production variability","B/K"
2037,"biomass_depletion","F = 0.04","all",0.833824154973214,0.824088415035317,0.844278683696949,0.8,"ratio","Start-year biomass divided by the demonstration carrying capacity K","illustrative production variability","B/K"
2037,"biomass_depletion","F = 0.04","all",0.833824154973214,0.818650069707324,0.84714033098527,0.95,"ratio","Start-year biomass divided by the demonstration carrying capacity K","illustrative production variability","B/K"
2038,"biomass_depletion","F = 0.04","all",0.843357078131646,0.837839190193302,0.846976888540931,0.5,"ratio","Start-year biomass divided by the demonstration carrying capacity K","illustrative production variability","B/K"
2038,"biomass_depletion","F = 0.04","all",0.843357078131646,0.833108493797245,0.851827514365449,0.8,"ratio","Start-year biomass divided by the demonstration carrying capacity K","illustrative production variability","B/K"
2038,"biomass_depletion","F = 0.04","all",0.843357078131646,0.827598001430249,0.85608185958884,0.95,"ratio","Start-year biomass divided by the demonstration carrying capacity K","illustrative production variability","B/K"
2039,"biomass_depletion","F = 0.04","all",0.849998338229247,0.846370927135167,0.85282053482589,0.5,"ratio","Start-year biomass divided by the demonstration carrying capacity K","illustrative production variability","B/K"
2039,"biomass_depletion","F = 0.04","all",0.849998338229247,0.839471461486431,0.855110778057901,0.8,"ratio","Start-year biomass divided by the demonstration carrying capacity K","illustrative production variability","B/K"
2039,"biomass_depletion","F = 0.04","all",0.849998338229247,0.839077764823185,0.857870107014411,0.95,"ratio","Start-year biomass divided by the demonstration carrying capacity K","illustrative production variability","B/K"
2040,"biomass_depletion","F = 0.04","all",0.853013541461283,0.850281915615302,0.857503837828623,0.5,"ratio","Start-year biomass divided by the demonstration carrying capacity K","illustrative production variability","B/K"
2040,"biomass_depletion","F = 0.04","all",0.853013541461283,0.845026528932531,0.862415608103258,0.8,"ratio","Start-year biomass divided by the demonstration carrying capacity K","illustrative production variability","B/K"
2040,"biomass_depletion","F = 0.04","all",0.853013541461283,0.842548327513128,0.867154076719169,0.95,"ratio","Start-year biomass divided by the demonstration carrying capacity K","illustrative production variability","B/K"
2041,"biomass_depletion","F = 0.04","all",0.856716497650006,0.854711746337356,0.862387926002863,0.5,"ratio","Start-year biomass divided by the demonstration carrying capacity K","illustrative production variability","B/K"
2041,"biomass_depletion","F = 0.04","all",0.856716497650006,0.851202123676572,0.865709478151514,0.8,"ratio","Start-year biomass divided by the demonstration carrying capacity K","illustrative production variability","B/K"
2041,"biomass_depletion","F = 0.04","all",0.856716497650006,0.850803003932523,0.872300344377662,0.95,"ratio","Start-year biomass divided by the demonstration carrying capacity K","illustrative production variability","B/K"
2042,"biomass_depletion","F = 0.04","all",0.860060099032765,0.857736307546059,0.862927532691801,0.5,"ratio","Start-year biomass divided by the demonstration carrying capacity K","illustrative production variability","B/K"
2042,"biomass_depletion","F = 0.04","all",0.860060099032765,0.855128612025713,0.867547885355397,0.8,"ratio","Start-year biomass divided by the demonstration carrying capacity K","illustrative production variability","B/K"
2042,"biomass_depletion","F = 0.04","all",0.860060099032765,0.853050713707877,0.872051882534481,0.95,"ratio","Start-year biomass divided by the demonstration carrying capacity K","illustrative production variability","B/K"
2043,"biomass_depletion","F = 0.04","all",0.864053138545386,0.86039476540887,0.866563981994643,0.5,"ratio","Start-year biomass divided by the demonstration carrying capacity K","illustrative production variability","B/K"
2043,"biomass_depletion","F = 0.04","all",0.864053138545386,0.855928879624788,0.869127444317769,0.8,"ratio","Start-year biomass divided by the demonstration carrying capacity K","illustrative production variability","B/K"
2043,"biomass_depletion","F = 0.04","all",0.864053138545386,0.855220088561492,0.872868461345628,0.95,"ratio","Start-year biomass divided by the demonstration carrying capacity K","illustrative production variability","B/K"
2044,"biomass_depletion","F = 0.04","all",0.865779579975276,0.86208544901934,0.868521987733294,0.5,"ratio","Start-year biomass divided by the demonstration carrying capacity K","illustrative production variability","B/K"
2044,"biomass_depletion","F = 0.04","all",0.865779579975276,0.860060046748033,0.869614986590015,0.8,"ratio","Start-year biomass divided by the demonstration carrying capacity K","illustrative production variability","B/K"
2044,"biomass_depletion","F = 0.04","all",0.865779579975276,0.856187044879858,0.87131417105794,0.95,"ratio","Start-year biomass divided by the demonstration carrying capacity K","illustrative production variability","B/K"
2045,"biomass_depletion","F = 0.04","all",0.866362613093074,0.86307928580105,0.869419825881564,0.5,"ratio","Start-year biomass divided by the demonstration carrying capacity K","illustrative production variability","B/K"
2045,"biomass_depletion","F = 0.04","all",0.866362613093074,0.862218553586214,0.871182743398675,0.8,"ratio","Start-year biomass divided by the demonstration carrying capacity K","illustrative production variability","B/K"
2045,"biomass_depletion","F = 0.04","all",0.866362613093074,0.861117778724792,0.87444892408059,0.95,"ratio","Start-year biomass divided by the demonstration carrying capacity K","illustrative production variability","B/K"
2046,"biomass_depletion","F = 0.04","all",0.866823915238624,0.864889756170371,0.868156872420731,0.5,"ratio","Start-year biomass divided by the demonstration carrying capacity K","illustrative production variability","B/K"
2046,"biomass_depletion","F = 0.04","all",0.866823915238624,0.861623108679744,0.870674442137397,0.8,"ratio","Start-year biomass divided by the demonstration carrying capacity K","illustrative production variability","B/K"
2046,"biomass_depletion","F = 0.04","all",0.866823915238624,0.860736285836541,0.872463197813198,0.95,"ratio","Start-year biomass divided by the demonstration carrying capacity K","illustrative production variability","B/K"
2047,"biomass_depletion","F = 0.04","all",0.867310882485835,0.863918146343935,0.86989493998643,0.5,"ratio","Start-year biomass divided by the demonstration carrying capacity K","illustrative production variability","B/K"
2047,"biomass_depletion","F = 0.04","all",0.867310882485835,0.863094046155583,0.872477740281898,0.8,"ratio","Start-year biomass divided by the demonstration carrying capacity K","illustrative production variability","B/K"
2047,"biomass_depletion","F = 0.04","all",0.867310882485835,0.859888681766897,0.876844580235874,0.95,"ratio","Start-year biomass divided by the demonstration carrying capacity K","illustrative production variability","B/K"
2048,"biomass_depletion","F = 0.04","all",0.866981342764282,0.864604655929619,0.869346863531537,0.5,"ratio","Start-year biomass divided by the demonstration carrying capacity K","illustrative production variability","B/K"
2048,"biomass_depletion","F = 0.04","all",0.866981342764282,0.863755737122697,0.874470267614248,0.8,"ratio","Start-year biomass divided by the demonstration carrying capacity K","illustrative production variability","B/K"
2048,"biomass_depletion","F = 0.04","all",0.866981342764282,0.86363733132189,0.876077104175334,0.95,"ratio","Start-year biomass divided by the demonstration carrying capacity K","illustrative production variability","B/K"
2049,"biomass_depletion","F = 0.04","all",0.866992343154496,0.863534418723781,0.870830926241257,0.5,"ratio","Start-year biomass divided by the demonstration carrying capacity K","illustrative production variability","B/K"
2049,"biomass_depletion","F = 0.04","all",0.866992343154496,0.862137572749942,0.874697103590427,0.8,"ratio","Start-year biomass divided by the demonstration carrying capacity K","illustrative production variability","B/K"
2049,"biomass_depletion","F = 0.04","all",0.866992343154496,0.861752682786536,0.87695953912065,0.95,"ratio","Start-year biomass divided by the demonstration carrying capacity K","illustrative production variability","B/K"
2050,"biomass_depletion","F = 0.04","all",0.866915086123324,0.864696828794233,0.869419169287462,0.5,"ratio","Start-year biomass divided by the demonstration carrying capacity K","illustrative production variability","B/K"
2050,"biomass_depletion","F = 0.04","all",0.866915086123324,0.861822522480554,0.871217880003971,0.8,"ratio","Start-year biomass divided by the demonstration carrying capacity K","illustrative production variability","B/K"
2050,"biomass_depletion","F = 0.04","all",0.866915086123324,0.858566513699695,0.8733961091478,0.95,"ratio","Start-year biomass divided by the demonstration carrying capacity K","illustrative production variability","B/K"
2051,"biomass_depletion","F = 0.04","all",0.867238907169968,0.863646477168697,0.869408323289048,0.5,"ratio","Start-year biomass divided by the demonstration carrying capacity K","illustrative production variability","B/K"
2051,"biomass_depletion","F = 0.04","all",0.867238907169968,0.861954316679583,0.873931279022418,0.8,"ratio","Start-year biomass divided by the demonstration carrying capacity K","illustrative production variability","B/K"
2051,"biomass_depletion","F = 0.04","all",0.867238907169968,0.86093588391258,0.876693262681369,0.95,"ratio","Start-year biomass divided by the demonstration carrying capacity K","illustrative production variability","B/K"
2052,"biomass_depletion","F = 0.04","all",0.867752741018575,0.863662570104774,0.869880890053134,0.5,"ratio","Start-year biomass divided by the demonstration carrying capacity K","illustrative production variability","B/K"
2052,"biomass_depletion","F = 0.04","all",0.867752741018575,0.860924908078986,0.871858518696064,0.8,"ratio","Start-year biomass divided by the demonstration carrying capacity K","illustrative production variability","B/K"
2052,"biomass_depletion","F = 0.04","all",0.867752741018575,0.860819790369904,0.87493848250021,0.95,"ratio","Start-year biomass divided by the demonstration carrying capacity K","illustrative production variability","B/K"
2023,"catch","F = 0.04","all",35403.9335233253,35403.9335233253,35403.9335233253,0.5,"t","Annual catch; fixed in the catch scenario and calculated from biomass and F in the F scenarios","illustrative production variability","Annual catch"
2023,"catch","F = 0.04","all",35403.9335233253,35403.9335233253,35403.9335233253,0.8,"t","Annual catch; fixed in the catch scenario and calculated from biomass and F in the F scenarios","illustrative production variability","Annual catch"
2023,"catch","F = 0.04","all",35403.9335233253,35403.9335233253,35403.9335233253,0.95,"t","Annual catch; fixed in the catch scenario and calculated from biomass and F in the F scenarios","illustrative production variability","Annual catch"
2024,"catch","F = 0.04","all",41425.2711432453,41016.3087759447,41778.2632760248,0.5,"t","Annual catch; fixed in the catch scenario and calculated from biomass and F in the F scenarios","illustrative production variability","Annual catch"
2024,"catch","F = 0.04","all",41425.2711432453,40482.9740118254,42177.7692206779,0.8,"t","Annual catch; fixed in the catch scenario and calculated from biomass and F in the F scenarios","illustrative production variability","Annual catch"
2024,"catch","F = 0.04","all",41425.2711432453,40413.9935056664,42431.0186505664,0.95,"t","Annual catch; fixed in the catch scenario and calculated from biomass and F in the F scenarios","illustrative production variability","Annual catch"
2025,"catch","F = 0.04","all",47980.6858089083,47545.9471320922,48208.7974581666,0.5,"t","Annual catch; fixed in the catch scenario and calculated from biomass and F in the F scenarios","illustrative production variability","Annual catch"
2025,"catch","F = 0.04","all",47980.6858089083,46820.5112709259,48719.0362782816,0.8,"t","Annual catch; fixed in the catch scenario and calculated from biomass and F in the F scenarios","illustrative production variability","Annual catch"
2025,"catch","F = 0.04","all",47980.6858089083,46513.2383991995,48778.9626717077,0.95,"t","Annual catch; fixed in the catch scenario and calculated from biomass and F in the F scenarios","illustrative production variability","Annual catch"
2026,"catch","F = 0.04","all",54367.8769930904,53913.4494049355,55712.3804193814,0.5,"t","Annual catch; fixed in the catch scenario and calculated from biomass and F in the F scenarios","illustrative production variability","Annual catch"
2026,"catch","F = 0.04","all",54367.8769930904,53435.2936598689,56312.7270480164,0.8,"t","Annual catch; fixed in the catch scenario and calculated from biomass and F in the F scenarios","illustrative production variability","Annual catch"
2026,"catch","F = 0.04","all",54367.8769930904,53008.3278210352,57749.9011313193,0.95,"t","Annual catch; fixed in the catch scenario and calculated from biomass and F in the F scenarios","illustrative production variability","Annual catch"
2027,"catch","F = 0.04","all",61449.4767178436,60634.0209082895,62712.8587432194,0.5,"t","Annual catch; fixed in the catch scenario and calculated from biomass and F in the F scenarios","illustrative production variability","Annual catch"
2027,"catch","F = 0.04","all",61449.4767178436,60039.0322914671,63449.3993540448,0.8,"t","Annual catch; fixed in the catch scenario and calculated from biomass and F in the F scenarios","illustrative production variability","Annual catch"
2027,"catch","F = 0.04","all",61449.4767178436,59807.9189374907,64435.3006607313,0.95,"t","Annual catch; fixed in the catch scenario and calculated from biomass and F in the F scenarios","illustrative production variability","Annual catch"
2028,"catch","F = 0.04","all",68004.5891235248,67461.4975686338,69442.8464270194,0.5,"t","Annual catch; fixed in the catch scenario and calculated from biomass and F in the F scenarios","illustrative production variability","Annual catch"
2028,"catch","F = 0.04","all",68004.5891235248,66483.9231330867,70214.2389997039,0.8,"t","Annual catch; fixed in the catch scenario and calculated from biomass and F in the F scenarios","illustrative production variability","Annual catch"
2028,"catch","F = 0.04","all",68004.5891235248,66479.4593725574,72561.0364226922,0.95,"t","Annual catch; fixed in the catch scenario and calculated from biomass and F in the F scenarios","illustrative production variability","Annual catch"
2029,"catch","F = 0.04","all",74343.3336745434,73453.5729229482,76034.5193933644,0.5,"t","Annual catch; fixed in the catch scenario and calculated from biomass and F in the F scenarios","illustrative production variability","Annual catch"
2029,"catch","F = 0.04","all",74343.3336745434,73215.6806437065,76299.6670359509,0.8,"t","Annual catch; fixed in the catch scenario and calculated from biomass and F in the F scenarios","illustrative production variability","Annual catch"
2029,"catch","F = 0.04","all",74343.3336745434,72384.9856185854,77618.8341458767,0.95,"t","Annual catch; fixed in the catch scenario and calculated from biomass and F in the F scenarios","illustrative production variability","Annual catch"
2030,"catch","F = 0.04","all",80949.5636809333,80023.2331466966,81594.322455883,0.5,"t","Annual catch; fixed in the catch scenario and calculated from biomass and F in the F scenarios","illustrative production variability","Annual catch"
2030,"catch","F = 0.04","all",80949.5636809333,79240.5568996867,82590.0767460516,0.8,"t","Annual catch; fixed in the catch scenario and calculated from biomass and F in the F scenarios","illustrative production variability","Annual catch"
2030,"catch","F = 0.04","all",80949.5636809333,78570.3505059907,83415.9891413732,0.95,"t","Annual catch; fixed in the catch scenario and calculated from biomass and F in the F scenarios","illustrative production variability","Annual catch"
2031,"catch","F = 0.04","all",86436.7833685728,85507.12354559,86804.5415323856,0.5,"t","Annual catch; fixed in the catch scenario and calculated from biomass and F in the F scenarios","illustrative production variability","Annual catch"
2031,"catch","F = 0.04","all",86436.7833685728,84885.0057994555,87965.9008164088,0.8,"t","Annual catch; fixed in the catch scenario and calculated from biomass and F in the F scenarios","illustrative production variability","Annual catch"
2031,"catch","F = 0.04","all",86436.7833685728,84589.3338267233,88535.1163316602,0.95,"t","Annual catch; fixed in the catch scenario and calculated from biomass and F in the F scenarios","illustrative production variability","Annual catch"
2032,"catch","F = 0.04","all",90646.777625759,89873.2569140331,91225.7859040558,0.5,"t","Annual catch; fixed in the catch scenario and calculated from biomass and F in the F scenarios","illustrative production variability","Annual catch"
2032,"catch","F = 0.04","all",90646.777625759,89321.8477386459,92020.7198381653,0.8,"t","Annual catch; fixed in the catch scenario and calculated from biomass and F in the F scenarios","illustrative production variability","Annual catch"
2032,"catch","F = 0.04","all",90646.777625759,89227.4699328906,92956.3733787792,0.95,"t","Annual catch; fixed in the catch scenario and calculated from biomass and F in the F scenarios","illustrative production variability","Annual catch"
2033,"catch","F = 0.04","all",94179.0762221562,93487.7492762614,95010.4991280631,0.5,"t","Annual catch; fixed in the catch scenario and calculated from biomass and F in the F scenarios","illustrative production variability","Annual catch"
2033,"catch","F = 0.04","all",94179.0762221562,92947.0736009717,96072.5985755645,0.8,"t","Annual catch; fixed in the catch scenario and calculated from biomass and F in the F scenarios","illustrative production variability","Annual catch"
2033,"catch","F = 0.04","all",94179.0762221562,92642.0850091534,97129.3271122435,0.95,"t","Annual catch; fixed in the catch scenario and calculated from biomass and F in the F scenarios","illustrative production variability","Annual catch"
2034,"catch","F = 0.04","all",97552.8079584815,96723.1291187782,98195.678230947,0.5,"t","Annual catch; fixed in the catch scenario and calculated from biomass and F in the F scenarios","illustrative production variability","Annual catch"
2034,"catch","F = 0.04","all",97552.8079584815,95101.3322047213,98795.0028911924,0.8,"t","Annual catch; fixed in the catch scenario and calculated from biomass and F in the F scenarios","illustrative production variability","Annual catch"
2034,"catch","F = 0.04","all",97552.8079584815,94659.0956058409,99905.3260896283,0.95,"t","Annual catch; fixed in the catch scenario and calculated from biomass and F in the F scenarios","illustrative production variability","Annual catch"
2035,"catch","F = 0.04","all",99866.453305735,98967.8059293486,100408.641241102,0.5,"t","Annual catch; fixed in the catch scenario and calculated from biomass and F in the F scenarios","illustrative production variability","Annual catch"
2035,"catch","F = 0.04","all",99866.453305735,98372.8882566965,100780.763646053,0.8,"t","Annual catch; fixed in the catch scenario and calculated from biomass and F in the F scenarios","illustrative production variability","Annual catch"
2035,"catch","F = 0.04","all",99866.453305735,97286.8314971391,102166.458785104,0.95,"t","Annual catch; fixed in the catch scenario and calculated from biomass and F in the F scenarios","illustrative production variability","Annual catch"
2036,"catch","F = 0.04","all",101783.100312966,100977.259001532,102310.093911363,0.5,"t","Annual catch; fixed in the catch scenario and calculated from biomass and F in the F scenarios","illustrative production variability","Annual catch"
2036,"catch","F = 0.04","all",101783.100312966,100039.791907839,102585.330099942,0.8,"t","Annual catch; fixed in the catch scenario and calculated from biomass and F in the F scenarios","illustrative production variability","Annual catch"
2036,"catch","F = 0.04","all",101783.100312966,99376.6734943638,104078.792377391,0.95,"t","Annual catch; fixed in the catch scenario and calculated from biomass and F in the F scenarios","illustrative production variability","Annual catch"
2037,"catch","F = 0.04","all",103153.603934737,102439.381415476,103950.613810148,0.5,"t","Annual catch; fixed in the catch scenario and calculated from biomass and F in the F scenarios","illustrative production variability","Annual catch"
2037,"catch","F = 0.04","all",103153.603934737,101949.181328873,104446.948951022,0.8,"t","Annual catch; fixed in the catch scenario and calculated from biomass and F in the F scenarios","illustrative production variability","Annual catch"
2037,"catch","F = 0.04","all",103153.603934737,101276.395686147,104800.967516231,0.95,"t","Annual catch; fixed in the catch scenario and calculated from biomass and F in the F scenarios","illustrative production variability","Annual catch"
2038,"catch","F = 0.04","all",104332.935780619,103650.309805401,104780.747812749,0.5,"t","Annual catch; fixed in the catch scenario and calculated from biomass and F in the F scenarios","illustrative production variability","Annual catch"
2038,"catch","F = 0.04","all",104332.935780619,103065.068445501,105380.82581739,0.8,"t","Annual catch; fixed in the catch scenario and calculated from biomass and F in the F scenarios","illustrative production variability","Annual catch"
2038,"catch","F = 0.04","all",104332.935780619,102383.357387216,105907.137078053,0.95,"t","Annual catch; fixed in the catch scenario and calculated from biomass and F in the F scenarios","illustrative production variability","Annual catch"
2039,"catch","F = 0.04","all",105154.535766238,104705.783442292,105503.673828766,0.5,"t","Annual catch; fixed in the catch scenario and calculated from biomass and F in the F scenarios","illustrative production variability","Annual catch"
2039,"catch","F = 0.04","all",105154.535766238,103852.240470856,105787.003163686,0.8,"t","Annual catch; fixed in the catch scenario and calculated from biomass and F in the F scenarios","illustrative production variability","Annual catch"
2039,"catch","F = 0.04","all",105154.535766238,103803.535681688,106128.363778641,0.95,"t","Annual catch; fixed in the catch scenario and calculated from biomass and F in the F scenarios","illustrative production variability","Annual catch"
2040,"catch","F = 0.04","all",105527.550961499,105189.617538806,106083.052082765,0.5,"t","Annual catch; fixed in the catch scenario and calculated from biomass and F in the F scenarios","illustrative production variability","Annual catch"
2040,"catch","F = 0.04","all",105527.550961499,104539.465977274,106690.694356626,0.8,"t","Annual catch; fixed in the catch scenario and calculated from biomass and F in the F scenarios","illustrative production variability","Annual catch"
2040,"catch","F = 0.04","all",105527.550961499,104232.884060496,107276.897229195,0.95,"t","Annual catch; fixed in the catch scenario and calculated from biomass and F in the F scenarios","illustrative production variability","Annual catch"
2041,"catch","F = 0.04","all",105985.64907943,105737.638366789,106687.269763559,0.5,"t","Annual catch; fixed in the catch scenario and calculated from biomass and F in the F scenarios","illustrative production variability","Annual catch"
2041,"catch","F = 0.04","all",105985.64907943,105303.457821944,107098.183830688,0.8,"t","Annual catch; fixed in the catch scenario and calculated from biomass and F in the F scenarios","illustrative production variability","Annual catch"
2041,"catch","F = 0.04","all",105985.64907943,105254.08213553,107913.549516875,0.95,"t","Annual catch; fixed in the catch scenario and calculated from biomass and F in the F scenarios","illustrative production variability","Annual catch"
2042,"catch","F = 0.04","all",106399.290889512,106111.811251009,106754.025295093,0.5,"t","Annual catch; fixed in the catch scenario and calculated from biomass and F in the F scenarios","illustrative production variability","Annual catch"
2042,"catch","F = 0.04","all",106399.290889512,105789.209429889,107325.615870704,0.8,"t","Annual catch; fixed in the catch scenario and calculated from biomass and F in the F scenarios","illustrative production variability","Annual catch"
2042,"catch","F = 0.04","all",106399.290889512,105532.149594412,107882.811939399,0.95,"t","Annual catch; fixed in the catch scenario and calculated from biomass and F in the F scenarios","illustrative production variability","Annual catch"
2043,"catch","F = 0.04","all",106893.275639083,106440.692955649,107203.895749045,0.5,"t","Annual catch; fixed in the catch scenario and calculated from biomass and F in the F scenarios","illustrative production variability","Annual catch"
2043,"catch","F = 0.04","all",106893.275639083,105888.211703288,107521.025416738,0.8,"t","Annual catch; fixed in the catch scenario and calculated from biomass and F in the F scenarios","illustrative production variability","Annual catch"
2043,"catch","F = 0.04","all",106893.275639083,105800.526125723,107983.832096664,0.95,"t","Annual catch; fixed in the catch scenario and calculated from biomass and F in the F scenarios","illustrative production variability","Annual catch"
2044,"catch","F = 0.04","all",107106.856229683,106649.849894187,107446.12349846,0.5,"t","Annual catch; fixed in the catch scenario and calculated from biomass and F in the F scenarios","illustrative production variability","Annual catch"
2044,"catch","F = 0.04","all",107106.856229683,106399.284421291,107581.339983248,0.8,"t","Annual catch; fixed in the catch scenario and calculated from biomass and F in the F scenarios","illustrative production variability","Annual catch"
2044,"catch","F = 0.04","all",107106.856229683,105920.149704019,107791.548575277,0.95,"t","Annual catch; fixed in the catch scenario and calculated from biomass and F in the F scenarios","illustrative production variability","Annual catch"
2045,"catch","F = 0.04","all",107178.984108151,106772.798893859,107557.196366992,0.5,"t","Annual catch; fixed in the catch scenario and calculated from biomass and F in the F scenarios","illustrative production variability","Annual catch"
2045,"catch","F = 0.04","all",107178.984108151,106666.316454542,107775.289467611,0.8,"t","Annual catch; fixed in the catch scenario and calculated from biomass and F in the F scenarios","illustrative production variability","Annual catch"
2045,"catch","F = 0.04","all",107178.984108151,106530.137988856,108179.353449726,0.95,"t","Annual catch; fixed in the catch scenario and calculated from biomass and F in the F scenarios","illustrative production variability","Annual catch"
2046,"catch","F = 0.04","all",107236.052470266,106996.774827272,107400.954549925,0.5,"t","Annual catch; fixed in the catch scenario and calculated from biomass and F in the F scenarios","illustrative production variability","Annual catch"
2046,"catch","F = 0.04","all",107236.052470266,106592.653095571,107712.406776252,0.8,"t","Annual catch; fixed in the catch scenario and calculated from biomass and F in the F scenarios","illustrative production variability","Annual catch"
2046,"catch","F = 0.04","all",107236.052470266,106482.942946515,107933.696353217,0.95,"t","Annual catch; fixed in the catch scenario and calculated from biomass and F in the F scenarios","illustrative production variability","Annual catch"
2047,"catch","F = 0.04","all",107296.295899589,106876.575556698,107615.973426765,0.5,"t","Annual catch; fixed in the catch scenario and calculated from biomass and F in the F scenarios","illustrative production variability","Annual catch"
2047,"catch","F = 0.04","all",107296.295899589,106774.624918875,107935.495423258,0.8,"t","Annual catch; fixed in the catch scenario and calculated from biomass and F in the F scenarios","illustrative production variability","Annual catch"
2047,"catch","F = 0.04","all",107296.295899589,106378.084609212,108475.72357133,0.95,"t","Annual catch; fixed in the catch scenario and calculated from biomass and F in the F scenarios","illustrative production variability","Annual catch"
2048,"catch","F = 0.04","all",107255.528059374,106961.504660126,107548.170088115,0.5,"t","Annual catch; fixed in the catch scenario and calculated from biomass and F in the F scenarios","illustrative production variability","Annual catch"
2048,"catch","F = 0.04","all",107255.528059374,106856.483674755,108181.993889445,0.8,"t","Annual catch; fixed in the catch scenario and calculated from biomass and F in the F scenarios","illustrative production variability","Annual catch"
2048,"catch","F = 0.04","all",107255.528059374,106841.835520216,108380.777987053,0.95,"t","Annual catch; fixed in the catch scenario and calculated from biomass and F in the F scenarios","illustrative production variability","Annual catch"
2049,"catch","F = 0.04","all",107256.888933712,106829.10405241,107731.765653271,0.5,"t","Annual catch; fixed in the catch scenario and calculated from biomass and F in the F scenarios","illustrative production variability","Annual catch"
2049,"catch","F = 0.04","all",107256.888933712,106656.298197022,108210.056099331,0.8,"t","Annual catch; fixed in the catch scenario and calculated from biomass and F in the F scenarios","illustrative production variability","Annual catch"
2049,"catch","F = 0.04","all",107256.888933712,106608.682897553,108489.945302852,0.95,"t","Annual catch; fixed in the catch scenario and calculated from biomass and F in the F scenarios","illustrative production variability","Annual catch"
2050,"catch","F = 0.04","all",107247.331353559,106972.907499818,107557.115138776,0.5,"t","Annual catch; fixed in the catch scenario and calculated from biomass and F in the F scenarios","illustrative production variability","Annual catch"
2050,"catch","F = 0.04","all",107247.331353559,106617.322868094,107779.636268366,0.8,"t","Annual catch; fixed in the catch scenario and calculated from biomass and F in the F scenarios","illustrative production variability","Annual catch"
2050,"catch","F = 0.04","all",107247.331353559,106214.517266715,108049.108176851,0.95,"t","Annual catch; fixed in the catch scenario and calculated from biomass and F in the F scenarios","illustrative production variability","Annual catch"
2051,"catch","F = 0.04","all",107287.39172815,106842.966966281,107555.773364473,0.5,"t","Annual catch; fixed in the catch scenario and calculated from biomass and F in the F scenarios","illustrative production variability","Annual catch"
2051,"catch","F = 0.04","all",107287.39172815,106633.627320929,108115.314823606,0.8,"t","Annual catch; fixed in the catch scenario and calculated from biomass and F in the F scenarios","illustrative production variability","Annual catch"
2051,"catch","F = 0.04","all",107287.39172815,106507.635515997,108457.003855677,0.95,"t","Annual catch; fixed in the catch scenario and calculated from biomass and F in the F scenarios","illustrative production variability","Annual catch"
2052,"catch","F = 0.04","all",107350.958863968,106844.957846906,107614.235288998,0.5,"t","Annual catch; fixed in the catch scenario and calculated from biomass and F in the F scenarios","illustrative production variability","Annual catch"
2052,"catch","F = 0.04","all",107350.958863968,106506.277679593,107858.890616559,0.8,"t","Annual catch; fixed in the catch scenario and calculated from biomass and F in the F scenarios","illustrative production variability","Annual catch"
2052,"catch","F = 0.04","all",107350.958863968,106493.273414288,108239.917436772,0.95,"t","Annual catch; fixed in the catch scenario and calculated from biomass and F in the F scenarios","illustrative production variability","Annual catch"
2023,"fishing_mortality","F = 0.04","all",0.04,0.04,0.04,0.5,"per year","Instantaneous annual F; fixed in F scenarios and solved from catch in the catch scenario","illustrative production variability","Fishing mortality"
2023,"fishing_mortality","F = 0.04","all",0.04,0.04,0.04,0.8,"per year","Instantaneous annual F; fixed in F scenarios and solved from catch in the catch scenario","illustrative production variability","Fishing mortality"
2023,"fishing_mortality","F = 0.04","all",0.04,0.04,0.04,0.95,"per year","Instantaneous annual F; fixed in F scenarios and solved from catch in the catch scenario","illustrative production variability","Fishing mortality"
2024,"fishing_mortality","F = 0.04","all",0.04,0.04,0.04,0.5,"per year","Instantaneous annual F; fixed in F scenarios and solved from catch in the catch scenario","illustrative production variability","Fishing mortality"
2024,"fishing_mortality","F = 0.04","all",0.04,0.04,0.04,0.8,"per year","Instantaneous annual F; fixed in F scenarios and solved from catch in the catch scenario","illustrative production variability","Fishing mortality"
2024,"fishing_mortality","F = 0.04","all",0.04,0.04,0.04,0.95,"per year","Instantaneous annual F; fixed in F scenarios and solved from catch in the catch scenario","illustrative production variability","Fishing mortality"
2025,"fishing_mortality","F = 0.04","all",0.04,0.04,0.04,0.5,"per year","Instantaneous annual F; fixed in F scenarios and solved from catch in the catch scenario","illustrative production variability","Fishing mortality"
2025,"fishing_mortality","F = 0.04","all",0.04,0.04,0.04,0.8,"per year","Instantaneous annual F; fixed in F scenarios and solved from catch in the catch scenario","illustrative production variability","Fishing mortality"
2025,"fishing_mortality","F = 0.04","all",0.04,0.04,0.04,0.95,"per year","Instantaneous annual F; fixed in F scenarios and solved from catch in the catch scenario","illustrative production variability","Fishing mortality"
2026,"fishing_mortality","F = 0.04","all",0.04,0.04,0.04,0.5,"per year","Instantaneous annual F; fixed in F scenarios and solved from catch in the catch scenario","illustrative production variability","Fishing mortality"
2026,"fishing_mortality","F = 0.04","all",0.04,0.04,0.04,0.8,"per year","Instantaneous annual F; fixed in F scenarios and solved from catch in the catch scenario","illustrative production variability","Fishing mortality"
2026,"fishing_mortality","F = 0.04","all",0.04,0.04,0.04,0.95,"per year","Instantaneous annual F; fixed in F scenarios and solved from catch in the catch scenario","illustrative production variability","Fishing mortality"
2027,"fishing_mortality","F = 0.04","all",0.04,0.04,0.04,0.5,"per year","Instantaneous annual F; fixed in F scenarios and solved from catch in the catch scenario","illustrative production variability","Fishing mortality"
2027,"fishing_mortality","F = 0.04","all",0.04,0.04,0.04,0.8,"per year","Instantaneous annual F; fixed in F scenarios and solved from catch in the catch scenario","illustrative production variability","Fishing mortality"
2027,"fishing_mortality","F = 0.04","all",0.04,0.04,0.04,0.95,"per year","Instantaneous annual F; fixed in F scenarios and solved from catch in the catch scenario","illustrative production variability","Fishing mortality"
2028,"fishing_mortality","F = 0.04","all",0.04,0.04,0.04,0.5,"per year","Instantaneous annual F; fixed in F scenarios and solved from catch in the catch scenario","illustrative production variability","Fishing mortality"
2028,"fishing_mortality","F = 0.04","all",0.04,0.04,0.04,0.8,"per year","Instantaneous annual F; fixed in F scenarios and solved from catch in the catch scenario","illustrative production variability","Fishing mortality"
2028,"fishing_mortality","F = 0.04","all",0.04,0.04,0.04,0.95,"per year","Instantaneous annual F; fixed in F scenarios and solved from catch in the catch scenario","illustrative production variability","Fishing mortality"
2029,"fishing_mortality","F = 0.04","all",0.04,0.04,0.04,0.5,"per year","Instantaneous annual F; fixed in F scenarios and solved from catch in the catch scenario","illustrative production variability","Fishing mortality"
2029,"fishing_mortality","F = 0.04","all",0.04,0.04,0.04,0.8,"per year","Instantaneous annual F; fixed in F scenarios and solved from catch in the catch scenario","illustrative production variability","Fishing mortality"
2029,"fishing_mortality","F = 0.04","all",0.04,0.04,0.04,0.95,"per year","Instantaneous annual F; fixed in F scenarios and solved from catch in the catch scenario","illustrative production variability","Fishing mortality"
2030,"fishing_mortality","F = 0.04","all",0.04,0.04,0.04,0.5,"per year","Instantaneous annual F; fixed in F scenarios and solved from catch in the catch scenario","illustrative production variability","Fishing mortality"
2030,"fishing_mortality","F = 0.04","all",0.04,0.04,0.04,0.8,"per year","Instantaneous annual F; fixed in F scenarios and solved from catch in the catch scenario","illustrative production variability","Fishing mortality"
2030,"fishing_mortality","F = 0.04","all",0.04,0.04,0.04,0.95,"per year","Instantaneous annual F; fixed in F scenarios and solved from catch in the catch scenario","illustrative production variability","Fishing mortality"
2031,"fishing_mortality","F = 0.04","all",0.04,0.04,0.04,0.5,"per year","Instantaneous annual F; fixed in F scenarios and solved from catch in the catch scenario","illustrative production variability","Fishing mortality"
2031,"fishing_mortality","F = 0.04","all",0.04,0.04,0.04,0.8,"per year","Instantaneous annual F; fixed in F scenarios and solved from catch in the catch scenario","illustrative production variability","Fishing mortality"
2031,"fishing_mortality","F = 0.04","all",0.04,0.04,0.04,0.95,"per year","Instantaneous annual F; fixed in F scenarios and solved from catch in the catch scenario","illustrative production variability","Fishing mortality"
2032,"fishing_mortality","F = 0.04","all",0.04,0.04,0.04,0.5,"per year","Instantaneous annual F; fixed in F scenarios and solved from catch in the catch scenario","illustrative production variability","Fishing mortality"
2032,"fishing_mortality","F = 0.04","all",0.04,0.04,0.04,0.8,"per year","Instantaneous annual F; fixed in F scenarios and solved from catch in the catch scenario","illustrative production variability","Fishing mortality"
2032,"fishing_mortality","F = 0.04","all",0.04,0.04,0.04,0.95,"per year","Instantaneous annual F; fixed in F scenarios and solved from catch in the catch scenario","illustrative production variability","Fishing mortality"
2033,"fishing_mortality","F = 0.04","all",0.04,0.04,0.04,0.5,"per year","Instantaneous annual F; fixed in F scenarios and solved from catch in the catch scenario","illustrative production variability","Fishing mortality"
2033,"fishing_mortality","F = 0.04","all",0.04,0.04,0.04,0.8,"per year","Instantaneous annual F; fixed in F scenarios and solved from catch in the catch scenario","illustrative production variability","Fishing mortality"
2033,"fishing_mortality","F = 0.04","all",0.04,0.04,0.04,0.95,"per year","Instantaneous annual F; fixed in F scenarios and solved from catch in the catch scenario","illustrative production variability","Fishing mortality"
2034,"fishing_mortality","F = 0.04","all",0.04,0.04,0.04,0.5,"per year","Instantaneous annual F; fixed in F scenarios and solved from catch in the catch scenario","illustrative production variability","Fishing mortality"
2034,"fishing_mortality","F = 0.04","all",0.04,0.04,0.04,0.8,"per year","Instantaneous annual F; fixed in F scenarios and solved from catch in the catch scenario","illustrative production variability","Fishing mortality"
2034,"fishing_mortality","F = 0.04","all",0.04,0.04,0.04,0.95,"per year","Instantaneous annual F; fixed in F scenarios and solved from catch in the catch scenario","illustrative production variability","Fishing mortality"
2035,"fishing_mortality","F = 0.04","all",0.04,0.04,0.04,0.5,"per year","Instantaneous annual F; fixed in F scenarios and solved from catch in the catch scenario","illustrative production variability","Fishing mortality"
2035,"fishing_mortality","F = 0.04","all",0.04,0.04,0.04,0.8,"per year","Instantaneous annual F; fixed in F scenarios and solved from catch in the catch scenario","illustrative production variability","Fishing mortality"
2035,"fishing_mortality","F = 0.04","all",0.04,0.04,0.04,0.95,"per year","Instantaneous annual F; fixed in F scenarios and solved from catch in the catch scenario","illustrative production variability","Fishing mortality"
2036,"fishing_mortality","F = 0.04","all",0.04,0.04,0.04,0.5,"per year","Instantaneous annual F; fixed in F scenarios and solved from catch in the catch scenario","illustrative production variability","Fishing mortality"
2036,"fishing_mortality","F = 0.04","all",0.04,0.04,0.04,0.8,"per year","Instantaneous annual F; fixed in F scenarios and solved from catch in the catch scenario","illustrative production variability","Fishing mortality"
2036,"fishing_mortality","F = 0.04","all",0.04,0.04,0.04,0.95,"per year","Instantaneous annual F; fixed in F scenarios and solved from catch in the catch scenario","illustrative production variability","Fishing mortality"
2037,"fishing_mortality","F = 0.04","all",0.04,0.04,0.04,0.5,"per year","Instantaneous annual F; fixed in F scenarios and solved from catch in the catch scenario","illustrative production variability","Fishing mortality"
2037,"fishing_mortality","F = 0.04","all",0.04,0.04,0.04,0.8,"per year","Instantaneous annual F; fixed in F scenarios and solved from catch in the catch scenario","illustrative production variability","Fishing mortality"
2037,"fishing_mortality","F = 0.04","all",0.04,0.04,0.04,0.95,"per year","Instantaneous annual F; fixed in F scenarios and solved from catch in the catch scenario","illustrative production variability","Fishing mortality"
2038,"fishing_mortality","F = 0.04","all",0.04,0.04,0.04,0.5,"per year","Instantaneous annual F; fixed in F scenarios and solved from catch in the catch scenario","illustrative production variability","Fishing mortality"
2038,"fishing_mortality","F = 0.04","all",0.04,0.04,0.04,0.8,"per year","Instantaneous annual F; fixed in F scenarios and solved from catch in the catch scenario","illustrative production variability","Fishing mortality"
2038,"fishing_mortality","F = 0.04","all",0.04,0.04,0.04,0.95,"per year","Instantaneous annual F; fixed in F scenarios and solved from catch in the catch scenario","illustrative production variability","Fishing mortality"
2039,"fishing_mortality","F = 0.04","all",0.04,0.04,0.04,0.5,"per year","Instantaneous annual F; fixed in F scenarios and solved from catch in the catch scenario","illustrative production variability","Fishing mortality"
2039,"fishing_mortality","F = 0.04","all",0.04,0.04,0.04,0.8,"per year","Instantaneous annual F; fixed in F scenarios and solved from catch in the catch scenario","illustrative production variability","Fishing mortality"
2039,"fishing_mortality","F = 0.04","all",0.04,0.04,0.04,0.95,"per year","Instantaneous annual F; fixed in F scenarios and solved from catch in the catch scenario","illustrative production variability","Fishing mortality"
2040,"fishing_mortality","F = 0.04","all",0.04,0.04,0.04,0.5,"per year","Instantaneous annual F; fixed in F scenarios and solved from catch in the catch scenario","illustrative production variability","Fishing mortality"
2040,"fishing_mortality","F = 0.04","all",0.04,0.04,0.04,0.8,"per year","Instantaneous annual F; fixed in F scenarios and solved from catch in the catch scenario","illustrative production variability","Fishing mortality"
2040,"fishing_mortality","F = 0.04","all",0.04,0.04,0.04,0.95,"per year","Instantaneous annual F; fixed in F scenarios and solved from catch in the catch scenario","illustrative production variability","Fishing mortality"
2041,"fishing_mortality","F = 0.04","all",0.04,0.04,0.04,0.5,"per year","Instantaneous annual F; fixed in F scenarios and solved from catch in the catch scenario","illustrative production variability","Fishing mortality"
2041,"fishing_mortality","F = 0.04","all",0.04,0.04,0.04,0.8,"per year","Instantaneous annual F; fixed in F scenarios and solved from catch in the catch scenario","illustrative production variability","Fishing mortality"
2041,"fishing_mortality","F = 0.04","all",0.04,0.04,0.04,0.95,"per year","Instantaneous annual F; fixed in F scenarios and solved from catch in the catch scenario","illustrative production variability","Fishing mortality"
2042,"fishing_mortality","F = 0.04","all",0.04,0.04,0.04,0.5,"per year","Instantaneous annual F; fixed in F scenarios and solved from catch in the catch scenario","illustrative production variability","Fishing mortality"
2042,"fishing_mortality","F = 0.04","all",0.04,0.04,0.04,0.8,"per year","Instantaneous annual F; fixed in F scenarios and solved from catch in the catch scenario","illustrative production variability","Fishing mortality"
2042,"fishing_mortality","F = 0.04","all",0.04,0.04,0.04,0.95,"per year","Instantaneous annual F; fixed in F scenarios and solved from catch in the catch scenario","illustrative production variability","Fishing mortality"
2043,"fishing_mortality","F = 0.04","all",0.04,0.04,0.04,0.5,"per year","Instantaneous annual F; fixed in F scenarios and solved from catch in the catch scenario","illustrative production variability","Fishing mortality"
2043,"fishing_mortality","F = 0.04","all",0.04,0.04,0.04,0.8,"per year","Instantaneous annual F; fixed in F scenarios and solved from catch in the catch scenario","illustrative production variability","Fishing mortality"
2043,"fishing_mortality","F = 0.04","all",0.04,0.04,0.04,0.95,"per year","Instantaneous annual F; fixed in F scenarios and solved from catch in the catch scenario","illustrative production variability","Fishing mortality"
2044,"fishing_mortality","F = 0.04","all",0.04,0.04,0.04,0.5,"per year","Instantaneous annual F; fixed in F scenarios and solved from catch in the catch scenario","illustrative production variability","Fishing mortality"
2044,"fishing_mortality","F = 0.04","all",0.04,0.04,0.04,0.8,"per year","Instantaneous annual F; fixed in F scenarios and solved from catch in the catch scenario","illustrative production variability","Fishing mortality"
2044,"fishing_mortality","F = 0.04","all",0.04,0.04,0.04,0.95,"per year","Instantaneous annual F; fixed in F scenarios and solved from catch in the catch scenario","illustrative production variability","Fishing mortality"
2045,"fishing_mortality","F = 0.04","all",0.04,0.04,0.04,0.5,"per year","Instantaneous annual F; fixed in F scenarios and solved from catch in the catch scenario","illustrative production variability","Fishing mortality"
2045,"fishing_mortality","F = 0.04","all",0.04,0.04,0.04,0.8,"per year","Instantaneous annual F; fixed in F scenarios and solved from catch in the catch scenario","illustrative production variability","Fishing mortality"
2045,"fishing_mortality","F = 0.04","all",0.04,0.04,0.04,0.95,"per year","Instantaneous annual F; fixed in F scenarios and solved from catch in the catch scenario","illustrative production variability","Fishing mortality"
2046,"fishing_mortality","F = 0.04","all",0.04,0.04,0.04,0.5,"per year","Instantaneous annual F; fixed in F scenarios and solved from catch in the catch scenario","illustrative production variability","Fishing mortality"
2046,"fishing_mortality","F = 0.04","all",0.04,0.04,0.04,0.8,"per year","Instantaneous annual F; fixed in F scenarios and solved from catch in the catch scenario","illustrative production variability","Fishing mortality"
2046,"fishing_mortality","F = 0.04","all",0.04,0.04,0.04,0.95,"per year","Instantaneous annual F; fixed in F scenarios and solved from catch in the catch scenario","illustrative production variability","Fishing mortality"
2047,"fishing_mortality","F = 0.04","all",0.04,0.04,0.04,0.5,"per year","Instantaneous annual F; fixed in F scenarios and solved from catch in the catch scenario","illustrative production variability","Fishing mortality"
2047,"fishing_mortality","F = 0.04","all",0.04,0.04,0.04,0.8,"per year","Instantaneous annual F; fixed in F scenarios and solved from catch in the catch scenario","illustrative production variability","Fishing mortality"
2047,"fishing_mortality","F = 0.04","all",0.04,0.04,0.04,0.95,"per year","Instantaneous annual F; fixed in F scenarios and solved from catch in the catch scenario","illustrative production variability","Fishing mortality"
2048,"fishing_mortality","F = 0.04","all",0.04,0.04,0.04,0.5,"per year","Instantaneous annual F; fixed in F scenarios and solved from catch in the catch scenario","illustrative production variability","Fishing mortality"
2048,"fishing_mortality","F = 0.04","all",0.04,0.04,0.04,0.8,"per year","Instantaneous annual F; fixed in F scenarios and solved from catch in the catch scenario","illustrative production variability","Fishing mortality"
2048,"fishing_mortality","F = 0.04","all",0.04,0.04,0.04,0.95,"per year","Instantaneous annual F; fixed in F scenarios and solved from catch in the catch scenario","illustrative production variability","Fishing mortality"
2049,"fishing_mortality","F = 0.04","all",0.04,0.04,0.04,0.5,"per year","Instantaneous annual F; fixed in F scenarios and solved from catch in the catch scenario","illustrative production variability","Fishing mortality"
2049,"fishing_mortality","F = 0.04","all",0.04,0.04,0.04,0.8,"per year","Instantaneous annual F; fixed in F scenarios and solved from catch in the catch scenario","illustrative production variability","Fishing mortality"
2049,"fishing_mortality","F = 0.04","all",0.04,0.04,0.04,0.95,"per year","Instantaneous annual F; fixed in F scenarios and solved from catch in the catch scenario","illustrative production variability","Fishing mortality"
2050,"fishing_mortality","F = 0.04","all",0.04,0.04,0.04,0.5,"per year","Instantaneous annual F; fixed in F scenarios and solved from catch in the catch scenario","illustrative production variability","Fishing mortality"
2050,"fishing_mortality","F = 0.04","all",0.04,0.04,0.04,0.8,"per year","Instantaneous annual F; fixed in F scenarios and solved from catch in the catch scenario","illustrative production variability","Fishing mortality"
2050,"fishing_mortality","F = 0.04","all",0.04,0.04,0.04,0.95,"per year","Instantaneous annual F; fixed in F scenarios and solved from catch in the catch scenario","illustrative production variability","Fishing mortality"
2051,"fishing_mortality","F = 0.04","all",0.04,0.04,0.04,0.5,"per year","Instantaneous annual F; fixed in F scenarios and solved from catch in the catch scenario","illustrative production variability","Fishing mortality"
2051,"fishing_mortality","F = 0.04","all",0.04,0.04,0.04,0.8,"per year","Instantaneous annual F; fixed in F scenarios and solved from catch in the catch scenario","illustrative production variability","Fishing mortality"
2051,"fishing_mortality","F = 0.04","all",0.04,0.04,0.04,0.95,"per year","Instantaneous annual F; fixed in F scenarios and solved from catch in the catch scenario","illustrative production variability","Fishing mortality"
2052,"fishing_mortality","F = 0.04","all",0.04,0.04,0.04,0.5,"per year","Instantaneous annual F; fixed in F scenarios and solved from catch in the catch scenario","illustrative production variability","Fishing mortality"
2052,"fishing_mortality","F = 0.04","all",0.04,0.04,0.04,0.8,"per year","Instantaneous annual F; fixed in F scenarios and solved from catch in the catch scenario","illustrative production variability","Fishing mortality"
2052,"fishing_mortality","F = 0.04","all",0.04,0.04,0.04,0.95,"per year","Instantaneous annual F; fixed in F scenarios and solved from catch in the catch scenario","illustrative production variability","Fishing mortality"
2023,"total_biomass","F = 0.04","all",902918.314809643,902918.314809643,902918.314809643,0.5,"t","Start-year biomass in the surplus-production demonstration","illustrative production variability","Total biomass"
2023,"total_biomass","F = 0.04","all",902918.314809643,902918.314809643,902918.314809643,0.8,"t","Start-year biomass in the surplus-production demonstration","illustrative production variability","Total biomass"
2023,"total_biomass","F = 0.04","all",902918.314809643,902918.314809643,902918.314809643,0.95,"t","Start-year biomass in the surplus-production demonstration","illustrative production variability","Total biomass"
2024,"total_biomass","F = 0.04","all",1056482.49470779,1046052.59117009,1065484.97070274,0.5,"t","Start-year biomass in the surplus-production demonstration","illustrative production variability","Total biomass"
2024,"total_biomass","F = 0.04","all",1056482.49470779,1032450.7769499,1075673.70394236,0.8,"t","Start-year biomass in the surplus-production demonstration","illustrative production variability","Total biomass"
2024,"total_biomass","F = 0.04","all",1056482.49470779,1030691.54411396,1082132.40854678,0.95,"t","Start-year biomass in the surplus-production demonstration","illustrative production variability","Total biomass"
2025,"total_biomass","F = 0.04","all",1223667.41948174,1212580.13413265,1229485.02688971,0.5,"t","Start-year biomass in the surplus-production demonstration","illustrative production variability","Total biomass"
2025,"total_biomass","F = 0.04","all",1223667.41948174,1194079.10161785,1242497.81755336,0.8,"t","Start-year biomass in the surplus-production demonstration","illustrative production variability","Total biomass"
2025,"total_biomass","F = 0.04","all",1223667.41948174,1186242.61917323,1244026.14033504,0.95,"t","Start-year biomass in the surplus-production demonstration","illustrative production variability","Total biomass"
2026,"total_biomass","F = 0.04","all",1386562.08474793,1374972.66653175,1420851.40367693,0.5,"t","Start-year biomass in the surplus-production demonstration","illustrative production variability","Total biomass"
2026,"total_biomass","F = 0.04","all",1386562.08474793,1362778.10122257,1436162.24380919,0.8,"t","Start-year biomass in the surplus-production demonstration","illustrative production variability","Total biomass"
2026,"total_biomass","F = 0.04","all",1386562.08474793,1351889.0491508,1472814.97338595,0.95,"t","Start-year biomass in the surplus-production demonstration","illustrative production variability","Total biomass"
2027,"total_biomass","F = 0.04","all",1567166.4824321,1546369.64117493,1599386.93524031,0.5,"t","Start-year biomass in the surplus-production demonstration","illustrative production variability","Total biomass"
2027,"total_biomass","F = 0.04","all",1567166.4824321,1531195.44820345,1618171.17588626,0.8,"t","Start-year biomass in the surplus-production demonstration","illustrative production variability","Total biomass"
2027,"total_biomass","F = 0.04","all",1567166.4824321,1525301.28731975,1643314.94545682,0.95,"t","Start-year biomass in the surplus-production demonstration","illustrative production variability","Total biomass"
2028,"total_biomass","F = 0.04","all",1734343.698569,1720493.05366238,1771024.05387129,0.5,"t","Start-year biomass in the surplus-production demonstration","illustrative production variability","Total biomass"
2028,"total_biomass","F = 0.04","all",1734343.698569,1695561.64706136,1790697.13571475,0.8,"t","Start-year biomass in the surplus-production demonstration","illustrative production variability","Total biomass"
2028,"total_biomass","F = 0.04","all",1734343.698569,1695447.80628906,1850548.29245044,0.95,"t","Start-year biomass in the surplus-production demonstration","illustrative production variability","Total biomass"
2029,"total_biomass","F = 0.04","all",1896002.81320506,1873310.9482493,1939133.68617041,0.5,"t","Start-year biomass in the surplus-production demonstration","illustrative production variability","Total biomass"
2029,"total_biomass","F = 0.04","all",1896002.81320506,1867243.90217552,1945895.83485827,0.8,"t","Start-year biomass in the surplus-production demonstration","illustrative production variability","Total biomass"
2029,"total_biomass","F = 0.04","all",1896002.81320506,1846058.41012535,1979538.99326782,0.95,"t","Start-year biomass in the surplus-production demonstration","illustrative production variability","Total biomass"
2030,"total_biomass","F = 0.04","all",2064483.69854749,2040859.18223835,2080927.19644732,0.5,"t","Start-year biomass in the surplus-production demonstration","illustrative production variability","Total biomass"
2030,"total_biomass","F = 0.04","all",2064483.69854749,2020898.32908834,2106322.24993908,0.8,"t","Start-year biomass in the surplus-production demonstration","illustrative production variability","Total biomass"
2030,"total_biomass","F = 0.04","all",2064483.69854749,2003805.83208735,2127385.76898768,0.95,"t","Start-year biomass in the surplus-production demonstration","illustrative production variability","Total biomass"
2031,"total_biomass","F = 0.04","all",2204426.09082686,2180716.66655735,2213805.14983194,0.5,"t","Start-year biomass in the surplus-production demonstration","illustrative production variability","Total biomass"
2031,"total_biomass","F = 0.04","all",2204426.09082686,2164850.5903604,2243423.68266892,0.8,"t","Start-year biomass in the surplus-production demonstration","illustrative production variability","Total biomass"
2031,"total_biomass","F = 0.04","all",2204426.09082686,2157309.96950877,2257940.57564229,0.95,"t","Start-year biomass in the surplus-production demonstration","illustrative production variability","Total biomass"
2032,"total_biomass","F = 0.04","all",2311794.97732509,2292067.62084246,2326561.61839779,0.5,"t","Start-year biomass in the surplus-production demonstration","illustrative production variability","Total biomass"
2032,"total_biomass","F = 0.04","all",2311794.97732509,2278004.84888852,2346835.0834267,0.8,"t","Start-year biomass in the surplus-production demonstration","illustrative production variability","Total biomass"
2032,"total_biomass","F = 0.04","all",2311794.97732509,2275597.90025746,2370697.36747432,0.95,"t","Start-year biomass in the surplus-production demonstration","illustrative production variability","Total biomass"
2033,"total_biomass","F = 0.04","all",2401880.3655479,2384249.22406588,2423084.42098431,0.5,"t","Start-year biomass in the surplus-production demonstration","illustrative production variability","Total biomass"
2033,"total_biomass","F = 0.04","all",2401880.3655479,2370460.1921418,2450171.49713269,0.8,"t","Start-year biomass in the surplus-production demonstration","illustrative production variability","Total biomass"
2033,"total_biomass","F = 0.04","all",2401880.3655479,2362681.9664489,2477121.59715253,0.95,"t","Start-year biomass in the surplus-production demonstration","illustrative production variability","Total biomass"
2034,"total_biomass","F = 0.04","all",2487921.77029678,2466762.19436196,2504317.10508841,0.5,"t","Start-year biomass in the surplus-production demonstration","illustrative production variability","Total biomass"
2034,"total_biomass","F = 0.04","all",2487921.77029678,2425400.96720794,2519601.88162027,0.8,"t","Start-year biomass in the surplus-production demonstration","illustrative production variability","Total biomass"
2034,"total_biomass","F = 0.04","all",2487921.77029678,2414122.45985381,2547918.82415902,0.95,"t","Start-year biomass in the surplus-production demonstration","illustrative production variability","Total biomass"
2035,"total_biomass","F = 0.04","all",2546927.43859725,2524008.93508802,2560755.03819403,0.5,"t","Start-year biomass in the surplus-production demonstration","illustrative production variability","Total biomass"
2035,"total_biomass","F = 0.04","all",2546927.43859725,2508836.55142936,2570245.39989522,0.8,"t","Start-year biomass in the surplus-production demonstration","illustrative production variability","Total biomass"
2035,"total_biomass","F = 0.04","all",2546927.43859725,2481138.48396798,2605585.24480165,0.95,"t","Start-year biomass in the surplus-production demonstration","illustrative production variability","Total biomass"
2036,"total_biomass","F = 0.04","all",2595808.32593464,2575256.68642698,2609248.41929224,0.5,"t","Start-year biomass in the surplus-production demonstration","illustrative production variability","Total biomass"
2036,"total_biomass","F = 0.04","all",2595808.32593464,2551348.15073083,2616267.85953051,0.8,"t","Start-year biomass in the surplus-production demonstration","illustrative production variability","Total biomass"
2036,"total_biomass","F = 0.04","all",2595808.32593464,2534436.42085145,2654356.1256803,0.95,"t","Start-year biomass in the surplus-production demonstration","illustrative production variability","Total biomass"
2037,"total_biomass","F = 0.04","all",2630760.73651338,2612545.68159399,2651087.1449651,0.5,"t","Start-year biomass in the surplus-production demonstration","illustrative production variability","Total biomass"
2037,"total_biomass","F = 0.04","all",2630760.73651338,2600043.94542888,2663745.34546374,0.8,"t","Start-year biomass in the surplus-production demonstration","illustrative production variability","Total biomass"
2037,"total_biomass","F = 0.04","all",2630760.73651338,2582885.66898036,2672773.99890699,0.95,"t","Start-year biomass in the surplus-production demonstration","illustrative production variability","Total biomass"
2038,"total_biomass","F = 0.04","all",2660837.62958469,2643428.39185741,2672258.32907099,0.5,"t","Start-year biomass in the surplus-production demonstration","illustrative production variability","Total biomass"
2038,"total_biomass","F = 0.04","all",2660837.62958469,2628502.78642743,2687562.31839602,0.8,"t","Start-year biomass in the surplus-production demonstration","illustrative production variability","Total biomass"
2038,"total_biomass","F = 0.04","all",2660837.62958469,2611116.88213156,2700985.00986702,0.95,"t","Start-year biomass in the surplus-production demonstration","illustrative production variability","Total biomass"
2039,"total_biomass","F = 0.04","all",2681791.16781159,2670346.48774975,2690695.35216855,0.5,"t","Start-year biomass in the surplus-production demonstration","illustrative production variability","Total biomass"
2039,"total_biomass","F = 0.04","all",2681791.16781159,2648578.29691076,2697921.19461495,0.8,"t","Start-year biomass in the surplus-production demonstration","illustrative production variability","Total biomass"
2039,"total_biomass","F = 0.04","all",2681791.16781159,2647336.16244202,2706627.02813466,0.95,"t","Start-year biomass in the surplus-production demonstration","illustrative production variability","Total biomass"
2040,"total_biomass","F = 0.04","all",2691304.29864156,2682685.86994818,2705471.42885486,0.5,"t","Start-year biomass in the surplus-production demonstration","illustrative production variability","Total biomass"
2040,"total_biomass","F = 0.04","all",2691304.29864156,2666104.83801505,2720968.33225855,0.8,"t","Start-year biomass in the surplus-production demonstration","illustrative production variability","Total biomass"
2040,"total_biomass","F = 0.04","all",2691304.29864156,2658285.97722473,2735918.45946654,0.95,"t","Start-year biomass in the surplus-production demonstration","illustrative production variability","Total biomass"
2041,"total_biomass","F = 0.04","all",2702987.32760182,2696662.22774913,2720880.99372034,0.5,"t","Start-year biomass in the surplus-production demonstration","illustrative production variability","Total biomass"
2041,"total_biomass","F = 0.04","all",2702987.32760182,2685589.1766257,2731360.67210916,0.8,"t","Start-year biomass in the surplus-production demonstration","illustrative production variability","Total biomass"
2041,"total_biomass","F = 0.04","all",2702987.32760182,2684329.93204091,2752155.21492007,0.95,"t","Start-year biomass in the surplus-production demonstration","illustrative production variability","Total biomass"
2042,"total_biomass","F = 0.04","all",2713536.57252817,2706204.88350643,2722583.48228696,0.5,"t","Start-year biomass in the surplus-production demonstration","illustrative production variability","Total biomass"
2042,"total_biomass","F = 0.04","all",2713536.57252817,2697977.46175715,2737160.94721615,0.8,"t","Start-year biomass in the surplus-production demonstration","illustrative production variability","Total biomass"
2042,"total_biomass","F = 0.04","all",2713536.57252817,2691421.5791092,2751371.30423859,0.95,"t","Start-year biomass in the surplus-production demonstration","illustrative production variability","Total biomass"
2043,"total_biomass","F = 0.04","all",2726134.83021415,2714592.46321787,2734056.67839094,0.5,"t","Start-year biomass in the surplus-production demonstration","illustrative production variability","Total biomass"
2043,"total_biomass","F = 0.04","all",2726134.83021415,2700502.34972758,2742144.54198782,0.8,"t","Start-year biomass in the surplus-production demonstration","illustrative production variability","Total biomass"
2043,"total_biomass","F = 0.04","all",2726134.83021415,2698266.07522223,2753947.65497372,0.95,"t","Start-year biomass in the surplus-production demonstration","illustrative production variability","Total biomass"
2044,"total_biomass","F = 0.04","all",2731581.84719076,2719926.6623218,2740234.29340531,0.5,"t","Start-year biomass in the surplus-production demonstration","illustrative production variability","Total biomass"
2044,"total_biomass","F = 0.04","all",2731581.84719076,2713536.40756698,2743682.76447702,0.8,"t","Start-year biomass in the surplus-production demonstration","illustrative production variability","Total biomass"
2044,"total_biomass","F = 0.04","all",2731581.84719076,2701316.87520339,2749043.78425037,0.95,"t","Start-year biomass in the surplus-production demonstration","illustrative production variability","Total biomass"
2045,"total_biomass","F = 0.04","all",2733421.34851156,2723062.27163251,2743067.0217859,0.5,"t","Start-year biomass in the surplus-production demonstration","illustrative production variability","Total biomass"
2045,"total_biomass","F = 0.04","all",2733421.34851156,2720346.61449792,2748629.12280932,0.8,"t","Start-year biomass in the surplus-production demonstration","illustrative production variability","Total biomass"
2045,"total_biomass","F = 0.04","all",2733421.34851156,2716873.6097068,2758934.10119726,0.95,"t","Start-year biomass in the surplus-production demonstration","illustrative production variability","Total biomass"
2046,"total_biomass","F = 0.04","all",2734876.7819683,2728774.40450108,2739082.33465854,0.5,"t","Start-year biomass in the surplus-production demonstration","illustrative production variability","Total biomass"
2046,"total_biomass","F = 0.04","all",2734876.7819683,2718467.95330616,2747025.40457627,0.8,"t","Start-year biomass in the surplus-production demonstration","illustrative production variability","Total biomass"
2046,"total_biomass","F = 0.04","all",2734876.7819683,2715669.97881451,2752669.02640114,0.95,"t","Start-year biomass in the surplus-production demonstration","illustrative production variability","Total biomass"
2047,"total_biomass","F = 0.04","all",2736413.19022211,2725708.92244787,2744566.03272842,0.5,"t","Start-year biomass in the surplus-production demonstration","illustrative production variability","Total biomass"
2047,"total_biomass","F = 0.04","all",2736413.19022211,2723108.84135699,2752714.90868392,0.8,"t","Start-year biomass in the surplus-production demonstration","illustrative production variability","Total biomass"
2047,"total_biomass","F = 0.04","all",2736413.19022211,2712995.74169481,2766492.52717223,0.95,"t","Start-year biomass in the surplus-production demonstration","illustrative production variability","Total biomass"
2048,"total_biomass","F = 0.04","all",2735373.47440743,2727874.89767477,2742836.82158775,0.5,"t","Start-year biomass in the surplus-production demonstration","illustrative production variability","Total biomass"
2048,"total_biomass","F = 0.04","all",2735373.47440743,2725196.51248717,2759001.44121133,0.8,"t","Start-year biomass in the surplus-production demonstration","illustrative production variability","Total biomass"
2048,"total_biomass","F = 0.04","all",2735373.47440743,2724822.93572056,2764071.09829632,0.95,"t","Start-year biomass in the surplus-production demonstration","illustrative production variability","Total biomass"
2049,"total_biomass","F = 0.04","all",2735408.18123919,2724498.2408544,2747519.12046812,0.5,"t","Start-year biomass in the surplus-production demonstration","illustrative production variability","Total biomass"
2049,"total_biomass","F = 0.04","all",2735408.18123919,2720091.11553785,2759717.12110163,0.8,"t","Start-year biomass in the surplus-production demonstration","illustrative production variability","Total biomass"
2049,"total_biomass","F = 0.04","all",2735408.18123919,2718876.76668796,2766855.22873056,0.95,"t","Start-year biomass in the surplus-production demonstration","illustrative production variability","Total biomass"
2050,"total_biomass","F = 0.04","all",2735164.43108754,2728165.70809535,2743064.95019566,0.5,"t","Start-year biomass in the surplus-production demonstration","illustrative production variability","Total biomass"
2050,"total_biomass","F = 0.04","all",2735164.43108754,2719097.11473589,2748739.98071752,0.8,"t","Start-year biomass in the surplus-production demonstration","illustrative production variability","Total biomass"
2050,"total_biomass","F = 0.04","all",2735164.43108754,2708824.22925119,2755612.41259963,0.95,"t","Start-year biomass in the surplus-production demonstration","illustrative production variability","Total biomass"
2051,"total_biomass","F = 0.04","all",2736186.10417063,2724851.79136661,2743030.73047846,0.5,"t","Start-year biomass in the surplus-production demonstration","illustrative production variability","Total biomass"
2051,"total_biomass","F = 0.04","all",2736186.10417063,2719512.93262992,2757300.90277483,0.8,"t","Start-year biomass in the surplus-production demonstration","illustrative production variability","Total biomass"
2051,"total_biomass","F = 0.04","all",2736186.10417063,2716299.72164265,2766015.11202569,0.95,"t","Start-year biomass in the surplus-production demonstration","illustrative production variability","Total biomass"
2052,"total_biomass","F = 0.04","all",2737807.27801879,2724902.56545862,2744521.70442174,0.5,"t","Start-year biomass in the surplus-production demonstration","illustrative production variability","Total biomass"
2052,"total_biomass","F = 0.04","all",2737807.27801879,2716265.09228837,2750761.23077054,0.8,"t","Start-year biomass in the surplus-production demonstration","illustrative production variability","Total biomass"
2052,"total_biomass","F = 0.04","all",2737807.27801879,2715933.44017669,2760478.6847415,0.95,"t","Start-year biomass in the surplus-production demonstration","illustrative production variability","Total biomass"
