"time","metric","group","value","unit","definition","model","label"
2023,"total_biomass","all",902918.314809643,"t","Illustrative surplus-production total_biomass","fixed-catch-1","fixed-catch 1"
2023,"biomass_depletion","all",0.286181517918576,"ratio","Illustrative surplus-production biomass_depletion","fixed-catch-1","fixed-catch 1"
2023,"fishing_mortality","all",0.0512932943875505,"per year","Illustrative surplus-production fishing_mortality","fixed-catch-1","fixed-catch 1"
2023,"catch","all",45145.9157404822,"t","Illustrative surplus-production catch","fixed-catch-1","fixed-catch 1"
2024,"total_biomass","all",1058707.07006399,"t","Illustrative surplus-production total_biomass","fixed-catch-1","fixed-catch 1"
2024,"biomass_depletion","all",0.335559032719274,"ratio","Illustrative surplus-production biomass_depletion","fixed-catch-1","fixed-catch 1"
2024,"fishing_mortality","all",0.0435783935800567,"per year","Illustrative surplus-production fishing_mortality","fixed-catch-1","fixed-catch 1"
2024,"catch","all",45145.9157404822,"t","Illustrative surplus-production catch","fixed-catch-1","fixed-catch 1"
2025,"total_biomass","all",1206514.10677325,"t","Illustrative surplus-production total_biomass","fixed-catch-1","fixed-catch 1"
2025,"biomass_depletion","all",0.382406728054173,"ratio","Illustrative surplus-production biomass_depletion","fixed-catch-1","fixed-catch 1"
2025,"fishing_mortality","all",0.0381365132133048,"per year","Illustrative surplus-production fishing_mortality","fixed-catch-1","fixed-catch 1"
2025,"catch","all",45145.9157404822,"t","Illustrative surplus-production catch","fixed-catch-1","fixed-catch 1"
2026,"total_biomass","all",1386690.45189504,"t","Illustrative surplus-production total_biomass","fixed-catch-1","fixed-catch 1"
2026,"biomass_depletion","all",0.439513931545605,"ratio","Illustrative surplus-production biomass_depletion","fixed-catch-1","fixed-catch 1"
2026,"fishing_mortality","all",0.0330983491609717,"per year","Illustrative surplus-production fishing_mortality","fixed-catch-1","fixed-catch 1"
2026,"catch","all",45145.9157404822,"t","Illustrative surplus-production catch","fixed-catch-1","fixed-catch 1"
2027,"total_biomass","all",1572395.33693485,"t","Illustrative surplus-production total_biomass","fixed-catch-1","fixed-catch 1"
2027,"biomass_depletion","all",0.498373415303881,"ratio","Illustrative surplus-production biomass_depletion","fixed-catch-1","fixed-catch 1"
2027,"fishing_mortality","all",0.0291317954271884,"per year","Illustrative surplus-production fishing_mortality","fixed-catch-1","fixed-catch 1"
2027,"catch","all",45145.9157404822,"t","Illustrative surplus-production catch","fixed-catch-1","fixed-catch 1"
2028,"total_biomass","all",1750870.31129958,"t","Illustrative surplus-production total_biomass","fixed-catch-1","fixed-catch 1"
2028,"biomass_depletion","all",0.554941366398045,"ratio","Illustrative surplus-production biomass_depletion","fixed-catch-1","fixed-catch 1"
2028,"fishing_mortality","all",0.0261230991187893,"per year","Illustrative surplus-production fishing_mortality","fixed-catch-1","fixed-catch 1"
2028,"catch","all",45145.9157404822,"t","Illustrative surplus-production catch","fixed-catch-1","fixed-catch 1"
2029,"total_biomass","all",1896263.81370409,"t","Illustrative surplus-production total_biomass","fixed-catch-1","fixed-catch 1"
2029,"biomass_depletion","all",0.601024087870356,"ratio","Illustrative surplus-production biomass_depletion","fixed-catch-1","fixed-catch 1"
2029,"fishing_mortality","all",0.0240958106397866,"per year","Illustrative surplus-production fishing_mortality","fixed-catch-1","fixed-catch 1"
2029,"catch","all",45145.9157404822,"t","Illustrative surplus-production catch","fixed-catch-1","fixed-catch 1"
2030,"total_biomass","all",2064439.74255233,"t","Illustrative surplus-production total_biomass","fixed-catch-1","fixed-catch 1"
2030,"biomass_depletion","all",0.654327738716446,"ratio","Illustrative surplus-production biomass_depletion","fixed-catch-1","fixed-catch 1"
2030,"fishing_mortality","all",0.0221110188839649,"per year","Illustrative surplus-production fishing_mortality","fixed-catch-1","fixed-catch 1"
2030,"catch","all",45145.9157404822,"t","Illustrative surplus-production catch","fixed-catch-1","fixed-catch 1"
2031,"total_biomass","all",2215971.73316522,"t","Illustrative surplus-production total_biomass","fixed-catch-1","fixed-catch 1"
2031,"biomass_depletion","all",0.702356064618733,"ratio","Illustrative surplus-production biomass_depletion","fixed-catch-1","fixed-catch 1"
2031,"fishing_mortality","all",0.0205833568292008,"per year","Illustrative surplus-production fishing_mortality","fixed-catch-1","fixed-catch 1"
2031,"catch","all",45145.9157404822,"t","Illustrative surplus-production catch","fixed-catch-1","fixed-catch 1"
2032,"total_biomass","all",2369864.75830202,"t","Illustrative surplus-production total_biomass","fixed-catch-1","fixed-catch 1"
2032,"biomass_depletion","all",0.75113272448748,"ratio","Illustrative surplus-production biomass_depletion","fixed-catch-1","fixed-catch 1"
2032,"fishing_mortality","all",0.0192337857148143,"per year","Illustrative surplus-production fishing_mortality","fixed-catch-1","fixed-catch 1"
2032,"catch","all",45145.9157404822,"t","Illustrative surplus-production catch","fixed-catch-1","fixed-catch 1"
2033,"total_biomass","all",2494528.2254669,"t","Illustrative surplus-production total_biomass","fixed-catch-1","fixed-catch 1"
2033,"biomass_depletion","all",0.790645025519671,"ratio","Illustrative surplus-production biomass_depletion","fixed-catch-1","fixed-catch 1"
2033,"fishing_mortality","all",0.0182637490444599,"per year","Illustrative surplus-production fishing_mortality","fixed-catch-1","fixed-catch 1"
2033,"catch","all",45145.9157404822,"t","Illustrative surplus-production catch","fixed-catch-1","fixed-catch 1"
2034,"total_biomass","all",2600536.56846314,"t","Illustrative surplus-production total_biomass","fixed-catch-1","fixed-catch 1"
2034,"biomass_depletion","all",0.824244552756075,"ratio","Illustrative surplus-production biomass_depletion","fixed-catch-1","fixed-catch 1"
2034,"fishing_mortality","all",0.0175126869059078,"per year","Illustrative surplus-production fishing_mortality","fixed-catch-1","fixed-catch 1"
2034,"catch","all",45145.9157404822,"t","Illustrative surplus-production catch","fixed-catch-1","fixed-catch 1"
2035,"total_biomass","all",2684312.17361978,"t","Illustrative surplus-production total_biomass","fixed-catch-1","fixed-catch 1"
2035,"biomass_depletion","all",0.850797375370301,"ratio","Illustrative surplus-production biomass_depletion","fixed-catch-1","fixed-catch 1"
2035,"fishing_mortality","all",0.0169614655743924,"per year","Illustrative surplus-production fishing_mortality","fixed-catch-1","fixed-catch 1"
2035,"catch","all",45145.9157404822,"t","Illustrative surplus-production catch","fixed-catch-1","fixed-catch 1"
2036,"total_biomass","all",2756831.31250809,"t","Illustrative surplus-production total_biomass","fixed-catch-1","fixed-catch 1"
2036,"biomass_depletion","all",0.873782441577069,"ratio","Illustrative surplus-production biomass_depletion","fixed-catch-1","fixed-catch 1"
2036,"fishing_mortality","all",0.0165115858002605,"per year","Illustrative surplus-production fishing_mortality","fixed-catch-1","fixed-catch 1"
2036,"catch","all",45145.9157404822,"t","Illustrative surplus-production catch","fixed-catch-1","fixed-catch 1"
2037,"total_biomass","all",2813877.14068053,"t","Illustrative surplus-production total_biomass","fixed-catch-1","fixed-catch 1"
2037,"biomass_depletion","all",0.89186321525232,"ratio","Illustrative surplus-production biomass_depletion","fixed-catch-1","fixed-catch 1"
2037,"fishing_mortality","all",0.0161741239825403,"per year","Illustrative surplus-production fishing_mortality","fixed-catch-1","fixed-catch 1"
2037,"catch","all",45145.9157404822,"t","Illustrative surplus-production catch","fixed-catch-1","fixed-catch 1"
2038,"total_biomass","all",2842951.46788188,"t","Illustrative surplus-production total_biomass","fixed-catch-1","fixed-catch 1"
2038,"biomass_depletion","all",0.901078373428283,"ratio","Illustrative surplus-production biomass_depletion","fixed-catch-1","fixed-catch 1"
2038,"fishing_mortality","all",0.0160073832565533,"per year","Illustrative surplus-production fishing_mortality","fixed-catch-1","fixed-catch 1"
2038,"catch","all",45145.9157404822,"t","Illustrative surplus-production catch","fixed-catch-1","fixed-catch 1"
2039,"total_biomass","all",2891473.67838559,"t","Illustrative surplus-production total_biomass","fixed-catch-1","fixed-catch 1"
2039,"biomass_depletion","all",0.916457571775413,"ratio","Illustrative surplus-production biomass_depletion","fixed-catch-1","fixed-catch 1"
2039,"fishing_mortality","all",0.0157366363644078,"per year","Illustrative surplus-production fishing_mortality","fixed-catch-1","fixed-catch 1"
2039,"catch","all",45145.9157404822,"t","Illustrative surplus-production catch","fixed-catch-1","fixed-catch 1"
2040,"total_biomass","all",2922215.92951827,"t","Illustrative surplus-production total_biomass","fixed-catch-1","fixed-catch 1"
2040,"biomass_depletion","all",0.926201381319515,"ratio","Illustrative surplus-production biomass_depletion","fixed-catch-1","fixed-catch 1"
2040,"fishing_mortality","all",0.0155697884859025,"per year","Illustrative surplus-production fishing_mortality","fixed-catch-1","fixed-catch 1"
2040,"catch","all",45145.9157404822,"t","Illustrative surplus-production catch","fixed-catch-1","fixed-catch 1"
2041,"total_biomass","all",2942692.2473906,"t","Illustrative surplus-production total_biomass","fixed-catch-1","fixed-catch 1"
2041,"biomass_depletion","all",0.932691385602262,"ratio","Illustrative surplus-production biomass_depletion","fixed-catch-1","fixed-catch 1"
2041,"fishing_mortality","all",0.0154606064105875,"per year","Illustrative surplus-production fishing_mortality","fixed-catch-1","fixed-catch 1"
2041,"catch","all",45145.9157404822,"t","Illustrative surplus-production catch","fixed-catch-1","fixed-catch 1"
2042,"total_biomass","all",2953084.07280202,"t","Illustrative surplus-production total_biomass","fixed-catch-1","fixed-catch 1"
2042,"biomass_depletion","all",0.93598509259813,"ratio","Illustrative surplus-production biomass_depletion","fixed-catch-1","fixed-catch 1"
2042,"fishing_mortality","all",0.0154057796984769,"per year","Illustrative surplus-production fishing_mortality","fixed-catch-1","fixed-catch 1"
2042,"catch","all",45145.9157404822,"t","Illustrative surplus-production catch","fixed-catch-1","fixed-catch 1"
2043,"total_biomass","all",2967676.43550769,"t","Illustrative surplus-production total_biomass","fixed-catch-1","fixed-catch 1"
2043,"biomass_depletion","all",0.940610167137689,"ratio","Illustrative surplus-production biomass_depletion","fixed-catch-1","fixed-catch 1"
2043,"fishing_mortality","all",0.0153294443325102,"per year","Illustrative surplus-production fishing_mortality","fixed-catch-1","fixed-catch 1"
2043,"catch","all",45145.9157404822,"t","Illustrative surplus-production catch","fixed-catch-1","fixed-catch 1"
2044,"total_biomass","all",2973868.75414126,"t","Illustrative surplus-production total_biomass","fixed-catch-1","fixed-catch 1"
2044,"biomass_depletion","all",0.942572833213815,"ratio","Illustrative surplus-production biomass_depletion","fixed-catch-1","fixed-catch 1"
2044,"fishing_mortality","all",0.0152972793051984,"per year","Illustrative surplus-production fishing_mortality","fixed-catch-1","fixed-catch 1"
2044,"catch","all",45145.9157404822,"t","Illustrative surplus-production catch","fixed-catch-1","fixed-catch 1"
2045,"total_biomass","all",2979124.99005977,"t","Illustrative surplus-production total_biomass","fixed-catch-1","fixed-catch 1"
2045,"biomass_depletion","all",0.944238806258136,"ratio","Illustrative surplus-production biomass_depletion","fixed-catch-1","fixed-catch 1"
2045,"fishing_mortality","all",0.0152700823420903,"per year","Illustrative surplus-production fishing_mortality","fixed-catch-1","fixed-catch 1"
2045,"catch","all",45145.9157404822,"t","Illustrative surplus-production catch","fixed-catch-1","fixed-catch 1"
2046,"total_biomass","all",2978420.52865176,"t","Illustrative surplus-production total_biomass","fixed-catch-1","fixed-catch 1"
2046,"biomass_depletion","all",0.944015525999276,"ratio","Illustrative surplus-production biomass_depletion","fixed-catch-1","fixed-catch 1"
2046,"fishing_mortality","all",0.0152737217726278,"per year","Illustrative surplus-production fishing_mortality","fixed-catch-1","fixed-catch 1"
2046,"catch","all",45145.9157404822,"t","Illustrative surplus-production catch","fixed-catch-1","fixed-catch 1"
2047,"total_biomass","all",2989342.35921195,"t","Illustrative surplus-production total_biomass","fixed-catch-1","fixed-catch 1"
2047,"biomass_depletion","all",0.947477219041603,"ratio","Illustrative surplus-production biomass_depletion","fixed-catch-1","fixed-catch 1"
2047,"fishing_mortality","all",0.0152174910957583,"per year","Illustrative surplus-production fishing_mortality","fixed-catch-1","fixed-catch 1"
2047,"catch","all",45145.9157404822,"t","Illustrative surplus-production catch","fixed-catch-1","fixed-catch 1"
2048,"total_biomass","all",2991329.9507504,"t","Illustrative surplus-production total_biomass","fixed-catch-1","fixed-catch 1"
2048,"biomass_depletion","all",0.948107189609424,"ratio","Illustrative surplus-production biomass_depletion","fixed-catch-1","fixed-catch 1"
2048,"fishing_mortality","all",0.0152073025478869,"per year","Illustrative surplus-production fishing_mortality","fixed-catch-1","fixed-catch 1"
2048,"catch","all",45145.9157404822,"t","Illustrative surplus-production catch","fixed-catch-1","fixed-catch 1"
2049,"total_biomass","all",3000259.04967252,"t","Illustrative surplus-production total_biomass","fixed-catch-1","fixed-catch 1"
2049,"biomass_depletion","all",0.950937282920484,"ratio","Illustrative surplus-production biomass_depletion","fixed-catch-1","fixed-catch 1"
2049,"fishing_mortality","all",0.0151616991112274,"per year","Illustrative surplus-production fishing_mortality","fixed-catch-1","fixed-catch 1"
2049,"catch","all",45145.9157404822,"t","Illustrative surplus-production catch","fixed-catch-1","fixed-catch 1"
2050,"total_biomass","all",3005670.10360454,"t","Illustrative surplus-production total_biomass","fixed-catch-1","fixed-catch 1"
2050,"biomass_depletion","all",0.952652325801336,"ratio","Illustrative surplus-production biomass_depletion","fixed-catch-1","fixed-catch 1"
2050,"fishing_mortality","all",0.0151341961831334,"per year","Illustrative surplus-production fishing_mortality","fixed-catch-1","fixed-catch 1"
2050,"catch","all",45145.9157404822,"t","Illustrative surplus-production catch","fixed-catch-1","fixed-catch 1"
2051,"total_biomass","all",3003279.6561816,"t","Illustrative surplus-production total_biomass","fixed-catch-1","fixed-catch 1"
2051,"biomass_depletion","all",0.951894669365775,"ratio","Illustrative surplus-production biomass_depletion","fixed-catch-1","fixed-catch 1"
2051,"fishing_mortality","all",0.0151463338694752,"per year","Illustrative surplus-production fishing_mortality","fixed-catch-1","fixed-catch 1"
2051,"catch","all",45145.9157404822,"t","Illustrative surplus-production catch","fixed-catch-1","fixed-catch 1"
2052,"total_biomass","all",3003626.41679975,"t","Illustrative surplus-production total_biomass","fixed-catch-1","fixed-catch 1"
2052,"biomass_depletion","all",0.952004575742052,"ratio","Illustrative surplus-production biomass_depletion","fixed-catch-1","fixed-catch 1"
2052,"fishing_mortality","all",0.0151445719578047,"per year","Illustrative surplus-production fishing_mortality","fixed-catch-1","fixed-catch 1"
2052,"catch","all",45145.9157404822,"t","Illustrative surplus-production catch","fixed-catch-1","fixed-catch 1"
2023,"total_biomass","all",902918.314809643,"t","Illustrative surplus-production total_biomass","fixed-catch-2","fixed-catch 2"
2023,"biomass_depletion","all",0.286181517918576,"ratio","Illustrative surplus-production biomass_depletion","fixed-catch-2","fixed-catch 2"
2023,"fishing_mortality","all",0.0512932943875505,"per year","Illustrative surplus-production fishing_mortality","fixed-catch-2","fixed-catch 2"
2023,"catch","all",45145.9157404822,"t","Illustrative surplus-production catch","fixed-catch-2","fixed-catch 2"
2024,"total_biomass","all",1042524.57843812,"t","Illustrative surplus-production total_biomass","fixed-catch-2","fixed-catch 2"
2024,"biomass_depletion","all",0.330429964074595,"ratio","Illustrative surplus-production biomass_depletion","fixed-catch-2","fixed-catch 2"
2024,"fishing_mortality","all",0.0442700298752544,"per year","Illustrative surplus-production fishing_mortality","fixed-catch-2","fixed-catch 2"
2024,"catch","all",45145.9157404822,"t","Illustrative surplus-production catch","fixed-catch-2","fixed-catch 2"
2025,"total_biomass","all",1208919.82017029,"t","Illustrative surplus-production total_biomass","fixed-catch-2","fixed-catch 2"
2025,"biomass_depletion","all",0.383169223066568,"ratio","Illustrative surplus-production biomass_depletion","fixed-catch-2","fixed-catch 2"
2025,"fishing_mortality","all",0.0380591600405694,"per year","Illustrative surplus-production fishing_mortality","fixed-catch-2","fixed-catch 2"
2025,"catch","all",45145.9157404822,"t","Illustrative surplus-production catch","fixed-catch-2","fixed-catch 2"
2026,"total_biomass","all",1382270.68468467,"t","Illustrative surplus-production total_biomass","fixed-catch-2","fixed-catch 2"
2026,"biomass_depletion","all",0.438113078701706,"ratio","Illustrative surplus-production biomass_depletion","fixed-catch-2","fixed-catch 2"
2026,"fishing_mortality","all",0.0332059567835412,"per year","Illustrative surplus-production fishing_mortality","fixed-catch-2","fixed-catch 2"
2026,"catch","all",45145.9157404822,"t","Illustrative surplus-production catch","fixed-catch-2","fixed-catch 2"
2027,"total_biomass","all",1575650.68736569,"t","Illustrative surplus-production total_biomass","fixed-catch-2","fixed-catch 2"
2027,"biomass_depletion","all",0.499405204240235,"ratio","Illustrative surplus-production biomass_depletion","fixed-catch-2","fixed-catch 2"
2027,"fishing_mortality","all",0.0290707247073533,"per year","Illustrative surplus-production fishing_mortality","fixed-catch-2","fixed-catch 2"
2027,"catch","all",45145.9157404822,"t","Illustrative surplus-production catch","fixed-catch-2","fixed-catch 2"
2028,"total_biomass","all",1769845.24798157,"t","Illustrative surplus-production total_biomass","fixed-catch-2","fixed-catch 2"
2028,"biomass_depletion","all",0.560955505321792,"ratio","Illustrative surplus-production biomass_depletion","fixed-catch-2","fixed-catch 2"
2028,"fishing_mortality","all",0.0258393771033876,"per year","Illustrative surplus-production fishing_mortality","fixed-catch-2","fixed-catch 2"
2028,"catch","all",45145.9157404822,"t","Illustrative surplus-production catch","fixed-catch-2","fixed-catch 2"
2029,"total_biomass","all",1979756.46508707,"t","Illustrative surplus-production total_biomass","fixed-catch-2","fixed-catch 2"
2029,"biomass_depletion","all",0.627487227797764,"ratio","Illustrative surplus-production biomass_depletion","fixed-catch-2","fixed-catch 2"
2029,"fishing_mortality","all",0.0230677999734908,"per year","Illustrative surplus-production fishing_mortality","fixed-catch-2","fixed-catch 2"
2029,"catch","all",45145.9157404822,"t","Illustrative surplus-production catch","fixed-catch-2","fixed-catch 2"
2030,"total_biomass","all",2165872.66995626,"t","Illustrative surplus-production total_biomass","fixed-catch-2","fixed-catch 2"
2030,"biomass_depletion","all",0.686477080085716,"ratio","Illustrative surplus-production biomass_depletion","fixed-catch-2","fixed-catch 2"
2030,"fishing_mortality","all",0.0210645225195832,"per year","Illustrative surplus-production fishing_mortality","fixed-catch-2","fixed-catch 2"
2030,"catch","all",45145.9157404822,"t","Illustrative surplus-production catch","fixed-catch-2","fixed-catch 2"
2031,"total_biomass","all",2309808.72815265,"t","Illustrative surplus-production total_biomass","fixed-catch-2","fixed-catch 2"
2031,"biomass_depletion","all",0.732097862101358,"ratio","Illustrative surplus-production biomass_depletion","fixed-catch-2","fixed-catch 2"
2031,"fishing_mortality","all",0.0197388402791814,"per year","Illustrative surplus-production fishing_mortality","fixed-catch-2","fixed-catch 2"
2031,"catch","all",45145.9157404822,"t","Illustrative surplus-production catch","fixed-catch-2","fixed-catch 2"
2032,"total_biomass","all",2458456.46308866,"t","Illustrative surplus-production total_biomass","fixed-catch-2","fixed-catch 2"
2032,"biomass_depletion","all",0.779212018189899,"ratio","Illustrative surplus-production biomass_depletion","fixed-catch-2","fixed-catch 2"
2032,"fishing_mortality","all",0.0185342230052249,"per year","Illustrative surplus-production fishing_mortality","fixed-catch-2","fixed-catch 2"
2032,"catch","all",45145.9157404822,"t","Illustrative surplus-production catch","fixed-catch-2","fixed-catch 2"
2033,"total_biomass","all",2565263.55773906,"t","Illustrative surplus-production total_biomass","fixed-catch-2","fixed-catch 2"
2033,"biomass_depletion","all",0.813064711141385,"ratio","Illustrative surplus-production biomass_depletion","fixed-catch-2","fixed-catch 2"
2033,"fishing_mortality","all",0.0177556411328745,"per year","Illustrative surplus-production fishing_mortality","fixed-catch-2","fixed-catch 2"
2033,"catch","all",45145.9157404822,"t","Illustrative surplus-production catch","fixed-catch-2","fixed-catch 2"
2034,"total_biomass","all",2650839.33992296,"t","Illustrative surplus-production total_biomass","fixed-catch-2","fixed-catch 2"
2034,"biomass_depletion","all",0.840188102970713,"ratio","Illustrative surplus-production biomass_depletion","fixed-catch-2","fixed-catch 2"
2034,"fishing_mortality","all",0.0171774924070229,"per year","Illustrative surplus-production fishing_mortality","fixed-catch-2","fixed-catch 2"
2034,"catch","all",45145.9157404822,"t","Illustrative surplus-production catch","fixed-catch-2","fixed-catch 2"
2035,"total_biomass","all",2740513.47057683,"t","Illustrative surplus-production total_biomass","fixed-catch-2","fixed-catch 2"
2035,"biomass_depletion","all",0.868610473419544,"ratio","Illustrative surplus-production biomass_depletion","fixed-catch-2","fixed-catch 2"
2035,"fishing_mortality","all",0.016610721818591,"per year","Illustrative surplus-production fishing_mortality","fixed-catch-2","fixed-catch 2"
2035,"catch","all",45145.9157404822,"t","Illustrative surplus-production catch","fixed-catch-2","fixed-catch 2"
2036,"total_biomass","all",2793155.48443084,"t","Illustrative surplus-production total_biomass","fixed-catch-2","fixed-catch 2"
2036,"biomass_depletion","all",0.88529545054752,"ratio","Illustrative surplus-production biomass_depletion","fixed-catch-2","fixed-catch 2"
2036,"fishing_mortality","all",0.0162950983305381,"per year","Illustrative surplus-production fishing_mortality","fixed-catch-2","fixed-catch 2"
2036,"catch","all",45145.9157404822,"t","Illustrative surplus-production catch","fixed-catch-2","fixed-catch 2"
2037,"total_biomass","all",2846198.74278648,"t","Illustrative surplus-production total_biomass","fixed-catch-2","fixed-catch 2"
2037,"biomass_depletion","all",0.902107602812661,"ratio","Illustrative surplus-production biomass_depletion","fixed-catch-2","fixed-catch 2"
2037,"fishing_mortality","all",0.015988973384292,"per year","Illustrative surplus-production fishing_mortality","fixed-catch-2","fixed-catch 2"
2037,"catch","all",45145.9157404822,"t","Illustrative surplus-production catch","fixed-catch-2","fixed-catch 2"
2038,"total_biomass","all",2878996.6017419,"t","Illustrative surplus-production total_biomass","fixed-catch-2","fixed-catch 2"
2038,"biomass_depletion","all",0.912502940803252,"ratio","Illustrative surplus-production biomass_depletion","fixed-catch-2","fixed-catch 2"
2038,"fishing_mortality","all",0.0158053780497294,"per year","Illustrative surplus-production fishing_mortality","fixed-catch-2","fixed-catch 2"
2038,"catch","all",45145.9157404822,"t","Illustrative surplus-production catch","fixed-catch-2","fixed-catch 2"
2039,"total_biomass","all",2918230.2722827,"t","Illustrative surplus-production total_biomass","fixed-catch-2","fixed-catch 2"
2039,"biomass_depletion","all",0.924938120381211,"ratio","Illustrative surplus-production biomass_depletion","fixed-catch-2","fixed-catch 2"
2039,"fishing_mortality","all",0.015591220011063,"per year","Illustrative surplus-production fishing_mortality","fixed-catch-2","fixed-catch 2"
2039,"catch","all",45145.9157404822,"t","Illustrative surplus-production catch","fixed-catch-2","fixed-catch 2"
2040,"total_biomass","all",2942427.01517186,"t","Illustrative surplus-production total_biomass","fixed-catch-2","fixed-catch 2"
2040,"biomass_depletion","all",0.932607319792858,"ratio","Illustrative surplus-production biomass_depletion","fixed-catch-2","fixed-catch 2"
2040,"fishing_mortality","all",0.0154620108692516,"per year","Illustrative surplus-production fishing_mortality","fixed-catch-2","fixed-catch 2"
2040,"catch","all",45145.9157404822,"t","Illustrative surplus-production catch","fixed-catch-2","fixed-catch 2"
2041,"total_biomass","all",2954701.43643434,"t","Illustrative surplus-production total_biomass","fixed-catch-2","fixed-catch 2"
2041,"biomass_depletion","all",0.936497718792252,"ratio","Illustrative surplus-production biomass_depletion","fixed-catch-2","fixed-catch 2"
2041,"fishing_mortality","all",0.015397281526311,"per year","Illustrative surplus-production fishing_mortality","fixed-catch-2","fixed-catch 2"
2041,"catch","all",45145.9157404822,"t","Illustrative surplus-production catch","fixed-catch-2","fixed-catch 2"
2042,"total_biomass","all",2969370.11074401,"t","Illustrative surplus-production total_biomass","fixed-catch-2","fixed-catch 2"
2042,"biomass_depletion","all",0.941146980426379,"ratio","Illustrative surplus-production biomass_depletion","fixed-catch-2","fixed-catch 2"
2042,"fishing_mortality","all",0.0153206333710175,"per year","Illustrative surplus-production fishing_mortality","fixed-catch-2","fixed-catch 2"
2042,"catch","all",45145.9157404822,"t","Illustrative surplus-production catch","fixed-catch-2","fixed-catch 2"
2043,"total_biomass","all",2978297.40878052,"t","Illustrative surplus-production total_biomass","fixed-catch-2","fixed-catch 2"
2043,"biomass_depletion","all",0.943976502943638,"ratio","Illustrative surplus-production biomass_depletion","fixed-catch-2","fixed-catch 2"
2043,"fishing_mortality","all",0.0152743580199541,"per year","Illustrative surplus-production fishing_mortality","fixed-catch-2","fixed-catch 2"
2043,"catch","all",45145.9157404822,"t","Illustrative surplus-production catch","fixed-catch-2","fixed-catch 2"
2044,"total_biomass","all",2978589.92623204,"t","Illustrative surplus-production total_biomass","fixed-catch-2","fixed-catch 2"
2044,"biomass_depletion","all",0.944069216854653,"ratio","Illustrative surplus-production biomass_depletion","fixed-catch-2","fixed-catch 2"
2044,"fishing_mortality","all",0.0152728464623273,"per year","Illustrative surplus-production fishing_mortality","fixed-catch-2","fixed-catch 2"
2044,"catch","all",45145.9157404822,"t","Illustrative surplus-production catch","fixed-catch-2","fixed-catch 2"
2045,"total_biomass","all",2982447.72508384,"t","Illustrative surplus-production total_biomass","fixed-catch-2","fixed-catch 2"
2045,"biomass_depletion","all",0.945291952857596,"ratio","Illustrative surplus-production biomass_depletion","fixed-catch-2","fixed-catch 2"
2045,"fishing_mortality","all",0.0152529395877717,"per year","Illustrative surplus-production fishing_mortality","fixed-catch-2","fixed-catch 2"
2045,"catch","all",45145.9157404822,"t","Illustrative surplus-production catch","fixed-catch-2","fixed-catch 2"
2046,"total_biomass","all",2982593.95042062,"t","Illustrative surplus-production total_biomass","fixed-catch-2","fixed-catch 2"
2046,"biomass_depletion","all",0.945338299230407,"ratio","Illustrative surplus-production biomass_depletion","fixed-catch-2","fixed-catch 2"
2046,"fishing_mortality","all",0.0152521860617962,"per year","Illustrative surplus-production fishing_mortality","fixed-catch-2","fixed-catch 2"
2046,"catch","all",45145.9157404822,"t","Illustrative surplus-production catch","fixed-catch-2","fixed-catch 2"
2047,"total_biomass","all",2987986.54728357,"t","Illustrative surplus-production total_biomass","fixed-catch-2","fixed-catch 2"
2047,"biomass_depletion","all",0.947047492111369,"ratio","Illustrative surplus-production biomass_depletion","fixed-catch-2","fixed-catch 2"
2047,"fishing_mortality","all",0.0152244489288504,"per year","Illustrative surplus-production fishing_mortality","fixed-catch-2","fixed-catch 2"
2047,"catch","all",45145.9157404822,"t","Illustrative surplus-production catch","fixed-catch-2","fixed-catch 2"
2048,"total_biomass","all",2987776.56968213,"t","Illustrative surplus-production total_biomass","fixed-catch-2","fixed-catch 2"
2048,"biomass_depletion","all",0.946980939348264,"ratio","Illustrative surplus-production biomass_depletion","fixed-catch-2","fixed-catch 2"
2048,"fishing_mortality","all",0.01522552707295,"per year","Illustrative surplus-production fishing_mortality","fixed-catch-2","fixed-catch 2"
2048,"catch","all",45145.9157404822,"t","Illustrative surplus-production catch","fixed-catch-2","fixed-catch 2"
2049,"total_biomass","all",2989132.60885818,"t","Illustrative surplus-production total_biomass","fixed-catch-2","fixed-catch 2"
2049,"biomass_depletion","all",0.947410738305037,"ratio","Illustrative surplus-production biomass_depletion","fixed-catch-2","fixed-catch 2"
2049,"fishing_mortality","all",0.0152185670887341,"per year","Illustrative surplus-production fishing_mortality","fixed-catch-2","fixed-catch 2"
2049,"catch","all",45145.9157404822,"t","Illustrative surplus-production catch","fixed-catch-2","fixed-catch 2"
2050,"total_biomass","all",2986567.89780187,"t","Illustrative surplus-production total_biomass","fixed-catch-2","fixed-catch 2"
2050,"biomass_depletion","all",0.946597848710178,"ratio","Illustrative surplus-production biomass_depletion","fixed-catch-2","fixed-catch 2"
2050,"fishing_mortality","all",0.0152317360504479,"per year","Illustrative surplus-production fishing_mortality","fixed-catch-2","fixed-catch 2"
2050,"catch","all",45145.9157404822,"t","Illustrative surplus-production catch","fixed-catch-2","fixed-catch 2"
2051,"total_biomass","all",2985586.71932191,"t","Illustrative surplus-production total_biomass","fixed-catch-2","fixed-catch 2"
2051,"biomass_depletion","all",0.946286862497874,"ratio","Illustrative surplus-production biomass_depletion","fixed-catch-2","fixed-catch 2"
2051,"fishing_mortality","all",0.0152367801140304,"per year","Illustrative surplus-production fishing_mortality","fixed-catch-2","fixed-catch 2"
2051,"catch","all",45145.9157404822,"t","Illustrative surplus-production catch","fixed-catch-2","fixed-catch 2"
2052,"total_biomass","all",2988913.35072625,"t","Illustrative surplus-production total_biomass","fixed-catch-2","fixed-catch 2"
2052,"biomass_depletion","all",0.947341244061782,"ratio","Illustrative surplus-production biomass_depletion","fixed-catch-2","fixed-catch 2"
2052,"fishing_mortality","all",0.0152196920180973,"per year","Illustrative surplus-production fishing_mortality","fixed-catch-2","fixed-catch 2"
2052,"catch","all",45145.9157404822,"t","Illustrative surplus-production catch","fixed-catch-2","fixed-catch 2"
2023,"total_biomass","all",902918.314809643,"t","Illustrative surplus-production total_biomass","fixed-catch-3","fixed-catch 3"
2023,"biomass_depletion","all",0.286181517918576,"ratio","Illustrative surplus-production biomass_depletion","fixed-catch-3","fixed-catch 3"
2023,"fishing_mortality","all",0.0512932943875505,"per year","Illustrative surplus-production fishing_mortality","fixed-catch-3","fixed-catch 3"
2023,"catch","all",45145.9157404822,"t","Illustrative surplus-production catch","fixed-catch-3","fixed-catch 3"
2024,"total_biomass","all",1048341.53637285,"t","Illustrative surplus-production total_biomass","fixed-catch-3","fixed-catch 3"
2024,"biomass_depletion","all",0.332273658929516,"ratio","Illustrative surplus-production biomass_depletion","fixed-catch-3","fixed-catch 3"
2024,"fishing_mortality","all",0.0440189008040136,"per year","Illustrative surplus-production fishing_mortality","fixed-catch-3","fixed-catch 3"
2024,"catch","all",45145.9157404822,"t","Illustrative surplus-production catch","fixed-catch-3","fixed-catch 3"
2025,"total_biomass","all",1215347.28873904,"t","Illustrative surplus-production total_biomass","fixed-catch-3","fixed-catch 3"
2025,"biomass_depletion","all",0.385206420320416,"ratio","Illustrative surplus-production biomass_depletion","fixed-catch-3","fixed-catch 3"
2025,"fishing_mortality","all",0.0378540226289883,"per year","Illustrative surplus-production fishing_mortality","fixed-catch-3","fixed-catch 3"
2025,"catch","all",45145.9157404822,"t","Illustrative surplus-production catch","fixed-catch-3","fixed-catch 3"
2026,"total_biomass","all",1390116.24931251,"t","Illustrative surplus-production total_biomass","fixed-catch-3","fixed-catch 3"
2026,"biomass_depletion","all",0.44059974394849,"ratio","Illustrative surplus-production biomass_depletion","fixed-catch-3","fixed-catch 3"
2026,"fishing_mortality","all",0.0330154202577417,"per year","Illustrative surplus-production fishing_mortality","fixed-catch-3","fixed-catch 3"
2026,"catch","all",45145.9157404822,"t","Illustrative surplus-production catch","fixed-catch-3","fixed-catch 3"
2027,"total_biomass","all",1572159.55285092,"t","Illustrative surplus-production total_biomass","fixed-catch-3","fixed-catch 3"
2027,"biomass_depletion","all",0.49829868313162,"ratio","Illustrative surplus-production biomass_depletion","fixed-catch-3","fixed-catch 3"
2027,"fishing_mortality","all",0.0291362287292916,"per year","Illustrative surplus-production fishing_mortality","fixed-catch-3","fixed-catch 3"
2027,"catch","all",45145.9157404822,"t","Illustrative surplus-production catch","fixed-catch-3","fixed-catch 3"
2028,"total_biomass","all",1732325.59634583,"t","Illustrative surplus-production total_biomass","fixed-catch-3","fixed-catch 3"
2028,"biomass_depletion","all",0.549063586993437,"ratio","Illustrative surplus-production biomass_depletion","fixed-catch-3","fixed-catch 3"
2028,"fishing_mortality","all",0.026406474278792,"per year","Illustrative surplus-production fishing_mortality","fixed-catch-3","fixed-catch 3"
2028,"catch","all",45145.9157404822,"t","Illustrative surplus-production catch","fixed-catch-3","fixed-catch 3"
2029,"total_biomass","all",1915739.97562715,"t","Illustrative surplus-production total_biomass","fixed-catch-3","fixed-catch 3"
2029,"biomass_depletion","all",0.607197090999154,"ratio","Illustrative surplus-production biomass_depletion","fixed-catch-3","fixed-catch 3"
2029,"fishing_mortality","all",0.023847898743601,"per year","Illustrative surplus-production fishing_mortality","fixed-catch-3","fixed-catch 3"
2029,"catch","all",45145.9157404822,"t","Illustrative surplus-production catch","fixed-catch-3","fixed-catch 3"
2030,"total_biomass","all",2065446.93313823,"t","Illustrative surplus-production total_biomass","fixed-catch-3","fixed-catch 3"
2030,"biomass_depletion","all",0.654646969510614,"ratio","Illustrative surplus-production biomass_depletion","fixed-catch-3","fixed-catch 3"
2030,"fishing_mortality","all",0.0221001166826247,"per year","Illustrative surplus-production fishing_mortality","fixed-catch-3","fixed-catch 3"
2030,"catch","all",45145.9157404822,"t","Illustrative surplus-production catch","fixed-catch-3","fixed-catch 3"
2031,"total_biomass","all",2254216.59714347,"t","Illustrative surplus-production total_biomass","fixed-catch-3","fixed-catch 3"
2031,"biomass_depletion","all",0.714477840250442,"ratio","Illustrative surplus-production biomass_depletion","fixed-catch-3","fixed-catch 3"
2031,"fishing_mortality","all",0.0202305846234563,"per year","Illustrative surplus-production fishing_mortality","fixed-catch-3","fixed-catch 3"
2031,"catch","all",45145.9157404822,"t","Illustrative surplus-production catch","fixed-catch-3","fixed-catch 3"
2032,"total_biomass","all",2386697.31545268,"t","Illustrative surplus-production total_biomass","fixed-catch-3","fixed-catch 3"
2032,"biomass_depletion","all",0.756467832521967,"ratio","Illustrative surplus-production biomass_depletion","fixed-catch-3","fixed-catch 3"
2032,"fishing_mortality","all",0.0190968328741584,"per year","Illustrative surplus-production fishing_mortality","fixed-catch-3","fixed-catch 3"
2032,"catch","all",45145.9157404822,"t","Illustrative surplus-production catch","fixed-catch-3","fixed-catch 3"
2033,"total_biomass","all",2517438.7212613,"t","Illustrative surplus-production total_biomass","fixed-catch-3","fixed-catch 3"
2033,"biomass_depletion","all",0.797906546695138,"ratio","Illustrative surplus-production biomass_depletion","fixed-catch-3","fixed-catch 3"
2033,"fishing_mortality","all",0.0180960227903876,"per year","Illustrative surplus-production fishing_mortality","fixed-catch-3","fixed-catch 3"
2033,"catch","all",45145.9157404822,"t","Illustrative surplus-production catch","fixed-catch-3","fixed-catch 3"
2034,"total_biomass","all",2630888.65908574,"t","Illustrative surplus-production total_biomass","fixed-catch-3","fixed-catch 3"
2034,"biomass_depletion","all",0.83386470025326,"ratio","Illustrative surplus-production biomass_depletion","fixed-catch-3","fixed-catch 3"
2034,"fishing_mortality","all",0.0173088874355802,"per year","Illustrative surplus-production fishing_mortality","fixed-catch-3","fixed-catch 3"
2034,"catch","all",45145.9157404822,"t","Illustrative surplus-production catch","fixed-catch-3","fixed-catch 3"
2035,"total_biomass","all",2716505.71356272,"t","Illustrative surplus-production total_biomass","fixed-catch-3","fixed-catch 3"
2035,"biomass_depletion","all",0.861001173407098,"ratio","Illustrative surplus-production biomass_depletion","fixed-catch-3","fixed-catch 3"
2035,"fishing_mortality","all",0.0167587599450572,"per year","Illustrative surplus-production fishing_mortality","fixed-catch-3","fixed-catch 3"
2035,"catch","all",45145.9157404822,"t","Illustrative surplus-production catch","fixed-catch-3","fixed-catch 3"
2036,"total_biomass","all",2797122.99409992,"t","Illustrative surplus-production total_biomass","fixed-catch-3","fixed-catch 3"
2036,"biomass_depletion","all",0.886552959583311,"ratio","Illustrative surplus-production biomass_depletion","fixed-catch-3","fixed-catch 3"
2036,"fishing_mortality","all",0.0162717958799155,"per year","Illustrative surplus-production fishing_mortality","fixed-catch-3","fixed-catch 3"
2036,"catch","all",45145.9157404822,"t","Illustrative surplus-production catch","fixed-catch-3","fixed-catch 3"
2037,"total_biomass","all",2840653.32267635,"t","Illustrative surplus-production total_biomass","fixed-catch-3","fixed-catch 3"
2037,"biomass_depletion","all",0.900349972339801,"ratio","Illustrative surplus-production biomass_depletion","fixed-catch-3","fixed-catch 3"
2037,"fishing_mortality","all",0.0160204378395689,"per year","Illustrative surplus-production fishing_mortality","fixed-catch-3","fixed-catch 3"
2037,"catch","all",45145.9157404822,"t","Illustrative surplus-production catch","fixed-catch-3","fixed-catch 3"
2038,"total_biomass","all",2883214.03123952,"t","Illustrative surplus-production total_biomass","fixed-catch-3","fixed-catch 3"
2038,"biomass_depletion","all",0.913839662359952,"ratio","Illustrative surplus-production biomass_depletion","fixed-catch-3","fixed-catch 3"
2038,"fishing_mortality","all",0.0157820752881782,"per year","Illustrative surplus-production fishing_mortality","fixed-catch-3","fixed-catch 3"
2038,"catch","all",45145.9157404822,"t","Illustrative surplus-production catch","fixed-catch-3","fixed-catch 3"
2039,"total_biomass","all",2906769.60256426,"t","Illustrative surplus-production total_biomass","fixed-catch-3","fixed-catch 3"
2039,"biomass_depletion","all",0.921305641337877,"ratio","Illustrative surplus-production biomass_depletion","fixed-catch-3","fixed-catch 3"
2039,"fishing_mortality","all",0.0156531759480903,"per year","Illustrative surplus-production fishing_mortality","fixed-catch-3","fixed-catch 3"
2039,"catch","all",45145.9157404822,"t","Illustrative surplus-production catch","fixed-catch-3","fixed-catch 3"
2040,"total_biomass","all",2942700.7678819,"t","Illustrative surplus-production total_biomass","fixed-catch-3","fixed-catch 3"
2040,"biomass_depletion","all",0.932694086186682,"ratio","Illustrative surplus-production biomass_depletion","fixed-catch-3","fixed-catch 3"
2040,"fishing_mortality","all",0.0154605612970791,"per year","Illustrative surplus-production fishing_mortality","fixed-catch-3","fixed-catch 3"
2040,"catch","all",45145.9157404822,"t","Illustrative surplus-production catch","fixed-catch-3","fixed-catch 3"
2041,"total_biomass","all",2960133.17925526,"t","Illustrative surplus-production total_biomass","fixed-catch-3","fixed-catch 3"
2041,"biomass_depletion","all",0.93821931905214,"ratio","Illustrative surplus-production biomass_depletion","fixed-catch-3","fixed-catch 3"
2041,"fishing_mortality","all",0.0153688098142177,"per year","Illustrative surplus-production fishing_mortality","fixed-catch-3","fixed-catch 3"
2041,"catch","all",45145.9157404822,"t","Illustrative surplus-production catch","fixed-catch-3","fixed-catch 3"
2042,"total_biomass","all",2968193.87730287,"t","Illustrative surplus-production total_biomass","fixed-catch-3","fixed-catch 3"
2042,"biomass_depletion","all",0.940774171207547,"ratio","Illustrative surplus-production biomass_depletion","fixed-catch-3","fixed-catch 3"
2042,"fishing_mortality","all",0.0153267513838939,"per year","Illustrative surplus-production fishing_mortality","fixed-catch-3","fixed-catch 3"
2042,"catch","all",45145.9157404822,"t","Illustrative surplus-production catch","fixed-catch-3","fixed-catch 3"
2043,"total_biomass","all",2979025.59136471,"t","Illustrative surplus-production total_biomass","fixed-catch-3","fixed-catch 3"
2043,"biomass_depletion","all",0.944207301670218,"ratio","Illustrative surplus-production biomass_depletion","fixed-catch-3","fixed-catch 3"
2043,"fishing_mortality","all",0.0152705957564543,"per year","Illustrative surplus-production fishing_mortality","fixed-catch-3","fixed-catch 3"
2043,"catch","all",45145.9157404822,"t","Illustrative surplus-production catch","fixed-catch-3","fixed-catch 3"
2044,"total_biomass","all",2979193.86748866,"t","Illustrative surplus-production total_biomass","fixed-catch-3","fixed-catch 3"
2044,"biomass_depletion","all",0.944260637078077,"ratio","Illustrative surplus-production biomass_depletion","fixed-catch-3","fixed-catch 3"
2044,"fishing_mortality","all",0.0152697265964888,"per year","Illustrative surplus-production fishing_mortality","fixed-catch-3","fixed-catch 3"
2044,"catch","all",45145.9157404822,"t","Illustrative surplus-production catch","fixed-catch-3","fixed-catch 3"
2045,"total_biomass","all",2990077.53623087,"t","Illustrative surplus-production total_biomass","fixed-catch-3","fixed-catch 3"
2045,"biomass_depletion","all",0.947710234666342,"ratio","Illustrative surplus-production biomass_depletion","fixed-catch-3","fixed-catch 3"
2045,"fishing_mortality","all",0.0152137209309361,"per year","Illustrative surplus-production fishing_mortality","fixed-catch-3","fixed-catch 3"
2045,"catch","all",45145.9157404822,"t","Illustrative surplus-production catch","fixed-catch-3","fixed-catch 3"
2046,"total_biomass","all",2987558.6045841,"t","Illustrative surplus-production total_biomass","fixed-catch-3","fixed-catch 3"
2046,"biomass_depletion","all",0.94691185493433,"ratio","Illustrative surplus-production biomass_depletion","fixed-catch-3","fixed-catch 3"
2046,"fishing_mortality","all",0.0152266463909269,"per year","Illustrative surplus-production fishing_mortality","fixed-catch-3","fixed-catch 3"
2046,"catch","all",45145.9157404822,"t","Illustrative surplus-production catch","fixed-catch-3","fixed-catch 3"
2047,"total_biomass","all",2984287.83293281,"t","Illustrative surplus-production total_biomass","fixed-catch-3","fixed-catch 3"
2047,"biomass_depletion","all",0.945875178215542,"ratio","Illustrative surplus-production biomass_depletion","fixed-catch-3","fixed-catch 3"
2047,"fishing_mortality","all",0.0152434625981396,"per year","Illustrative surplus-production fishing_mortality","fixed-catch-3","fixed-catch 3"
2047,"catch","all",45145.9157404822,"t","Illustrative surplus-production catch","fixed-catch-3","fixed-catch 3"
2048,"total_biomass","all",2987231.29858892,"t","Illustrative surplus-production total_biomass","fixed-catch-3","fixed-catch 3"
2048,"biomass_depletion","all",0.946808114734372,"ratio","Illustrative surplus-production biomass_depletion","fixed-catch-3","fixed-catch 3"
2048,"fishing_mortality","all",0.0152283275172806,"per year","Illustrative surplus-production fishing_mortality","fixed-catch-3","fixed-catch 3"
2048,"catch","all",45145.9157404822,"t","Illustrative surplus-production catch","fixed-catch-3","fixed-catch 3"
2049,"total_biomass","all",2992942.2658427,"t","Illustrative surplus-production total_biomass","fixed-catch-3","fixed-catch 3"
2049,"biomass_depletion","all",0.948618215660075,"ratio","Illustrative surplus-production biomass_depletion","fixed-catch-3","fixed-catch 3"
2049,"fishing_mortality","all",0.0151990477131639,"per year","Illustrative surplus-production fishing_mortality","fixed-catch-3","fixed-catch 3"
2049,"catch","all",45145.9157404822,"t","Illustrative surplus-production catch","fixed-catch-3","fixed-catch 3"
2050,"total_biomass","all",2993742.96221435,"t","Illustrative surplus-production total_biomass","fixed-catch-3","fixed-catch 3"
2050,"biomass_depletion","all",0.948871997756718,"ratio","Illustrative surplus-production biomass_depletion","fixed-catch-3","fixed-catch 3"
2050,"fishing_mortality","all",0.0151949515858083,"per year","Illustrative surplus-production fishing_mortality","fixed-catch-3","fixed-catch 3"
2050,"catch","all",45145.9157404822,"t","Illustrative surplus-production catch","fixed-catch-3","fixed-catch 3"
2051,"total_biomass","all",2991668.43152559,"t","Illustrative surplus-production total_biomass","fixed-catch-3","fixed-catch 3"
2051,"biomass_depletion","all",0.948214471675188,"ratio","Illustrative surplus-production biomass_depletion","fixed-catch-3","fixed-catch 3"
2051,"fishing_mortality","all",0.0152055688286556,"per year","Illustrative surplus-production fishing_mortality","fixed-catch-3","fixed-catch 3"
2051,"catch","all",45145.9157404822,"t","Illustrative surplus-production catch","fixed-catch-3","fixed-catch 3"
2052,"total_biomass","all",2997420.99807899,"t","Illustrative surplus-production total_biomass","fixed-catch-3","fixed-catch 3"
2052,"biomass_depletion","all",0.950037757570688,"ratio","Illustrative surplus-production biomass_depletion","fixed-catch-3","fixed-catch 3"
2052,"fishing_mortality","all",0.0151761641644706,"per year","Illustrative surplus-production fishing_mortality","fixed-catch-3","fixed-catch 3"
2052,"catch","all",45145.9157404822,"t","Illustrative surplus-production catch","fixed-catch-3","fixed-catch 3"
2023,"total_biomass","all",902918.314809643,"t","Illustrative surplus-production total_biomass","fixed-catch-4","fixed-catch 4"
2023,"biomass_depletion","all",0.286181517918576,"ratio","Illustrative surplus-production biomass_depletion","fixed-catch-4","fixed-catch 4"
2023,"fishing_mortality","all",0.0512932943875505,"per year","Illustrative surplus-production fishing_mortality","fixed-catch-4","fixed-catch 4"
2023,"catch","all",45145.9157404822,"t","Illustrative surplus-production catch","fixed-catch-4","fixed-catch 4"
2024,"total_biomass","all",1022559.06243308,"t","Illustrative surplus-production total_biomass","fixed-catch-4","fixed-catch 4"
2024,"biomass_depletion","all",0.324101859325104,"ratio","Illustrative surplus-production biomass_depletion","fixed-catch-4","fixed-catch 4"
2024,"fishing_mortality","all",0.0451542135959768,"per year","Illustrative surplus-production fishing_mortality","fixed-catch-4","fixed-catch 4"
2024,"catch","all",45145.9157404822,"t","Illustrative surplus-production catch","fixed-catch-4","fixed-catch 4"
2025,"total_biomass","all",1209953.81853884,"t","Illustrative surplus-production total_biomass","fixed-catch-4","fixed-catch 4"
2025,"biomass_depletion","all",0.383496950633704,"ratio","Illustrative surplus-production biomass_depletion","fixed-catch-4","fixed-catch 4"
2025,"fishing_mortality","all",0.0380260092635394,"per year","Illustrative surplus-production fishing_mortality","fixed-catch-4","fixed-catch 4"
2025,"catch","all",45145.9157404822,"t","Illustrative surplus-production catch","fixed-catch-4","fixed-catch 4"
2026,"total_biomass","all",1379559.48747035,"t","Illustrative surplus-production total_biomass","fixed-catch-4","fixed-catch 4"
2026,"biomass_depletion","all",0.437253760066291,"ratio","Illustrative surplus-production biomass_depletion","fixed-catch-4","fixed-catch 4"
2026,"fishing_mortality","all",0.0332723130006214,"per year","Illustrative surplus-production fishing_mortality","fixed-catch-4","fixed-catch 4"
2026,"catch","all",45145.9157404822,"t","Illustrative surplus-production catch","fixed-catch-4","fixed-catch 4"
2027,"total_biomass","all",1585529.30178376,"t","Illustrative surplus-production total_biomass","fixed-catch-4","fixed-catch 4"
2027,"biomass_depletion","all",0.502536248126183,"ratio","Illustrative surplus-production biomass_depletion","fixed-catch-4","fixed-catch 4"
2027,"fishing_mortality","all",0.0288869585070176,"per year","Illustrative surplus-production fishing_mortality","fixed-catch-4","fixed-catch 4"
2027,"catch","all",45145.9157404822,"t","Illustrative surplus-production catch","fixed-catch-4","fixed-catch 4"
2028,"total_biomass","all",1744220.20515339,"t","Illustrative surplus-production total_biomass","fixed-catch-4","fixed-catch 4"
2028,"biomass_depletion","all",0.552833603779852,"ratio","Illustrative surplus-production biomass_depletion","fixed-catch-4","fixed-catch 4"
2028,"fishing_mortality","all",0.0262240148295926,"per year","Illustrative surplus-production fishing_mortality","fixed-catch-4","fixed-catch 4"
2028,"catch","all",45145.9157404822,"t","Illustrative surplus-production catch","fixed-catch-4","fixed-catch 4"
2029,"total_biomass","all",1927501.29036465,"t","Illustrative surplus-production total_biomass","fixed-catch-4","fixed-catch 4"
2029,"biomass_depletion","all",0.610924860000057,"ratio","Illustrative surplus-production biomass_depletion","fixed-catch-4","fixed-catch 4"
2029,"fishing_mortality","all",0.0237006443932427,"per year","Illustrative surplus-production fishing_mortality","fixed-catch-4","fixed-catch 4"
2029,"catch","all",45145.9157404822,"t","Illustrative surplus-production catch","fixed-catch-4","fixed-catch 4"
2030,"total_biomass","all",2090059.90722967,"t","Illustrative surplus-production total_biomass","fixed-catch-4","fixed-catch 4"
2030,"biomass_depletion","all",0.662448094120061,"ratio","Illustrative surplus-production biomass_depletion","fixed-catch-4","fixed-catch 4"
2030,"fishing_mortality","all",0.0218369986533686,"per year","Illustrative surplus-production fishing_mortality","fixed-catch-4","fixed-catch 4"
2030,"catch","all",45145.9157404822,"t","Illustrative surplus-production catch","fixed-catch-4","fixed-catch 4"
2031,"total_biomass","all",2247773.88517439,"t","Illustrative surplus-production total_biomass","fixed-catch-4","fixed-catch 4"
2031,"biomass_depletion","all",0.712435811574559,"ratio","Illustrative surplus-production biomass_depletion","fixed-catch-4","fixed-catch 4"
2031,"fishing_mortality","all",0.0202891630456433,"per year","Illustrative surplus-production fishing_mortality","fixed-catch-4","fixed-catch 4"
2031,"catch","all",45145.9157404822,"t","Illustrative surplus-production catch","fixed-catch-4","fixed-catch 4"
2032,"total_biomass","all",2379961.07212842,"t","Illustrative surplus-production total_biomass","fixed-catch-4","fixed-catch 4"
2032,"biomass_depletion","all",0.75433276857655,"ratio","Illustrative surplus-production biomass_depletion","fixed-catch-4","fixed-catch 4"
2032,"fishing_mortality","all",0.0191514054601763,"per year","Illustrative surplus-production fishing_mortality","fixed-catch-4","fixed-catch 4"
2032,"catch","all",45145.9157404822,"t","Illustrative surplus-production catch","fixed-catch-4","fixed-catch 4"
2033,"total_biomass","all",2514902.73892637,"t","Illustrative surplus-production total_biomass","fixed-catch-4","fixed-catch 4"
2033,"biomass_depletion","all",0.797102762718093,"ratio","Illustrative surplus-production biomass_depletion","fixed-catch-4","fixed-catch 4"
2033,"fishing_mortality","all",0.0181144367671324,"per year","Illustrative surplus-production fishing_mortality","fixed-catch-4","fixed-catch 4"
2033,"catch","all",45145.9157404822,"t","Illustrative surplus-production catch","fixed-catch-4","fixed-catch 4"
2034,"total_biomass","all",2637941.4382349,"t","Illustrative surplus-production total_biomass","fixed-catch-4","fixed-catch 4"
2034,"biomass_depletion","all",0.836100090774582,"ratio","Illustrative surplus-production biomass_depletion","fixed-catch-4","fixed-catch 4"
2034,"fishing_mortality","all",0.0172622088002854,"per year","Illustrative surplus-production fishing_mortality","fixed-catch-4","fixed-catch 4"
2034,"catch","all",45145.9157404822,"t","Illustrative surplus-production catch","fixed-catch-4","fixed-catch 4"
2035,"total_biomass","all",2717080.17549457,"t","Illustrative surplus-production total_biomass","fixed-catch-4","fixed-catch 4"
2035,"biomass_depletion","all",0.861183250107667,"ratio","Illustrative surplus-production biomass_depletion","fixed-catch-4","fixed-catch 4"
2035,"fishing_mortality","all",0.0167551868538223,"per year","Illustrative surplus-production fishing_mortality","fixed-catch-4","fixed-catch 4"
2035,"catch","all",45145.9157404822,"t","Illustrative surplus-production catch","fixed-catch-4","fixed-catch 4"
2036,"total_biomass","all",2782688.86319127,"t","Illustrative surplus-production total_biomass","fixed-catch-4","fixed-catch 4"
2036,"biomass_depletion","all",0.881978036884858,"ratio","Illustrative surplus-production biomass_depletion","fixed-catch-4","fixed-catch 4"
2036,"fishing_mortality","all",0.0163568936388259,"per year","Illustrative surplus-production fishing_mortality","fixed-catch-4","fixed-catch 4"
2036,"catch","all",45145.9157404822,"t","Illustrative surplus-production catch","fixed-catch-4","fixed-catch 4"
2037,"total_biomass","all",2827396.7287729,"t","Illustrative surplus-production total_biomass","fixed-catch-4","fixed-catch 4"
2037,"biomass_depletion","all",0.896148272027057,"ratio","Illustrative surplus-production biomass_depletion","fixed-catch-4","fixed-catch 4"
2037,"fishing_mortality","all",0.0160961593839968,"per year","Illustrative surplus-production fishing_mortality","fixed-catch-4","fixed-catch 4"
2037,"catch","all",45145.9157404822,"t","Illustrative surplus-production catch","fixed-catch-4","fixed-catch 4"
2038,"total_biomass","all",2877339.92157345,"t","Illustrative surplus-production total_biomass","fixed-catch-4","fixed-catch 4"
2038,"biomass_depletion","all",0.911977853165163,"ratio","Illustrative surplus-production biomass_depletion","fixed-catch-4","fixed-catch 4"
2038,"fishing_mortality","all",0.0158145506189287,"per year","Illustrative surplus-production fishing_mortality","fixed-catch-4","fixed-catch 4"
2038,"catch","all",45145.9157404822,"t","Illustrative surplus-production catch","fixed-catch-4","fixed-catch 4"
2039,"total_biomass","all",2911413.95791575,"t","Illustrative surplus-production total_biomass","fixed-catch-4","fixed-catch 4"
2039,"biomass_depletion","all",0.922777677780648,"ratio","Illustrative surplus-production biomass_depletion","fixed-catch-4","fixed-catch 4"
2039,"fishing_mortality","all",0.0156280094978889,"per year","Illustrative surplus-production fishing_mortality","fixed-catch-4","fixed-catch 4"
2039,"catch","all",45145.9157404822,"t","Illustrative surplus-production catch","fixed-catch-4","fixed-catch 4"
2040,"total_biomass","all",2925591.94653277,"t","Illustrative surplus-production total_biomass","fixed-catch-4","fixed-catch 4"
2040,"biomass_depletion","all",0.927271415737778,"ratio","Illustrative surplus-production biomass_depletion","fixed-catch-4","fixed-catch 4"
2040,"fishing_mortality","all",0.0155516811324512,"per year","Illustrative surplus-production fishing_mortality","fixed-catch-4","fixed-catch 4"
2040,"catch","all",45145.9157404822,"t","Illustrative surplus-production catch","fixed-catch-4","fixed-catch 4"
2041,"total_biomass","all",2952078.22986564,"t","Illustrative surplus-production total_biomass","fixed-catch-4","fixed-catch 4"
2041,"biomass_depletion","all",0.935666288943801,"ratio","Illustrative surplus-production biomass_depletion","fixed-catch-4","fixed-catch 4"
2041,"fishing_mortality","all",0.01541106946809,"per year","Illustrative surplus-production fishing_mortality","fixed-catch-4","fixed-catch 4"
2041,"catch","all",45145.9157404822,"t","Illustrative surplus-production catch","fixed-catch-4","fixed-catch 4"
2042,"total_biomass","all",2958654.35236466,"t","Illustrative surplus-production total_biomass","fixed-catch-4","fixed-catch 4"
2042,"biomass_depletion","all",0.937750602317359,"ratio","Illustrative surplus-production biomass_depletion","fixed-catch-4","fixed-catch 4"
2042,"fishing_mortality","all",0.0153765509840226,"per year","Illustrative surplus-production fishing_mortality","fixed-catch-4","fixed-catch 4"
2042,"catch","all",45145.9157404822,"t","Illustrative surplus-production catch","fixed-catch-4","fixed-catch 4"
2043,"total_biomass","all",2964138.70195106,"t","Illustrative surplus-production total_biomass","fixed-catch-4","fixed-catch 4"
2043,"biomass_depletion","all",0.939488876382344,"ratio","Illustrative surplus-production biomass_depletion","fixed-catch-4","fixed-catch 4"
2043,"fishing_mortality","all",0.0153478813222597,"per year","Illustrative surplus-production fishing_mortality","fixed-catch-4","fixed-catch 4"
2043,"catch","all",45145.9157404822,"t","Illustrative surplus-production catch","fixed-catch-4","fixed-catch 4"
2044,"total_biomass","all",2966671.89185588,"t","Illustrative surplus-production total_biomass","fixed-catch-4","fixed-catch 4"
2044,"biomass_depletion","all",0.940291775293847,"ratio","Illustrative surplus-production biomass_depletion","fixed-catch-4","fixed-catch 4"
2044,"fishing_mortality","all",0.0153346750328914,"per year","Illustrative surplus-production fishing_mortality","fixed-catch-4","fixed-catch 4"
2044,"catch","all",45145.9157404822,"t","Illustrative surplus-production catch","fixed-catch-4","fixed-catch 4"
2045,"total_biomass","all",2969673.16574542,"t","Illustrative surplus-production total_biomass","fixed-catch-4","fixed-catch 4"
2045,"biomass_depletion","all",0.941243034232013,"ratio","Illustrative surplus-production biomass_depletion","fixed-catch-4","fixed-catch 4"
2045,"fishing_mortality","all",0.0153190578642992,"per year","Illustrative surplus-production fishing_mortality","fixed-catch-4","fixed-catch 4"
2045,"catch","all",45145.9157404822,"t","Illustrative surplus-production catch","fixed-catch-4","fixed-catch 4"
2046,"total_biomass","all",2975274.14610764,"t","Illustrative surplus-production total_biomass","fixed-catch-4","fixed-catch 4"
2046,"biomass_depletion","all",0.943018274622648,"ratio","Illustrative surplus-production biomass_depletion","fixed-catch-4","fixed-catch 4"
2046,"fishing_mortality","all",0.0152899980024332,"per year","Illustrative surplus-production fishing_mortality","fixed-catch-4","fixed-catch 4"
2046,"catch","all",45145.9157404822,"t","Illustrative surplus-production catch","fixed-catch-4","fixed-catch 4"
2047,"total_biomass","all",2983034.39114142,"t","Illustrative surplus-production total_biomass","fixed-catch-4","fixed-catch 4"
2047,"biomass_depletion","all",0.945477897676873,"ratio","Illustrative surplus-production biomass_depletion","fixed-catch-4","fixed-catch 4"
2047,"fishing_mortality","all",0.0152499168397934,"per year","Illustrative surplus-production fishing_mortality","fixed-catch-4","fixed-catch 4"
2047,"catch","all",45145.9157404822,"t","Illustrative surplus-production catch","fixed-catch-4","fixed-catch 4"
2048,"total_biomass","all",2983835.78565793,"t","Illustrative surplus-production total_biomass","fixed-catch-4","fixed-catch 4"
2048,"biomass_depletion","all",0.945731901051733,"ratio","Illustrative surplus-production biomass_depletion","fixed-catch-4","fixed-catch 4"
2048,"fishing_mortality","all",0.0152457896569157,"per year","Illustrative surplus-production fishing_mortality","fixed-catch-4","fixed-catch 4"
2048,"catch","all",45145.9157404822,"t","Illustrative surplus-production catch","fixed-catch-4","fixed-catch 4"
2049,"total_biomass","all",2986348.04934745,"t","Illustrative surplus-production total_biomass","fixed-catch-4","fixed-catch 4"
2049,"biomass_depletion","all",0.946528167363188,"ratio","Illustrative surplus-production biomass_depletion","fixed-catch-4","fixed-catch 4"
2049,"fishing_mortality","all",0.0152328659618031,"per year","Illustrative surplus-production fishing_mortality","fixed-catch-4","fixed-catch 4"
2049,"catch","all",45145.9157404822,"t","Illustrative surplus-production catch","fixed-catch-4","fixed-catch 4"
2050,"total_biomass","all",2987891.834606,"t","Illustrative surplus-production total_biomass","fixed-catch-4","fixed-catch 4"
2050,"biomass_depletion","all",0.94701747276478,"ratio","Illustrative surplus-production biomass_depletion","fixed-catch-4","fixed-catch 4"
2050,"fishing_mortality","all",0.0152249352185512,"per year","Illustrative surplus-production fishing_mortality","fixed-catch-4","fixed-catch 4"
2050,"catch","all",45145.9157404822,"t","Illustrative surplus-production catch","fixed-catch-4","fixed-catch 4"
2051,"total_biomass","all",2994734.8872054,"t","Illustrative surplus-production total_biomass","fixed-catch-4","fixed-catch 4"
2051,"biomass_depletion","all",0.949186390094257,"ratio","Illustrative surplus-production biomass_depletion","fixed-catch-4","fixed-catch 4"
2051,"fishing_mortality","all",0.0151898802497616,"per year","Illustrative surplus-production fishing_mortality","fixed-catch-4","fixed-catch 4"
2051,"catch","all",45145.9157404822,"t","Illustrative surplus-production catch","fixed-catch-4","fixed-catch 4"
2052,"total_biomass","all",3004238.78430785,"t","Illustrative surplus-production total_biomass","fixed-catch-4","fixed-catch 4"
2052,"biomass_depletion","all",0.952198666680423,"ratio","Illustrative surplus-production biomass_depletion","fixed-catch-4","fixed-catch 4"
2052,"fishing_mortality","all",0.0151414614824065,"per year","Illustrative surplus-production fishing_mortality","fixed-catch-4","fixed-catch 4"
2052,"catch","all",45145.9157404822,"t","Illustrative surplus-production catch","fixed-catch-4","fixed-catch 4"
2023,"total_biomass","all",902918.314809643,"t","Illustrative surplus-production total_biomass","fixed-catch-5","fixed-catch 5"
2023,"biomass_depletion","all",0.286181517918576,"ratio","Illustrative surplus-production biomass_depletion","fixed-catch-5","fixed-catch 5"
2023,"fishing_mortality","all",0.0512932943875505,"per year","Illustrative surplus-production fishing_mortality","fixed-catch-5","fixed-catch 5"
2023,"catch","all",45145.9157404822,"t","Illustrative surplus-production catch","fixed-catch-5","fixed-catch 5"
2024,"total_biomass","all",1082261.9235535,"t","Illustrative surplus-production total_biomass","fixed-catch-5","fixed-catch 5"
2024,"biomass_depletion","all",0.343024784178086,"ratio","Illustrative surplus-production biomass_depletion","fixed-catch-5","fixed-catch 5"
2024,"fishing_mortality","all",0.0426094329910079,"per year","Illustrative surplus-production fishing_mortality","fixed-catch-5","fixed-catch 5"
2024,"catch","all",45145.9157404822,"t","Illustrative surplus-production catch","fixed-catch-5","fixed-catch 5"
2025,"total_biomass","all",1289277.70375997,"t","Illustrative surplus-production total_biomass","fixed-catch-5","fixed-catch 5"
2025,"biomass_depletion","all",0.40863879293266,"ratio","Illustrative surplus-production biomass_depletion","fixed-catch-5","fixed-catch 5"
2025,"fishing_mortality","all",0.0356442143658935,"per year","Illustrative surplus-production fishing_mortality","fixed-catch-5","fixed-catch 5"
2025,"catch","all",45145.9157404822,"t","Illustrative surplus-production catch","fixed-catch-5","fixed-catch 5"
2026,"total_biomass","all",1476390.72498528,"t","Illustrative surplus-production total_biomass","fixed-catch-5","fixed-catch 5"
2026,"biomass_depletion","all",0.467944587884752,"ratio","Illustrative surplus-production biomass_depletion","fixed-catch-5","fixed-catch 5"
2026,"fishing_mortality","all",0.0310558483858398,"per year","Illustrative surplus-production fishing_mortality","fixed-catch-5","fixed-catch 5"
2026,"catch","all",45145.9157404822,"t","Illustrative surplus-production catch","fixed-catch-5","fixed-catch 5"
2027,"total_biomass","all",1683623.55201079,"t","Illustrative surplus-production total_biomass","fixed-catch-5","fixed-catch 5"
2027,"biomass_depletion","all",0.533627390003148,"ratio","Illustrative surplus-production biomass_depletion","fixed-catch-5","fixed-catch 5"
2027,"fishing_mortality","all",0.0271808067345923,"per year","Illustrative surplus-production fishing_mortality","fixed-catch-5","fixed-catch 5"
2027,"catch","all",45145.9157404822,"t","Illustrative surplus-production catch","fixed-catch-5","fixed-catch 5"
2028,"total_biomass","all",1842791.43324718,"t","Illustrative surplus-production total_biomass","fixed-catch-5","fixed-catch 5"
2028,"biomass_depletion","all",0.584075924614741,"ratio","Illustrative surplus-production biomass_depletion","fixed-catch-5","fixed-catch 5"
2028,"fishing_mortality","all",0.0248037424652974,"per year","Illustrative surplus-production fishing_mortality","fixed-catch-5","fixed-catch 5"
2028,"catch","all",45145.9157404822,"t","Illustrative surplus-production catch","fixed-catch-5","fixed-catch 5"
2029,"total_biomass","all",2035609.48585005,"t","Illustrative surplus-production total_biomass","fixed-catch-5","fixed-catch 5"
2029,"biomass_depletion","all",0.645189939106323,"ratio","Illustrative surplus-production biomass_depletion","fixed-catch-5","fixed-catch 5"
2029,"fishing_mortality","all",0.0224277142874983,"per year","Illustrative surplus-production fishing_mortality","fixed-catch-5","fixed-catch 5"
2029,"catch","all",45145.9157404822,"t","Illustrative surplus-production catch","fixed-catch-5","fixed-catch 5"
2030,"total_biomass","all",2197247.25866617,"t","Illustrative surplus-production total_biomass","fixed-catch-5","fixed-catch 5"
2030,"biomass_depletion","all",0.696421310116056,"ratio","Illustrative surplus-production biomass_depletion","fixed-catch-5","fixed-catch 5"
2030,"fishing_mortality","all",0.0207605972131708,"per year","Illustrative surplus-production fishing_mortality","fixed-catch-5","fixed-catch 5"
2030,"catch","all",45145.9157404822,"t","Illustrative surplus-production catch","fixed-catch-5","fixed-catch 5"
2031,"total_biomass","all",2348950.99419755,"t","Illustrative surplus-production total_biomass","fixed-catch-5","fixed-catch 5"
2031,"biomass_depletion","all",0.744504070866614,"ratio","Illustrative surplus-production biomass_depletion","fixed-catch-5","fixed-catch 5"
2031,"fishing_mortality","all",0.019406705157946,"per year","Illustrative surplus-production fishing_mortality","fixed-catch-5","fixed-catch 5"
2031,"catch","all",45145.9157404822,"t","Illustrative surplus-production catch","fixed-catch-5","fixed-catch 5"
2032,"total_biomass","all",2491379.52977694,"t","Illustrative surplus-production total_biomass","fixed-catch-5","fixed-catch 5"
2032,"biomass_depletion","all",0.789647040987475,"ratio","Illustrative surplus-production biomass_depletion","fixed-catch-5","fixed-catch 5"
2032,"fishing_mortality","all",0.0182870437779455,"per year","Illustrative surplus-production fishing_mortality","fixed-catch-5","fixed-catch 5"
2032,"catch","all",45145.9157404822,"t","Illustrative surplus-production catch","fixed-catch-5","fixed-catch 5"
2033,"total_biomass","all",2616457.9303026,"t","Illustrative surplus-production total_biomass","fixed-catch-5","fixed-catch 5"
2033,"biomass_depletion","all",0.829290855864358,"ratio","Illustrative surplus-production biomass_depletion","fixed-catch-5","fixed-catch 5"
2033,"fishing_mortality","all",0.0174051879421504,"per year","Illustrative surplus-production fishing_mortality","fixed-catch-5","fixed-catch 5"
2033,"catch","all",45145.9157404822,"t","Illustrative surplus-production catch","fixed-catch-5","fixed-catch 5"
2034,"total_biomass","all",2704387.37082311,"t","Illustrative surplus-production total_biomass","fixed-catch-5","fixed-catch 5"
2034,"biomass_depletion","all",0.857160243764851,"ratio","Illustrative surplus-production biomass_depletion","fixed-catch-5","fixed-catch 5"
2034,"fishing_mortality","all",0.0168344914971841,"per year","Illustrative surplus-production fishing_mortality","fixed-catch-5","fixed-catch 5"
2034,"catch","all",45145.9157404822,"t","Illustrative surplus-production catch","fixed-catch-5","fixed-catch 5"
2035,"total_biomass","all",2801909.79043044,"t","Illustrative surplus-production total_biomass","fixed-catch-5","fixed-catch 5"
2035,"biomass_depletion","all",0.888070142940174,"ratio","Illustrative surplus-production biomass_depletion","fixed-catch-5","fixed-catch 5"
2035,"fishing_mortality","all",0.0162437700572695,"per year","Illustrative surplus-production fishing_mortality","fixed-catch-5","fixed-catch 5"
2035,"catch","all",45145.9157404822,"t","Illustrative surplus-production catch","fixed-catch-5","fixed-catch 5"
2036,"total_biomass","all",2855073.437779,"t","Illustrative surplus-production total_biomass","fixed-catch-5","fixed-catch 5"
2036,"biomass_depletion","all",0.904920452704359,"ratio","Illustrative surplus-production biomass_depletion","fixed-catch-5","fixed-catch 5"
2036,"fishing_mortality","all",0.0159388751475335,"per year","Illustrative surplus-production fishing_mortality","fixed-catch-5","fixed-catch 5"
2036,"catch","all",45145.9157404822,"t","Illustrative surplus-production catch","fixed-catch-5","fixed-catch 5"
2037,"total_biomass","all",2889801.36727089,"t","Illustrative surplus-production total_biomass","fixed-catch-5","fixed-catch 5"
2037,"biomass_depletion","all",0.915927529881938,"ratio","Illustrative surplus-production biomass_depletion","fixed-catch-5","fixed-catch 5"
2037,"fishing_mortality","all",0.0157458151375245,"per year","Illustrative surplus-production fishing_mortality","fixed-catch-5","fixed-catch 5"
2037,"catch","all",45145.9157404822,"t","Illustrative surplus-production catch","fixed-catch-5","fixed-catch 5"
2038,"total_biomass","all",2919920.73170596,"t","Illustrative surplus-production total_biomass","fixed-catch-5","fixed-catch 5"
2038,"biomass_depletion","all",0.925473914412401,"ratio","Illustrative surplus-production biomass_depletion","fixed-catch-5","fixed-catch 5"
2038,"fishing_mortality","all",0.0155821229354845,"per year","Illustrative surplus-production fishing_mortality","fixed-catch-5","fixed-catch 5"
2038,"catch","all",45145.9157404822,"t","Illustrative surplus-production catch","fixed-catch-5","fixed-catch 5"
2039,"total_biomass","all",2939329.47261977,"t","Illustrative surplus-production total_biomass","fixed-catch-5","fixed-catch 5"
2039,"biomass_depletion","all",0.931625548335979,"ratio","Illustrative surplus-production biomass_depletion","fixed-catch-5","fixed-catch 5"
2039,"fishing_mortality","all",0.0154784318998746,"per year","Illustrative surplus-production fishing_mortality","fixed-catch-5","fixed-catch 5"
2039,"catch","all",45145.9157404822,"t","Illustrative surplus-production catch","fixed-catch-5","fixed-catch 5"
2040,"total_biomass","all",2949249.72959291,"t","Illustrative surplus-production total_biomass","fixed-catch-5","fixed-catch 5"
2040,"biomass_depletion","all",0.934769790901612,"ratio","Illustrative surplus-production biomass_depletion","fixed-catch-5","fixed-catch 5"
2040,"fishing_mortality","all",0.0154259641577227,"per year","Illustrative surplus-production fishing_mortality","fixed-catch-5","fixed-catch 5"
2040,"catch","all",45145.9157404822,"t","Illustrative surplus-production catch","fixed-catch-5","fixed-catch 5"
2041,"total_biomass","all",2963996.86454081,"t","Illustrative surplus-production total_biomass","fixed-catch-5","fixed-catch 5"
2041,"biomass_depletion","all",0.939443920770415,"ratio","Illustrative surplus-production biomass_depletion","fixed-catch-5","fixed-catch 5"
2041,"fishing_mortality","all",0.015348621436327,"per year","Illustrative surplus-production fishing_mortality","fixed-catch-5","fixed-catch 5"
2041,"catch","all",45145.9157404822,"t","Illustrative surplus-production catch","fixed-catch-5","fixed-catch 5"
2042,"total_biomass","all",2976760.07068461,"t","Illustrative surplus-production total_biomass","fixed-catch-5","fixed-catch 5"
2042,"biomass_depletion","all",0.943489240981371,"ratio","Illustrative surplus-production biomass_depletion","fixed-catch-5","fixed-catch 5"
2042,"fishing_mortality","all",0.0152823069972455,"per year","Illustrative surplus-production fishing_mortality","fixed-catch-5","fixed-catch 5"
2042,"catch","all",45145.9157404822,"t","Illustrative surplus-production catch","fixed-catch-5","fixed-catch 5"
2043,"total_biomass","all",2983482.97758019,"t","Illustrative surplus-production total_biomass","fixed-catch-5","fixed-catch 5"
2043,"biomass_depletion","all",0.945620077922704,"ratio","Illustrative surplus-production biomass_depletion","fixed-catch-5","fixed-catch 5"
2043,"fishing_mortality","all",0.0152476063437171,"per year","Illustrative surplus-production fishing_mortality","fixed-catch-5","fixed-catch 5"
2043,"catch","all",45145.9157404822,"t","Illustrative surplus-production catch","fixed-catch-5","fixed-catch 5"
2044,"total_biomass","all",2988317.90830098,"t","Illustrative surplus-production total_biomass","fixed-catch-5","fixed-catch 5"
2044,"biomass_depletion","all",0.94715251755762,"ratio","Illustrative surplus-production biomass_depletion","fixed-catch-5","fixed-catch 5"
2044,"fishing_mortality","all",0.0152227478440222,"per year","Illustrative surplus-production fishing_mortality","fixed-catch-5","fixed-catch 5"
2044,"catch","all",45145.9157404822,"t","Illustrative surplus-production catch","fixed-catch-5","fixed-catch 5"
2045,"total_biomass","all",2990995.87941695,"t","Illustrative surplus-production total_biomass","fixed-catch-5","fixed-catch 5"
2045,"biomass_depletion","all",0.948001305123826,"ratio","Illustrative surplus-production biomass_depletion","fixed-catch-5","fixed-catch 5"
2045,"fishing_mortality","all",0.0152090140694,"per year","Illustrative surplus-production fishing_mortality","fixed-catch-5","fixed-catch 5"
2045,"catch","all",45145.9157404822,"t","Illustrative surplus-production catch","fixed-catch-5","fixed-catch 5"
2046,"total_biomass","all",2995623.69734885,"t","Illustrative surplus-production total_biomass","fixed-catch-5","fixed-catch 5"
2046,"biomass_depletion","all",0.949468100002919,"ratio","Illustrative surplus-production biomass_depletion","fixed-catch-5","fixed-catch 5"
2046,"fishing_mortality","all",0.0151853389755677,"per year","Illustrative surplus-production fishing_mortality","fixed-catch-5","fixed-catch 5"
2046,"catch","all",45145.9157404822,"t","Illustrative surplus-production catch","fixed-catch-5","fixed-catch 5"
2047,"total_biomass","all",2991328.03642706,"t","Illustrative surplus-production total_biomass","fixed-catch-5","fixed-catch 5"
2047,"biomass_depletion","all",0.948106582861336,"ratio","Illustrative surplus-production biomass_depletion","fixed-catch-5","fixed-catch 5"
2047,"fishing_mortality","all",0.0152073123542925,"per year","Illustrative surplus-production fishing_mortality","fixed-catch-5","fixed-catch 5"
2047,"catch","all",45145.9157404822,"t","Illustrative surplus-production catch","fixed-catch-5","fixed-catch 5"
2048,"total_biomass","all",2997109.40803755,"t","Illustrative surplus-production total_biomass","fixed-catch-5","fixed-catch 5"
2048,"biomass_depletion","all",0.949938998569386,"ratio","Illustrative surplus-production biomass_depletion","fixed-catch-5","fixed-catch 5"
2048,"fishing_mortality","all",0.0151777539661921,"per year","Illustrative surplus-production fishing_mortality","fixed-catch-5","fixed-catch 5"
2048,"catch","all",45145.9157404822,"t","Illustrative surplus-production catch","fixed-catch-5","fixed-catch 5"
2049,"total_biomass","all",2993683.85327753,"t","Illustrative surplus-production total_biomass","fixed-catch-5","fixed-catch 5"
2049,"biomass_depletion","all",0.948853263077196,"ratio","Illustrative surplus-production biomass_depletion","fixed-catch-5","fixed-catch 5"
2049,"fishing_mortality","all",0.0151952538942809,"per year","Illustrative surplus-production fishing_mortality","fixed-catch-5","fixed-catch 5"
2049,"catch","all",45145.9157404822,"t","Illustrative surplus-production catch","fixed-catch-5","fixed-catch 5"
2050,"total_biomass","all",2995570.01345,"t","Illustrative surplus-production total_biomass","fixed-catch-5","fixed-catch 5"
2050,"biomass_depletion","all",0.949451084798545,"ratio","Illustrative surplus-production biomass_depletion","fixed-catch-5","fixed-catch 5"
2050,"fishing_mortality","all",0.0151856131902803,"per year","Illustrative surplus-production fishing_mortality","fixed-catch-5","fixed-catch 5"
2050,"catch","all",45145.9157404822,"t","Illustrative surplus-production catch","fixed-catch-5","fixed-catch 5"
2051,"total_biomass","all",2998605.42487046,"t","Illustrative surplus-production total_biomass","fixed-catch-5","fixed-catch 5"
2051,"biomass_depletion","all",0.950413163686042,"ratio","Illustrative surplus-production biomass_depletion","fixed-catch-5","fixed-catch 5"
2051,"fishing_mortality","all",0.0151701239934665,"per year","Illustrative surplus-production fishing_mortality","fixed-catch-5","fixed-catch 5"
2051,"catch","all",45145.9157404822,"t","Illustrative surplus-production catch","fixed-catch-5","fixed-catch 5"
2052,"total_biomass","all",2998776.00582629,"t","Illustrative surplus-production total_biomass","fixed-catch-5","fixed-catch 5"
2052,"biomass_depletion","all",0.950467229614342,"ratio","Illustrative surplus-production biomass_depletion","fixed-catch-5","fixed-catch 5"
2052,"fishing_mortality","all",0.0151692544850843,"per year","Illustrative surplus-production fishing_mortality","fixed-catch-5","fixed-catch 5"
2052,"catch","all",45145.9157404822,"t","Illustrative surplus-production catch","fixed-catch-5","fixed-catch 5"
2023,"total_biomass","all",902918.314809643,"t","Illustrative surplus-production total_biomass","fixed-catch-6","fixed-catch 6"
2023,"biomass_depletion","all",0.286181517918576,"ratio","Illustrative surplus-production biomass_depletion","fixed-catch-6","fixed-catch 6"
2023,"fishing_mortality","all",0.0512932943875505,"per year","Illustrative surplus-production fishing_mortality","fixed-catch-6","fixed-catch 6"
2023,"catch","all",45145.9157404822,"t","Illustrative surplus-production catch","fixed-catch-6","fixed-catch 6"
2024,"total_biomass","all",1050886.04402226,"t","Illustrative surplus-production total_biomass","fixed-catch-6","fixed-catch 6"
2024,"biomass_depletion","all",0.333080145019697,"ratio","Illustrative surplus-production biomass_depletion","fixed-catch-6","fixed-catch 6"
2024,"fishing_mortality","all",0.04390994325751,"per year","Illustrative surplus-production fishing_mortality","fixed-catch-6","fixed-catch 6"
2024,"catch","all",45145.9157404822,"t","Illustrative surplus-production catch","fixed-catch-6","fixed-catch 6"
2025,"total_biomass","all",1221011.95757273,"t","Illustrative surplus-production total_biomass","fixed-catch-6","fixed-catch 6"
2025,"biomass_depletion","all",0.387001846881977,"ratio","Illustrative surplus-production biomass_depletion","fixed-catch-6","fixed-catch 6"
2025,"fishing_mortality","all",0.0376750553608675,"per year","Illustrative surplus-production fishing_mortality","fixed-catch-6","fixed-catch 6"
2025,"catch","all",45145.9157404822,"t","Illustrative surplus-production catch","fixed-catch-6","fixed-catch 6"
2026,"total_biomass","all",1418128.57526328,"t","Illustrative surplus-production total_biomass","fixed-catch-6","fixed-catch 6"
2026,"biomass_depletion","all",0.449478298995534,"ratio","Illustrative surplus-production biomass_depletion","fixed-catch-6","fixed-catch 6"
2026,"fishing_mortality","all",0.0323526005892103,"per year","Illustrative surplus-production fishing_mortality","fixed-catch-6","fixed-catch 6"
2026,"catch","all",45145.9157404822,"t","Illustrative surplus-production catch","fixed-catch-6","fixed-catch 6"
2027,"total_biomass","all",1615982.71662933,"t","Illustrative surplus-production total_biomass","fixed-catch-6","fixed-catch 6"
2027,"biomass_depletion","all",0.512188510510682,"ratio","Illustrative surplus-production biomass_depletion","fixed-catch-6","fixed-catch 6"
2027,"fishing_mortality","all",0.0283347933206129,"per year","Illustrative surplus-production fishing_mortality","fixed-catch-6","fixed-catch 6"
2027,"catch","all",45145.9157404822,"t","Illustrative surplus-production catch","fixed-catch-6","fixed-catch 6"
2028,"total_biomass","all",1817704.39310452,"t","Illustrative surplus-production total_biomass","fixed-catch-6","fixed-catch 6"
2028,"biomass_depletion","all",0.576124543952332,"ratio","Illustrative surplus-production biomass_depletion","fixed-catch-6","fixed-catch 6"
2028,"fishing_mortality","all",0.0251504121413368,"per year","Illustrative surplus-production fishing_mortality","fixed-catch-6","fixed-catch 6"
2028,"catch","all",45145.9157404822,"t","Illustrative surplus-production catch","fixed-catch-6","fixed-catch 6"
2029,"total_biomass","all",2025019.4138377,"t","Illustrative surplus-production total_biomass","fixed-catch-6","fixed-catch 6"
2029,"biomass_depletion","all",0.641833397508207,"ratio","Illustrative surplus-production biomass_depletion","fixed-catch-6","fixed-catch 6"
2029,"fishing_mortality","all",0.0225463347773818,"per year","Illustrative surplus-production fishing_mortality","fixed-catch-6","fixed-catch 6"
2029,"catch","all",45145.9157404822,"t","Illustrative surplus-production catch","fixed-catch-6","fixed-catch 6"
2030,"total_biomass","all",2184832.28231974,"t","Illustrative surplus-production total_biomass","fixed-catch-6","fixed-catch 6"
2030,"biomass_depletion","all",0.69248636194027,"ratio","Illustrative surplus-production biomass_depletion","fixed-catch-6","fixed-catch 6"
2030,"fishing_mortality","all",0.020879806317831,"per year","Illustrative surplus-production fishing_mortality","fixed-catch-6","fixed-catch 6"
2030,"catch","all",45145.9157404822,"t","Illustrative surplus-production catch","fixed-catch-6","fixed-catch 6"
2031,"total_biomass","all",2330901.84071411,"t","Illustrative surplus-production total_biomass","fixed-catch-6","fixed-catch 6"
2031,"biomass_depletion","all",0.73878336052514,"ratio","Illustrative surplus-production biomass_depletion","fixed-catch-6","fixed-catch 6"
2031,"fishing_mortality","all",0.0195584585966968,"per year","Illustrative surplus-production fishing_mortality","fixed-catch-6","fixed-catch 6"
2031,"catch","all",45145.9157404822,"t","Illustrative surplus-production catch","fixed-catch-6","fixed-catch 6"
2032,"total_biomass","all",2467712.38141124,"t","Illustrative surplus-production total_biomass","fixed-catch-6","fixed-catch 6"
2032,"biomass_depletion","all",0.782145697473882,"ratio","Illustrative surplus-production biomass_depletion","fixed-catch-6","fixed-catch 6"
2032,"fishing_mortality","all",0.0184640588996818,"per year","Illustrative surplus-production fishing_mortality","fixed-catch-6","fixed-catch 6"
2032,"catch","all",45145.9157404822,"t","Illustrative surplus-production catch","fixed-catch-6","fixed-catch 6"
2033,"total_biomass","all",2587750.27285584,"t","Illustrative surplus-production total_biomass","fixed-catch-6","fixed-catch 6"
2033,"biomass_depletion","all",0.820191914299825,"ratio","Illustrative surplus-production biomass_depletion","fixed-catch-6","fixed-catch 6"
2033,"fishing_mortality","all",0.0175999845450232,"per year","Illustrative surplus-production fishing_mortality","fixed-catch-6","fixed-catch 6"
2033,"catch","all",45145.9157404822,"t","Illustrative surplus-production catch","fixed-catch-6","fixed-catch 6"
2034,"total_biomass","all",2698305.53888519,"t","Illustrative surplus-production total_biomass","fixed-catch-6","fixed-catch 6"
2034,"biomass_depletion","all",0.855232596637564,"ratio","Illustrative surplus-production biomass_depletion","fixed-catch-6","fixed-catch 6"
2034,"fishing_mortality","all",0.0168727574290294,"per year","Illustrative surplus-production fishing_mortality","fixed-catch-6","fixed-catch 6"
2034,"catch","all",45145.9157404822,"t","Illustrative surplus-production catch","fixed-catch-6","fixed-catch 6"
2035,"total_biomass","all",2762160.71999271,"t","Illustrative surplus-production total_biomass","fixed-catch-6","fixed-catch 6"
2035,"biomass_depletion","all",0.875471606475533,"ratio","Illustrative surplus-production biomass_depletion","fixed-catch-6","fixed-catch 6"
2035,"fishing_mortality","all",0.0164794638302951,"per year","Illustrative surplus-production fishing_mortality","fixed-catch-6","fixed-catch 6"
2035,"catch","all",45145.9157404822,"t","Illustrative surplus-production catch","fixed-catch-6","fixed-catch 6"
2036,"total_biomass","all",2812929.37166751,"t","Illustrative surplus-production total_biomass","fixed-catch-6","fixed-catch 6"
2036,"biomass_depletion","all",0.89156281822821,"ratio","Illustrative surplus-production biomass_depletion","fixed-catch-6","fixed-catch 6"
2036,"fishing_mortality","all",0.0161796179051667,"per year","Illustrative surplus-production fishing_mortality","fixed-catch-6","fixed-catch 6"
2036,"catch","all",45145.9157404822,"t","Illustrative surplus-production catch","fixed-catch-6","fixed-catch 6"
2037,"total_biomass","all",2864828.00176865,"t","Illustrative surplus-production total_biomass","fixed-catch-6","fixed-catch 6"
2037,"biomass_depletion","all",0.908012178592963,"ratio","Illustrative surplus-production biomass_depletion","fixed-catch-6","fixed-catch 6"
2037,"fishing_mortality","all",0.0158841709339896,"per year","Illustrative surplus-production fishing_mortality","fixed-catch-6","fixed-catch 6"
2037,"catch","all",45145.9157404822,"t","Illustrative surplus-production catch","fixed-catch-6","fixed-catch 6"
2038,"total_biomass","all",2895994.8707381,"t","Illustrative surplus-production total_biomass","fixed-catch-6","fixed-catch 6"
2038,"biomass_depletion","all",0.917890571493131,"ratio","Illustrative surplus-production biomass_depletion","fixed-catch-6","fixed-catch 6"
2038,"fishing_mortality","all",0.0157118744979636,"per year","Illustrative surplus-production fishing_mortality","fixed-catch-6","fixed-catch 6"
2038,"catch","all",45145.9157404822,"t","Illustrative surplus-production catch","fixed-catch-6","fixed-catch 6"
2039,"total_biomass","all",2920744.20719886,"t","Illustrative surplus-production total_biomass","fixed-catch-6","fixed-catch 6"
2039,"biomass_depletion","all",0.925734916390831,"ratio","Illustrative surplus-production biomass_depletion","fixed-catch-6","fixed-catch 6"
2039,"fishing_mortality","all",0.0155776953105103,"per year","Illustrative surplus-production fishing_mortality","fixed-catch-6","fixed-catch 6"
2039,"catch","all",45145.9157404822,"t","Illustrative surplus-production catch","fixed-catch-6","fixed-catch 6"
2040,"total_biomass","all",2943681.25670919,"t","Illustrative surplus-production total_biomass","fixed-catch-6","fixed-catch 6"
2040,"biomass_depletion","all",0.933004853812384,"ratio","Illustrative surplus-production biomass_depletion","fixed-catch-6","fixed-catch 6"
2040,"fishing_mortality","all",0.0154553716533991,"per year","Illustrative surplus-production fishing_mortality","fixed-catch-6","fixed-catch 6"
2040,"catch","all",45145.9157404822,"t","Illustrative surplus-production catch","fixed-catch-6","fixed-catch 6"
2041,"total_biomass","all",2954680.6356739,"t","Illustrative surplus-production total_biomass","fixed-catch-6","fixed-catch 6"
2041,"biomass_depletion","all",0.936491125955337,"ratio","Illustrative surplus-production biomass_depletion","fixed-catch-6","fixed-catch 6"
2041,"fishing_mortality","all",0.0153973907609827,"per year","Illustrative surplus-production fishing_mortality","fixed-catch-6","fixed-catch 6"
2041,"catch","all",45145.9157404822,"t","Illustrative surplus-production catch","fixed-catch-6","fixed-catch 6"
2042,"total_biomass","all",2962489.77706328,"t","Illustrative surplus-production total_biomass","fixed-catch-6","fixed-catch 6"
2042,"biomass_depletion","all",0.938966246793843,"ratio","Illustrative surplus-production biomass_depletion","fixed-catch-6","fixed-catch 6"
2042,"fishing_mortality","all",0.0153564898984383,"per year","Illustrative surplus-production fishing_mortality","fixed-catch-6","fixed-catch 6"
2042,"catch","all",45145.9157404822,"t","Illustrative surplus-production catch","fixed-catch-6","fixed-catch 6"
2043,"total_biomass","all",2970314.0290901,"t","Illustrative surplus-production total_biomass","fixed-catch-6","fixed-catch 6"
2043,"biomass_depletion","all",0.94144615697496,"ratio","Illustrative surplus-production biomass_depletion","fixed-catch-6","fixed-catch 6"
2043,"fishing_mortality","all",0.0153157272439075,"per year","Illustrative surplus-production fishing_mortality","fixed-catch-6","fixed-catch 6"
2043,"catch","all",45145.9157404822,"t","Illustrative surplus-production catch","fixed-catch-6","fixed-catch 6"
2044,"total_biomass","all",2975572.37772988,"t","Illustrative surplus-production total_biomass","fixed-catch-6","fixed-catch 6"
2044,"biomass_depletion","all",0.943112799649933,"ratio","Illustrative surplus-production biomass_depletion","fixed-catch-6","fixed-catch 6"
2044,"fishing_mortality","all",0.015288453762862,"per year","Illustrative surplus-production fishing_mortality","fixed-catch-6","fixed-catch 6"
2044,"catch","all",45145.9157404822,"t","Illustrative surplus-production catch","fixed-catch-6","fixed-catch 6"
2045,"total_biomass","all",2978339.98686366,"t","Illustrative surplus-production total_biomass","fixed-catch-6","fixed-catch 6"
2045,"biomass_depletion","all",0.943989998140561,"ratio","Illustrative surplus-production biomass_depletion","fixed-catch-6","fixed-catch 6"
2045,"fishing_mortality","all",0.0152741379829324,"per year","Illustrative surplus-production fishing_mortality","fixed-catch-6","fixed-catch 6"
2045,"catch","all",45145.9157404822,"t","Illustrative surplus-production catch","fixed-catch-6","fixed-catch 6"
2046,"total_biomass","all",2986699.91055602,"t","Illustrative surplus-production total_biomass","fixed-catch-6","fixed-catch 6"
2046,"biomass_depletion","all",0.946639690380403,"ratio","Illustrative surplus-production biomass_depletion","fixed-catch-6","fixed-catch 6"
2046,"fishing_mortality","all",0.0152310576513083,"per year","Illustrative surplus-production fishing_mortality","fixed-catch-6","fixed-catch 6"
2046,"catch","all",45145.9157404822,"t","Illustrative surplus-production catch","fixed-catch-6","fixed-catch 6"
2047,"total_biomass","all",2987413.33225527,"t","Illustrative surplus-production total_biomass","fixed-catch-6","fixed-catch 6"
2047,"biomass_depletion","all",0.946865810619031,"ratio","Illustrative surplus-production biomass_depletion","fixed-catch-6","fixed-catch 6"
2047,"fishing_mortality","all",0.0152273925005266,"per year","Illustrative surplus-production fishing_mortality","fixed-catch-6","fixed-catch 6"
2047,"catch","all",45145.9157404822,"t","Illustrative surplus-production catch","fixed-catch-6","fixed-catch 6"
2048,"total_biomass","all",2989995.70626056,"t","Illustrative surplus-production total_biomass","fixed-catch-6","fixed-catch 6"
2048,"biomass_depletion","all",0.947684298516051,"ratio","Illustrative surplus-production biomass_depletion","fixed-catch-6","fixed-catch 6"
2048,"fishing_mortality","all",0.0152141404823331,"per year","Illustrative surplus-production fishing_mortality","fixed-catch-6","fixed-catch 6"
2048,"catch","all",45145.9157404822,"t","Illustrative surplus-production catch","fixed-catch-6","fixed-catch 6"
2049,"total_biomass","all",2992142.57254986,"t","Illustrative surplus-production total_biomass","fixed-catch-6","fixed-catch 6"
2049,"biomass_depletion","all",0.948364751490989,"ratio","Illustrative surplus-production biomass_depletion","fixed-catch-6","fixed-catch 6"
2049,"fishing_mortality","all",0.0152031409139502,"per year","Illustrative surplus-production fishing_mortality","fixed-catch-6","fixed-catch 6"
2049,"catch","all",45145.9157404822,"t","Illustrative surplus-production catch","fixed-catch-6","fixed-catch 6"
2050,"total_biomass","all",2986814.69276307,"t","Illustrative surplus-production total_biomass","fixed-catch-6","fixed-catch 6"
2050,"biomass_depletion","all",0.946676070798991,"ratio","Illustrative surplus-production biomass_depletion","fixed-catch-6","fixed-catch 6"
2050,"fishing_mortality","all",0.0152304678471826,"per year","Illustrative surplus-production fishing_mortality","fixed-catch-6","fixed-catch 6"
2050,"catch","all",45145.9157404822,"t","Illustrative surplus-production catch","fixed-catch-6","fixed-catch 6"
2051,"total_biomass","all",2990634.5725706,"t","Illustrative surplus-production total_biomass","fixed-catch-6","fixed-catch 6"
2051,"biomass_depletion","all",0.947886788295419,"ratio","Illustrative surplus-production biomass_depletion","fixed-catch-6","fixed-catch 6"
2051,"fishing_mortality","all",0.0152108655581876,"per year","Illustrative surplus-production fishing_mortality","fixed-catch-6","fixed-catch 6"
2051,"catch","all",45145.9157404822,"t","Illustrative surplus-production catch","fixed-catch-6","fixed-catch 6"
2052,"total_biomass","all",2998043.74920622,"t","Illustrative surplus-production total_biomass","fixed-catch-6","fixed-catch 6"
2052,"biomass_depletion","all",0.950235139615055,"ratio","Illustrative surplus-production biomass_depletion","fixed-catch-6","fixed-catch 6"
2052,"fishing_mortality","all",0.0151729877474669,"per year","Illustrative surplus-production fishing_mortality","fixed-catch-6","fixed-catch 6"
2052,"catch","all",45145.9157404822,"t","Illustrative surplus-production catch","fixed-catch-6","fixed-catch 6"
2023,"total_biomass","all",902918.314809643,"t","Illustrative surplus-production total_biomass","fixed-catch-7","fixed-catch 7"
2023,"biomass_depletion","all",0.286181517918576,"ratio","Illustrative surplus-production biomass_depletion","fixed-catch-7","fixed-catch 7"
2023,"fishing_mortality","all",0.0512932943875505,"per year","Illustrative surplus-production fishing_mortality","fixed-catch-7","fixed-catch 7"
2023,"catch","all",45145.9157404822,"t","Illustrative surplus-production catch","fixed-catch-7","fixed-catch 7"
2024,"total_biomass","all",1038920.16664955,"t","Illustrative surplus-production total_biomass","fixed-catch-7","fixed-catch 7"
2024,"biomass_depletion","all",0.329287539538579,"ratio","Illustrative surplus-production biomass_depletion","fixed-catch-7","fixed-catch 7"
2024,"fishing_mortality","all",0.044427082327413,"per year","Illustrative surplus-production fishing_mortality","fixed-catch-7","fixed-catch 7"
2024,"catch","all",45145.9157404822,"t","Illustrative surplus-production catch","fixed-catch-7","fixed-catch 7"
2025,"total_biomass","all",1225196.10198792,"t","Illustrative surplus-production total_biomass","fixed-catch-7","fixed-catch 7"
2025,"biomass_depletion","all",0.388328018674363,"ratio","Illustrative surplus-production biomass_depletion","fixed-catch-7","fixed-catch 7"
2025,"fishing_mortality","all",0.0375439461488426,"per year","Illustrative surplus-production fishing_mortality","fixed-catch-7","fixed-catch 7"
2025,"catch","all",45145.9157404822,"t","Illustrative surplus-production catch","fixed-catch-7","fixed-catch 7"
2026,"total_biomass","all",1408877.18068713,"t","Illustrative surplus-production total_biomass","fixed-catch-7","fixed-catch 7"
2026,"biomass_depletion","all",0.446546053520786,"ratio","Illustrative surplus-production biomass_depletion","fixed-catch-7","fixed-catch 7"
2026,"fishing_mortality","all",0.0325685412240115,"per year","Illustrative surplus-production fishing_mortality","fixed-catch-7","fixed-catch 7"
2026,"catch","all",45145.9157404822,"t","Illustrative surplus-production catch","fixed-catch-7","fixed-catch 7"
2027,"total_biomass","all",1616612.55318926,"t","Illustrative surplus-production total_biomass","fixed-catch-7","fixed-catch 7"
2027,"biomass_depletion","all",0.512388138295172,"ratio","Illustrative surplus-production biomass_depletion","fixed-catch-7","fixed-catch 7"
2027,"fishing_mortality","all",0.0283235961863023,"per year","Illustrative surplus-production fishing_mortality","fixed-catch-7","fixed-catch 7"
2027,"catch","all",45145.9157404822,"t","Illustrative surplus-production catch","fixed-catch-7","fixed-catch 7"
2028,"total_biomass","all",1811295.93254635,"t","Illustrative surplus-production total_biomass","fixed-catch-7","fixed-catch 7"
2028,"biomass_depletion","all",0.57409337132024,"ratio","Illustrative surplus-production biomass_depletion","fixed-catch-7","fixed-catch 7"
2028,"fishing_mortality","all",0.0252405281124649,"per year","Illustrative surplus-production fishing_mortality","fixed-catch-7","fixed-catch 7"
2028,"catch","all",45145.9157404822,"t","Illustrative surplus-production catch","fixed-catch-7","fixed-catch 7"
2029,"total_biomass","all",2008446.540455,"t","Illustrative surplus-production total_biomass","fixed-catch-7","fixed-catch 7"
2029,"biomass_depletion","all",0.636580596692073,"ratio","Illustrative surplus-production biomass_depletion","fixed-catch-7","fixed-catch 7"
2029,"fishing_mortality","all",0.0227345086925662,"per year","Illustrative surplus-production fishing_mortality","fixed-catch-7","fixed-catch 7"
2029,"catch","all",45145.9157404822,"t","Illustrative surplus-production catch","fixed-catch-7","fixed-catch 7"
2030,"total_biomass","all",2208341.58473048,"t","Illustrative surplus-production total_biomass","fixed-catch-7","fixed-catch 7"
2030,"biomass_depletion","all",0.699937675906064,"ratio","Illustrative surplus-production biomass_depletion","fixed-catch-7","fixed-catch 7"
2030,"fishing_mortality","all",0.0206552149455218,"per year","Illustrative surplus-production fishing_mortality","fixed-catch-7","fixed-catch 7"
2030,"catch","all",45145.9157404822,"t","Illustrative surplus-production catch","fixed-catch-7","fixed-catch 7"
2031,"total_biomass","all",2372064.42383713,"t","Illustrative surplus-production total_biomass","fixed-catch-7","fixed-catch 7"
2031,"biomass_depletion","all",0.751829912274485,"ratio","Illustrative surplus-production biomass_depletion","fixed-catch-7","fixed-catch 7"
2031,"fishing_mortality","all",0.0192157773495581,"per year","Illustrative surplus-production fishing_mortality","fixed-catch-7","fixed-catch 7"
2031,"catch","all",45145.9157404822,"t","Illustrative surplus-production catch","fixed-catch-7","fixed-catch 7"
2032,"total_biomass","all",2508321.48440554,"t","Illustrative surplus-production total_biomass","fixed-catch-7","fixed-catch 7"
2032,"biomass_depletion","all",0.795016822741367,"ratio","Illustrative surplus-production biomass_depletion","fixed-catch-7","fixed-catch 7"
2032,"fishing_mortality","all",0.0181623990864832,"per year","Illustrative surplus-production fishing_mortality","fixed-catch-7","fixed-catch 7"
2032,"catch","all",45145.9157404822,"t","Illustrative surplus-production catch","fixed-catch-7","fixed-catch 7"
2033,"total_biomass","all",2608852.8604886,"t","Illustrative surplus-production total_biomass","fixed-catch-7","fixed-catch 7"
2033,"biomass_depletion","all",0.826880415863807,"ratio","Illustrative surplus-production biomass_depletion","fixed-catch-7","fixed-catch 7"
2033,"fishing_mortality","all",0.0174563712584492,"per year","Illustrative surplus-production fishing_mortality","fixed-catch-7","fixed-catch 7"
2033,"catch","all",45145.9157404822,"t","Illustrative surplus-production catch","fixed-catch-7","fixed-catch 7"
2034,"total_biomass","all",2705187.01242501,"t","Illustrative surplus-production total_biomass","fixed-catch-7","fixed-catch 7"
2034,"biomass_depletion","all",0.857413691550404,"ratio","Illustrative surplus-production biomass_depletion","fixed-catch-7","fixed-catch 7"
2034,"fishing_mortality","all",0.0168294731848091,"per year","Illustrative surplus-production fishing_mortality","fixed-catch-7","fixed-catch 7"
2034,"catch","all",45145.9157404822,"t","Illustrative surplus-production catch","fixed-catch-7","fixed-catch 7"
2035,"total_biomass","all",2771628.41234482,"t","Illustrative surplus-production total_biomass","fixed-catch-7","fixed-catch 7"
2035,"biomass_depletion","all",0.878472407903604,"ratio","Illustrative surplus-production biomass_depletion","fixed-catch-7","fixed-catch 7"
2035,"fishing_mortality","all",0.0164227063287388,"per year","Illustrative surplus-production fishing_mortality","fixed-catch-7","fixed-catch 7"
2035,"catch","all",45145.9157404822,"t","Illustrative surplus-production catch","fixed-catch-7","fixed-catch 7"
2036,"total_biomass","all",2846404.77691854,"t","Illustrative surplus-production total_biomass","fixed-catch-7","fixed-catch 7"
2036,"biomass_depletion","all",0.902172905686345,"ratio","Illustrative surplus-production biomass_depletion","fixed-catch-7","fixed-catch 7"
2036,"fishing_mortality","all",0.0159878067374046,"per year","Illustrative surplus-production fishing_mortality","fixed-catch-7","fixed-catch 7"
2036,"catch","all",45145.9157404822,"t","Illustrative surplus-production catch","fixed-catch-7","fixed-catch 7"
2037,"total_biomass","all",2886844.20915222,"t","Illustrative surplus-production total_biomass","fixed-catch-7","fixed-catch 7"
2037,"biomass_depletion","all",0.914990253513472,"ratio","Illustrative surplus-production biomass_depletion","fixed-catch-7","fixed-catch 7"
2037,"fishing_mortality","all",0.0157620722542739,"per year","Illustrative surplus-production fishing_mortality","fixed-catch-7","fixed-catch 7"
2037,"catch","all",45145.9157404822,"t","Illustrative surplus-production catch","fixed-catch-7","fixed-catch 7"
2038,"total_biomass","all",2910547.25022863,"t","Illustrative surplus-production total_biomass","fixed-catch-7","fixed-catch 7"
2038,"biomass_depletion","all",0.922502973283656,"ratio","Illustrative surplus-production biomass_depletion","fixed-catch-7","fixed-catch 7"
2038,"fishing_mortality","all",0.0156326997984964,"per year","Illustrative surplus-production fishing_mortality","fixed-catch-7","fixed-catch 7"
2038,"catch","all",45145.9157404822,"t","Illustrative surplus-production catch","fixed-catch-7","fixed-catch 7"
2039,"total_biomass","all",2942315.5550078,"t","Illustrative surplus-production total_biomass","fixed-catch-7","fixed-catch 7"
2039,"biomass_depletion","all",0.932571992301527,"ratio","Illustrative surplus-production biomass_depletion","fixed-catch-7","fixed-catch 7"
2039,"fishing_mortality","all",0.0154626011496909,"per year","Illustrative surplus-production fishing_mortality","fixed-catch-7","fixed-catch 7"
2039,"catch","all",45145.9157404822,"t","Illustrative surplus-production catch","fixed-catch-7","fixed-catch 7"
2040,"total_biomass","all",2954354.21105035,"t","Illustrative surplus-production total_biomass","fixed-catch-7","fixed-catch 7"
2040,"biomass_depletion","all",0.936387665107638,"ratio","Illustrative surplus-production biomass_depletion","fixed-catch-7","fixed-catch 7"
2040,"fishing_mortality","all",0.0153991051747406,"per year","Illustrative surplus-production fishing_mortality","fixed-catch-7","fixed-catch 7"
2040,"catch","all",45145.9157404822,"t","Illustrative surplus-production catch","fixed-catch-7","fixed-catch 7"
2041,"total_biomass","all",2958709.49962365,"t","Illustrative surplus-production total_biomass","fixed-catch-7","fixed-catch 7"
2041,"biomass_depletion","all",0.937768081336256,"ratio","Illustrative surplus-production biomass_depletion","fixed-catch-7","fixed-catch 7"
2041,"fishing_mortality","all",0.0153762621663731,"per year","Illustrative surplus-production fishing_mortality","fixed-catch-7","fixed-catch 7"
2041,"catch","all",45145.9157404822,"t","Illustrative surplus-production catch","fixed-catch-7","fixed-catch 7"
2042,"total_biomass","all",2964209.32613874,"t","Illustrative surplus-production total_biomass","fixed-catch-7","fixed-catch 7"
2042,"biomass_depletion","all",0.939511260840494,"ratio","Illustrative surplus-production biomass_depletion","fixed-catch-7","fixed-catch 7"
2042,"fishing_mortality","all",0.0153475128286498,"per year","Illustrative surplus-production fishing_mortality","fixed-catch-7","fixed-catch 7"
2042,"catch","all",45145.9157404822,"t","Illustrative surplus-production catch","fixed-catch-7","fixed-catch 7"
2043,"total_biomass","all",2972860.91239791,"t","Illustrative surplus-production total_biomass","fixed-catch-7","fixed-catch 7"
2043,"biomass_depletion","all",0.942253396034167,"ratio","Illustrative surplus-production biomass_depletion","fixed-catch-7","fixed-catch 7"
2043,"fishing_mortality","all",0.0153025051809387,"per year","Illustrative surplus-production fishing_mortality","fixed-catch-7","fixed-catch 7"
2043,"catch","all",45145.9157404822,"t","Illustrative surplus-production catch","fixed-catch-7","fixed-catch 7"
2044,"total_biomass","all",2977308.22934627,"t","Illustrative surplus-production total_biomass","fixed-catch-7","fixed-catch 7"
2044,"biomass_depletion","all",0.943662980815062,"ratio","Illustrative surplus-production biomass_depletion","fixed-catch-7","fixed-catch 7"
2044,"fishing_mortality","all",0.0152794717331112,"per year","Illustrative surplus-production fishing_mortality","fixed-catch-7","fixed-catch 7"
2044,"catch","all",45145.9157404822,"t","Illustrative surplus-production catch","fixed-catch-7","fixed-catch 7"
2045,"total_biomass","all",2984195.72059969,"t","Illustrative surplus-production total_biomass","fixed-catch-7","fixed-catch 7"
2045,"biomass_depletion","all",0.945845983052615,"ratio","Illustrative surplus-production biomass_depletion","fixed-catch-7","fixed-catch 7"
2045,"fishing_mortality","all",0.0152439367183763,"per year","Illustrative surplus-production fishing_mortality","fixed-catch-7","fixed-catch 7"
2045,"catch","all",45145.9157404822,"t","Illustrative surplus-production catch","fixed-catch-7","fixed-catch 7"
2046,"total_biomass","all",2986498.14102978,"t","Illustrative surplus-production total_biomass","fixed-catch-7","fixed-catch 7"
2046,"biomass_depletion","all",0.946575739180895,"ratio","Illustrative surplus-production biomass_depletion","fixed-catch-7","fixed-catch 7"
2046,"fishing_mortality","all",0.0152320945472929,"per year","Illustrative surplus-production fishing_mortality","fixed-catch-7","fixed-catch 7"
2046,"catch","all",45145.9157404822,"t","Illustrative surplus-production catch","fixed-catch-7","fixed-catch 7"
2047,"total_biomass","all",2982478.0677757,"t","Illustrative surplus-production total_biomass","fixed-catch-7","fixed-catch 7"
2047,"biomass_depletion","all",0.945301570026136,"ratio","Illustrative surplus-production biomass_depletion","fixed-catch-7","fixed-catch 7"
2047,"fishing_mortality","all",0.0152527832201942,"per year","Illustrative surplus-production fishing_mortality","fixed-catch-7","fixed-catch 7"
2047,"catch","all",45145.9157404822,"t","Illustrative surplus-production catch","fixed-catch-7","fixed-catch 7"
2048,"total_biomass","all",2984999.3167304,"t","Illustrative surplus-production total_biomass","fixed-catch-7","fixed-catch 7"
2048,"biomass_depletion","all",0.946100684232897,"ratio","Illustrative surplus-production biomass_depletion","fixed-catch-7","fixed-catch 7"
2048,"fishing_mortality","all",0.015239801445013,"per year","Illustrative surplus-production fishing_mortality","fixed-catch-7","fixed-catch 7"
2048,"catch","all",45145.9157404822,"t","Illustrative surplus-production catch","fixed-catch-7","fixed-catch 7"
2049,"total_biomass","all",2995272.02972537,"t","Illustrative surplus-production total_biomass","fixed-catch-7","fixed-catch 7"
2049,"biomass_depletion","all",0.949356638342834,"ratio","Illustrative surplus-production biomass_depletion","fixed-catch-7","fixed-catch 7"
2049,"fishing_mortality","all",0.0151871354565486,"per year","Illustrative surplus-production fishing_mortality","fixed-catch-7","fixed-catch 7"
2049,"catch","all",45145.9157404822,"t","Illustrative surplus-production catch","fixed-catch-7","fixed-catch 7"
2050,"total_biomass","all",2993909.55900494,"t","Illustrative surplus-production total_biomass","fixed-catch-7","fixed-catch 7"
2050,"biomass_depletion","all",0.948924800896968,"ratio","Illustrative surplus-production biomass_depletion","fixed-catch-7","fixed-catch 7"
2050,"fishing_mortality","all",0.0151940996030435,"per year","Illustrative surplus-production fishing_mortality","fixed-catch-7","fixed-catch 7"
2050,"catch","all",45145.9157404822,"t","Illustrative surplus-production catch","fixed-catch-7","fixed-catch 7"
2051,"total_biomass","all",2992387.19406881,"t","Illustrative surplus-production total_biomass","fixed-catch-7","fixed-catch 7"
2051,"biomass_depletion","all",0.948442284703529,"ratio","Illustrative surplus-production biomass_depletion","fixed-catch-7","fixed-catch 7"
2051,"fishing_mortality","all",0.0152018885936442,"per year","Illustrative surplus-production fishing_mortality","fixed-catch-7","fixed-catch 7"
2051,"catch","all",45145.9157404822,"t","Illustrative surplus-production catch","fixed-catch-7","fixed-catch 7"
2052,"total_biomass","all",2992934.65981005,"t","Illustrative surplus-production total_biomass","fixed-catch-7","fixed-catch 7"
2052,"biomass_depletion","all",0.9486158049149,"ratio","Illustrative surplus-production biomass_depletion","fixed-catch-7","fixed-catch 7"
2052,"fishing_mortality","all",0.0151990866339809,"per year","Illustrative surplus-production fishing_mortality","fixed-catch-7","fixed-catch 7"
2052,"catch","all",45145.9157404822,"t","Illustrative surplus-production catch","fixed-catch-7","fixed-catch 7"
2023,"total_biomass","all",902918.314809643,"t","Illustrative surplus-production total_biomass","fixed-catch-8","fixed-catch 8"
2023,"biomass_depletion","all",0.286181517918576,"ratio","Illustrative surplus-production biomass_depletion","fixed-catch-8","fixed-catch 8"
2023,"fishing_mortality","all",0.0512932943875505,"per year","Illustrative surplus-production fishing_mortality","fixed-catch-8","fixed-catch 8"
2023,"catch","all",45145.9157404822,"t","Illustrative surplus-production catch","fixed-catch-8","fixed-catch 8"
2024,"total_biomass","all",1037532.70755583,"t","Illustrative surplus-production total_biomass","fixed-catch-8","fixed-catch 8"
2024,"biomass_depletion","all",0.328847781984681,"ratio","Illustrative surplus-production biomass_depletion","fixed-catch-8","fixed-catch 8"
2024,"fishing_mortality","all",0.0444878345694834,"per year","Illustrative surplus-production fishing_mortality","fixed-catch-8","fixed-catch 8"
2024,"catch","all",45145.9157404822,"t","Illustrative surplus-production catch","fixed-catch-8","fixed-catch 8"
2025,"total_biomass","all",1214041.79182116,"t","Illustrative surplus-production total_biomass","fixed-catch-8","fixed-catch 8"
2025,"biomass_depletion","all",0.384792640819578,"ratio","Illustrative surplus-production biomass_depletion","fixed-catch-8","fixed-catch 8"
2025,"fishing_mortality","all",0.0378955093476158,"per year","Illustrative surplus-production fishing_mortality","fixed-catch-8","fixed-catch 8"
2025,"catch","all",45145.9157404822,"t","Illustrative surplus-production catch","fixed-catch-8","fixed-catch 8"
2026,"total_biomass","all",1381542.44005537,"t","Illustrative surplus-production total_biomass","fixed-catch-8","fixed-catch 8"
2026,"biomass_depletion","all",0.437882260309817,"ratio","Illustrative surplus-production biomass_depletion","fixed-catch-8","fixed-catch 8"
2026,"fishing_mortality","all",0.0332237544661414,"per year","Illustrative surplus-production fishing_mortality","fixed-catch-8","fixed-catch 8"
2026,"catch","all",45145.9157404822,"t","Illustrative surplus-production catch","fixed-catch-8","fixed-catch 8"
2027,"total_biomass","all",1562621.91475537,"t","Illustrative surplus-production total_biomass","fixed-catch-8","fixed-catch 8"
2027,"biomass_depletion","all",0.495275712279468,"ratio","Illustrative surplus-production biomass_depletion","fixed-catch-8","fixed-catch 8"
2027,"fishing_mortality","all",0.0293166973367544,"per year","Illustrative surplus-production fishing_mortality","fixed-catch-8","fixed-catch 8"
2027,"catch","all",45145.9157404822,"t","Illustrative surplus-production catch","fixed-catch-8","fixed-catch 8"
2028,"total_biomass","all",1746720.09442839,"t","Illustrative surplus-production total_biomass","fixed-catch-8","fixed-catch 8"
2028,"biomass_depletion","all",0.553625947999273,"ratio","Illustrative surplus-production biomass_depletion","fixed-catch-8","fixed-catch 8"
2028,"fishing_mortality","all",0.0261859875464913,"per year","Illustrative surplus-production fishing_mortality","fixed-catch-8","fixed-catch 8"
2028,"catch","all",45145.9157404822,"t","Illustrative surplus-production catch","fixed-catch-8","fixed-catch 8"
2029,"total_biomass","all",1949765.27556668,"t","Illustrative surplus-production total_biomass","fixed-catch-8","fixed-catch 8"
2029,"biomass_depletion","all",0.617981468527679,"ratio","Illustrative surplus-production biomass_depletion","fixed-catch-8","fixed-catch 8"
2029,"fishing_mortality","all",0.0234268163272507,"per year","Illustrative surplus-production fishing_mortality","fixed-catch-8","fixed-catch 8"
2029,"catch","all",45145.9157404822,"t","Illustrative surplus-production catch","fixed-catch-8","fixed-catch 8"
2030,"total_biomass","all",2138473.81195368,"t","Illustrative surplus-production total_biomass","fixed-catch-8","fixed-catch 8"
2030,"biomass_depletion","all",0.677792964763429,"ratio","Illustrative surplus-production biomass_depletion","fixed-catch-8","fixed-catch 8"
2030,"fishing_mortality","all",0.021337308163143,"per year","Illustrative surplus-production fishing_mortality","fixed-catch-8","fixed-catch 8"
2030,"catch","all",45145.9157404822,"t","Illustrative surplus-production catch","fixed-catch-8","fixed-catch 8"
2031,"total_biomass","all",2317902.55892004,"t","Illustrative surplus-production total_biomass","fixed-catch-8","fixed-catch 8"
2031,"biomass_depletion","all",0.734663215729472,"ratio","Illustrative surplus-production biomass_depletion","fixed-catch-8","fixed-catch 8"
2031,"fishing_mortality","all",0.0196692323446205,"per year","Illustrative surplus-production fishing_mortality","fixed-catch-8","fixed-catch 8"
2031,"catch","all",45145.9157404822,"t","Illustrative surplus-production catch","fixed-catch-8","fixed-catch 8"
2032,"total_biomass","all",2473040.25443351,"t","Illustrative surplus-production total_biomass","fixed-catch-8","fixed-catch 8"
2032,"biomass_depletion","all",0.783834376021855,"ratio","Illustrative surplus-production biomass_depletion","fixed-catch-8","fixed-catch 8"
2032,"fishing_mortality","all",0.0184239115641298,"per year","Illustrative surplus-production fishing_mortality","fixed-catch-8","fixed-catch 8"
2032,"catch","all",45145.9157404822,"t","Illustrative surplus-production catch","fixed-catch-8","fixed-catch 8"
2033,"total_biomass","all",2617937.66250204,"t","Illustrative surplus-production total_biomass","fixed-catch-8","fixed-catch 8"
2033,"biomass_depletion","all",0.829759859538338,"ratio","Illustrative surplus-production biomass_depletion","fixed-catch-8","fixed-catch 8"
2033,"fishing_mortality","all",0.0173952639741353,"per year","Illustrative surplus-production fishing_mortality","fixed-catch-8","fixed-catch 8"
2033,"catch","all",45145.9157404822,"t","Illustrative surplus-production catch","fixed-catch-8","fixed-catch 8"
2034,"total_biomass","all",2706821.33744404,"t","Illustrative surplus-production total_biomass","fixed-catch-8","fixed-catch 8"
2034,"biomass_depletion","all",0.857931693685311,"ratio","Illustrative surplus-production biomass_depletion","fixed-catch-8","fixed-catch 8"
2034,"fishing_mortality","all",0.0168192259489363,"per year","Illustrative surplus-production fishing_mortality","fixed-catch-8","fixed-catch 8"
2034,"catch","all",45145.9157404822,"t","Illustrative surplus-production catch","fixed-catch-8","fixed-catch 8"
2035,"total_biomass","all",2755562.44303546,"t","Illustrative surplus-production total_biomass","fixed-catch-8","fixed-catch 8"
2035,"biomass_depletion","all",0.873380271208211,"ratio","Illustrative surplus-production biomass_depletion","fixed-catch-8","fixed-catch 8"
2035,"fishing_mortality","all",0.0165192521304625,"per year","Illustrative surplus-production fishing_mortality","fixed-catch-8","fixed-catch 8"
2035,"catch","all",45145.9157404822,"t","Illustrative surplus-production catch","fixed-catch-8","fixed-catch 8"
2036,"total_biomass","all",2810332.58121298,"t","Illustrative surplus-production total_biomass","fixed-catch-8","fixed-catch 8"
2036,"biomass_depletion","all",0.890739761012731,"ratio","Illustrative surplus-production biomass_depletion","fixed-catch-8","fixed-catch 8"
2036,"fishing_mortality","all",0.0161946898334228,"per year","Illustrative surplus-production fishing_mortality","fixed-catch-8","fixed-catch 8"
2036,"catch","all",45145.9157404822,"t","Illustrative surplus-production catch","fixed-catch-8","fixed-catch 8"
2037,"total_biomass","all",2851483.02495259,"t","Illustrative surplus-production total_biomass","fixed-catch-8","fixed-catch 8"
2037,"biomass_depletion","all",0.903782465163557,"ratio","Illustrative surplus-production biomass_depletion","fixed-catch-8","fixed-catch 8"
2037,"fishing_mortality","all",0.0159591054016342,"per year","Illustrative surplus-production fishing_mortality","fixed-catch-8","fixed-catch 8"
2037,"catch","all",45145.9157404822,"t","Illustrative surplus-production catch","fixed-catch-8","fixed-catch 8"
2038,"total_biomass","all",2886463.20544304,"t","Illustrative surplus-production total_biomass","fixed-catch-8","fixed-catch 8"
2038,"biomass_depletion","all",0.914869493730403,"ratio","Illustrative surplus-production biomass_depletion","fixed-catch-8","fixed-catch 8"
2038,"fishing_mortality","all",0.0157641692818112,"per year","Illustrative surplus-production fishing_mortality","fixed-catch-8","fixed-catch 8"
2038,"catch","all",45145.9157404822,"t","Illustrative surplus-production catch","fixed-catch-8","fixed-catch 8"
2039,"total_biomass","all",2921889.54984635,"t","Illustrative surplus-production total_biomass","fixed-catch-8","fixed-catch 8"
2039,"biomass_depletion","all",0.92609793471931,"ratio","Illustrative surplus-production biomass_depletion","fixed-catch-8","fixed-catch 8"
2039,"fishing_mortality","all",0.0155715412671696,"per year","Illustrative surplus-production fishing_mortality","fixed-catch-8","fixed-catch 8"
2039,"catch","all",45145.9157404822,"t","Illustrative surplus-production catch","fixed-catch-8","fixed-catch 8"
2040,"total_biomass","all",2938443.8514752,"t","Illustrative surplus-production total_biomass","fixed-catch-8","fixed-catch 8"
2040,"biomass_depletion","all",0.931344849186014,"ratio","Illustrative surplus-production biomass_depletion","fixed-catch-8","fixed-catch 8"
2040,"fishing_mortality","all",0.0154831332651604,"per year","Illustrative surplus-production fishing_mortality","fixed-catch-8","fixed-catch 8"
2040,"catch","all",45145.9157404822,"t","Illustrative surplus-production catch","fixed-catch-8","fixed-catch 8"
2041,"total_biomass","all",2949860.11703296,"t","Illustrative surplus-production total_biomass","fixed-catch-8","fixed-catch 8"
2041,"biomass_depletion","all",0.934963254253999,"ratio","Illustrative surplus-production biomass_depletion","fixed-catch-8","fixed-catch 8"
2041,"fishing_mortality","all",0.0154227474633637,"per year","Illustrative surplus-production fishing_mortality","fixed-catch-8","fixed-catch 8"
2041,"catch","all",45145.9157404822,"t","Illustrative surplus-production catch","fixed-catch-8","fixed-catch 8"
2042,"total_biomass","all",2964391.09379584,"t","Illustrative surplus-production total_biomass","fixed-catch-8","fixed-catch 8"
2042,"biomass_depletion","all",0.939568872413063,"ratio","Illustrative surplus-production biomass_depletion","fixed-catch-8","fixed-catch 8"
2042,"fishing_mortality","all",0.0153465645066163,"per year","Illustrative surplus-production fishing_mortality","fixed-catch-8","fixed-catch 8"
2042,"catch","all",45145.9157404822,"t","Illustrative surplus-production catch","fixed-catch-8","fixed-catch 8"
2043,"total_biomass","all",2975904.91427826,"t","Illustrative surplus-production total_biomass","fixed-catch-8","fixed-catch 8"
2043,"biomass_depletion","all",0.943218197682752,"ratio","Illustrative surplus-production biomass_depletion","fixed-catch-8","fixed-catch 8"
2043,"fishing_mortality","all",0.0152867322605927,"per year","Illustrative surplus-production fishing_mortality","fixed-catch-8","fixed-catch 8"
2043,"catch","all",45145.9157404822,"t","Illustrative surplus-production catch","fixed-catch-8","fixed-catch 8"
2044,"total_biomass","all",2980316.8761196,"t","Illustrative surplus-production total_biomass","fixed-catch-8","fixed-catch 8"
2044,"biomass_depletion","all",0.94461657660147,"ratio","Illustrative surplus-production biomass_depletion","fixed-catch-8","fixed-catch 8"
2044,"fishing_mortality","all",0.0152639286973982,"per year","Illustrative surplus-production fishing_mortality","fixed-catch-8","fixed-catch 8"
2044,"catch","all",45145.9157404822,"t","Illustrative surplus-production catch","fixed-catch-8","fixed-catch 8"
2045,"total_biomass","all",2986186.7737779,"t","Illustrative surplus-production total_biomass","fixed-catch-8","fixed-catch 8"
2045,"biomass_depletion","all",0.946477050793128,"ratio","Illustrative surplus-production biomass_depletion","fixed-catch-8","fixed-catch 8"
2045,"fishing_mortality","all",0.0152336949443574,"per year","Illustrative surplus-production fishing_mortality","fixed-catch-8","fixed-catch 8"
2045,"catch","all",45145.9157404822,"t","Illustrative surplus-production catch","fixed-catch-8","fixed-catch 8"
2046,"total_biomass","all",2990779.80097901,"t","Illustrative surplus-production total_biomass","fixed-catch-8","fixed-catch 8"
2046,"biomass_depletion","all",0.947932818690066,"ratio","Illustrative surplus-production biomass_depletion","fixed-catch-8","fixed-catch 8"
2046,"fishing_mortality","all",0.0152101212923422,"per year","Illustrative surplus-production fishing_mortality","fixed-catch-8","fixed-catch 8"
2046,"catch","all",45145.9157404822,"t","Illustrative surplus-production catch","fixed-catch-8","fixed-catch 8"
2047,"total_biomass","all",2993591.16042486,"t","Illustrative surplus-production total_biomass","fixed-catch-8","fixed-catch 8"
2047,"biomass_depletion","all",0.948823883917597,"ratio","Illustrative surplus-production biomass_depletion","fixed-catch-8","fixed-catch 8"
2047,"fishing_mortality","all",0.0151957279895371,"per year","Illustrative surplus-production fishing_mortality","fixed-catch-8","fixed-catch 8"
2047,"catch","all",45145.9157404822,"t","Illustrative surplus-production catch","fixed-catch-8","fixed-catch 8"
2048,"total_biomass","all",2992214.23707066,"t","Illustrative surplus-production total_biomass","fixed-catch-8","fixed-catch 8"
2048,"biomass_depletion","all",0.948387465684519,"ratio","Illustrative surplus-production biomass_depletion","fixed-catch-8","fixed-catch 8"
2048,"fishing_mortality","all",0.0152027740117974,"per year","Illustrative surplus-production fishing_mortality","fixed-catch-8","fixed-catch 8"
2048,"catch","all",45145.9157404822,"t","Illustrative surplus-production catch","fixed-catch-8","fixed-catch 8"
2049,"total_biomass","all",2996062.95298377,"t","Illustrative surplus-production total_biomass","fixed-catch-8","fixed-catch 8"
2049,"biomass_depletion","all",0.949607322834368,"ratio","Illustrative surplus-production biomass_depletion","fixed-catch-8","fixed-catch 8"
2049,"fishing_mortality","all",0.015183095651385,"per year","Illustrative surplus-production fishing_mortality","fixed-catch-8","fixed-catch 8"
2049,"catch","all",45145.9157404822,"t","Illustrative surplus-production catch","fixed-catch-8","fixed-catch 8"
2050,"total_biomass","all",2988573.6598335,"t","Illustrative surplus-production total_biomass","fixed-catch-8","fixed-catch 8"
2050,"biomass_depletion","all",0.947233578447165,"ratio","Illustrative surplus-production biomass_depletion","fixed-catch-8","fixed-catch 8"
2050,"fishing_mortality","all",0.0152214351702138,"per year","Illustrative surplus-production fishing_mortality","fixed-catch-8","fixed-catch 8"
2050,"catch","all",45145.9157404822,"t","Illustrative surplus-production catch","fixed-catch-8","fixed-catch 8"
2051,"total_biomass","all",2992959.88393358,"t","Illustrative surplus-production total_biomass","fixed-catch-8","fixed-catch 8"
2051,"biomass_depletion","all",0.948623799744378,"ratio","Illustrative surplus-production biomass_depletion","fixed-catch-8","fixed-catch 8"
2051,"fishing_mortality","all",0.0151989575604261,"per year","Illustrative surplus-production fishing_mortality","fixed-catch-8","fixed-catch 8"
2051,"catch","all",45145.9157404822,"t","Illustrative surplus-production catch","fixed-catch-8","fixed-catch 8"
2052,"total_biomass","all",2995305.71387498,"t","Illustrative surplus-production total_biomass","fixed-catch-8","fixed-catch 8"
2052,"biomass_depletion","all",0.949367314592175,"ratio","Illustrative surplus-production biomass_depletion","fixed-catch-8","fixed-catch 8"
2052,"fishing_mortality","all",0.0151869633639153,"per year","Illustrative surplus-production fishing_mortality","fixed-catch-8","fixed-catch 8"
2052,"catch","all",45145.9157404822,"t","Illustrative surplus-production catch","fixed-catch-8","fixed-catch 8"
2023,"total_biomass","all",902918.314809643,"t","Illustrative surplus-production total_biomass","fixed-catch-9","fixed-catch 9"
2023,"biomass_depletion","all",0.286181517918576,"ratio","Illustrative surplus-production biomass_depletion","fixed-catch-9","fixed-catch 9"
2023,"fishing_mortality","all",0.0512932943875505,"per year","Illustrative surplus-production fishing_mortality","fixed-catch-9","fixed-catch 9"
2023,"catch","all",45145.9157404822,"t","Illustrative surplus-production catch","fixed-catch-9","fixed-catch 9"
2024,"total_biomass","all",1054612.61410682,"t","Illustrative surplus-production total_biomass","fixed-catch-9","fixed-catch 9"
2024,"biomass_depletion","all",0.334261287838419,"ratio","Illustrative surplus-production biomass_depletion","fixed-catch-9","fixed-catch 9"
2024,"fishing_mortality","all",0.0437513390957451,"per year","Illustrative surplus-production fishing_mortality","fixed-catch-9","fixed-catch 9"
2024,"catch","all",45145.9157404822,"t","Illustrative surplus-production catch","fixed-catch-9","fixed-catch 9"
2025,"total_biomass","all",1221285.59944083,"t","Illustrative surplus-production total_biomass","fixed-catch-9","fixed-catch 9"
2025,"biomass_depletion","all",0.387088578144259,"ratio","Illustrative surplus-production biomass_depletion","fixed-catch-9","fixed-catch 9"
2025,"fishing_mortality","all",0.0376664528731615,"per year","Illustrative surplus-production fishing_mortality","fixed-catch-9","fixed-catch 9"
2025,"catch","all",45145.9157404822,"t","Illustrative surplus-production catch","fixed-catch-9","fixed-catch 9"
2026,"total_biomass","all",1422455.07307378,"t","Illustrative surplus-production total_biomass","fixed-catch-9","fixed-catch 9"
2026,"biomass_depletion","all",0.450849589942203,"ratio","Illustrative surplus-production biomass_depletion","fixed-catch-9","fixed-catch 9"
2026,"fishing_mortality","all",0.0322525937669136,"per year","Illustrative surplus-production fishing_mortality","fixed-catch-9","fixed-catch 9"
2026,"catch","all",45145.9157404822,"t","Illustrative surplus-production catch","fixed-catch-9","fixed-catch 9"
2027,"total_biomass","all",1625016.66242515,"t","Illustrative surplus-production total_biomass","fixed-catch-9","fixed-catch 9"
2027,"biomass_depletion","all",0.515051835219279,"ratio","Illustrative surplus-production biomass_depletion","fixed-catch-9","fixed-catch 9"
2027,"fishing_mortality","all",0.0281750317324126,"per year","Illustrative surplus-production fishing_mortality","fixed-catch-9","fixed-catch 9"
2027,"catch","all",45145.9157404822,"t","Illustrative surplus-production catch","fixed-catch-9","fixed-catch 9"
2028,"total_biomass","all",1815445.04096712,"t","Illustrative surplus-production total_biomass","fixed-catch-9","fixed-catch 9"
2028,"biomass_depletion","all",0.575408438393737,"ratio","Illustrative surplus-production biomass_depletion","fixed-catch-9","fixed-catch 9"
2028,"fishing_mortality","all",0.0251821096840959,"per year","Illustrative surplus-production fishing_mortality","fixed-catch-9","fixed-catch 9"
2028,"catch","all",45145.9157404822,"t","Illustrative surplus-production catch","fixed-catch-9","fixed-catch 9"
2029,"total_biomass","all",2000416.21614366,"t","Illustrative surplus-production total_biomass","fixed-catch-9","fixed-catch 9"
2029,"biomass_depletion","all",0.634035371544787,"ratio","Illustrative surplus-production biomass_depletion","fixed-catch-9","fixed-catch 9"
2029,"fishing_mortality","all",0.0228268220243526,"per year","Illustrative surplus-production fishing_mortality","fixed-catch-9","fixed-catch 9"
2029,"catch","all",45145.9157404822,"t","Illustrative surplus-production catch","fixed-catch-9","fixed-catch 9"
2030,"total_biomass","all",2176632.28180104,"t","Illustrative surplus-production total_biomass","fixed-catch-9","fixed-catch 9"
2030,"biomass_depletion","all",0.689887357626276,"ratio","Illustrative surplus-production biomass_depletion","fixed-catch-9","fixed-catch 9"
2030,"fishing_mortality","all",0.020959296670191,"per year","Illustrative surplus-production fishing_mortality","fixed-catch-9","fixed-catch 9"
2030,"catch","all",45145.9157404822,"t","Illustrative surplus-production catch","fixed-catch-9","fixed-catch 9"
2031,"total_biomass","all",2316778.09227197,"t","Illustrative surplus-production total_biomass","fixed-catch-9","fixed-catch 9"
2031,"biomass_depletion","all",0.734306814085032,"ratio","Illustrative surplus-production biomass_depletion","fixed-catch-9","fixed-catch 9"
2031,"fishing_mortality","all",0.0196788735151655,"per year","Illustrative surplus-production fishing_mortality","fixed-catch-9","fixed-catch 9"
2031,"catch","all",45145.9157404822,"t","Illustrative surplus-production catch","fixed-catch-9","fixed-catch 9"
2032,"total_biomass","all",2474840.53210754,"t","Illustrative surplus-production total_biomass","fixed-catch-9","fixed-catch 9"
2032,"biomass_depletion","all",0.784404977137128,"ratio","Illustrative surplus-production biomass_depletion","fixed-catch-9","fixed-catch 9"
2032,"fishing_mortality","all",0.0184103852950522,"per year","Illustrative surplus-production fishing_mortality","fixed-catch-9","fixed-catch 9"
2032,"catch","all",45145.9157404822,"t","Illustrative surplus-production catch","fixed-catch-9","fixed-catch 9"
2033,"total_biomass","all",2582508.40375911,"t","Illustrative surplus-production total_biomass","fixed-catch-9","fixed-catch 9"
2033,"biomass_depletion","all",0.818530494844457,"ratio","Illustrative surplus-production biomass_depletion","fixed-catch-9","fixed-catch 9"
2033,"fishing_mortality","all",0.0176360251384902,"per year","Illustrative surplus-production fishing_mortality","fixed-catch-9","fixed-catch 9"
2033,"catch","all",45145.9157404822,"t","Illustrative surplus-production catch","fixed-catch-9","fixed-catch 9"
2034,"total_biomass","all",2674225.11261049,"t","Illustrative surplus-production total_biomass","fixed-catch-9","fixed-catch 9"
2034,"biomass_depletion","all",0.847600263977579,"ratio","Illustrative surplus-production biomass_depletion","fixed-catch-9","fixed-catch 9"
2034,"fishing_mortality","all",0.017025991228077,"per year","Illustrative surplus-production fishing_mortality","fixed-catch-9","fixed-catch 9"
2034,"catch","all",45145.9157404822,"t","Illustrative surplus-production catch","fixed-catch-9","fixed-catch 9"
2035,"total_biomass","all",2757852.21071892,"t","Illustrative surplus-production total_biomass","fixed-catch-9","fixed-catch 9"
2035,"biomass_depletion","all",0.874106017026613,"ratio","Illustrative surplus-production biomass_depletion","fixed-catch-9","fixed-catch 9"
2035,"fishing_mortality","all",0.0165054228412461,"per year","Illustrative surplus-production fishing_mortality","fixed-catch-9","fixed-catch 9"
2035,"catch","all",45145.9157404822,"t","Illustrative surplus-production catch","fixed-catch-9","fixed-catch 9"
2036,"total_biomass","all",2813270.75864996,"t","Illustrative surplus-production total_biomass","fixed-catch-9","fixed-catch 9"
2036,"biomass_depletion","all",0.891671021421382,"ratio","Illustrative surplus-production biomass_depletion","fixed-catch-9","fixed-catch 9"
2036,"fishing_mortality","all",0.0161776385608313,"per year","Illustrative surplus-production fishing_mortality","fixed-catch-9","fixed-catch 9"
2036,"catch","all",45145.9157404822,"t","Illustrative surplus-production catch","fixed-catch-9","fixed-catch 9"
2037,"total_biomass","all",2858508.98928535,"t","Illustrative surplus-production total_biomass","fixed-catch-9","fixed-catch 9"
2037,"biomass_depletion","all",0.906009356682546,"ratio","Illustrative surplus-production biomass_depletion","fixed-catch-9","fixed-catch 9"
2037,"fishing_mortality","all",0.0159195654239385,"per year","Illustrative surplus-production fishing_mortality","fixed-catch-9","fixed-catch 9"
2037,"catch","all",45145.9157404822,"t","Illustrative surplus-production catch","fixed-catch-9","fixed-catch 9"
2038,"total_biomass","all",2904165.4369114,"t","Illustrative surplus-production total_biomass","fixed-catch-9","fixed-catch 9"
2038,"biomass_depletion","all",0.920480246540561,"ratio","Illustrative surplus-production biomass_depletion","fixed-catch-9","fixed-catch 9"
2038,"fishing_mortality","all",0.0156673226847969,"per year","Illustrative surplus-production fishing_mortality","fixed-catch-9","fixed-catch 9"
2038,"catch","all",45145.9157404822,"t","Illustrative surplus-production catch","fixed-catch-9","fixed-catch 9"
2039,"total_biomass","all",2924661.00063009,"t","Illustrative surplus-production total_biomass","fixed-catch-9","fixed-catch 9"
2039,"biomass_depletion","all",0.926976350827522,"ratio","Illustrative surplus-production biomass_depletion","fixed-catch-9","fixed-catch 9"
2039,"fishing_mortality","all",0.0155566700774766,"per year","Illustrative surplus-production fishing_mortality","fixed-catch-9","fixed-catch 9"
2039,"catch","all",45145.9157404822,"t","Illustrative surplus-production catch","fixed-catch-9","fixed-catch 9"
2040,"total_biomass","all",2942232.59992238,"t","Illustrative surplus-production total_biomass","fixed-catch-9","fixed-catch 9"
2040,"biomass_depletion","all",0.932545699544061,"ratio","Illustrative surplus-production biomass_depletion","fixed-catch-9","fixed-catch 9"
2040,"fishing_mortality","all",0.0154630404997088,"per year","Illustrative surplus-production fishing_mortality","fixed-catch-9","fixed-catch 9"
2040,"catch","all",45145.9157404822,"t","Illustrative surplus-production catch","fixed-catch-9","fixed-catch 9"
2041,"total_biomass","all",2964009.03085127,"t","Illustrative surplus-production total_biomass","fixed-catch-9","fixed-catch 9"
2041,"biomass_depletion","all",0.93944777690351,"ratio","Illustrative surplus-production biomass_depletion","fixed-catch-9","fixed-catch 9"
2041,"fishing_mortality","all",0.015348557949166,"per year","Illustrative surplus-production fishing_mortality","fixed-catch-9","fixed-catch 9"
2041,"catch","all",45145.9157404822,"t","Illustrative surplus-production catch","fixed-catch-9","fixed-catch 9"
2042,"total_biomass","all",2971083.81969214,"t","Illustrative surplus-production total_biomass","fixed-catch-9","fixed-catch 9"
2042,"biomass_depletion","all",0.941690143434597,"ratio","Illustrative surplus-production biomass_depletion","fixed-catch-9","fixed-catch 9"
2042,"fishing_mortality","all",0.0153117284919264,"per year","Illustrative surplus-production fishing_mortality","fixed-catch-9","fixed-catch 9"
2042,"catch","all",45145.9157404822,"t","Illustrative surplus-production catch","fixed-catch-9","fixed-catch 9"
2043,"total_biomass","all",2975500.02955142,"t","Illustrative surplus-production total_biomass","fixed-catch-9","fixed-catch 9"
2043,"biomass_depletion","all",0.943089868769929,"ratio","Illustrative surplus-production biomass_depletion","fixed-catch-9","fixed-catch 9"
2043,"fishing_mortality","all",0.0152888283521578,"per year","Illustrative surplus-production fishing_mortality","fixed-catch-9","fixed-catch 9"
2043,"catch","all",45145.9157404822,"t","Illustrative surplus-production catch","fixed-catch-9","fixed-catch 9"
2044,"total_biomass","all",2982047.13707644,"t","Illustrative surplus-production total_biomass","fixed-catch-9","fixed-catch 9"
2044,"biomass_depletion","all",0.94516498579741,"ratio","Illustrative surplus-production biomass_depletion","fixed-catch-9","fixed-catch 9"
2044,"fishing_mortality","all",0.0152550042726719,"per year","Illustrative surplus-production fishing_mortality","fixed-catch-9","fixed-catch 9"
2044,"catch","all",45145.9157404822,"t","Illustrative surplus-production catch","fixed-catch-9","fixed-catch 9"
2045,"total_biomass","all",2988258.9736467,"t","Illustrative surplus-production total_biomass","fixed-catch-9","fixed-catch 9"
2045,"biomass_depletion","all",0.947133838117251,"ratio","Illustrative surplus-production biomass_depletion","fixed-catch-9","fixed-catch 9"
2045,"fishing_mortality","all",0.0152230503649323,"per year","Illustrative surplus-production fishing_mortality","fixed-catch-9","fixed-catch 9"
2045,"catch","all",45145.9157404822,"t","Illustrative surplus-production catch","fixed-catch-9","fixed-catch 9"
2046,"total_biomass","all",2987952.9689042,"t","Illustrative surplus-production total_biomass","fixed-catch-9","fixed-catch 9"
2046,"biomass_depletion","all",0.947036849386085,"ratio","Illustrative surplus-production biomass_depletion","fixed-catch-9","fixed-catch 9"
2046,"fishing_mortality","all",0.0152246213290383,"per year","Illustrative surplus-production fishing_mortality","fixed-catch-9","fixed-catch 9"
2046,"catch","all",45145.9157404822,"t","Illustrative surplus-production catch","fixed-catch-9","fixed-catch 9"
2047,"total_biomass","all",2989610.16255987,"t","Illustrative surplus-production total_biomass","fixed-catch-9","fixed-catch 9"
2047,"biomass_depletion","all",0.947562099774836,"ratio","Illustrative surplus-production biomass_depletion","fixed-catch-9","fixed-catch 9"
2047,"fishing_mortality","all",0.0152161175193421,"per year","Illustrative surplus-production fishing_mortality","fixed-catch-9","fixed-catch 9"
2047,"catch","all",45145.9157404822,"t","Illustrative surplus-production catch","fixed-catch-9","fixed-catch 9"
2048,"total_biomass","all",2990883.24275575,"t","Illustrative surplus-production total_biomass","fixed-catch-9","fixed-catch 9"
2048,"biomass_depletion","all",0.947965604739696,"ratio","Illustrative surplus-production biomass_depletion","fixed-catch-9","fixed-catch 9"
2048,"fishing_mortality","all",0.0152095912188382,"per year","Illustrative surplus-production fishing_mortality","fixed-catch-9","fixed-catch 9"
2048,"catch","all",45145.9157404822,"t","Illustrative surplus-production catch","fixed-catch-9","fixed-catch 9"
2049,"total_biomass","all",2988820.15384555,"t","Illustrative surplus-production total_biomass","fixed-catch-9","fixed-catch 9"
2049,"biomass_depletion","all",0.947311705149627,"ratio","Illustrative surplus-production biomass_depletion","fixed-catch-9","fixed-catch 9"
2049,"fishing_mortality","all",0.0152201702259105,"per year","Illustrative surplus-production fishing_mortality","fixed-catch-9","fixed-catch 9"
2049,"catch","all",45145.9157404822,"t","Illustrative surplus-production catch","fixed-catch-9","fixed-catch 9"
2050,"total_biomass","all",2990837.85110763,"t","Illustrative surplus-production total_biomass","fixed-catch-9","fixed-catch 9"
2050,"biomass_depletion","all",0.9479512177785,"ratio","Illustrative surplus-production biomass_depletion","fixed-catch-9","fixed-catch 9"
2050,"fishing_mortality","all",0.0152098238176986,"per year","Illustrative surplus-production fishing_mortality","fixed-catch-9","fixed-catch 9"
2050,"catch","all",45145.9157404822,"t","Illustrative surplus-production catch","fixed-catch-9","fixed-catch 9"
2051,"total_biomass","all",2998989.86828054,"t","Illustrative surplus-production total_biomass","fixed-catch-9","fixed-catch 9"
2051,"biomass_depletion","all",0.950535013688249,"ratio","Illustrative surplus-production biomass_depletion","fixed-catch-9","fixed-catch 9"
2051,"fishing_mortality","all",0.0151681644971912,"per year","Illustrative surplus-production fishing_mortality","fixed-catch-9","fixed-catch 9"
2051,"catch","all",45145.9157404822,"t","Illustrative surplus-production catch","fixed-catch-9","fixed-catch 9"
2052,"total_biomass","all",3001462.98461519,"t","Illustrative surplus-production total_biomass","fixed-catch-9","fixed-catch 9"
2052,"biomass_depletion","all",0.951318872178027,"ratio","Illustrative surplus-production biomass_depletion","fixed-catch-9","fixed-catch 9"
2052,"fishing_mortality","all",0.0151555711917265,"per year","Illustrative surplus-production fishing_mortality","fixed-catch-9","fixed-catch 9"
2052,"catch","all",45145.9157404822,"t","Illustrative surplus-production catch","fixed-catch-9","fixed-catch 9"
2023,"total_biomass","all",902918.314809643,"t","Illustrative surplus-production total_biomass","fixed-catch-10","fixed-catch 10"
2023,"biomass_depletion","all",0.286181517918576,"ratio","Illustrative surplus-production biomass_depletion","fixed-catch-10","fixed-catch 10"
2023,"fishing_mortality","all",0.0512932943875505,"per year","Illustrative surplus-production fishing_mortality","fixed-catch-10","fixed-catch 10"
2023,"catch","all",45145.9157404822,"t","Illustrative surplus-production catch","fixed-catch-10","fixed-catch 10"
2024,"total_biomass","all",1056013.40340232,"t","Illustrative surplus-production total_biomass","fixed-catch-10","fixed-catch 10"
2024,"biomass_depletion","all",0.334705270422775,"ratio","Illustrative surplus-production biomass_depletion","fixed-catch-10","fixed-catch 10"
2024,"fishing_mortality","all",0.0436920169334951,"per year","Illustrative surplus-production fishing_mortality","fixed-catch-10","fixed-catch 10"
2024,"catch","all",45145.9157404822,"t","Illustrative surplus-production catch","fixed-catch-10","fixed-catch 10"
2025,"total_biomass","all",1216845.97787052,"t","Illustrative surplus-production total_biomass","fixed-catch-10","fixed-catch 10"
2025,"biomass_depletion","all",0.385681432426714,"ratio","Illustrative surplus-production biomass_depletion","fixed-catch-10","fixed-catch 10"
2025,"fishing_mortality","all",0.0378065084212002,"per year","Illustrative surplus-production fishing_mortality","fixed-catch-10","fixed-catch 10"
2025,"catch","all",45145.9157404822,"t","Illustrative surplus-production catch","fixed-catch-10","fixed-catch 10"
2026,"total_biomass","all",1392336.38089756,"t","Illustrative surplus-production total_biomass","fixed-catch-10","fixed-catch 10"
2026,"biomass_depletion","all",0.441303418485342,"ratio","Illustrative surplus-production biomass_depletion","fixed-catch-10","fixed-catch 10"
2026,"fishing_mortality","all",0.0329618987075503,"per year","Illustrative surplus-production fishing_mortality","fixed-catch-10","fixed-catch 10"
2026,"catch","all",45145.9157404822,"t","Illustrative surplus-production catch","fixed-catch-10","fixed-catch 10"
2027,"total_biomass","all",1596627.31191818,"t","Illustrative surplus-production total_biomass","fixed-catch-10","fixed-catch 10"
2027,"biomass_depletion","all",0.506053781588571,"ratio","Illustrative surplus-production biomass_depletion","fixed-catch-10","fixed-catch 10"
2027,"fishing_mortality","all",0.0286832604105344,"per year","Illustrative surplus-production fishing_mortality","fixed-catch-10","fixed-catch 10"
2027,"catch","all",45145.9157404822,"t","Illustrative surplus-production catch","fixed-catch-10","fixed-catch 10"
2028,"total_biomass","all",1799033.81896363,"t","Illustrative surplus-production total_biomass","fixed-catch-10","fixed-catch 10"
2028,"biomass_depletion","all",0.570206873261184,"ratio","Illustrative surplus-production biomass_depletion","fixed-catch-10","fixed-catch 10"
2028,"fishing_mortality","all",0.0254147708637081,"per year","Illustrative surplus-production fishing_mortality","fixed-catch-10","fixed-catch 10"
2028,"catch","all",45145.9157404822,"t","Illustrative surplus-production catch","fixed-catch-10","fixed-catch 10"
2029,"total_biomass","all",2002914.62486708,"t","Illustrative surplus-production total_biomass","fixed-catch-10","fixed-catch 10"
2029,"biomass_depletion","all",0.634827246500829,"ratio","Illustrative surplus-production biomass_depletion","fixed-catch-10","fixed-catch 10"
2029,"fishing_mortality","all",0.0227980210978468,"per year","Illustrative surplus-production fishing_mortality","fixed-catch-10","fixed-catch 10"
2029,"catch","all",45145.9157404822,"t","Illustrative surplus-production catch","fixed-catch-10","fixed-catch 10"
2030,"total_biomass","all",2184654.03594069,"t","Illustrative surplus-production total_biomass","fixed-catch-10","fixed-catch 10"
2030,"biomass_depletion","all",0.692429866442854,"ratio","Illustrative surplus-production biomass_depletion","fixed-catch-10","fixed-catch 10"
2030,"fishing_mortality","all",0.0208815278167955,"per year","Illustrative surplus-production fishing_mortality","fixed-catch-10","fixed-catch 10"
2030,"catch","all",45145.9157404822,"t","Illustrative surplus-production catch","fixed-catch-10","fixed-catch 10"
2031,"total_biomass","all",2327970.55302062,"t","Illustrative surplus-production total_biomass","fixed-catch-10","fixed-catch 10"
2031,"biomass_depletion","all",0.737854283832579,"ratio","Illustrative surplus-production biomass_depletion","fixed-catch-10","fixed-catch 10"
2031,"fishing_mortality","all",0.0195833285503017,"per year","Illustrative surplus-production fishing_mortality","fixed-catch-10","fixed-catch 10"
2031,"catch","all",45145.9157404822,"t","Illustrative surplus-production catch","fixed-catch-10","fixed-catch 10"
2032,"total_biomass","all",2458204.58353686,"t","Illustrative surplus-production total_biomass","fixed-catch-10","fixed-catch 10"
2032,"biomass_depletion","all",0.779132184531324,"ratio","Illustrative surplus-production biomass_depletion","fixed-catch-10","fixed-catch 10"
2032,"fishing_mortality","all",0.0185361398218154,"per year","Illustrative surplus-production fishing_mortality","fixed-catch-10","fixed-catch 10"
2032,"catch","all",45145.9157404822,"t","Illustrative surplus-production catch","fixed-catch-10","fixed-catch 10"
2033,"total_biomass","all",2560404.94036168,"t","Illustrative surplus-production total_biomass","fixed-catch-10","fixed-catch 10"
2033,"biomass_depletion","all",0.811524763979789,"ratio","Illustrative surplus-production biomass_depletion","fixed-catch-10","fixed-catch 10"
2033,"fishing_mortality","all",0.0177896356656446,"per year","Illustrative surplus-production fishing_mortality","fixed-catch-10","fixed-catch 10"
2033,"catch","all",45145.9157404822,"t","Illustrative surplus-production catch","fixed-catch-10","fixed-catch 10"
2034,"total_biomass","all",2666903.11336767,"t","Illustrative surplus-production total_biomass","fixed-catch-10","fixed-catch 10"
2034,"biomass_depletion","all",0.845279543683016,"ratio","Illustrative surplus-production biomass_depletion","fixed-catch-10","fixed-catch 10"
2034,"fishing_mortality","all",0.01707313751304,"per year","Illustrative surplus-production fishing_mortality","fixed-catch-10","fixed-catch 10"
2034,"catch","all",45145.9157404822,"t","Illustrative surplus-production catch","fixed-catch-10","fixed-catch 10"
2035,"total_biomass","all",2759327.92337144,"t","Illustrative surplus-production total_biomass","fixed-catch-10","fixed-catch 10"
2035,"biomass_depletion","all",0.874573746698262,"ratio","Illustrative surplus-production biomass_depletion","fixed-catch-10","fixed-catch 10"
2035,"fishing_mortality","all",0.0164965223855286,"per year","Illustrative surplus-production fishing_mortality","fixed-catch-10","fixed-catch 10"
2035,"catch","all",45145.9157404822,"t","Illustrative surplus-production catch","fixed-catch-10","fixed-catch 10"
2036,"total_biomass","all",2805089.92720987,"t","Illustrative surplus-production total_biomass","fixed-catch-10","fixed-catch 10"
2036,"biomass_depletion","all",0.889078092779932,"ratio","Illustrative surplus-production biomass_depletion","fixed-catch-10","fixed-catch 10"
2036,"fishing_mortality","all",0.0162252042483192,"per year","Illustrative surplus-production fishing_mortality","fixed-catch-10","fixed-catch 10"
2036,"catch","all",45145.9157404822,"t","Illustrative surplus-production catch","fixed-catch-10","fixed-catch 10"
2037,"total_biomass","all",2853583.66745791,"t","Illustrative surplus-production total_biomass","fixed-catch-10","fixed-catch 10"
2037,"biomass_depletion","all",0.904448267430403,"ratio","Illustrative surplus-production biomass_depletion","fixed-catch-10","fixed-catch 10"
2037,"fishing_mortality","all",0.0159472630597648,"per year","Illustrative surplus-production fishing_mortality","fixed-catch-10","fixed-catch 10"
2037,"catch","all",45145.9157404822,"t","Illustrative surplus-production catch","fixed-catch-10","fixed-catch 10"
2038,"total_biomass","all",2893389.04578919,"t","Illustrative surplus-production total_biomass","fixed-catch-10","fixed-catch 10"
2038,"biomass_depletion","all",0.917064650779066,"ratio","Illustrative surplus-production biomass_depletion","fixed-catch-10","fixed-catch 10"
2038,"fishing_mortality","all",0.0157261366729513,"per year","Illustrative surplus-production fishing_mortality","fixed-catch-10","fixed-catch 10"
2038,"catch","all",45145.9157404822,"t","Illustrative surplus-production catch","fixed-catch-10","fixed-catch 10"
2039,"total_biomass","all",2918755.5536174,"t","Illustrative surplus-production total_biomass","fixed-catch-10","fixed-catch 10"
2039,"biomass_depletion","all",0.925104609206648,"ratio","Illustrative surplus-production biomass_depletion","fixed-catch-10","fixed-catch 10"
2039,"fishing_mortality","all",0.0155883921131997,"per year","Illustrative surplus-production fishing_mortality","fixed-catch-10","fixed-catch 10"
2039,"catch","all",45145.9157404822,"t","Illustrative surplus-production catch","fixed-catch-10","fixed-catch 10"
2040,"total_biomass","all",2934800.74042587,"t","Illustrative surplus-production total_biomass","fixed-catch-10","fixed-catch 10"
2040,"biomass_depletion","all",0.930190158852525,"ratio","Illustrative surplus-production biomass_depletion","fixed-catch-10","fixed-catch 10"
2040,"fishing_mortality","all",0.0155025029834842,"per year","Illustrative surplus-production fishing_mortality","fixed-catch-10","fixed-catch 10"
2040,"catch","all",45145.9157404822,"t","Illustrative surplus-production catch","fixed-catch-10","fixed-catch 10"
2041,"total_biomass","all",2946150.01383746,"t","Illustrative surplus-production total_biomass","fixed-catch-10","fixed-catch 10"
2041,"biomass_depletion","all",0.933787330644179,"ratio","Illustrative surplus-production biomass_depletion","fixed-catch-10","fixed-catch 10"
2041,"fishing_mortality","all",0.0154423201499393,"per year","Illustrative surplus-production fishing_mortality","fixed-catch-10","fixed-catch 10"
2041,"catch","all",45145.9157404822,"t","Illustrative surplus-production catch","fixed-catch-10","fixed-catch 10"
2042,"total_biomass","all",2965639.58274417,"t","Illustrative surplus-production total_biomass","fixed-catch-10","fixed-catch 10"
2042,"biomass_depletion","all",0.939964583139578,"ratio","Illustrative surplus-production biomass_depletion","fixed-catch-10","fixed-catch 10"
2042,"fishing_mortality","all",0.0153400540295395,"per year","Illustrative surplus-production fishing_mortality","fixed-catch-10","fixed-catch 10"
2042,"catch","all",45145.9157404822,"t","Illustrative surplus-production catch","fixed-catch-10","fixed-catch 10"
2043,"total_biomass","all",2972840.05956214,"t","Illustrative surplus-production total_biomass","fixed-catch-10","fixed-catch 10"
2043,"biomass_depletion","all",0.942246786691888,"ratio","Illustrative surplus-production biomass_depletion","fixed-catch-10","fixed-catch 10"
2043,"fishing_mortality","all",0.0153026133450711,"per year","Illustrative surplus-production fishing_mortality","fixed-catch-10","fixed-catch 10"
2043,"catch","all",45145.9157404822,"t","Illustrative surplus-production catch","fixed-catch-10","fixed-catch 10"
2044,"total_biomass","all",2984141.81917227,"t","Illustrative surplus-production total_biomass","fixed-catch-10","fixed-catch 10"
2044,"biomass_depletion","all",0.945828898902181,"ratio","Illustrative surplus-production biomass_depletion","fixed-catch-10","fixed-catch 10"
2044,"fishing_mortality","all",0.0152442141732698,"per year","Illustrative surplus-production fishing_mortality","fixed-catch-10","fixed-catch 10"
2044,"catch","all",45145.9157404822,"t","Illustrative surplus-production catch","fixed-catch-10","fixed-catch 10"
2045,"total_biomass","all",2984885.47923769,"t","Illustrative surplus-production total_biomass","fixed-catch-10","fixed-catch 10"
2045,"biomass_depletion","all",0.946064603243148,"ratio","Illustrative surplus-production biomass_depletion","fixed-catch-10","fixed-catch 10"
2045,"fishing_mortality","all",0.0152403871117622,"per year","Illustrative surplus-production fishing_mortality","fixed-catch-10","fixed-catch 10"
2045,"catch","all",45145.9157404822,"t","Illustrative surplus-production catch","fixed-catch-10","fixed-catch 10"
2046,"total_biomass","all",2993105.08816371,"t","Illustrative surplus-production total_biomass","fixed-catch-10","fixed-catch 10"
2046,"biomass_depletion","all",0.948669822475678,"ratio","Illustrative surplus-production biomass_depletion","fixed-catch-10","fixed-catch 10"
2046,"fishing_mortality","all",0.0151982145831412,"per year","Illustrative surplus-production fishing_mortality","fixed-catch-10","fixed-catch 10"
2046,"catch","all",45145.9157404822,"t","Illustrative surplus-production catch","fixed-catch-10","fixed-catch 10"
2047,"total_biomass","all",2995927.0719607,"t","Illustrative surplus-production total_biomass","fixed-catch-10","fixed-catch 10"
2047,"biomass_depletion","all",0.949564255109636,"ratio","Illustrative surplus-production biomass_depletion","fixed-catch-10","fixed-catch 10"
2047,"fishing_mortality","all",0.0151837895390835,"per year","Illustrative surplus-production fishing_mortality","fixed-catch-10","fixed-catch 10"
2047,"catch","all",45145.9157404822,"t","Illustrative surplus-production catch","fixed-catch-10","fixed-catch 10"
2048,"total_biomass","all",2996059.294225,"t","Illustrative surplus-production total_biomass","fixed-catch-10","fixed-catch 10"
2048,"biomass_depletion","all",0.949606163184464,"ratio","Illustrative surplus-production biomass_depletion","fixed-catch-10","fixed-catch 10"
2048,"fishing_mortality","all",0.0151831143343088,"per year","Illustrative surplus-production fishing_mortality","fixed-catch-10","fixed-catch 10"
2048,"catch","all",45145.9157404822,"t","Illustrative surplus-production catch","fixed-catch-10","fixed-catch 10"
2049,"total_biomass","all",3000469.69533774,"t","Illustrative surplus-production total_biomass","fixed-catch-10","fixed-catch 10"
2049,"biomass_depletion","all",0.951004047427558,"ratio","Illustrative surplus-production biomass_depletion","fixed-catch-10","fixed-catch 10"
2049,"fishing_mortality","all",0.0151606265862788,"per year","Illustrative surplus-production fishing_mortality","fixed-catch-10","fixed-catch 10"
2049,"catch","all",45145.9157404822,"t","Illustrative surplus-production catch","fixed-catch-10","fixed-catch 10"
2050,"total_biomass","all",2998012.02814775,"t","Illustrative surplus-production total_biomass","fixed-catch-10","fixed-catch 10"
2050,"biomass_depletion","all",0.950225085570837,"ratio","Illustrative surplus-production biomass_depletion","fixed-catch-10","fixed-catch 10"
2050,"fishing_mortality","all",0.0151731495123992,"per year","Illustrative surplus-production fishing_mortality","fixed-catch-10","fixed-catch 10"
2050,"catch","all",45145.9157404822,"t","Illustrative surplus-production catch","fixed-catch-10","fixed-catch 10"
2051,"total_biomass","all",2996212.27477619,"t","Illustrative surplus-production total_biomass","fixed-catch-10","fixed-catch 10"
2051,"biomass_depletion","all",0.94965465063414,"ratio","Illustrative surplus-production biomass_depletion","fixed-catch-10","fixed-catch 10"
2051,"fishing_mortality","all",0.0151823332004227,"per year","Illustrative surplus-production fishing_mortality","fixed-catch-10","fixed-catch 10"
2051,"catch","all",45145.9157404822,"t","Illustrative surplus-production catch","fixed-catch-10","fixed-catch 10"
2052,"total_biomass","all",2996151.02063777,"t","Illustrative surplus-production total_biomass","fixed-catch-10","fixed-catch 10"
2052,"biomass_depletion","all",0.94963523602927,"ratio","Illustrative surplus-production biomass_depletion","fixed-catch-10","fixed-catch 10"
2052,"fishing_mortality","all",0.0151826459604877,"per year","Illustrative surplus-production fishing_mortality","fixed-catch-10","fixed-catch 10"
2052,"catch","all",45145.9157404822,"t","Illustrative surplus-production catch","fixed-catch-10","fixed-catch 10"
2023,"total_biomass","all",902918.314809643,"t","Illustrative surplus-production total_biomass","fixed-catch-11","fixed-catch 11"
2023,"biomass_depletion","all",0.286181517918576,"ratio","Illustrative surplus-production biomass_depletion","fixed-catch-11","fixed-catch 11"
2023,"fishing_mortality","all",0.0512932943875505,"per year","Illustrative surplus-production fishing_mortality","fixed-catch-11","fixed-catch 11"
2023,"catch","all",45145.9157404822,"t","Illustrative surplus-production catch","fixed-catch-11","fixed-catch 11"
2024,"total_biomass","all",1048232.99795903,"t","Illustrative surplus-production total_biomass","fixed-catch-11","fixed-catch 11"
2024,"biomass_depletion","all",0.332239257491969,"ratio","Illustrative surplus-production biomass_depletion","fixed-catch-11","fixed-catch 11"
2024,"fishing_mortality","all",0.0440235605205098,"per year","Illustrative surplus-production fishing_mortality","fixed-catch-11","fixed-catch 11"
2024,"catch","all",45145.9157404822,"t","Illustrative surplus-production catch","fixed-catch-11","fixed-catch 11"
2025,"total_biomass","all",1209365.50068029,"t","Illustrative surplus-production total_biomass","fixed-catch-11","fixed-catch 11"
2025,"biomass_depletion","all",0.383310482273259,"ratio","Illustrative surplus-production biomass_depletion","fixed-catch-11","fixed-catch 11"
2025,"fishing_mortality","all",0.0380448640973466,"per year","Illustrative surplus-production fishing_mortality","fixed-catch-11","fixed-catch 11"
2025,"catch","all",45145.9157404822,"t","Illustrative surplus-production catch","fixed-catch-11","fixed-catch 11"
2026,"total_biomass","all",1372448.26426677,"t","Illustrative surplus-production total_biomass","fixed-catch-11","fixed-catch 11"
2026,"biomass_depletion","all",0.434999845601075,"ratio","Illustrative surplus-production biomass_depletion","fixed-catch-11","fixed-catch 11"
2026,"fishing_mortality","all",0.033447626118081,"per year","Illustrative surplus-production fishing_mortality","fixed-catch-11","fixed-catch 11"
2026,"catch","all",45145.9157404822,"t","Illustrative surplus-production catch","fixed-catch-11","fixed-catch 11"
2027,"total_biomass","all",1577662.91228217,"t","Illustrative surplus-production total_biomass","fixed-catch-11","fixed-catch 11"
2027,"biomass_depletion","all",0.500042982399729,"ratio","Illustrative surplus-production biomass_depletion","fixed-catch-11","fixed-catch 11"
2027,"fishing_mortality","all",0.0290331030507166,"per year","Illustrative surplus-production fishing_mortality","fixed-catch-11","fixed-catch 11"
2027,"catch","all",45145.9157404822,"t","Illustrative surplus-production catch","fixed-catch-11","fixed-catch 11"
2028,"total_biomass","all",1753076.55235317,"t","Illustrative surplus-production total_biomass","fixed-catch-11","fixed-catch 11"
2028,"biomass_depletion","all",0.555640638306981,"ratio","Illustrative surplus-production biomass_depletion","fixed-catch-11","fixed-catch 11"
2028,"fishing_mortality","all",0.0260897906664725,"per year","Illustrative surplus-production fishing_mortality","fixed-catch-11","fixed-catch 11"
2028,"catch","all",45145.9157404822,"t","Illustrative surplus-production catch","fixed-catch-11","fixed-catch 11"
2029,"total_biomass","all",1927146.10847659,"t","Illustrative surplus-production total_biomass","fixed-catch-11","fixed-catch 11"
2029,"biomass_depletion","all",0.610812284487749,"ratio","Illustrative surplus-production biomass_depletion","fixed-catch-11","fixed-catch 11"
2029,"fishing_mortality","all",0.0237050647159598,"per year","Illustrative surplus-production fishing_mortality","fixed-catch-11","fixed-catch 11"
2029,"catch","all",45145.9157404822,"t","Illustrative surplus-production catch","fixed-catch-11","fixed-catch 11"
2030,"total_biomass","all",2091266.57669259,"t","Illustrative surplus-production total_biomass","fixed-catch-11","fixed-catch 11"
2030,"biomass_depletion","all",0.662830550088514,"ratio","Illustrative surplus-production biomass_depletion","fixed-catch-11","fixed-catch 11"
2030,"fishing_mortality","all",0.0218242601155764,"per year","Illustrative surplus-production fishing_mortality","fixed-catch-11","fixed-catch 11"
2030,"catch","all",45145.9157404822,"t","Illustrative surplus-production catch","fixed-catch-11","fixed-catch 11"
2031,"total_biomass","all",2286905.74588212,"t","Illustrative surplus-production total_biomass","fixed-catch-11","fixed-catch 11"
2031,"biomass_depletion","all",0.724838722350245,"ratio","Illustrative surplus-production biomass_depletion","fixed-catch-11","fixed-catch 11"
2031,"fishing_mortality","all",0.019938505326413,"per year","Illustrative surplus-production fishing_mortality","fixed-catch-11","fixed-catch 11"
2031,"catch","all",45145.9157404822,"t","Illustrative surplus-production catch","fixed-catch-11","fixed-catch 11"
2032,"total_biomass","all",2438510.96769344,"t","Illustrative surplus-production total_biomass","fixed-catch-11","fixed-catch 11"
2032,"biomass_depletion","all",0.772890259007236,"ratio","Illustrative surplus-production biomass_depletion","fixed-catch-11","fixed-catch 11"
2032,"fishing_mortality","all",0.0186872466698363,"per year","Illustrative surplus-production fishing_mortality","fixed-catch-11","fixed-catch 11"
2032,"catch","all",45145.9157404822,"t","Illustrative surplus-production catch","fixed-catch-11","fixed-catch 11"
2033,"total_biomass","all",2567139.64568453,"t","Illustrative surplus-production total_biomass","fixed-catch-11","fixed-catch 11"
2033,"biomass_depletion","all",0.813659340453005,"ratio","Illustrative surplus-production biomass_depletion","fixed-catch-11","fixed-catch 11"
2033,"fishing_mortality","all",0.0177425493586092,"per year","Illustrative surplus-production fishing_mortality","fixed-catch-11","fixed-catch 11"
2033,"catch","all",45145.9157404822,"t","Illustrative surplus-production catch","fixed-catch-11","fixed-catch 11"
2034,"total_biomass","all",2644188.10954537,"t","Illustrative surplus-production total_biomass","fixed-catch-11","fixed-catch 11"
2034,"biomass_depletion","all",0.83807998402544,"ratio","Illustrative surplus-production biomass_depletion","fixed-catch-11","fixed-catch 11"
2034,"fishing_mortality","all",0.0172210751195141,"per year","Illustrative surplus-production fishing_mortality","fixed-catch-11","fixed-catch 11"
2034,"catch","all",45145.9157404822,"t","Illustrative surplus-production catch","fixed-catch-11","fixed-catch 11"
2035,"total_biomass","all",2723241.19478021,"t","Illustrative surplus-production total_biomass","fixed-catch-11","fixed-catch 11"
2035,"biomass_depletion","all",0.863135995801458,"ratio","Illustrative surplus-production biomass_depletion","fixed-catch-11","fixed-catch 11"
2035,"fishing_mortality","all",0.0167169615577628,"per year","Illustrative surplus-production fishing_mortality","fixed-catch-11","fixed-catch 11"
2035,"catch","all",45145.9157404822,"t","Illustrative surplus-production catch","fixed-catch-11","fixed-catch 11"
2036,"total_biomass","all",2800368.69217978,"t","Illustrative surplus-production total_biomass","fixed-catch-11","fixed-catch 11"
2036,"biomass_depletion","all",0.887581689190371,"ratio","Illustrative surplus-production biomass_depletion","fixed-catch-11","fixed-catch 11"
2036,"fishing_mortality","all",0.0162527823640853,"per year","Illustrative surplus-production fishing_mortality","fixed-catch-11","fixed-catch 11"
2036,"catch","all",45145.9157404822,"t","Illustrative surplus-production catch","fixed-catch-11","fixed-catch 11"
2037,"total_biomass","all",2860434.62091603,"t","Illustrative surplus-production total_biomass","fixed-catch-11","fixed-catch 11"
2037,"biomass_depletion","all",0.906619688950685,"ratio","Illustrative surplus-production biomass_depletion","fixed-catch-11","fixed-catch 11"
2037,"fishing_mortality","all",0.0159087627436446,"per year","Illustrative surplus-production fishing_mortality","fixed-catch-11","fixed-catch 11"
2037,"catch","all",45145.9157404822,"t","Illustrative surplus-production catch","fixed-catch-11","fixed-catch 11"
2038,"total_biomass","all",2883292.30353837,"t","Illustrative surplus-production total_biomass","fixed-catch-11","fixed-catch 11"
2038,"biomass_depletion","all",0.913864470900137,"ratio","Illustrative surplus-production biomass_depletion","fixed-catch-11","fixed-catch 11"
2038,"fishing_mortality","all",0.0157816434560259,"per year","Illustrative surplus-production fishing_mortality","fixed-catch-11","fixed-catch 11"
2038,"catch","all",45145.9157404822,"t","Illustrative surplus-production catch","fixed-catch-11","fixed-catch 11"
2039,"total_biomass","all",2899753.49825599,"t","Illustrative surplus-production total_biomass","fixed-catch-11","fixed-catch 11"
2039,"biomass_depletion","all",0.919081874970663,"ratio","Illustrative surplus-production biomass_depletion","fixed-catch-11","fixed-catch 11"
2039,"fishing_mortality","all",0.0156913483238012,"per year","Illustrative surplus-production fishing_mortality","fixed-catch-11","fixed-catch 11"
2039,"catch","all",45145.9157404822,"t","Illustrative surplus-production catch","fixed-catch-11","fixed-catch 11"
2040,"total_biomass","all",2917499.26922582,"t","Illustrative surplus-production total_biomass","fixed-catch-11","fixed-catch 11"
2040,"biomass_depletion","all",0.924706427700943,"ratio","Illustrative surplus-production biomass_depletion","fixed-catch-11","fixed-catch 11"
2040,"fishing_mortality","all",0.0155951571376751,"per year","Illustrative surplus-production fishing_mortality","fixed-catch-11","fixed-catch 11"
2040,"catch","all",45145.9157404822,"t","Illustrative surplus-production catch","fixed-catch-11","fixed-catch 11"
2041,"total_biomass","all",2931209.79354405,"t","Illustrative surplus-production total_biomass","fixed-catch-11","fixed-catch 11"
2041,"biomass_depletion","all",0.929052002041936,"ratio","Illustrative surplus-production biomass_depletion","fixed-catch-11","fixed-catch 11"
2041,"fishing_mortality","all",0.0155216428424072,"per year","Illustrative surplus-production fishing_mortality","fixed-catch-11","fixed-catch 11"
2041,"catch","all",45145.9157404822,"t","Illustrative surplus-production catch","fixed-catch-11","fixed-catch 11"
2042,"total_biomass","all",2952032.59856788,"t","Illustrative surplus-production total_biomass","fixed-catch-11","fixed-catch 11"
2042,"biomass_depletion","all",0.935651826025237,"ratio","Illustrative surplus-production biomass_depletion","fixed-catch-11","fixed-catch 11"
2042,"fishing_mortality","all",0.0154113095311129,"per year","Illustrative surplus-production fishing_mortality","fixed-catch-11","fixed-catch 11"
2042,"catch","all",45145.9157404822,"t","Illustrative surplus-production catch","fixed-catch-11","fixed-catch 11"
2043,"total_biomass","all",2965796.423283,"t","Illustrative surplus-production total_biomass","fixed-catch-11","fixed-catch 11"
2043,"biomass_depletion","all",0.940014294018998,"ratio","Illustrative surplus-production biomass_depletion","fixed-catch-11","fixed-catch 11"
2043,"fishing_mortality","all",0.0153392365460146,"per year","Illustrative surplus-production fishing_mortality","fixed-catch-11","fixed-catch 11"
2043,"catch","all",45145.9157404822,"t","Illustrative surplus-production catch","fixed-catch-11","fixed-catch 11"
2044,"total_biomass","all",2981977.10302848,"t","Illustrative surplus-production total_biomass","fixed-catch-11","fixed-catch 11"
2044,"biomass_depletion","all",0.945142788385062,"ratio","Illustrative surplus-production biomass_depletion","fixed-catch-11","fixed-catch 11"
2044,"fishing_mortality","all",0.0152553652950561,"per year","Illustrative surplus-production fishing_mortality","fixed-catch-11","fixed-catch 11"
2044,"catch","all",45145.9157404822,"t","Illustrative surplus-production catch","fixed-catch-11","fixed-catch 11"
2045,"total_biomass","all",2986518.33178344,"t","Illustrative surplus-production total_biomass","fixed-catch-11","fixed-catch 11"
2045,"biomass_depletion","all",0.946582138675107,"ratio","Illustrative surplus-production biomass_depletion","fixed-catch-11","fixed-catch 11"
2045,"fishing_mortality","all",0.0152319907804138,"per year","Illustrative surplus-production fishing_mortality","fixed-catch-11","fixed-catch 11"
2045,"catch","all",45145.9157404822,"t","Illustrative surplus-production catch","fixed-catch-11","fixed-catch 11"
2046,"total_biomass","all",2987782.26176787,"t","Illustrative surplus-production total_biomass","fixed-catch-11","fixed-catch 11"
2046,"biomass_depletion","all",0.94698274346466,"ratio","Illustrative surplus-production biomass_depletion","fixed-catch-11","fixed-catch 11"
2046,"fishing_mortality","all",0.0152254978445398,"per year","Illustrative surplus-production fishing_mortality","fixed-catch-11","fixed-catch 11"
2046,"catch","all",45145.9157404822,"t","Illustrative surplus-production catch","fixed-catch-11","fixed-catch 11"
2047,"total_biomass","all",2996528.7842723,"t","Illustrative surplus-production total_biomass","fixed-catch-11","fixed-catch 11"
2047,"biomass_depletion","all",0.949754968865089,"ratio","Illustrative surplus-production biomass_depletion","fixed-catch-11","fixed-catch 11"
2047,"fishing_mortality","all",0.0151807173266531,"per year","Illustrative surplus-production fishing_mortality","fixed-catch-11","fixed-catch 11"
2047,"catch","all",45145.9157404822,"t","Illustrative surplus-production catch","fixed-catch-11","fixed-catch 11"
2048,"total_biomass","all",2999289.31852588,"t","Illustrative surplus-production total_biomass","fixed-catch-11","fixed-catch 11"
2048,"biomass_depletion","all",0.950629924960228,"ratio","Illustrative surplus-production biomass_depletion","fixed-catch-11","fixed-catch 11"
2048,"fishing_mortality","all",0.0151666385591524,"per year","Illustrative surplus-production fishing_mortality","fixed-catch-11","fixed-catch 11"
2048,"catch","all",45145.9157404822,"t","Illustrative surplus-production catch","fixed-catch-11","fixed-catch 11"
2049,"total_biomass","all",3000990.51485464,"t","Illustrative surplus-production total_biomass","fixed-catch-11","fixed-catch 11"
2049,"biomass_depletion","all",0.951169122072145,"ratio","Illustrative surplus-production biomass_depletion","fixed-catch-11","fixed-catch 11"
2049,"fishing_mortality","all",0.0151579754292596,"per year","Illustrative surplus-production fishing_mortality","fixed-catch-11","fixed-catch 11"
2049,"catch","all",45145.9157404822,"t","Illustrative surplus-production catch","fixed-catch-11","fixed-catch 11"
2050,"total_biomass","all",3003591.05280583,"t","Illustrative surplus-production total_biomass","fixed-catch-11","fixed-catch 11"
2050,"biomass_depletion","all",0.951993367063157,"ratio","Illustrative surplus-production biomass_depletion","fixed-catch-11","fixed-catch 11"
2050,"fishing_mortality","all",0.0151447516256253,"per year","Illustrative surplus-production fishing_mortality","fixed-catch-11","fixed-catch 11"
2050,"catch","all",45145.9157404822,"t","Illustrative surplus-production catch","fixed-catch-11","fixed-catch 11"
2051,"total_biomass","all",3000832.2557749,"t","Illustrative surplus-production total_biomass","fixed-catch-11","fixed-catch 11"
2051,"biomass_depletion","all",0.951118961583734,"ratio","Illustrative surplus-production biomass_depletion","fixed-catch-11","fixed-catch 11"
2051,"fishing_mortality","all",0.0151587809263214,"per year","Illustrative surplus-production fishing_mortality","fixed-catch-11","fixed-catch 11"
2051,"catch","all",45145.9157404822,"t","Illustrative surplus-production catch","fixed-catch-11","fixed-catch 11"
2052,"total_biomass","all",3000845.67027706,"t","Illustrative surplus-production total_biomass","fixed-catch-11","fixed-catch 11"
2052,"biomass_depletion","all",0.951123213333343,"ratio","Illustrative surplus-production biomass_depletion","fixed-catch-11","fixed-catch 11"
2052,"fishing_mortality","all",0.0151587126467154,"per year","Illustrative surplus-production fishing_mortality","fixed-catch-11","fixed-catch 11"
2052,"catch","all",45145.9157404822,"t","Illustrative surplus-production catch","fixed-catch-11","fixed-catch 11"
2023,"total_biomass","all",902918.314809643,"t","Illustrative surplus-production total_biomass","fixed-catch-12","fixed-catch 12"
2023,"biomass_depletion","all",0.286181517918576,"ratio","Illustrative surplus-production biomass_depletion","fixed-catch-12","fixed-catch 12"
2023,"fishing_mortality","all",0.0512932943875505,"per year","Illustrative surplus-production fishing_mortality","fixed-catch-12","fixed-catch 12"
2023,"catch","all",45145.9157404822,"t","Illustrative surplus-production catch","fixed-catch-12","fixed-catch 12"
2024,"total_biomass","all",1022641.29977288,"t","Illustrative surplus-production total_biomass","fixed-catch-12","fixed-catch 12"
2024,"biomass_depletion","all",0.32412792459186,"ratio","Illustrative surplus-production biomass_depletion","fixed-catch-12","fixed-catch 12"
2024,"fishing_mortality","all",0.0451504992255797,"per year","Illustrative surplus-production fishing_mortality","fixed-catch-12","fixed-catch 12"
2024,"catch","all",45145.9157404822,"t","Illustrative surplus-production catch","fixed-catch-12","fixed-catch 12"
2025,"total_biomass","all",1184441.94914957,"t","Illustrative surplus-production total_biomass","fixed-catch-12","fixed-catch 12"
2025,"biomass_depletion","all",0.375410919608516,"ratio","Illustrative surplus-production biomass_depletion","fixed-catch-12","fixed-catch 12"
2025,"fishing_mortality","all",0.0388611775651755,"per year","Illustrative surplus-production fishing_mortality","fixed-catch-12","fixed-catch 12"
2025,"catch","all",45145.9157404822,"t","Illustrative surplus-production catch","fixed-catch-12","fixed-catch 12"
2026,"total_biomass","all",1345633.78951712,"t","Illustrative surplus-production total_biomass","fixed-catch-12","fixed-catch 12"
2026,"biomass_depletion","all",0.426500951559191,"ratio","Illustrative surplus-production biomass_depletion","fixed-catch-12","fixed-catch 12"
2026,"fishing_mortality","all",0.0341256394516107,"per year","Illustrative surplus-production fishing_mortality","fixed-catch-12","fixed-catch 12"
2026,"catch","all",45145.9157404822,"t","Illustrative surplus-production catch","fixed-catch-12","fixed-catch 12"
2027,"total_biomass","all",1515216.24868319,"t","Illustrative surplus-production total_biomass","fixed-catch-12","fixed-catch 12"
2027,"biomass_depletion","all",0.480250404616574,"ratio","Illustrative surplus-production biomass_depletion","fixed-catch-12","fixed-catch 12"
2027,"fishing_mortality","all",0.0302479219945808,"per year","Illustrative surplus-production fishing_mortality","fixed-catch-12","fixed-catch 12"
2027,"catch","all",45145.9157404822,"t","Illustrative surplus-production catch","fixed-catch-12","fixed-catch 12"
2028,"total_biomass","all",1691397.8419416,"t","Illustrative surplus-production total_biomass","fixed-catch-12","fixed-catch 12"
2028,"biomass_depletion","all",0.536091464611721,"ratio","Illustrative surplus-production biomass_depletion","fixed-catch-12","fixed-catch 12"
2028,"fishing_mortality","all",0.0270541683359976,"per year","Illustrative surplus-production fishing_mortality","fixed-catch-12","fixed-catch 12"
2028,"catch","all",45145.9157404822,"t","Illustrative surplus-production catch","fixed-catch-12","fixed-catch 12"
2029,"total_biomass","all",1887779.67757646,"t","Illustrative surplus-production total_biomass","fixed-catch-12","fixed-catch 12"
2029,"biomass_depletion","all",0.598335026284818,"ratio","Illustrative surplus-production biomass_depletion","fixed-catch-12","fixed-catch 12"
2029,"fishing_mortality","all",0.0242054242572368,"per year","Illustrative surplus-production fishing_mortality","fixed-catch-12","fixed-catch 12"
2029,"catch","all",45145.9157404822,"t","Illustrative surplus-production catch","fixed-catch-12","fixed-catch 12"
2030,"total_biomass","all",2069068.99502302,"t","Illustrative surplus-production total_biomass","fixed-catch-12","fixed-catch 12"
2030,"biomass_depletion","all",0.655794988275084,"ratio","Illustrative surplus-production biomass_depletion","fixed-catch-12","fixed-catch 12"
2030,"fishing_mortality","all",0.022060998850091,"per year","Illustrative surplus-production fishing_mortality","fixed-catch-12","fixed-catch 12"
2030,"catch","all",45145.9157404822,"t","Illustrative surplus-production catch","fixed-catch-12","fixed-catch 12"
2031,"total_biomass","all",2218671.34047645,"t","Illustrative surplus-production total_biomass","fixed-catch-12","fixed-catch 12"
2031,"biomass_depletion","all",0.703211709814362,"ratio","Illustrative surplus-production biomass_depletion","fixed-catch-12","fixed-catch 12"
2031,"fishing_mortality","all",0.0205580524541346,"per year","Illustrative surplus-production fishing_mortality","fixed-catch-12","fixed-catch 12"
2031,"catch","all",45145.9157404822,"t","Illustrative surplus-production catch","fixed-catch-12","fixed-catch 12"
2032,"total_biomass","all",2379899.43038588,"t","Illustrative surplus-production total_biomass","fixed-catch-12","fixed-catch 12"
2032,"biomass_depletion","all",0.754313231119887,"ratio","Illustrative surplus-production biomass_depletion","fixed-catch-12","fixed-catch 12"
2032,"fishing_mortality","all",0.0191519062809949,"per year","Illustrative surplus-production fishing_mortality","fixed-catch-12","fixed-catch 12"
2032,"catch","all",45145.9157404822,"t","Illustrative surplus-production catch","fixed-catch-12","fixed-catch 12"
2033,"total_biomass","all",2516541.02045891,"t","Illustrative surplus-production total_biomass","fixed-catch-12","fixed-catch 12"
2033,"biomass_depletion","all",0.797622018876784,"ratio","Illustrative surplus-production biomass_depletion","fixed-catch-12","fixed-catch 12"
2033,"fishing_mortality","all",0.0181025367877078,"per year","Illustrative surplus-production fishing_mortality","fixed-catch-12","fixed-catch 12"
2033,"catch","all",45145.9157404822,"t","Illustrative surplus-production catch","fixed-catch-12","fixed-catch 12"
2034,"total_biomass","all",2629579.47328738,"t","Illustrative surplus-production total_biomass","fixed-catch-12","fixed-catch 12"
2034,"biomass_depletion","all",0.833449751555391,"ratio","Illustrative surplus-production biomass_depletion","fixed-catch-12","fixed-catch 12"
2034,"fishing_mortality","all",0.0173175800421614,"per year","Illustrative surplus-production fishing_mortality","fixed-catch-12","fixed-catch 12"
2034,"catch","all",45145.9157404822,"t","Illustrative surplus-production catch","fixed-catch-12","fixed-catch 12"
2035,"total_biomass","all",2719243.01909922,"t","Illustrative surplus-production total_biomass","fixed-catch-12","fixed-catch 12"
2035,"biomass_depletion","all",0.861868767120275,"ratio","Illustrative surplus-production biomass_depletion","fixed-catch-12","fixed-catch 12"
2035,"fishing_mortality","all",0.016741747856286,"per year","Illustrative surplus-production fishing_mortality","fixed-catch-12","fixed-catch 12"
2035,"catch","all",45145.9157404822,"t","Illustrative surplus-production catch","fixed-catch-12","fixed-catch 12"
2036,"total_biomass","all",2797913.47858475,"t","Illustrative surplus-production total_biomass","fixed-catch-12","fixed-catch 12"
2036,"biomass_depletion","all",0.886803505004806,"ratio","Illustrative surplus-production biomass_depletion","fixed-catch-12","fixed-catch 12"
2036,"fishing_mortality","all",0.0162671610722367,"per year","Illustrative surplus-production fishing_mortality","fixed-catch-12","fixed-catch 12"
2036,"catch","all",45145.9157404822,"t","Illustrative surplus-production catch","fixed-catch-12","fixed-catch 12"
2037,"total_biomass","all",2842512.98275091,"t","Illustrative surplus-production total_biomass","fixed-catch-12","fixed-catch 12"
2037,"biomass_depletion","all",0.90093939480939,"ratio","Illustrative surplus-production biomass_depletion","fixed-catch-12","fixed-catch 12"
2037,"fishing_mortality","all",0.0160098724227446,"per year","Illustrative surplus-production fishing_mortality","fixed-catch-12","fixed-catch 12"
2037,"catch","all",45145.9157404822,"t","Illustrative surplus-production catch","fixed-catch-12","fixed-catch 12"
2038,"total_biomass","all",2877632.55071877,"t","Illustrative surplus-production total_biomass","fixed-catch-12","fixed-catch 12"
2038,"biomass_depletion","all",0.912070602477722,"ratio","Illustrative surplus-production biomass_depletion","fixed-catch-12","fixed-catch 12"
2038,"fishing_mortality","all",0.015812929640047,"per year","Illustrative surplus-production fishing_mortality","fixed-catch-12","fixed-catch 12"
2038,"catch","all",45145.9157404822,"t","Illustrative surplus-production catch","fixed-catch-12","fixed-catch 12"
2039,"total_biomass","all",2912740.84035371,"t","Illustrative surplus-production total_biomass","fixed-catch-12","fixed-catch 12"
2039,"biomass_depletion","all",0.923198235458972,"ratio","Illustrative surplus-production biomass_depletion","fixed-catch-12","fixed-catch 12"
2039,"fishing_mortality","all",0.0156208343524607,"per year","Illustrative surplus-production fishing_mortality","fixed-catch-12","fixed-catch 12"
2039,"catch","all",45145.9157404822,"t","Illustrative surplus-production catch","fixed-catch-12","fixed-catch 12"
2040,"total_biomass","all",2937790.72536672,"t","Illustrative surplus-production total_biomass","fixed-catch-12","fixed-catch 12"
2040,"biomass_depletion","all",0.931137839738925,"ratio","Illustrative surplus-production biomass_depletion","fixed-catch-12","fixed-catch 12"
2040,"fishing_mortality","all",0.0154866022488048,"per year","Illustrative surplus-production fishing_mortality","fixed-catch-12","fixed-catch 12"
2040,"catch","all",45145.9157404822,"t","Illustrative surplus-production catch","fixed-catch-12","fixed-catch 12"
2041,"total_biomass","all",2958753.69922668,"t","Illustrative surplus-production total_biomass","fixed-catch-12","fixed-catch 12"
2041,"biomass_depletion","all",0.937782090476706,"ratio","Illustrative surplus-production biomass_depletion","fixed-catch-12","fixed-catch 12"
2041,"fishing_mortality","all",0.0153760306917045,"per year","Illustrative surplus-production fishing_mortality","fixed-catch-12","fixed-catch 12"
2041,"catch","all",45145.9157404822,"t","Illustrative surplus-production catch","fixed-catch-12","fixed-catch 12"
2042,"total_biomass","all",2968607.4417965,"t","Illustrative surplus-production total_biomass","fixed-catch-12","fixed-catch 12"
2042,"biomass_depletion","all",0.940905251187435,"ratio","Illustrative surplus-production biomass_depletion","fixed-catch-12","fixed-catch 12"
2042,"fishing_mortality","all",0.0153245997294152,"per year","Illustrative surplus-production fishing_mortality","fixed-catch-12","fixed-catch 12"
2042,"catch","all",45145.9157404822,"t","Illustrative surplus-production catch","fixed-catch-12","fixed-catch 12"
2043,"total_biomass","all",2978523.81708103,"t","Illustrative surplus-production total_biomass","fixed-catch-12","fixed-catch 12"
2043,"biomass_depletion","all",0.944048263445165,"ratio","Illustrative surplus-production biomass_depletion","fixed-catch-12","fixed-catch 12"
2043,"fishing_mortality","all",0.0152731880492534,"per year","Illustrative surplus-production fishing_mortality","fixed-catch-12","fixed-catch 12"
2043,"catch","all",45145.9157404822,"t","Illustrative surplus-production catch","fixed-catch-12","fixed-catch 12"
2044,"total_biomass","all",2987901.12506086,"t","Illustrative surplus-production total_biomass","fixed-catch-12","fixed-catch 12"
2044,"biomass_depletion","all",0.947020417390478,"ratio","Illustrative surplus-production biomass_depletion","fixed-catch-12","fixed-catch 12"
2044,"fishing_mortality","all",0.0152248875165668,"per year","Illustrative surplus-production fishing_mortality","fixed-catch-12","fixed-catch 12"
2044,"catch","all",45145.9157404822,"t","Illustrative surplus-production catch","fixed-catch-12","fixed-catch 12"
2045,"total_biomass","all",2987495.569788,"t","Illustrative surplus-production total_biomass","fixed-catch-12","fixed-catch 12"
2045,"biomass_depletion","all",0.946891875946938,"ratio","Illustrative surplus-production biomass_depletion","fixed-catch-12","fixed-catch 12"
2045,"fishing_mortality","all",0.0152269701247192,"per year","Illustrative surplus-production fishing_mortality","fixed-catch-12","fixed-catch 12"
2045,"catch","all",45145.9157404822,"t","Illustrative surplus-production catch","fixed-catch-12","fixed-catch 12"
2046,"total_biomass","all",2996980.04330055,"t","Illustrative surplus-production total_biomass","fixed-catch-12","fixed-catch 12"
2046,"biomass_depletion","all",0.949897996192767,"ratio","Illustrative surplus-production biomass_depletion","fixed-catch-12","fixed-catch 12"
2046,"fishing_mortality","all",0.0151784141117219,"per year","Illustrative surplus-production fishing_mortality","fixed-catch-12","fixed-catch 12"
2046,"catch","all",45145.9157404822,"t","Illustrative surplus-production catch","fixed-catch-12","fixed-catch 12"
2047,"total_biomass","all",2994189.34759549,"t","Illustrative surplus-production total_biomass","fixed-catch-12","fixed-catch 12"
2047,"biomass_depletion","all",0.949013480373533,"ratio","Illustrative surplus-production biomass_depletion","fixed-catch-12","fixed-catch 12"
2047,"fishing_mortality","all",0.0151926689677583,"per year","Illustrative surplus-production fishing_mortality","fixed-catch-12","fixed-catch 12"
2047,"catch","all",45145.9157404822,"t","Illustrative surplus-production catch","fixed-catch-12","fixed-catch 12"
2048,"total_biomass","all",2989101.47130157,"t","Illustrative surplus-production total_biomass","fixed-catch-12","fixed-catch 12"
2048,"biomass_depletion","all",0.947400869202741,"ratio","Illustrative surplus-production biomass_depletion","fixed-catch-12","fixed-catch 12"
2048,"fishing_mortality","all",0.0152187268334608,"per year","Illustrative surplus-production fishing_mortality","fixed-catch-12","fixed-catch 12"
2048,"catch","all",45145.9157404822,"t","Illustrative surplus-production catch","fixed-catch-12","fixed-catch 12"
2049,"total_biomass","all",2990508.02814708,"t","Illustrative surplus-production total_biomass","fixed-catch-12","fixed-catch 12"
2049,"biomass_depletion","all",0.947846679822025,"ratio","Illustrative surplus-production biomass_depletion","fixed-catch-12","fixed-catch 12"
2049,"fishing_mortality","all",0.0152115141318251,"per year","Illustrative surplus-production fishing_mortality","fixed-catch-12","fixed-catch 12"
2049,"catch","all",45145.9157404822,"t","Illustrative surplus-production catch","fixed-catch-12","fixed-catch 12"
2050,"total_biomass","all",2992770.040814,"t","Illustrative surplus-production total_biomass","fixed-catch-12","fixed-catch 12"
2050,"biomass_depletion","all",0.948563628640042,"ratio","Illustrative surplus-production biomass_depletion","fixed-catch-12","fixed-catch 12"
2050,"fishing_mortality","all",0.0151999290544184,"per year","Illustrative surplus-production fishing_mortality","fixed-catch-12","fixed-catch 12"
2050,"catch","all",45145.9157404822,"t","Illustrative surplus-production catch","fixed-catch-12","fixed-catch 12"
2051,"total_biomass","all",2991209.12217358,"t","Illustrative surplus-production total_biomass","fixed-catch-12","fixed-catch 12"
2051,"biomass_depletion","all",0.948068892783504,"ratio","Illustrative surplus-production biomass_depletion","fixed-catch-12","fixed-catch 12"
2051,"fishing_mortality","all",0.0152079215350078,"per year","Illustrative surplus-production fishing_mortality","fixed-catch-12","fixed-catch 12"
2051,"catch","all",45145.9157404822,"t","Illustrative surplus-production catch","fixed-catch-12","fixed-catch 12"
2052,"total_biomass","all",2988887.85711228,"t","Illustrative surplus-production total_biomass","fixed-catch-12","fixed-catch 12"
2052,"biomass_depletion","all",0.947333163816841,"ratio","Illustrative surplus-production biomass_depletion","fixed-catch-12","fixed-catch 12"
2052,"fishing_mortality","all",0.0152198228268436,"per year","Illustrative surplus-production fishing_mortality","fixed-catch-12","fixed-catch 12"
2052,"catch","all",45145.9157404822,"t","Illustrative surplus-production catch","fixed-catch-12","fixed-catch 12"
2023,"total_biomass","all",902918.314809643,"t","Illustrative surplus-production total_biomass","fixed-catch-13","fixed-catch 13"
2023,"biomass_depletion","all",0.286181517918576,"ratio","Illustrative surplus-production biomass_depletion","fixed-catch-13","fixed-catch 13"
2023,"fishing_mortality","all",0.0512932943875505,"per year","Illustrative surplus-production fishing_mortality","fixed-catch-13","fixed-catch 13"
2023,"catch","all",45145.9157404822,"t","Illustrative surplus-production catch","fixed-catch-13","fixed-catch 13"
2024,"total_biomass","all",1068608.6425111,"t","Illustrative surplus-production total_biomass","fixed-catch-13","fixed-catch 13"
2024,"biomass_depletion","all",0.338697353192143,"ratio","Illustrative surplus-production biomass_depletion","fixed-catch-13","fixed-catch 13"
2024,"fishing_mortality","all",0.0431657601679723,"per year","Illustrative surplus-production fishing_mortality","fixed-catch-13","fixed-catch 13"
2024,"catch","all",45145.9157404822,"t","Illustrative surplus-production catch","fixed-catch-13","fixed-catch 13"
2025,"total_biomass","all",1202097.46715972,"t","Illustrative surplus-production total_biomass","fixed-catch-13","fixed-catch 13"
2025,"biomass_depletion","all",0.381006866507487,"ratio","Illustrative surplus-production biomass_depletion","fixed-catch-13","fixed-catch 13"
2025,"fishing_mortality","all",0.0382793472916421,"per year","Illustrative surplus-production fishing_mortality","fixed-catch-13","fixed-catch 13"
2025,"catch","all",45145.9157404822,"t","Illustrative surplus-production catch","fixed-catch-13","fixed-catch 13"
2026,"total_biomass","all",1345191.890726,"t","Illustrative surplus-production total_biomass","fixed-catch-13","fixed-catch 13"
2026,"biomass_depletion","all",0.426360890974823,"ratio","Illustrative surplus-production biomass_depletion","fixed-catch-13","fixed-catch 13"
2026,"fishing_mortality","all",0.034137043346583,"per year","Illustrative surplus-production fishing_mortality","fixed-catch-13","fixed-catch 13"
2026,"catch","all",45145.9157404822,"t","Illustrative surplus-production catch","fixed-catch-13","fixed-catch 13"
2027,"total_biomass","all",1508157.96245093,"t","Illustrative surplus-production total_biomass","fixed-catch-13","fixed-catch 13"
2027,"biomass_depletion","all",0.478013268615762,"ratio","Illustrative surplus-production biomass_depletion","fixed-catch-13","fixed-catch 13"
2027,"fishing_mortality","all",0.0303916574798695,"per year","Illustrative surplus-production fishing_mortality","fixed-catch-13","fixed-catch 13"
2027,"catch","all",45145.9157404822,"t","Illustrative surplus-production catch","fixed-catch-13","fixed-catch 13"
2028,"total_biomass","all",1719509.23423319,"t","Illustrative surplus-production total_biomass","fixed-catch-13","fixed-catch 13"
2028,"biomass_depletion","all",0.545001418906435,"ratio","Illustrative surplus-production biomass_depletion","fixed-catch-13","fixed-catch 13"
2028,"fishing_mortality","all",0.0266059365221526,"per year","Illustrative surplus-production fishing_mortality","fixed-catch-13","fixed-catch 13"
2028,"catch","all",45145.9157404822,"t","Illustrative surplus-production catch","fixed-catch-13","fixed-catch 13"
2029,"total_biomass","all",1925689.09941016,"t","Illustrative surplus-production total_biomass","fixed-catch-13","fixed-catch 13"
2029,"biomass_depletion","all",0.610350482949987,"ratio","Illustrative surplus-production biomass_depletion","fixed-catch-13","fixed-catch 13"
2029,"fishing_mortality","all",0.0237232148077844,"per year","Illustrative surplus-production fishing_mortality","fixed-catch-13","fixed-catch 13"
2029,"catch","all",45145.9157404822,"t","Illustrative surplus-production catch","fixed-catch-13","fixed-catch 13"
2030,"total_biomass","all",2090299.85480316,"t","Illustrative surplus-production total_biomass","fixed-catch-13","fixed-catch 13"
2030,"biomass_depletion","all",0.662524145917523,"ratio","Illustrative surplus-production biomass_depletion","fixed-catch-13","fixed-catch 13"
2030,"fishing_mortality","all",0.0218344643964432,"per year","Illustrative surplus-production fishing_mortality","fixed-catch-13","fixed-catch 13"
2030,"catch","all",45145.9157404822,"t","Illustrative surplus-production catch","fixed-catch-13","fixed-catch 13"
2031,"total_biomass","all",2256888.30247451,"t","Illustrative surplus-production total_biomass","fixed-catch-13","fixed-catch 13"
2031,"biomass_depletion","all",0.715324641865306,"ratio","Illustrative surplus-production biomass_depletion","fixed-catch-13","fixed-catch 13"
2031,"fishing_mortality","all",0.0202063920486283,"per year","Illustrative surplus-production fishing_mortality","fixed-catch-13","fixed-catch 13"
2031,"catch","all",45145.9157404822,"t","Illustrative surplus-production catch","fixed-catch-13","fixed-catch 13"
2032,"total_biomass","all",2413695.00191003,"t","Illustrative surplus-production total_biomass","fixed-catch-13","fixed-catch 13"
2032,"biomass_depletion","all",0.76502479583075,"ratio","Illustrative surplus-production biomass_depletion","fixed-catch-13","fixed-catch 13"
2032,"fishing_mortality","all",0.0188812014234433,"per year","Illustrative surplus-production fishing_mortality","fixed-catch-13","fixed-catch 13"
2032,"catch","all",45145.9157404822,"t","Illustrative surplus-production catch","fixed-catch-13","fixed-catch 13"
2033,"total_biomass","all",2544864.28846781,"t","Illustrative surplus-production total_biomass","fixed-catch-13","fixed-catch 13"
2033,"biomass_depletion","all",0.806599127545701,"ratio","Illustrative surplus-production biomass_depletion","fixed-catch-13","fixed-catch 13"
2033,"fishing_mortality","all",0.0178992491941054,"per year","Illustrative surplus-production fishing_mortality","fixed-catch-13","fixed-catch 13"
2033,"catch","all",45145.9157404822,"t","Illustrative surplus-production catch","fixed-catch-13","fixed-catch 13"
2034,"total_biomass","all",2653298.92064116,"t","Illustrative surplus-production total_biomass","fixed-catch-13","fixed-catch 13"
2034,"biomass_depletion","all",0.8409676713235,"ratio","Illustrative surplus-production biomass_depletion","fixed-catch-13","fixed-catch 13"
2034,"fishing_mortality","all",0.0171614316296722,"per year","Illustrative surplus-production fishing_mortality","fixed-catch-13","fixed-catch 13"
2034,"catch","all",45145.9157404822,"t","Illustrative surplus-production catch","fixed-catch-13","fixed-catch 13"
2035,"total_biomass","all",2736345.40462321,"t","Illustrative surplus-production total_biomass","fixed-catch-13","fixed-catch 13"
2035,"biomass_depletion","all",0.867289397723297,"ratio","Illustrative surplus-production biomass_depletion","fixed-catch-13","fixed-catch 13"
2035,"fishing_mortality","all",0.0166362352972047,"per year","Illustrative surplus-production fishing_mortality","fixed-catch-13","fixed-catch 13"
2035,"catch","all",45145.9157404822,"t","Illustrative surplus-production catch","fixed-catch-13","fixed-catch 13"
2036,"total_biomass","all",2802668.49824569,"t","Illustrative surplus-production total_biomass","fixed-catch-13","fixed-catch 13"
2036,"biomass_depletion","all",0.888310616691412,"ratio","Illustrative surplus-production biomass_depletion","fixed-catch-13","fixed-catch 13"
2036,"fishing_mortality","all",0.016239336822196,"per year","Illustrative surplus-production fishing_mortality","fixed-catch-13","fixed-catch 13"
2036,"catch","all",45145.9157404822,"t","Illustrative surplus-production catch","fixed-catch-13","fixed-catch 13"
2037,"total_biomass","all",2840943.76716815,"t","Illustrative surplus-production total_biomass","fixed-catch-13","fixed-catch 13"
2037,"biomass_depletion","all",0.900442029222658,"ratio","Illustrative surplus-production biomass_depletion","fixed-catch-13","fixed-catch 13"
2037,"fishing_mortality","all",0.0160187867981513,"per year","Illustrative surplus-production fishing_mortality","fixed-catch-13","fixed-catch 13"
2037,"catch","all",45145.9157404822,"t","Illustrative surplus-production catch","fixed-catch-13","fixed-catch 13"
2038,"total_biomass","all",2895969.01182145,"t","Illustrative surplus-production total_biomass","fixed-catch-13","fixed-catch 13"
2038,"biomass_depletion","all",0.917882375464877,"ratio","Illustrative surplus-production biomass_depletion","fixed-catch-13","fixed-catch 13"
2038,"fishing_mortality","all",0.0157120159016415,"per year","Illustrative surplus-production fishing_mortality","fixed-catch-13","fixed-catch 13"
2038,"catch","all",45145.9157404822,"t","Illustrative surplus-production catch","fixed-catch-13","fixed-catch 13"
2039,"total_biomass","all",2920895.27580637,"t","Illustrative surplus-production total_biomass","fixed-catch-13","fixed-catch 13"
2039,"biomass_depletion","all",0.925782797846659,"ratio","Illustrative surplus-production biomass_depletion","fixed-catch-13","fixed-catch 13"
2039,"fishing_mortality","all",0.0155768833249368,"per year","Illustrative surplus-production fishing_mortality","fixed-catch-13","fixed-catch 13"
2039,"catch","all",45145.9157404822,"t","Illustrative surplus-production catch","fixed-catch-13","fixed-catch 13"
2040,"total_biomass","all",2943178.79689123,"t","Illustrative surplus-production total_biomass","fixed-catch-13","fixed-catch 13"
2040,"biomass_depletion","all",0.932845598306056,"ratio","Illustrative surplus-production biomass_depletion","fixed-catch-13","fixed-catch 13"
2040,"fishing_mortality","all",0.0154580306950167,"per year","Illustrative surplus-production fishing_mortality","fixed-catch-13","fixed-catch 13"
2040,"catch","all",45145.9157404822,"t","Illustrative surplus-production catch","fixed-catch-13","fixed-catch 13"
2041,"total_biomass","all",2951038.91368639,"t","Illustrative surplus-production total_biomass","fixed-catch-13","fixed-catch 13"
2041,"biomass_depletion","all",0.935336875887386,"ratio","Illustrative surplus-production biomass_depletion","fixed-catch-13","fixed-catch 13"
2041,"fishing_mortality","all",0.0154165390922661,"per year","Illustrative surplus-production fishing_mortality","fixed-catch-13","fixed-catch 13"
2041,"catch","all",45145.9157404822,"t","Illustrative surplus-production catch","fixed-catch-13","fixed-catch 13"
2042,"total_biomass","all",2961313.97452263,"t","Illustrative surplus-production total_biomass","fixed-catch-13","fixed-catch 13"
2042,"biomass_depletion","all",0.938593574149664,"ratio","Illustrative surplus-production biomass_depletion","fixed-catch-13","fixed-catch 13"
2042,"fishing_mortality","all",0.0153626343357482,"per year","Illustrative surplus-production fishing_mortality","fixed-catch-13","fixed-catch 13"
2042,"catch","all",45145.9157404822,"t","Illustrative surplus-production catch","fixed-catch-13","fixed-catch 13"
2043,"total_biomass","all",2973937.78587652,"t","Illustrative surplus-production total_biomass","fixed-catch-13","fixed-catch 13"
2043,"biomass_depletion","all",0.942594712941423,"ratio","Illustrative surplus-production biomass_depletion","fixed-catch-13","fixed-catch 13"
2043,"fishing_mortality","all",0.0152969214914476,"per year","Illustrative surplus-production fishing_mortality","fixed-catch-13","fixed-catch 13"
2043,"catch","all",45145.9157404822,"t","Illustrative surplus-production catch","fixed-catch-13","fixed-catch 13"
2044,"total_biomass","all",2980446.03129918,"t","Illustrative surplus-production total_biomass","fixed-catch-13","fixed-catch 13"
2044,"biomass_depletion","all",0.944657512558503,"ratio","Illustrative surplus-production biomass_depletion","fixed-catch-13","fixed-catch 13"
2044,"fishing_mortality","all",0.0152632621738688,"per year","Illustrative surplus-production fishing_mortality","fixed-catch-13","fixed-catch 13"
2044,"catch","all",45145.9157404822,"t","Illustrative surplus-production catch","fixed-catch-13","fixed-catch 13"
2045,"total_biomass","all",2985670.17105347,"t","Illustrative surplus-production total_biomass","fixed-catch-13","fixed-catch 13"
2045,"biomass_depletion","all",0.946313312668191,"ratio","Illustrative surplus-production biomass_depletion","fixed-catch-13","fixed-catch 13"
2045,"fishing_mortality","all",0.0152363509735768,"per year","Illustrative surplus-production fishing_mortality","fixed-catch-13","fixed-catch 13"
2045,"catch","all",45145.9157404822,"t","Illustrative surplus-production catch","fixed-catch-13","fixed-catch 13"
2046,"total_biomass","all",2983701.93852076,"t","Illustrative surplus-production total_biomass","fixed-catch-13","fixed-catch 13"
2046,"biomass_depletion","all",0.945689477970647,"ratio","Illustrative surplus-production biomass_depletion","fixed-catch-13","fixed-catch 13"
2046,"fishing_mortality","all",0.0152464788144532,"per year","Illustrative surplus-production fishing_mortality","fixed-catch-13","fixed-catch 13"
2046,"catch","all",45145.9157404822,"t","Illustrative surplus-production catch","fixed-catch-13","fixed-catch 13"
2047,"total_biomass","all",2988960.65566144,"t","Illustrative surplus-production total_biomass","fixed-catch-13","fixed-catch 13"
2047,"biomass_depletion","all",0.947356237442617,"ratio","Illustrative surplus-production biomass_depletion","fixed-catch-13","fixed-catch 13"
2047,"fishing_mortality","all",0.0152194493005523,"per year","Illustrative surplus-production fishing_mortality","fixed-catch-13","fixed-catch 13"
2047,"catch","all",45145.9157404822,"t","Illustrative surplus-production catch","fixed-catch-13","fixed-catch 13"
2048,"total_biomass","all",2988983.80074439,"t","Illustrative surplus-production total_biomass","fixed-catch-13","fixed-catch 13"
2048,"biomass_depletion","all",0.947363573316594,"ratio","Illustrative surplus-production biomass_depletion","fixed-catch-13","fixed-catch 13"
2048,"fishing_mortality","all",0.0152193305479472,"per year","Illustrative surplus-production fishing_mortality","fixed-catch-13","fixed-catch 13"
2048,"catch","all",45145.9157404822,"t","Illustrative surplus-production catch","fixed-catch-13","fixed-catch 13"
2049,"total_biomass","all",2985033.14077694,"t","Illustrative surplus-production total_biomass","fixed-catch-13","fixed-catch 13"
2049,"biomass_depletion","all",0.946111404822813,"ratio","Illustrative surplus-production biomass_depletion","fixed-catch-13","fixed-catch 13"
2049,"fishing_mortality","all",0.015239627437035,"per year","Illustrative surplus-production fishing_mortality","fixed-catch-13","fixed-catch 13"
2049,"catch","all",45145.9157404822,"t","Illustrative surplus-production catch","fixed-catch-13","fixed-catch 13"
2050,"total_biomass","all",2990446.53075089,"t","Illustrative surplus-production total_biomass","fixed-catch-13","fixed-catch 13"
2050,"biomass_depletion","all",0.947827188116184,"ratio","Illustrative surplus-production biomass_depletion","fixed-catch-13","fixed-catch 13"
2050,"fishing_mortality","all",0.015211829342216,"per year","Illustrative surplus-production fishing_mortality","fixed-catch-13","fixed-catch 13"
2050,"catch","all",45145.9157404822,"t","Illustrative surplus-production catch","fixed-catch-13","fixed-catch 13"
2051,"total_biomass","all",2992015.82971474,"t","Illustrative surplus-production total_biomass","fixed-catch-13","fixed-catch 13"
2051,"biomass_depletion","all",0.948324580130695,"ratio","Illustrative surplus-production biomass_depletion","fixed-catch-13","fixed-catch 13"
2051,"fishing_mortality","all",0.0152037898449113,"per year","Illustrative surplus-production fishing_mortality","fixed-catch-13","fixed-catch 13"
2051,"catch","all",45145.9157404822,"t","Illustrative surplus-production catch","fixed-catch-13","fixed-catch 13"
2052,"total_biomass","all",2990469.41941124,"t","Illustrative surplus-production total_biomass","fixed-catch-13","fixed-catch 13"
2052,"biomass_depletion","all",0.947834442716577,"ratio","Illustrative surplus-production biomass_depletion","fixed-catch-13","fixed-catch 13"
2052,"fishing_mortality","all",0.015211712022819,"per year","Illustrative surplus-production fishing_mortality","fixed-catch-13","fixed-catch 13"
2052,"catch","all",45145.9157404822,"t","Illustrative surplus-production catch","fixed-catch-13","fixed-catch 13"
2023,"total_biomass","all",902918.314809643,"t","Illustrative surplus-production total_biomass","fixed-catch-14","fixed-catch 14"
2023,"biomass_depletion","all",0.286181517918576,"ratio","Illustrative surplus-production biomass_depletion","fixed-catch-14","fixed-catch 14"
2023,"fishing_mortality","all",0.0512932943875505,"per year","Illustrative surplus-production fishing_mortality","fixed-catch-14","fixed-catch 14"
2023,"catch","all",45145.9157404822,"t","Illustrative surplus-production catch","fixed-catch-14","fixed-catch 14"
2024,"total_biomass","all",1023879.64211208,"t","Illustrative surplus-production total_biomass","fixed-catch-14","fixed-catch 14"
2024,"biomass_depletion","all",0.324520419333102,"ratio","Illustrative surplus-production biomass_depletion","fixed-catch-14","fixed-catch 14"
2024,"fishing_mortality","all",0.0450946414758465,"per year","Illustrative surplus-production fishing_mortality","fixed-catch-14","fixed-catch 14"
2024,"catch","all",45145.9157404822,"t","Illustrative surplus-production catch","fixed-catch-14","fixed-catch 14"
2025,"total_biomass","all",1222975.92155555,"t","Illustrative surplus-production total_biomass","fixed-catch-14","fixed-catch 14"
2025,"biomass_depletion","all",0.387624328655269,"ratio","Illustrative surplus-production biomass_depletion","fixed-catch-14","fixed-catch 14"
2025,"fishing_mortality","all",0.0376134011359283,"per year","Illustrative surplus-production fishing_mortality","fixed-catch-14","fixed-catch 14"
2025,"catch","all",45145.9157404822,"t","Illustrative surplus-production catch","fixed-catch-14","fixed-catch 14"
2026,"total_biomass","all",1363243.7669205,"t","Illustrative surplus-production total_biomass","fixed-catch-14","fixed-catch 14"
2026,"biomass_depletion","all",0.432082464284263,"ratio","Illustrative surplus-production biomass_depletion","fixed-catch-14","fixed-catch 14"
2026,"fishing_mortality","all",0.0336773070986822,"per year","Illustrative surplus-production fishing_mortality","fixed-catch-14","fixed-catch 14"
2026,"catch","all",45145.9157404822,"t","Illustrative surplus-production catch","fixed-catch-14","fixed-catch 14"
2027,"total_biomass","all",1555757.88772522,"t","Illustrative surplus-production total_biomass","fixed-catch-14","fixed-catch 14"
2027,"biomass_depletion","all",0.493100147067972,"ratio","Illustrative surplus-production biomass_depletion","fixed-catch-14","fixed-catch 14"
2027,"fishing_mortality","all",0.0294479663176939,"per year","Illustrative surplus-production fishing_mortality","fixed-catch-14","fixed-catch 14"
2027,"catch","all",45145.9157404822,"t","Illustrative surplus-production catch","fixed-catch-14","fixed-catch 14"
2028,"total_biomass","all",1742186.47462676,"t","Illustrative surplus-production total_biomass","fixed-catch-14","fixed-catch 14"
2028,"biomass_depletion","all",0.552189009380114,"ratio","Illustrative surplus-production biomass_depletion","fixed-catch-14","fixed-catch 14"
2028,"fishing_mortality","all",0.0262550326733252,"per year","Illustrative surplus-production fishing_mortality","fixed-catch-14","fixed-catch 14"
2028,"catch","all",45145.9157404822,"t","Illustrative surplus-production catch","fixed-catch-14","fixed-catch 14"
2029,"total_biomass","all",1909317.49762363,"t","Illustrative surplus-production total_biomass","fixed-catch-14","fixed-catch 14"
2029,"biomass_depletion","all",0.605161475513568,"ratio","Illustrative surplus-production biomass_depletion","fixed-catch-14","fixed-catch 14"
2029,"fishing_mortality","all",0.023929084719948,"per year","Illustrative surplus-production fishing_mortality","fixed-catch-14","fixed-catch 14"
2029,"catch","all",45145.9157404822,"t","Illustrative surplus-production catch","fixed-catch-14","fixed-catch 14"
2030,"total_biomass","all",2095649.30671405,"t","Illustrative surplus-production total_biomass","fixed-catch-14","fixed-catch 14"
2030,"biomass_depletion","all",0.664219663931477,"ratio","Illustrative surplus-production biomass_depletion","fixed-catch-14","fixed-catch 14"
2030,"fishing_mortality","all",0.0217781173822658,"per year","Illustrative surplus-production fishing_mortality","fixed-catch-14","fixed-catch 14"
2030,"catch","all",45145.9157404822,"t","Illustrative surplus-production catch","fixed-catch-14","fixed-catch 14"
2031,"total_biomass","all",2254192.12901048,"t","Illustrative surplus-production total_biomass","fixed-catch-14","fixed-catch 14"
2031,"biomass_depletion","all",0.714470085033472,"ratio","Illustrative surplus-production biomass_depletion","fixed-catch-14","fixed-catch 14"
2031,"fishing_mortality","all",0.020230806452704,"per year","Illustrative surplus-production fishing_mortality","fixed-catch-14","fixed-catch 14"
2031,"catch","all",45145.9157404822,"t","Illustrative surplus-production catch","fixed-catch-14","fixed-catch 14"
2032,"total_biomass","all",2426499.38187462,"t","Illustrative surplus-production total_biomass","fixed-catch-14","fixed-catch 14"
2032,"biomass_depletion","all",0.76908316615525,"ratio","Illustrative surplus-production biomass_depletion","fixed-catch-14","fixed-catch 14"
2032,"fishing_mortality","all",0.0187806258296284,"per year","Illustrative surplus-production fishing_mortality","fixed-catch-14","fixed-catch 14"
2032,"catch","all",45145.9157404822,"t","Illustrative surplus-production catch","fixed-catch-14","fixed-catch 14"
2033,"total_biomass","all",2534758.19881973,"t","Illustrative surplus-production total_biomass","fixed-catch-14","fixed-catch 14"
2033,"biomass_depletion","all",0.80339598499308,"ratio","Illustrative surplus-production biomass_depletion","fixed-catch-14","fixed-catch 14"
2033,"fishing_mortality","all",0.0179712586668369,"per year","Illustrative surplus-production fishing_mortality","fixed-catch-14","fixed-catch 14"
2033,"catch","all",45145.9157404822,"t","Illustrative surplus-production catch","fixed-catch-14","fixed-catch 14"
2034,"total_biomass","all",2655459.74781179,"t","Illustrative surplus-production total_biomass","fixed-catch-14","fixed-catch 14"
2034,"biomass_depletion","all",0.841652549223868,"ratio","Illustrative surplus-production biomass_depletion","fixed-catch-14","fixed-catch 14"
2034,"fishing_mortality","all",0.0171473464415345,"per year","Illustrative surplus-production fishing_mortality","fixed-catch-14","fixed-catch 14"
2034,"catch","all",45145.9157404822,"t","Illustrative surplus-production catch","fixed-catch-14","fixed-catch 14"
2035,"total_biomass","all",2741741.08709698,"t","Illustrative surplus-production total_biomass","fixed-catch-14","fixed-catch 14"
2035,"biomass_depletion","all",0.868999568593929,"ratio","Illustrative surplus-production biomass_depletion","fixed-catch-14","fixed-catch 14"
2035,"fishing_mortality","all",0.0166032222699596,"per year","Illustrative surplus-production fishing_mortality","fixed-catch-14","fixed-catch 14"
2035,"catch","all",45145.9157404822,"t","Illustrative surplus-production catch","fixed-catch-14","fixed-catch 14"
2036,"total_biomass","all",2795296.54369675,"t","Illustrative surplus-production total_biomass","fixed-catch-14","fixed-catch 14"
2036,"biomass_depletion","all",0.885974062976378,"ratio","Illustrative surplus-production biomass_depletion","fixed-catch-14","fixed-catch 14"
2036,"fishing_mortality","all",0.0162825149220497,"per year","Illustrative surplus-production fishing_mortality","fixed-catch-14","fixed-catch 14"
2036,"catch","all",45145.9157404822,"t","Illustrative surplus-production catch","fixed-catch-14","fixed-catch 14"
2037,"total_biomass","all",2844026.80939826,"t","Illustrative surplus-production total_biomass","fixed-catch-14","fixed-catch 14"
2037,"biomass_depletion","all",0.901419204777466,"ratio","Illustrative surplus-production biomass_depletion","fixed-catch-14","fixed-catch 14"
2037,"fishing_mortality","all",0.0160012820975779,"per year","Illustrative surplus-production fishing_mortality","fixed-catch-14","fixed-catch 14"
2037,"catch","all",45145.9157404822,"t","Illustrative surplus-production catch","fixed-catch-14","fixed-catch 14"
2038,"total_biomass","all",2876840.17592348,"t","Illustrative surplus-production total_biomass","fixed-catch-14","fixed-catch 14"
2038,"biomass_depletion","all",0.911819457919063,"ratio","Illustrative surplus-production biomass_depletion","fixed-catch-14","fixed-catch 14"
2038,"fishing_mortality","all",0.0158173196597363,"per year","Illustrative surplus-production fishing_mortality","fixed-catch-14","fixed-catch 14"
2038,"catch","all",45145.9157404822,"t","Illustrative surplus-production catch","fixed-catch-14","fixed-catch 14"
2039,"total_biomass","all",2896334.2213338,"t","Illustrative surplus-production total_biomass","fixed-catch-14","fixed-catch 14"
2039,"biomass_depletion","all",0.917998129250009,"ratio","Illustrative surplus-production biomass_depletion","fixed-catch-14","fixed-catch 14"
2039,"fishing_mortality","all",0.0157100190712884,"per year","Illustrative surplus-production fishing_mortality","fixed-catch-14","fixed-catch 14"
2039,"catch","all",45145.9157404822,"t","Illustrative surplus-production catch","fixed-catch-14","fixed-catch 14"
2040,"total_biomass","all",2933930.75809986,"t","Illustrative surplus-production total_biomass","fixed-catch-14","fixed-catch 14"
2040,"biomass_depletion","all",0.929914416453088,"ratio","Illustrative surplus-production biomass_depletion","fixed-catch-14","fixed-catch 14"
2040,"fishing_mortality","all",0.0155071356823798,"per year","Illustrative surplus-production fishing_mortality","fixed-catch-14","fixed-catch 14"
2040,"catch","all",45145.9157404822,"t","Illustrative surplus-production catch","fixed-catch-14","fixed-catch 14"
2041,"total_biomass","all",2958499.16657525,"t","Illustrative surplus-production total_biomass","fixed-catch-14","fixed-catch 14"
2041,"biomass_depletion","all",0.937701415913623,"ratio","Illustrative surplus-production biomass_depletion","fixed-catch-14","fixed-catch 14"
2041,"fishing_mortality","all",0.0153773637824631,"per year","Illustrative surplus-production fishing_mortality","fixed-catch-14","fixed-catch 14"
2041,"catch","all",45145.9157404822,"t","Illustrative surplus-production catch","fixed-catch-14","fixed-catch 14"
2042,"total_biomass","all",2969091.80558577,"t","Illustrative surplus-production total_biomass","fixed-catch-14","fixed-catch 14"
2042,"biomass_depletion","all",0.941058771126242,"ratio","Illustrative surplus-production biomass_depletion","fixed-catch-14","fixed-catch 14"
2042,"fishing_mortality","all",0.015322080495011,"per year","Illustrative surplus-production fishing_mortality","fixed-catch-14","fixed-catch 14"
2042,"catch","all",45145.9157404822,"t","Illustrative surplus-production catch","fixed-catch-14","fixed-catch 14"
2043,"total_biomass","all",2970656.87577965,"t","Illustrative surplus-production total_biomass","fixed-catch-14","fixed-catch 14"
2043,"biomass_depletion","all",0.941554822824814,"ratio","Illustrative surplus-production biomass_depletion","fixed-catch-14","fixed-catch 14"
2043,"fishing_mortality","all",0.0153139460355757,"per year","Illustrative surplus-production fishing_mortality","fixed-catch-14","fixed-catch 14"
2043,"catch","all",45145.9157404822,"t","Illustrative surplus-production catch","fixed-catch-14","fixed-catch 14"
2044,"total_biomass","all",2979606.12506664,"t","Illustrative surplus-production total_biomass","fixed-catch-14","fixed-catch 14"
2044,"biomass_depletion","all",0.944391302828791,"ratio","Illustrative surplus-production biomass_depletion","fixed-catch-14","fixed-catch 14"
2044,"fishing_mortality","all",0.0152675976703897,"per year","Illustrative surplus-production fishing_mortality","fixed-catch-14","fixed-catch 14"
2044,"catch","all",45145.9157404822,"t","Illustrative surplus-production catch","fixed-catch-14","fixed-catch 14"
2045,"total_biomass","all",2980245.41559512,"t","Illustrative surplus-production total_biomass","fixed-catch-14","fixed-catch 14"
2045,"biomass_depletion","all",0.944593927064928,"ratio","Illustrative surplus-production biomass_depletion","fixed-catch-14","fixed-catch 14"
2045,"fishing_mortality","all",0.0152642975045341,"per year","Illustrative surplus-production fishing_mortality","fixed-catch-14","fixed-catch 14"
2045,"catch","all",45145.9157404822,"t","Illustrative surplus-production catch","fixed-catch-14","fixed-catch 14"
2046,"total_biomass","all",2986894.82866821,"t","Illustrative surplus-production total_biomass","fixed-catch-14","fixed-catch 14"
2046,"biomass_depletion","all",0.946701470012404,"ratio","Illustrative surplus-production biomass_depletion","fixed-catch-14","fixed-catch 14"
2046,"fishing_mortality","all",0.0152300560988757,"per year","Illustrative surplus-production fishing_mortality","fixed-catch-14","fixed-catch 14"
2046,"catch","all",45145.9157404822,"t","Illustrative surplus-production catch","fixed-catch-14","fixed-catch 14"
2047,"total_biomass","all",2992778.16852773,"t","Illustrative surplus-production total_biomass","fixed-catch-14","fixed-catch 14"
2047,"biomass_depletion","all",0.948566204732935,"ratio","Illustrative surplus-production biomass_depletion","fixed-catch-14","fixed-catch 14"
2047,"fishing_mortality","all",0.0151998874595047,"per year","Illustrative surplus-production fishing_mortality","fixed-catch-14","fixed-catch 14"
2047,"catch","all",45145.9157404822,"t","Illustrative surplus-production catch","fixed-catch-14","fixed-catch 14"
2048,"total_biomass","all",2994365.94559911,"t","Illustrative surplus-production total_biomass","fixed-catch-14","fixed-catch 14"
2048,"biomass_depletion","all",0.949069453415512,"ratio","Illustrative surplus-production biomass_depletion","fixed-catch-14","fixed-catch 14"
2048,"fishing_mortality","all",0.0151917661127391,"per year","Illustrative surplus-production fishing_mortality","fixed-catch-14","fixed-catch 14"
2048,"catch","all",45145.9157404822,"t","Illustrative surplus-production catch","fixed-catch-14","fixed-catch 14"
2049,"total_biomass","all",2994573.108517,"t","Illustrative surplus-production total_biomass","fixed-catch-14","fixed-catch 14"
2049,"biomass_depletion","all",0.949135114059811,"ratio","Illustrative surplus-production biomass_depletion","fixed-catch-14","fixed-catch 14"
2049,"fishing_mortality","all",0.0151907071317563,"per year","Illustrative surplus-production fishing_mortality","fixed-catch-14","fixed-catch 14"
2049,"catch","all",45145.9157404822,"t","Illustrative surplus-production catch","fixed-catch-14","fixed-catch 14"
2050,"total_biomass","all",2999072.42962677,"t","Illustrative surplus-production total_biomass","fixed-catch-14","fixed-catch 14"
2050,"biomass_depletion","all",0.9505611816494,"ratio","Illustrative surplus-production biomass_depletion","fixed-catch-14","fixed-catch 14"
2050,"fishing_mortality","all",0.0151677437505687,"per year","Illustrative surplus-production fishing_mortality","fixed-catch-14","fixed-catch 14"
2050,"catch","all",45145.9157404822,"t","Illustrative surplus-production catch","fixed-catch-14","fixed-catch 14"
2051,"total_biomass","all",3002231.62931259,"t","Illustrative surplus-production total_biomass","fixed-catch-14","fixed-catch 14"
2051,"biomass_depletion","all",0.95156249544121,"ratio","Illustrative surplus-production biomass_depletion","fixed-catch-14","fixed-catch 14"
2051,"fishing_mortality","all",0.0151516614502075,"per year","Illustrative surplus-production fishing_mortality","fixed-catch-14","fixed-catch 14"
2051,"catch","all",45145.9157404822,"t","Illustrative surplus-production catch","fixed-catch-14","fixed-catch 14"
2052,"total_biomass","all",3002064.37359893,"t","Illustrative surplus-production total_biomass","fixed-catch-14","fixed-catch 14"
2052,"biomass_depletion","all",0.951509483454155,"ratio","Illustrative surplus-production biomass_depletion","fixed-catch-14","fixed-catch 14"
2052,"fishing_mortality","all",0.0151525120312526,"per year","Illustrative surplus-production fishing_mortality","fixed-catch-14","fixed-catch 14"
2052,"catch","all",45145.9157404822,"t","Illustrative surplus-production catch","fixed-catch-14","fixed-catch 14"
2023,"total_biomass","all",902918.314809643,"t","Illustrative surplus-production total_biomass","fixed-catch-15","fixed-catch 15"
2023,"biomass_depletion","all",0.286181517918576,"ratio","Illustrative surplus-production biomass_depletion","fixed-catch-15","fixed-catch 15"
2023,"fishing_mortality","all",0.0512932943875505,"per year","Illustrative surplus-production fishing_mortality","fixed-catch-15","fixed-catch 15"
2023,"catch","all",45145.9157404822,"t","Illustrative surplus-production catch","fixed-catch-15","fixed-catch 15"
2024,"total_biomass","all",1065516.71530564,"t","Illustrative surplus-production total_biomass","fixed-catch-15","fixed-catch 15"
2024,"biomass_depletion","all",0.337717361529065,"ratio","Illustrative surplus-production biomass_depletion","fixed-catch-15","fixed-catch 15"
2024,"fishing_mortality","all",0.0432937699700292,"per year","Illustrative surplus-production fishing_mortality","fixed-catch-15","fixed-catch 15"
2024,"catch","all",45145.9157404822,"t","Illustrative surplus-production catch","fixed-catch-15","fixed-catch 15"
2025,"total_biomass","all",1234810.58902148,"t","Illustrative surplus-production total_biomass","fixed-catch-15","fixed-catch 15"
2025,"biomass_depletion","all",0.391375346930025,"ratio","Illustrative surplus-production biomass_depletion","fixed-catch-15","fixed-catch 15"
2025,"fishing_mortality","all",0.0372461088491522,"per year","Illustrative surplus-production fishing_mortality","fixed-catch-15","fixed-catch 15"
2025,"catch","all",45145.9157404822,"t","Illustrative surplus-production catch","fixed-catch-15","fixed-catch 15"
2026,"total_biomass","all",1442010.5912767,"t","Illustrative surplus-production total_biomass","fixed-catch-15","fixed-catch 15"
2026,"biomass_depletion","all",0.457047745180838,"ratio","Illustrative surplus-production biomass_depletion","fixed-catch-15","fixed-catch 15"
2026,"fishing_mortality","all",0.0318081760103941,"per year","Illustrative surplus-production fishing_mortality","fixed-catch-15","fixed-catch 15"
2026,"catch","all",45145.9157404822,"t","Illustrative surplus-production catch","fixed-catch-15","fixed-catch 15"
2027,"total_biomass","all",1608171.74090685,"t","Illustrative surplus-production total_biomass","fixed-catch-15","fixed-catch 15"
2027,"biomass_depletion","all",0.509712808277134,"ratio","Illustrative surplus-production biomass_depletion","fixed-catch-15","fixed-catch 15"
2027,"fishing_mortality","all",0.0284743949781645,"per year","Illustrative surplus-production fishing_mortality","fixed-catch-15","fixed-catch 15"
2027,"catch","all",45145.9157404822,"t","Illustrative surplus-production catch","fixed-catch-15","fixed-catch 15"
2028,"total_biomass","all",1797220.3687764,"t","Illustrative surplus-production total_biomass","fixed-catch-15","fixed-catch 15"
2028,"biomass_depletion","all",0.569632097095125,"ratio","Illustrative surplus-production biomass_depletion","fixed-catch-15","fixed-catch 15"
2028,"fishing_mortality","all",0.0254407441302661,"per year","Illustrative surplus-production fishing_mortality","fixed-catch-15","fixed-catch 15"
2028,"catch","all",45145.9157404822,"t","Illustrative surplus-production catch","fixed-catch-15","fixed-catch 15"
2029,"total_biomass","all",2004682.22434627,"t","Illustrative surplus-production total_biomass","fixed-catch-15","fixed-catch 15"
2029,"biomass_depletion","all",0.635387490205856,"ratio","Illustrative surplus-production biomass_depletion","fixed-catch-15","fixed-catch 15"
2029,"fishing_mortality","all",0.022777688587871,"per year","Illustrative surplus-production fishing_mortality","fixed-catch-15","fixed-catch 15"
2029,"catch","all",45145.9157404822,"t","Illustrative surplus-production catch","fixed-catch-15","fixed-catch 15"
2030,"total_biomass","all",2166365.22463402,"t","Illustrative surplus-production total_biomass","fixed-catch-15","fixed-catch 15"
2030,"biomass_depletion","all",0.686633196140767,"ratio","Illustrative surplus-production biomass_depletion","fixed-catch-15","fixed-catch 15"
2030,"fishing_mortality","all",0.0210596824068993,"per year","Illustrative surplus-production fishing_mortality","fixed-catch-15","fixed-catch 15"
2030,"catch","all",45145.9157404822,"t","Illustrative surplus-production catch","fixed-catch-15","fixed-catch 15"
2031,"total_biomass","all",2298054.66668565,"t","Illustrative surplus-production total_biomass","fixed-catch-15","fixed-catch 15"
2031,"biomass_depletion","all",0.728372392037055,"ratio","Illustrative surplus-production biomass_depletion","fixed-catch-15","fixed-catch 15"
2031,"fishing_mortality","all",0.0198408084577868,"per year","Illustrative surplus-production fishing_mortality","fixed-catch-15","fixed-catch 15"
2031,"catch","all",45145.9157404822,"t","Illustrative surplus-production catch","fixed-catch-15","fixed-catch 15"
2032,"total_biomass","all",2448219.73121527,"t","Illustrative surplus-production total_biomass","fixed-catch-15","fixed-catch 15"
2032,"biomass_depletion","all",0.775967468358535,"ratio","Illustrative surplus-production biomass_depletion","fixed-catch-15","fixed-catch 15"
2032,"fishing_mortality","all",0.0186124457724925,"per year","Illustrative surplus-production fishing_mortality","fixed-catch-15","fixed-catch 15"
2032,"catch","all",45145.9157404822,"t","Illustrative surplus-production catch","fixed-catch-15","fixed-catch 15"
2033,"total_biomass","all",2559453.49826726,"t","Illustrative surplus-production total_biomass","fixed-catch-15","fixed-catch 15"
2033,"biomass_depletion","all",0.811223202766192,"ratio","Illustrative surplus-production biomass_depletion","fixed-catch-15","fixed-catch 15"
2033,"fishing_mortality","all",0.0177963079157638,"per year","Illustrative surplus-production fishing_mortality","fixed-catch-15","fixed-catch 15"
2033,"catch","all",45145.9157404822,"t","Illustrative surplus-production catch","fixed-catch-15","fixed-catch 15"
2034,"total_biomass","all",2653247.09861112,"t","Illustrative surplus-production total_biomass","fixed-catch-15","fixed-catch 15"
2034,"biomass_depletion","all",0.840951246241658,"ratio","Illustrative surplus-production biomass_depletion","fixed-catch-15","fixed-catch 15"
2034,"fishing_mortality","all",0.0171617697117886,"per year","Illustrative surplus-production fishing_mortality","fixed-catch-15","fixed-catch 15"
2034,"catch","all",45145.9157404822,"t","Illustrative surplus-production catch","fixed-catch-15","fixed-catch 15"
2035,"total_biomass","all",2742301.5093487,"t","Illustrative surplus-production total_biomass","fixed-catch-15","fixed-catch 15"
2035,"biomass_depletion","all",0.869177195393656,"ratio","Illustrative surplus-production biomass_depletion","fixed-catch-15","fixed-catch 15"
2035,"fishing_mortality","all",0.016599800883445,"per year","Illustrative surplus-production fishing_mortality","fixed-catch-15","fixed-catch 15"
2035,"catch","all",45145.9157404822,"t","Illustrative surplus-production catch","fixed-catch-15","fixed-catch 15"
2036,"total_biomass","all",2824212.80299121,"t","Illustrative surplus-production total_biomass","fixed-catch-15","fixed-catch 15"
2036,"biomass_depletion","all",0.895139121256494,"ratio","Illustrative surplus-production biomass_depletion","fixed-catch-15","fixed-catch 15"
2036,"fishing_mortality","all",0.0161144526680983,"per year","Illustrative surplus-production fishing_mortality","fixed-catch-15","fixed-catch 15"
2036,"catch","all",45145.9157404822,"t","Illustrative surplus-production catch","fixed-catch-15","fixed-catch 15"
2037,"total_biomass","all",2867945.70588817,"t","Illustrative surplus-production total_biomass","fixed-catch-15","fixed-catch 15"
2037,"biomass_depletion","all",0.909000340293431,"ratio","Illustrative surplus-production biomass_depletion","fixed-catch-15","fixed-catch 15"
2037,"fishing_mortality","all",0.0158667657542084,"per year","Illustrative surplus-production fishing_mortality","fixed-catch-15","fixed-catch 15"
2037,"catch","all",45145.9157404822,"t","Illustrative surplus-production catch","fixed-catch-15","fixed-catch 15"
2038,"total_biomass","all",2906988.28235939,"t","Illustrative surplus-production total_biomass","fixed-catch-15","fixed-catch 15"
2038,"biomass_depletion","all",0.92137495227629,"ratio","Illustrative surplus-production biomass_depletion","fixed-catch-15","fixed-catch 15"
2038,"fishing_mortality","all",0.0156519891657803,"per year","Illustrative surplus-production fishing_mortality","fixed-catch-15","fixed-catch 15"
2038,"catch","all",45145.9157404822,"t","Illustrative surplus-production catch","fixed-catch-15","fixed-catch 15"
2039,"total_biomass","all",2919508.7510603,"t","Illustrative surplus-production total_biomass","fixed-catch-15","fixed-catch 15"
2039,"biomass_depletion","all",0.925343336435862,"ratio","Illustrative surplus-production biomass_depletion","fixed-catch-15","fixed-catch 15"
2039,"fishing_mortality","all",0.0155843389987197,"per year","Illustrative surplus-production fishing_mortality","fixed-catch-15","fixed-catch 15"
2039,"catch","all",45145.9157404822,"t","Illustrative surplus-production catch","fixed-catch-15","fixed-catch 15"
2040,"total_biomass","all",2940015.3964629,"t","Illustrative surplus-production total_biomass","fixed-catch-15","fixed-catch 15"
2040,"biomass_depletion","all",0.931842953081663,"ratio","Illustrative surplus-production biomass_depletion","fixed-catch-15","fixed-catch 15"
2040,"fishing_mortality","all",0.0154747925995235,"per year","Illustrative surplus-production fishing_mortality","fixed-catch-15","fixed-catch 15"
2040,"catch","all",45145.9157404822,"t","Illustrative surplus-production catch","fixed-catch-15","fixed-catch 15"
2041,"total_biomass","all",2947009.07704793,"t","Illustrative surplus-production total_biomass","fixed-catch-15","fixed-catch 15"
2041,"biomass_depletion","all",0.934059612211102,"ratio","Illustrative surplus-production biomass_depletion","fixed-catch-15","fixed-catch 15"
2041,"fishing_mortality","all",0.0154377837348486,"per year","Illustrative surplus-production fishing_mortality","fixed-catch-15","fixed-catch 15"
2041,"catch","all",45145.9157404822,"t","Illustrative surplus-production catch","fixed-catch-15","fixed-catch 15"
2042,"total_biomass","all",2952576.35116066,"t","Illustrative surplus-production total_biomass","fixed-catch-15","fixed-catch 15"
2042,"biomass_depletion","all",0.935824169347796,"ratio","Illustrative surplus-production biomass_depletion","fixed-catch-15","fixed-catch 15"
2042,"fishing_mortality","all",0.015408449373625,"per year","Illustrative surplus-production fishing_mortality","fixed-catch-15","fixed-catch 15"
2042,"catch","all",45145.9157404822,"t","Illustrative surplus-production catch","fixed-catch-15","fixed-catch 15"
2043,"total_biomass","all",2970851.47786316,"t","Illustrative surplus-production total_biomass","fixed-catch-15","fixed-catch 15"
2043,"biomass_depletion","all",0.94161650229098,"ratio","Illustrative surplus-production biomass_depletion","fixed-catch-15","fixed-catch 15"
2043,"fishing_mortality","all",0.0153129351940774,"per year","Illustrative surplus-production fishing_mortality","fixed-catch-15","fixed-catch 15"
2043,"catch","all",45145.9157404822,"t","Illustrative surplus-production catch","fixed-catch-15","fixed-catch 15"
2044,"total_biomass","all",2980553.38676035,"t","Illustrative surplus-production total_biomass","fixed-catch-15","fixed-catch 15"
2044,"biomass_depletion","all",0.944691539057169,"ratio","Illustrative surplus-production biomass_depletion","fixed-catch-15","fixed-catch 15"
2044,"fishing_mortality","all",0.0152627081951629,"per year","Illustrative surplus-production fishing_mortality","fixed-catch-15","fixed-catch 15"
2044,"catch","all",45145.9157404822,"t","Illustrative surplus-production catch","fixed-catch-15","fixed-catch 15"
2045,"total_biomass","all",2987029.52128563,"t","Illustrative surplus-production total_biomass","fixed-catch-15","fixed-catch 15"
2045,"biomass_depletion","all",0.946744161069916,"ratio","Illustrative surplus-production biomass_depletion","fixed-catch-15","fixed-catch 15"
2045,"fishing_mortality","all",0.0152293640815108,"per year","Illustrative surplus-production fishing_mortality","fixed-catch-15","fixed-catch 15"
2045,"catch","all",45145.9157404822,"t","Illustrative surplus-production catch","fixed-catch-15","fixed-catch 15"
2046,"total_biomass","all",2987463.52164646,"t","Illustrative surplus-production total_biomass","fixed-catch-15","fixed-catch 15"
2046,"biomass_depletion","all",0.946881718233174,"ratio","Illustrative surplus-production biomass_depletion","fixed-catch-15","fixed-catch 15"
2046,"fishing_mortality","all",0.0152271347226838,"per year","Illustrative surplus-production fishing_mortality","fixed-catch-15","fixed-catch 15"
2046,"catch","all",45145.9157404822,"t","Illustrative surplus-production catch","fixed-catch-15","fixed-catch 15"
2047,"total_biomass","all",2985146.55064036,"t","Illustrative surplus-production total_biomass","fixed-catch-15","fixed-catch 15"
2047,"biomass_depletion","all",0.94614735027472,"ratio","Illustrative surplus-production biomass_depletion","fixed-catch-15","fixed-catch 15"
2047,"fishing_mortality","all",0.0152390440284179,"per year","Illustrative surplus-production fishing_mortality","fixed-catch-15","fixed-catch 15"
2047,"catch","all",45145.9157404822,"t","Illustrative surplus-production catch","fixed-catch-15","fixed-catch 15"
2048,"total_biomass","all",2989754.92945235,"t","Illustrative surplus-production total_biomass","fixed-catch-15","fixed-catch 15"
2048,"biomass_depletion","all",0.947607983891211,"ratio","Illustrative surplus-production biomass_depletion","fixed-catch-15","fixed-catch 15"
2048,"fishing_mortality","all",0.0152153751061478,"per year","Illustrative surplus-production fishing_mortality","fixed-catch-15","fixed-catch 15"
2048,"catch","all",45145.9157404822,"t","Illustrative surplus-production catch","fixed-catch-15","fixed-catch 15"
2049,"total_biomass","all",2987403.86581462,"t","Illustrative surplus-production total_biomass","fixed-catch-15","fixed-catch 15"
2049,"biomass_depletion","all",0.946862810214334,"ratio","Illustrative surplus-production biomass_depletion","fixed-catch-15","fixed-catch 15"
2049,"fishing_mortality","all",0.0152274411221116,"per year","Illustrative surplus-production fishing_mortality","fixed-catch-15","fixed-catch 15"
2049,"catch","all",45145.9157404822,"t","Illustrative surplus-production catch","fixed-catch-15","fixed-catch 15"
2050,"total_biomass","all",2999867.5998024,"t","Illustrative surplus-production total_biomass","fixed-catch-15","fixed-catch 15"
2050,"biomass_depletion","all",0.950813212208679,"ratio","Illustrative surplus-production biomass_depletion","fixed-catch-15","fixed-catch 15"
2050,"fishing_mortality","all",0.0151636926232232,"per year","Illustrative surplus-production fishing_mortality","fixed-catch-15","fixed-catch 15"
2050,"catch","all",45145.9157404822,"t","Illustrative surplus-production catch","fixed-catch-15","fixed-catch 15"
2051,"total_biomass","all",2999123.59399107,"t","Illustrative surplus-production total_biomass","fixed-catch-15","fixed-catch 15"
2051,"biomass_depletion","all",0.950577398282953,"ratio","Illustrative surplus-production biomass_depletion","fixed-catch-15","fixed-catch 15"
2051,"fishing_mortality","all",0.0151674830200058,"per year","Illustrative surplus-production fishing_mortality","fixed-catch-15","fixed-catch 15"
2051,"catch","all",45145.9157404822,"t","Illustrative surplus-production catch","fixed-catch-15","fixed-catch 15"
2052,"total_biomass","all",2999438.60340878,"t","Illustrative surplus-production total_biomass","fixed-catch-15","fixed-catch 15"
2052,"biomass_depletion","all",0.950677241061464,"ratio","Illustrative surplus-production biomass_depletion","fixed-catch-15","fixed-catch 15"
2052,"fishing_mortality","all",0.015165877948185,"per year","Illustrative surplus-production fishing_mortality","fixed-catch-15","fixed-catch 15"
2052,"catch","all",45145.9157404822,"t","Illustrative surplus-production catch","fixed-catch-15","fixed-catch 15"
2023,"total_biomass","all",902918.314809643,"t","Illustrative surplus-production total_biomass","fixed-catch-16","fixed-catch 16"
2023,"biomass_depletion","all",0.286181517918576,"ratio","Illustrative surplus-production biomass_depletion","fixed-catch-16","fixed-catch 16"
2023,"fishing_mortality","all",0.0512932943875505,"per year","Illustrative surplus-production fishing_mortality","fixed-catch-16","fixed-catch 16"
2023,"catch","all",45145.9157404822,"t","Illustrative surplus-production catch","fixed-catch-16","fixed-catch 16"
2024,"total_biomass","all",1058680.01076201,"t","Illustrative surplus-production total_biomass","fixed-catch-16","fixed-catch 16"
2024,"biomass_depletion","all",0.335550456226817,"ratio","Illustrative surplus-production biomass_depletion","fixed-catch-16","fixed-catch 16"
2024,"fishing_mortality","all",0.043579532047545,"per year","Illustrative surplus-production fishing_mortality","fixed-catch-16","fixed-catch 16"
2024,"catch","all",45145.9157404822,"t","Illustrative surplus-production catch","fixed-catch-16","fixed-catch 16"
2025,"total_biomass","all",1243893.42403105,"t","Illustrative surplus-production total_biomass","fixed-catch-16","fixed-catch 16"
2025,"biomass_depletion","all",0.394254167159285,"ratio","Illustrative surplus-production biomass_depletion","fixed-catch-16","fixed-catch 16"
2025,"fishing_mortality","all",0.0369690500225422,"per year","Illustrative surplus-production fishing_mortality","fixed-catch-16","fixed-catch 16"
2025,"catch","all",45145.9157404822,"t","Illustrative surplus-production catch","fixed-catch-16","fixed-catch 16"
2026,"total_biomass","all",1429772.60578154,"t","Illustrative surplus-production total_biomass","fixed-catch-16","fixed-catch 16"
2026,"biomass_depletion","all",0.453168894560768,"ratio","Illustrative surplus-production biomass_depletion","fixed-catch-16","fixed-catch 16"
2026,"fishing_mortality","all",0.0320848492603493,"per year","Illustrative surplus-production fishing_mortality","fixed-catch-16","fixed-catch 16"
2026,"catch","all",45145.9157404822,"t","Illustrative surplus-production catch","fixed-catch-16","fixed-catch 16"
2027,"total_biomass","all",1619471.78591941,"t","Illustrative surplus-production total_biomass","fixed-catch-16","fixed-catch 16"
2027,"biomass_depletion","all",0.513294377042768,"ratio","Illustrative surplus-production biomass_depletion","fixed-catch-16","fixed-catch 16"
2027,"fishing_mortality","all",0.0282728762840306,"per year","Illustrative surplus-production fishing_mortality","fixed-catch-16","fixed-catch 16"
2027,"catch","all",45145.9157404822,"t","Illustrative surplus-production catch","fixed-catch-16","fixed-catch 16"
2028,"total_biomass","all",1841479.24460966,"t","Illustrative surplus-production total_biomass","fixed-catch-16","fixed-catch 16"
2028,"biomass_depletion","all",0.583660024161818,"ratio","Illustrative surplus-production biomass_depletion","fixed-catch-16","fixed-catch 16"
2028,"fishing_mortality","all",0.0248216381261649,"per year","Illustrative surplus-production fishing_mortality","fixed-catch-16","fixed-catch 16"
2028,"catch","all",45145.9157404822,"t","Illustrative surplus-production catch","fixed-catch-16","fixed-catch 16"
2029,"total_biomass","all",2039173.87009543,"t","Illustrative surplus-production total_biomass","fixed-catch-16","fixed-catch 16"
2029,"biomass_depletion","all",0.646319676843456,"ratio","Illustrative surplus-production biomass_depletion","fixed-catch-16","fixed-catch 16"
2029,"fishing_mortality","all",0.0223880695193434,"per year","Illustrative surplus-production fishing_mortality","fixed-catch-16","fixed-catch 16"
2029,"catch","all",45145.9157404822,"t","Illustrative surplus-production catch","fixed-catch-16","fixed-catch 16"
2030,"total_biomass","all",2220928.42725717,"t","Illustrative surplus-production total_biomass","fixed-catch-16","fixed-catch 16"
2030,"biomass_depletion","all",0.703927097364248,"ratio","Illustrative surplus-production biomass_depletion","fixed-catch-16","fixed-catch 16"
2030,"fishing_mortality","all",0.0205369436877989,"per year","Illustrative surplus-production fishing_mortality","fixed-catch-16","fixed-catch 16"
2030,"catch","all",45145.9157404822,"t","Illustrative surplus-production catch","fixed-catch-16","fixed-catch 16"
2031,"total_biomass","all",2389922.67420453,"t","Illustrative surplus-production total_biomass","fixed-catch-16","fixed-catch 16"
2031,"biomass_depletion","all",0.757490115543915,"ratio","Illustrative surplus-production biomass_depletion","fixed-catch-16","fixed-catch 16"
2031,"fishing_mortality","all",0.0190708131134012,"per year","Illustrative surplus-production fishing_mortality","fixed-catch-16","fixed-catch 16"
2031,"catch","all",45145.9157404822,"t","Illustrative surplus-production catch","fixed-catch-16","fixed-catch 16"
2032,"total_biomass","all",2522901.08349845,"t","Illustrative surplus-production total_biomass","fixed-catch-16","fixed-catch 16"
2032,"biomass_depletion","all",0.799637851831835,"ratio","Illustrative surplus-production biomass_depletion","fixed-catch-16","fixed-catch 16"
2032,"fishing_mortality","all",0.01805648701595,"per year","Illustrative surplus-production fishing_mortality","fixed-catch-16","fixed-catch 16"
2032,"catch","all",45145.9157404822,"t","Illustrative surplus-production catch","fixed-catch-16","fixed-catch 16"
2033,"total_biomass","all",2672138.56823263,"t","Illustrative surplus-production total_biomass","fixed-catch-16","fixed-catch 16"
2033,"biomass_depletion","all",0.846938930136557,"ratio","Illustrative surplus-production biomass_depletion","fixed-catch-16","fixed-catch 16"
2033,"fishing_mortality","all",0.0170393999183805,"per year","Illustrative surplus-production fishing_mortality","fixed-catch-16","fixed-catch 16"
2033,"catch","all",45145.9157404822,"t","Illustrative surplus-production catch","fixed-catch-16","fixed-catch 16"
2034,"total_biomass","all",2752773.28366358,"t","Illustrative surplus-production total_biomass","fixed-catch-16","fixed-catch 16"
2034,"biomass_depletion","all",0.872496242332433,"ratio","Illustrative surplus-production biomass_depletion","fixed-catch-16","fixed-catch 16"
2034,"fishing_mortality","all",0.0165361288868048,"per year","Illustrative surplus-production fishing_mortality","fixed-catch-16","fixed-catch 16"
2034,"catch","all",45145.9157404822,"t","Illustrative surplus-production catch","fixed-catch-16","fixed-catch 16"
2035,"total_biomass","all",2821998.50378899,"t","Illustrative surplus-production total_biomass","fixed-catch-16","fixed-catch 16"
2035,"biomass_depletion","all",0.894437295303447,"ratio","Illustrative surplus-production biomass_depletion","fixed-catch-16","fixed-catch 16"
2035,"fishing_mortality","all",0.0161271994853488,"per year","Illustrative surplus-production fishing_mortality","fixed-catch-16","fixed-catch 16"
2035,"catch","all",45145.9157404822,"t","Illustrative surplus-production catch","fixed-catch-16","fixed-catch 16"
2036,"total_biomass","all",2872712.96081489,"t","Illustrative surplus-production total_biomass","fixed-catch-16","fixed-catch 16"
2036,"biomass_depletion","all",0.910511329968638,"ratio","Illustrative surplus-production biomass_depletion","fixed-catch-16","fixed-catch 16"
2036,"fishing_mortality","all",0.0158402252744298,"per year","Illustrative surplus-production fishing_mortality","fixed-catch-16","fixed-catch 16"
2036,"catch","all",45145.9157404822,"t","Illustrative surplus-production catch","fixed-catch-16","fixed-catch 16"
2037,"total_biomass","all",2908986.04329832,"t","Illustrative surplus-production total_biomass","fixed-catch-16","fixed-catch 16"
2037,"biomass_depletion","all",0.922008146053141,"ratio","Illustrative surplus-production biomass_depletion","fixed-catch-16","fixed-catch 16"
2037,"fishing_mortality","all",0.0156411555785313,"per year","Illustrative surplus-production fishing_mortality","fixed-catch-16","fixed-catch 16"
2037,"catch","all",45145.9157404822,"t","Illustrative surplus-production catch","fixed-catch-16","fixed-catch 16"
2038,"total_biomass","all",2937663.46923193,"t","Illustrative surplus-production total_biomass","fixed-catch-16","fixed-catch 16"
2038,"biomass_depletion","all",0.931097505687413,"ratio","Illustrative surplus-production biomass_depletion","fixed-catch-16","fixed-catch 16"
2038,"fishing_mortality","all",0.015487278332075,"per year","Illustrative surplus-production fishing_mortality","fixed-catch-16","fixed-catch 16"
2038,"catch","all",45145.9157404822,"t","Illustrative surplus-production catch","fixed-catch-16","fixed-catch 16"
2039,"total_biomass","all",2954768.98168454,"t","Illustrative surplus-production total_biomass","fixed-catch-16","fixed-catch 16"
2039,"biomass_depletion","all",0.936519127375855,"ratio","Illustrative surplus-production biomass_depletion","fixed-catch-16","fixed-catch 16"
2039,"fishing_mortality","all",0.0153969268248117,"per year","Illustrative surplus-production fishing_mortality","fixed-catch-16","fixed-catch 16"
2039,"catch","all",45145.9157404822,"t","Illustrative surplus-production catch","fixed-catch-16","fixed-catch 16"
2040,"total_biomass","all",2957666.39192084,"t","Illustrative surplus-production total_biomass","fixed-catch-16","fixed-catch 16"
2040,"biomass_depletion","all",0.937437466549905,"ratio","Illustrative surplus-production biomass_depletion","fixed-catch-16","fixed-catch 16"
2040,"fishing_mortality","all",0.0153817269770274,"per year","Illustrative surplus-production fishing_mortality","fixed-catch-16","fixed-catch 16"
2040,"catch","all",45145.9157404822,"t","Illustrative surplus-production catch","fixed-catch-16","fixed-catch 16"
2041,"total_biomass","all",2964421.31791435,"t","Illustrative surplus-production total_biomass","fixed-catch-16","fixed-catch 16"
2041,"biomass_depletion","all",0.93957845199958,"ratio","Illustrative surplus-production biomass_depletion","fixed-catch-16","fixed-catch 16"
2041,"fishing_mortality","all",0.0153464068320748,"per year","Illustrative surplus-production fishing_mortality","fixed-catch-16","fixed-catch 16"
2041,"catch","all",45145.9157404822,"t","Illustrative surplus-production catch","fixed-catch-16","fixed-catch 16"
2042,"total_biomass","all",2983880.28548059,"t","Illustrative surplus-production total_biomass","fixed-catch-16","fixed-catch 16"
2042,"biomass_depletion","all",0.945746005347312,"ratio","Illustrative surplus-production biomass_depletion","fixed-catch-16","fixed-catch 16"
2042,"fishing_mortality","all",0.0152455605482341,"per year","Illustrative surplus-production fishing_mortality","fixed-catch-16","fixed-catch 16"
2042,"catch","all",45145.9157404822,"t","Illustrative surplus-production catch","fixed-catch-16","fixed-catch 16"
2043,"total_biomass","all",2995186.81762473,"t","Illustrative surplus-production total_biomass","fixed-catch-16","fixed-catch 16"
2043,"biomass_depletion","all",0.949329630220497,"ratio","Illustrative surplus-production biomass_depletion","fixed-catch-16","fixed-catch 16"
2043,"fishing_mortality","all",0.0151875708233762,"per year","Illustrative surplus-production fishing_mortality","fixed-catch-16","fixed-catch 16"
2043,"catch","all",45145.9157404822,"t","Illustrative surplus-production catch","fixed-catch-16","fixed-catch 16"
2044,"total_biomass","all",2995029.63250978,"t","Illustrative surplus-production total_biomass","fixed-catch-16","fixed-catch 16"
2044,"biomass_depletion","all",0.94927981012708,"ratio","Illustrative surplus-production biomass_depletion","fixed-catch-16","fixed-catch 16"
2044,"fishing_mortality","all",0.0151883739812051,"per year","Illustrative surplus-production fishing_mortality","fixed-catch-16","fixed-catch 16"
2044,"catch","all",45145.9157404822,"t","Illustrative surplus-production catch","fixed-catch-16","fixed-catch 16"
2045,"total_biomass","all",2987038.02421927,"t","Illustrative surplus-production total_biomass","fixed-catch-16","fixed-catch 16"
2045,"biomass_depletion","all",0.946746856089406,"ratio","Illustrative surplus-production biomass_depletion","fixed-catch-16","fixed-catch 16"
2045,"fishing_mortality","all",0.0152293203976505,"per year","Illustrative surplus-production fishing_mortality","fixed-catch-16","fixed-catch 16"
2045,"catch","all",45145.9157404822,"t","Illustrative surplus-production catch","fixed-catch-16","fixed-catch 16"
2046,"total_biomass","all",2986655.7580922,"t","Illustrative surplus-production total_biomass","fixed-catch-16","fixed-catch 16"
2046,"biomass_depletion","all",0.946625696180806,"ratio","Illustrative surplus-production biomass_depletion","fixed-catch-16","fixed-catch 16"
2046,"fishing_mortality","all",0.0152312845392764,"per year","Illustrative surplus-production fishing_mortality","fixed-catch-16","fixed-catch 16"
2046,"catch","all",45145.9157404822,"t","Illustrative surplus-production catch","fixed-catch-16","fixed-catch 16"
2047,"total_biomass","all",2983771.23140209,"t","Illustrative surplus-production total_biomass","fixed-catch-16","fixed-catch 16"
2047,"biomass_depletion","all",0.945711440468952,"ratio","Illustrative surplus-production biomass_depletion","fixed-catch-16","fixed-catch 16"
2047,"fishing_mortality","all",0.0152461220286932,"per year","Illustrative surplus-production fishing_mortality","fixed-catch-16","fixed-catch 16"
2047,"catch","all",45145.9157404822,"t","Illustrative surplus-production catch","fixed-catch-16","fixed-catch 16"
2048,"total_biomass","all",2980979.57827384,"t","Illustrative surplus-production total_biomass","fixed-catch-16","fixed-catch 16"
2048,"biomass_depletion","all",0.94482662119279,"ratio","Illustrative surplus-production biomass_depletion","fixed-catch-16","fixed-catch 16"
2048,"fishing_mortality","all",0.0152605093462421,"per year","Illustrative surplus-production fishing_mortality","fixed-catch-16","fixed-catch 16"
2048,"catch","all",45145.9157404822,"t","Illustrative surplus-production catch","fixed-catch-16","fixed-catch 16"
2049,"total_biomass","all",2988901.31805627,"t","Illustrative surplus-production total_biomass","fixed-catch-16","fixed-catch 16"
2049,"biomass_depletion","all",0.947337430286268,"ratio","Illustrative surplus-production biomass_depletion","fixed-catch-16","fixed-catch 16"
2049,"fishing_mortality","all",0.0152197537579249,"per year","Illustrative surplus-production fishing_mortality","fixed-catch-16","fixed-catch 16"
2049,"catch","all",45145.9157404822,"t","Illustrative surplus-production catch","fixed-catch-16","fixed-catch 16"
2050,"total_biomass","all",2991298.38982399,"t","Illustrative surplus-production total_biomass","fixed-catch-16","fixed-catch 16"
2050,"biomass_depletion","all",0.948097186319337,"ratio","Illustrative surplus-production biomass_depletion","fixed-catch-16","fixed-catch 16"
2050,"fishing_mortality","all",0.0152074642250334,"per year","Illustrative surplus-production fishing_mortality","fixed-catch-16","fixed-catch 16"
2050,"catch","all",45145.9157404822,"t","Illustrative surplus-production catch","fixed-catch-16","fixed-catch 16"
2051,"total_biomass","all",2998242.79189183,"t","Illustrative surplus-production total_biomass","fixed-catch-16","fixed-catch 16"
2051,"biomass_depletion","all",0.95029822653772,"ratio","Illustrative surplus-production biomass_depletion","fixed-catch-16","fixed-catch 16"
2051,"fishing_mortality","all",0.0151719727867125,"per year","Illustrative surplus-production fishing_mortality","fixed-catch-16","fixed-catch 16"
2051,"catch","all",45145.9157404822,"t","Illustrative surplus-production catch","fixed-catch-16","fixed-catch 16"
2052,"total_biomass","all",2993176.42078305,"t","Illustrative surplus-production total_biomass","fixed-catch-16","fixed-catch 16"
2052,"biomass_depletion","all",0.948692431472468,"ratio","Illustrative surplus-production biomass_depletion","fixed-catch-16","fixed-catch 16"
2052,"fishing_mortality","all",0.015197849616829,"per year","Illustrative surplus-production fishing_mortality","fixed-catch-16","fixed-catch 16"
2052,"catch","all",45145.9157404822,"t","Illustrative surplus-production catch","fixed-catch-16","fixed-catch 16"
2023,"total_biomass","all",902918.314809643,"t","Illustrative surplus-production total_biomass","fixed-catch-17","fixed-catch 17"
2023,"biomass_depletion","all",0.286181517918576,"ratio","Illustrative surplus-production biomass_depletion","fixed-catch-17","fixed-catch 17"
2023,"fishing_mortality","all",0.0512932943875505,"per year","Illustrative surplus-production fishing_mortality","fixed-catch-17","fixed-catch 17"
2023,"catch","all",45145.9157404822,"t","Illustrative surplus-production catch","fixed-catch-17","fixed-catch 17"
2024,"total_biomass","all",1060671.61748,"t","Illustrative surplus-production total_biomass","fixed-catch-17","fixed-catch 17"
2024,"biomass_depletion","all",0.336181699412721,"ratio","Illustrative surplus-production biomass_depletion","fixed-catch-17","fixed-catch 17"
2024,"fishing_mortality","all",0.0434958977184112,"per year","Illustrative surplus-production fishing_mortality","fixed-catch-17","fixed-catch 17"
2024,"catch","all",45145.9157404822,"t","Illustrative surplus-production catch","fixed-catch-17","fixed-catch 17"
2025,"total_biomass","all",1246489.74910953,"t","Illustrative surplus-production total_biomass","fixed-catch-17","fixed-catch 17"
2025,"biomass_depletion","all",0.395077076873024,"ratio","Illustrative surplus-production biomass_depletion","fixed-catch-17","fixed-catch 17"
2025,"fishing_mortality","all",0.0368906088507328,"per year","Illustrative surplus-production fishing_mortality","fixed-catch-17","fixed-catch 17"
2025,"catch","all",45145.9157404822,"t","Illustrative surplus-production catch","fixed-catch-17","fixed-catch 17"
2026,"total_biomass","all",1423720.75061031,"t","Illustrative surplus-production total_biomass","fixed-catch-17","fixed-catch 17"
2026,"biomass_depletion","all",0.45125074862141,"ratio","Illustrative surplus-production biomass_depletion","fixed-catch-17","fixed-catch 17"
2026,"fishing_mortality","all",0.0322234544771925,"per year","Illustrative surplus-production fishing_mortality","fixed-catch-17","fixed-catch 17"
2026,"catch","all",45145.9157404822,"t","Illustrative surplus-production catch","fixed-catch-17","fixed-catch 17"
2027,"total_biomass","all",1594855.50427644,"t","Illustrative surplus-production total_biomass","fixed-catch-17","fixed-catch 17"
2027,"biomass_depletion","all",0.50549220409916,"ratio","Illustrative surplus-production biomass_depletion","fixed-catch-17","fixed-catch 17"
2027,"fishing_mortality","all",0.0287155880610959,"per year","Illustrative surplus-production fishing_mortality","fixed-catch-17","fixed-catch 17"
2027,"catch","all",45145.9157404822,"t","Illustrative surplus-production catch","fixed-catch-17","fixed-catch 17"
2028,"total_biomass","all",1823257.60580586,"t","Illustrative surplus-production total_biomass","fixed-catch-17","fixed-catch 17"
2028,"biomass_depletion","all",0.577884644300423,"ratio","Illustrative surplus-production biomass_depletion","fixed-catch-17","fixed-catch 17"
2028,"fishing_mortality","all",0.0250728415101844,"per year","Illustrative surplus-production fishing_mortality","fixed-catch-17","fixed-catch 17"
2028,"catch","all",45145.9157404822,"t","Illustrative surplus-production catch","fixed-catch-17","fixed-catch 17"
2029,"total_biomass","all",2041460.60624192,"t","Illustrative surplus-production total_biomass","fixed-catch-17","fixed-catch 17"
2029,"biomass_depletion","all",0.647044461810985,"ratio","Illustrative surplus-production biomass_depletion","fixed-catch-17","fixed-catch 17"
2029,"fishing_mortality","all",0.0223627090801616,"per year","Illustrative surplus-production fishing_mortality","fixed-catch-17","fixed-catch 17"
2029,"catch","all",45145.9157404822,"t","Illustrative surplus-production catch","fixed-catch-17","fixed-catch 17"
2030,"total_biomass","all",2230806.297666,"t","Illustrative surplus-production total_biomass","fixed-catch-17","fixed-catch 17"
2030,"biomass_depletion","all",0.707057905435184,"ratio","Illustrative surplus-production biomass_depletion","fixed-catch-17","fixed-catch 17"
2030,"fishing_mortality","all",0.0204450714071678,"per year","Illustrative surplus-production fishing_mortality","fixed-catch-17","fixed-catch 17"
2030,"catch","all",45145.9157404822,"t","Illustrative surplus-production catch","fixed-catch-17","fixed-catch 17"
2031,"total_biomass","all",2394241.94913917,"t","Illustrative surplus-production total_biomass","fixed-catch-17","fixed-catch 17"
2031,"biomass_depletion","all",0.758859117187618,"ratio","Illustrative surplus-production biomass_depletion","fixed-catch-17","fixed-catch 17"
2031,"fishing_mortality","all",0.0190360793183858,"per year","Illustrative surplus-production fishing_mortality","fixed-catch-17","fixed-catch 17"
2031,"catch","all",45145.9157404822,"t","Illustrative surplus-production catch","fixed-catch-17","fixed-catch 17"
2032,"total_biomass","all",2506011.53380014,"t","Illustrative surplus-production total_biomass","fixed-catch-17","fixed-catch 17"
2032,"biomass_depletion","all",0.794284679911026,"ratio","Illustrative surplus-production biomass_depletion","fixed-catch-17","fixed-catch 17"
2032,"fishing_mortality","all",0.0181792936273924,"per year","Illustrative surplus-production fishing_mortality","fixed-catch-17","fixed-catch 17"
2032,"catch","all",45145.9157404822,"t","Illustrative surplus-production catch","fixed-catch-17","fixed-catch 17"
2033,"total_biomass","all",2591932.06189062,"t","Illustrative surplus-production total_biomass","fixed-catch-17","fixed-catch 17"
2033,"biomass_depletion","all",0.821517339550324,"ratio","Illustrative surplus-production biomass_depletion","fixed-catch-17","fixed-catch 17"
2033,"fishing_mortality","all",0.0175713380188368,"per year","Illustrative surplus-production fishing_mortality","fixed-catch-17","fixed-catch 17"
2033,"catch","all",45145.9157404822,"t","Illustrative surplus-production catch","fixed-catch-17","fixed-catch 17"
2034,"total_biomass","all",2710750.51522395,"t","Illustrative surplus-production total_biomass","fixed-catch-17","fixed-catch 17"
2034,"biomass_depletion","all",0.859177053362685,"ratio","Illustrative surplus-production biomass_depletion","fixed-catch-17","fixed-catch 17"
2034,"fishing_mortality","all",0.0167946409516765,"per year","Illustrative surplus-production fishing_mortality","fixed-catch-17","fixed-catch 17"
2034,"catch","all",45145.9157404822,"t","Illustrative surplus-production catch","fixed-catch-17","fixed-catch 17"
2035,"total_biomass","all",2782525.03484932,"t","Illustrative surplus-production total_biomass","fixed-catch-17","fixed-catch 17"
2035,"biomass_depletion","all",0.88192611120918,"ratio","Illustrative surplus-production biomass_depletion","fixed-catch-17","fixed-catch 17"
2035,"fishing_mortality","all",0.0163578646130292,"per year","Illustrative surplus-production fishing_mortality","fixed-catch-17","fixed-catch 17"
2035,"catch","all",45145.9157404822,"t","Illustrative surplus-production catch","fixed-catch-17","fixed-catch 17"
2036,"total_biomass","all",2829354.88771597,"t","Illustrative surplus-production total_biomass","fixed-catch-17","fixed-catch 17"
2036,"biomass_depletion","all",0.896768913882984,"ratio","Illustrative surplus-production biomass_depletion","fixed-catch-17","fixed-catch 17"
2036,"fishing_mortality","all",0.0160849293708198,"per year","Illustrative surplus-production fishing_mortality","fixed-catch-17","fixed-catch 17"
2036,"catch","all",45145.9157404822,"t","Illustrative surplus-production catch","fixed-catch-17","fixed-catch 17"
2037,"total_biomass","all",2882880.22130231,"t","Illustrative surplus-production total_biomass","fixed-catch-17","fixed-catch 17"
2037,"biomass_depletion","all",0.913733860724345,"ratio","Illustrative surplus-production biomass_depletion","fixed-catch-17","fixed-catch 17"
2037,"fishing_mortality","all",0.0157839171994879,"per year","Illustrative surplus-production fishing_mortality","fixed-catch-17","fixed-catch 17"
2037,"catch","all",45145.9157404822,"t","Illustrative surplus-production catch","fixed-catch-17","fixed-catch 17"
2038,"total_biomass","all",2908534.98483474,"t","Illustrative surplus-production total_biomass","fixed-catch-17","fixed-catch 17"
2038,"biomass_depletion","all",0.921865182294779,"ratio","Illustrative surplus-production biomass_depletion","fixed-catch-17","fixed-catch 17"
2038,"fishing_mortality","all",0.0156436002965403,"per year","Illustrative surplus-production fishing_mortality","fixed-catch-17","fixed-catch 17"
2038,"catch","all",45145.9157404822,"t","Illustrative surplus-production catch","fixed-catch-17","fixed-catch 17"
2039,"total_biomass","all",2928894.40622016,"t","Illustrative surplus-production total_biomass","fixed-catch-17","fixed-catch 17"
2039,"biomass_depletion","all",0.928318136034291,"ratio","Illustrative surplus-production biomass_depletion","fixed-catch-17","fixed-catch 17"
2039,"fishing_mortality","all",0.0155340090106126,"per year","Illustrative surplus-production fishing_mortality","fixed-catch-17","fixed-catch 17"
2039,"catch","all",45145.9157404822,"t","Illustrative surplus-production catch","fixed-catch-17","fixed-catch 17"
2040,"total_biomass","all",2948800.12052922,"t","Illustrative surplus-production total_biomass","fixed-catch-17","fixed-catch 17"
2040,"biomass_depletion","all",0.93462728653305,"ratio","Illustrative surplus-production biomass_depletion","fixed-catch-17","fixed-catch 17"
2040,"fishing_mortality","all",0.015428334420881,"per year","Illustrative surplus-production fishing_mortality","fixed-catch-17","fixed-catch 17"
2040,"catch","all",45145.9157404822,"t","Illustrative surplus-production catch","fixed-catch-17","fixed-catch 17"
2041,"total_biomass","all",2955209.34778601,"t","Illustrative surplus-production total_biomass","fixed-catch-17","fixed-catch 17"
2041,"biomass_depletion","all",0.936658702171596,"ratio","Illustrative surplus-production biomass_depletion","fixed-catch-17","fixed-catch 17"
2041,"fishing_mortality","all",0.0153946147234882,"per year","Illustrative surplus-production fishing_mortality","fixed-catch-17","fixed-catch 17"
2041,"catch","all",45145.9157404822,"t","Illustrative surplus-production catch","fixed-catch-17","fixed-catch 17"
2042,"total_biomass","all",2963834.52360463,"t","Illustrative surplus-production total_biomass","fixed-catch-17","fixed-catch 17"
2042,"biomass_depletion","all",0.939392466530564,"ratio","Illustrative surplus-production biomass_depletion","fixed-catch-17","fixed-catch 17"
2042,"fishing_mortality","all",0.015349468626337,"per year","Illustrative surplus-production fishing_mortality","fixed-catch-17","fixed-catch 17"
2042,"catch","all",45145.9157404822,"t","Illustrative surplus-production catch","fixed-catch-17","fixed-catch 17"
2043,"total_biomass","all",2968035.8741657,"t","Illustrative surplus-production total_biomass","fixed-catch-17","fixed-catch 17"
2043,"biomass_depletion","all",0.940724091840577,"ratio","Illustrative surplus-production biomass_depletion","fixed-catch-17","fixed-catch 17"
2043,"fishing_mortality","all",0.0153275735872932,"per year","Illustrative surplus-production fishing_mortality","fixed-catch-17","fixed-catch 17"
2043,"catch","all",45145.9157404822,"t","Illustrative surplus-production catch","fixed-catch-17","fixed-catch 17"
2044,"total_biomass","all",2980684.7773369,"t","Illustrative surplus-production total_biomass","fixed-catch-17","fixed-catch 17"
2044,"biomass_depletion","all",0.944733183527128,"ratio","Illustrative surplus-production biomass_depletion","fixed-catch-17","fixed-catch 17"
2044,"fishing_mortality","all",0.0152620302444949,"per year","Illustrative surplus-production fishing_mortality","fixed-catch-17","fixed-catch 17"
2044,"catch","all",45145.9157404822,"t","Illustrative surplus-production catch","fixed-catch-17","fixed-catch 17"
2045,"total_biomass","all",2986120.19697728,"t","Illustrative surplus-production total_biomass","fixed-catch-17","fixed-catch 17"
2045,"biomass_depletion","all",0.946455949161291,"ratio","Illustrative surplus-production biomass_depletion","fixed-catch-17","fixed-catch 17"
2045,"fishing_mortality","all",0.0152340371862109,"per year","Illustrative surplus-production fishing_mortality","fixed-catch-17","fixed-catch 17"
2045,"catch","all",45145.9157404822,"t","Illustrative surplus-production catch","fixed-catch-17","fixed-catch 17"
2046,"total_biomass","all",2987697.07735351,"t","Illustrative surplus-production total_biomass","fixed-catch-17","fixed-catch 17"
2046,"biomass_depletion","all",0.946955744117539,"ratio","Illustrative surplus-production biomass_depletion","fixed-catch-17","fixed-catch 17"
2046,"fishing_mortality","all",0.0152259352714998,"per year","Illustrative surplus-production fishing_mortality","fixed-catch-17","fixed-catch 17"
2046,"catch","all",45145.9157404822,"t","Illustrative surplus-production catch","fixed-catch-17","fixed-catch 17"
2047,"total_biomass","all",2995228.30386256,"t","Illustrative surplus-production total_biomass","fixed-catch-17","fixed-catch 17"
2047,"biomass_depletion","all",0.949342779355164,"ratio","Illustrative surplus-production biomass_depletion","fixed-catch-17","fixed-catch 17"
2047,"fishing_mortality","all",0.0151873588582057,"per year","Illustrative surplus-production fishing_mortality","fixed-catch-17","fixed-catch 17"
2047,"catch","all",45145.9157404822,"t","Illustrative surplus-production catch","fixed-catch-17","fixed-catch 17"
2048,"total_biomass","all",2995291.17693219,"t","Illustrative surplus-production total_biomass","fixed-catch-17","fixed-catch 17"
2048,"biomass_depletion","all",0.949362707083076,"ratio","Illustrative surplus-production biomass_depletion","fixed-catch-17","fixed-catch 17"
2048,"fishing_mortality","all",0.0151870376328126,"per year","Illustrative surplus-production fishing_mortality","fixed-catch-17","fixed-catch 17"
2048,"catch","all",45145.9157404822,"t","Illustrative surplus-production catch","fixed-catch-17","fixed-catch 17"
2049,"total_biomass","all",2994729.18986325,"t","Illustrative surplus-production total_biomass","fixed-catch-17","fixed-catch 17"
2049,"biomass_depletion","all",0.949184584311833,"ratio","Illustrative surplus-production biomass_depletion","fixed-catch-17","fixed-catch 17"
2049,"fishing_mortality","all",0.0151899093684439,"per year","Illustrative surplus-production fishing_mortality","fixed-catch-17","fixed-catch 17"
2049,"catch","all",45145.9157404822,"t","Illustrative surplus-production catch","fixed-catch-17","fixed-catch 17"
2050,"total_biomass","all",2995584.36589465,"t","Illustrative surplus-production total_biomass","fixed-catch-17","fixed-catch 17"
2050,"biomass_depletion","all",0.94945563383064,"ratio","Illustrative surplus-production biomass_depletion","fixed-catch-17","fixed-catch 17"
2050,"fishing_mortality","all",0.0151855398777296,"per year","Illustrative surplus-production fishing_mortality","fixed-catch-17","fixed-catch 17"
2050,"catch","all",45145.9157404822,"t","Illustrative surplus-production catch","fixed-catch-17","fixed-catch 17"
2051,"total_biomass","all",2993439.22824319,"t","Illustrative surplus-production total_biomass","fixed-catch-17","fixed-catch 17"
2051,"biomass_depletion","all",0.948775728750448,"ratio","Illustrative surplus-production biomass_depletion","fixed-catch-17","fixed-catch 17"
2051,"fishing_mortality","all",0.0151965051396188,"per year","Illustrative surplus-production fishing_mortality","fixed-catch-17","fixed-catch 17"
2051,"catch","all",45145.9157404822,"t","Illustrative surplus-production catch","fixed-catch-17","fixed-catch 17"
2052,"total_biomass","all",2994357.20436983,"t","Illustrative surplus-production total_biomass","fixed-catch-17","fixed-catch 17"
2052,"biomass_depletion","all",0.94906668286781,"ratio","Illustrative surplus-production biomass_depletion","fixed-catch-17","fixed-catch 17"
2052,"fishing_mortality","all",0.0151918107996368,"per year","Illustrative surplus-production fishing_mortality","fixed-catch-17","fixed-catch 17"
2052,"catch","all",45145.9157404822,"t","Illustrative surplus-production catch","fixed-catch-17","fixed-catch 17"
2023,"total_biomass","all",902918.314809643,"t","Illustrative surplus-production total_biomass","fixed-catch-18","fixed-catch 18"
2023,"biomass_depletion","all",0.286181517918576,"ratio","Illustrative surplus-production biomass_depletion","fixed-catch-18","fixed-catch 18"
2023,"fishing_mortality","all",0.0512932943875505,"per year","Illustrative surplus-production fishing_mortality","fixed-catch-18","fixed-catch 18"
2023,"catch","all",45145.9157404822,"t","Illustrative surplus-production catch","fixed-catch-18","fixed-catch 18"
2024,"total_biomass","all",1053676.60326551,"t","Illustrative surplus-production total_biomass","fixed-catch-18","fixed-catch 18"
2024,"biomass_depletion","all",0.333964617587124,"ratio","Illustrative surplus-production biomass_depletion","fixed-catch-18","fixed-catch 18"
2024,"fishing_mortality","all",0.0437910681877524,"per year","Illustrative surplus-production fishing_mortality","fixed-catch-18","fixed-catch 18"
2024,"catch","all",45145.9157404822,"t","Illustrative surplus-production catch","fixed-catch-18","fixed-catch 18"
2025,"total_biomass","all",1247544.00127381,"t","Illustrative surplus-production total_biomass","fixed-catch-18","fixed-catch 18"
2025,"biomass_depletion","all",0.395411223915665,"ratio","Illustrative surplus-production biomass_depletion","fixed-catch-18","fixed-catch 18"
2025,"fishing_mortality","all",0.0368588523328066,"per year","Illustrative surplus-production fishing_mortality","fixed-catch-18","fixed-catch 18"
2025,"catch","all",45145.9157404822,"t","Illustrative surplus-production catch","fixed-catch-18","fixed-catch 18"
2026,"total_biomass","all",1417494.00302975,"t","Illustrative surplus-production total_biomass","fixed-catch-18","fixed-catch 18"
2026,"biomass_depletion","all",0.449277170231124,"ratio","Illustrative surplus-production biomass_depletion","fixed-catch-18","fixed-catch 18"
2026,"fishing_mortality","all",0.0323673208819163,"per year","Illustrative surplus-production fishing_mortality","fixed-catch-18","fixed-catch 18"
2026,"catch","all",45145.9157404822,"t","Illustrative surplus-production catch","fixed-catch-18","fixed-catch 18"
2027,"total_biomass","all",1600101.57422113,"t","Illustrative surplus-production total_biomass","fixed-catch-18","fixed-catch 18"
2027,"biomass_depletion","all",0.50715495502054,"ratio","Illustrative surplus-production biomass_depletion","fixed-catch-18","fixed-catch 18"
2027,"fishing_mortality","all",0.0286200813408293,"per year","Illustrative surplus-production fishing_mortality","fixed-catch-18","fixed-catch 18"
2027,"catch","all",45145.9157404822,"t","Illustrative surplus-production catch","fixed-catch-18","fixed-catch 18"
2028,"total_biomass","all",1817391.06656851,"t","Illustrative surplus-production total_biomass","fixed-catch-18","fixed-catch 18"
2028,"biomass_depletion","all",0.576025234566082,"ratio","Illustrative surplus-production biomass_depletion","fixed-catch-18","fixed-catch 18"
2028,"fishing_mortality","all",0.0251548031838005,"per year","Illustrative surplus-production fishing_mortality","fixed-catch-18","fixed-catch 18"
2028,"catch","all",45145.9157404822,"t","Illustrative surplus-production catch","fixed-catch-18","fixed-catch 18"
2029,"total_biomass","all",1981465.08156311,"t","Illustrative surplus-production total_biomass","fixed-catch-18","fixed-catch 18"
2029,"biomass_depletion","all",0.628028776738163,"ratio","Illustrative surplus-production biomass_depletion","fixed-catch-18","fixed-catch 18"
2029,"fishing_mortality","all",0.0230476776228698,"per year","Illustrative surplus-production fishing_mortality","fixed-catch-18","fixed-catch 18"
2029,"catch","all",45145.9157404822,"t","Illustrative surplus-production catch","fixed-catch-18","fixed-catch 18"
2030,"total_biomass","all",2133233.67220441,"t","Illustrative surplus-production total_biomass","fixed-catch-18","fixed-catch 18"
2030,"biomass_depletion","all",0.676132093427722,"ratio","Illustrative surplus-production biomass_depletion","fixed-catch-18","fixed-catch 18"
2030,"fishing_mortality","all",0.0213902863570799,"per year","Illustrative surplus-production fishing_mortality","fixed-catch-18","fixed-catch 18"
2030,"catch","all",45145.9157404822,"t","Illustrative surplus-production catch","fixed-catch-18","fixed-catch 18"
2031,"total_biomass","all",2305621.9145618,"t","Illustrative surplus-production total_biomass","fixed-catch-18","fixed-catch 18"
2031,"biomass_depletion","all",0.73077084430914,"ratio","Illustrative surplus-production biomass_depletion","fixed-catch-18","fixed-catch 18"
2031,"fishing_mortality","all",0.01977504109124,"per year","Illustrative surplus-production fishing_mortality","fixed-catch-18","fixed-catch 18"
2031,"catch","all",45145.9157404822,"t","Illustrative surplus-production catch","fixed-catch-18","fixed-catch 18"
2032,"total_biomass","all",2440129.7060795,"t","Illustrative surplus-production total_biomass","fixed-catch-18","fixed-catch 18"
2032,"biomass_depletion","all",0.773403320931928,"ratio","Illustrative surplus-production biomass_depletion","fixed-catch-18","fixed-catch 18"
2032,"fishing_mortality","all",0.0186747334072615,"per year","Illustrative surplus-production fishing_mortality","fixed-catch-18","fixed-catch 18"
2032,"catch","all",45145.9157404822,"t","Illustrative surplus-production catch","fixed-catch-18","fixed-catch 18"
2033,"total_biomass","all",2547872.63856839,"t","Illustrative surplus-production total_biomass","fixed-catch-18","fixed-catch 18"
2033,"biomass_depletion","all",0.807552629301169,"ratio","Illustrative surplus-production biomass_depletion","fixed-catch-18","fixed-catch 18"
2033,"fishing_mortality","all",0.0178779249612929,"per year","Illustrative surplus-production fishing_mortality","fixed-catch-18","fixed-catch 18"
2033,"catch","all",45145.9157404822,"t","Illustrative surplus-production catch","fixed-catch-18","fixed-catch 18"
2034,"total_biomass","all",2638873.03977768,"t","Illustrative surplus-production total_biomass","fixed-catch-18","fixed-catch 18"
2034,"biomass_depletion","all",0.836395363491098,"ratio","Illustrative surplus-production biomass_depletion","fixed-catch-18","fixed-catch 18"
2034,"fishing_mortality","all",0.0172560618377417,"per year","Illustrative surplus-production fishing_mortality","fixed-catch-18","fixed-catch 18"
2034,"catch","all",45145.9157404822,"t","Illustrative surplus-production catch","fixed-catch-18","fixed-catch 18"
2035,"total_biomass","all",2731285.48034619,"t","Illustrative surplus-production total_biomass","fixed-catch-18","fixed-catch 18"
2035,"biomass_depletion","all",0.865685645992491,"ratio","Illustrative surplus-production biomass_depletion","fixed-catch-18","fixed-catch 18"
2035,"fishing_mortality","all",0.0166673135249668,"per year","Illustrative surplus-production fishing_mortality","fixed-catch-18","fixed-catch 18"
2035,"catch","all",45145.9157404822,"t","Illustrative surplus-production catch","fixed-catch-18","fixed-catch 18"
2036,"total_biomass","all",2789959.14835926,"t","Illustrative surplus-production total_biomass","fixed-catch-18","fixed-catch 18"
2036,"biomass_depletion","all",0.884282366314163,"ratio","Illustrative surplus-production biomass_depletion","fixed-catch-18","fixed-catch 18"
2036,"fishing_mortality","all",0.0163139200330512,"per year","Illustrative surplus-production fishing_mortality","fixed-catch-18","fixed-catch 18"
2036,"catch","all",45145.9157404822,"t","Illustrative surplus-production catch","fixed-catch-18","fixed-catch 18"
2037,"total_biomass","all",2841036.87105539,"t","Illustrative surplus-production total_biomass","fixed-catch-18","fixed-catch 18"
2037,"biomass_depletion","all",0.900471538660375,"ratio","Illustrative surplus-production biomass_depletion","fixed-catch-18","fixed-catch 18"
2037,"fishing_mortality","all",0.0160182576180211,"per year","Illustrative surplus-production fishing_mortality","fixed-catch-18","fixed-catch 18"
2037,"catch","all",45145.9157404822,"t","Illustrative surplus-production catch","fixed-catch-18","fixed-catch 18"
2038,"total_biomass","all",2875298.26466903,"t","Illustrative surplus-production total_biomass","fixed-catch-18","fixed-catch 18"
2038,"biomass_depletion","all",0.911330746486304,"ratio","Illustrative surplus-production biomass_depletion","fixed-catch-18","fixed-catch 18"
2038,"fishing_mortality","all",0.0158258693511296,"per year","Illustrative surplus-production fishing_mortality","fixed-catch-18","fixed-catch 18"
2038,"catch","all",45145.9157404822,"t","Illustrative surplus-production catch","fixed-catch-18","fixed-catch 18"
2039,"total_biomass","all",2909089.59948738,"t","Illustrative surplus-production total_biomass","fixed-catch-18","fixed-catch 18"
2039,"biomass_depletion","all",0.922040968365955,"ratio","Illustrative surplus-production biomass_depletion","fixed-catch-18","fixed-catch 18"
2039,"fishing_mortality","all",0.0156405944161663,"per year","Illustrative surplus-production fishing_mortality","fixed-catch-18","fixed-catch 18"
2039,"catch","all",45145.9157404822,"t","Illustrative surplus-production catch","fixed-catch-18","fixed-catch 18"
2040,"total_biomass","all",2928246.63167061,"t","Illustrative surplus-production total_biomass","fixed-catch-18","fixed-catch 18"
2040,"biomass_depletion","all",0.928112822773035,"ratio","Illustrative surplus-production biomass_depletion","fixed-catch-18","fixed-catch 18"
2040,"fishing_mortality","all",0.0155374722145544,"per year","Illustrative surplus-production fishing_mortality","fixed-catch-18","fixed-catch 18"
2040,"catch","all",45145.9157404822,"t","Illustrative surplus-production catch","fixed-catch-18","fixed-catch 18"
2041,"total_biomass","all",2948357.09583968,"t","Illustrative surplus-production total_biomass","fixed-catch-18","fixed-catch 18"
2041,"biomass_depletion","all",0.934486869093235,"ratio","Illustrative surplus-production biomass_depletion","fixed-catch-18","fixed-catch 18"
2041,"fishing_mortality","all",0.0154306706849301,"per year","Illustrative surplus-production fishing_mortality","fixed-catch-18","fixed-catch 18"
2041,"catch","all",45145.9157404822,"t","Illustrative surplus-production catch","fixed-catch-18","fixed-catch 18"
2042,"total_biomass","all",2958495.131218,"t","Illustrative surplus-production total_biomass","fixed-catch-18","fixed-catch 18"
2042,"biomass_depletion","all",0.937700136900179,"ratio","Illustrative surplus-production biomass_depletion","fixed-catch-18","fixed-catch 18"
2042,"fishing_mortality","all",0.0153773849191276,"per year","Illustrative surplus-production fishing_mortality","fixed-catch-18","fixed-catch 18"
2042,"catch","all",45145.9157404822,"t","Illustrative surplus-production catch","fixed-catch-18","fixed-catch 18"
2043,"total_biomass","all",2977294.13718024,"t","Illustrative surplus-production total_biomass","fixed-catch-18","fixed-catch 18"
2043,"biomass_depletion","all",0.943658514278724,"ratio","Illustrative surplus-production biomass_depletion","fixed-catch-18","fixed-catch 18"
2043,"fishing_mortality","all",0.0152795446094395,"per year","Illustrative surplus-production fishing_mortality","fixed-catch-18","fixed-catch 18"
2043,"catch","all",45145.9157404822,"t","Illustrative surplus-production catch","fixed-catch-18","fixed-catch 18"
2044,"total_biomass","all",2983950.77571925,"t","Illustrative surplus-production total_biomass","fixed-catch-18","fixed-catch 18"
2044,"biomass_depletion","all",0.945768347350091,"ratio","Illustrative surplus-production biomass_depletion","fixed-catch-18","fixed-catch 18"
2044,"fishing_mortality","all",0.0152451976412033,"per year","Illustrative surplus-production fishing_mortality","fixed-catch-18","fixed-catch 18"
2044,"catch","all",45145.9157404822,"t","Illustrative surplus-production catch","fixed-catch-18","fixed-catch 18"
2045,"total_biomass","all",2980491.13182068,"t","Illustrative surplus-production total_biomass","fixed-catch-18","fixed-catch 18"
2045,"biomass_depletion","all",0.944671807246618,"ratio","Illustrative surplus-production biomass_depletion","fixed-catch-18","fixed-catch 18"
2045,"fishing_mortality","all",0.0152630294399757,"per year","Illustrative surplus-production fishing_mortality","fixed-catch-18","fixed-catch 18"
2045,"catch","all",45145.9157404822,"t","Illustrative surplus-production catch","fixed-catch-18","fixed-catch 18"
2046,"total_biomass","all",2990392.48917675,"t","Illustrative surplus-production total_biomass","fixed-catch-18","fixed-catch 18"
2046,"biomass_depletion","all",0.947810059546009,"ratio","Illustrative surplus-production biomass_depletion","fixed-catch-18","fixed-catch 18"
2046,"fishing_mortality","all",0.01521210634791,"per year","Illustrative surplus-production fishing_mortality","fixed-catch-18","fixed-catch 18"
2046,"catch","all",45145.9157404822,"t","Illustrative surplus-production catch","fixed-catch-18","fixed-catch 18"
2047,"total_biomass","all",2991639.79335016,"t","Illustrative surplus-production total_biomass","fixed-catch-18","fixed-catch 18"
2047,"biomass_depletion","all",0.948205394756068,"ratio","Illustrative surplus-production biomass_depletion","fixed-catch-18","fixed-catch 18"
2047,"fishing_mortality","all",0.015205715499833,"per year","Illustrative surplus-production fishing_mortality","fixed-catch-18","fixed-catch 18"
2047,"catch","all",45145.9157404822,"t","Illustrative surplus-production catch","fixed-catch-18","fixed-catch 18"
2048,"total_biomass","all",2993682.76218463,"t","Illustrative surplus-production total_biomass","fixed-catch-18","fixed-catch 18"
2048,"biomass_depletion","all",0.948852917253419,"ratio","Illustrative surplus-production biomass_depletion","fixed-catch-18","fixed-catch 18"
2048,"fishing_mortality","all",0.0151952594747114,"per year","Illustrative surplus-production fishing_mortality","fixed-catch-18","fixed-catch 18"
2048,"catch","all",45145.9157404822,"t","Illustrative surplus-production catch","fixed-catch-18","fixed-catch 18"
2049,"total_biomass","all",2999705.62085104,"t","Illustrative surplus-production total_biomass","fixed-catch-18","fixed-catch 18"
2049,"biomass_depletion","all",0.950761872700542,"ratio","Illustrative surplus-production biomass_depletion","fixed-catch-18","fixed-catch 18"
2049,"fishing_mortality","all",0.0151645176765364,"per year","Illustrative surplus-production fishing_mortality","fixed-catch-18","fixed-catch 18"
2049,"catch","all",45145.9157404822,"t","Illustrative surplus-production catch","fixed-catch-18","fixed-catch 18"
2050,"total_biomass","all",3000185.59845334,"t","Illustrative surplus-production total_biomass","fixed-catch-18","fixed-catch 18"
2050,"biomass_depletion","all",0.950914002429822,"ratio","Illustrative surplus-production biomass_depletion","fixed-catch-18","fixed-catch 18"
2050,"fishing_mortality","all",0.0151620731316551,"per year","Illustrative surplus-production fishing_mortality","fixed-catch-18","fixed-catch 18"
2050,"catch","all",45145.9157404822,"t","Illustrative surplus-production catch","fixed-catch-18","fixed-catch 18"
2051,"total_biomass","all",3009093.73794717,"t","Illustrative surplus-production total_biomass","fixed-catch-18","fixed-catch 18"
2051,"biomass_depletion","all",0.953737452613918,"ratio","Illustrative surplus-production biomass_depletion","fixed-catch-18","fixed-catch 18"
2051,"fishing_mortality","all",0.0151168462525004,"per year","Illustrative surplus-production fishing_mortality","fixed-catch-18","fixed-catch 18"
2051,"catch","all",45145.9157404822,"t","Illustrative surplus-production catch","fixed-catch-18","fixed-catch 18"
2052,"total_biomass","all",3003860.42373368,"t","Illustrative surplus-production total_biomass","fixed-catch-18","fixed-catch 18"
2052,"biomass_depletion","all",0.952078744643555,"ratio","Illustrative surplus-production biomass_depletion","fixed-catch-18","fixed-catch 18"
2052,"fishing_mortality","all",0.0151433831860585,"per year","Illustrative surplus-production fishing_mortality","fixed-catch-18","fixed-catch 18"
2052,"catch","all",45145.9157404822,"t","Illustrative surplus-production catch","fixed-catch-18","fixed-catch 18"
2023,"total_biomass","all",902918.314809643,"t","Illustrative surplus-production total_biomass","fixed-catch-19","fixed-catch 19"
2023,"biomass_depletion","all",0.286181517918576,"ratio","Illustrative surplus-production biomass_depletion","fixed-catch-19","fixed-catch 19"
2023,"fishing_mortality","all",0.0512932943875505,"per year","Illustrative surplus-production fishing_mortality","fixed-catch-19","fixed-catch 19"
2023,"catch","all",45145.9157404822,"t","Illustrative surplus-production catch","fixed-catch-19","fixed-catch 19"
2024,"total_biomass","all",1057978.15167682,"t","Illustrative surplus-production total_biomass","fixed-catch-19","fixed-catch 19"
2024,"biomass_depletion","all",0.335328000778666,"ratio","Illustrative surplus-production biomass_depletion","fixed-catch-19","fixed-catch 19"
2024,"fishing_mortality","all",0.0436090822014675,"per year","Illustrative surplus-production fishing_mortality","fixed-catch-19","fixed-catch 19"
2024,"catch","all",45145.9157404822,"t","Illustrative surplus-production catch","fixed-catch-19","fixed-catch 19"
2025,"total_biomass","all",1236874.10989745,"t","Illustrative surplus-production total_biomass","fixed-catch-19","fixed-catch 19"
2025,"biomass_depletion","all",0.392029383432393,"ratio","Illustrative surplus-production biomass_depletion","fixed-catch-19","fixed-catch 19"
2025,"fishing_mortality","all",0.0371828001307967,"per year","Illustrative surplus-production fishing_mortality","fixed-catch-19","fixed-catch 19"
2025,"catch","all",45145.9157404822,"t","Illustrative surplus-production catch","fixed-catch-19","fixed-catch 19"
2026,"total_biomass","all",1432065.34880963,"t","Illustrative surplus-production total_biomass","fixed-catch-19","fixed-catch 19"
2026,"biomass_depletion","all",0.453895583419787,"ratio","Illustrative surplus-production biomass_depletion","fixed-catch-19","fixed-catch 19"
2026,"fishing_mortality","all",0.0320326496840435,"per year","Illustrative surplus-production fishing_mortality","fixed-catch-19","fixed-catch 19"
2026,"catch","all",45145.9157404822,"t","Illustrative surplus-production catch","fixed-catch-19","fixed-catch 19"
2027,"total_biomass","all",1631281.48106865,"t","Illustrative surplus-production total_biomass","fixed-catch-19","fixed-catch 19"
2027,"biomass_depletion","all",0.517037480298658,"ratio","Illustrative surplus-production biomass_depletion","fixed-catch-19","fixed-catch 19"
2027,"fishing_mortality","all",0.028065294835012,"per year","Illustrative surplus-production fishing_mortality","fixed-catch-19","fixed-catch 19"
2027,"catch","all",45145.9157404822,"t","Illustrative surplus-production catch","fixed-catch-19","fixed-catch 19"
2028,"total_biomass","all",1799446.34024593,"t","Illustrative surplus-production total_biomass","fixed-catch-19","fixed-catch 19"
2028,"biomass_depletion","all",0.570337622593438,"ratio","Illustrative surplus-production biomass_depletion","fixed-catch-19","fixed-catch 19"
2028,"fishing_mortality","all",0.0254088699018,"per year","Illustrative surplus-production fishing_mortality","fixed-catch-19","fixed-catch 19"
2028,"catch","all",45145.9157404822,"t","Illustrative surplus-production catch","fixed-catch-19","fixed-catch 19"
2029,"total_biomass","all",1977984.86915509,"t","Illustrative surplus-production total_biomass","fixed-catch-19","fixed-catch 19"
2029,"biomass_depletion","all",0.626925717410128,"ratio","Illustrative surplus-production biomass_depletion","fixed-catch-19","fixed-catch 19"
2029,"fishing_mortality","all",0.0230887011706995,"per year","Illustrative surplus-production fishing_mortality","fixed-catch-19","fixed-catch 19"
2029,"catch","all",45145.9157404822,"t","Illustrative surplus-production catch","fixed-catch-19","fixed-catch 19"
2030,"total_biomass","all",2154769.93126757,"t","Illustrative surplus-production total_biomass","fixed-catch-19","fixed-catch 19"
2030,"biomass_depletion","all",0.682958047899898,"ratio","Illustrative surplus-production biomass_depletion","fixed-catch-19","fixed-catch 19"
2030,"fishing_mortality","all",0.0211742175071025,"per year","Illustrative surplus-production fishing_mortality","fixed-catch-19","fixed-catch 19"
2030,"catch","all",45145.9157404822,"t","Illustrative surplus-production catch","fixed-catch-19","fixed-catch 19"
2031,"total_biomass","all",2305994.5808812,"t","Illustrative surplus-production total_biomass","fixed-catch-19","fixed-catch 19"
2031,"biomass_depletion","all",0.730888961542131,"ratio","Illustrative surplus-production biomass_depletion","fixed-catch-19","fixed-catch 19"
2031,"fishing_mortality","all",0.0197718134910867,"per year","Illustrative surplus-production fishing_mortality","fixed-catch-19","fixed-catch 19"
2031,"catch","all",45145.9157404822,"t","Illustrative surplus-production catch","fixed-catch-19","fixed-catch 19"
2032,"total_biomass","all",2451269.16916291,"t","Illustrative surplus-production total_biomass","fixed-catch-19","fixed-catch 19"
2032,"biomass_depletion","all",0.776933992978028,"ratio","Illustrative surplus-production biomass_depletion","fixed-catch-19","fixed-catch 19"
2032,"fishing_mortality","all",0.0185890748918206,"per year","Illustrative surplus-production fishing_mortality","fixed-catch-19","fixed-catch 19"
2032,"catch","all",45145.9157404822,"t","Illustrative surplus-production catch","fixed-catch-19","fixed-catch 19"
2033,"total_biomass","all",2559544.36546452,"t","Illustrative surplus-production total_biomass","fixed-catch-19","fixed-catch 19"
2033,"biomass_depletion","all",0.811252003281161,"ratio","Illustrative surplus-production biomass_depletion","fixed-catch-19","fixed-catch 19"
2033,"fishing_mortality","all",0.017795670468305,"per year","Illustrative surplus-production fishing_mortality","fixed-catch-19","fixed-catch 19"
2033,"catch","all",45145.9157404822,"t","Illustrative surplus-production catch","fixed-catch-19","fixed-catch 19"
2034,"total_biomass","all",2669741.90922576,"t","Illustrative surplus-production total_biomass","fixed-catch-19","fixed-catch 19"
2034,"biomass_depletion","all",0.846179304928751,"ratio","Illustrative surplus-production biomass_depletion","fixed-catch-19","fixed-catch 19"
2034,"fishing_mortality","all",0.0170548275736948,"per year","Illustrative surplus-production fishing_mortality","fixed-catch-19","fixed-catch 19"
2034,"catch","all",45145.9157404822,"t","Illustrative surplus-production catch","fixed-catch-19","fixed-catch 19"
2035,"total_biomass","all",2749456.82117834,"t","Illustrative surplus-production total_biomass","fixed-catch-19","fixed-catch 19"
2035,"biomass_depletion","all",0.871445083824978,"ratio","Illustrative surplus-production biomass_depletion","fixed-catch-19","fixed-catch 19"
2035,"fishing_mortality","all",0.01655624120467,"per year","Illustrative surplus-production fishing_mortality","fixed-catch-19","fixed-catch 19"
2035,"catch","all",45145.9157404822,"t","Illustrative surplus-production catch","fixed-catch-19","fixed-catch 19"
2036,"total_biomass","all",2814744.4724821,"t","Illustrative surplus-production total_biomass","fixed-catch-19","fixed-catch 19"
2036,"biomass_depletion","all",0.892138117563461,"ratio","Illustrative surplus-production biomass_depletion","fixed-catch-19","fixed-catch 19"
2036,"fishing_mortality","all",0.0161690995979769,"per year","Illustrative surplus-production fishing_mortality","fixed-catch-19","fixed-catch 19"
2036,"catch","all",45145.9157404822,"t","Illustrative surplus-production catch","fixed-catch-19","fixed-catch 19"
2037,"total_biomass","all",2858792.63045687,"t","Illustrative surplus-production total_biomass","fixed-catch-19","fixed-catch 19"
2037,"biomass_depletion","all",0.906099257241301,"ratio","Illustrative surplus-production biomass_depletion","fixed-catch-19","fixed-catch 19"
2037,"fishing_mortality","all",0.0159179732923659,"per year","Illustrative surplus-production fishing_mortality","fixed-catch-19","fixed-catch 19"
2037,"catch","all",45145.9157404822,"t","Illustrative surplus-production catch","fixed-catch-19","fixed-catch 19"
2038,"total_biomass","all",2889660.98548281,"t","Illustrative surplus-production total_biomass","fixed-catch-19","fixed-catch 19"
2038,"biomass_depletion","all",0.915883035631967,"ratio","Illustrative surplus-production biomass_depletion","fixed-catch-19","fixed-catch 19"
2038,"fishing_mortality","all",0.0157465861347904,"per year","Illustrative surplus-production fishing_mortality","fixed-catch-19","fixed-catch 19"
2038,"catch","all",45145.9157404822,"t","Illustrative surplus-production catch","fixed-catch-19","fixed-catch 19"
2039,"total_biomass","all",2926207.6526855,"t","Illustrative surplus-production total_biomass","fixed-catch-19","fixed-catch 19"
2039,"biomass_depletion","all",0.927466564865326,"ratio","Illustrative surplus-production biomass_depletion","fixed-catch-19","fixed-catch 19"
2039,"fishing_mortality","all",0.0155483833169139,"per year","Illustrative surplus-production fishing_mortality","fixed-catch-19","fixed-catch 19"
2039,"catch","all",45145.9157404822,"t","Illustrative surplus-production catch","fixed-catch-19","fixed-catch 19"
2040,"total_biomass","all",2940300.81714924,"t","Illustrative surplus-production total_biomass","fixed-catch-19","fixed-catch 19"
2040,"biomass_depletion","all",0.931933417660708,"ratio","Illustrative surplus-production biomass_depletion","fixed-catch-19","fixed-catch 19"
2040,"fishing_mortality","all",0.0154732787495703,"per year","Illustrative surplus-production fishing_mortality","fixed-catch-19","fixed-catch 19"
2040,"catch","all",45145.9157404822,"t","Illustrative surplus-production catch","fixed-catch-19","fixed-catch 19"
2041,"total_biomass","all",2951291.88056128,"t","Illustrative surplus-production total_biomass","fixed-catch-19","fixed-catch 19"
2041,"biomass_depletion","all",0.935417054174892,"ratio","Illustrative surplus-production biomass_depletion","fixed-catch-19","fixed-catch 19"
2041,"fishing_mortality","all",0.0154152074423944,"per year","Illustrative surplus-production fishing_mortality","fixed-catch-19","fixed-catch 19"
2041,"catch","all",45145.9157404822,"t","Illustrative surplus-production catch","fixed-catch-19","fixed-catch 19"
2042,"total_biomass","all",2960104.14028028,"t","Illustrative surplus-production total_biomass","fixed-catch-19","fixed-catch 19"
2042,"biomass_depletion","all",0.938210115098913,"ratio","Illustrative surplus-production biomass_depletion","fixed-catch-19","fixed-catch 19"
2042,"fishing_mortality","all",0.015368961748623,"per year","Illustrative surplus-production fishing_mortality","fixed-catch-19","fixed-catch 19"
2042,"catch","all",45145.9157404822,"t","Illustrative surplus-production catch","fixed-catch-19","fixed-catch 19"
2043,"total_biomass","all",2978233.65649081,"t","Illustrative surplus-production total_biomass","fixed-catch-19","fixed-catch 19"
2043,"biomass_depletion","all",0.943956296545406,"ratio","Illustrative surplus-production biomass_depletion","fixed-catch-19","fixed-catch 19"
2043,"fishing_mortality","all",0.0152746874938901,"per year","Illustrative surplus-production fishing_mortality","fixed-catch-19","fixed-catch 19"
2043,"catch","all",45145.9157404822,"t","Illustrative surplus-production catch","fixed-catch-19","fixed-catch 19"
2044,"total_biomass","all",2982584.63154068,"t","Illustrative surplus-production total_biomass","fixed-catch-19","fixed-catch 19"
2044,"biomass_depletion","all",0.94533534559533,"ratio","Illustrative surplus-production biomass_depletion","fixed-catch-19","fixed-catch 19"
2044,"fishing_mortality","all",0.0152522340814722,"per year","Illustrative surplus-production fishing_mortality","fixed-catch-19","fixed-catch 19"
2044,"catch","all",45145.9157404822,"t","Illustrative surplus-production catch","fixed-catch-19","fixed-catch 19"
2045,"total_biomass","all",2990728.93114258,"t","Illustrative surplus-production total_biomass","fixed-catch-19","fixed-catch 19"
2045,"biomass_depletion","all",0.947916695407628,"ratio","Illustrative surplus-production biomass_depletion","fixed-catch-19","fixed-catch 19"
2045,"fishing_mortality","all",0.015210381981546,"per year","Illustrative surplus-production fishing_mortality","fixed-catch-19","fixed-catch 19"
2045,"catch","all",45145.9157404822,"t","Illustrative surplus-production catch","fixed-catch-19","fixed-catch 19"
2046,"total_biomass","all",2988487.95766768,"t","Illustrative surplus-production total_biomass","fixed-catch-19","fixed-catch 19"
2046,"biomass_depletion","all",0.947206414997825,"ratio","Illustrative surplus-production biomass_depletion","fixed-catch-19","fixed-catch 19"
2046,"fishing_mortality","all",0.0152218750210989,"per year","Illustrative surplus-production fishing_mortality","fixed-catch-19","fixed-catch 19"
2046,"catch","all",45145.9157404822,"t","Illustrative surplus-production catch","fixed-catch-19","fixed-catch 19"
2047,"total_biomass","all",2988948.73829457,"t","Illustrative surplus-production total_biomass","fixed-catch-19","fixed-catch 19"
2047,"biomass_depletion","all",0.947352460212624,"ratio","Illustrative surplus-production biomass_depletion","fixed-catch-19","fixed-catch 19"
2047,"fishing_mortality","all",0.015219510446805,"per year","Illustrative surplus-production fishing_mortality","fixed-catch-19","fixed-catch 19"
2047,"catch","all",45145.9157404822,"t","Illustrative surplus-production catch","fixed-catch-19","fixed-catch 19"
2048,"total_biomass","all",2990264.90204413,"t","Illustrative surplus-production total_biomass","fixed-catch-19","fixed-catch 19"
2048,"biomass_depletion","all",0.947769620584167,"ratio","Illustrative surplus-production biomass_depletion","fixed-catch-19","fixed-catch 19"
2048,"fishing_mortality","all",0.0152127603726295,"per year","Illustrative surplus-production fishing_mortality","fixed-catch-19","fixed-catch 19"
2048,"catch","all",45145.9157404822,"t","Illustrative surplus-production catch","fixed-catch-19","fixed-catch 19"
2049,"total_biomass","all",2994349.18103285,"t","Illustrative surplus-production total_biomass","fixed-catch-19","fixed-catch 19"
2049,"biomass_depletion","all",0.949064139857308,"ratio","Illustrative surplus-production biomass_depletion","fixed-catch-19","fixed-catch 19"
2049,"fishing_mortality","all",0.0151918518167582,"per year","Illustrative surplus-production fishing_mortality","fixed-catch-19","fixed-catch 19"
2049,"catch","all",45145.9157404822,"t","Illustrative surplus-production catch","fixed-catch-19","fixed-catch 19"
2050,"total_biomass","all",2993719.06315181,"t","Illustrative surplus-production total_biomass","fixed-catch-19","fixed-catch 19"
2050,"biomass_depletion","all",0.948864422907608,"ratio","Illustrative surplus-production biomass_depletion","fixed-catch-19","fixed-catch 19"
2050,"fishing_mortality","all",0.015195073814423,"per year","Illustrative surplus-production fishing_mortality","fixed-catch-19","fixed-catch 19"
2050,"catch","all",45145.9157404822,"t","Illustrative surplus-production catch","fixed-catch-19","fixed-catch 19"
2051,"total_biomass","all",2996975.53524899,"t","Illustrative surplus-production total_biomass","fixed-catch-19","fixed-catch 19"
2051,"biomass_depletion","all",0.949896567358046,"ratio","Illustrative surplus-production biomass_depletion","fixed-catch-19","fixed-catch 19"
2051,"fishing_mortality","all",0.0151784371172495,"per year","Illustrative surplus-production fishing_mortality","fixed-catch-19","fixed-catch 19"
2051,"catch","all",45145.9157404822,"t","Illustrative surplus-production catch","fixed-catch-19","fixed-catch 19"
2052,"total_biomass","all",2997140.27037714,"t","Illustrative surplus-production total_biomass","fixed-catch-19","fixed-catch 19"
2052,"biomass_depletion","all",0.949948780441173,"ratio","Illustrative surplus-production biomass_depletion","fixed-catch-19","fixed-catch 19"
2052,"fishing_mortality","all",0.0151775964848066,"per year","Illustrative surplus-production fishing_mortality","fixed-catch-19","fixed-catch 19"
2052,"catch","all",45145.9157404822,"t","Illustrative surplus-production catch","fixed-catch-19","fixed-catch 19"
2023,"total_biomass","all",902918.314809643,"t","Illustrative surplus-production total_biomass","fixed-catch-20","fixed-catch 20"
2023,"biomass_depletion","all",0.286181517918576,"ratio","Illustrative surplus-production biomass_depletion","fixed-catch-20","fixed-catch 20"
2023,"fishing_mortality","all",0.0512932943875505,"per year","Illustrative surplus-production fishing_mortality","fixed-catch-20","fixed-catch 20"
2023,"catch","all",45145.9157404822,"t","Illustrative surplus-production catch","fixed-catch-20","fixed-catch 20"
2024,"total_biomass","all",1086156.5454948,"t","Illustrative surplus-production total_biomass","fixed-catch-20","fixed-catch 20"
2024,"biomass_depletion","all",0.344259191322783,"ratio","Illustrative surplus-production biomass_depletion","fixed-catch-20","fixed-catch 20"
2024,"fishing_mortality","all",0.0424533591494471,"per year","Illustrative surplus-production fishing_mortality","fixed-catch-20","fixed-catch 20"
2024,"catch","all",45145.9157404822,"t","Illustrative surplus-production catch","fixed-catch-20","fixed-catch 20"
2025,"total_biomass","all",1242766.52858348,"t","Illustrative surplus-production total_biomass","fixed-catch-20","fixed-catch 20"
2025,"biomass_depletion","all",0.393896995702651,"ratio","Illustrative surplus-production biomass_depletion","fixed-catch-20","fixed-catch 20"
2025,"fishing_mortality","all",0.0370032001431136,"per year","Illustrative surplus-production fishing_mortality","fixed-catch-20","fixed-catch 20"
2025,"catch","all",45145.9157404822,"t","Illustrative surplus-production catch","fixed-catch-20","fixed-catch 20"
2026,"total_biomass","all",1441150.45212057,"t","Illustrative surplus-production total_biomass","fixed-catch-20","fixed-catch 20"
2026,"biomass_depletion","all",0.456775122591079,"ratio","Illustrative surplus-production biomass_depletion","fixed-catch-20","fixed-catch 20"
2026,"fishing_mortality","all",0.0318274658100339,"per year","Illustrative surplus-production fishing_mortality","fixed-catch-20","fixed-catch 20"
2026,"catch","all",45145.9157404822,"t","Illustrative surplus-production catch","fixed-catch-20","fixed-catch 20"
2027,"total_biomass","all",1651595.75806293,"t","Illustrative surplus-production total_biomass","fixed-catch-20","fixed-catch 20"
2027,"biomass_depletion","all",0.523476125445496,"ratio","Illustrative surplus-production biomass_depletion","fixed-catch-20","fixed-catch 20"
2027,"fishing_mortality","all",0.0277152692700028,"per year","Illustrative surplus-production fishing_mortality","fixed-catch-20","fixed-catch 20"
2027,"catch","all",45145.9157404822,"t","Illustrative surplus-production catch","fixed-catch-20","fixed-catch 20"
2028,"total_biomass","all",1875387.02547712,"t","Illustrative surplus-production total_biomass","fixed-catch-20","fixed-catch 20"
2028,"biomass_depletion","all",0.594407153817668,"ratio","Illustrative surplus-production biomass_depletion","fixed-catch-20","fixed-catch 20"
2028,"fishing_mortality","all",0.0243673395808314,"per year","Illustrative surplus-production fishing_mortality","fixed-catch-20","fixed-catch 20"
2028,"catch","all",45145.9157404822,"t","Illustrative surplus-production catch","fixed-catch-20","fixed-catch 20"
2029,"total_biomass","all",2063680.30796301,"t","Illustrative surplus-production total_biomass","fixed-catch-20","fixed-catch 20"
2029,"biomass_depletion","all",0.654087034612912,"ratio","Illustrative surplus-production biomass_depletion","fixed-catch-20","fixed-catch 20"
2029,"fishing_mortality","all",0.0221192463990889,"per year","Illustrative surplus-production fishing_mortality","fixed-catch-20","fixed-catch 20"
2029,"catch","all",45145.9157404822,"t","Illustrative surplus-production catch","fixed-catch-20","fixed-catch 20"
2030,"total_biomass","all",2236332.41589458,"t","Illustrative surplus-production total_biomass","fixed-catch-20","fixed-catch 20"
2030,"biomass_depletion","all",0.70880941814338,"ratio","Illustrative surplus-production biomass_depletion","fixed-catch-20","fixed-catch 20"
2030,"fishing_mortality","all",0.020394031659746,"per year","Illustrative surplus-production fishing_mortality","fixed-catch-20","fixed-catch 20"
2030,"catch","all",45145.9157404822,"t","Illustrative surplus-production catch","fixed-catch-20","fixed-catch 20"
2031,"total_biomass","all",2388325.11502878,"t","Illustrative surplus-production total_biomass","fixed-catch-20","fixed-catch 20"
2031,"biomass_depletion","all",0.756983766406477,"ratio","Illustrative surplus-production biomass_depletion","fixed-catch-20","fixed-catch 20"
2031,"fishing_mortality","all",0.0190836921468465,"per year","Illustrative surplus-production fishing_mortality","fixed-catch-20","fixed-catch 20"
2031,"catch","all",45145.9157404822,"t","Illustrative surplus-production catch","fixed-catch-20","fixed-catch 20"
2032,"total_biomass","all",2526964.11136829,"t","Illustrative surplus-production total_biomass","fixed-catch-20","fixed-catch 20"
2032,"biomass_depletion","all",0.800925635526182,"ratio","Illustrative surplus-production biomass_depletion","fixed-catch-20","fixed-catch 20"
2032,"fishing_mortality","all",0.0180271912780206,"per year","Illustrative surplus-production fishing_mortality","fixed-catch-20","fixed-catch 20"
2032,"catch","all",45145.9157404822,"t","Illustrative surplus-production catch","fixed-catch-20","fixed-catch 20"
2033,"total_biomass","all",2639782.26485083,"t","Illustrative surplus-production total_biomass","fixed-catch-20","fixed-catch 20"
2033,"biomass_depletion","all",0.836683543946958,"ratio","Illustrative surplus-production biomass_depletion","fixed-catch-20","fixed-catch 20"
2033,"fishing_mortality","all",0.0172500667412448,"per year","Illustrative surplus-production fishing_mortality","fixed-catch-20","fixed-catch 20"
2033,"catch","all",45145.9157404822,"t","Illustrative surplus-production catch","fixed-catch-20","fixed-catch 20"
2034,"total_biomass","all",2720685.01246742,"t","Illustrative surplus-production total_biomass","fixed-catch-20","fixed-catch 20"
2034,"biomass_depletion","all",0.862325809406573,"ratio","Illustrative surplus-production biomass_depletion","fixed-catch-20","fixed-catch 20"
2034,"fishing_mortality","all",0.0167327998897975,"per year","Illustrative surplus-production fishing_mortality","fixed-catch-20","fixed-catch 20"
2034,"catch","all",45145.9157404822,"t","Illustrative surplus-production catch","fixed-catch-20","fixed-catch 20"
2035,"total_biomass","all",2795778.00836878,"t","Illustrative surplus-production total_biomass","fixed-catch-20","fixed-catch 20"
2035,"biomass_depletion","all",0.886126664034972,"ratio","Illustrative surplus-production biomass_depletion","fixed-catch-20","fixed-catch 20"
2035,"fishing_mortality","all",0.0162796879395951,"per year","Illustrative surplus-production fishing_mortality","fixed-catch-20","fixed-catch 20"
2035,"catch","all",45145.9157404822,"t","Illustrative surplus-production catch","fixed-catch-20","fixed-catch 20"
2036,"total_biomass","all",2850470.65623519,"t","Illustrative surplus-production total_biomass","fixed-catch-20","fixed-catch 20"
2036,"biomass_depletion","all",0.903461593151672,"ratio","Illustrative surplus-production biomass_depletion","fixed-catch-20","fixed-catch 20"
2036,"fishing_mortality","all",0.0159648188987234,"per year","Illustrative surplus-production fishing_mortality","fixed-catch-20","fixed-catch 20"
2036,"catch","all",45145.9157404822,"t","Illustrative surplus-production catch","fixed-catch-20","fixed-catch 20"
2037,"total_biomass","all",2892355.50829221,"t","Illustrative surplus-production total_biomass","fixed-catch-20","fixed-catch 20"
2037,"biomass_depletion","all",0.916737069285969,"ratio","Illustrative surplus-production biomass_depletion","fixed-catch-20","fixed-catch 20"
2037,"fishing_mortality","all",0.0157318005941602,"per year","Illustrative surplus-production fishing_mortality","fixed-catch-20","fixed-catch 20"
2037,"catch","all",45145.9157404822,"t","Illustrative surplus-production catch","fixed-catch-20","fixed-catch 20"
2038,"total_biomass","all",2937415.49704029,"t","Illustrative surplus-production total_biomass","fixed-catch-20","fixed-catch 20"
2038,"biomass_depletion","all",0.931018910473383,"ratio","Illustrative surplus-production biomass_depletion","fixed-catch-20","fixed-catch 20"
2038,"fishing_mortality","all",0.0154885959222516,"per year","Illustrative surplus-production fishing_mortality","fixed-catch-20","fixed-catch 20"
2038,"catch","all",45145.9157404822,"t","Illustrative surplus-production catch","fixed-catch-20","fixed-catch 20"
2039,"total_biomass","all",2954221.3375964,"t","Illustrative surplus-production total_biomass","fixed-catch-20","fixed-catch 20"
2039,"biomass_depletion","all",0.936345550637128,"ratio","Illustrative surplus-production biomass_depletion","fixed-catch-20","fixed-catch 20"
2039,"fishing_mortality","all",0.0153998031483381,"per year","Illustrative surplus-production fishing_mortality","fixed-catch-20","fixed-catch 20"
2039,"catch","all",45145.9157404822,"t","Illustrative surplus-production catch","fixed-catch-20","fixed-catch 20"
2040,"total_biomass","all",2963045.63207078,"t","Illustrative surplus-production total_biomass","fixed-catch-20","fixed-catch 20"
2040,"biomass_depletion","all",0.939142425997632,"ratio","Illustrative surplus-production biomass_depletion","fixed-catch-20","fixed-catch 20"
2040,"fishing_mortality","all",0.0153535868559151,"per year","Illustrative surplus-production fishing_mortality","fixed-catch-20","fixed-catch 20"
2040,"catch","all",45145.9157404822,"t","Illustrative surplus-production catch","fixed-catch-20","fixed-catch 20"
2041,"total_biomass","all",2973676.53119008,"t","Illustrative surplus-production total_biomass","fixed-catch-20","fixed-catch 20"
2041,"biomass_depletion","all",0.942511907817745,"ratio","Illustrative surplus-production biomass_depletion","fixed-catch-20","fixed-catch 20"
2041,"fishing_mortality","all",0.0152982757469684,"per year","Illustrative surplus-production fishing_mortality","fixed-catch-20","fixed-catch 20"
2041,"catch","all",45145.9157404822,"t","Illustrative surplus-production catch","fixed-catch-20","fixed-catch 20"
2042,"total_biomass","all",2978577.43502665,"t","Illustrative surplus-production total_biomass","fixed-catch-20","fixed-catch 20"
2042,"biomass_depletion","all",0.944065257745552,"ratio","Illustrative surplus-production biomass_depletion","fixed-catch-20","fixed-catch 20"
2042,"fishing_mortality","all",0.0152729110033929,"per year","Illustrative surplus-production fishing_mortality","fixed-catch-20","fixed-catch 20"
2042,"catch","all",45145.9157404822,"t","Illustrative surplus-production catch","fixed-catch-20","fixed-catch 20"
2043,"total_biomass","all",2980275.86761036,"t","Illustrative surplus-production total_biomass","fixed-catch-20","fixed-catch 20"
2043,"biomass_depletion","all",0.944603578883705,"ratio","Illustrative surplus-production biomass_depletion","fixed-catch-20","fixed-catch 20"
2043,"fishing_mortality","all",0.0152641403397731,"per year","Illustrative surplus-production fishing_mortality","fixed-catch-20","fixed-catch 20"
2043,"catch","all",45145.9157404822,"t","Illustrative surplus-production catch","fixed-catch-20","fixed-catch 20"
2044,"total_biomass","all",2983035.81996694,"t","Illustrative surplus-production total_biomass","fixed-catch-20","fixed-catch 20"
2044,"biomass_depletion","all",0.945478350545586,"ratio","Illustrative surplus-production biomass_depletion","fixed-catch-20","fixed-catch 20"
2044,"fishing_mortality","all",0.0152499094793515,"per year","Illustrative surplus-production fishing_mortality","fixed-catch-20","fixed-catch 20"
2044,"catch","all",45145.9157404822,"t","Illustrative surplus-production catch","fixed-catch-20","fixed-catch 20"
2045,"total_biomass","all",2986956.79103083,"t","Illustrative surplus-production total_biomass","fixed-catch-20","fixed-catch 20"
2045,"biomass_depletion","all",0.946721109090156,"ratio","Illustrative surplus-production biomass_depletion","fixed-catch-20","fixed-catch 20"
2045,"fishing_mortality","all",0.0152297377437661,"per year","Illustrative surplus-production fishing_mortality","fixed-catch-20","fixed-catch 20"
2045,"catch","all",45145.9157404822,"t","Illustrative surplus-production catch","fixed-catch-20","fixed-catch 20"
2046,"total_biomass","all",2993251.4572407,"t","Illustrative surplus-production total_biomass","fixed-catch-20","fixed-catch 20"
2046,"biomass_depletion","all",0.948716214407199,"ratio","Illustrative surplus-production biomass_depletion","fixed-catch-20","fixed-catch 20"
2046,"fishing_mortality","all",0.0151974657191105,"per year","Illustrative surplus-production fishing_mortality","fixed-catch-20","fixed-catch 20"
2046,"catch","all",45145.9157404822,"t","Illustrative surplus-production catch","fixed-catch-20","fixed-catch 20"
2047,"total_biomass","all",2995339.90128939,"t","Illustrative surplus-production total_biomass","fixed-catch-20","fixed-catch 20"
2047,"biomass_depletion","all",0.949378150352164,"ratio","Illustrative surplus-production biomass_depletion","fixed-catch-20","fixed-catch 20"
2047,"fishing_mortality","all",0.0151867887040854,"per year","Illustrative surplus-production fishing_mortality","fixed-catch-20","fixed-catch 20"
2047,"catch","all",45145.9157404822,"t","Illustrative surplus-production catch","fixed-catch-20","fixed-catch 20"
2048,"total_biomass","all",2992644.32118715,"t","Illustrative surplus-production total_biomass","fixed-catch-20","fixed-catch 20"
2048,"biomass_depletion","all",0.948523781587377,"ratio","Illustrative surplus-production biomass_depletion","fixed-catch-20","fixed-catch 20"
2048,"fishing_mortality","all",0.0152005724743109,"per year","Illustrative surplus-production fishing_mortality","fixed-catch-20","fixed-catch 20"
2048,"catch","all",45145.9157404822,"t","Illustrative surplus-production catch","fixed-catch-20","fixed-catch 20"
2049,"total_biomass","all",2992995.75391761,"t","Illustrative surplus-production total_biomass","fixed-catch-20","fixed-catch 20"
2049,"biomass_depletion","all",0.948635168797713,"ratio","Illustrative surplus-production biomass_depletion","fixed-catch-20","fixed-catch 20"
2049,"fishing_mortality","all",0.0151987740150547,"per year","Illustrative surplus-production fishing_mortality","fixed-catch-20","fixed-catch 20"
2049,"catch","all",45145.9157404822,"t","Illustrative surplus-production catch","fixed-catch-20","fixed-catch 20"
2050,"total_biomass","all",2988527.47176775,"t","Illustrative surplus-production total_biomass","fixed-catch-20","fixed-catch 20"
2050,"biomass_depletion","all",0.947218939060028,"ratio","Illustrative surplus-production biomass_depletion","fixed-catch-20","fixed-catch 20"
2050,"fishing_mortality","all",0.0152216722189596,"per year","Illustrative surplus-production fishing_mortality","fixed-catch-20","fixed-catch 20"
2050,"catch","all",45145.9157404822,"t","Illustrative surplus-production catch","fixed-catch-20","fixed-catch 20"
2051,"total_biomass","all",2989794.67745234,"t","Illustrative surplus-production total_biomass","fixed-catch-20","fixed-catch 20"
2051,"biomass_depletion","all",0.947620582088396,"ratio","Illustrative surplus-production biomass_depletion","fixed-catch-20","fixed-catch 20"
2051,"fishing_mortality","all",0.0152151712777447,"per year","Illustrative surplus-production fishing_mortality","fixed-catch-20","fixed-catch 20"
2051,"catch","all",45145.9157404822,"t","Illustrative surplus-production catch","fixed-catch-20","fixed-catch 20"
2052,"total_biomass","all",2986815.18547633,"t","Illustrative surplus-production total_biomass","fixed-catch-20","fixed-catch 20"
2052,"biomass_depletion","all",0.946676226965308,"ratio","Illustrative surplus-production biomass_depletion","fixed-catch-20","fixed-catch 20"
2052,"fishing_mortality","all",0.0152304653154922,"per year","Illustrative surplus-production fishing_mortality","fixed-catch-20","fixed-catch 20"
2052,"catch","all",45145.9157404822,"t","Illustrative surplus-production catch","fixed-catch-20","fixed-catch 20"
2023,"total_biomass","all",902918.314809643,"t","Illustrative surplus-production total_biomass","lower-F-1","lower-F 1"
2023,"biomass_depletion","all",0.286181517918576,"ratio","Illustrative surplus-production biomass_depletion","lower-F-1","lower-F 1"
2023,"fishing_mortality","all",0.04,"per year","Illustrative surplus-production fishing_mortality","lower-F-1","lower-F 1"
2023,"catch","all",35403.9335233253,"t","Illustrative surplus-production catch","lower-F-1","lower-F 1"
2024,"total_biomass","all",1075673.70394236,"t","Illustrative surplus-production total_biomass","lower-F-1","lower-F 1"
2024,"biomass_depletion","all",0.340936636603967,"ratio","Illustrative surplus-production biomass_depletion","lower-F-1","lower-F 1"
2024,"fishing_mortality","all",0.04,"per year","Illustrative surplus-production fishing_mortality","lower-F-1","lower-F 1"
2024,"catch","all",42177.7692206779,"t","Illustrative surplus-production catch","lower-F-1","lower-F 1"
2025,"total_biomass","all",1242497.81755336,"t","Illustrative surplus-production total_biomass","lower-F-1","lower-F 1"
2025,"biomass_depletion","all",0.393811827277977,"ratio","Illustrative surplus-production biomass_depletion","lower-F-1","lower-F 1"
2025,"fishing_mortality","all",0.04,"per year","Illustrative surplus-production fishing_mortality","lower-F-1","lower-F 1"
2025,"catch","all",48719.0362782816,"t","Illustrative surplus-production catch","lower-F-1","lower-F 1"
2026,"total_biomass","all",1419072.40373804,"t","Illustrative surplus-production total_biomass","lower-F-1","lower-F 1"
2026,"biomass_depletion","all",0.449777447059243,"ratio","Illustrative surplus-production biomass_depletion","lower-F-1","lower-F 1"
2026,"fishing_mortality","all",0.04,"per year","Illustrative surplus-production fishing_mortality","lower-F-1","lower-F 1"
2026,"catch","all",55642.6248340296,"t","Illustrative surplus-production catch","lower-F-1","lower-F 1"
2027,"total_biomass","all",1606678.06334025,"t","Illustrative surplus-production total_biomass","lower-F-1","lower-F 1"
2027,"biomass_depletion","all",0.509239384594969,"ratio","Illustrative surplus-production biomass_depletion","lower-F-1","lower-F 1"
2027,"fishing_mortality","all",0.04,"per year","Illustrative surplus-production fishing_mortality","lower-F-1","lower-F 1"
2027,"catch","all",62998.7479652303,"t","Illustrative surplus-production catch","lower-F-1","lower-F 1"
2028,"total_biomass","all",1771024.05387129,"t","Illustrative surplus-production total_biomass","lower-F-1","lower-F 1"
2028,"biomass_depletion","all",0.561329129882638,"ratio","Illustrative surplus-production biomass_depletion","lower-F-1","lower-F 1"
2028,"fishing_mortality","all",0.04,"per year","Illustrative surplus-production fishing_mortality","lower-F-1","lower-F 1"
2028,"catch","all",69442.8464270194,"t","Illustrative surplus-production catch","lower-F-1","lower-F 1"
2029,"total_biomass","all",1930018.60750173,"t","Illustrative surplus-production total_biomass","lower-F-1","lower-F 1"
2029,"biomass_depletion","all",0.611722728010436,"ratio","Illustrative surplus-production biomass_depletion","lower-F-1","lower-F 1"
2029,"fishing_mortality","all",0.04,"per year","Illustrative surplus-production fishing_mortality","lower-F-1","lower-F 1"
2029,"catch","all",75677.1120465951,"t","Illustrative surplus-production catch","lower-F-1","lower-F 1"
2030,"total_biomass","all",2068404.87840685,"t","Illustrative surplus-production total_biomass","lower-F-1","lower-F 1"
2030,"biomass_depletion","all",0.655584495367616,"ratio","Illustrative surplus-production biomass_depletion","lower-F-1","lower-F 1"
2030,"fishing_mortality","all",0.04,"per year","Illustrative surplus-production fishing_mortality","lower-F-1","lower-F 1"
2030,"catch","all",81103.3153424032,"t","Illustrative surplus-production catch","lower-F-1","lower-F 1"
2031,"total_biomass","all",2194398.46493829,"t","Illustrative surplus-production total_biomass","lower-F-1","lower-F 1"
2031,"biomass_depletion","all",0.695518380028239,"ratio","Illustrative surplus-production biomass_depletion","lower-F-1","lower-F 1"
2031,"fishing_mortality","all",0.04,"per year","Illustrative surplus-production fishing_mortality","lower-F-1","lower-F 1"
2031,"catch","all",86043.5945335112,"t","Illustrative surplus-production catch","lower-F-1","lower-F 1"
2032,"total_biomass","all",2292067.62084246,"t","Illustrative surplus-production total_biomass","lower-F-1","lower-F 1"
2032,"biomass_depletion","all",0.726474787526048,"ratio","Illustrative surplus-production biomass_depletion","lower-F-1","lower-F 1"
2032,"fishing_mortality","all",0.04,"per year","Illustrative surplus-production fishing_mortality","lower-F-1","lower-F 1"
2032,"catch","all",89873.2569140331,"t","Illustrative surplus-production catch","lower-F-1","lower-F 1"
2033,"total_biomass","all",2401880.3655479,"t","Illustrative surplus-production total_biomass","lower-F-1","lower-F 1"
2033,"biomass_depletion","all",0.76128012644891,"ratio","Illustrative surplus-production biomass_depletion","lower-F-1","lower-F 1"
2033,"fishing_mortality","all",0.04,"per year","Illustrative surplus-production fishing_mortality","lower-F-1","lower-F 1"
2033,"catch","all",94179.0762221562,"t","Illustrative surplus-production catch","lower-F-1","lower-F 1"
2034,"total_biomass","all",2487872.65430099,"t","Illustrative surplus-production total_biomass","lower-F-1","lower-F 1"
2034,"biomass_depletion","all",0.788535530754048,"ratio","Illustrative surplus-production biomass_depletion","lower-F-1","lower-F 1"
2034,"fishing_mortality","all",0.04,"per year","Illustrative surplus-production fishing_mortality","lower-F-1","lower-F 1"
2034,"catch","all",97550.8820927401,"t","Illustrative surplus-production catch","lower-F-1","lower-F 1"
2035,"total_biomass","all",2538061.28822306,"t","Illustrative surplus-production total_biomass","lower-F-1","lower-F 1"
2035,"biomass_depletion","all",0.804442904879144,"ratio","Illustrative surplus-production biomass_depletion","lower-F-1","lower-F 1"
2035,"fishing_mortality","all",0.04,"per year","Illustrative surplus-production fishing_mortality","lower-F-1","lower-F 1"
2035,"catch","all",99518.8065770033,"t","Illustrative surplus-production catch","lower-F-1","lower-F 1"
2036,"total_biomass","all",2609704.12974666,"t","Illustrative surplus-production total_biomass","lower-F-1","lower-F 1"
2036,"biomass_depletion","all",0.827150227124064,"ratio","Illustrative surplus-production biomass_depletion","lower-F-1","lower-F 1"
2036,"fishing_mortality","all",0.04,"per year","Illustrative surplus-production fishing_mortality","lower-F-1","lower-F 1"
2036,"catch","all",102327.962573865,"t","Illustrative surplus-production catch","lower-F-1","lower-F 1"
2037,"total_biomass","all",2639599.52774609,"t","Illustrative surplus-production total_biomass","lower-F-1","lower-F 1"
2037,"biomass_depletion","all",0.836625625106283,"ratio","Illustrative surplus-production biomass_depletion","lower-F-1","lower-F 1"
2037,"fishing_mortality","all",0.04,"per year","Illustrative surplus-production fishing_mortality","lower-F-1","lower-F 1"
2037,"catch","all",103500.177896187,"t","Illustrative surplus-production catch","lower-F-1","lower-F 1"
2038,"total_biomass","all",2661989.6584717,"t","Illustrative surplus-production total_biomass","lower-F-1","lower-F 1"
2038,"biomass_depletion","all",0.843722215675279,"ratio","Illustrative surplus-production biomass_depletion","lower-F-1","lower-F 1"
2038,"fishing_mortality","all",0.04,"per year","Illustrative surplus-production fishing_mortality","lower-F-1","lower-F 1"
2038,"catch","all",104378.107479391,"t","Illustrative surplus-production catch","lower-F-1","lower-F 1"
2039,"total_biomass","all",2667954.09398529,"t","Illustrative surplus-production total_biomass","lower-F-1","lower-F 1"
2039,"biomass_depletion","all",0.845612653803302,"ratio","Illustrative surplus-production biomass_depletion","lower-F-1","lower-F 1"
2039,"fishing_mortality","all",0.04,"per year","Illustrative surplus-production fishing_mortality","lower-F-1","lower-F 1"
2039,"catch","all",104611.976341019,"t","Illustrative surplus-production catch","lower-F-1","lower-F 1"
2040,"total_biomass","all",2686854.35323866,"t","Illustrative surplus-production total_biomass","lower-F-1","lower-F 1"
2040,"biomass_depletion","all",0.851603123587189,"ratio","Illustrative surplus-production biomass_depletion","lower-F-1","lower-F 1"
2040,"fishing_mortality","all",0.04,"per year","Illustrative surplus-production fishing_mortality","lower-F-1","lower-F 1"
2040,"catch","all",105353.06610651,"t","Illustrative surplus-production catch","lower-F-1","lower-F 1"
2041,"total_biomass","all",2692354.26769086,"t","Illustrative surplus-production total_biomass","lower-F-1","lower-F 1"
2041,"biomass_depletion","all",0.853346330963244,"ratio","Illustrative surplus-production biomass_depletion","lower-F-1","lower-F 1"
2041,"fishing_mortality","all",0.04,"per year","Illustrative surplus-production fishing_mortality","lower-F-1","lower-F 1"
2041,"catch","all",105568.720836795,"t","Illustrative surplus-production catch","lower-F-1","lower-F 1"
2042,"total_biomass","all",2708226.46329617,"t","Illustrative surplus-production total_biomass","lower-F-1","lower-F 1"
2042,"biomass_depletion","all",0.858377050748772,"ratio","Illustrative surplus-production biomass_depletion","lower-F-1","lower-F 1"
2042,"fishing_mortality","all",0.04,"per year","Illustrative surplus-production fishing_mortality","lower-F-1","lower-F 1"
2042,"catch","all",106191.078528363,"t","Illustrative surplus-production catch","lower-F-1","lower-F 1"
2043,"total_biomass","all",2718539.0300888,"t","Illustrative surplus-production total_biomass","lower-F-1","lower-F 1"
2043,"biomass_depletion","all",0.861645636588648,"ratio","Illustrative surplus-production biomass_depletion","lower-F-1","lower-F 1"
2043,"fishing_mortality","all",0.04,"per year","Illustrative surplus-production fishing_mortality","lower-F-1","lower-F 1"
2043,"catch","all",106595.440056081,"t","Illustrative surplus-production catch","lower-F-1","lower-F 1"
2044,"total_biomass","all",2732426.80510172,"t","Illustrative surplus-production total_biomass","lower-F-1","lower-F 1"
2044,"biomass_depletion","all",0.866047390843183,"ratio","Illustrative surplus-production biomass_depletion","lower-F-1","lower-F 1"
2044,"fishing_mortality","all",0.04,"per year","Illustrative surplus-production fishing_mortality","lower-F-1","lower-F 1"
2044,"catch","all",107139.987503264,"t","Illustrative surplus-production catch","lower-F-1","lower-F 1"
2045,"total_biomass","all",2728993.96253212,"t","Illustrative surplus-production total_biomass","lower-F-1","lower-F 1"
2045,"biomass_depletion","all",0.86495934546717,"ratio","Illustrative surplus-production biomass_depletion","lower-F-1","lower-F 1"
2045,"fishing_mortality","all",0.04,"per year","Illustrative surplus-production fishing_mortality","lower-F-1","lower-F 1"
2045,"catch","all",107005.383820808,"t","Illustrative surplus-production catch","lower-F-1","lower-F 1"
2046,"total_biomass","all",2718467.95330616,"t","Illustrative surplus-production total_biomass","lower-F-1","lower-F 1"
2046,"biomass_depletion","all",0.861623108679744,"ratio","Illustrative surplus-production biomass_depletion","lower-F-1","lower-F 1"
2046,"fishing_mortality","all",0.04,"per year","Illustrative surplus-production fishing_mortality","lower-F-1","lower-F 1"
2046,"catch","all",106592.653095571,"t","Illustrative surplus-production catch","lower-F-1","lower-F 1"
2047,"total_biomass","all",2727932.17679399,"t","Illustrative surplus-production total_biomass","lower-F-1","lower-F 1"
2047,"biomass_depletion","all",0.864622810645297,"ratio","Illustrative surplus-production biomass_depletion","lower-F-1","lower-F 1"
2047,"fishing_mortality","all",0.04,"per year","Illustrative surplus-production fishing_mortality","lower-F-1","lower-F 1"
2047,"catch","all",106963.750606516,"t","Illustrative surplus-production catch","lower-F-1","lower-F 1"
2048,"total_biomass","all",2735373.47440743,"t","Illustrative surplus-production total_biomass","lower-F-1","lower-F 1"
2048,"biomass_depletion","all",0.866981342764282,"ratio","Illustrative surplus-production biomass_depletion","lower-F-1","lower-F 1"
2048,"fishing_mortality","all",0.04,"per year","Illustrative surplus-production fishing_mortality","lower-F-1","lower-F 1"
2048,"catch","all",107255.528059374,"t","Illustrative surplus-production catch","lower-F-1","lower-F 1"
2049,"total_biomass","all",2748696.54945815,"t","Illustrative surplus-production total_biomass","lower-F-1","lower-F 1"
2049,"biomass_depletion","all",0.871204114391371,"ratio","Illustrative surplus-production biomass_depletion","lower-F-1","lower-F 1"
2049,"fishing_mortality","all",0.04,"per year","Illustrative surplus-production fishing_mortality","lower-F-1","lower-F 1"
2049,"catch","all",107777.933304328,"t","Illustrative surplus-production catch","lower-F-1","lower-F 1"
2050,"total_biomass","all",2745412.44525145,"t","Illustrative surplus-production total_biomass","lower-F-1","lower-F 1"
2050,"biomass_depletion","all",0.870163211896138,"ratio","Illustrative surplus-production biomass_depletion","lower-F-1","lower-F 1"
2050,"fishing_mortality","all",0.04,"per year","Illustrative surplus-production fishing_mortality","lower-F-1","lower-F 1"
2050,"catch","all",107649.161736501,"t","Illustrative surplus-production catch","lower-F-1","lower-F 1"
2051,"total_biomass","all",2748704.69323977,"t","Illustrative surplus-production total_biomass","lower-F-1","lower-F 1"
2051,"biomass_depletion","all",0.871206695577006,"ratio","Illustrative surplus-production biomass_depletion","lower-F-1","lower-F 1"
2051,"fishing_mortality","all",0.04,"per year","Illustrative surplus-production fishing_mortality","lower-F-1","lower-F 1"
2051,"catch","all",107778.252626573,"t","Illustrative surplus-production catch","lower-F-1","lower-F 1"
2052,"total_biomass","all",2750761.23077054,"t","Illustrative surplus-production total_biomass","lower-F-1","lower-F 1"
2052,"biomass_depletion","all",0.871858518696064,"ratio","Illustrative surplus-production biomass_depletion","lower-F-1","lower-F 1"
2052,"fishing_mortality","all",0.04,"per year","Illustrative surplus-production fishing_mortality","lower-F-1","lower-F 1"
2052,"catch","all",107858.890616559,"t","Illustrative surplus-production catch","lower-F-1","lower-F 1"
2023,"total_biomass","all",902918.314809643,"t","Illustrative surplus-production total_biomass","lower-F-2","lower-F 2"
2023,"biomass_depletion","all",0.286181517918576,"ratio","Illustrative surplus-production biomass_depletion","lower-F-2","lower-F 2"
2023,"fishing_mortality","all",0.04,"per year","Illustrative surplus-production fishing_mortality","lower-F-2","lower-F 2"
2023,"catch","all",35403.9335233253,"t","Illustrative surplus-production catch","lower-F-2","lower-F 2"
2024,"total_biomass","all",1037684.95660735,"t","Illustrative surplus-production total_biomass","lower-F-2","lower-F 2"
2024,"biomass_depletion","all",0.328896037584274,"ratio","Illustrative surplus-production biomass_depletion","lower-F-2","lower-F 2"
2024,"fishing_mortality","all",0.04,"per year","Illustrative surplus-production fishing_mortality","lower-F-2","lower-F 2"
2024,"catch","all",40688.2091317712,"t","Illustrative surplus-production catch","lower-F-2","lower-F 2"
2025,"total_biomass","all",1194079.10161785,"t","Illustrative surplus-production total_biomass","lower-F-2","lower-F 2"
2025,"biomass_depletion","all",0.378465431712821,"ratio","Illustrative surplus-production biomass_depletion","lower-F-2","lower-F 2"
2025,"fishing_mortality","all",0.04,"per year","Illustrative surplus-production fishing_mortality","lower-F-2","lower-F 2"
2025,"catch","all",46820.5112709259,"t","Illustrative surplus-production catch","lower-F-2","lower-F 2"
2026,"total_biomass","all",1371846.35821688,"t","Illustrative surplus-production total_biomass","lower-F-2","lower-F 2"
2026,"biomass_depletion","all",0.434809070439939,"ratio","Illustrative surplus-production biomass_depletion","lower-F-2","lower-F 2"
2026,"fishing_mortality","all",0.04,"per year","Illustrative surplus-production fishing_mortality","lower-F-2","lower-F 2"
2026,"catch","all",53790.8651025269,"t","Illustrative surplus-production catch","lower-F-2","lower-F 2"
2027,"total_biomass","all",1552444.62633755,"t","Illustrative surplus-production total_biomass","lower-F-2","lower-F 2"
2027,"biomass_depletion","all",0.492050003153918,"ratio","Illustrative surplus-production biomass_depletion","lower-F-2","lower-F 2"
2027,"fishing_mortality","all",0.04,"per year","Illustrative surplus-production fishing_mortality","lower-F-2","lower-F 2"
2027,"catch","all",60872.2244836573,"t","Illustrative surplus-production catch","lower-F-2","lower-F 2"
2028,"total_biomass","all",1702867.07756592,"t","Illustrative surplus-production total_biomass","lower-F-2","lower-F 2"
2028,"biomass_depletion","all",0.539726658633705,"ratio","Illustrative surplus-production biomass_depletion","lower-F-2","lower-F 2"
2028,"fishing_mortality","all",0.04,"per year","Illustrative surplus-production fishing_mortality","lower-F-2","lower-F 2"
2028,"catch","all",66770.3731604042,"t","Illustrative surplus-production catch","lower-F-2","lower-F 2"
2029,"total_biomass","all",1868741.4938636,"t","Illustrative surplus-production total_biomass","lower-F-2","lower-F 2"
2029,"biomass_depletion","all",0.592300841105499,"ratio","Illustrative surplus-production biomass_depletion","lower-F-2","lower-F 2"
2029,"fishing_mortality","all",0.04,"per year","Illustrative surplus-production fishing_mortality","lower-F-2","lower-F 2"
2029,"catch","all",73274.4020537171,"t","Illustrative surplus-production catch","lower-F-2","lower-F 2"
2030,"total_biomass","all",2003805.83208735,"t","Illustrative surplus-production total_biomass","lower-F-2","lower-F 2"
2030,"biomass_depletion","all",0.635109716167126,"ratio","Illustrative surplus-production biomass_depletion","lower-F-2","lower-F 2"
2030,"fishing_mortality","all",0.04,"per year","Illustrative surplus-production fishing_mortality","lower-F-2","lower-F 2"
2030,"catch","all",78570.3505059907,"t","Illustrative surplus-production catch","lower-F-2","lower-F 2"
2031,"total_biomass","all",2157309.96950877,"t","Illustrative surplus-production total_biomass","lower-F-2","lower-F 2"
2031,"biomass_depletion","all",0.683763117403432,"ratio","Illustrative surplus-production biomass_depletion","lower-F-2","lower-F 2"
2031,"fishing_mortality","all",0.04,"per year","Illustrative surplus-production fishing_mortality","lower-F-2","lower-F 2"
2031,"catch","all",84589.3338267233,"t","Illustrative surplus-production catch","lower-F-2","lower-F 2"
2032,"total_biomass","all",2278004.84888852,"t","Illustrative surplus-production total_biomass","lower-F-2","lower-F 2"
2032,"biomass_depletion","all",0.72201756768909,"ratio","Illustrative surplus-production biomass_depletion","lower-F-2","lower-F 2"
2032,"fishing_mortality","all",0.04,"per year","Illustrative surplus-production fishing_mortality","lower-F-2","lower-F 2"
2032,"catch","all",89321.8477386459,"t","Illustrative surplus-production catch","lower-F-2","lower-F 2"
2033,"total_biomass","all",2370625.51958901,"t","Illustrative surplus-production total_biomass","lower-F-2","lower-F 2"
2033,"biomass_depletion","all",0.75137384909013,"ratio","Illustrative surplus-production biomass_depletion","lower-F-2","lower-F 2"
2033,"fishing_mortality","all",0.04,"per year","Illustrative surplus-production fishing_mortality","lower-F-2","lower-F 2"
2033,"catch","all",92953.5561829004,"t","Illustrative surplus-production catch","lower-F-2","lower-F 2"
2034,"total_biomass","all",2462767.27549554,"t","Illustrative surplus-production total_biomass","lower-F-2","lower-F 2"
2034,"biomass_depletion","all",0.780578337620824,"ratio","Illustrative surplus-production biomass_depletion","lower-F-2","lower-F 2"
2034,"fishing_mortality","all",0.04,"per year","Illustrative surplus-production fishing_mortality","lower-F-2","lower-F 2"
2034,"catch","all",96566.4861094849,"t","Illustrative surplus-production catch","lower-F-2","lower-F 2"
2035,"total_biomass","all",2516945.13366501,"t","Illustrative surplus-production total_biomass","lower-F-2","lower-F 2"
2035,"biomass_depletion","all",0.797750103254781,"ratio","Illustrative surplus-production biomass_depletion","lower-F-2","lower-F 2"
2035,"fishing_mortality","all",0.04,"per year","Illustrative surplus-production fishing_mortality","lower-F-2","lower-F 2"
2035,"catch","all",98690.830313836,"t","Illustrative surplus-production catch","lower-F-2","lower-F 2"
2036,"total_biomass","all",2585367.23109462,"t","Illustrative surplus-production total_biomass","lower-F-2","lower-F 2"
2036,"biomass_depletion","all",0.819436605101522,"ratio","Illustrative surplus-production biomass_depletion","lower-F-2","lower-F 2"
2036,"fishing_mortality","all",0.04,"per year","Illustrative surplus-production fishing_mortality","lower-F-2","lower-F 2"
2036,"catch","all",101373.699128425,"t","Illustrative surplus-production catch","lower-F-2","lower-F 2"
2037,"total_biomass","all",2615255.90386813,"t","Illustrative surplus-production total_biomass","lower-F-2","lower-F 2"
2037,"biomass_depletion","all",0.828909871511785,"ratio","Illustrative surplus-production biomass_depletion","lower-F-2","lower-F 2"
2037,"fishing_mortality","all",0.04,"per year","Illustrative surplus-production fishing_mortality","lower-F-2","lower-F 2"
2037,"catch","all",102545.650750867,"t","Illustrative surplus-production catch","lower-F-2","lower-F 2"
2038,"total_biomass","all",2628502.78642743,"t","Illustrative surplus-production total_biomass","lower-F-2","lower-F 2"
2038,"biomass_depletion","all",0.833108493797245,"ratio","Illustrative surplus-production biomass_depletion","lower-F-2","lower-F 2"
2038,"fishing_mortality","all",0.04,"per year","Illustrative surplus-production fishing_mortality","lower-F-2","lower-F 2"
2038,"catch","all",103065.068445501,"t","Illustrative surplus-production catch","lower-F-2","lower-F 2"
2039,"total_biomass","all",2647336.16244202,"t","Illustrative surplus-production total_biomass","lower-F-2","lower-F 2"
2039,"biomass_depletion","all",0.839077764823185,"ratio","Illustrative surplus-production biomass_depletion","lower-F-2","lower-F 2"
2039,"fishing_mortality","all",0.04,"per year","Illustrative surplus-production fishing_mortality","lower-F-2","lower-F 2"
2039,"catch","all",103803.535681688,"t","Illustrative surplus-production catch","lower-F-2","lower-F 2"
2040,"total_biomass","all",2667347.29197838,"t","Illustrative surplus-production total_biomass","lower-F-2","lower-F 2"
2040,"biomass_depletion","all",0.845420326860139,"ratio","Illustrative surplus-production biomass_depletion","lower-F-2","lower-F 2"
2040,"fishing_mortality","all",0.04,"per year","Illustrative surplus-production fishing_mortality","lower-F-2","lower-F 2"
2040,"catch","all",104588.183294004,"t","Illustrative surplus-production catch","lower-F-2","lower-F 2"
2041,"total_biomass","all",2684329.93204091,"t","Illustrative surplus-production total_biomass","lower-F-2","lower-F 2"
2041,"biomass_depletion","all",0.850803003932523,"ratio","Illustrative surplus-production biomass_depletion","lower-F-2","lower-F 2"
2041,"fishing_mortality","all",0.04,"per year","Illustrative surplus-production fishing_mortality","lower-F-2","lower-F 2"
2041,"catch","all",105254.08213553,"t","Illustrative surplus-production catch","lower-F-2","lower-F 2"
2042,"total_biomass","all",2691421.5791092,"t","Illustrative surplus-production total_biomass","lower-F-2","lower-F 2"
2042,"biomass_depletion","all",0.853050713707877,"ratio","Illustrative surplus-production biomass_depletion","lower-F-2","lower-F 2"
2042,"fishing_mortality","all",0.04,"per year","Illustrative surplus-production fishing_mortality","lower-F-2","lower-F 2"
2042,"catch","all",105532.149594412,"t","Illustrative surplus-production catch","lower-F-2","lower-F 2"
2043,"total_biomass","all",2700502.34972758,"t","Illustrative surplus-production total_biomass","lower-F-2","lower-F 2"
2043,"biomass_depletion","all",0.855928879624788,"ratio","Illustrative surplus-production biomass_depletion","lower-F-2","lower-F 2"
2043,"fishing_mortality","all",0.04,"per year","Illustrative surplus-production fishing_mortality","lower-F-2","lower-F 2"
2043,"catch","all",105888.211703288,"t","Illustrative surplus-production catch","lower-F-2","lower-F 2"
2044,"total_biomass","all",2713536.40756698,"t","Illustrative surplus-production total_biomass","lower-F-2","lower-F 2"
2044,"biomass_depletion","all",0.860060046748033,"ratio","Illustrative surplus-production biomass_depletion","lower-F-2","lower-F 2"
2044,"fishing_mortality","all",0.04,"per year","Illustrative surplus-production fishing_mortality","lower-F-2","lower-F 2"
2044,"catch","all",106399.284421291,"t","Illustrative surplus-production catch","lower-F-2","lower-F 2"
2045,"total_biomass","all",2723062.27163251,"t","Illustrative surplus-production total_biomass","lower-F-2","lower-F 2"
2045,"biomass_depletion","all",0.86307928580105,"ratio","Illustrative surplus-production biomass_depletion","lower-F-2","lower-F 2"
2045,"fishing_mortality","all",0.04,"per year","Illustrative surplus-production fishing_mortality","lower-F-2","lower-F 2"
2045,"catch","all",106772.798893859,"t","Illustrative surplus-production catch","lower-F-2","lower-F 2"
2046,"total_biomass","all",2728774.40450108,"t","Illustrative surplus-production total_biomass","lower-F-2","lower-F 2"
2046,"biomass_depletion","all",0.864889756170371,"ratio","Illustrative surplus-production biomass_depletion","lower-F-2","lower-F 2"
2046,"fishing_mortality","all",0.04,"per year","Illustrative surplus-production fishing_mortality","lower-F-2","lower-F 2"
2046,"catch","all",106996.774827272,"t","Illustrative surplus-production catch","lower-F-2","lower-F 2"
2047,"total_biomass","all",2724246.38687605,"t","Illustrative surplus-production total_biomass","lower-F-2","lower-F 2"
2047,"biomass_depletion","all",0.863454593170752,"ratio","Illustrative surplus-production biomass_depletion","lower-F-2","lower-F 2"
2047,"fishing_mortality","all",0.04,"per year","Illustrative surplus-production fishing_mortality","lower-F-2","lower-F 2"
2047,"catch","all",106819.228716667,"t","Illustrative surplus-production catch","lower-F-2","lower-F 2"
2048,"total_biomass","all",2730576.79610838,"t","Illustrative surplus-production total_biomass","lower-F-2","lower-F 2"
2048,"biomass_depletion","all",0.865461027300441,"ratio","Illustrative surplus-production biomass_depletion","lower-F-2","lower-F 2"
2048,"fishing_mortality","all",0.04,"per year","Illustrative surplus-production fishing_mortality","lower-F-2","lower-F 2"
2048,"catch","all",107067.447613062,"t","Illustrative surplus-production catch","lower-F-2","lower-F 2"
2049,"total_biomass","all",2746420.38428323,"t","Illustrative surplus-production total_biomass","lower-F-2","lower-F 2"
2049,"biomass_depletion","all",0.870482679911519,"ratio","Illustrative surplus-production biomass_depletion","lower-F-2","lower-F 2"
2049,"fishing_mortality","all",0.04,"per year","Illustrative surplus-production fishing_mortality","lower-F-2","lower-F 2"
2049,"catch","all",107688.683591237,"t","Illustrative surplus-production catch","lower-F-2","lower-F 2"
2050,"total_biomass","all",2738441.64500365,"t","Illustrative surplus-production total_biomass","lower-F-2","lower-F 2"
2050,"biomass_depletion","all",0.867953804729065,"ratio","Illustrative surplus-production biomass_depletion","lower-F-2","lower-F 2"
2050,"fishing_mortality","all",0.04,"per year","Illustrative surplus-production fishing_mortality","lower-F-2","lower-F 2"
2050,"catch","all",107375.832749228,"t","Illustrative surplus-production catch","lower-F-2","lower-F 2"
2051,"total_biomass","all",2757147.58949071,"t","Illustrative surplus-production total_biomass","lower-F-2","lower-F 2"
2051,"biomass_depletion","all",0.873882686112467,"ratio","Illustrative surplus-production biomass_depletion","lower-F-2","lower-F 2"
2051,"fishing_mortality","all",0.04,"per year","Illustrative surplus-production fishing_mortality","lower-F-2","lower-F 2"
2051,"catch","all",108109.303323751,"t","Illustrative surplus-production catch","lower-F-2","lower-F 2"
2052,"total_biomass","all",2760478.6847415,"t","Illustrative surplus-production total_biomass","lower-F-2","lower-F 2"
2052,"biomass_depletion","all",0.87493848250021,"ratio","Illustrative surplus-production biomass_depletion","lower-F-2","lower-F 2"
2052,"fishing_mortality","all",0.04,"per year","Illustrative surplus-production fishing_mortality","lower-F-2","lower-F 2"
2052,"catch","all",108239.917436772,"t","Illustrative surplus-production catch","lower-F-2","lower-F 2"
2023,"total_biomass","all",902918.314809643,"t","Illustrative surplus-production total_biomass","lower-F-3","lower-F 3"
2023,"biomass_depletion","all",0.286181517918576,"ratio","Illustrative surplus-production biomass_depletion","lower-F-3","lower-F 3"
2023,"fishing_mortality","all",0.04,"per year","Illustrative surplus-production fishing_mortality","lower-F-3","lower-F 3"
2023,"catch","all",35403.9335233253,"t","Illustrative surplus-production catch","lower-F-3","lower-F 3"
2024,"total_biomass","all",1046052.59117009,"t","Illustrative surplus-production total_biomass","lower-F-3","lower-F 3"
2024,"biomass_depletion","all",0.331548173797789,"ratio","Illustrative surplus-production biomass_depletion","lower-F-3","lower-F 3"
2024,"fishing_mortality","all",0.04,"per year","Illustrative surplus-production fishing_mortality","lower-F-3","lower-F 3"
2024,"catch","all",41016.3087759447,"t","Illustrative surplus-production catch","lower-F-3","lower-F 3"
2025,"total_biomass","all",1209123.11737428,"t","Illustrative surplus-production total_biomass","lower-F-3","lower-F 3"
2025,"biomass_depletion","all",0.383233658466174,"ratio","Illustrative surplus-production biomass_depletion","lower-F-3","lower-F 3"
2025,"fishing_mortality","all",0.04,"per year","Illustrative surplus-production fishing_mortality","lower-F-3","lower-F 3"
2025,"catch","all",47410.395566137,"t","Illustrative surplus-production catch","lower-F-3","lower-F 3"
2026,"total_biomass","all",1384682.57147884,"t","Illustrative surplus-production total_biomass","lower-F-3","lower-F 3"
2026,"biomass_depletion","all",0.438877530382971,"ratio","Illustrative surplus-production biomass_depletion","lower-F-3","lower-F 3"
2026,"fishing_mortality","all",0.04,"per year","Illustrative surplus-production fishing_mortality","lower-F-3","lower-F 3"
2026,"catch","all",54294.1802236885,"t","Illustrative surplus-production catch","lower-F-3","lower-F 3"
2027,"total_biomass","all",1546369.64117493,"t","Illustrative surplus-production total_biomass","lower-F-3","lower-F 3"
2027,"biomass_depletion","all",0.490124526123874,"ratio","Illustrative surplus-production biomass_depletion","lower-F-3","lower-F 3"
2027,"fishing_mortality","all",0.04,"per year","Illustrative surplus-production fishing_mortality","lower-F-3","lower-F 3"
2027,"catch","all",60634.0209082895,"t","Illustrative surplus-production catch","lower-F-3","lower-F 3"
2028,"total_biomass","all",1709575.79362164,"t","Illustrative surplus-production total_biomass","lower-F-3","lower-F 3"
2028,"biomass_depletion","all",0.541852997763857,"ratio","Illustrative surplus-production biomass_depletion","lower-F-3","lower-F 3"
2028,"fishing_mortality","all",0.04,"per year","Illustrative surplus-production fishing_mortality","lower-F-3","lower-F 3"
2028,"catch","all",67033.4256795167,"t","Illustrative surplus-production catch","lower-F-3","lower-F 3"
2029,"total_biomass","all",1883921.1588056,"t","Illustrative surplus-production total_biomass","lower-F-3","lower-F 3"
2029,"biomass_depletion","all",0.597112062102288,"ratio","Illustrative surplus-production biomass_depletion","lower-F-3","lower-F 3"
2029,"fishing_mortality","all",0.04,"per year","Illustrative surplus-production fishing_mortality","lower-F-3","lower-F 3"
2029,"catch","all",73869.6052295728,"t","Illustrative surplus-production catch","lower-F-3","lower-F 3"
2030,"total_biomass","all",2042131.21648681,"t","Illustrative surplus-production total_biomass","lower-F-3","lower-F 3"
2030,"biomass_depletion","all",0.647257012885281,"ratio","Illustrative surplus-production biomass_depletion","lower-F-3","lower-F 3"
2030,"fishing_mortality","all",0.04,"per year","Illustrative surplus-production fishing_mortality","lower-F-3","lower-F 3"
2030,"catch","all",80073.1103229962,"t","Illustrative surplus-production catch","lower-F-3","lower-F 3"
2031,"total_biomass","all",2164850.5903604,"t","Illustrative surplus-production total_biomass","lower-F-3","lower-F 3"
2031,"biomass_depletion","all",0.68615313019415,"ratio","Illustrative surplus-production biomass_depletion","lower-F-3","lower-F 3"
2031,"fishing_mortality","all",0.04,"per year","Illustrative surplus-production fishing_mortality","lower-F-3","lower-F 3"
2031,"catch","all",84885.0057994555,"t","Illustrative surplus-production catch","lower-F-3","lower-F 3"
2032,"total_biomass","all",2275597.90025746,"t","Illustrative surplus-production total_biomass","lower-F-3","lower-F 3"
2032,"biomass_depletion","all",0.721254681167142,"ratio","Illustrative surplus-production biomass_depletion","lower-F-3","lower-F 3"
2032,"fishing_mortality","all",0.04,"per year","Illustrative surplus-production fishing_mortality","lower-F-3","lower-F 3"
2032,"catch","all",89227.4699328906,"t","Illustrative surplus-production catch","lower-F-3","lower-F 3"
2033,"total_biomass","all",2362681.9664489,"t","Illustrative surplus-production total_biomass","lower-F-3","lower-F 3"
2033,"biomass_depletion","all",0.748856126215296,"ratio","Illustrative surplus-production biomass_depletion","lower-F-3","lower-F 3"
2033,"fishing_mortality","all",0.04,"per year","Illustrative surplus-production fishing_mortality","lower-F-3","lower-F 3"
2033,"catch","all",92642.0850091534,"t","Illustrative surplus-production catch","lower-F-3","lower-F 3"
2034,"total_biomass","all",2414122.45985381,"t","Illustrative surplus-production total_biomass","lower-F-3","lower-F 3"
2034,"biomass_depletion","all",0.765160279363634,"ratio","Illustrative surplus-production biomass_depletion","lower-F-3","lower-F 3"
2034,"fishing_mortality","all",0.04,"per year","Illustrative surplus-production fishing_mortality","lower-F-3","lower-F 3"
2034,"catch","all",94659.0956058409,"t","Illustrative surplus-production catch","lower-F-3","lower-F 3"
2035,"total_biomass","all",2481138.48396798,"t","Illustrative surplus-production total_biomass","lower-F-3","lower-F 3"
2035,"biomass_depletion","all",0.786401123846786,"ratio","Illustrative surplus-production biomass_depletion","lower-F-3","lower-F 3"
2035,"fishing_mortality","all",0.04,"per year","Illustrative surplus-production fishing_mortality","lower-F-3","lower-F 3"
2035,"catch","all",97286.8314971391,"t","Illustrative surplus-production catch","lower-F-3","lower-F 3"
2036,"total_biomass","all",2534436.42085145,"t","Illustrative surplus-production total_biomass","lower-F-3","lower-F 3"
2036,"biomass_depletion","all",0.803293996910784,"ratio","Illustrative surplus-production biomass_depletion","lower-F-3","lower-F 3"
2036,"fishing_mortality","all",0.04,"per year","Illustrative surplus-production fishing_mortality","lower-F-3","lower-F 3"
2036,"catch","all",99376.6734943638,"t","Illustrative surplus-production catch","lower-F-3","lower-F 3"
2037,"total_biomass","all",2582885.66898036,"t","Illustrative surplus-production total_biomass","lower-F-3","lower-F 3"
2037,"biomass_depletion","all",0.818650069707324,"ratio","Illustrative surplus-production biomass_depletion","lower-F-3","lower-F 3"
2037,"fishing_mortality","all",0.04,"per year","Illustrative surplus-production fishing_mortality","lower-F-3","lower-F 3"
2037,"catch","all",101276.395686147,"t","Illustrative surplus-production catch","lower-F-3","lower-F 3"
2038,"total_biomass","all",2611116.88213156,"t","Illustrative surplus-production total_biomass","lower-F-3","lower-F 3"
2038,"biomass_depletion","all",0.827598001430249,"ratio","Illustrative surplus-production biomass_depletion","lower-F-3","lower-F 3"
2038,"fishing_mortality","all",0.04,"per year","Illustrative surplus-production fishing_mortality","lower-F-3","lower-F 3"
2038,"catch","all",102383.357387216,"t","Illustrative surplus-production catch","lower-F-3","lower-F 3"
2039,"total_biomass","all",2648578.29691076,"t","Illustrative surplus-production total_biomass","lower-F-3","lower-F 3"
2039,"biomass_depletion","all",0.839471461486431,"ratio","Illustrative surplus-production biomass_depletion","lower-F-3","lower-F 3"
2039,"fishing_mortality","all",0.04,"per year","Illustrative surplus-production fishing_mortality","lower-F-3","lower-F 3"
2039,"catch","all",103852.240470856,"t","Illustrative surplus-production catch","lower-F-3","lower-F 3"
2040,"total_biomass","all",2658285.97722473,"t","Illustrative surplus-production total_biomass","lower-F-3","lower-F 3"
2040,"biomass_depletion","all",0.842548327513128,"ratio","Illustrative surplus-production biomass_depletion","lower-F-3","lower-F 3"
2040,"fishing_mortality","all",0.04,"per year","Illustrative surplus-production fishing_mortality","lower-F-3","lower-F 3"
2040,"catch","all",104232.884060496,"t","Illustrative surplus-production catch","lower-F-3","lower-F 3"
2041,"total_biomass","all",2696662.22774913,"t","Illustrative surplus-production total_biomass","lower-F-3","lower-F 3"
2041,"biomass_depletion","all",0.854711746337356,"ratio","Illustrative surplus-production biomass_depletion","lower-F-3","lower-F 3"
2041,"fishing_mortality","all",0.04,"per year","Illustrative surplus-production fishing_mortality","lower-F-3","lower-F 3"
2041,"catch","all",105737.638366789,"t","Illustrative surplus-production catch","lower-F-3","lower-F 3"
2042,"total_biomass","all",2697977.46175715,"t","Illustrative surplus-production total_biomass","lower-F-3","lower-F 3"
2042,"biomass_depletion","all",0.855128612025713,"ratio","Illustrative surplus-production biomass_depletion","lower-F-3","lower-F 3"
2042,"fishing_mortality","all",0.04,"per year","Illustrative surplus-production fishing_mortality","lower-F-3","lower-F 3"
2042,"catch","all",105789.209429889,"t","Illustrative surplus-production catch","lower-F-3","lower-F 3"
2043,"total_biomass","all",2713244.1080025,"t","Illustrative surplus-production total_biomass","lower-F-3","lower-F 3"
2043,"biomass_depletion","all",0.859967401896692,"ratio","Illustrative surplus-production biomass_depletion","lower-F-3","lower-F 3"
2043,"fishing_mortality","all",0.04,"per year","Illustrative surplus-production fishing_mortality","lower-F-3","lower-F 3"
2043,"catch","all",106387.823191433,"t","Illustrative surplus-production catch","lower-F-3","lower-F 3"
2044,"total_biomass","all",2739133.45037052,"t","Illustrative surplus-production total_biomass","lower-F-3","lower-F 3"
2044,"biomass_depletion","all",0.868173073633846,"ratio","Illustrative surplus-production biomass_depletion","lower-F-3","lower-F 3"
2044,"fishing_mortality","all",0.04,"per year","Illustrative surplus-production fishing_mortality","lower-F-3","lower-F 3"
2044,"catch","all",107402.95882566,"t","Illustrative surplus-production catch","lower-F-3","lower-F 3"
2045,"total_biomass","all",2733824.89113817,"t","Illustrative surplus-production total_biomass","lower-F-3","lower-F 3"
2045,"biomass_depletion","all",0.866490516624916,"ratio","Illustrative surplus-production biomass_depletion","lower-F-3","lower-F 3"
2045,"fishing_mortality","all",0.04,"per year","Illustrative surplus-production fishing_mortality","lower-F-3","lower-F 3"
2045,"catch","all",107194.807240867,"t","Illustrative surplus-production catch","lower-F-3","lower-F 3"
2046,"total_biomass","all",2732579.54988598,"t","Illustrative surplus-production total_biomass","lower-F-3","lower-F 3"
2046,"biomass_depletion","all",0.866095803566124,"ratio","Illustrative surplus-production biomass_depletion","lower-F-3","lower-F 3"
2046,"fishing_mortality","all",0.04,"per year","Illustrative surplus-production fishing_mortality","lower-F-3","lower-F 3"
2046,"catch","all",107145.976711922,"t","Illustrative surplus-production catch","lower-F-3","lower-F 3"
2047,"total_biomass","all",2729072.97471075,"t","Illustrative surplus-production total_biomass","lower-F-3","lower-F 3"
2047,"biomass_depletion","all",0.864984388513528,"ratio","Illustrative surplus-production biomass_depletion","lower-F-3","lower-F 3"
2047,"fishing_mortality","all",0.04,"per year","Illustrative surplus-production fishing_mortality","lower-F-3","lower-F 3"
2047,"catch","all",107008.481932646,"t","Illustrative surplus-production catch","lower-F-3","lower-F 3"
2048,"total_biomass","all",2733149.49484673,"t","Illustrative surplus-production total_biomass","lower-F-3","lower-F 3"
2048,"biomass_depletion","all",0.866276448604906,"ratio","Illustrative surplus-production biomass_depletion","lower-F-3","lower-F 3"
2048,"fishing_mortality","all",0.04,"per year","Illustrative surplus-production fishing_mortality","lower-F-3","lower-F 3"
2048,"catch","all",107168.324573485,"t","Illustrative surplus-production catch","lower-F-3","lower-F 3"
2049,"total_biomass","all",2740223.14764848,"t","Illustrative surplus-production total_biomass","lower-F-3","lower-F 3"
2049,"biomass_depletion","all",0.868518455066434,"ratio","Illustrative surplus-production biomass_depletion","lower-F-3","lower-F 3"
2049,"fishing_mortality","all",0.04,"per year","Illustrative surplus-production fishing_mortality","lower-F-3","lower-F 3"
2049,"catch","all",107445.686467083,"t","Illustrative surplus-production catch","lower-F-3","lower-F 3"
2050,"total_biomass","all",2728165.70809535,"t","Illustrative surplus-production total_biomass","lower-F-3","lower-F 3"
2050,"biomass_depletion","all",0.864696828794233,"ratio","Illustrative surplus-production biomass_depletion","lower-F-3","lower-F 3"
2050,"fishing_mortality","all",0.04,"per year","Illustrative surplus-production fishing_mortality","lower-F-3","lower-F 3"
2050,"catch","all",106972.907499818,"t","Illustrative surplus-production catch","lower-F-3","lower-F 3"
2051,"total_biomass","all",2722915.52324683,"t","Illustrative surplus-production total_biomass","lower-F-3","lower-F 3"
2051,"biomass_depletion","all",0.863032773646988,"ratio","Illustrative surplus-production biomass_depletion","lower-F-3","lower-F 3"
2051,"fishing_mortality","all",0.04,"per year","Illustrative surplus-production fishing_mortality","lower-F-3","lower-F 3"
2051,"catch","all",106767.044807354,"t","Illustrative surplus-production catch","lower-F-3","lower-F 3"
2052,"total_biomass","all",2715933.44017669,"t","Illustrative surplus-production total_biomass","lower-F-3","lower-F 3"
2052,"biomass_depletion","all",0.860819790369904,"ratio","Illustrative surplus-production biomass_depletion","lower-F-3","lower-F 3"
2052,"fishing_mortality","all",0.04,"per year","Illustrative surplus-production fishing_mortality","lower-F-3","lower-F 3"
2052,"catch","all",106493.273414288,"t","Illustrative surplus-production catch","lower-F-3","lower-F 3"
2023,"total_biomass","all",902918.314809643,"t","Illustrative surplus-production total_biomass","lower-F-4","lower-F 4"
2023,"biomass_depletion","all",0.286181517918576,"ratio","Illustrative surplus-production biomass_depletion","lower-F-4","lower-F 4"
2023,"fishing_mortality","all",0.04,"per year","Illustrative surplus-production fishing_mortality","lower-F-4","lower-F 4"
2023,"catch","all",35403.9335233253,"t","Illustrative surplus-production catch","lower-F-4","lower-F 4"
2024,"total_biomass","all",1066038.10280111,"t","Illustrative surplus-production total_biomass","lower-F-4","lower-F 4"
2024,"biomass_depletion","all",0.337882616195438,"ratio","Illustrative surplus-production biomass_depletion","lower-F-4","lower-F 4"
2024,"fishing_mortality","all",0.04,"per year","Illustrative surplus-production fishing_mortality","lower-F-4","lower-F 4"
2024,"catch","all",41799.9518958247,"t","Illustrative surplus-production catch","lower-F-4","lower-F 4"
2025,"total_biomass","all",1223667.41948174,"t","Illustrative surplus-production total_biomass","lower-F-4","lower-F 4"
2025,"biomass_depletion","all",0.387843500116197,"ratio","Illustrative surplus-production biomass_depletion","lower-F-4","lower-F 4"
2025,"fishing_mortality","all",0.04,"per year","Illustrative surplus-production fishing_mortality","lower-F-4","lower-F 4"
2025,"catch","all",47980.6858089083,"t","Illustrative surplus-production catch","lower-F-4","lower-F 4"
2026,"total_biomass","all",1382156.01509818,"t","Illustrative surplus-production total_biomass","lower-F-4","lower-F 4"
2026,"biomass_depletion","all",0.438076733978396,"ratio","Illustrative surplus-production biomass_depletion","lower-F-4","lower-F 4"
2026,"fishing_mortality","all",0.04,"per year","Illustrative surplus-production fishing_mortality","lower-F-4","lower-F 4"
2026,"catch","all",54195.1125309896,"t","Illustrative surplus-production catch","lower-F-4","lower-F 4"
2027,"total_biomass","all",1531646.45773482,"t","Illustrative surplus-production total_biomass","lower-F-4","lower-F 4"
2027,"biomass_depletion","all",0.485457987726796,"ratio","Illustrative surplus-production biomass_depletion","lower-F-4","lower-F 4"
2027,"fishing_mortality","all",0.04,"per year","Illustrative surplus-production fishing_mortality","lower-F-4","lower-F 4"
2027,"catch","all",60056.7166281396,"t","Illustrative surplus-production catch","lower-F-4","lower-F 4"
2028,"total_biomass","all",1720493.05366238,"t","Illustrative surplus-production total_biomass","lower-F-4","lower-F 4"
2028,"biomass_depletion","all",0.545313242172154,"ratio","Illustrative surplus-production biomass_depletion","lower-F-4","lower-F 4"
2028,"fishing_mortality","all",0.04,"per year","Illustrative surplus-production fishing_mortality","lower-F-4","lower-F 4"
2028,"catch","all",67461.4975686338,"t","Illustrative surplus-production catch","lower-F-4","lower-F 4"
2029,"total_biomass","all",1873310.9482493,"t","Illustrative surplus-production total_biomass","lower-F-4","lower-F 4"
2029,"biomass_depletion","all",0.593749137557913,"ratio","Illustrative surplus-production biomass_depletion","lower-F-4","lower-F 4"
2029,"fishing_mortality","all",0.04,"per year","Illustrative surplus-production fishing_mortality","lower-F-4","lower-F 4"
2029,"catch","all",73453.5729229482,"t","Illustrative surplus-production catch","lower-F-4","lower-F 4"
2030,"total_biomass","all",2040859.18223835,"t","Illustrative surplus-production total_biomass","lower-F-4","lower-F 4"
2030,"biomass_depletion","all",0.646853839435261,"ratio","Illustrative surplus-production biomass_depletion","lower-F-4","lower-F 4"
2030,"fishing_mortality","all",0.04,"per year","Illustrative surplus-production fishing_mortality","lower-F-4","lower-F 4"
2030,"catch","all",80023.2331466966,"t","Illustrative surplus-production catch","lower-F-4","lower-F 4"
2031,"total_biomass","all",2213656.56750632,"t","Illustrative surplus-production total_biomass","lower-F-4","lower-F 4"
2031,"biomass_depletion","all",0.701622268868188,"ratio","Illustrative surplus-production biomass_depletion","lower-F-4","lower-F 4"
2031,"fishing_mortality","all",0.04,"per year","Illustrative surplus-production fishing_mortality","lower-F-4","lower-F 4"
2031,"catch","all",86798.715536066,"t","Illustrative surplus-production catch","lower-F-4","lower-F 4"
2032,"total_biomass","all",2346835.0834267,"t","Illustrative surplus-production total_biomass","lower-F-4","lower-F 4"
2032,"biomass_depletion","all",0.743833429296662,"ratio","Illustrative surplus-production biomass_depletion","lower-F-4","lower-F 4"
2032,"fishing_mortality","all",0.04,"per year","Illustrative surplus-production fishing_mortality","lower-F-4","lower-F 4"
2032,"catch","all",92020.7198381653,"t","Illustrative surplus-production catch","lower-F-4","lower-F 4"
2033,"total_biomass","all",2423084.42098431,"t","Illustrative surplus-production total_biomass","lower-F-4","lower-F 4"
2033,"biomass_depletion","all",0.768000788408349,"ratio","Illustrative surplus-production biomass_depletion","lower-F-4","lower-F 4"
2033,"fishing_mortality","all",0.04,"per year","Illustrative surplus-production fishing_mortality","lower-F-4","lower-F 4"
2033,"catch","all",95010.4991280631,"t","Illustrative surplus-production catch","lower-F-4","lower-F 4"
2034,"total_biomass","all",2512210.85177154,"t","Illustrative surplus-production total_biomass","lower-F-4","lower-F 4"
2034,"biomass_depletion","all",0.796249564439357,"ratio","Illustrative surplus-production biomass_depletion","lower-F-4","lower-F 4"
2034,"fishing_mortality","all",0.04,"per year","Illustrative surplus-production fishing_mortality","lower-F-4","lower-F 4"
2034,"catch","all",98505.1964655819,"t","Illustrative surplus-production catch","lower-F-4","lower-F 4"
2035,"total_biomass","all",2558777.16472883,"t","Illustrative surplus-production total_biomass","lower-F-4","lower-F 4"
2035,"biomass_depletion","all",0.811008837684133,"ratio","Illustrative surplus-production biomass_depletion","lower-F-4","lower-F 4"
2035,"fishing_mortality","all",0.04,"per year","Illustrative surplus-production fishing_mortality","lower-F-4","lower-F 4"
2035,"catch","all",100331.087713246,"t","Illustrative surplus-production catch","lower-F-4","lower-F 4"
2036,"total_biomass","all",2606432.6210207,"t","Illustrative surplus-production total_biomass","lower-F-4","lower-F 4"
2036,"biomass_depletion","all",0.826113316788188,"ratio","Illustrative surplus-production biomass_depletion","lower-F-4","lower-F 4"
2036,"fishing_mortality","all",0.04,"per year","Illustrative surplus-production fishing_mortality","lower-F-4","lower-F 4"
2036,"catch","all",102199.684881902,"t","Illustrative surplus-production catch","lower-F-4","lower-F 4"
2037,"total_biomass","all",2641553.86480067,"t","Illustrative surplus-production total_biomass","lower-F-4","lower-F 4"
2037,"biomass_depletion","all",0.837245055608059,"ratio","Illustrative surplus-production biomass_depletion","lower-F-4","lower-F 4"
2037,"fishing_mortality","all",0.04,"per year","Illustrative surplus-production fishing_mortality","lower-F-4","lower-F 4"
2037,"catch","all",103576.808548182,"t","Illustrative surplus-production catch","lower-F-4","lower-F 4"
2038,"total_biomass","all",2672258.32907099,"t","Illustrative surplus-production total_biomass","lower-F-4","lower-F 4"
2038,"biomass_depletion","all",0.846976888540931,"ratio","Illustrative surplus-production biomass_depletion","lower-F-4","lower-F 4"
2038,"fishing_mortality","all",0.04,"per year","Illustrative surplus-production fishing_mortality","lower-F-4","lower-F 4"
2038,"catch","all",104780.747812749,"t","Illustrative surplus-production catch","lower-F-4","lower-F 4"
2039,"total_biomass","all",2689848.52505369,"t","Illustrative surplus-production total_biomass","lower-F-4","lower-F 4"
2039,"biomass_depletion","all",0.852552131510583,"ratio","Illustrative surplus-production biomass_depletion","lower-F-4","lower-F 4"
2039,"fishing_mortality","all",0.04,"per year","Illustrative surplus-production fishing_mortality","lower-F-4","lower-F 4"
2039,"catch","all",105470.469262651,"t","Illustrative surplus-production catch","lower-F-4","lower-F 4"
2040,"total_biomass","all",2705779.39803987,"t","Illustrative surplus-production total_biomass","lower-F-4","lower-F 4"
2040,"biomass_depletion","all",0.85760144919323,"ratio","Illustrative surplus-production biomass_depletion","lower-F-4","lower-F 4"
2040,"fishing_mortality","all",0.04,"per year","Illustrative surplus-production fishing_mortality","lower-F-4","lower-F 4"
2040,"catch","all",106095.127727233,"t","Illustrative surplus-production catch","lower-F-4","lower-F 4"
2041,"total_biomass","all",2720880.99372034,"t","Illustrative surplus-production total_biomass","lower-F-4","lower-F 4"
2041,"biomass_depletion","all",0.862387926002863,"ratio","Illustrative surplus-production biomass_depletion","lower-F-4","lower-F 4"
2041,"fishing_mortality","all",0.04,"per year","Illustrative surplus-production fishing_mortality","lower-F-4","lower-F 4"
2041,"catch","all",106687.269763559,"t","Illustrative surplus-production catch","lower-F-4","lower-F 4"
2042,"total_biomass","all",2708678.43268851,"t","Illustrative surplus-production total_biomass","lower-F-4","lower-F 4"
2042,"biomass_depletion","all",0.858520303227575,"ratio","Illustrative surplus-production biomass_depletion","lower-F-4","lower-F 4"
2042,"fishing_mortality","all",0.04,"per year","Illustrative surplus-production fishing_mortality","lower-F-4","lower-F 4"
2042,"catch","all",106208.800501723,"t","Illustrative surplus-production catch","lower-F-4","lower-F 4"
2043,"total_biomass","all",2714592.46321787,"t","Illustrative surplus-production total_biomass","lower-F-4","lower-F 4"
2043,"biomass_depletion","all",0.86039476540887,"ratio","Illustrative surplus-production biomass_depletion","lower-F-4","lower-F 4"
2043,"fishing_mortality","all",0.04,"per year","Illustrative surplus-production fishing_mortality","lower-F-4","lower-F 4"
2043,"catch","all",106440.692955649,"t","Illustrative surplus-production catch","lower-F-4","lower-F 4"
2044,"total_biomass","all",2724971.1864324,"t","Illustrative surplus-production total_biomass","lower-F-4","lower-F 4"
2044,"biomass_depletion","all",0.863684319640825,"ratio","Illustrative surplus-production biomass_depletion","lower-F-4","lower-F 4"
2044,"fishing_mortality","all",0.04,"per year","Illustrative surplus-production fishing_mortality","lower-F-4","lower-F 4"
2044,"catch","all",106847.648513774,"t","Illustrative surplus-production catch","lower-F-4","lower-F 4"
2045,"total_biomass","all",2731062.93339667,"t","Illustrative surplus-production total_biomass","lower-F-4","lower-F 4"
2045,"biomass_depletion","all",0.865615109352823,"ratio","Illustrative surplus-production biomass_depletion","lower-F-4","lower-F 4"
2045,"fishing_mortality","all",0.04,"per year","Illustrative surplus-production fishing_mortality","lower-F-4","lower-F 4"
2045,"catch","all",107086.509328785,"t","Illustrative surplus-production catch","lower-F-4","lower-F 4"
2046,"total_biomass","all",2734876.7819683,"t","Illustrative surplus-production total_biomass","lower-F-4","lower-F 4"
2046,"biomass_depletion","all",0.866823915238624,"ratio","Illustrative surplus-production biomass_depletion","lower-F-4","lower-F 4"
2046,"fishing_mortality","all",0.04,"per year","Illustrative surplus-production fishing_mortality","lower-F-4","lower-F 4"
2046,"catch","all",107236.052470266,"t","Illustrative surplus-production catch","lower-F-4","lower-F 4"
2047,"total_biomass","all",2752714.90868392,"t","Illustrative surplus-production total_biomass","lower-F-4","lower-F 4"
2047,"biomass_depletion","all",0.872477740281898,"ratio","Illustrative surplus-production biomass_depletion","lower-F-4","lower-F 4"
2047,"fishing_mortality","all",0.04,"per year","Illustrative surplus-production fishing_mortality","lower-F-4","lower-F 4"
2047,"catch","all",107935.495423258,"t","Illustrative surplus-production catch","lower-F-4","lower-F 4"
2048,"total_biomass","all",2748651.85291755,"t","Illustrative surplus-production total_biomass","lower-F-4","lower-F 4"
2048,"biomass_depletion","all",0.871189947745699,"ratio","Illustrative surplus-production biomass_depletion","lower-F-4","lower-F 4"
2048,"fishing_mortality","all",0.04,"per year","Illustrative surplus-production fishing_mortality","lower-F-4","lower-F 4"
2048,"catch","all",107776.180727903,"t","Illustrative surplus-production catch","lower-F-4","lower-F 4"
2049,"total_biomass","all",2747519.12046812,"t","Illustrative surplus-production total_biomass","lower-F-4","lower-F 4"
2049,"biomass_depletion","all",0.870830926241257,"ratio","Illustrative surplus-production biomass_depletion","lower-F-4","lower-F 4"
2049,"fishing_mortality","all",0.04,"per year","Illustrative surplus-production fishing_mortality","lower-F-4","lower-F 4"
2049,"catch","all",107731.765653271,"t","Illustrative surplus-production catch","lower-F-4","lower-F 4"
2050,"total_biomass","all",2744879.26286763,"t","Illustrative surplus-production total_biomass","lower-F-4","lower-F 4"
2050,"biomass_depletion","all",0.869994218819548,"ratio","Illustrative surplus-production biomass_depletion","lower-F-4","lower-F 4"
2050,"fishing_mortality","all",0.04,"per year","Illustrative surplus-production fishing_mortality","lower-F-4","lower-F 4"
2050,"catch","all",107628.255356197,"t","Illustrative surplus-production catch","lower-F-4","lower-F 4"
2051,"total_biomass","all",2766015.11202569,"t","Illustrative surplus-production total_biomass","lower-F-4","lower-F 4"
2051,"biomass_depletion","all",0.876693262681369,"ratio","Illustrative surplus-production biomass_depletion","lower-F-4","lower-F 4"
2051,"fishing_mortality","all",0.04,"per year","Illustrative surplus-production fishing_mortality","lower-F-4","lower-F 4"
2051,"catch","all",108457.003855677,"t","Illustrative surplus-production catch","lower-F-4","lower-F 4"
2052,"total_biomass","all",2754597.88522074,"t","Illustrative surplus-production total_biomass","lower-F-4","lower-F 4"
2052,"biomass_depletion","all",0.873074552944433,"ratio","Illustrative surplus-production biomass_depletion","lower-F-4","lower-F 4"
2052,"fishing_mortality","all",0.04,"per year","Illustrative surplus-production fishing_mortality","lower-F-4","lower-F 4"
2052,"catch","all",108009.32798933,"t","Illustrative surplus-production catch","lower-F-4","lower-F 4"
2023,"total_biomass","all",902918.314809643,"t","Illustrative surplus-production total_biomass","lower-F-5","lower-F 5"
2023,"biomass_depletion","all",0.286181517918576,"ratio","Illustrative surplus-production biomass_depletion","lower-F-5","lower-F 5"
2023,"fishing_mortality","all",0.04,"per year","Illustrative surplus-production fishing_mortality","lower-F-5","lower-F 5"
2023,"catch","all",35403.9335233253,"t","Illustrative surplus-production catch","lower-F-5","lower-F 5"
2024,"total_biomass","all",1078622.28726211,"t","Illustrative surplus-production total_biomass","lower-F-5","lower-F 5"
2024,"biomass_depletion","all",0.341871195175117,"ratio","Illustrative surplus-production biomass_depletion","lower-F-5","lower-F 5"
2024,"fishing_mortality","all",0.04,"per year","Illustrative surplus-production fishing_mortality","lower-F-5","lower-F 5"
2024,"catch","all",42293.3848263511,"t","Illustrative surplus-production catch","lower-F-5","lower-F 5"
2025,"total_biomass","all",1236396.48770956,"t","Illustrative surplus-production total_biomass","lower-F-5","lower-F 5"
2025,"biomass_depletion","all",0.391878000255774,"ratio","Illustrative surplus-production biomass_depletion","lower-F-5","lower-F 5"
2025,"fishing_mortality","all",0.04,"per year","Illustrative surplus-production fishing_mortality","lower-F-5","lower-F 5"
2025,"catch","all",48479.7997131895,"t","Illustrative surplus-production catch","lower-F-5","lower-F 5"
2026,"total_biomass","all",1436162.24380919,"t","Illustrative surplus-production total_biomass","lower-F-5","lower-F 5"
2026,"biomass_depletion","all",0.455194101359336,"ratio","Illustrative surplus-production biomass_depletion","lower-F-5","lower-F 5"
2026,"fishing_mortality","all",0.04,"per year","Illustrative surplus-production fishing_mortality","lower-F-5","lower-F 5"
2026,"catch","all",56312.7270480164,"t","Illustrative surplus-production catch","lower-F-5","lower-F 5"
2027,"total_biomass","all",1625129.60940318,"t","Illustrative surplus-production total_biomass","lower-F-5","lower-F 5"
2027,"biomass_depletion","all",0.515087633958862,"ratio","Illustrative surplus-production biomass_depletion","lower-F-5","lower-F 5"
2027,"fishing_mortality","all",0.04,"per year","Illustrative surplus-production fishing_mortality","lower-F-5","lower-F 5"
2027,"catch","all",63722.2434348644,"t","Illustrative surplus-production catch","lower-F-5","lower-F 5"
2028,"total_biomass","all",1816844.52412051,"t","Illustrative surplus-production total_biomass","lower-F-5","lower-F 5"
2028,"biomass_depletion","all",0.575852006994096,"ratio","Illustrative surplus-production biomass_depletion","lower-F-5","lower-F 5"
2028,"fishing_mortality","all",0.04,"per year","Illustrative surplus-production fishing_mortality","lower-F-5","lower-F 5"
2028,"catch","all",71239.4927637958,"t","Illustrative surplus-production catch","lower-F-5","lower-F 5"
2029,"total_biomass","all",1945895.83485827,"t","Illustrative surplus-production total_biomass","lower-F-5","lower-F 5"
2029,"biomass_depletion","all",0.616755042618197,"ratio","Illustrative surplus-production biomass_depletion","lower-F-5","lower-F 5"
2029,"fishing_mortality","all",0.04,"per year","Illustrative surplus-production fishing_mortality","lower-F-5","lower-F 5"
2029,"catch","all",76299.6670359509,"t","Illustrative surplus-production catch","lower-F-5","lower-F 5"
2030,"total_biomass","all",2079227.29942056,"t","Illustrative surplus-production total_biomass","lower-F-5","lower-F 5"
2030,"biomass_depletion","all",0.659014680382648,"ratio","Illustrative surplus-production biomass_depletion","lower-F-5","lower-F 5"
2030,"fishing_mortality","all",0.04,"per year","Illustrative surplus-production fishing_mortality","lower-F-5","lower-F 5"
2030,"catch","all",81527.6685400806,"t","Illustrative surplus-production catch","lower-F-5","lower-F 5"
2031,"total_biomass","all",2203256.78786159,"t","Illustrative surplus-production total_biomass","lower-F-5","lower-F 5"
2031,"biomass_depletion","all",0.698326040764347,"ratio","Illustrative surplus-production biomass_depletion","lower-F-5","lower-F 5"
2031,"fishing_mortality","all",0.04,"per year","Illustrative surplus-production fishing_mortality","lower-F-5","lower-F 5"
2031,"catch","all",86390.9343435038,"t","Illustrative surplus-production catch","lower-F-5","lower-F 5"
2032,"total_biomass","all",2318645.9455405,"t","Illustrative surplus-production total_biomass","lower-F-5","lower-F 5"
2032,"biomass_depletion","all",0.734898833401584,"ratio","Illustrative surplus-production biomass_depletion","lower-F-5","lower-F 5"
2032,"fishing_mortality","all",0.04,"per year","Illustrative surplus-production fishing_mortality","lower-F-5","lower-F 5"
2032,"catch","all",90915.4079318349,"t","Illustrative surplus-production catch","lower-F-5","lower-F 5"
2033,"total_biomass","all",2410635.48006154,"t","Illustrative surplus-production total_biomass","lower-F-5","lower-F 5"
2033,"biomass_depletion","all",0.764055075101482,"ratio","Illustrative surplus-production biomass_depletion","lower-F-5","lower-F 5"
2033,"fishing_mortality","all",0.04,"per year","Illustrative surplus-production fishing_mortality","lower-F-5","lower-F 5"
2033,"catch","all",94522.3691725215,"t","Illustrative surplus-production catch","lower-F-5","lower-F 5"
2034,"total_biomass","all",2484193.93232841,"t","Illustrative surplus-production total_biomass","lower-F-5","lower-F 5"
2034,"biomass_depletion","all",0.787369553476982,"ratio","Illustrative surplus-production biomass_depletion","lower-F-5","lower-F 5"
2034,"fishing_mortality","all",0.04,"per year","Illustrative surplus-production fishing_mortality","lower-F-5","lower-F 5"
2034,"catch","all",97406.6373409924,"t","Illustrative surplus-production catch","lower-F-5","lower-F 5"
2035,"total_biomass","all",2552500.65143976,"t","Illustrative surplus-production total_biomass","lower-F-5","lower-F 5"
2035,"biomass_depletion","all",0.809019485966662,"ratio","Illustrative surplus-production biomass_depletion","lower-F-5","lower-F 5"
2035,"fishing_mortality","all",0.04,"per year","Illustrative surplus-production fishing_mortality","lower-F-5","lower-F 5"
2035,"catch","all",100084.982107013,"t","Illustrative surplus-production catch","lower-F-5","lower-F 5"
2036,"total_biomass","all",2609248.41929224,"t","Illustrative surplus-production total_biomass","lower-F-5","lower-F 5"
2036,"biomass_depletion","all",0.82700578890918,"ratio","Illustrative surplus-production biomass_depletion","lower-F-5","lower-F 5"
2036,"fishing_mortality","all",0.04,"per year","Illustrative surplus-production fishing_mortality","lower-F-5","lower-F 5"
2036,"catch","all",102310.093911363,"t","Illustrative surplus-production catch","lower-F-5","lower-F 5"
2037,"total_biomass","all",2661173.03805635,"t","Illustrative surplus-production total_biomass","lower-F-5","lower-F 5"
2037,"biomass_depletion","all",0.843463386425506,"ratio","Illustrative surplus-production biomass_depletion","lower-F-5","lower-F 5"
2037,"fishing_mortality","all",0.04,"per year","Illustrative surplus-production fishing_mortality","lower-F-5","lower-F 5"
2037,"catch","all",104346.087334905,"t","Illustrative surplus-production catch","lower-F-5","lower-F 5"
2038,"total_biomass","all",2687562.31839602,"t","Illustrative surplus-production total_biomass","lower-F-5","lower-F 5"
2038,"biomass_depletion","all",0.851827514365449,"ratio","Illustrative surplus-production biomass_depletion","lower-F-5","lower-F 5"
2038,"fishing_mortality","all",0.04,"per year","Illustrative surplus-production fishing_mortality","lower-F-5","lower-F 5"
2038,"catch","all",105380.82581739,"t","Illustrative surplus-production catch","lower-F-5","lower-F 5"
2039,"total_biomass","all",2690695.35216855,"t","Illustrative surplus-production total_biomass","lower-F-5","lower-F 5"
2039,"biomass_depletion","all",0.85282053482589,"ratio","Illustrative surplus-production biomass_depletion","lower-F-5","lower-F 5"
2039,"fishing_mortality","all",0.04,"per year","Illustrative surplus-production fishing_mortality","lower-F-5","lower-F 5"
2039,"catch","all",105503.673828766,"t","Illustrative surplus-production catch","lower-F-5","lower-F 5"
2040,"total_biomass","all",2691304.29864156,"t","Illustrative surplus-production total_biomass","lower-F-5","lower-F 5"
2040,"biomass_depletion","all",0.853013541461283,"ratio","Illustrative surplus-production biomass_depletion","lower-F-5","lower-F 5"
2040,"fishing_mortality","all",0.04,"per year","Illustrative surplus-production fishing_mortality","lower-F-5","lower-F 5"
2040,"catch","all",105527.550961499,"t","Illustrative surplus-production catch","lower-F-5","lower-F 5"
2041,"total_biomass","all",2717396.47564354,"t","Illustrative surplus-production total_biomass","lower-F-5","lower-F 5"
2041,"biomass_depletion","all",0.861283501985676,"ratio","Illustrative surplus-production biomass_depletion","lower-F-5","lower-F 5"
2041,"fishing_mortality","all",0.04,"per year","Illustrative surplus-production fishing_mortality","lower-F-5","lower-F 5"
2041,"catch","all",106550.639855483,"t","Illustrative surplus-production catch","lower-F-5","lower-F 5"
2042,"total_biomass","all",2720075.24067649,"t","Illustrative surplus-production total_biomass","lower-F-5","lower-F 5"
2042,"biomass_depletion","all",0.86213254118524,"ratio","Illustrative surplus-production biomass_depletion","lower-F-5","lower-F 5"
2042,"fishing_mortality","all",0.04,"per year","Illustrative surplus-production fishing_mortality","lower-F-5","lower-F 5"
2042,"catch","all",106655.675734805,"t","Illustrative surplus-production catch","lower-F-5","lower-F 5"
2043,"total_biomass","all",2728780.56343508,"t","Illustrative surplus-production total_biomass","lower-F-5","lower-F 5"
2043,"biomass_depletion","all",0.864891708255131,"ratio","Illustrative surplus-production biomass_depletion","lower-F-5","lower-F 5"
2043,"fishing_mortality","all",0.04,"per year","Illustrative surplus-production fishing_mortality","lower-F-5","lower-F 5"
2043,"catch","all",106997.016322529,"t","Illustrative surplus-production catch","lower-F-5","lower-F 5"
2044,"total_biomass","all",2735620.03266697,"t","Illustrative surplus-production total_biomass","lower-F-5","lower-F 5"
2044,"biomass_depletion","all",0.867059489830093,"ratio","Illustrative surplus-production biomass_depletion","lower-F-5","lower-F 5"
2044,"fishing_mortality","all",0.04,"per year","Illustrative surplus-production fishing_mortality","lower-F-5","lower-F 5"
2044,"catch","all",107265.195747012,"t","Illustrative surplus-production catch","lower-F-5","lower-F 5"
2045,"total_biomass","all",2743067.0217859,"t","Illustrative surplus-production total_biomass","lower-F-5","lower-F 5"
2045,"biomass_depletion","all",0.869419825881564,"ratio","Illustrative surplus-production biomass_depletion","lower-F-5","lower-F 5"
2045,"fishing_mortality","all",0.04,"per year","Illustrative surplus-production fishing_mortality","lower-F-5","lower-F 5"
2045,"catch","all",107557.196366992,"t","Illustrative surplus-production catch","lower-F-5","lower-F 5"
2046,"total_biomass","all",2739082.33465854,"t","Illustrative surplus-production total_biomass","lower-F-5","lower-F 5"
2046,"biomass_depletion","all",0.868156872420731,"ratio","Illustrative surplus-production biomass_depletion","lower-F-5","lower-F 5"
2046,"fishing_mortality","all",0.04,"per year","Illustrative surplus-production fishing_mortality","lower-F-5","lower-F 5"
2046,"catch","all",107400.954549925,"t","Illustrative surplus-production catch","lower-F-5","lower-F 5"
2047,"total_biomass","all",2736875.66402319,"t","Illustrative surplus-production total_biomass","lower-F-5","lower-F 5"
2047,"biomass_depletion","all",0.867457464355115,"ratio","Illustrative surplus-production biomass_depletion","lower-F-5","lower-F 5"
2047,"fishing_mortality","all",0.04,"per year","Illustrative surplus-production fishing_mortality","lower-F-5","lower-F 5"
2047,"catch","all",107314.429756707,"t","Illustrative surplus-production catch","lower-F-5","lower-F 5"
2048,"total_biomass","all",2741907.04301553,"t","Illustrative surplus-production total_biomass","lower-F-5","lower-F 5"
2048,"biomass_depletion","all",0.869052168608683,"ratio","Illustrative surplus-production biomass_depletion","lower-F-5","lower-F 5"
2048,"fishing_mortality","all",0.04,"per year","Illustrative surplus-production fishing_mortality","lower-F-5","lower-F 5"
2048,"catch","all",107511.712948834,"t","Illustrative surplus-production catch","lower-F-5","lower-F 5"
2049,"total_biomass","all",2735237.47161224,"t","Illustrative surplus-production total_biomass","lower-F-5","lower-F 5"
2049,"biomass_depletion","all",0.866938236443663,"ratio","Illustrative surplus-production biomass_depletion","lower-F-5","lower-F 5"
2049,"fishing_mortality","all",0.04,"per year","Illustrative surplus-production fishing_mortality","lower-F-5","lower-F 5"
2049,"catch","all",107250.195313497,"t","Illustrative surplus-production catch","lower-F-5","lower-F 5"
2050,"total_biomass","all",2734867.82934047,"t","Illustrative surplus-production total_biomass","lower-F-5","lower-F 5"
2050,"biomass_depletion","all",0.866821077687787,"ratio","Illustrative surplus-production biomass_depletion","lower-F-5","lower-F 5"
2050,"fishing_mortality","all",0.04,"per year","Illustrative surplus-production fishing_mortality","lower-F-5","lower-F 5"
2050,"catch","all",107235.701432708,"t","Illustrative surplus-production catch","lower-F-5","lower-F 5"
2051,"total_biomass","all",2731594.2876404,"t","Illustrative surplus-production total_biomass","lower-F-5","lower-F 5"
2051,"biomass_depletion","all",0.865783522997256,"ratio","Illustrative surplus-production biomass_depletion","lower-F-5","lower-F 5"
2051,"fishing_mortality","all",0.04,"per year","Illustrative surplus-production fishing_mortality","lower-F-5","lower-F 5"
2051,"catch","all",107107.34402669,"t","Illustrative surplus-production catch","lower-F-5","lower-F 5"
2052,"total_biomass","all",2724902.56545862,"t","Illustrative surplus-production total_biomass","lower-F-5","lower-F 5"
2052,"biomass_depletion","all",0.863662570104774,"ratio","Illustrative surplus-production biomass_depletion","lower-F-5","lower-F 5"
2052,"fishing_mortality","all",0.04,"per year","Illustrative surplus-production fishing_mortality","lower-F-5","lower-F 5"
2052,"catch","all",106844.957846906,"t","Illustrative surplus-production catch","lower-F-5","lower-F 5"
2023,"total_biomass","all",902918.314809643,"t","Illustrative surplus-production total_biomass","lower-F-6","lower-F 6"
2023,"biomass_depletion","all",0.286181517918576,"ratio","Illustrative surplus-production biomass_depletion","lower-F-6","lower-F 6"
2023,"fishing_mortality","all",0.04,"per year","Illustrative surplus-production fishing_mortality","lower-F-6","lower-F 6"
2023,"catch","all",35403.9335233253,"t","Illustrative surplus-production catch","lower-F-6","lower-F 6"
2024,"total_biomass","all",1067327.44889738,"t","Illustrative surplus-production total_biomass","lower-F-6","lower-F 6"
2024,"biomass_depletion","all",0.338291276665497,"ratio","Illustrative surplus-production biomass_depletion","lower-F-6","lower-F 6"
2024,"fishing_mortality","all",0.04,"per year","Illustrative surplus-production fishing_mortality","lower-F-6","lower-F 6"
2024,"catch","all",41850.5078793864,"t","Illustrative surplus-production catch","lower-F-6","lower-F 6"
2025,"total_biomass","all",1238345.404876,"t","Illustrative surplus-production total_biomass","lower-F-6","lower-F 6"
2025,"biomass_depletion","all",0.392495712914651,"ratio","Illustrative surplus-production biomass_depletion","lower-F-6","lower-F 6"
2025,"fishing_mortality","all",0.04,"per year","Illustrative surplus-production fishing_mortality","lower-F-6","lower-F 6"
2025,"catch","all",48556.2178483313,"t","Illustrative surplus-production catch","lower-F-6","lower-F 6"
2026,"total_biomass","all",1420851.40367693,"t","Illustrative surplus-production total_biomass","lower-F-6","lower-F 6"
2026,"biomass_depletion","all",0.450341304159645,"ratio","Illustrative surplus-production biomass_depletion","lower-F-6","lower-F 6"
2026,"fishing_mortality","all",0.04,"per year","Illustrative surplus-production fishing_mortality","lower-F-6","lower-F 6"
2026,"catch","all",55712.3804193814,"t","Illustrative surplus-production catch","lower-F-6","lower-F 6"
2027,"total_biomass","all",1597003.07596268,"t","Illustrative surplus-production total_biomass","lower-F-6","lower-F 6"
2027,"biomass_depletion","all",0.50617288065088,"ratio","Illustrative surplus-production biomass_depletion","lower-F-6","lower-F 6"
2027,"fishing_mortality","all",0.04,"per year","Illustrative surplus-production fishing_mortality","lower-F-6","lower-F 6"
2027,"catch","all",62619.3862839618,"t","Illustrative surplus-production catch","lower-F-6","lower-F 6"
2028,"total_biomass","all",1766933.97357144,"t","Illustrative surplus-production total_biomass","lower-F-6","lower-F 6"
2028,"biomass_depletion","all",0.560032771873921,"ratio","Illustrative surplus-production biomass_depletion","lower-F-6","lower-F 6"
2028,"fishing_mortality","all",0.04,"per year","Illustrative surplus-production fishing_mortality","lower-F-6","lower-F 6"
2028,"catch","all",69282.4720845502,"t","Illustrative surplus-production catch","lower-F-6","lower-F 6"
2029,"total_biomass","all",1902673.14583767,"t","Illustrative surplus-production total_biomass","lower-F-6","lower-F 6"
2029,"biomass_depletion","all",0.603055536749779,"ratio","Illustrative surplus-production biomass_depletion","lower-F-6","lower-F 6"
2029,"fishing_mortality","all",0.04,"per year","Illustrative surplus-production fishing_mortality","lower-F-6","lower-F 6"
2029,"catch","all",74604.8811581085,"t","Illustrative surplus-production catch","lower-F-6","lower-F 6"
2030,"total_biomass","all",2076908.4424284,"t","Illustrative surplus-production total_biomass","lower-F-6","lower-F 6"
2030,"biomass_depletion","all",0.658279714657658,"ratio","Illustrative surplus-production biomass_depletion","lower-F-6","lower-F 6"
2030,"fishing_mortality","all",0.04,"per year","Illustrative surplus-production fishing_mortality","lower-F-6","lower-F 6"
2030,"catch","all",81436.7448568926,"t","Illustrative surplus-production catch","lower-F-6","lower-F 6"
2031,"total_biomass","all",2233963.57303314,"t","Illustrative surplus-production total_biomass","lower-F-6","lower-F 6"
2031,"biomass_depletion","all",0.708058609310869,"ratio","Illustrative surplus-production biomass_depletion","lower-F-6","lower-F 6"
2031,"fishing_mortality","all",0.04,"per year","Illustrative surplus-production fishing_mortality","lower-F-6","lower-F 6"
2031,"catch","all",87594.9646119095,"t","Illustrative surplus-production catch","lower-F-6","lower-F 6"
2032,"total_biomass","all",2355374.76189935,"t","Illustrative surplus-production total_biomass","lower-F-6","lower-F 6"
2032,"biomass_depletion","all",0.746540095124297,"ratio","Illustrative surplus-production biomass_depletion","lower-F-6","lower-F 6"
2032,"fishing_mortality","all",0.04,"per year","Illustrative surplus-production fishing_mortality","lower-F-6","lower-F 6"
2032,"catch","all",92355.5654205369,"t","Illustrative surplus-production catch","lower-F-6","lower-F 6"
2033,"total_biomass","all",2450171.49713269,"t","Illustrative surplus-production total_biomass","lower-F-6","lower-F 6"
2033,"biomass_depletion","all",0.776586083933948,"ratio","Illustrative surplus-production biomass_depletion","lower-F-6","lower-F 6"
2033,"fishing_mortality","all",0.04,"per year","Illustrative surplus-production fishing_mortality","lower-F-6","lower-F 6"
2033,"catch","all",96072.5985755645,"t","Illustrative surplus-production catch","lower-F-6","lower-F 6"
2034,"total_biomass","all",2518883.14497461,"t","Illustrative surplus-production total_biomass","lower-F-6","lower-F 6"
2034,"biomass_depletion","all",0.798364359283511,"ratio","Illustrative surplus-production biomass_depletion","lower-F-6","lower-F 6"
2034,"fishing_mortality","all",0.04,"per year","Illustrative surplus-production fishing_mortality","lower-F-6","lower-F 6"
2034,"catch","all",98766.8208242143,"t","Illustrative surplus-production catch","lower-F-6","lower-F 6"
2035,"total_biomass","all",2567171.86283094,"t","Illustrative surplus-production total_biomass","lower-F-6","lower-F 6"
2035,"biomass_depletion","all",0.813669551733153,"ratio","Illustrative surplus-production biomass_depletion","lower-F-6","lower-F 6"
2035,"fishing_mortality","all",0.04,"per year","Illustrative surplus-production fishing_mortality","lower-F-6","lower-F 6"
2035,"catch","all",100660.248533977,"t","Illustrative surplus-production catch","lower-F-6","lower-F 6"
2036,"total_biomass","all",2611790.60687453,"t","Illustrative surplus-production total_biomass","lower-F-6","lower-F 6"
2036,"biomass_depletion","all",0.827811539650086,"ratio","Illustrative surplus-production biomass_depletion","lower-F-6","lower-F 6"
2036,"fishing_mortality","all",0.04,"per year","Illustrative surplus-production fishing_mortality","lower-F-6","lower-F 6"
2036,"catch","all",102409.774512245,"t","Illustrative surplus-production catch","lower-F-6","lower-F 6"
2037,"total_biomass","all",2638044.45218714,"t","Illustrative surplus-production total_biomass","lower-F-6","lower-F 6"
2037,"biomass_depletion","all",0.8361327412245,"ratio","Illustrative surplus-production biomass_depletion","lower-F-6","lower-F 6"
2037,"fishing_mortality","all",0.04,"per year","Illustrative surplus-production fishing_mortality","lower-F-6","lower-F 6"
2037,"catch","all",103439.20251136,"t","Illustrative surplus-production catch","lower-F-6","lower-F 6"
2038,"total_biomass","all",2671361.33638974,"t","Illustrative surplus-production total_biomass","lower-F-6","lower-F 6"
2038,"biomass_depletion","all",0.846692585162793,"ratio","Illustrative surplus-production biomass_depletion","lower-F-6","lower-F 6"
2038,"fishing_mortality","all",0.04,"per year","Illustrative surplus-production fishing_mortality","lower-F-6","lower-F 6"
2038,"catch","all",104745.576226641,"t","Illustrative surplus-production catch","lower-F-6","lower-F 6"
2039,"total_biomass","all",2693043.89632942,"t","Illustrative surplus-production total_biomass","lower-F-6","lower-F 6"
2039,"biomass_depletion","all",0.853564909950233,"ratio","Illustrative surplus-production biomass_depletion","lower-F-6","lower-F 6"
2039,"fishing_mortality","all",0.04,"per year","Illustrative surplus-production fishing_mortality","lower-F-6","lower-F 6"
2039,"catch","all",105595.761562489,"t","Illustrative surplus-production catch","lower-F-6","lower-F 6"
2040,"total_biomass","all",2705471.42885486,"t","Illustrative surplus-production total_biomass","lower-F-6","lower-F 6"
2040,"biomass_depletion","all",0.857503837828623,"ratio","Illustrative surplus-production biomass_depletion","lower-F-6","lower-F 6"
2040,"fishing_mortality","all",0.04,"per year","Illustrative surplus-production fishing_mortality","lower-F-6","lower-F 6"
2040,"catch","all",106083.052082765,"t","Illustrative surplus-production catch","lower-F-6","lower-F 6"
2041,"total_biomass","all",2712341.78592726,"t","Illustrative surplus-production total_biomass","lower-F-6","lower-F 6"
2041,"biomass_depletion","all",0.859681409357932,"ratio","Illustrative surplus-production biomass_depletion","lower-F-6","lower-F 6"
2041,"fishing_mortality","all",0.04,"per year","Illustrative surplus-production fishing_mortality","lower-F-6","lower-F 6"
2041,"catch","all",106352.442636797,"t","Illustrative surplus-production catch","lower-F-6","lower-F 6"
2042,"total_biomass","all",2722583.48228696,"t","Illustrative surplus-production total_biomass","lower-F-6","lower-F 6"
2042,"biomass_depletion","all",0.862927532691801,"ratio","Illustrative surplus-production biomass_depletion","lower-F-6","lower-F 6"
2042,"fishing_mortality","all",0.04,"per year","Illustrative surplus-production fishing_mortality","lower-F-6","lower-F 6"
2042,"catch","all",106754.025295093,"t","Illustrative surplus-production catch","lower-F-6","lower-F 6"
2043,"total_biomass","all",2734079.91561669,"t","Illustrative surplus-production total_biomass","lower-F-6","lower-F 6"
2043,"biomass_depletion","all",0.866571347073444,"ratio","Illustrative surplus-production biomass_depletion","lower-F-6","lower-F 6"
2043,"fishing_mortality","all",0.04,"per year","Illustrative surplus-production fishing_mortality","lower-F-6","lower-F 6"
2043,"catch","all",107204.806893699,"t","Illustrative surplus-production catch","lower-F-6","lower-F 6"
2044,"total_biomass","all",2749043.78425037,"t","Illustrative surplus-production total_biomass","lower-F-6","lower-F 6"
2044,"biomass_depletion","all",0.87131417105794,"ratio","Illustrative surplus-production biomass_depletion","lower-F-6","lower-F 6"
2044,"fishing_mortality","all",0.04,"per year","Illustrative surplus-production fishing_mortality","lower-F-6","lower-F 6"
2044,"catch","all",107791.548575277,"t","Illustrative surplus-production catch","lower-F-6","lower-F 6"
2045,"total_biomass","all",2736034.65775002,"t","Illustrative surplus-production total_biomass","lower-F-6","lower-F 6"
2045,"biomass_depletion","all",0.867190905965625,"ratio","Illustrative surplus-production biomass_depletion","lower-F-6","lower-F 6"
2045,"fishing_mortality","all",0.04,"per year","Illustrative surplus-production fishing_mortality","lower-F-6","lower-F 6"
2045,"catch","all",107281.45342906,"t","Illustrative surplus-production catch","lower-F-6","lower-F 6"
2046,"total_biomass","all",2732327.14195222,"t","Illustrative surplus-production total_biomass","lower-F-6","lower-F 6"
2046,"biomass_depletion","all",0.866015802435972,"ratio","Illustrative surplus-production biomass_depletion","lower-F-6","lower-F 6"
2046,"fishing_mortality","all",0.04,"per year","Illustrative surplus-production fishing_mortality","lower-F-6","lower-F 6"
2046,"catch","all",107136.079655276,"t","Illustrative surplus-production catch","lower-F-6","lower-F 6"
2047,"total_biomass","all",2750717.35415355,"t","Illustrative surplus-production total_biomass","lower-F-6","lower-F 6"
2047,"biomass_depletion","all",0.871844611926598,"ratio","Illustrative surplus-production biomass_depletion","lower-F-6","lower-F 6"
2047,"fishing_mortality","all",0.04,"per year","Illustrative surplus-production fishing_mortality","lower-F-6","lower-F 6"
2047,"catch","all",107857.170189798,"t","Illustrative surplus-production catch","lower-F-6","lower-F 6"
2048,"total_biomass","all",2746904.55201473,"t","Illustrative surplus-production total_biomass","lower-F-6","lower-F 6"
2048,"biomass_depletion","all",0.87063613770948,"ratio","Illustrative surplus-production biomass_depletion","lower-F-6","lower-F 6"
2048,"fishing_mortality","all",0.04,"per year","Illustrative surplus-production fishing_mortality","lower-F-6","lower-F 6"
2048,"catch","all",107707.668079534,"t","Illustrative surplus-production catch","lower-F-6","lower-F 6"
2049,"total_biomass","all",2760016.54662946,"t","Illustrative surplus-production total_biomass","lower-F-6","lower-F 6"
2049,"biomass_depletion","all",0.874792007028151,"ratio","Illustrative surplus-production biomass_depletion","lower-F-6","lower-F 6"
2049,"fishing_mortality","all",0.04,"per year","Illustrative surplus-production fishing_mortality","lower-F-6","lower-F 6"
2049,"catch","all",108221.796742209,"t","Illustrative surplus-production catch","lower-F-6","lower-F 6"
2050,"total_biomass","all",2748739.98071752,"t","Illustrative surplus-production total_biomass","lower-F-6","lower-F 6"
2050,"biomass_depletion","all",0.871217880003971,"ratio","Illustrative surplus-production biomass_depletion","lower-F-6","lower-F 6"
2050,"fishing_mortality","all",0.04,"per year","Illustrative surplus-production fishing_mortality","lower-F-6","lower-F 6"
2050,"catch","all",107779.636268366,"t","Illustrative surplus-production catch","lower-F-6","lower-F 6"
2051,"total_biomass","all",2757300.90277483,"t","Illustrative surplus-production total_biomass","lower-F-6","lower-F 6"
2051,"biomass_depletion","all",0.873931279022418,"ratio","Illustrative surplus-production biomass_depletion","lower-F-6","lower-F 6"
2051,"fishing_mortality","all",0.04,"per year","Illustrative surplus-production fishing_mortality","lower-F-6","lower-F 6"
2051,"catch","all",108115.314823606,"t","Illustrative surplus-production catch","lower-F-6","lower-F 6"
2052,"total_biomass","all",2746227.15757146,"t","Illustrative surplus-production total_biomass","lower-F-6","lower-F 6"
2052,"biomass_depletion","all",0.870421436371801,"ratio","Illustrative surplus-production biomass_depletion","lower-F-6","lower-F 6"
2052,"fishing_mortality","all",0.04,"per year","Illustrative surplus-production fishing_mortality","lower-F-6","lower-F 6"
2052,"catch","all",107681.107063498,"t","Illustrative surplus-production catch","lower-F-6","lower-F 6"
2023,"total_biomass","all",902918.314809643,"t","Illustrative surplus-production total_biomass","lower-F-7","lower-F 7"
2023,"biomass_depletion","all",0.286181517918576,"ratio","Illustrative surplus-production biomass_depletion","lower-F-7","lower-F 7"
2023,"fishing_mortality","all",0.04,"per year","Illustrative surplus-production fishing_mortality","lower-F-7","lower-F 7"
2023,"catch","all",35403.9335233253,"t","Illustrative surplus-production catch","lower-F-7","lower-F 7"
2024,"total_biomass","all",1064864.51402076,"t","Illustrative surplus-production total_biomass","lower-F-7","lower-F 7"
2024,"biomass_depletion","all",0.337510645206409,"ratio","Illustrative surplus-production biomass_depletion","lower-F-7","lower-F 7"
2024,"fishing_mortality","all",0.04,"per year","Illustrative surplus-production fishing_mortality","lower-F-7","lower-F 7"
2024,"catch","all",41753.9348215427,"t","Illustrative surplus-production catch","lower-F-7","lower-F 7"
2025,"total_biomass","all",1229485.02688971,"t","Illustrative surplus-production total_biomass","lower-F-7","lower-F 7"
2025,"biomass_depletion","all",0.389687400822785,"ratio","Illustrative surplus-production biomass_depletion","lower-F-7","lower-F 7"
2025,"fishing_mortality","all",0.04,"per year","Illustrative surplus-production fishing_mortality","lower-F-7","lower-F 7"
2025,"catch","all",48208.7974581666,"t","Illustrative surplus-production catch","lower-F-7","lower-F 7"
2026,"total_biomass","all",1386562.08474793,"t","Illustrative surplus-production total_biomass","lower-F-7","lower-F 7"
2026,"biomass_depletion","all",0.439473245356823,"ratio","Illustrative surplus-production biomass_depletion","lower-F-7","lower-F 7"
2026,"fishing_mortality","all",0.04,"per year","Illustrative surplus-production fishing_mortality","lower-F-7","lower-F 7"
2026,"catch","all",54367.8769930904,"t","Illustrative surplus-production catch","lower-F-7","lower-F 7"
2027,"total_biomass","all",1544928.21247338,"t","Illustrative surplus-production total_biomass","lower-F-7","lower-F 7"
2027,"biomass_depletion","all",0.489667662809646,"ratio","Illustrative surplus-production biomass_depletion","lower-F-7","lower-F 7"
2027,"fishing_mortality","all",0.04,"per year","Illustrative surplus-production fishing_mortality","lower-F-7","lower-F 7"
2027,"catch","all",60577.5016804798,"t","Illustrative surplus-production catch","lower-F-7","lower-F 7"
2028,"total_biomass","all",1726005.22591919,"t","Illustrative surplus-production total_biomass","lower-F-7","lower-F 7"
2028,"biomass_depletion","all",0.547060334680536,"ratio","Illustrative surplus-production biomass_depletion","lower-F-7","lower-F 7"
2028,"fishing_mortality","all",0.04,"per year","Illustrative surplus-production fishing_mortality","lower-F-7","lower-F 7"
2028,"catch","all",67677.6329343127,"t","Illustrative surplus-production catch","lower-F-7","lower-F 7"
2029,"total_biomass","all",1872662.6997683,"t","Illustrative surplus-production total_biomass","lower-F-7","lower-F 7"
2029,"biomass_depletion","all",0.593543674083271,"ratio","Illustrative surplus-production biomass_depletion","lower-F-7","lower-F 7"
2029,"fishing_mortality","all",0.04,"per year","Illustrative surplus-production fishing_mortality","lower-F-7","lower-F 7"
2029,"catch","all",73428.1547364398,"t","Illustrative surplus-production catch","lower-F-7","lower-F 7"
2030,"total_biomass","all",2046141.64580256,"t","Illustrative surplus-production total_biomass","lower-F-7","lower-F 7"
2030,"biomass_depletion","all",0.648528125377147,"ratio","Illustrative surplus-production biomass_depletion","lower-F-7","lower-F 7"
2030,"fishing_mortality","all",0.04,"per year","Illustrative surplus-production fishing_mortality","lower-F-7","lower-F 7"
2030,"catch","all",80230.361505707,"t","Illustrative surplus-production catch","lower-F-7","lower-F 7"
2031,"total_biomass","all",2204426.09082686,"t","Illustrative surplus-production total_biomass","lower-F-7","lower-F 7"
2031,"biomass_depletion","all",0.698696653356891,"ratio","Illustrative surplus-production biomass_depletion","lower-F-7","lower-F 7"
2031,"fishing_mortality","all",0.04,"per year","Illustrative surplus-production fishing_mortality","lower-F-7","lower-F 7"
2031,"catch","all",86436.7833685728,"t","Illustrative surplus-production catch","lower-F-7","lower-F 7"
2032,"total_biomass","all",2298331.7703128,"t","Illustrative surplus-production total_biomass","lower-F-7","lower-F 7"
2032,"biomass_depletion","all",0.728460220509837,"ratio","Illustrative surplus-production biomass_depletion","lower-F-7","lower-F 7"
2032,"fishing_mortality","all",0.04,"per year","Illustrative surplus-production fishing_mortality","lower-F-7","lower-F 7"
2032,"catch","all",90118.8777279987,"t","Illustrative surplus-production catch","lower-F-7","lower-F 7"
2033,"total_biomass","all",2370460.1921418,"t","Illustrative surplus-production total_biomass","lower-F-7","lower-F 7"
2033,"biomass_depletion","all",0.751321448270454,"ratio","Illustrative surplus-production biomass_depletion","lower-F-7","lower-F 7"
2033,"fishing_mortality","all",0.04,"per year","Illustrative surplus-production fishing_mortality","lower-F-7","lower-F 7"
2033,"catch","all",92947.0736009717,"t","Illustrative surplus-production catch","lower-F-7","lower-F 7"
2034,"total_biomass","all",2425400.96720794,"t","Illustrative surplus-production total_biomass","lower-F-7","lower-F 7"
2034,"biomass_depletion","all",0.768735021731268,"ratio","Illustrative surplus-production biomass_depletion","lower-F-7","lower-F 7"
2034,"fishing_mortality","all",0.04,"per year","Illustrative surplus-production fishing_mortality","lower-F-7","lower-F 7"
2034,"catch","all",95101.3322047213,"t","Illustrative surplus-production catch","lower-F-7","lower-F 7"
2035,"total_biomass","all",2508836.55142936,"t","Illustrative surplus-production total_biomass","lower-F-7","lower-F 7"
2035,"biomass_depletion","all",0.795180074123346,"ratio","Illustrative surplus-production biomass_depletion","lower-F-7","lower-F 7"
2035,"fishing_mortality","all",0.04,"per year","Illustrative surplus-production fishing_mortality","lower-F-7","lower-F 7"
2035,"catch","all",98372.8882566965,"t","Illustrative surplus-production catch","lower-F-7","lower-F 7"
2036,"total_biomass","all",2551348.15073083,"t","Illustrative surplus-production total_biomass","lower-F-7","lower-F 7"
2036,"biomass_depletion","all",0.808654198878259,"ratio","Illustrative surplus-production biomass_depletion","lower-F-7","lower-F 7"
2036,"fishing_mortality","all",0.04,"per year","Illustrative surplus-production fishing_mortality","lower-F-7","lower-F 7"
2036,"catch","all",100039.791907839,"t","Illustrative surplus-production catch","lower-F-7","lower-F 7"
2037,"total_biomass","all",2609660.55720113,"t","Illustrative surplus-production total_biomass","lower-F-7","lower-F 7"
2037,"biomass_depletion","all",0.827136416730572,"ratio","Illustrative surplus-production biomass_depletion","lower-F-7","lower-F 7"
2037,"fishing_mortality","all",0.04,"per year","Illustrative surplus-production fishing_mortality","lower-F-7","lower-F 7"
2037,"catch","all",102326.254069917,"t","Illustrative surplus-production catch","lower-F-7","lower-F 7"
2038,"total_biomass","all",2639984.7663216,"t","Illustrative surplus-production total_biomass","lower-F-7","lower-F 7"
2038,"biomass_depletion","all",0.836747727137545,"ratio","Illustrative surplus-production biomass_depletion","lower-F-7","lower-F 7"
2038,"fishing_mortality","all",0.04,"per year","Illustrative surplus-production fishing_mortality","lower-F-7","lower-F 7"
2038,"catch","all",103515.283316793,"t","Illustrative surplus-production catch","lower-F-7","lower-F 7"
2039,"total_biomass","all",2652262.43499313,"t","Illustrative surplus-production total_biomass","lower-F-7","lower-F 7"
2039,"biomass_depletion","all",0.840639155408841,"ratio","Illustrative surplus-production biomass_depletion","lower-F-7","lower-F 7"
2039,"fishing_mortality","all",0.04,"per year","Illustrative surplus-production fishing_mortality","lower-F-7","lower-F 7"
2039,"catch","all",103996.697591306,"t","Illustrative surplus-production catch","lower-F-7","lower-F 7"
2040,"total_biomass","all",2666104.83801505,"t","Illustrative surplus-production total_biomass","lower-F-7","lower-F 7"
2040,"biomass_depletion","all",0.845026528932531,"ratio","Illustrative surplus-production biomass_depletion","lower-F-7","lower-F 7"
2040,"fishing_mortality","all",0.04,"per year","Illustrative surplus-production fishing_mortality","lower-F-7","lower-F 7"
2040,"catch","all",104539.465977274,"t","Illustrative surplus-production catch","lower-F-7","lower-F 7"
2041,"total_biomass","all",2685589.1766257,"t","Illustrative surplus-production total_biomass","lower-F-7","lower-F 7"
2041,"biomass_depletion","all",0.851202123676572,"ratio","Illustrative surplus-production biomass_depletion","lower-F-7","lower-F 7"
2041,"fishing_mortality","all",0.04,"per year","Illustrative surplus-production fishing_mortality","lower-F-7","lower-F 7"
2041,"catch","all",105303.457821944,"t","Illustrative surplus-production catch","lower-F-7","lower-F 7"
2042,"total_biomass","all",2720710.5550461,"t","Illustrative surplus-production total_biomass","lower-F-7","lower-F 7"
2042,"biomass_depletion","all",0.86233390517096,"ratio","Illustrative surplus-production biomass_depletion","lower-F-7","lower-F 7"
2042,"fishing_mortality","all",0.04,"per year","Illustrative surplus-production fishing_mortality","lower-F-7","lower-F 7"
2042,"catch","all",106680.586767551,"t","Illustrative surplus-production catch","lower-F-7","lower-F 7"
2043,"total_biomass","all",2729425.69761754,"t","Illustrative surplus-production total_biomass","lower-F-7","lower-F 7"
2043,"biomass_depletion","all",0.865096184647481,"ratio","Illustrative surplus-production biomass_depletion","lower-F-7","lower-F 7"
2043,"fishing_mortality","all",0.04,"per year","Illustrative surplus-production fishing_mortality","lower-F-7","lower-F 7"
2043,"catch","all",107022.312395645,"t","Illustrative surplus-production catch","lower-F-7","lower-F 7"
2044,"total_biomass","all",2719243.32649503,"t","Illustrative surplus-production total_biomass","lower-F-7","lower-F 7"
2044,"biomass_depletion","all",0.861868864549909,"ratio","Illustrative surplus-production biomass_depletion","lower-F-7","lower-F 7"
2044,"fishing_mortality","all",0.04,"per year","Illustrative surplus-production fishing_mortality","lower-F-7","lower-F 7"
2044,"catch","all",106623.055913172,"t","Illustrative surplus-production catch","lower-F-7","lower-F 7"
2045,"total_biomass","all",2720518.07071652,"t","Illustrative surplus-production total_biomass","lower-F-7","lower-F 7"
2045,"biomass_depletion","all",0.862272896930556,"ratio","Illustrative surplus-production biomass_depletion","lower-F-7","lower-F 7"
2045,"fishing_mortality","all",0.04,"per year","Illustrative surplus-production fishing_mortality","lower-F-7","lower-F 7"
2045,"catch","all",106673.039349034,"t","Illustrative surplus-production catch","lower-F-7","lower-F 7"
2046,"total_biomass","all",2715669.97881451,"t","Illustrative surplus-production total_biomass","lower-F-7","lower-F 7"
2046,"biomass_depletion","all",0.860736285836541,"ratio","Illustrative surplus-production biomass_depletion","lower-F-7","lower-F 7"
2046,"fishing_mortality","all",0.04,"per year","Illustrative surplus-production fishing_mortality","lower-F-7","lower-F 7"
2046,"catch","all",106482.942946515,"t","Illustrative surplus-production catch","lower-F-7","lower-F 7"
2047,"total_biomass","all",2712995.74169481,"t","Illustrative surplus-production total_biomass","lower-F-7","lower-F 7"
2047,"biomass_depletion","all",0.859888681766897,"ratio","Illustrative surplus-production biomass_depletion","lower-F-7","lower-F 7"
2047,"fishing_mortality","all",0.04,"per year","Illustrative surplus-production fishing_mortality","lower-F-7","lower-F 7"
2047,"catch","all",106378.084609212,"t","Illustrative surplus-production catch","lower-F-7","lower-F 7"
2048,"total_biomass","all",2727282.02010654,"t","Illustrative surplus-production total_biomass","lower-F-7","lower-F 7"
2048,"biomass_depletion","all",0.864416742361323,"ratio","Illustrative surplus-production biomass_depletion","lower-F-7","lower-F 7"
2048,"fishing_mortality","all",0.04,"per year","Illustrative surplus-production fishing_mortality","lower-F-7","lower-F 7"
2048,"catch","all",106938.257598162,"t","Illustrative surplus-production catch","lower-F-7","lower-F 7"
2049,"total_biomass","all",2727123.4478104,"t","Illustrative surplus-production total_biomass","lower-F-7","lower-F 7"
2049,"biomass_depletion","all",0.864366482598437,"ratio","Illustrative surplus-production biomass_depletion","lower-F-7","lower-F 7"
2049,"fishing_mortality","all",0.04,"per year","Illustrative surplus-production fishing_mortality","lower-F-7","lower-F 7"
2049,"catch","all",106932.039889496,"t","Illustrative surplus-production catch","lower-F-7","lower-F 7"
2050,"total_biomass","all",2740760.2004643,"t","Illustrative surplus-production total_biomass","lower-F-7","lower-F 7"
2050,"biomass_depletion","all",0.868688674883123,"ratio","Illustrative surplus-production biomass_depletion","lower-F-7","lower-F 7"
2050,"fishing_mortality","all",0.04,"per year","Illustrative surplus-production fishing_mortality","lower-F-7","lower-F 7"
2050,"catch","all",107466.744609196,"t","Illustrative surplus-production catch","lower-F-7","lower-F 7"
2051,"total_biomass","all",2743027.15630187,"t","Illustrative surplus-production total_biomass","lower-F-7","lower-F 7"
2051,"biomass_depletion","all",0.869407190447609,"ratio","Illustrative surplus-production biomass_depletion","lower-F-7","lower-F 7"
2051,"fishing_mortality","all",0.04,"per year","Illustrative surplus-production fishing_mortality","lower-F-7","lower-F 7"
2051,"catch","all",107555.633219004,"t","Illustrative surplus-production catch","lower-F-7","lower-F 7"
2052,"total_biomass","all",2743025.28919593,"t","Illustrative surplus-production total_biomass","lower-F-7","lower-F 7"
2052,"biomass_depletion","all",0.86940659866516,"ratio","Illustrative surplus-production biomass_depletion","lower-F-7","lower-F 7"
2052,"fishing_mortality","all",0.04,"per year","Illustrative surplus-production fishing_mortality","lower-F-7","lower-F 7"
2052,"catch","all",107555.560008733,"t","Illustrative surplus-production catch","lower-F-7","lower-F 7"
2023,"total_biomass","all",902918.314809643,"t","Illustrative surplus-production total_biomass","lower-F-8","lower-F 8"
2023,"biomass_depletion","all",0.286181517918576,"ratio","Illustrative surplus-production biomass_depletion","lower-F-8","lower-F 8"
2023,"fishing_mortality","all",0.04,"per year","Illustrative surplus-production fishing_mortality","lower-F-8","lower-F 8"
2023,"catch","all",35403.9335233253,"t","Illustrative surplus-production catch","lower-F-8","lower-F 8"
2024,"total_biomass","all",1052216.63081494,"t","Illustrative surplus-production total_biomass","lower-F-8","lower-F 8"
2024,"biomass_depletion","all",0.333501876799647,"ratio","Illustrative surplus-production biomass_depletion","lower-F-8","lower-F 8"
2024,"fishing_mortality","all",0.04,"per year","Illustrative surplus-production fishing_mortality","lower-F-8","lower-F 8"
2024,"catch","all",41258.0042275068,"t","Illustrative surplus-production catch","lower-F-8","lower-F 8"
2025,"total_biomass","all",1226256.06037635,"t","Illustrative surplus-production total_biomass","lower-F-8","lower-F 8"
2025,"biomass_depletion","all",0.388663974314598,"ratio","Illustrative surplus-production biomass_depletion","lower-F-8","lower-F 8"
2025,"fishing_mortality","all",0.04,"per year","Illustrative surplus-production fishing_mortality","lower-F-8","lower-F 8"
2025,"catch","all",48082.1878702192,"t","Illustrative surplus-production catch","lower-F-8","lower-F 8"
2026,"total_biomass","all",1472814.97338595,"t","Illustrative surplus-production total_biomass","lower-F-8","lower-F 8"
2026,"biomass_depletion","all",0.466811247245171,"ratio","Illustrative surplus-production biomass_depletion","lower-F-8","lower-F 8"
2026,"fishing_mortality","all",0.04,"per year","Illustrative surplus-production fishing_mortality","lower-F-8","lower-F 8"
2026,"catch","all",57749.9011313193,"t","Illustrative surplus-production catch","lower-F-8","lower-F 8"
2027,"total_biomass","all",1643314.94545682,"t","Illustrative surplus-production total_biomass","lower-F-8","lower-F 8"
2027,"biomass_depletion","all",0.520851507600952,"ratio","Illustrative surplus-production biomass_depletion","lower-F-8","lower-F 8"
2027,"fishing_mortality","all",0.04,"per year","Illustrative surplus-production fishing_mortality","lower-F-8","lower-F 8"
2027,"catch","all",64435.3006607313,"t","Illustrative surplus-production catch","lower-F-8","lower-F 8"
2028,"total_biomass","all",1850548.29245044,"t","Illustrative surplus-production total_biomass","lower-F-8","lower-F 8"
2028,"biomass_depletion","all",0.586534474524137,"ratio","Illustrative surplus-production biomass_depletion","lower-F-8","lower-F 8"
2028,"fishing_mortality","all",0.04,"per year","Illustrative surplus-production fishing_mortality","lower-F-8","lower-F 8"
2028,"catch","all",72561.0364226922,"t","Illustrative surplus-production catch","lower-F-8","lower-F 8"
2029,"total_biomass","all",1979538.99326782,"t","Illustrative surplus-production total_biomass","lower-F-8","lower-F 8"
2029,"biomass_depletion","all",0.627418299729391,"ratio","Illustrative surplus-production biomass_depletion","lower-F-8","lower-F 8"
2029,"fishing_mortality","all",0.04,"per year","Illustrative surplus-production fishing_mortality","lower-F-8","lower-F 8"
2029,"catch","all",77618.8341458767,"t","Illustrative surplus-production catch","lower-F-8","lower-F 8"
2030,"total_biomass","all",2127385.76898768,"t","Illustrative surplus-production total_biomass","lower-F-8","lower-F 8"
2030,"biomass_depletion","all",0.674278590412272,"ratio","Illustrative surplus-production biomass_depletion","lower-F-8","lower-F 8"
2030,"fishing_mortality","all",0.04,"per year","Illustrative surplus-production fishing_mortality","lower-F-8","lower-F 8"
2030,"catch","all",83415.9891413732,"t","Illustrative surplus-production catch","lower-F-8","lower-F 8"
2031,"total_biomass","all",2242310.52421042,"t","Illustrative surplus-production total_biomass","lower-F-8","lower-F 8"
2031,"biomass_depletion","all",0.71070418988967,"ratio","Illustrative surplus-production biomass_depletion","lower-F-8","lower-F 8"
2031,"fishing_mortality","all",0.04,"per year","Illustrative surplus-production fishing_mortality","lower-F-8","lower-F 8"
2031,"catch","all",87922.2532489386,"t","Illustrative surplus-production catch","lower-F-8","lower-F 8"
2032,"total_biomass","all",2326127.00534529,"t","Illustrative surplus-production total_biomass","lower-F-8","lower-F 8"
2032,"biomass_depletion","all",0.737269968215728,"ratio","Illustrative surplus-production biomass_depletion","lower-F-8","lower-F 8"
2032,"fishing_mortality","all",0.04,"per year","Illustrative surplus-production fishing_mortality","lower-F-8","lower-F 8"
2032,"catch","all",91208.7444825155,"t","Illustrative surplus-production catch","lower-F-8","lower-F 8"
2033,"total_biomass","all",2408851.76300849,"t","Illustrative surplus-production total_biomass","lower-F-8","lower-F 8"
2033,"biomass_depletion","all",0.763489722903609,"ratio","Illustrative surplus-production biomass_depletion","lower-F-8","lower-F 8"
2033,"fishing_mortality","all",0.04,"per year","Illustrative surplus-production fishing_mortality","lower-F-8","lower-F 8"
2033,"catch","all",94452.4286264781,"t","Illustrative surplus-production catch","lower-F-8","lower-F 8"
2034,"total_biomass","all",2519601.88162027,"t","Illustrative surplus-production total_biomass","lower-F-8","lower-F 8"
2034,"biomass_depletion","all",0.798592164103576,"ratio","Illustrative surplus-production biomass_depletion","lower-F-8","lower-F 8"
2034,"fishing_mortality","all",0.04,"per year","Illustrative surplus-production fishing_mortality","lower-F-8","lower-F 8"
2034,"catch","all",98795.0028911924,"t","Illustrative surplus-production catch","lower-F-8","lower-F 8"
2035,"total_biomass","all",2570245.39989522,"t","Illustrative surplus-production total_biomass","lower-F-8","lower-F 8"
2035,"biomass_depletion","all",0.814643714609247,"ratio","Illustrative surplus-production biomass_depletion","lower-F-8","lower-F 8"
2035,"fishing_mortality","all",0.04,"per year","Illustrative surplus-production fishing_mortality","lower-F-8","lower-F 8"
2035,"catch","all",100780.763646053,"t","Illustrative surplus-production catch","lower-F-8","lower-F 8"
2036,"total_biomass","all",2605634.53101839,"t","Illustrative surplus-production total_biomass","lower-F-8","lower-F 8"
2036,"biomass_depletion","all",0.825860360784803,"ratio","Illustrative surplus-production biomass_depletion","lower-F-8","lower-F 8"
2036,"fishing_mortality","all",0.04,"per year","Illustrative surplus-production fishing_mortality","lower-F-8","lower-F 8"
2036,"catch","all",102168.391325304,"t","Illustrative surplus-production catch","lower-F-8","lower-F 8"
2037,"total_biomass","all",2651087.1449651,"t","Illustrative surplus-production total_biomass","lower-F-8","lower-F 8"
2037,"biomass_depletion","all",0.840266645206421,"ratio","Illustrative surplus-production biomass_depletion","lower-F-8","lower-F 8"
2037,"fishing_mortality","all",0.04,"per year","Illustrative surplus-production fishing_mortality","lower-F-8","lower-F 8"
2037,"catch","all",103950.613810148,"t","Illustrative surplus-production catch","lower-F-8","lower-F 8"
2038,"total_biomass","all",2666925.95219727,"t","Illustrative surplus-production total_biomass","lower-F-8","lower-F 8"
2038,"biomass_depletion","all",0.845286782489469,"ratio","Illustrative surplus-production biomass_depletion","lower-F-8","lower-F 8"
2038,"fishing_mortality","all",0.04,"per year","Illustrative surplus-production fishing_mortality","lower-F-8","lower-F 8"
2038,"catch","all",104571.662324879,"t","Illustrative surplus-production catch","lower-F-8","lower-F 8"
2039,"total_biomass","all",2688093.92259659,"t","Illustrative surplus-production total_biomass","lower-F-8","lower-F 8"
2039,"biomass_depletion","all",0.851996007234134,"ratio","Illustrative surplus-production biomass_depletion","lower-F-8","lower-F 8"
2039,"fishing_mortality","all",0.04,"per year","Illustrative surplus-production fishing_mortality","lower-F-8","lower-F 8"
2039,"catch","all",105401.670316244,"t","Illustrative surplus-production catch","lower-F-8","lower-F 8"
2040,"total_biomass","all",2704362.27757624,"t","Illustrative surplus-production total_biomass","lower-F-8","lower-F 8"
2040,"biomass_depletion","all",0.857152290416957,"ratio","Illustrative surplus-production biomass_depletion","lower-F-8","lower-F 8"
2040,"fishing_mortality","all",0.04,"per year","Illustrative surplus-production fishing_mortality","lower-F-8","lower-F 8"
2040,"catch","all",106039.561639065,"t","Illustrative surplus-production catch","lower-F-8","lower-F 8"
2041,"total_biomass","all",2710037.69266227,"t","Illustrative surplus-production total_biomass","lower-F-8","lower-F 8"
2041,"biomass_depletion","all",0.858951123021742,"ratio","Illustrative surplus-production biomass_depletion","lower-F-8","lower-F 8"
2041,"fishing_mortality","all",0.04,"per year","Illustrative surplus-production fishing_mortality","lower-F-8","lower-F 8"
2041,"catch","all",106262.097847632,"t","Illustrative surplus-production catch","lower-F-8","lower-F 8"
2042,"total_biomass","all",2714694.23297553,"t","Illustrative surplus-production total_biomass","lower-F-8","lower-F 8"
2042,"biomass_depletion","all",0.86042702150917,"ratio","Illustrative surplus-production biomass_depletion","lower-F-8","lower-F 8"
2042,"fishing_mortality","all",0.04,"per year","Illustrative surplus-production fishing_mortality","lower-F-8","lower-F 8"
2042,"catch","all",106444.683404924,"t","Illustrative surplus-production catch","lower-F-8","lower-F 8"
2043,"total_biomass","all",2737702.15797043,"t","Illustrative surplus-production total_biomass","lower-F-8","lower-F 8"
2043,"biomass_depletion","all",0.867719423037857,"ratio","Illustrative surplus-production biomass_depletion","lower-F-8","lower-F 8"
2043,"fishing_mortality","all",0.04,"per year","Illustrative surplus-production fishing_mortality","lower-F-8","lower-F 8"
2043,"catch","all",107346.837047916,"t","Illustrative surplus-production catch","lower-F-8","lower-F 8"
2044,"total_biomass","all",2737271.56245814,"t","Illustrative surplus-production total_biomass","lower-F-8","lower-F 8"
2044,"biomass_depletion","all",0.867582945047218,"ratio","Illustrative surplus-production biomass_depletion","lower-F-8","lower-F 8"
2044,"fishing_mortality","all",0.04,"per year","Illustrative surplus-production fishing_mortality","lower-F-8","lower-F 8"
2044,"catch","all",107329.95315638,"t","Illustrative surplus-production catch","lower-F-8","lower-F 8"
2045,"total_biomass","all",2758934.10119726,"t","Illustrative surplus-production total_biomass","lower-F-8","lower-F 8"
2045,"biomass_depletion","all",0.87444892408059,"ratio","Illustrative surplus-production biomass_depletion","lower-F-8","lower-F 8"
2045,"fishing_mortality","all",0.04,"per year","Illustrative surplus-production fishing_mortality","lower-F-8","lower-F 8"
2045,"catch","all",108179.353449726,"t","Illustrative surplus-production catch","lower-F-8","lower-F 8"
2046,"total_biomass","all",2752669.02640114,"t","Illustrative surplus-production total_biomass","lower-F-8","lower-F 8"
2046,"biomass_depletion","all",0.872463197813198,"ratio","Illustrative surplus-production biomass_depletion","lower-F-8","lower-F 8"
2046,"fishing_mortality","all",0.04,"per year","Illustrative surplus-production fishing_mortality","lower-F-8","lower-F 8"
2046,"catch","all",107933.696353217,"t","Illustrative surplus-production catch","lower-F-8","lower-F 8"
2047,"total_biomass","all",2747657.44439325,"t","Illustrative surplus-production total_biomass","lower-F-8","lower-F 8"
2047,"biomass_depletion","all",0.870874768248012,"ratio","Illustrative surplus-production biomass_depletion","lower-F-8","lower-F 8"
2047,"fishing_mortality","all",0.04,"per year","Illustrative surplus-production fishing_mortality","lower-F-8","lower-F 8"
2047,"catch","all",107737.189411954,"t","Illustrative surplus-production catch","lower-F-8","lower-F 8"
2048,"total_biomass","all",2740949.28963439,"t","Illustrative surplus-production total_biomass","lower-F-8","lower-F 8"
2048,"biomass_depletion","all",0.868748607021869,"ratio","Illustrative surplus-production biomass_depletion","lower-F-8","lower-F 8"
2048,"fishing_mortality","all",0.04,"per year","Illustrative surplus-production fishing_mortality","lower-F-8","lower-F 8"
2048,"catch","all",107474.158901606,"t","Illustrative surplus-production catch","lower-F-8","lower-F 8"
2049,"total_biomass","all",2718876.76668796,"t","Illustrative surplus-production total_biomass","lower-F-8","lower-F 8"
2049,"biomass_depletion","all",0.861752682786536,"ratio","Illustrative surplus-production biomass_depletion","lower-F-8","lower-F 8"
2049,"fishing_mortality","all",0.04,"per year","Illustrative surplus-production fishing_mortality","lower-F-8","lower-F 8"
2049,"catch","all",106608.682897553,"t","Illustrative surplus-production catch","lower-F-8","lower-F 8"
2050,"total_biomass","all",2708824.22925119,"t","Illustrative surplus-production total_biomass","lower-F-8","lower-F 8"
2050,"biomass_depletion","all",0.858566513699695,"ratio","Illustrative surplus-production biomass_depletion","lower-F-8","lower-F 8"
2050,"fishing_mortality","all",0.04,"per year","Illustrative surplus-production fishing_mortality","lower-F-8","lower-F 8"
2050,"catch","all",106214.517266715,"t","Illustrative surplus-production catch","lower-F-8","lower-F 8"
2051,"total_biomass","all",2716299.72164265,"t","Illustrative surplus-production total_biomass","lower-F-8","lower-F 8"
2051,"biomass_depletion","all",0.86093588391258,"ratio","Illustrative surplus-production biomass_depletion","lower-F-8","lower-F 8"
2051,"fishing_mortality","all",0.04,"per year","Illustrative surplus-production fishing_mortality","lower-F-8","lower-F 8"
2051,"catch","all",106507.635515997,"t","Illustrative surplus-production catch","lower-F-8","lower-F 8"
2052,"total_biomass","all",2716265.09228837,"t","Illustrative surplus-production total_biomass","lower-F-8","lower-F 8"
2052,"biomass_depletion","all",0.860924908078986,"ratio","Illustrative surplus-production biomass_depletion","lower-F-8","lower-F 8"
2052,"fishing_mortality","all",0.04,"per year","Illustrative surplus-production fishing_mortality","lower-F-8","lower-F 8"
2052,"catch","all",106506.277679593,"t","Illustrative surplus-production catch","lower-F-8","lower-F 8"
2023,"total_biomass","all",902918.314809643,"t","Illustrative surplus-production total_biomass","lower-F-9","lower-F 9"
2023,"biomass_depletion","all",0.286181517918576,"ratio","Illustrative surplus-production biomass_depletion","lower-F-9","lower-F 9"
2023,"fishing_mortality","all",0.04,"per year","Illustrative surplus-production fishing_mortality","lower-F-9","lower-F 9"
2023,"catch","all",35403.9335233253,"t","Illustrative surplus-production catch","lower-F-9","lower-F 9"
2024,"total_biomass","all",1065484.97070274,"t","Illustrative surplus-production total_biomass","lower-F-9","lower-F 9"
2024,"biomass_depletion","all",0.337707300022398,"ratio","Illustrative surplus-production biomass_depletion","lower-F-9","lower-F 9"
2024,"fishing_mortality","all",0.04,"per year","Illustrative surplus-production fishing_mortality","lower-F-9","lower-F 9"
2024,"catch","all",41778.2632760248,"t","Illustrative surplus-production catch","lower-F-9","lower-F 9"
2025,"total_biomass","all",1226416.79843627,"t","Illustrative surplus-production total_biomass","lower-F-9","lower-F 9"
2025,"biomass_depletion","all",0.388714920520054,"ratio","Illustrative surplus-production biomass_depletion","lower-F-9","lower-F 9"
2025,"fishing_mortality","all",0.04,"per year","Illustrative surplus-production fishing_mortality","lower-F-9","lower-F 9"
2025,"catch","all",48088.4904996984,"t","Illustrative surplus-production catch","lower-F-9","lower-F 9"
2026,"total_biomass","all",1421856.52893029,"t","Illustrative surplus-production total_biomass","lower-F-9","lower-F 9"
2026,"biomass_depletion","all",0.450659880343101,"ratio","Illustrative surplus-production biomass_depletion","lower-F-9","lower-F 9"
2026,"fishing_mortality","all",0.04,"per year","Illustrative surplus-production fishing_mortality","lower-F-9","lower-F 9"
2026,"catch","all",55751.7919442877,"t","Illustrative surplus-production catch","lower-F-9","lower-F 9"
2027,"total_biomass","all",1586556.51732605,"t","Illustrative surplus-production total_biomass","lower-F-9","lower-F 9"
2027,"biomass_depletion","all",0.502861825864836,"ratio","Illustrative surplus-production biomass_depletion","lower-F-9","lower-F 9"
2027,"fishing_mortality","all",0.04,"per year","Illustrative surplus-production fishing_mortality","lower-F-9","lower-F 9"
2027,"catch","all",62209.7708608913,"t","Illustrative surplus-production catch","lower-F-9","lower-F 9"
2028,"total_biomass","all",1763418.16372436,"t","Illustrative surplus-production total_biomass","lower-F-9","lower-F 9"
2028,"biomass_depletion","all",0.558918429876149,"ratio","Illustrative surplus-production biomass_depletion","lower-F-9","lower-F 9"
2028,"fishing_mortality","all",0.04,"per year","Illustrative surplus-production fishing_mortality","lower-F-9","lower-F 9"
2028,"catch","all",69144.6152086124,"t","Illustrative surplus-production catch","lower-F-9","lower-F 9"
2029,"total_biomass","all",1939133.68617041,"t","Illustrative surplus-production total_biomass","lower-F-9","lower-F 9"
2029,"biomass_depletion","all",0.614611767923087,"ratio","Illustrative surplus-production biomass_depletion","lower-F-9","lower-F 9"
2029,"fishing_mortality","all",0.04,"per year","Illustrative surplus-production fishing_mortality","lower-F-9","lower-F 9"
2029,"catch","all",76034.5193933644,"t","Illustrative surplus-production catch","lower-F-9","lower-F 9"
2030,"total_biomass","all",2087324.53708862,"t","Illustrative surplus-production total_biomass","lower-F-9","lower-F 9"
2030,"biomass_depletion","all",0.661581113833809,"ratio","Illustrative surplus-production biomass_depletion","lower-F-9","lower-F 9"
2030,"fishing_mortality","all",0.04,"per year","Illustrative surplus-production fishing_mortality","lower-F-9","lower-F 9"
2030,"catch","all",81845.1657703622,"t","Illustrative surplus-production catch","lower-F-9","lower-F 9"
2031,"total_biomass","all",2212858.60009892,"t","Illustrative surplus-production total_biomass","lower-F-9","lower-F 9"
2031,"biomass_depletion","all",0.701369351721471,"ratio","Illustrative surplus-production biomass_depletion","lower-F-9","lower-F 9"
2031,"fishing_mortality","all",0.04,"per year","Illustrative surplus-production fishing_mortality","lower-F-9","lower-F 9"
2031,"catch","all",86767.4267864836,"t","Illustrative surplus-production catch","lower-F-9","lower-F 9"
2032,"total_biomass","all",2319474.02387271,"t","Illustrative surplus-production total_biomass","lower-F-9","lower-F 9"
2032,"biomass_depletion","all",0.735161294257877,"ratio","Illustrative surplus-production biomass_depletion","lower-F-9","lower-F 9"
2032,"fishing_mortality","all",0.04,"per year","Illustrative surplus-production fishing_mortality","lower-F-9","lower-F 9"
2032,"catch","all",90947.8773476667,"t","Illustrative surplus-production catch","lower-F-9","lower-F 9"
2033,"total_biomass","all",2406741.46571774,"t","Illustrative surplus-production total_biomass","lower-F-9","lower-F 9"
2033,"biomass_depletion","all",0.762820860535859,"ratio","Illustrative surplus-production biomass_depletion","lower-F-9","lower-F 9"
2033,"fishing_mortality","all",0.04,"per year","Illustrative surplus-production fishing_mortality","lower-F-9","lower-F 9"
2033,"catch","all",94369.6826861522,"t","Illustrative surplus-production catch","lower-F-9","lower-F 9"
2034,"total_biomass","all",2504317.10508841,"t","Illustrative surplus-production total_biomass","lower-F-9","lower-F 9"
2034,"biomass_depletion","all",0.793747627807007,"ratio","Illustrative surplus-production biomass_depletion","lower-F-9","lower-F 9"
2034,"fishing_mortality","all",0.04,"per year","Illustrative surplus-production fishing_mortality","lower-F-9","lower-F 9"
2034,"catch","all",98195.678230947,"t","Illustrative surplus-production catch","lower-F-9","lower-F 9"
2035,"total_biomass","all",2560755.03819403,"t","Illustrative surplus-production total_biomass","lower-F-9","lower-F 9"
2035,"biomass_depletion","all",0.811635728091869,"ratio","Illustrative surplus-production biomass_depletion","lower-F-9","lower-F 9"
2035,"fishing_mortality","all",0.04,"per year","Illustrative surplus-production fishing_mortality","lower-F-9","lower-F 9"
2035,"catch","all",100408.641241102,"t","Illustrative surplus-production catch","lower-F-9","lower-F 9"
2036,"total_biomass","all",2594364.55747743,"t","Illustrative surplus-production total_biomass","lower-F-9","lower-F 9"
2036,"biomass_depletion","all",0.822288323223982,"ratio","Illustrative surplus-production biomass_depletion","lower-F-9","lower-F 9"
2036,"fishing_mortality","all",0.04,"per year","Illustrative surplus-production fishing_mortality","lower-F-9","lower-F 9"
2036,"catch","all",101726.489342025,"t","Illustrative surplus-production catch","lower-F-9","lower-F 9"
2037,"total_biomass","all",2624778.96020031,"t","Illustrative surplus-production total_biomass","lower-F-9","lower-F 9"
2037,"biomass_depletion","all",0.831928220648871,"ratio","Illustrative surplus-production biomass_depletion","lower-F-9","lower-F 9"
2037,"fishing_mortality","all",0.04,"per year","Illustrative surplus-production fishing_mortality","lower-F-9","lower-F 9"
2037,"catch","all",102919.055130636,"t","Illustrative surplus-production catch","lower-F-9","lower-F 9"
2038,"total_biomass","all",2643463.94623081,"t","Illustrative surplus-production total_biomass","lower-F-9","lower-F 9"
2038,"biomass_depletion","all",0.837850459213301,"ratio","Illustrative surplus-production biomass_depletion","lower-F-9","lower-F 9"
2038,"fishing_mortality","all",0.04,"per year","Illustrative surplus-production fishing_mortality","lower-F-9","lower-F 9"
2038,"catch","all",103651.703912323,"t","Illustrative surplus-production catch","lower-F-9","lower-F 9"
2039,"total_biomass","all",2672537.84692696,"t","Illustrative surplus-production total_biomass","lower-F-9","lower-F 9"
2039,"biomass_depletion","all",0.847065482207704,"ratio","Illustrative surplus-production biomass_depletion","lower-F-9","lower-F 9"
2039,"fishing_mortality","all",0.04,"per year","Illustrative surplus-production fishing_mortality","lower-F-9","lower-F 9"
2039,"catch","all",104791.707864649,"t","Illustrative surplus-production catch","lower-F-9","lower-F 9"
2040,"total_biomass","all",2687152.0307313,"t","Illustrative surplus-production total_biomass","lower-F-9","lower-F 9"
2040,"biomass_depletion","all",0.851697472982142,"ratio","Illustrative surplus-production biomass_depletion","lower-F-9","lower-F 9"
2040,"fishing_mortality","all",0.04,"per year","Illustrative surplus-production fishing_mortality","lower-F-9","lower-F 9"
2040,"catch","all",105364.738207948,"t","Illustrative surplus-production catch","lower-F-9","lower-F 9"
2041,"total_biomass","all",2703715.90307864,"t","Illustrative surplus-production total_biomass","lower-F-9","lower-F 9"
2041,"biomass_depletion","all",0.856947420904583,"ratio","Illustrative surplus-production biomass_depletion","lower-F-9","lower-F 9"
2041,"fishing_mortality","all",0.04,"per year","Illustrative surplus-production fishing_mortality","lower-F-9","lower-F 9"
2041,"catch","all",106014.216932496,"t","Illustrative surplus-production catch","lower-F-9","lower-F 9"
2042,"total_biomass","all",2716245.98187908,"t","Illustrative surplus-production total_biomass","lower-F-9","lower-F 9"
2042,"biomass_depletion","all",0.860918851001786,"ratio","Illustrative surplus-production biomass_depletion","lower-F-9","lower-F 9"
2042,"fishing_mortality","all",0.04,"per year","Illustrative surplus-production fishing_mortality","lower-F-9","lower-F 9"
2042,"catch","all",106505.528349727,"t","Illustrative surplus-production catch","lower-F-9","lower-F 9"
2043,"total_biomass","all",2698266.07522223,"t","Illustrative surplus-production total_biomass","lower-F-9","lower-F 9"
2043,"biomass_depletion","all",0.855220088561492,"ratio","Illustrative surplus-production biomass_depletion","lower-F-9","lower-F 9"
2043,"fishing_mortality","all",0.04,"per year","Illustrative surplus-production fishing_mortality","lower-F-9","lower-F 9"
2043,"catch","all",105800.526125723,"t","Illustrative surplus-production catch","lower-F-9","lower-F 9"
2044,"total_biomass","all",2701316.87520339,"t","Illustrative surplus-production total_biomass","lower-F-9","lower-F 9"
2044,"biomass_depletion","all",0.856187044879858,"ratio","Illustrative surplus-production biomass_depletion","lower-F-9","lower-F 9"
2044,"fishing_mortality","all",0.04,"per year","Illustrative surplus-production fishing_mortality","lower-F-9","lower-F 9"
2044,"catch","all",105920.149704019,"t","Illustrative surplus-production catch","lower-F-9","lower-F 9"
2045,"total_biomass","all",2733421.34851156,"t","Illustrative surplus-production total_biomass","lower-F-9","lower-F 9"
2045,"biomass_depletion","all",0.866362613093074,"ratio","Illustrative surplus-production biomass_depletion","lower-F-9","lower-F 9"
2045,"fishing_mortality","all",0.04,"per year","Illustrative surplus-production fishing_mortality","lower-F-9","lower-F 9"
2045,"catch","all",107178.984108151,"t","Illustrative surplus-production catch","lower-F-9","lower-F 9"
2046,"total_biomass","all",2737232.84293805,"t","Illustrative surplus-production total_biomass","lower-F-9","lower-F 9"
2046,"biomass_depletion","all",0.867570672828514,"ratio","Illustrative surplus-production biomass_depletion","lower-F-9","lower-F 9"
2046,"fishing_mortality","all",0.04,"per year","Illustrative surplus-production fishing_mortality","lower-F-9","lower-F 9"
2046,"catch","all",107328.434942282,"t","Illustrative surplus-production catch","lower-F-9","lower-F 9"
2047,"total_biomass","all",2737081.70520451,"t","Illustrative surplus-production total_biomass","lower-F-9","lower-F 9"
2047,"biomass_depletion","all",0.867522769463069,"ratio","Illustrative surplus-production biomass_depletion","lower-F-9","lower-F 9"
2047,"fishing_mortality","all",0.04,"per year","Illustrative surplus-production fishing_mortality","lower-F-9","lower-F 9"
2047,"catch","all",107322.508746984,"t","Illustrative surplus-production catch","lower-F-9","lower-F 9"
2048,"total_biomass","all",2742836.82158775,"t","Illustrative surplus-production total_biomass","lower-F-9","lower-F 9"
2048,"biomass_depletion","all",0.869346863531537,"ratio","Illustrative surplus-production biomass_depletion","lower-F-9","lower-F 9"
2048,"fishing_mortality","all",0.04,"per year","Illustrative surplus-production fishing_mortality","lower-F-9","lower-F 9"
2048,"catch","all",107548.170088115,"t","Illustrative surplus-production catch","lower-F-9","lower-F 9"
2049,"total_biomass","all",2747376.45527279,"t","Illustrative surplus-production total_biomass","lower-F-9","lower-F 9"
2049,"biomass_depletion","all",0.87078570826142,"ratio","Illustrative surplus-production biomass_depletion","lower-F-9","lower-F 9"
2049,"fishing_mortality","all",0.04,"per year","Illustrative surplus-production fishing_mortality","lower-F-9","lower-F 9"
2049,"catch","all",107726.171670948,"t","Illustrative surplus-production catch","lower-F-9","lower-F 9"
2050,"total_biomass","all",2735164.43108754,"t","Illustrative surplus-production total_biomass","lower-F-9","lower-F 9"
2050,"biomass_depletion","all",0.866915086123324,"ratio","Illustrative surplus-production biomass_depletion","lower-F-9","lower-F 9"
2050,"fishing_mortality","all",0.04,"per year","Illustrative surplus-production fishing_mortality","lower-F-9","lower-F 9"
2050,"catch","all",107247.331353559,"t","Illustrative surplus-production catch","lower-F-9","lower-F 9"
2051,"total_biomass","all",2736836.7703906,"t","Illustrative surplus-production total_biomass","lower-F-9","lower-F 9"
2051,"biomass_depletion","all",0.867445136951152,"ratio","Illustrative surplus-production biomass_depletion","lower-F-9","lower-F 9"
2051,"fishing_mortality","all",0.04,"per year","Illustrative surplus-production fishing_mortality","lower-F-9","lower-F 9"
2051,"catch","all",107312.90471556,"t","Illustrative surplus-production catch","lower-F-9","lower-F 9"
2052,"total_biomass","all",2744521.70442174,"t","Illustrative surplus-production total_biomass","lower-F-9","lower-F 9"
2052,"biomass_depletion","all",0.869880890053134,"ratio","Illustrative surplus-production biomass_depletion","lower-F-9","lower-F 9"
2052,"fishing_mortality","all",0.04,"per year","Illustrative surplus-production fishing_mortality","lower-F-9","lower-F 9"
2052,"catch","all",107614.235288998,"t","Illustrative surplus-production catch","lower-F-9","lower-F 9"
2023,"total_biomass","all",902918.314809643,"t","Illustrative surplus-production total_biomass","lower-F-10","lower-F 10"
2023,"biomass_depletion","all",0.286181517918576,"ratio","Illustrative surplus-production biomass_depletion","lower-F-10","lower-F 10"
2023,"fishing_mortality","all",0.04,"per year","Illustrative surplus-production fishing_mortality","lower-F-10","lower-F 10"
2023,"catch","all",35403.9335233253,"t","Illustrative surplus-production catch","lower-F-10","lower-F 10"
2024,"total_biomass","all",1056482.49470779,"t","Illustrative surplus-production total_biomass","lower-F-10","lower-F 10"
2024,"biomass_depletion","all",0.334853949721489,"ratio","Illustrative surplus-production biomass_depletion","lower-F-10","lower-F 10"
2024,"fishing_mortality","all",0.04,"per year","Illustrative surplus-production fishing_mortality","lower-F-10","lower-F 10"
2024,"catch","all",41425.2711432453,"t","Illustrative surplus-production catch","lower-F-10","lower-F 10"
2025,"total_biomass","all",1221530.15661833,"t","Illustrative surplus-production total_biomass","lower-F-10","lower-F 10"
2025,"biomass_depletion","all",0.387166090963663,"ratio","Illustrative surplus-production biomass_depletion","lower-F-10","lower-F 10"
2025,"fishing_mortality","all",0.04,"per year","Illustrative surplus-production fishing_mortality","lower-F-10","lower-F 10"
2025,"catch","all",47896.882533355,"t","Illustrative surplus-production catch","lower-F-10","lower-F 10"
2026,"total_biomass","all",1379579.9792523,"t","Illustrative surplus-production total_biomass","lower-F-10","lower-F 10"
2026,"biomass_depletion","all",0.437260254971943,"ratio","Illustrative surplus-production biomass_depletion","lower-F-10","lower-F 10"
2026,"fishing_mortality","all",0.04,"per year","Illustrative surplus-production fishing_mortality","lower-F-10","lower-F 10"
2026,"catch","all",54094.1047207092,"t","Illustrative surplus-production catch","lower-F-10","lower-F 10"
2027,"total_biomass","all",1551693.06265079,"t","Illustrative surplus-production total_biomass","lower-F-10","lower-F 10"
2027,"biomass_depletion","all",0.491811793746532,"ratio","Illustrative surplus-production biomass_depletion","lower-F-10","lower-F 10"
2027,"fishing_mortality","all",0.04,"per year","Illustrative surplus-production fishing_mortality","lower-F-10","lower-F 10"
2027,"catch","all",60842.7552499867,"t","Illustrative surplus-production catch","lower-F-10","lower-F 10"
2028,"total_biomass","all",1734343.698569,"t","Illustrative surplus-production total_biomass","lower-F-10","lower-F 10"
2028,"biomass_depletion","all",0.549703227975427,"ratio","Illustrative surplus-production biomass_depletion","lower-F-10","lower-F 10"
2028,"fishing_mortality","all",0.04,"per year","Illustrative surplus-production fishing_mortality","lower-F-10","lower-F 10"
2028,"catch","all",68004.5891235248,"t","Illustrative surplus-production catch","lower-F-10","lower-F 10"
2029,"total_biomass","all",1887674.24011054,"t","Illustrative surplus-production total_biomass","lower-F-10","lower-F 10"
2029,"biomass_depletion","all",0.598301607698055,"ratio","Illustrative surplus-production biomass_depletion","lower-F-10","lower-F 10"
2029,"fishing_mortality","all",0.04,"per year","Illustrative surplus-production fishing_mortality","lower-F-10","lower-F 10"
2029,"catch","all",74016.7656524464,"t","Illustrative surplus-production catch","lower-F-10","lower-F 10"
2030,"total_biomass","all",2040935.51232535,"t","Illustrative surplus-production total_biomass","lower-F-10","lower-F 10"
2030,"biomass_depletion","all",0.646878032388049,"ratio","Illustrative surplus-production biomass_depletion","lower-F-10","lower-F 10"
2030,"fishing_mortality","all",0.04,"per year","Illustrative surplus-production fishing_mortality","lower-F-10","lower-F 10"
2030,"catch","all",80026.2260922176,"t","Illustrative surplus-production catch","lower-F-10","lower-F 10"
2031,"total_biomass","all",2180716.66655735,"t","Illustrative surplus-production total_biomass","lower-F-10","lower-F 10"
2031,"biomass_depletion","all",0.691181910422639,"ratio","Illustrative surplus-production biomass_depletion","lower-F-10","lower-F 10"
2031,"fishing_mortality","all",0.04,"per year","Illustrative surplus-production fishing_mortality","lower-F-10","lower-F 10"
2031,"catch","all",85507.12354559,"t","Illustrative surplus-production catch","lower-F-10","lower-F 10"
2032,"total_biomass","all",2312514.01777409,"t","Illustrative surplus-production total_biomass","lower-F-10","lower-F 10"
2032,"biomass_depletion","all",0.732955308315013,"ratio","Illustrative surplus-production biomass_depletion","lower-F-10","lower-F 10"
2032,"fishing_mortality","all",0.04,"per year","Illustrative surplus-production fishing_mortality","lower-F-10","lower-F 10"
2032,"catch","all",90674.9716050366,"t","Illustrative surplus-production catch","lower-F-10","lower-F 10"
2033,"total_biomass","all",2384249.22406588,"t","Illustrative surplus-production total_biomass","lower-F-10","lower-F 10"
2033,"biomass_depletion","all",0.755691905732591,"ratio","Illustrative surplus-production biomass_depletion","lower-F-10","lower-F 10"
2033,"fishing_mortality","all",0.04,"per year","Illustrative surplus-production fishing_mortality","lower-F-10","lower-F 10"
2033,"catch","all",93487.7492762614,"t","Illustrative surplus-production catch","lower-F-10","lower-F 10"
2034,"total_biomass","all",2466762.19436196,"t","Illustrative surplus-production total_biomass","lower-F-10","lower-F 10"
2034,"biomass_depletion","all",0.781844534049007,"ratio","Illustrative surplus-production biomass_depletion","lower-F-10","lower-F 10"
2034,"fishing_mortality","all",0.04,"per year","Illustrative surplus-production fishing_mortality","lower-F-10","lower-F 10"
2034,"catch","all",96723.1291187782,"t","Illustrative surplus-production catch","lower-F-10","lower-F 10"
2035,"total_biomass","all",2544409.74622,"t","Illustrative surplus-production total_biomass","lower-F-10","lower-F 10"
2035,"biomass_depletion","all",0.806455059595917,"ratio","Illustrative surplus-production biomass_depletion","lower-F-10","lower-F 10"
2035,"fishing_mortality","all",0.04,"per year","Illustrative surplus-production fishing_mortality","lower-F-10","lower-F 10"
2035,"catch","all",99767.733175581,"t","Illustrative surplus-production catch","lower-F-10","lower-F 10"
2036,"total_biomass","all",2595808.32593464,"t","Illustrative surplus-production total_biomass","lower-F-10","lower-F 10"
2036,"biomass_depletion","all",0.822745928127803,"ratio","Illustrative surplus-production biomass_depletion","lower-F-10","lower-F 10"
2036,"fishing_mortality","all",0.04,"per year","Illustrative surplus-production fishing_mortality","lower-F-10","lower-F 10"
2036,"catch","all",101783.100312966,"t","Illustrative surplus-production catch","lower-F-10","lower-F 10"
2037,"total_biomass","all",2612545.68159399,"t","Illustrative surplus-production total_biomass","lower-F-10","lower-F 10"
2037,"biomass_depletion","all",0.828050861885343,"ratio","Illustrative surplus-production biomass_depletion","lower-F-10","lower-F 10"
2037,"fishing_mortality","all",0.04,"per year","Illustrative surplus-production fishing_mortality","lower-F-10","lower-F 10"
2037,"catch","all",102439.381415476,"t","Illustrative surplus-production catch","lower-F-10","lower-F 10"
2038,"total_biomass","all",2643428.39185741,"t","Illustrative surplus-production total_biomass","lower-F-10","lower-F 10"
2038,"biomass_depletion","all",0.837839190193302,"ratio","Illustrative surplus-production biomass_depletion","lower-F-10","lower-F 10"
2038,"fishing_mortality","all",0.04,"per year","Illustrative surplus-production fishing_mortality","lower-F-10","lower-F 10"
2038,"catch","all",103650.309805401,"t","Illustrative surplus-production catch","lower-F-10","lower-F 10"
2039,"total_biomass","all",2681791.16781159,"t","Illustrative surplus-production total_biomass","lower-F-10","lower-F 10"
2039,"biomass_depletion","all",0.849998338229247,"ratio","Illustrative surplus-production biomass_depletion","lower-F-10","lower-F 10"
2039,"fishing_mortality","all",0.04,"per year","Illustrative surplus-production fishing_mortality","lower-F-10","lower-F 10"
2039,"catch","all",105154.535766238,"t","Illustrative surplus-production catch","lower-F-10","lower-F 10"
2040,"total_biomass","all",2687735.13806663,"t","Illustrative surplus-production total_biomass","lower-F-10","lower-F 10"
2040,"biomass_depletion","all",0.851882289858261,"ratio","Illustrative surplus-production biomass_depletion","lower-F-10","lower-F 10"
2040,"fishing_mortality","all",0.04,"per year","Illustrative surplus-production fishing_mortality","lower-F-10","lower-F 10"
2040,"catch","all",105387.602173601,"t","Illustrative surplus-production catch","lower-F-10","lower-F 10"
2041,"total_biomass","all",2702848.62230666,"t","Illustrative surplus-production total_biomass","lower-F-10","lower-F 10"
2041,"biomass_depletion","all",0.856672534767359,"ratio","Illustrative surplus-production biomass_depletion","lower-F-10","lower-F 10"
2041,"fishing_mortality","all",0.04,"per year","Illustrative surplus-production fishing_mortality","lower-F-10","lower-F 10"
2041,"catch","all",105980.210367015,"t","Illustrative surplus-production catch","lower-F-10","lower-F 10"
2042,"total_biomass","all",2706204.88350643,"t","Illustrative surplus-production total_biomass","lower-F-10","lower-F 10"
2042,"biomass_depletion","all",0.857736307546059,"ratio","Illustrative surplus-production biomass_depletion","lower-F-10","lower-F 10"
2042,"fishing_mortality","all",0.04,"per year","Illustrative surplus-production fishing_mortality","lower-F-10","lower-F 10"
2042,"catch","all",106111.811251009,"t","Illustrative surplus-production catch","lower-F-10","lower-F 10"
2043,"total_biomass","all",2725268.14957299,"t","Illustrative surplus-production total_biomass","lower-F-10","lower-F 10"
2043,"biomass_depletion","all",0.863778442620662,"ratio","Illustrative surplus-production biomass_depletion","lower-F-10","lower-F 10"
2043,"fishing_mortality","all",0.04,"per year","Illustrative surplus-production fishing_mortality","lower-F-10","lower-F 10"
2043,"catch","all",106859.292605067,"t","Illustrative surplus-production catch","lower-F-10","lower-F 10"
2044,"total_biomass","all",2740234.29340531,"t","Illustrative surplus-production total_biomass","lower-F-10","lower-F 10"
2044,"biomass_depletion","all",0.868521987733294,"ratio","Illustrative surplus-production biomass_depletion","lower-F-10","lower-F 10"
2044,"fishing_mortality","all",0.04,"per year","Illustrative surplus-production fishing_mortality","lower-F-10","lower-F 10"
2044,"catch","all",107446.12349846,"t","Illustrative surplus-production catch","lower-F-10","lower-F 10"
2045,"total_biomass","all",2743113.74422607,"t","Illustrative surplus-production total_biomass","lower-F-10","lower-F 10"
2045,"biomass_depletion","all",0.869434634639599,"ratio","Illustrative surplus-production biomass_depletion","lower-F-10","lower-F 10"
2045,"fishing_mortality","all",0.04,"per year","Illustrative surplus-production fishing_mortality","lower-F-10","lower-F 10"
2045,"catch","all",107559.028380075,"t","Illustrative surplus-production catch","lower-F-10","lower-F 10"
2046,"total_biomass","all",2747025.40457627,"t","Illustrative surplus-production total_biomass","lower-F-10","lower-F 10"
2046,"biomass_depletion","all",0.870674442137397,"ratio","Illustrative surplus-production biomass_depletion","lower-F-10","lower-F 10"
2046,"fishing_mortality","all",0.04,"per year","Illustrative surplus-production fishing_mortality","lower-F-10","lower-F 10"
2046,"catch","all",107712.406776252,"t","Illustrative surplus-production catch","lower-F-10","lower-F 10"
2047,"total_biomass","all",2744566.03272842,"t","Illustrative surplus-production total_biomass","lower-F-10","lower-F 10"
2047,"biomass_depletion","all",0.86989493998643,"ratio","Illustrative surplus-production biomass_depletion","lower-F-10","lower-F 10"
2047,"fishing_mortality","all",0.04,"per year","Illustrative surplus-production fishing_mortality","lower-F-10","lower-F 10"
2047,"catch","all",107615.973426765,"t","Illustrative surplus-production catch","lower-F-10","lower-F 10"
2048,"total_biomass","all",2764071.09829632,"t","Illustrative surplus-production total_biomass","lower-F-10","lower-F 10"
2048,"biomass_depletion","all",0.876077104175334,"ratio","Illustrative surplus-production biomass_depletion","lower-F-10","lower-F 10"
2048,"fishing_mortality","all",0.04,"per year","Illustrative surplus-production fishing_mortality","lower-F-10","lower-F 10"
2048,"catch","all",108380.777987053,"t","Illustrative surplus-production catch","lower-F-10","lower-F 10"
2049,"total_biomass","all",2766855.22873056,"t","Illustrative surplus-production total_biomass","lower-F-10","lower-F 10"
2049,"biomass_depletion","all",0.87695953912065,"ratio","Illustrative surplus-production biomass_depletion","lower-F-10","lower-F 10"
2049,"fishing_mortality","all",0.04,"per year","Illustrative surplus-production fishing_mortality","lower-F-10","lower-F 10"
2049,"catch","all",108489.945302852,"t","Illustrative surplus-production catch","lower-F-10","lower-F 10"
2050,"total_biomass","all",2749930.46852467,"t","Illustrative surplus-production total_biomass","lower-F-10","lower-F 10"
2050,"biomass_depletion","all",0.871595207168707,"ratio","Illustrative surplus-production biomass_depletion","lower-F-10","lower-F 10"
2050,"fishing_mortality","all",0.04,"per year","Illustrative surplus-production fishing_mortality","lower-F-10","lower-F 10"
2050,"catch","all",107826.315962967,"t","Illustrative surplus-production catch","lower-F-10","lower-F 10"
2051,"total_biomass","all",2736708.46861797,"t","Illustrative surplus-production total_biomass","lower-F-10","lower-F 10"
2051,"biomass_depletion","all",0.867404471482922,"ratio","Illustrative surplus-production biomass_depletion","lower-F-10","lower-F 10"
2051,"fishing_mortality","all",0.04,"per year","Illustrative surplus-production fishing_mortality","lower-F-10","lower-F 10"
2051,"catch","all",107307.873931097,"t","Illustrative surplus-production catch","lower-F-10","lower-F 10"
2052,"total_biomass","all",2737807.27801879,"t","Illustrative surplus-production total_biomass","lower-F-10","lower-F 10"
2052,"biomass_depletion","all",0.867752741018575,"ratio","Illustrative surplus-production biomass_depletion","lower-F-10","lower-F 10"
2052,"fishing_mortality","all",0.04,"per year","Illustrative surplus-production fishing_mortality","lower-F-10","lower-F 10"
2052,"catch","all",107350.958863968,"t","Illustrative surplus-production catch","lower-F-10","lower-F 10"
2023,"total_biomass","all",902918.314809643,"t","Illustrative surplus-production total_biomass","lower-F-11","lower-F 11"
2023,"biomass_depletion","all",0.286181517918576,"ratio","Illustrative surplus-production biomass_depletion","lower-F-11","lower-F 11"
2023,"fishing_mortality","all",0.04,"per year","Illustrative surplus-production fishing_mortality","lower-F-11","lower-F 11"
2023,"catch","all",35403.9335233253,"t","Illustrative surplus-production catch","lower-F-11","lower-F 11"
2024,"total_biomass","all",1064020.45140944,"t","Illustrative surplus-production total_biomass","lower-F-11","lower-F 11"
2024,"biomass_depletion","all",0.337243118105272,"ratio","Illustrative surplus-production biomass_depletion","lower-F-11","lower-F 11"
2024,"fishing_mortality","all",0.04,"per year","Illustrative surplus-production fishing_mortality","lower-F-11","lower-F 11"
2024,"catch","all",41720.8386531624,"t","Illustrative surplus-production catch","lower-F-11","lower-F 11"
2025,"total_biomass","all",1226204.82211783,"t","Illustrative surplus-production total_biomass","lower-F-11","lower-F 11"
2025,"biomass_depletion","all",0.388647734260147,"ratio","Illustrative surplus-production biomass_depletion","lower-F-11","lower-F 11"
2025,"fishing_mortality","all",0.04,"per year","Illustrative surplus-production fishing_mortality","lower-F-11","lower-F 11"
2025,"catch","all",48080.178789366,"t","Illustrative surplus-production catch","lower-F-11","lower-F 11"
2026,"total_biomass","all",1392543.03284089,"t","Illustrative surplus-production total_biomass","lower-F-11","lower-F 11"
2026,"biomass_depletion","all",0.441368917175369,"ratio","Illustrative surplus-production biomass_depletion","lower-F-11","lower-F 11"
2026,"fishing_mortality","all",0.04,"per year","Illustrative surplus-production fishing_mortality","lower-F-11","lower-F 11"
2026,"catch","all",54602.3933222159,"t","Illustrative surplus-production catch","lower-F-11","lower-F 11"
2027,"total_biomass","all",1589307.24433465,"t","Illustrative surplus-production total_biomass","lower-F-11","lower-F 11"
2027,"biomass_depletion","all",0.503733673536755,"ratio","Illustrative surplus-production biomass_depletion","lower-F-11","lower-F 11"
2027,"fishing_mortality","all",0.04,"per year","Illustrative surplus-production fishing_mortality","lower-F-11","lower-F 11"
2027,"catch","all",62317.6284096372,"t","Illustrative surplus-production catch","lower-F-11","lower-F 11"
2028,"total_biomass","all",1780805.24631166,"t","Illustrative surplus-production total_biomass","lower-F-11","lower-F 11"
2028,"biomass_depletion","all",0.564429295704646,"ratio","Illustrative surplus-production biomass_depletion","lower-F-11","lower-F 11"
2028,"fishing_mortality","all",0.04,"per year","Illustrative surplus-production fishing_mortality","lower-F-11","lower-F 11"
2028,"catch","all",69826.3724683653,"t","Illustrative surplus-production catch","lower-F-11","lower-F 11"
2029,"total_biomass","all",1956334.79221708,"t","Illustrative surplus-production total_biomass","lower-F-11","lower-F 11"
2029,"biomass_depletion","all",0.62006368816612,"ratio","Illustrative surplus-production biomass_depletion","lower-F-11","lower-F 11"
2029,"fishing_mortality","all",0.04,"per year","Illustrative surplus-production fishing_mortality","lower-F-11","lower-F 11"
2029,"catch","all",76708.984408655,"t","Illustrative surplus-production catch","lower-F-11","lower-F 11"
2030,"total_biomass","all",2101423.82987095,"t","Illustrative surplus-production total_biomass","lower-F-11","lower-F 11"
2030,"biomass_depletion","all",0.666049909010344,"ratio","Illustrative surplus-production biomass_depletion","lower-F-11","lower-F 11"
2030,"fishing_mortality","all",0.04,"per year","Illustrative surplus-production fishing_mortality","lower-F-11","lower-F 11"
2030,"catch","all",82398.006947913,"t","Illustrative surplus-production catch","lower-F-11","lower-F 11"
2031,"total_biomass","all",2243423.68266892,"t","Illustrative surplus-production total_biomass","lower-F-11","lower-F 11"
2031,"biomass_depletion","all",0.711057007383914,"ratio","Illustrative surplus-production biomass_depletion","lower-F-11","lower-F 11"
2031,"fishing_mortality","all",0.04,"per year","Illustrative surplus-production fishing_mortality","lower-F-11","lower-F 11"
2031,"catch","all",87965.9008164088,"t","Illustrative surplus-production catch","lower-F-11","lower-F 11"
2032,"total_biomass","all",2326561.61839779,"t","Illustrative surplus-production total_biomass","lower-F-11","lower-F 11"
2032,"biomass_depletion","all",0.737407719572669,"ratio","Illustrative surplus-production biomass_depletion","lower-F-11","lower-F 11"
2032,"fishing_mortality","all",0.04,"per year","Illustrative surplus-production fishing_mortality","lower-F-11","lower-F 11"
2032,"catch","all",91225.7859040558,"t","Illustrative surplus-production catch","lower-F-11","lower-F 11"
2033,"total_biomass","all",2399170.71611875,"t","Illustrative surplus-production total_biomass","lower-F-11","lower-F 11"
2033,"biomass_depletion","all",0.760421298386677,"ratio","Illustrative surplus-production biomass_depletion","lower-F-11","lower-F 11"
2033,"fishing_mortality","all",0.04,"per year","Illustrative surplus-production fishing_mortality","lower-F-11","lower-F 11"
2033,"catch","all",94072.8293483385,"t","Illustrative surplus-production catch","lower-F-11","lower-F 11"
2034,"total_biomass","all",2493927.61584065,"t","Illustrative surplus-production total_biomass","lower-F-11","lower-F 11"
2034,"biomass_depletion","all",0.790454661262241,"ratio","Illustrative surplus-production biomass_depletion","lower-F-11","lower-F 11"
2034,"fishing_mortality","all",0.04,"per year","Illustrative surplus-production fishing_mortality","lower-F-11","lower-F 11"
2034,"catch","all",97788.3005306212,"t","Illustrative surplus-production catch","lower-F-11","lower-F 11"
2035,"total_biomass","all",2546927.43859725,"t","Illustrative surplus-production total_biomass","lower-F-11","lower-F 11"
2035,"biomass_depletion","all",0.807253046539317,"ratio","Illustrative surplus-production biomass_depletion","lower-F-11","lower-F 11"
2035,"fishing_mortality","all",0.04,"per year","Illustrative surplus-production fishing_mortality","lower-F-11","lower-F 11"
2035,"catch","all",99866.453305735,"t","Illustrative surplus-production catch","lower-F-11","lower-F 11"
2036,"total_biomass","all",2597275.80870504,"t","Illustrative surplus-production total_biomass","lower-F-11","lower-F 11"
2036,"biomass_depletion","all",0.823211049324109,"ratio","Illustrative surplus-production biomass_depletion","lower-F-11","lower-F 11"
2036,"fishing_mortality","all",0.04,"per year","Illustrative surplus-production fishing_mortality","lower-F-11","lower-F 11"
2036,"catch","all",101840.641135428,"t","Illustrative surplus-production catch","lower-F-11","lower-F 11"
2037,"total_biomass","all",2654371.4713243,"t","Illustrative surplus-production total_biomass","lower-F-11","lower-F 11"
2037,"biomass_depletion","all",0.841307618113272,"ratio","Illustrative surplus-production biomass_depletion","lower-F-11","lower-F 11"
2037,"fishing_mortality","all",0.04,"per year","Illustrative surplus-production fishing_mortality","lower-F-11","lower-F 11"
2037,"catch","all",104079.394088699,"t","Illustrative surplus-production catch","lower-F-11","lower-F 11"
2038,"total_biomass","all",2672179.95848061,"t","Illustrative surplus-production total_biomass","lower-F-11","lower-F 11"
2038,"biomass_depletion","all",0.846952048847076,"ratio","Illustrative surplus-production biomass_depletion","lower-F-11","lower-F 11"
2038,"fishing_mortality","all",0.04,"per year","Illustrative surplus-production fishing_mortality","lower-F-11","lower-F 11"
2038,"catch","all",104777.674857946,"t","Illustrative surplus-production catch","lower-F-11","lower-F 11"
2039,"total_biomass","all",2679905.53627955,"t","Illustrative surplus-production total_biomass","lower-F-11","lower-F 11"
2039,"biomass_depletion","all",0.849400684061397,"ratio","Illustrative surplus-production biomass_depletion","lower-F-11","lower-F 11"
2039,"fishing_mortality","all",0.04,"per year","Illustrative surplus-production fishing_mortality","lower-F-11","lower-F 11"
2039,"catch","all",105080.599096315,"t","Illustrative surplus-production catch","lower-F-11","lower-F 11"
2040,"total_biomass","all",2670040.0430903,"t","Illustrative surplus-production total_biomass","lower-F-11","lower-F 11"
2040,"biomass_depletion","all",0.846273798971566,"ratio","Illustrative surplus-production biomass_depletion","lower-F-11","lower-F 11"
2040,"fishing_mortality","all",0.04,"per year","Illustrative surplus-production fishing_mortality","lower-F-11","lower-F 11"
2040,"catch","all",104693.767575326,"t","Illustrative surplus-production catch","lower-F-11","lower-F 11"
2041,"total_biomass","all",2686273.63498643,"t","Illustrative surplus-production total_biomass","lower-F-11","lower-F 11"
2041,"biomass_depletion","all",0.85141906393508,"ratio","Illustrative surplus-production biomass_depletion","lower-F-11","lower-F 11"
2041,"fishing_mortality","all",0.04,"per year","Illustrative surplus-production fishing_mortality","lower-F-11","lower-F 11"
2041,"catch","all",105330.295818145,"t","Illustrative surplus-production catch","lower-F-11","lower-F 11"
2042,"total_biomass","all",2698546.32772661,"t","Illustrative surplus-production total_biomass","lower-F-11","lower-F 11"
2042,"biomass_depletion","all",0.855308915076347,"ratio","Illustrative surplus-production biomass_depletion","lower-F-11","lower-F 11"
2042,"fishing_mortality","all",0.04,"per year","Illustrative surplus-production fishing_mortality","lower-F-11","lower-F 11"
2042,"catch","all",105811.514983599,"t","Illustrative surplus-production catch","lower-F-11","lower-F 11"
2043,"total_biomass","all",2718779.19385743,"t","Illustrative surplus-production total_biomass","lower-F-11","lower-F 11"
2043,"biomass_depletion","all",0.861721756909533,"ratio","Illustrative surplus-production biomass_depletion","lower-F-11","lower-F 11"
2043,"fishing_mortality","all",0.04,"per year","Illustrative surplus-production fishing_mortality","lower-F-11","lower-F 11"
2043,"catch","all",106604.857012144,"t","Illustrative surplus-production catch","lower-F-11","lower-F 11"
2044,"total_biomass","all",2719926.6623218,"t","Illustrative surplus-production total_biomass","lower-F-11","lower-F 11"
2044,"biomass_depletion","all",0.86208544901934,"ratio","Illustrative surplus-production biomass_depletion","lower-F-11","lower-F 11"
2044,"fishing_mortality","all",0.04,"per year","Illustrative surplus-production fishing_mortality","lower-F-11","lower-F 11"
2044,"catch","all",106649.849894187,"t","Illustrative surplus-production catch","lower-F-11","lower-F 11"
2045,"total_biomass","all",2722792.27713622,"t","Illustrative surplus-production total_biomass","lower-F-11","lower-F 11"
2045,"biomass_depletion","all",0.862993710579562,"ratio","Illustrative surplus-production biomass_depletion","lower-F-11","lower-F 11"
2045,"fishing_mortality","all",0.04,"per year","Illustrative surplus-production fishing_mortality","lower-F-11","lower-F 11"
2045,"catch","all",106762.212258234,"t","Illustrative surplus-production catch","lower-F-11","lower-F 11"
2046,"total_biomass","all",2726384.64009892,"t","Illustrative surplus-production total_biomass","lower-F-11","lower-F 11"
2046,"biomass_depletion","all",0.864132316219425,"ratio","Illustrative surplus-production biomass_depletion","lower-F-11","lower-F 11"
2046,"fishing_mortality","all",0.04,"per year","Illustrative surplus-production fishing_mortality","lower-F-11","lower-F 11"
2046,"catch","all",106903.07082477,"t","Illustrative surplus-production catch","lower-F-11","lower-F 11"
2047,"total_biomass","all",2733330.69753634,"t","Illustrative surplus-production total_biomass","lower-F-11","lower-F 11"
2047,"biomass_depletion","all",0.866333881110055,"ratio","Illustrative surplus-production biomass_depletion","lower-F-11","lower-F 11"
2047,"fishing_mortality","all",0.04,"per year","Illustrative surplus-production fishing_mortality","lower-F-11","lower-F 11"
2047,"catch","all",107175.429632572,"t","Illustrative surplus-production catch","lower-F-11","lower-F 11"
2048,"total_biomass","all",2741091.7919705,"t","Illustrative surplus-production total_biomass","lower-F-11","lower-F 11"
2048,"biomass_depletion","all",0.868793773383195,"ratio","Illustrative surplus-production biomass_depletion","lower-F-11","lower-F 11"
2048,"fishing_mortality","all",0.04,"per year","Illustrative surplus-production fishing_mortality","lower-F-11","lower-F 11"
2048,"catch","all",107479.746498127,"t","Illustrative surplus-production catch","lower-F-11","lower-F 11"
2049,"total_biomass","all",2735408.18123919,"t","Illustrative surplus-production total_biomass","lower-F-11","lower-F 11"
2049,"biomass_depletion","all",0.866992343154496,"ratio","Illustrative surplus-production biomass_depletion","lower-F-11","lower-F 11"
2049,"fishing_mortality","all",0.04,"per year","Illustrative surplus-production fishing_mortality","lower-F-11","lower-F 11"
2049,"catch","all",107256.888933712,"t","Illustrative surplus-production catch","lower-F-11","lower-F 11"
2050,"total_biomass","all",2739450.78995002,"t","Illustrative surplus-production total_biomass","lower-F-11","lower-F 11"
2050,"biomass_depletion","all",0.868273654961157,"ratio","Illustrative surplus-production biomass_depletion","lower-F-11","lower-F 11"
2050,"fishing_mortality","all",0.04,"per year","Illustrative surplus-production fishing_mortality","lower-F-11","lower-F 11"
2050,"catch","all",107415.401888551,"t","Illustrative surplus-production catch","lower-F-11","lower-F 11"
2051,"total_biomass","all",2743030.73047846,"t","Illustrative surplus-production total_biomass","lower-F-11","lower-F 11"
2051,"biomass_depletion","all",0.869408323289048,"ratio","Illustrative surplus-production biomass_depletion","lower-F-11","lower-F 11"
2051,"fishing_mortality","all",0.04,"per year","Illustrative surplus-production fishing_mortality","lower-F-11","lower-F 11"
2051,"catch","all",107555.773364473,"t","Illustrative surplus-production catch","lower-F-11","lower-F 11"
2052,"total_biomass","all",2743215.89069866,"t","Illustrative surplus-production total_biomass","lower-F-11","lower-F 11"
2052,"biomass_depletion","all",0.869467010140347,"ratio","Illustrative surplus-production biomass_depletion","lower-F-11","lower-F 11"
2052,"fishing_mortality","all",0.04,"per year","Illustrative surplus-production fishing_mortality","lower-F-11","lower-F 11"
2052,"catch","all",107563.033600554,"t","Illustrative surplus-production catch","lower-F-11","lower-F 11"
2023,"total_biomass","all",902918.314809643,"t","Illustrative surplus-production total_biomass","lower-F-12","lower-F 12"
2023,"biomass_depletion","all",0.286181517918576,"ratio","Illustrative surplus-production biomass_depletion","lower-F-12","lower-F 12"
2023,"fishing_mortality","all",0.04,"per year","Illustrative surplus-production fishing_mortality","lower-F-12","lower-F 12"
2023,"catch","all",35403.9335233253,"t","Illustrative surplus-production catch","lower-F-12","lower-F 12"
2024,"total_biomass","all",1034702.37888605,"t","Illustrative surplus-production total_biomass","lower-F-12","lower-F 12"
2024,"biomass_depletion","all",0.327950704428893,"ratio","Illustrative surplus-production biomass_depletion","lower-F-12","lower-F 12"
2024,"fishing_mortality","all",0.04,"per year","Illustrative surplus-production fishing_mortality","lower-F-12","lower-F 12"
2024,"catch","all",40571.2605865475,"t","Illustrative surplus-production catch","lower-F-12","lower-F 12"
2025,"total_biomass","all",1212580.13413265,"t","Illustrative surplus-production total_biomass","lower-F-12","lower-F 12"
2025,"biomass_depletion","all",0.384329365893027,"ratio","Illustrative surplus-production biomass_depletion","lower-F-12","lower-F 12"
2025,"fishing_mortality","all",0.04,"per year","Illustrative surplus-production fishing_mortality","lower-F-12","lower-F 12"
2025,"catch","all",47545.9471320922,"t","Illustrative surplus-production catch","lower-F-12","lower-F 12"
2026,"total_biomass","all",1411348.08816866,"t","Illustrative surplus-production total_biomass","lower-F-12","lower-F 12"
2026,"biomass_depletion","all",0.447329211910756,"ratio","Illustrative surplus-production biomass_depletion","lower-F-12","lower-F 12"
2026,"fishing_mortality","all",0.04,"per year","Illustrative surplus-production fishing_mortality","lower-F-12","lower-F 12"
2026,"catch","all",55339.7500883894,"t","Illustrative surplus-production catch","lower-F-12","lower-F 12"
2027,"total_biomass","all",1567166.4824321,"t","Illustrative surplus-production total_biomass","lower-F-12","lower-F 12"
2027,"biomass_depletion","all",0.496716120846532,"ratio","Illustrative surplus-production biomass_depletion","lower-F-12","lower-F 12"
2027,"fishing_mortality","all",0.04,"per year","Illustrative surplus-production fishing_mortality","lower-F-12","lower-F 12"
2027,"catch","all",61449.4767178436,"t","Illustrative surplus-production catch","lower-F-12","lower-F 12"
2028,"total_biomass","all",1744334.91742696,"t","Illustrative surplus-production total_biomass","lower-F-12","lower-F 12"
2028,"biomass_depletion","all",0.552869962032905,"ratio","Illustrative surplus-production biomass_depletion","lower-F-12","lower-F 12"
2028,"fishing_mortality","all",0.04,"per year","Illustrative surplus-production fishing_mortality","lower-F-12","lower-F 12"
2028,"catch","all",68396.3504184972,"t","Illustrative surplus-production catch","lower-F-12","lower-F 12"
2029,"total_biomass","all",1891689.13898311,"t","Illustrative surplus-production total_biomass","lower-F-12","lower-F 12"
2029,"biomass_depletion","all",0.599574136823664,"ratio","Illustrative surplus-production biomass_depletion","lower-F-12","lower-F 12"
2029,"fishing_mortality","all",0.04,"per year","Illustrative surplus-production fishing_mortality","lower-F-12","lower-F 12"
2029,"catch","all",74174.1920889865,"t","Illustrative surplus-production catch","lower-F-12","lower-F 12"
2030,"total_biomass","all",2037640.70686158,"t","Illustrative surplus-production total_biomass","lower-F-12","lower-F 12"
2030,"biomass_depletion","all",0.645833738110922,"ratio","Illustrative surplus-production biomass_depletion","lower-F-12","lower-F 12"
2030,"fishing_mortality","all",0.04,"per year","Illustrative surplus-production fishing_mortality","lower-F-12","lower-F 12"
2030,"catch","all",79897.0349220991,"t","Illustrative surplus-production catch","lower-F-12","lower-F 12"
2031,"total_biomass","all",2174158.00593597,"t","Illustrative surplus-production total_biomass","lower-F-12","lower-F 12"
2031,"biomass_depletion","all",0.689103131621331,"ratio","Illustrative surplus-production biomass_depletion","lower-F-12","lower-F 12"
2031,"fishing_mortality","all",0.04,"per year","Illustrative surplus-production fishing_mortality","lower-F-12","lower-F 12"
2031,"catch","all",85249.9547842161,"t","Illustrative surplus-production catch","lower-F-12","lower-F 12"
2032,"total_biomass","all",2288372.33284092,"t","Illustrative surplus-production total_biomass","lower-F-12","lower-F 12"
2032,"biomass_depletion","all",0.725303559617519,"ratio","Illustrative surplus-production biomass_depletion","lower-F-12","lower-F 12"
2032,"fishing_mortality","all",0.04,"per year","Illustrative surplus-production fishing_mortality","lower-F-12","lower-F 12"
2032,"catch","all",89728.3625989989,"t","Illustrative surplus-production catch","lower-F-12","lower-F 12"
2033,"total_biomass","all",2418512.52485699,"t","Illustrative surplus-production total_biomass","lower-F-12","lower-F 12"
2033,"biomass_depletion","all",0.766551718041712,"ratio","Illustrative surplus-production biomass_depletion","lower-F-12","lower-F 12"
2033,"fishing_mortality","all",0.04,"per year","Illustrative surplus-production fishing_mortality","lower-F-12","lower-F 12"
2033,"catch","all",94831.2325167733,"t","Illustrative surplus-production catch","lower-F-12","lower-F 12"
2034,"total_biomass","all",2491290.41342839,"t","Illustrative surplus-production total_biomass","lower-F-12","lower-F 12"
2034,"biomass_depletion","all",0.789618795407026,"ratio","Illustrative surplus-production biomass_depletion","lower-F-12","lower-F 12"
2034,"fishing_mortality","all",0.04,"per year","Illustrative surplus-production fishing_mortality","lower-F-12","lower-F 12"
2034,"catch","all",97684.8943449678,"t","Illustrative surplus-production catch","lower-F-12","lower-F 12"
2035,"total_biomass","all",2534249.24310716,"t","Illustrative surplus-production total_biomass","lower-F-12","lower-F 12"
2035,"biomass_depletion","all",0.803234670601746,"ratio","Illustrative surplus-production biomass_depletion","lower-F-12","lower-F 12"
2035,"fishing_mortality","all",0.04,"per year","Illustrative surplus-production fishing_mortality","lower-F-12","lower-F 12"
2035,"catch","all",99369.3341500321,"t","Illustrative surplus-production catch","lower-F-12","lower-F 12"
2036,"total_biomass","all",2575256.68642698,"t","Illustrative surplus-production total_biomass","lower-F-12","lower-F 12"
2036,"biomass_depletion","all",0.816232050522765,"ratio","Illustrative surplus-production biomass_depletion","lower-F-12","lower-F 12"
2036,"fishing_mortality","all",0.04,"per year","Illustrative surplus-production fishing_mortality","lower-F-12","lower-F 12"
2036,"catch","all",100977.259001532,"t","Illustrative surplus-production catch","lower-F-12","lower-F 12"
2037,"total_biomass","all",2612224.73968766,"t","Illustrative surplus-production total_biomass","lower-F-12","lower-F 12"
2037,"biomass_depletion","all",0.827949138794327,"ratio","Illustrative surplus-production biomass_depletion","lower-F-12","lower-F 12"
2037,"fishing_mortality","all",0.04,"per year","Illustrative surplus-production fishing_mortality","lower-F-12","lower-F 12"
2037,"catch","all",102426.79710333,"t","Illustrative surplus-production catch","lower-F-12","lower-F 12"
2038,"total_biomass","all",2639455.78532899,"t","Illustrative surplus-production total_biomass","lower-F-12","lower-F 12"
2038,"biomass_depletion","all",0.836580065699148,"ratio","Illustrative surplus-production biomass_depletion","lower-F-12","lower-F 12"
2038,"fishing_mortality","all",0.04,"per year","Illustrative surplus-production fishing_mortality","lower-F-12","lower-F 12"
2038,"catch","all",103494.541675395,"t","Illustrative surplus-production catch","lower-F-12","lower-F 12"
2039,"total_biomass","all",2671545.8300516,"t","Illustrative surplus-production total_biomass","lower-F-12","lower-F 12"
2039,"biomass_depletion","all",0.846751060747276,"ratio","Illustrative surplus-production biomass_depletion","lower-F-12","lower-F 12"
2039,"fishing_mortality","all",0.04,"per year","Illustrative surplus-production fishing_mortality","lower-F-12","lower-F 12"
2039,"catch","all",104752.810326596,"t","Illustrative surplus-production catch","lower-F-12","lower-F 12"
2040,"total_biomass","all",2682685.86994818,"t","Illustrative surplus-production total_biomass","lower-F-12","lower-F 12"
2040,"biomass_depletion","all",0.850281915615302,"ratio","Illustrative surplus-production biomass_depletion","lower-F-12","lower-F 12"
2040,"fishing_mortality","all",0.04,"per year","Illustrative surplus-production fishing_mortality","lower-F-12","lower-F 12"
2040,"catch","all",105189.617538806,"t","Illustrative surplus-production catch","lower-F-12","lower-F 12"
2041,"total_biomass","all",2702987.32760182,"t","Illustrative surplus-production total_biomass","lower-F-12","lower-F 12"
2041,"biomass_depletion","all",0.856716497650006,"ratio","Illustrative surplus-production biomass_depletion","lower-F-12","lower-F 12"
2041,"fishing_mortality","all",0.04,"per year","Illustrative surplus-production fishing_mortality","lower-F-12","lower-F 12"
2041,"catch","all",105985.64907943,"t","Illustrative surplus-production catch","lower-F-12","lower-F 12"
2042,"total_biomass","all",2709839.84475382,"t","Illustrative surplus-production total_biomass","lower-F-12","lower-F 12"
2042,"biomass_depletion","all",0.85888841478576,"ratio","Illustrative surplus-production biomass_depletion","lower-F-12","lower-F 12"
2042,"fishing_mortality","all",0.04,"per year","Illustrative surplus-production fishing_mortality","lower-F-12","lower-F 12"
2042,"catch","all",106254.340120179,"t","Illustrative surplus-production catch","lower-F-12","lower-F 12"
2043,"total_biomass","all",2707901.13913694,"t","Illustrative surplus-production total_biomass","lower-F-12","lower-F 12"
2043,"biomass_depletion","all",0.858273938695137,"ratio","Illustrative surplus-production biomass_depletion","lower-F-12","lower-F 12"
2043,"fishing_mortality","all",0.04,"per year","Illustrative surplus-production fishing_mortality","lower-F-12","lower-F 12"
2043,"catch","all",106178.322385622,"t","Illustrative surplus-production catch","lower-F-12","lower-F 12"
2044,"total_biomass","all",2715871.94761492,"t","Illustrative surplus-production total_biomass","lower-F-12","lower-F 12"
2044,"biomass_depletion","all",0.86080030019634,"ratio","Illustrative surplus-production biomass_depletion","lower-F-12","lower-F 12"
2044,"fishing_mortality","all",0.04,"per year","Illustrative surplus-production fishing_mortality","lower-F-12","lower-F 12"
2044,"catch","all",106490.862256453,"t","Illustrative surplus-production catch","lower-F-12","lower-F 12"
2045,"total_biomass","all",2716873.6097068,"t","Illustrative surplus-production total_biomass","lower-F-12","lower-F 12"
2045,"biomass_depletion","all",0.861117778724792,"ratio","Illustrative surplus-production biomass_depletion","lower-F-12","lower-F 12"
2045,"fishing_mortality","all",0.04,"per year","Illustrative surplus-production fishing_mortality","lower-F-12","lower-F 12"
2045,"catch","all",106530.137988856,"t","Illustrative surplus-production catch","lower-F-12","lower-F 12"
2046,"total_biomass","all",2723303.27041901,"t","Illustrative surplus-production total_biomass","lower-F-12","lower-F 12"
2046,"biomass_depletion","all",0.863155670782292,"ratio","Illustrative surplus-production biomass_depletion","lower-F-12","lower-F 12"
2046,"fishing_mortality","all",0.04,"per year","Illustrative surplus-production fishing_mortality","lower-F-12","lower-F 12"
2046,"catch","all",106782.248591442,"t","Illustrative surplus-production catch","lower-F-12","lower-F 12"
2047,"total_biomass","all",2743470.87843633,"t","Illustrative surplus-production total_biomass","lower-F-12","lower-F 12"
2047,"biomass_depletion","all",0.869547828943797,"ratio","Illustrative surplus-production biomass_depletion","lower-F-12","lower-F 12"
2047,"fishing_mortality","all",0.04,"per year","Illustrative surplus-production fishing_mortality","lower-F-12","lower-F 12"
2047,"catch","all",107573.031812757,"t","Illustrative surplus-production catch","lower-F-12","lower-F 12"
2048,"total_biomass","all",2742122.42372887,"t","Illustrative surplus-production total_biomass","lower-F-12","lower-F 12"
2048,"biomass_depletion","all",0.869120433897427,"ratio","Illustrative surplus-production biomass_depletion","lower-F-12","lower-F 12"
2048,"fishing_mortality","all",0.04,"per year","Illustrative surplus-production fishing_mortality","lower-F-12","lower-F 12"
2048,"catch","all",107520.1581474,"t","Illustrative surplus-production catch","lower-F-12","lower-F 12"
2049,"total_biomass","all",2740585.5808896,"t","Illustrative surplus-production total_biomass","lower-F-12","lower-F 12"
2049,"biomass_depletion","all",0.868633328907606,"ratio","Illustrative surplus-production biomass_depletion","lower-F-12","lower-F 12"
2049,"fishing_mortality","all",0.04,"per year","Illustrative surplus-production fishing_mortality","lower-F-12","lower-F 12"
2049,"catch","all",107459.897677737,"t","Illustrative surplus-production catch","lower-F-12","lower-F 12"
2050,"total_biomass","all",2728854.60272286,"t","Illustrative surplus-production total_biomass","lower-F-12","lower-F 12"
2050,"biomass_depletion","all",0.864915175135153,"ratio","Illustrative surplus-production biomass_depletion","lower-F-12","lower-F 12"
2050,"fishing_mortality","all",0.04,"per year","Illustrative surplus-production fishing_mortality","lower-F-12","lower-F 12"
2050,"catch","all",106999.919444528,"t","Illustrative surplus-production catch","lower-F-12","lower-F 12"
2051,"total_biomass","all",2734064.57374913,"t","Illustrative surplus-production total_biomass","lower-F-12","lower-F 12"
2051,"biomass_depletion","all",0.866566484442047,"ratio","Illustrative surplus-production biomass_depletion","lower-F-12","lower-F 12"
2051,"fishing_mortality","all",0.04,"per year","Illustrative surplus-production fishing_mortality","lower-F-12","lower-F 12"
2051,"catch","all",107204.205330468,"t","Illustrative surplus-production catch","lower-F-12","lower-F 12"
2052,"total_biomass","all",2734401.38209281,"t","Illustrative surplus-production total_biomass","lower-F-12","lower-F 12"
2052,"biomass_depletion","all",0.866673236427757,"ratio","Illustrative surplus-production biomass_depletion","lower-F-12","lower-F 12"
2052,"fishing_mortality","all",0.04,"per year","Illustrative surplus-production fishing_mortality","lower-F-12","lower-F 12"
2052,"catch","all",107217.411774521,"t","Illustrative surplus-production catch","lower-F-12","lower-F 12"
2023,"total_biomass","all",902918.314809643,"t","Illustrative surplus-production total_biomass","lower-F-13","lower-F 13"
2023,"biomass_depletion","all",0.286181517918576,"ratio","Illustrative surplus-production biomass_depletion","lower-F-13","lower-F 13"
2023,"fishing_mortality","all",0.04,"per year","Illustrative surplus-production fishing_mortality","lower-F-13","lower-F 13"
2023,"catch","all",35403.9335233253,"t","Illustrative surplus-production catch","lower-F-13","lower-F 13"
2024,"total_biomass","all",1032450.7769499,"t","Illustrative surplus-production total_biomass","lower-F-13","lower-F 13"
2024,"biomass_depletion","all",0.327237055309957,"ratio","Illustrative surplus-production biomass_depletion","lower-F-13","lower-F 13"
2024,"fishing_mortality","all",0.04,"per year","Illustrative surplus-production fishing_mortality","lower-F-13","lower-F 13"
2024,"catch","all",40482.9740118254,"t","Illustrative surplus-production catch","lower-F-13","lower-F 13"
2025,"total_biomass","all",1186242.61917323,"t","Illustrative surplus-production total_biomass","lower-F-13","lower-F 13"
2025,"biomass_depletion","all",0.375981645079681,"ratio","Illustrative surplus-production biomass_depletion","lower-F-13","lower-F 13"
2025,"fishing_mortality","all",0.04,"per year","Illustrative surplus-production fishing_mortality","lower-F-13","lower-F 13"
2025,"catch","all",46513.2383991995,"t","Illustrative surplus-production catch","lower-F-13","lower-F 13"
2026,"total_biomass","all",1351889.0491508,"t","Illustrative surplus-production total_biomass","lower-F-13","lower-F 13"
2026,"biomass_depletion","all",0.428483566893911,"ratio","Illustrative surplus-production biomass_depletion","lower-F-13","lower-F 13"
2026,"fishing_mortality","all",0.04,"per year","Illustrative surplus-production fishing_mortality","lower-F-13","lower-F 13"
2026,"catch","all",53008.3278210352,"t","Illustrative surplus-production catch","lower-F-13","lower-F 13"
2027,"total_biomass","all",1531195.44820345,"t","Illustrative surplus-production total_biomass","lower-F-13","lower-F 13"
2027,"biomass_depletion","all",0.485315039477585,"ratio","Illustrative surplus-production biomass_depletion","lower-F-13","lower-F 13"
2027,"fishing_mortality","all",0.04,"per year","Illustrative surplus-production fishing_mortality","lower-F-13","lower-F 13"
2027,"catch","all",60039.0322914671,"t","Illustrative surplus-production catch","lower-F-13","lower-F 13"
2028,"total_biomass","all",1695447.80628906,"t","Illustrative surplus-production total_biomass","lower-F-13","lower-F 13"
2028,"biomass_depletion","all",0.537375107800107,"ratio","Illustrative surplus-production biomass_depletion","lower-F-13","lower-F 13"
2028,"fishing_mortality","all",0.04,"per year","Illustrative surplus-production fishing_mortality","lower-F-13","lower-F 13"
2028,"catch","all",66479.4593725574,"t","Illustrative surplus-production catch","lower-F-13","lower-F 13"
2029,"total_biomass","all",1867243.90217552,"t","Illustrative surplus-production total_biomass","lower-F-13","lower-F 13"
2029,"biomass_depletion","all",0.591826176835776,"ratio","Illustrative surplus-production biomass_depletion","lower-F-13","lower-F 13"
2029,"fishing_mortality","all",0.04,"per year","Illustrative surplus-production fishing_mortality","lower-F-13","lower-F 13"
2029,"catch","all",73215.6806437065,"t","Illustrative surplus-production catch","lower-F-13","lower-F 13"
2030,"total_biomass","all",2071822.28110593,"t","Illustrative surplus-production total_biomass","lower-F-13","lower-F 13"
2030,"biomass_depletion","all",0.656667647050022,"ratio","Illustrative surplus-production biomass_depletion","lower-F-13","lower-F 13"
2030,"fishing_mortality","all",0.04,"per year","Illustrative surplus-production fishing_mortality","lower-F-13","lower-F 13"
2030,"catch","all",81237.3136188764,"t","Illustrative surplus-production catch","lower-F-13","lower-F 13"
2031,"total_biomass","all",2196821.64622524,"t","Illustrative surplus-production total_biomass","lower-F-13","lower-F 13"
2031,"biomass_depletion","all",0.696286411518484,"ratio","Illustrative surplus-production biomass_depletion","lower-F-13","lower-F 13"
2031,"fishing_mortality","all",0.04,"per year","Illustrative surplus-production fishing_mortality","lower-F-13","lower-F 13"
2031,"catch","all",86138.6088308083,"t","Illustrative surplus-production catch","lower-F-13","lower-F 13"
2032,"total_biomass","all",2311794.97732509,"t","Illustrative surplus-production total_biomass","lower-F-13","lower-F 13"
2032,"biomass_depletion","all",0.732727407203954,"ratio","Illustrative surplus-production biomass_depletion","lower-F-13","lower-F 13"
2032,"fishing_mortality","all",0.04,"per year","Illustrative surplus-production fishing_mortality","lower-F-13","lower-F 13"
2032,"catch","all",90646.777625759,"t","Illustrative surplus-production catch","lower-F-13","lower-F 13"
2033,"total_biomass","all",2395278.73863536,"t","Illustrative surplus-production total_biomass","lower-F-13","lower-F 13"
2033,"biomass_depletion","all",0.759187729407477,"ratio","Illustrative surplus-production biomass_depletion","lower-F-13","lower-F 13"
2033,"fishing_mortality","all",0.04,"per year","Illustrative surplus-production fishing_mortality","lower-F-13","lower-F 13"
2033,"catch","all",93920.2227284083,"t","Illustrative surplus-production catch","lower-F-13","lower-F 13"
2034,"total_biomass","all",2489463.75709049,"t","Illustrative surplus-production total_biomass","lower-F-13","lower-F 13"
2034,"biomass_depletion","all",0.789039833528724,"ratio","Illustrative surplus-production biomass_depletion","lower-F-13","lower-F 13"
2034,"fishing_mortality","all",0.04,"per year","Illustrative surplus-production fishing_mortality","lower-F-13","lower-F 13"
2034,"catch","all",97613.2701254828,"t","Illustrative surplus-production catch","lower-F-13","lower-F 13"
2035,"total_biomass","all",2534156.30735739,"t","Illustrative surplus-production total_biomass","lower-F-13","lower-F 13"
2035,"biomass_depletion","all",0.803205214455491,"ratio","Illustrative surplus-production biomass_depletion","lower-F-13","lower-F 13"
2035,"fishing_mortality","all",0.04,"per year","Illustrative surplus-production fishing_mortality","lower-F-13","lower-F 13"
2035,"catch","all",99365.6900871608,"t","Illustrative surplus-production catch","lower-F-13","lower-F 13"
2036,"total_biomass","all",2578925.08179391,"t","Illustrative surplus-production total_biomass","lower-F-13","lower-F 13"
2036,"biomass_depletion","all",0.81739475476435,"ratio","Illustrative surplus-production biomass_depletion","lower-F-13","lower-F 13"
2036,"fishing_mortality","all",0.04,"per year","Illustrative surplus-production fishing_mortality","lower-F-13","lower-F 13"
2036,"catch","all",101121.09884128,"t","Illustrative surplus-production catch","lower-F-13","lower-F 13"
2037,"total_biomass","all",2621653.66157878,"t","Illustrative surplus-production total_biomass","lower-F-13","lower-F 13"
2037,"biomass_depletion","all",0.830937651857888,"ratio","Illustrative surplus-production biomass_depletion","lower-F-13","lower-F 13"
2037,"fishing_mortality","all",0.04,"per year","Illustrative surplus-production fishing_mortality","lower-F-13","lower-F 13"
2037,"catch","all",102796.510418869,"t","Illustrative surplus-production catch","lower-F-13","lower-F 13"
2038,"total_biomass","all",2660837.62958469,"t","Illustrative surplus-production total_biomass","lower-F-13","lower-F 13"
2038,"biomass_depletion","all",0.843357078131646,"ratio","Illustrative surplus-production biomass_depletion","lower-F-13","lower-F 13"
2038,"fishing_mortality","all",0.04,"per year","Illustrative surplus-production fishing_mortality","lower-F-13","lower-F 13"
2038,"catch","all",104332.935780619,"t","Illustrative surplus-production catch","lower-F-13","lower-F 13"
2039,"total_biomass","all",2683695.92171767,"t","Illustrative surplus-production total_biomass","lower-F-13","lower-F 13"
2039,"biomass_depletion","all",0.850602053266546,"ratio","Illustrative surplus-production biomass_depletion","lower-F-13","lower-F 13"
2039,"fishing_mortality","all",0.04,"per year","Illustrative surplus-production fishing_mortality","lower-F-13","lower-F 13"
2039,"catch","all",105229.222235173,"t","Illustrative surplus-production catch","lower-F-13","lower-F 13"
2040,"total_biomass","all",2704709.24395109,"t","Illustrative surplus-production total_biomass","lower-F-13","lower-F 13"
2040,"biomass_depletion","all",0.857262262008177,"ratio","Illustrative surplus-production biomass_depletion","lower-F-13","lower-F 13"
2040,"fishing_mortality","all",0.04,"per year","Illustrative surplus-production fishing_mortality","lower-F-13","lower-F 13"
2040,"catch","all",106053.166385218,"t","Illustrative surplus-production catch","lower-F-13","lower-F 13"
2041,"total_biomass","all",2701884.23653767,"t","Illustrative surplus-production total_biomass","lower-F-13","lower-F 13"
2041,"biomass_depletion","all",0.856366871033775,"ratio","Illustrative surplus-production biomass_depletion","lower-F-13","lower-F 13"
2041,"fishing_mortality","all",0.04,"per year","Illustrative surplus-production fishing_mortality","lower-F-13","lower-F 13"
2041,"catch","all",105942.396260139,"t","Illustrative surplus-production catch","lower-F-13","lower-F 13"
2042,"total_biomass","all",2706761.53793622,"t","Illustrative surplus-production total_biomass","lower-F-13","lower-F 13"
2042,"biomass_depletion","all",0.857912740128121,"ratio","Illustrative surplus-production biomass_depletion","lower-F-13","lower-F 13"
2042,"fishing_mortality","all",0.04,"per year","Illustrative surplus-production fishing_mortality","lower-F-13","lower-F 13"
2042,"catch","all",106133.6379834,"t","Illustrative surplus-production catch","lower-F-13","lower-F 13"
2043,"total_biomass","all",2714803.51313464,"t","Illustrative surplus-production total_biomass","lower-F-13","lower-F 13"
2043,"biomass_depletion","all",0.860461658044171,"ratio","Illustrative surplus-production biomass_depletion","lower-F-13","lower-F 13"
2043,"fishing_mortality","all",0.04,"per year","Illustrative surplus-production fishing_mortality","lower-F-13","lower-F 13"
2043,"catch","all",106448.968341253,"t","Illustrative surplus-production catch","lower-F-13","lower-F 13"
2044,"total_biomass","all",2731581.84719076,"t","Illustrative surplus-production total_biomass","lower-F-13","lower-F 13"
2044,"biomass_depletion","all",0.865779579975276,"ratio","Illustrative surplus-production biomass_depletion","lower-F-13","lower-F 13"
2044,"fishing_mortality","all",0.04,"per year","Illustrative surplus-production fishing_mortality","lower-F-13","lower-F 13"
2044,"catch","all",107106.856229683,"t","Illustrative surplus-production catch","lower-F-13","lower-F 13"
2045,"total_biomass","all",2733981.80992888,"t","Illustrative surplus-production total_biomass","lower-F-13","lower-F 13"
2045,"biomass_depletion","all",0.866540252306404,"ratio","Illustrative surplus-production biomass_depletion","lower-F-13","lower-F 13"
2045,"fishing_mortality","all",0.04,"per year","Illustrative surplus-production fishing_mortality","lower-F-13","lower-F 13"
2045,"catch","all",107200.960114658,"t","Illustrative surplus-production catch","lower-F-13","lower-F 13"
2046,"total_biomass","all",2733754.22821697,"t","Illustrative surplus-production total_biomass","lower-F-13","lower-F 13"
2046,"biomass_depletion","all",0.866468119890108,"ratio","Illustrative surplus-production biomass_depletion","lower-F-13","lower-F 13"
2046,"fishing_mortality","all",0.04,"per year","Illustrative surplus-production fishing_mortality","lower-F-13","lower-F 13"
2046,"catch","all",107192.036508095,"t","Illustrative surplus-production catch","lower-F-13","lower-F 13"
2047,"total_biomass","all",2736413.19022211,"t","Illustrative surplus-production total_biomass","lower-F-13","lower-F 13"
2047,"biomass_depletion","all",0.867310882485835,"ratio","Illustrative surplus-production biomass_depletion","lower-F-13","lower-F 13"
2047,"fishing_mortality","all",0.04,"per year","Illustrative surplus-production fishing_mortality","lower-F-13","lower-F 13"
2047,"catch","all",107296.295899589,"t","Illustrative surplus-production catch","lower-F-13","lower-F 13"
2048,"total_biomass","all",2728649.03412847,"t","Illustrative surplus-production total_biomass","lower-F-13","lower-F 13"
2048,"biomass_depletion","all",0.864850019814439,"ratio","Illustrative surplus-production biomass_depletion","lower-F-13","lower-F 13"
2048,"fishing_mortality","all",0.04,"per year","Illustrative surplus-production fishing_mortality","lower-F-13","lower-F 13"
2048,"catch","all",106991.858984649,"t","Illustrative surplus-production catch","lower-F-13","lower-F 13"
2049,"total_biomass","all",2720091.11553785,"t","Illustrative surplus-production total_biomass","lower-F-13","lower-F 13"
2049,"biomass_depletion","all",0.862137572749942,"ratio","Illustrative surplus-production biomass_depletion","lower-F-13","lower-F 13"
2049,"fishing_mortality","all",0.04,"per year","Illustrative surplus-production fishing_mortality","lower-F-13","lower-F 13"
2049,"catch","all",106656.298197022,"t","Illustrative surplus-production catch","lower-F-13","lower-F 13"
2050,"total_biomass","all",2729491.28270742,"t","Illustrative surplus-production total_biomass","lower-F-13","lower-F 13"
2050,"biomass_depletion","all",0.865116971954888,"ratio","Illustrative surplus-production biomass_depletion","lower-F-13","lower-F 13"
2050,"fishing_mortality","all",0.04,"per year","Illustrative surplus-production fishing_mortality","lower-F-13","lower-F 13"
2050,"catch","all",107024.884023803,"t","Illustrative surplus-production catch","lower-F-13","lower-F 13"
2051,"total_biomass","all",2724851.79136661,"t","Illustrative surplus-production total_biomass","lower-F-13","lower-F 13"
2051,"biomass_depletion","all",0.863646477168697,"ratio","Illustrative surplus-production biomass_depletion","lower-F-13","lower-F 13"
2051,"fishing_mortality","all",0.04,"per year","Illustrative surplus-production fishing_mortality","lower-F-13","lower-F 13"
2051,"catch","all",106842.966966281,"t","Illustrative surplus-production catch","lower-F-13","lower-F 13"
2052,"total_biomass","all",2731716.31343387,"t","Illustrative surplus-production total_biomass","lower-F-13","lower-F 13"
2052,"biomass_depletion","all",0.865822199283059,"ratio","Illustrative surplus-production biomass_depletion","lower-F-13","lower-F 13"
2052,"fishing_mortality","all",0.04,"per year","Illustrative surplus-production fishing_mortality","lower-F-13","lower-F 13"
2052,"catch","all",107112.12872649,"t","Illustrative surplus-production catch","lower-F-13","lower-F 13"
2023,"total_biomass","all",902918.314809643,"t","Illustrative surplus-production total_biomass","lower-F-14","lower-F 14"
2023,"biomass_depletion","all",0.286181517918576,"ratio","Illustrative surplus-production biomass_depletion","lower-F-14","lower-F 14"
2023,"fishing_mortality","all",0.04,"per year","Illustrative surplus-production fishing_mortality","lower-F-14","lower-F 14"
2023,"catch","all",35403.9335233253,"t","Illustrative surplus-production catch","lower-F-14","lower-F 14"
2024,"total_biomass","all",1049269.93137563,"t","Illustrative surplus-production total_biomass","lower-F-14","lower-F 14"
2024,"biomass_depletion","all",0.332567915327649,"ratio","Illustrative surplus-production biomass_depletion","lower-F-14","lower-F 14"
2024,"fishing_mortality","all",0.04,"per year","Illustrative surplus-production fishing_mortality","lower-F-14","lower-F 14"
2024,"catch","all",41142.4624898417,"t","Illustrative surplus-production catch","lower-F-14","lower-F 14"
2025,"total_biomass","all",1218560.7330047,"t","Illustrative surplus-production total_biomass","lower-F-14","lower-F 14"
2025,"biomass_depletion","all",0.386224927025405,"ratio","Illustrative surplus-production biomass_depletion","lower-F-14","lower-F 14"
2025,"fishing_mortality","all",0.04,"per year","Illustrative surplus-production fishing_mortality","lower-F-14","lower-F 14"
2025,"catch","all",47780.4497680703,"t","Illustrative surplus-production catch","lower-F-14","lower-F 14"
2026,"total_biomass","all",1374972.66653175,"t","Illustrative surplus-production total_biomass","lower-F-14","lower-F 14"
2026,"biomass_depletion","all",0.435799959254968,"ratio","Illustrative surplus-production biomass_depletion","lower-F-14","lower-F 14"
2026,"fishing_mortality","all",0.04,"per year","Illustrative surplus-production fishing_mortality","lower-F-14","lower-F 14"
2026,"catch","all",53913.4494049355,"t","Illustrative surplus-production catch","lower-F-14","lower-F 14"
2027,"total_biomass","all",1550039.15273392,"t","Illustrative surplus-production total_biomass","lower-F-14","lower-F 14"
2027,"biomass_depletion","all",0.491287584144459,"ratio","Illustrative surplus-production biomass_depletion","lower-F-14","lower-F 14"
2027,"fishing_mortality","all",0.04,"per year","Illustrative surplus-production fishing_mortality","lower-F-14","lower-F 14"
2027,"catch","all",60777.9045145547,"t","Illustrative surplus-production catch","lower-F-14","lower-F 14"
2028,"total_biomass","all",1729446.39933126,"t","Illustrative surplus-production total_biomass","lower-F-14","lower-F 14"
2028,"biomass_depletion","all",0.548151020531442,"ratio","Illustrative surplus-production biomass_depletion","lower-F-14","lower-F 14"
2028,"fishing_mortality","all",0.04,"per year","Illustrative surplus-production fishing_mortality","lower-F-14","lower-F 14"
2028,"catch","all",67812.5632737741,"t","Illustrative surplus-production catch","lower-F-14","lower-F 14"
2029,"total_biomass","all",1927342.02339987,"t","Illustrative surplus-production total_biomass","lower-F-14","lower-F 14"
2029,"biomass_depletion","all",0.610874380060746,"ratio","Illustrative surplus-production biomass_depletion","lower-F-14","lower-F 14"
2029,"fishing_mortality","all",0.04,"per year","Illustrative surplus-production fishing_mortality","lower-F-14","lower-F 14"
2029,"catch","all",75572.1616828052,"t","Illustrative surplus-production catch","lower-F-14","lower-F 14"
2030,"total_biomass","all",2064483.69854749,"t","Illustrative surplus-production total_biomass","lower-F-14","lower-F 14"
2030,"biomass_depletion","all",0.654341670644963,"ratio","Illustrative surplus-production biomass_depletion","lower-F-14","lower-F 14"
2030,"fishing_mortality","all",0.04,"per year","Illustrative surplus-production fishing_mortality","lower-F-14","lower-F 14"
2030,"catch","all",80949.5636809333,"t","Illustrative surplus-production catch","lower-F-14","lower-F 14"
2031,"total_biomass","all",2204734.71238707,"t","Illustrative surplus-production total_biomass","lower-F-14","lower-F 14"
2031,"biomass_depletion","all",0.698794471492946,"ratio","Illustrative surplus-production biomass_depletion","lower-F-14","lower-F 14"
2031,"fishing_mortality","all",0.04,"per year","Illustrative surplus-production fishing_mortality","lower-F-14","lower-F 14"
2031,"catch","all",86448.8845930385,"t","Illustrative surplus-production catch","lower-F-14","lower-F 14"
2032,"total_biomass","all",2328384.59244535,"t","Illustrative surplus-production total_biomass","lower-F-14","lower-F 14"
2032,"biomass_depletion","all",0.737985514342696,"ratio","Illustrative surplus-production biomass_depletion","lower-F-14","lower-F 14"
2032,"fishing_mortality","all",0.04,"per year","Illustrative surplus-production fishing_mortality","lower-F-14","lower-F 14"
2032,"catch","all",91297.2657388716,"t","Illustrative surplus-production catch","lower-F-14","lower-F 14"
2033,"total_biomass","all",2456948.50192047,"t","Illustrative surplus-production total_biomass","lower-F-14","lower-F 14"
2033,"biomass_depletion","all",0.778734067295563,"ratio","Illustrative surplus-production biomass_depletion","lower-F-14","lower-F 14"
2033,"fishing_mortality","all",0.04,"per year","Illustrative surplus-production fishing_mortality","lower-F-14","lower-F 14"
2033,"catch","all",96338.3287341608,"t","Illustrative surplus-production catch","lower-F-14","lower-F 14"
2034,"total_biomass","all",2547918.82415902,"t","Illustrative surplus-production total_biomass","lower-F-14","lower-F 14"
2034,"biomass_depletion","all",0.807567267903815,"ratio","Illustrative surplus-production biomass_depletion","lower-F-14","lower-F 14"
2034,"fishing_mortality","all",0.04,"per year","Illustrative surplus-production fishing_mortality","lower-F-14","lower-F 14"
2034,"catch","all",99905.3260896283,"t","Illustrative surplus-production catch","lower-F-14","lower-F 14"
2035,"total_biomass","all",2605585.24480165,"t","Illustrative surplus-production total_biomass","lower-F-14","lower-F 14"
2035,"biomass_depletion","all",0.825844739433359,"ratio","Illustrative surplus-production biomass_depletion","lower-F-14","lower-F 14"
2035,"fishing_mortality","all",0.04,"per year","Illustrative surplus-production fishing_mortality","lower-F-14","lower-F 14"
2035,"catch","all",102166.458785104,"t","Illustrative surplus-production catch","lower-F-14","lower-F 14"
2036,"total_biomass","all",2654356.1256803,"t","Illustrative surplus-production total_biomass","lower-F-14","lower-F 14"
2036,"biomass_depletion","all",0.841302754284926,"ratio","Illustrative surplus-production biomass_depletion","lower-F-14","lower-F 14"
2036,"fishing_mortality","all",0.04,"per year","Illustrative surplus-production fishing_mortality","lower-F-14","lower-F 14"
2036,"catch","all",104078.792377391,"t","Illustrative surplus-production catch","lower-F-14","lower-F 14"
2037,"total_biomass","all",2672773.99890699,"t","Illustrative surplus-production total_biomass","lower-F-14","lower-F 14"
2037,"biomass_depletion","all",0.84714033098527,"ratio","Illustrative surplus-production biomass_depletion","lower-F-14","lower-F 14"
2037,"fishing_mortality","all",0.04,"per year","Illustrative surplus-production fishing_mortality","lower-F-14","lower-F 14"
2037,"catch","all",104800.967516231,"t","Illustrative surplus-production catch","lower-F-14","lower-F 14"
2038,"total_biomass","all",2700985.00986702,"t","Illustrative surplus-production total_biomass","lower-F-14","lower-F 14"
2038,"biomass_depletion","all",0.85608185958884,"ratio","Illustrative surplus-production biomass_depletion","lower-F-14","lower-F 14"
2038,"fishing_mortality","all",0.04,"per year","Illustrative surplus-production fishing_mortality","lower-F-14","lower-F 14"
2038,"catch","all",105907.137078053,"t","Illustrative surplus-production catch","lower-F-14","lower-F 14"
2039,"total_biomass","all",2705696.89210245,"t","Illustrative surplus-production total_biomass","lower-F-14","lower-F 14"
2039,"biomass_depletion","all",0.857575298793997,"ratio","Illustrative surplus-production biomass_depletion","lower-F-14","lower-F 14"
2039,"fishing_mortality","all",0.04,"per year","Illustrative surplus-production fishing_mortality","lower-F-14","lower-F 14"
2039,"catch","all",106091.892623153,"t","Illustrative surplus-production catch","lower-F-14","lower-F 14"
2040,"total_biomass","all",2721048.50406121,"t","Illustrative surplus-production total_biomass","lower-F-14","lower-F 14"
2040,"biomass_depletion","all",0.862441018694451,"ratio","Illustrative surplus-production biomass_depletion","lower-F-14","lower-F 14"
2040,"fishing_mortality","all",0.04,"per year","Illustrative surplus-production fishing_mortality","lower-F-14","lower-F 14"
2040,"catch","all",106693.837937972,"t","Illustrative surplus-production catch","lower-F-14","lower-F 14"
2041,"total_biomass","all",2727339.98954411,"t","Illustrative surplus-production total_biomass","lower-F-14","lower-F 14"
2041,"biomass_depletion","all",0.864435115874592,"ratio","Illustrative surplus-production biomass_depletion","lower-F-14","lower-F 14"
2041,"fishing_mortality","all",0.04,"per year","Illustrative surplus-production fishing_mortality","lower-F-14","lower-F 14"
2041,"catch","all",106940.530612322,"t","Illustrative surplus-production catch","lower-F-14","lower-F 14"
2042,"total_biomass","all",2726556.09609212,"t","Illustrative surplus-production total_biomass","lower-F-14","lower-F 14"
2042,"biomass_depletion","all",0.864186659492328,"ratio","Illustrative surplus-production biomass_depletion","lower-F-14","lower-F 14"
2042,"fishing_mortality","all",0.04,"per year","Illustrative surplus-production fishing_mortality","lower-F-14","lower-F 14"
2042,"catch","all",106909.793710424,"t","Illustrative surplus-production catch","lower-F-14","lower-F 14"
2043,"total_biomass","all",2734056.67839094,"t","Illustrative surplus-production total_biomass","lower-F-14","lower-F 14"
2043,"biomass_depletion","all",0.866563981994643,"ratio","Illustrative surplus-production biomass_depletion","lower-F-14","lower-F 14"
2043,"fishing_mortality","all",0.04,"per year","Illustrative surplus-production fishing_mortality","lower-F-14","lower-F 14"
2043,"catch","all",107203.895749045,"t","Illustrative surplus-production catch","lower-F-14","lower-F 14"
2044,"total_biomass","all",2743682.76447702,"t","Illustrative surplus-production total_biomass","lower-F-14","lower-F 14"
2044,"biomass_depletion","all",0.869614986590015,"ratio","Illustrative surplus-production biomass_depletion","lower-F-14","lower-F 14"
2044,"fishing_mortality","all",0.04,"per year","Illustrative surplus-production fishing_mortality","lower-F-14","lower-F 14"
2044,"catch","all",107581.339983248,"t","Illustrative surplus-production catch","lower-F-14","lower-F 14"
2045,"total_biomass","all",2748629.12280932,"t","Illustrative surplus-production total_biomass","lower-F-14","lower-F 14"
2045,"biomass_depletion","all",0.871182743398675,"ratio","Illustrative surplus-production biomass_depletion","lower-F-14","lower-F 14"
2045,"fishing_mortality","all",0.04,"per year","Illustrative surplus-production fishing_mortality","lower-F-14","lower-F 14"
2045,"catch","all",107775.289467611,"t","Illustrative surplus-production catch","lower-F-14","lower-F 14"
2046,"total_biomass","all",2737749.79114201,"t","Illustrative surplus-production total_biomass","lower-F-14","lower-F 14"
2046,"biomass_depletion","all",0.867734520453784,"ratio","Illustrative surplus-production biomass_depletion","lower-F-14","lower-F 14"
2046,"fishing_mortality","all",0.04,"per year","Illustrative surplus-production fishing_mortality","lower-F-14","lower-F 14"
2046,"catch","all",107348.704771288,"t","Illustrative surplus-production catch","lower-F-14","lower-F 14"
2047,"total_biomass","all",2725708.92244787,"t","Illustrative surplus-production total_biomass","lower-F-14","lower-F 14"
2047,"biomass_depletion","all",0.863918146343935,"ratio","Illustrative surplus-production biomass_depletion","lower-F-14","lower-F 14"
2047,"fishing_mortality","all",0.04,"per year","Illustrative surplus-production fishing_mortality","lower-F-14","lower-F 14"
2047,"catch","all",106876.575556698,"t","Illustrative surplus-production catch","lower-F-14","lower-F 14"
2048,"total_biomass","all",2727874.89767477,"t","Illustrative surplus-production total_biomass","lower-F-14","lower-F 14"
2048,"biomass_depletion","all",0.864604655929619,"ratio","Illustrative surplus-production biomass_depletion","lower-F-14","lower-F 14"
2048,"fishing_mortality","all",0.04,"per year","Illustrative surplus-production fishing_mortality","lower-F-14","lower-F 14"
2048,"catch","all",106961.504660126,"t","Illustrative surplus-production catch","lower-F-14","lower-F 14"
2049,"total_biomass","all",2721093.20361134,"t","Illustrative surplus-production total_biomass","lower-F-14","lower-F 14"
2049,"biomass_depletion","all",0.862455186293997,"ratio","Illustrative surplus-production biomass_depletion","lower-F-14","lower-F 14"
2049,"fishing_mortality","all",0.04,"per year","Illustrative surplus-production fishing_mortality","lower-F-14","lower-F 14"
2049,"catch","all",106695.590632402,"t","Illustrative surplus-production catch","lower-F-14","lower-F 14"
2050,"total_biomass","all",2726411.60989476,"t","Illustrative surplus-production total_biomass","lower-F-14","lower-F 14"
2050,"biomass_depletion","all",0.864140864342757,"ratio","Illustrative surplus-production biomass_depletion","lower-F-14","lower-F 14"
2050,"fishing_mortality","all",0.04,"per year","Illustrative surplus-production fishing_mortality","lower-F-14","lower-F 14"
2050,"catch","all",106904.128325591,"t","Illustrative surplus-production catch","lower-F-14","lower-F 14"
2051,"total_biomass","all",2730111.27822289,"t","Illustrative surplus-production total_biomass","lower-F-14","lower-F 14"
2051,"biomass_depletion","all",0.865313480603355,"ratio","Illustrative surplus-production biomass_depletion","lower-F-14","lower-F 14"
2051,"fishing_mortality","all",0.04,"per year","Illustrative surplus-production fishing_mortality","lower-F-14","lower-F 14"
2051,"catch","all",107049.194395687,"t","Illustrative surplus-production catch","lower-F-14","lower-F 14"
2052,"total_biomass","all",2728704.35071939,"t","Illustrative surplus-production total_biomass","lower-F-14","lower-F 14"
2052,"biomass_depletion","all",0.864867552503384,"ratio","Illustrative surplus-production biomass_depletion","lower-F-14","lower-F 14"
2052,"fishing_mortality","all",0.04,"per year","Illustrative surplus-production fishing_mortality","lower-F-14","lower-F 14"
2052,"catch","all",106994.027979203,"t","Illustrative surplus-production catch","lower-F-14","lower-F 14"
2023,"total_biomass","all",902918.314809643,"t","Illustrative surplus-production total_biomass","lower-F-15","lower-F 15"
2023,"biomass_depletion","all",0.286181517918576,"ratio","Illustrative surplus-production biomass_depletion","lower-F-15","lower-F 15"
2023,"fishing_mortality","all",0.04,"per year","Illustrative surplus-production fishing_mortality","lower-F-15","lower-F 15"
2023,"catch","all",35403.9335233253,"t","Illustrative surplus-production catch","lower-F-15","lower-F 15"
2024,"total_biomass","all",1053388.69135434,"t","Illustrative surplus-production total_biomass","lower-F-15","lower-F 15"
2024,"biomass_depletion","all",0.333873363410068,"ratio","Illustrative surplus-production biomass_depletion","lower-F-15","lower-F 15"
2024,"fishing_mortality","all",0.04,"per year","Illustrative surplus-production fishing_mortality","lower-F-15","lower-F 15"
2024,"catch","all",41303.9613786039,"t","Illustrative surplus-production catch","lower-F-15","lower-F 15"
2025,"total_biomass","all",1214805.97391216,"t","Illustrative surplus-production total_biomass","lower-F-15","lower-F 15"
2025,"biomass_depletion","all",0.385034849651962,"ratio","Illustrative surplus-production biomass_depletion","lower-F-15","lower-F 15"
2025,"fishing_mortality","all",0.04,"per year","Illustrative surplus-production fishing_mortality","lower-F-15","lower-F 15"
2025,"catch","all",47633.2235582038,"t","Illustrative surplus-production catch","lower-F-15","lower-F 15"
2026,"total_biomass","all",1362778.10122257,"t","Illustrative surplus-production total_biomass","lower-F-15","lower-F 15"
2026,"biomass_depletion","all",0.43193487073777,"ratio","Illustrative surplus-production biomass_depletion","lower-F-15","lower-F 15"
2026,"fishing_mortality","all",0.04,"per year","Illustrative surplus-production fishing_mortality","lower-F-15","lower-F 15"
2026,"catch","all",53435.2936598689,"t","Illustrative surplus-production catch","lower-F-15","lower-F 15"
2027,"total_biomass","all",1552163.55176185,"t","Illustrative surplus-production total_biomass","lower-F-15","lower-F 15"
2027,"biomass_depletion","all",0.491960916082139,"ratio","Illustrative surplus-production biomass_depletion","lower-F-15","lower-F 15"
2027,"fishing_mortality","all",0.04,"per year","Illustrative surplus-production fishing_mortality","lower-F-15","lower-F 15"
2027,"catch","all",60861.2033919041,"t","Illustrative surplus-production catch","lower-F-15","lower-F 15"
2028,"total_biomass","all",1723994.96181358,"t","Illustrative surplus-production total_biomass","lower-F-15","lower-F 15"
2028,"biomass_depletion","all",0.546423178003431,"ratio","Illustrative surplus-production biomass_depletion","lower-F-15","lower-F 15"
2028,"fishing_mortality","all",0.04,"per year","Illustrative surplus-production fishing_mortality","lower-F-15","lower-F 15"
2028,"catch","all",67598.8093512797,"t","Illustrative surplus-production catch","lower-F-15","lower-F 15"
2029,"total_biomass","all",1891277.32046063,"t","Illustrative surplus-production total_biomass","lower-F-15","lower-F 15"
2029,"biomass_depletion","all",0.599443610232347,"ratio","Illustrative surplus-production biomass_depletion","lower-F-15","lower-F 15"
2029,"fishing_mortality","all",0.04,"per year","Illustrative surplus-production fishing_mortality","lower-F-15","lower-F 15"
2029,"catch","all",74158.0444537527,"t","Illustrative surplus-production catch","lower-F-15","lower-F 15"
2030,"total_biomass","all",2054758.37388778,"t","Illustrative surplus-production total_biomass","lower-F-15","lower-F 15"
2030,"biomass_depletion","all",0.651259212212436,"ratio","Illustrative surplus-production biomass_depletion","lower-F-15","lower-F 15"
2030,"fishing_mortality","all",0.04,"per year","Illustrative surplus-production fishing_mortality","lower-F-15","lower-F 15"
2030,"catch","all",80568.2282466002,"t","Illustrative surplus-production catch","lower-F-15","lower-F 15"
2031,"total_biomass","all",2209330.04882441,"t","Illustrative surplus-production total_biomass","lower-F-15","lower-F 15"
2031,"biomass_depletion","all",0.700250971306287,"ratio","Illustrative surplus-production biomass_depletion","lower-F-15","lower-F 15"
2031,"fishing_mortality","all",0.04,"per year","Illustrative surplus-production fishing_mortality","lower-F-15","lower-F 15"
2031,"catch","all",86629.0703120301,"t","Illustrative surplus-production catch","lower-F-15","lower-F 15"
2032,"total_biomass","all",2301056.45679632,"t","Illustrative surplus-production total_biomass","lower-F-15","lower-F 15"
2032,"biomass_depletion","all",0.729323814592399,"ratio","Illustrative surplus-production biomass_depletion","lower-F-15","lower-F 15"
2032,"fishing_mortality","all",0.04,"per year","Illustrative surplus-production fishing_mortality","lower-F-15","lower-F 15"
2032,"catch","all",90225.7142131516,"t","Illustrative surplus-production catch","lower-F-15","lower-F 15"
2033,"total_biomass","all",2435211.81992169,"t","Illustrative surplus-production total_biomass","lower-F-15","lower-F 15"
2033,"biomass_depletion","all",0.771844588428103,"ratio","Illustrative surplus-production biomass_depletion","lower-F-15","lower-F 15"
2033,"fishing_mortality","all",0.04,"per year","Illustrative surplus-production fishing_mortality","lower-F-15","lower-F 15"
2033,"catch","all",95486.0212420211,"t","Illustrative surplus-production catch","lower-F-15","lower-F 15"
2034,"total_biomass","all",2497155.62503925,"t","Illustrative surplus-production total_biomass","lower-F-15","lower-F 15"
2034,"biomass_depletion","all",0.791477784347861,"ratio","Illustrative surplus-production biomass_depletion","lower-F-15","lower-F 15"
2034,"fishing_mortality","all",0.04,"per year","Illustrative surplus-production fishing_mortality","lower-F-15","lower-F 15"
2034,"catch","all",97914.8725817198,"t","Illustrative surplus-production catch","lower-F-15","lower-F 15"
2035,"total_biomass","all",2556075.21122521,"t","Illustrative surplus-production total_biomass","lower-F-15","lower-F 15"
2035,"biomass_depletion","all",0.810152448858778,"ratio","Illustrative surplus-production biomass_depletion","lower-F-15","lower-F 15"
2035,"fishing_mortality","all",0.04,"per year","Illustrative surplus-production fishing_mortality","lower-F-15","lower-F 15"
2035,"catch","all",100225.142600984,"t","Illustrative surplus-production catch","lower-F-15","lower-F 15"
2036,"total_biomass","all",2607447.69835607,"t","Illustrative surplus-production total_biomass","lower-F-15","lower-F 15"
2036,"biomass_depletion","all",0.826435047301209,"ratio","Illustrative surplus-production biomass_depletion","lower-F-15","lower-F 15"
2036,"fishing_mortality","all",0.04,"per year","Illustrative surplus-production fishing_mortality","lower-F-15","lower-F 15"
2036,"catch","all",102239.486633525,"t","Illustrative surplus-production catch","lower-F-15","lower-F 15"
2037,"total_biomass","all",2635494.33860612,"t","Illustrative surplus-production total_biomass","lower-F-15","lower-F 15"
2037,"biomass_depletion","all",0.835324478324621,"ratio","Illustrative surplus-production biomass_depletion","lower-F-15","lower-F 15"
2037,"fishing_mortality","all",0.04,"per year","Illustrative surplus-production fishing_mortality","lower-F-15","lower-F 15"
2037,"catch","all",103339.211127623,"t","Illustrative surplus-production catch","lower-F-15","lower-F 15"
2038,"total_biomass","all",2674150.77153534,"t","Illustrative surplus-production total_biomass","lower-F-15","lower-F 15"
2038,"biomass_depletion","all",0.847576701445529,"ratio","Illustrative surplus-production biomass_depletion","lower-F-15","lower-F 15"
2038,"fishing_mortality","all",0.04,"per year","Illustrative surplus-production fishing_mortality","lower-F-15","lower-F 15"
2038,"catch","all",104854.951543148,"t","Illustrative surplus-production catch","lower-F-15","lower-F 15"
2039,"total_biomass","all",2688082.45771149,"t","Illustrative surplus-production total_biomass","lower-F-15","lower-F 15"
2039,"biomass_depletion","all",0.851992373419018,"ratio","Illustrative surplus-production biomass_depletion","lower-F-15","lower-F 15"
2039,"fishing_mortality","all",0.04,"per year","Illustrative surplus-production fishing_mortality","lower-F-15","lower-F 15"
2039,"catch","all",105401.220771669,"t","Illustrative surplus-production catch","lower-F-15","lower-F 15"
2040,"total_biomass","all",2699687.5095465,"t","Illustrative surplus-production total_biomass","lower-F-15","lower-F 15"
2040,"biomass_depletion","all",0.855670614623337,"ratio","Illustrative surplus-production biomass_depletion","lower-F-15","lower-F 15"
2040,"fishing_mortality","all",0.04,"per year","Illustrative surplus-production fishing_mortality","lower-F-15","lower-F 15"
2040,"catch","all",105856.261362786,"t","Illustrative surplus-production catch","lower-F-15","lower-F 15"
2041,"total_biomass","all",2735164.38836873,"t","Illustrative surplus-production total_biomass","lower-F-15","lower-F 15"
2041,"biomass_depletion","all",0.866915072583524,"ratio","Illustrative surplus-production biomass_depletion","lower-F-15","lower-F 15"
2041,"fishing_mortality","all",0.04,"per year","Illustrative surplus-production fishing_mortality","lower-F-15","lower-F 15"
2041,"catch","all",107247.329678531,"t","Illustrative surplus-production catch","lower-F-15","lower-F 15"
2042,"total_biomass","all",2737160.94721615,"t","Illustrative surplus-production total_biomass","lower-F-15","lower-F 15"
2042,"biomass_depletion","all",0.867547885355397,"ratio","Illustrative surplus-production biomass_depletion","lower-F-15","lower-F 15"
2042,"fishing_mortality","all",0.04,"per year","Illustrative surplus-production fishing_mortality","lower-F-15","lower-F 15"
2042,"catch","all",107325.615870704,"t","Illustrative surplus-production catch","lower-F-15","lower-F 15"
2043,"total_biomass","all",2742144.54198782,"t","Illustrative surplus-production total_biomass","lower-F-15","lower-F 15"
2043,"biomass_depletion","all",0.869127444317769,"ratio","Illustrative surplus-production biomass_depletion","lower-F-15","lower-F 15"
2043,"fishing_mortality","all",0.04,"per year","Illustrative surplus-production fishing_mortality","lower-F-15","lower-F 15"
2043,"catch","all",107521.025416738,"t","Illustrative surplus-production catch","lower-F-15","lower-F 15"
2044,"total_biomass","all",2725084.44787679,"t","Illustrative surplus-production total_biomass","lower-F-15","lower-F 15"
2044,"biomass_depletion","all",0.863720218051062,"ratio","Illustrative surplus-production biomass_depletion","lower-F-15","lower-F 15"
2044,"fishing_mortality","all",0.04,"per year","Illustrative surplus-production fishing_mortality","lower-F-15","lower-F 15"
2044,"catch","all",106852.08955853,"t","Illustrative surplus-production catch","lower-F-15","lower-F 15"
2045,"total_biomass","all",2730595.39676024,"t","Illustrative surplus-production total_biomass","lower-F-15","lower-F 15"
2045,"biomass_depletion","all",0.865466922809144,"ratio","Illustrative surplus-production biomass_depletion","lower-F-15","lower-F 15"
2045,"fishing_mortality","all",0.04,"per year","Illustrative surplus-production fishing_mortality","lower-F-15","lower-F 15"
2045,"catch","all",107068.176955054,"t","Illustrative surplus-production catch","lower-F-15","lower-F 15"
2046,"total_biomass","all",2733516.996722,"t","Illustrative surplus-production total_biomass","lower-F-15","lower-F 15"
2046,"biomass_depletion","all",0.866392928958421,"ratio","Illustrative surplus-production biomass_depletion","lower-F-15","lower-F 15"
2046,"fishing_mortality","all",0.04,"per year","Illustrative surplus-production fishing_mortality","lower-F-15","lower-F 15"
2046,"catch","all",107182.734528127,"t","Illustrative surplus-production catch","lower-F-15","lower-F 15"
2047,"total_biomass","all",2723108.84135699,"t","Illustrative surplus-production total_biomass","lower-F-15","lower-F 15"
2047,"biomass_depletion","all",0.863094046155583,"ratio","Illustrative surplus-production biomass_depletion","lower-F-15","lower-F 15"
2047,"fishing_mortality","all",0.04,"per year","Illustrative surplus-production fishing_mortality","lower-F-15","lower-F 15"
2047,"catch","all",106774.624918875,"t","Illustrative surplus-production catch","lower-F-15","lower-F 15"
2048,"total_biomass","all",2725664.49225057,"t","Illustrative surplus-production total_biomass","lower-F-15","lower-F 15"
2048,"biomass_depletion","all",0.863904064116234,"ratio","Illustrative surplus-production biomass_depletion","lower-F-15","lower-F 15"
2048,"fishing_mortality","all",0.04,"per year","Illustrative surplus-production fishing_mortality","lower-F-15","lower-F 15"
2048,"catch","all",106874.833423743,"t","Illustrative surplus-production catch","lower-F-15","lower-F 15"
2049,"total_biomass","all",2721948.70150104,"t","Illustrative surplus-production total_biomass","lower-F-15","lower-F 15"
2049,"biomass_depletion","all",0.862726337826349,"ratio","Illustrative surplus-production biomass_depletion","lower-F-15","lower-F 15"
2049,"fishing_mortality","all",0.04,"per year","Illustrative surplus-production fishing_mortality","lower-F-15","lower-F 15"
2049,"catch","all",106729.135184461,"t","Illustrative surplus-production catch","lower-F-15","lower-F 15"
2050,"total_biomass","all",2719097.11473589,"t","Illustrative surplus-production total_biomass","lower-F-15","lower-F 15"
2050,"biomass_depletion","all",0.861822522480554,"ratio","Illustrative surplus-production biomass_depletion","lower-F-15","lower-F 15"
2050,"fishing_mortality","all",0.04,"per year","Illustrative surplus-production fishing_mortality","lower-F-15","lower-F 15"
2050,"catch","all",106617.322868094,"t","Illustrative surplus-production catch","lower-F-15","lower-F 15"
2051,"total_biomass","all",2724163.21116024,"t","Illustrative surplus-production total_biomass","lower-F-15","lower-F 15"
2051,"biomass_depletion","all",0.863428230484103,"ratio","Illustrative surplus-production biomass_depletion","lower-F-15","lower-F 15"
2051,"fishing_mortality","all",0.04,"per year","Illustrative surplus-production fishing_mortality","lower-F-15","lower-F 15"
2051,"catch","all",106815.967350201,"t","Illustrative surplus-production catch","lower-F-15","lower-F 15"
2052,"total_biomass","all",2729410.31392402,"t","Illustrative surplus-production total_biomass","lower-F-15","lower-F 15"
2052,"biomass_depletion","all",0.865091308759272,"ratio","Illustrative surplus-production biomass_depletion","lower-F-15","lower-F 15"
2052,"fishing_mortality","all",0.04,"per year","Illustrative surplus-production fishing_mortality","lower-F-15","lower-F 15"
2052,"catch","all",107021.709192394,"t","Illustrative surplus-production catch","lower-F-15","lower-F 15"
2023,"total_biomass","all",902918.314809643,"t","Illustrative surplus-production total_biomass","lower-F-16","lower-F 16"
2023,"biomass_depletion","all",0.286181517918576,"ratio","Illustrative surplus-production biomass_depletion","lower-F-16","lower-F 16"
2023,"fishing_mortality","all",0.04,"per year","Illustrative surplus-production fishing_mortality","lower-F-16","lower-F 16"
2023,"catch","all",35403.9335233253,"t","Illustrative surplus-production catch","lower-F-16","lower-F 16"
2024,"total_biomass","all",1082132.40854678,"t","Illustrative surplus-production total_biomass","lower-F-16","lower-F 16"
2024,"biomass_depletion","all",0.342983734173218,"ratio","Illustrative surplus-production biomass_depletion","lower-F-16","lower-F 16"
2024,"fishing_mortality","all",0.04,"per year","Illustrative surplus-production fishing_mortality","lower-F-16","lower-F 16"
2024,"catch","all",42431.0186505664,"t","Illustrative surplus-production catch","lower-F-16","lower-F 16"
2025,"total_biomass","all",1243562.1177237,"t","Illustrative surplus-production total_biomass","lower-F-16","lower-F 16"
2025,"biomass_depletion","all",0.39414915905348,"ratio","Illustrative surplus-production biomass_depletion","lower-F-16","lower-F 16"
2025,"fishing_mortality","all",0.04,"per year","Illustrative surplus-production fishing_mortality","lower-F-16","lower-F 16"
2025,"catch","all",48760.7680848708,"t","Illustrative surplus-production catch","lower-F-16","lower-F 16"
2026,"total_biomass","all",1420157.85946993,"t","Illustrative surplus-production total_biomass","lower-F-16","lower-F 16"
2026,"biomass_depletion","all",0.450121484126484,"ratio","Illustrative surplus-production biomass_depletion","lower-F-16","lower-F 16"
2026,"fishing_mortality","all",0.04,"per year","Illustrative surplus-production fishing_mortality","lower-F-16","lower-F 16"
2026,"catch","all",55685.1861620522,"t","Illustrative surplus-production catch","lower-F-16","lower-F 16"
2027,"total_biomass","all",1602240.31595789,"t","Illustrative surplus-production total_biomass","lower-F-16","lower-F 16"
2027,"biomass_depletion","all",0.507832832904531,"ratio","Illustrative surplus-production biomass_depletion","lower-F-16","lower-F 16"
2027,"fishing_mortality","all",0.04,"per year","Illustrative surplus-production fishing_mortality","lower-F-16","lower-F 16"
2027,"catch","all",62824.7414014676,"t","Illustrative surplus-production catch","lower-F-16","lower-F 16"
2028,"total_biomass","all",1790697.13571475,"t","Illustrative surplus-production total_biomass","lower-F-16","lower-F 16"
2028,"biomass_depletion","all",0.567564547120006,"ratio","Illustrative surplus-production biomass_depletion","lower-F-16","lower-F 16"
2028,"fishing_mortality","all",0.04,"per year","Illustrative surplus-production fishing_mortality","lower-F-16","lower-F 16"
2028,"catch","all",70214.2389997039,"t","Illustrative surplus-production catch","lower-F-16","lower-F 16"
2029,"total_biomass","all",1931877.08067712,"t","Illustrative surplus-production total_biomass","lower-F-16","lower-F 16"
2029,"biomass_depletion","all",0.612311774290284,"ratio","Illustrative surplus-production biomass_depletion","lower-F-16","lower-F 16"
2029,"fishing_mortality","all",0.04,"per year","Illustrative surplus-production fishing_mortality","lower-F-16","lower-F 16"
2029,"catch","all",75749.9838221226,"t","Illustrative surplus-production catch","lower-F-16","lower-F 16"
2030,"total_biomass","all",2080927.19644732,"t","Illustrative surplus-production total_biomass","lower-F-16","lower-F 16"
2030,"biomass_depletion","all",0.659553465678553,"ratio","Illustrative surplus-production biomass_depletion","lower-F-16","lower-F 16"
2030,"fishing_mortality","all",0.04,"per year","Illustrative surplus-production fishing_mortality","lower-F-16","lower-F 16"
2030,"catch","all",81594.322455883,"t","Illustrative surplus-production catch","lower-F-16","lower-F 16"
2031,"total_biomass","all",2213805.14983194,"t","Illustrative surplus-production total_biomass","lower-F-16","lower-F 16"
2031,"biomass_depletion","all",0.701669362292681,"ratio","Illustrative surplus-production biomass_depletion","lower-F-16","lower-F 16"
2031,"fishing_mortality","all",0.04,"per year","Illustrative surplus-production fishing_mortality","lower-F-16","lower-F 16"
2031,"catch","all",86804.5415323856,"t","Illustrative surplus-production catch","lower-F-16","lower-F 16"
2032,"total_biomass","all",2305047.60101919,"t","Illustrative surplus-production total_biomass","lower-F-16","lower-F 16"
2032,"biomass_depletion","all",0.730588814640797,"ratio","Illustrative surplus-production biomass_depletion","lower-F-16","lower-F 16"
2032,"fishing_mortality","all",0.04,"per year","Illustrative surplus-production fishing_mortality","lower-F-16","lower-F 16"
2032,"catch","all",90382.2092165545,"t","Illustrative surplus-production catch","lower-F-16","lower-F 16"
2033,"total_biomass","all",2381587.65175811,"t","Illustrative surplus-production total_biomass","lower-F-16","lower-F 16"
2033,"biomass_depletion","all",0.754848315796942,"ratio","Illustrative surplus-production biomass_depletion","lower-F-16","lower-F 16"
2033,"fishing_mortality","all",0.04,"per year","Illustrative surplus-production fishing_mortality","lower-F-16","lower-F 16"
2033,"catch","all",93383.3875333372,"t","Illustrative surplus-production catch","lower-F-16","lower-F 16"
2034,"total_biomass","all",2481287.8898934,"t","Illustrative surplus-production total_biomass","lower-F-16","lower-F 16"
2034,"biomass_depletion","all",0.786448478312656,"ratio","Illustrative surplus-production biomass_depletion","lower-F-16","lower-F 16"
2034,"fishing_mortality","all",0.04,"per year","Illustrative surplus-production fishing_mortality","lower-F-16","lower-F 16"
2034,"catch","all",97292.6897872686,"t","Illustrative surplus-production catch","lower-F-16","lower-F 16"
2035,"total_biomass","all",2552423.61157125,"t","Illustrative surplus-production total_biomass","lower-F-16","lower-F 16"
2035,"biomass_depletion","all",0.808995068047402,"ratio","Illustrative surplus-production biomass_depletion","lower-F-16","lower-F 16"
2035,"fishing_mortality","all",0.04,"per year","Illustrative surplus-production fishing_mortality","lower-F-16","lower-F 16"
2035,"catch","all",100081.961330561,"t","Illustrative surplus-production catch","lower-F-16","lower-F 16"
2036,"total_biomass","all",2591028.15306804,"t","Illustrative surplus-production total_biomass","lower-F-16","lower-F 16"
2036,"biomass_depletion","all",0.821230844089259,"ratio","Illustrative surplus-production biomass_depletion","lower-F-16","lower-F 16"
2036,"fishing_mortality","all",0.04,"per year","Illustrative surplus-production fishing_mortality","lower-F-16","lower-F 16"
2036,"catch","all",101595.667053918,"t","Illustrative surplus-production catch","lower-F-16","lower-F 16"
2037,"total_biomass","all",2630760.73651338,"t","Illustrative surplus-production total_biomass","lower-F-16","lower-F 16"
2037,"biomass_depletion","all",0.833824154973214,"ratio","Illustrative surplus-production biomass_depletion","lower-F-16","lower-F 16"
2037,"fishing_mortality","all",0.04,"per year","Illustrative surplus-production fishing_mortality","lower-F-16","lower-F 16"
2037,"catch","all",103153.603934737,"t","Illustrative surplus-production catch","lower-F-16","lower-F 16"
2038,"total_biomass","all",2656821.97383712,"t","Illustrative surplus-production total_biomass","lower-F-16","lower-F 16"
2038,"biomass_depletion","all",0.842084309113199,"ratio","Illustrative surplus-production biomass_depletion","lower-F-16","lower-F 16"
2038,"fishing_mortality","all",0.04,"per year","Illustrative surplus-production fishing_mortality","lower-F-16","lower-F 16"
2038,"catch","all",104175.479666585,"t","Illustrative surplus-production catch","lower-F-16","lower-F 16"
2039,"total_biomass","all",2670598.06992921,"t","Illustrative surplus-production total_biomass","lower-F-16","lower-F 16"
2039,"biomass_depletion","all",0.846450666541067,"ratio","Illustrative surplus-production biomass_depletion","lower-F-16","lower-F 16"
2039,"fishing_mortality","all",0.04,"per year","Illustrative surplus-production fishing_mortality","lower-F-16","lower-F 16"
2039,"catch","all",104715.648120648,"t","Illustrative surplus-production catch","lower-F-16","lower-F 16"
2040,"total_biomass","all",2696940.83142263,"t","Illustrative surplus-production total_biomass","lower-F-16","lower-F 16"
2040,"biomass_depletion","all",0.85480005025242,"ratio","Illustrative surplus-production biomass_depletion","lower-F-16","lower-F 16"
2040,"fishing_mortality","all",0.04,"per year","Illustrative surplus-production fishing_mortality","lower-F-16","lower-F 16"
2040,"catch","all",105748.562573081,"t","Illustrative surplus-production catch","lower-F-16","lower-F 16"
2041,"total_biomass","all",2702185.46215663,"t","Illustrative surplus-production total_biomass","lower-F-16","lower-F 16"
2041,"biomass_depletion","all",0.856462345013485,"ratio","Illustrative surplus-production biomass_depletion","lower-F-16","lower-F 16"
2041,"fishing_mortality","all",0.04,"per year","Illustrative surplus-production fishing_mortality","lower-F-16","lower-F 16"
2041,"catch","all",105954.2074856,"t","Illustrative surplus-production catch","lower-F-16","lower-F 16"
2042,"total_biomass","all",2713536.57252817,"t","Illustrative surplus-production total_biomass","lower-F-16","lower-F 16"
2042,"biomass_depletion","all",0.860060099032765,"ratio","Illustrative surplus-production biomass_depletion","lower-F-16","lower-F 16"
2042,"fishing_mortality","all",0.04,"per year","Illustrative surplus-production fishing_mortality","lower-F-16","lower-F 16"
2042,"catch","all",106399.290889512,"t","Illustrative surplus-production catch","lower-F-16","lower-F 16"
2043,"total_biomass","all",2726134.83021415,"t","Illustrative surplus-production total_biomass","lower-F-16","lower-F 16"
2043,"biomass_depletion","all",0.864053138545386,"ratio","Illustrative surplus-production biomass_depletion","lower-F-16","lower-F 16"
2043,"fishing_mortality","all",0.04,"per year","Illustrative surplus-production fishing_mortality","lower-F-16","lower-F 16"
2043,"catch","all",106893.275639083,"t","Illustrative surplus-production catch","lower-F-16","lower-F 16"
2044,"total_biomass","all",2740843.47850542,"t","Illustrative surplus-production total_biomass","lower-F-16","lower-F 16"
2044,"biomass_depletion","all",0.86871507000196,"ratio","Illustrative surplus-production biomass_depletion","lower-F-16","lower-F 16"
2044,"fishing_mortality","all",0.04,"per year","Illustrative surplus-production fishing_mortality","lower-F-16","lower-F 16"
2044,"catch","all",107470.009987895,"t","Illustrative surplus-production catch","lower-F-16","lower-F 16"
2045,"total_biomass","all",2735402.20067679,"t","Illustrative surplus-production total_biomass","lower-F-16","lower-F 16"
2045,"biomass_depletion","all",0.866990447604924,"ratio","Illustrative surplus-production biomass_depletion","lower-F-16","lower-F 16"
2045,"fishing_mortality","all",0.04,"per year","Illustrative surplus-production fishing_mortality","lower-F-16","lower-F 16"
2045,"catch","all",107256.654432506,"t","Illustrative surplus-production catch","lower-F-16","lower-F 16"
2046,"total_biomass","all",2749235.62950981,"t","Illustrative surplus-production total_biomass","lower-F-16","lower-F 16"
2046,"biomass_depletion","all",0.871374976743959,"ratio","Illustrative surplus-production biomass_depletion","lower-F-16","lower-F 16"
2046,"fishing_mortality","all",0.04,"per year","Illustrative surplus-production fishing_mortality","lower-F-16","lower-F 16"
2046,"catch","all",107799.070935495,"t","Illustrative surplus-production catch","lower-F-16","lower-F 16"
2047,"total_biomass","all",2766492.52717223,"t","Illustrative surplus-production total_biomass","lower-F-16","lower-F 16"
2047,"biomass_depletion","all",0.876844580235874,"ratio","Illustrative surplus-production biomass_depletion","lower-F-16","lower-F 16"
2047,"fishing_mortality","all",0.04,"per year","Illustrative surplus-production fishing_mortality","lower-F-16","lower-F 16"
2047,"catch","all",108475.72357133,"t","Illustrative surplus-production catch","lower-F-16","lower-F 16"
2048,"total_biomass","all",2760908.92789151,"t","Illustrative surplus-production total_biomass","lower-F-16","lower-F 16"
2048,"biomass_depletion","all",0.875074848809016,"ratio","Illustrative surplus-production biomass_depletion","lower-F-16","lower-F 16"
2048,"fishing_mortality","all",0.04,"per year","Illustrative surplus-production fishing_mortality","lower-F-16","lower-F 16"
2048,"catch","all",108256.787511984,"t","Illustrative surplus-production catch","lower-F-16","lower-F 16"
2049,"total_biomass","all",2749014.94515993,"t","Illustrative surplus-production total_biomass","lower-F-16","lower-F 16"
2049,"biomass_depletion","all",0.87130503045846,"ratio","Illustrative surplus-production biomass_depletion","lower-F-16","lower-F 16"
2049,"fishing_mortality","all",0.04,"per year","Illustrative surplus-production fishing_mortality","lower-F-16","lower-F 16"
2049,"catch","all",107790.417778366,"t","Illustrative surplus-production catch","lower-F-16","lower-F 16"
2050,"total_biomass","all",2740660.8776849,"t","Illustrative surplus-production total_biomass","lower-F-16","lower-F 16"
2050,"biomass_depletion","all",0.868657194356807,"ratio","Illustrative surplus-production biomass_depletion","lower-F-16","lower-F 16"
2050,"fishing_mortality","all",0.04,"per year","Illustrative surplus-production fishing_mortality","lower-F-16","lower-F 16"
2050,"catch","all",107462.850107311,"t","Illustrative surplus-production catch","lower-F-16","lower-F 16"
2051,"total_biomass","all",2736186.10417063,"t","Illustrative surplus-production total_biomass","lower-F-16","lower-F 16"
2051,"biomass_depletion","all",0.867238907169968,"ratio","Illustrative surplus-production biomass_depletion","lower-F-16","lower-F 16"
2051,"fishing_mortality","all",0.04,"per year","Illustrative surplus-production fishing_mortality","lower-F-16","lower-F 16"
2051,"catch","all",107287.39172815,"t","Illustrative surplus-production catch","lower-F-16","lower-F 16"
2052,"total_biomass","all",2742125.09446418,"t","Illustrative surplus-production total_biomass","lower-F-16","lower-F 16"
2052,"biomass_depletion","all",0.869121280391593,"ratio","Illustrative surplus-production biomass_depletion","lower-F-16","lower-F 16"
2052,"fishing_mortality","all",0.04,"per year","Illustrative surplus-production fishing_mortality","lower-F-16","lower-F 16"
2052,"catch","all",107520.262868429,"t","Illustrative surplus-production catch","lower-F-16","lower-F 16"
2023,"total_biomass","all",902918.314809643,"t","Illustrative surplus-production total_biomass","lower-F-17","lower-F 17"
2023,"biomass_depletion","all",0.286181517918576,"ratio","Illustrative surplus-production biomass_depletion","lower-F-17","lower-F 17"
2023,"fishing_mortality","all",0.04,"per year","Illustrative surplus-production fishing_mortality","lower-F-17","lower-F 17"
2023,"catch","all",35403.9335233253,"t","Illustrative surplus-production catch","lower-F-17","lower-F 17"
2024,"total_biomass","all",1060620.56093663,"t","Illustrative surplus-production total_biomass","lower-F-17","lower-F 17"
2024,"biomass_depletion","all",0.336165516953201,"ratio","Illustrative surplus-production biomass_depletion","lower-F-17","lower-F 17"
2024,"fishing_mortality","all",0.04,"per year","Illustrative surplus-production fishing_mortality","lower-F-17","lower-F 17"
2024,"catch","all",41587.527040903,"t","Illustrative surplus-production catch","lower-F-17","lower-F 17"
2025,"total_biomass","all",1215654.29429,"t","Illustrative surplus-production total_biomass","lower-F-17","lower-F 17"
2025,"biomass_depletion","all",0.385303726259546,"ratio","Illustrative surplus-production biomass_depletion","lower-F-17","lower-F 17"
2025,"fishing_mortality","all",0.04,"per year","Illustrative surplus-production fishing_mortality","lower-F-17","lower-F 17"
2025,"catch","all",47666.4866759974,"t","Illustrative surplus-production catch","lower-F-17","lower-F 17"
2026,"total_biomass","all",1382455.06536578,"t","Illustrative surplus-production total_biomass","lower-F-17","lower-F 17"
2026,"biomass_depletion","all",0.438171518476743,"ratio","Illustrative surplus-production biomass_depletion","lower-F-17","lower-F 17"
2026,"fishing_mortality","all",0.04,"per year","Illustrative surplus-production fishing_mortality","lower-F-17","lower-F 17"
2026,"catch","all",54206.838459704,"t","Illustrative surplus-production catch","lower-F-17","lower-F 17"
2027,"total_biomass","all",1582897.68876308,"t","Illustrative surplus-production total_biomass","lower-F-17","lower-F 17"
2027,"biomass_depletion","all",0.501702153838275,"ratio","Illustrative surplus-production biomass_depletion","lower-F-17","lower-F 17"
2027,"fishing_mortality","all",0.04,"per year","Illustrative surplus-production fishing_mortality","lower-F-17","lower-F 17"
2027,"catch","all",62066.3061408918,"t","Illustrative surplus-production catch","lower-F-17","lower-F 17"
2028,"total_biomass","all",1730825.09172721,"t","Illustrative surplus-production total_biomass","lower-F-17","lower-F 17"
2028,"biomass_depletion","all",0.548587999465353,"ratio","Illustrative surplus-production biomass_depletion","lower-F-17","lower-F 17"
2028,"fishing_mortality","all",0.04,"per year","Illustrative surplus-production fishing_mortality","lower-F-17","lower-F 17"
2028,"catch","all",67866.6225758555,"t","Illustrative surplus-production catch","lower-F-17","lower-F 17"
2029,"total_biomass","all",1896002.81320506,"t","Illustrative surplus-production total_biomass","lower-F-17","lower-F 17"
2029,"biomass_depletion","all",0.600941363311815,"ratio","Illustrative surplus-production biomass_depletion","lower-F-17","lower-F 17"
2029,"fishing_mortality","all",0.04,"per year","Illustrative surplus-production fishing_mortality","lower-F-17","lower-F 17"
2029,"catch","all",74343.3336745434,"t","Illustrative surplus-production catch","lower-F-17","lower-F 17"
2030,"total_biomass","all",2037228.66507731,"t","Illustrative surplus-production total_biomass","lower-F-17","lower-F 17"
2030,"biomass_depletion","all",0.645703140756394,"ratio","Illustrative surplus-production biomass_depletion","lower-F-17","lower-F 17"
2030,"fishing_mortality","all",0.04,"per year","Illustrative surplus-production fishing_mortality","lower-F-17","lower-F 17"
2030,"catch","all",79880.8785326451,"t","Illustrative surplus-production catch","lower-F-17","lower-F 17"
2031,"total_biomass","all",2188663.63935285,"t","Illustrative surplus-production total_biomass","lower-F-17","lower-F 17"
2031,"biomass_depletion","all",0.693700717163149,"ratio","Illustrative surplus-production biomass_depletion","lower-F-17","lower-F 17"
2031,"fishing_mortality","all",0.04,"per year","Illustrative surplus-production fishing_mortality","lower-F-17","lower-F 17"
2031,"catch","all",85818.7288059426,"t","Illustrative surplus-production catch","lower-F-17","lower-F 17"
2032,"total_biomass","all",2308815.67352197,"t","Illustrative surplus-production total_biomass","lower-F-17","lower-F 17"
2032,"biomass_depletion","all",0.731783111722586,"ratio","Illustrative surplus-production biomass_depletion","lower-F-17","lower-F 17"
2032,"fishing_mortality","all",0.04,"per year","Illustrative surplus-production fishing_mortality","lower-F-17","lower-F 17"
2032,"catch","all",90529.9574527029,"t","Illustrative surplus-production catch","lower-F-17","lower-F 17"
2033,"total_biomass","all",2399236.42528695,"t","Illustrative surplus-production total_biomass","lower-F-17","lower-F 17"
2033,"biomass_depletion","all",0.760442125020923,"ratio","Illustrative surplus-production biomass_depletion","lower-F-17","lower-F 17"
2033,"fishing_mortality","all",0.04,"per year","Illustrative surplus-production fishing_mortality","lower-F-17","lower-F 17"
2033,"catch","all",94075.4058416765,"t","Illustrative surplus-production catch","lower-F-17","lower-F 17"
2034,"total_biomass","all",2453981.35519507,"t","Illustrative surplus-production total_biomass","lower-F-17","lower-F 17"
2034,"biomass_depletion","all",0.777793625020959,"ratio","Illustrative surplus-production biomass_depletion","lower-F-17","lower-F 17"
2034,"fishing_mortality","all",0.04,"per year","Illustrative surplus-production fishing_mortality","lower-F-17","lower-F 17"
2034,"catch","all",96221.9852469406,"t","Illustrative surplus-production catch","lower-F-17","lower-F 17"
2035,"total_biomass","all",2524008.93508802,"t","Illustrative surplus-production total_biomass","lower-F-17","lower-F 17"
2035,"biomass_depletion","all",0.799988987304815,"ratio","Illustrative surplus-production biomass_depletion","lower-F-17","lower-F 17"
2035,"fishing_mortality","all",0.04,"per year","Illustrative surplus-production fishing_mortality","lower-F-17","lower-F 17"
2035,"catch","all",98967.8059293486,"t","Illustrative surplus-production catch","lower-F-17","lower-F 17"
2036,"total_biomass","all",2562519.7608431,"t","Illustrative surplus-production total_biomass","lower-F-17","lower-F 17"
2036,"biomass_depletion","all",0.812195059980624,"ratio","Illustrative surplus-production biomass_depletion","lower-F-17","lower-F 17"
2036,"fishing_mortality","all",0.04,"per year","Illustrative surplus-production fishing_mortality","lower-F-17","lower-F 17"
2036,"catch","all",100477.837005912,"t","Illustrative surplus-production catch","lower-F-17","lower-F 17"
2037,"total_biomass","all",2600043.94542888,"t","Illustrative surplus-production total_biomass","lower-F-17","lower-F 17"
2037,"biomass_depletion","all",0.824088415035317,"ratio","Illustrative surplus-production biomass_depletion","lower-F-17","lower-F 17"
2037,"fishing_mortality","all",0.04,"per year","Illustrative surplus-production fishing_mortality","lower-F-17","lower-F 17"
2037,"catch","all",101949.181328873,"t","Illustrative surplus-production catch","lower-F-17","lower-F 17"
2038,"total_biomass","all",2652720.05354285,"t","Illustrative surplus-production total_biomass","lower-F-17","lower-F 17"
2038,"biomass_depletion","all",0.840784198397822,"ratio","Illustrative surplus-production biomass_depletion","lower-F-17","lower-F 17"
2038,"fishing_mortality","all",0.04,"per year","Illustrative surplus-production fishing_mortality","lower-F-17","lower-F 17"
2038,"catch","all",104014.641071294,"t","Illustrative surplus-production catch","lower-F-17","lower-F 17"
2039,"total_biomass","all",2694065.39467092,"t","Illustrative surplus-production total_biomass","lower-F-17","lower-F 17"
2039,"biomass_depletion","all",0.853888675612226,"ratio","Illustrative surplus-production biomass_depletion","lower-F-17","lower-F 17"
2039,"fishing_mortality","all",0.04,"per year","Illustrative surplus-production fishing_mortality","lower-F-17","lower-F 17"
2039,"catch","all",105635.815085364,"t","Illustrative surplus-production catch","lower-F-17","lower-F 17"
2040,"total_biomass","all",2716740.14163542,"t","Illustrative surplus-production total_biomass","lower-F-17","lower-F 17"
2040,"biomass_depletion","all",0.861075475789259,"ratio","Illustrative surplus-production biomass_depletion","lower-F-17","lower-F 17"
2040,"fishing_mortality","all",0.04,"per year","Illustrative surplus-production fishing_mortality","lower-F-17","lower-F 17"
2040,"catch","all",106524.904630922,"t","Illustrative surplus-production catch","lower-F-17","lower-F 17"
2041,"total_biomass","all",2724648.63306906,"t","Illustrative surplus-production total_biomass","lower-F-17","lower-F 17"
2041,"biomass_depletion","all",0.863582085795729,"ratio","Illustrative surplus-production biomass_depletion","lower-F-17","lower-F 17"
2041,"fishing_mortality","all",0.04,"per year","Illustrative surplus-production fishing_mortality","lower-F-17","lower-F 17"
2041,"catch","all",106835.001015494,"t","Illustrative surplus-production catch","lower-F-17","lower-F 17"
2042,"total_biomass","all",2723773.68083933,"t","Illustrative surplus-production total_biomass","lower-F-17","lower-F 17"
2042,"biomass_depletion","all",0.863304768176733,"ratio","Illustrative surplus-production biomass_depletion","lower-F-17","lower-F 17"
2042,"fishing_mortality","all",0.04,"per year","Illustrative surplus-production fishing_mortality","lower-F-17","lower-F 17"
2042,"catch","all",106800.693647851,"t","Illustrative surplus-production catch","lower-F-17","lower-F 17"
2043,"total_biomass","all",2732710.76929282,"t","Illustrative surplus-production total_biomass","lower-F-17","lower-F 17"
2043,"biomass_depletion","all",0.866137393783549,"ratio","Illustrative surplus-production biomass_depletion","lower-F-17","lower-F 17"
2043,"fishing_mortality","all",0.04,"per year","Illustrative surplus-production fishing_mortality","lower-F-17","lower-F 17"
2043,"catch","all",107151.121898458,"t","Illustrative surplus-production catch","lower-F-17","lower-F 17"
2044,"total_biomass","all",2742512.29374198,"t","Illustrative surplus-production total_biomass","lower-F-17","lower-F 17"
2044,"biomass_depletion","all",0.869244003870828,"ratio","Illustrative surplus-production biomass_depletion","lower-F-17","lower-F 17"
2044,"fishing_mortality","all",0.04,"per year","Illustrative surplus-production fishing_mortality","lower-F-17","lower-F 17"
2044,"catch","all",107535.445169272,"t","Illustrative surplus-production catch","lower-F-17","lower-F 17"
2045,"total_biomass","all",2749989.99029645,"t","Illustrative surplus-production total_biomass","lower-F-17","lower-F 17"
2045,"biomass_depletion","all",0.871614072696979,"ratio","Illustrative surplus-production biomass_depletion","lower-F-17","lower-F 17"
2045,"fishing_mortality","all",0.04,"per year","Illustrative surplus-production fishing_mortality","lower-F-17","lower-F 17"
2045,"catch","all",107828.649845021,"t","Illustrative surplus-production catch","lower-F-17","lower-F 17"
2046,"total_biomass","all",2737633.02545112,"t","Illustrative surplus-production total_biomass","lower-F-17","lower-F 17"
2046,"biomass_depletion","all",0.867697511366568,"ratio","Illustrative surplus-production biomass_depletion","lower-F-17","lower-F 17"
2046,"fishing_mortality","all",0.04,"per year","Illustrative surplus-production fishing_mortality","lower-F-17","lower-F 17"
2046,"catch","all",107344.126323061,"t","Illustrative surplus-production catch","lower-F-17","lower-F 17"
2047,"total_biomass","all",2729130.0031475,"t","Illustrative surplus-production total_biomass","lower-F-17","lower-F 17"
2047,"biomass_depletion","all",0.865002463774962,"ratio","Illustrative surplus-production biomass_depletion","lower-F-17","lower-F 17"
2047,"fishing_mortality","all",0.04,"per year","Illustrative surplus-production fishing_mortality","lower-F-17","lower-F 17"
2047,"catch","all",107010.718049635,"t","Illustrative surplus-production catch","lower-F-17","lower-F 17"
2048,"total_biomass","all",2724822.93572056,"t","Illustrative surplus-production total_biomass","lower-F-17","lower-F 17"
2048,"biomass_depletion","all",0.86363733132189,"ratio","Illustrative surplus-production biomass_depletion","lower-F-17","lower-F 17"
2048,"fishing_mortality","all",0.04,"per year","Illustrative surplus-production fishing_mortality","lower-F-17","lower-F 17"
2048,"catch","all",106841.835520216,"t","Illustrative surplus-production catch","lower-F-17","lower-F 17"
2049,"total_biomass","all",2732702.49769866,"t","Illustrative surplus-production total_biomass","lower-F-17","lower-F 17"
2049,"biomass_depletion","all",0.866134772087505,"ratio","Illustrative surplus-production biomass_depletion","lower-F-17","lower-F 17"
2049,"fishing_mortality","all",0.04,"per year","Illustrative surplus-production fishing_mortality","lower-F-17","lower-F 17"
2049,"catch","all",107150.797564612,"t","Illustrative surplus-production catch","lower-F-17","lower-F 17"
2050,"total_biomass","all",2723439.1227177,"t","Illustrative surplus-production total_biomass","lower-F-17","lower-F 17"
2050,"biomass_depletion","all",0.863198729402783,"ratio","Illustrative surplus-production biomass_depletion","lower-F-17","lower-F 17"
2050,"fishing_mortality","all",0.04,"per year","Illustrative surplus-production fishing_mortality","lower-F-17","lower-F 17"
2050,"catch","all",106787.575436266,"t","Illustrative surplus-production catch","lower-F-17","lower-F 17"
2051,"total_biomass","all",2735537.38794285,"t","Illustrative surplus-production total_biomass","lower-F-17","lower-F 17"
2051,"biomass_depletion","all",0.867033295442174,"ratio","Illustrative surplus-production biomass_depletion","lower-F-17","lower-F 17"
2051,"fishing_mortality","all",0.04,"per year","Illustrative surplus-production fishing_mortality","lower-F-17","lower-F 17"
2051,"catch","all",107261.955201028,"t","Illustrative surplus-production catch","lower-F-17","lower-F 17"
2052,"total_biomass","all",2724790.475478,"t","Illustrative surplus-production total_biomass","lower-F-17","lower-F 17"
2052,"biomass_depletion","all",0.863627042991998,"ratio","Illustrative surplus-production biomass_depletion","lower-F-17","lower-F 17"
2052,"fishing_mortality","all",0.04,"per year","Illustrative surplus-production fishing_mortality","lower-F-17","lower-F 17"
2052,"catch","all",106840.5627359,"t","Illustrative surplus-production catch","lower-F-17","lower-F 17"
2023,"total_biomass","all",902918.314809643,"t","Illustrative surplus-production total_biomass","lower-F-18","lower-F 18"
2023,"biomass_depletion","all",0.286181517918576,"ratio","Illustrative surplus-production biomass_depletion","lower-F-18","lower-F 18"
2023,"fishing_mortality","all",0.04,"per year","Illustrative surplus-production fishing_mortality","lower-F-18","lower-F 18"
2023,"catch","all",35403.9335233253,"t","Illustrative surplus-production catch","lower-F-18","lower-F 18"
2024,"total_biomass","all",1058705.9439057,"t","Illustrative surplus-production total_biomass","lower-F-18","lower-F 18"
2024,"biomass_depletion","all",0.335558675781459,"ratio","Illustrative surplus-production biomass_depletion","lower-F-18","lower-F 18"
2024,"fishing_mortality","all",0.04,"per year","Illustrative surplus-production fishing_mortality","lower-F-18","lower-F 18"
2024,"catch","all",41512.4538333113,"t","Illustrative surplus-production catch","lower-F-18","lower-F 18"
2025,"total_biomass","all",1229051.38703849,"t","Illustrative surplus-production total_biomass","lower-F-18","lower-F 18"
2025,"biomass_depletion","all",0.389549957923667,"ratio","Illustrative surplus-production biomass_depletion","lower-F-18","lower-F 18"
2025,"fishing_mortality","all",0.04,"per year","Illustrative surplus-production fishing_mortality","lower-F-18","lower-F 18"
2025,"catch","all",48191.7941963942,"t","Illustrative surplus-production catch","lower-F-18","lower-F 18"
2026,"total_biomass","all",1442350.40785366,"t","Illustrative surplus-production total_biomass","lower-F-18","lower-F 18"
2026,"biomass_depletion","all",0.457155450631279,"ratio","Illustrative surplus-production biomass_depletion","lower-F-18","lower-F 18"
2026,"fishing_mortality","all",0.04,"per year","Illustrative surplus-production fishing_mortality","lower-F-18","lower-F 18"
2026,"catch","all",56555.3684308175,"t","Illustrative surplus-production catch","lower-F-18","lower-F 18"
2027,"total_biomass","all",1618171.17588626,"t","Illustrative surplus-production total_biomass","lower-F-18","lower-F 18"
2027,"biomass_depletion","all",0.512882146448481,"ratio","Illustrative surplus-production biomass_depletion","lower-F-18","lower-F 18"
2027,"fishing_mortality","all",0.04,"per year","Illustrative surplus-production fishing_mortality","lower-F-18","lower-F 18"
2027,"catch","all",63449.3993540448,"t","Illustrative surplus-production catch","lower-F-18","lower-F 18"
2028,"total_biomass","all",1790395.43719253,"t","Illustrative surplus-production total_biomass","lower-F-18","lower-F 18"
2028,"biomass_depletion","all",0.567468923252788,"ratio","Illustrative surplus-production biomass_depletion","lower-F-18","lower-F 18"
2028,"fishing_mortality","all",0.04,"per year","Illustrative surplus-production fishing_mortality","lower-F-18","lower-F 18"
2028,"catch","all",70202.4092314406,"t","Illustrative surplus-production catch","lower-F-18","lower-F 18"
2029,"total_biomass","all",1945550.11909104,"t","Illustrative surplus-production total_biomass","lower-F-18","lower-F 18"
2029,"biomass_depletion","all",0.616645467409222,"ratio","Illustrative surplus-production biomass_depletion","lower-F-18","lower-F 18"
2029,"fishing_mortality","all",0.04,"per year","Illustrative surplus-production fishing_mortality","lower-F-18","lower-F 18"
2029,"catch","all",76286.111326824,"t","Illustrative surplus-production catch","lower-F-18","lower-F 18"
2030,"total_biomass","all",2106322.24993908,"t","Illustrative surplus-production total_biomass","lower-F-18","lower-F 18"
2030,"biomass_depletion","all",0.667602471703453,"ratio","Illustrative surplus-production biomass_depletion","lower-F-18","lower-F 18"
2030,"fishing_mortality","all",0.04,"per year","Illustrative surplus-production fishing_mortality","lower-F-18","lower-F 18"
2030,"catch","all",82590.0767460516,"t","Illustrative surplus-production catch","lower-F-18","lower-F 18"
2031,"total_biomass","all",2257940.57564229,"t","Illustrative surplus-production total_biomass","lower-F-18","lower-F 18"
2031,"biomass_depletion","all",0.715658161661592,"ratio","Illustrative surplus-production biomass_depletion","lower-F-18","lower-F 18"
2031,"fishing_mortality","all",0.04,"per year","Illustrative surplus-production fishing_mortality","lower-F-18","lower-F 18"
2031,"catch","all",88535.1163316602,"t","Illustrative surplus-production catch","lower-F-18","lower-F 18"
2032,"total_biomass","all",2346475.08429741,"t","Illustrative surplus-production total_biomass","lower-F-18","lower-F 18"
2032,"biomass_depletion","all",0.743719326951433,"ratio","Illustrative surplus-production biomass_depletion","lower-F-18","lower-F 18"
2032,"fishing_mortality","all",0.04,"per year","Illustrative surplus-production fishing_mortality","lower-F-18","lower-F 18"
2032,"catch","all",92006.6040704011,"t","Illustrative surplus-production catch","lower-F-18","lower-F 18"
2033,"total_biomass","all",2438166.60054643,"t","Illustrative surplus-production total_biomass","lower-F-18","lower-F 18"
2033,"biomass_depletion","all",0.772781111245765,"ratio","Illustrative surplus-production biomass_depletion","lower-F-18","lower-F 18"
2033,"fishing_mortality","all",0.04,"per year","Illustrative surplus-production fishing_mortality","lower-F-18","lower-F 18"
2033,"catch","all",95601.8798474989,"t","Illustrative surplus-production catch","lower-F-18","lower-F 18"
2034,"total_biomass","all",2487921.77029678,"t","Illustrative surplus-production total_biomass","lower-F-18","lower-F 18"
2034,"biomass_depletion","all",0.788551098153665,"ratio","Illustrative surplus-production biomass_depletion","lower-F-18","lower-F 18"
2034,"fishing_mortality","all",0.04,"per year","Illustrative surplus-production fishing_mortality","lower-F-18","lower-F 18"
2034,"catch","all",97552.8079584815,"t","Illustrative surplus-production catch","lower-F-18","lower-F 18"
2035,"total_biomass","all",2568753.41491011,"t","Illustrative surplus-production total_biomass","lower-F-18","lower-F 18"
2035,"biomass_depletion","all",0.814170827393707,"ratio","Illustrative surplus-production biomass_depletion","lower-F-18","lower-F 18"
2035,"fishing_mortality","all",0.04,"per year","Illustrative surplus-production fishing_mortality","lower-F-18","lower-F 18"
2035,"catch","all",100722.26207801,"t","Illustrative surplus-production catch","lower-F-18","lower-F 18"
2036,"total_biomass","all",2616267.85953051,"t","Illustrative surplus-production total_biomass","lower-F-18","lower-F 18"
2036,"biomass_depletion","all",0.829230612605164,"ratio","Illustrative surplus-production biomass_depletion","lower-F-18","lower-F 18"
2036,"fishing_mortality","all",0.04,"per year","Illustrative surplus-production fishing_mortality","lower-F-18","lower-F 18"
2036,"catch","all",102585.330099942,"t","Illustrative surplus-production catch","lower-F-18","lower-F 18"
2037,"total_biomass","all",2664574.08578202,"t","Illustrative surplus-production total_biomass","lower-F-18","lower-F 18"
2037,"biomass_depletion","all",0.844541354370869,"ratio","Illustrative surplus-production biomass_depletion","lower-F-18","lower-F 18"
2037,"fishing_mortality","all",0.04,"per year","Illustrative surplus-production fishing_mortality","lower-F-18","lower-F 18"
2037,"catch","all",104479.444323699,"t","Illustrative surplus-production catch","lower-F-18","lower-F 18"
2038,"total_biomass","all",2679339.2074564,"t","Illustrative surplus-production total_biomass","lower-F-18","lower-F 18"
2038,"biomass_depletion","all",0.849221185163668,"ratio","Illustrative surplus-production biomass_depletion","lower-F-18","lower-F 18"
2038,"fishing_mortality","all",0.04,"per year","Illustrative surplus-production fishing_mortality","lower-F-18","lower-F 18"
2038,"catch","all",105058.393025535,"t","Illustrative surplus-production catch","lower-F-18","lower-F 18"
2039,"total_biomass","all",2697921.19461495,"t","Illustrative surplus-production total_biomass","lower-F-18","lower-F 18"
2039,"biomass_depletion","all",0.855110778057901,"ratio","Illustrative surplus-production biomass_depletion","lower-F-18","lower-F 18"
2039,"fishing_mortality","all",0.04,"per year","Illustrative surplus-production fishing_mortality","lower-F-18","lower-F 18"
2039,"catch","all",105787.003163686,"t","Illustrative surplus-production catch","lower-F-18","lower-F 18"
2040,"total_biomass","all",2720968.33225855,"t","Illustrative surplus-production total_biomass","lower-F-18","lower-F 18"
2040,"biomass_depletion","all",0.862415608103258,"ratio","Illustrative surplus-production biomass_depletion","lower-F-18","lower-F 18"
2040,"fishing_mortality","all",0.04,"per year","Illustrative surplus-production fishing_mortality","lower-F-18","lower-F 18"
2040,"catch","all",106690.694356626,"t","Illustrative surplus-production catch","lower-F-18","lower-F 18"
2041,"total_biomass","all",2731360.67210916,"t","Illustrative surplus-production total_biomass","lower-F-18","lower-F 18"
2041,"biomass_depletion","all",0.865709478151514,"ratio","Illustrative surplus-production biomass_depletion","lower-F-18","lower-F 18"
2041,"fishing_mortality","all",0.04,"per year","Illustrative surplus-production fishing_mortality","lower-F-18","lower-F 18"
2041,"catch","all",107098.183830688,"t","Illustrative surplus-production catch","lower-F-18","lower-F 18"
2042,"total_biomass","all",2742028.59548502,"t","Illustrative surplus-production total_biomass","lower-F-18","lower-F 18"
2042,"biomass_depletion","all",0.869090694873633,"ratio","Illustrative surplus-production biomass_depletion","lower-F-18","lower-F 18"
2042,"fishing_mortality","all",0.04,"per year","Illustrative surplus-production fishing_mortality","lower-F-18","lower-F 18"
2042,"catch","all",107516.479089335,"t","Illustrative surplus-production catch","lower-F-18","lower-F 18"
2043,"total_biomass","all",2753398.77288239,"t","Illustrative surplus-production total_biomass","lower-F-18","lower-F 18"
2043,"biomass_depletion","all",0.872694492219652,"ratio","Illustrative surplus-production biomass_depletion","lower-F-18","lower-F 18"
2043,"fishing_mortality","all",0.04,"per year","Illustrative surplus-production fishing_mortality","lower-F-18","lower-F 18"
2043,"catch","all",107962.310122024,"t","Illustrative surplus-production catch","lower-F-18","lower-F 18"
2044,"total_biomass","all",2747757.797733,"t","Illustrative surplus-production total_biomass","lower-F-18","lower-F 18"
2044,"biomass_depletion","all",0.870906575412212,"ratio","Illustrative surplus-production biomass_depletion","lower-F-18","lower-F 18"
2044,"fishing_mortality","all",0.04,"per year","Illustrative surplus-production fishing_mortality","lower-F-18","lower-F 18"
2044,"catch","all",107741.124322688,"t","Illustrative surplus-production catch","lower-F-18","lower-F 18"
2045,"total_biomass","all",2747230.97005446,"t","Illustrative surplus-production total_biomass","lower-F-18","lower-F 18"
2045,"biomass_depletion","all",0.870739596470427,"ratio","Illustrative surplus-production biomass_depletion","lower-F-18","lower-F 18"
2045,"fishing_mortality","all",0.04,"per year","Illustrative surplus-production fishing_mortality","lower-F-18","lower-F 18"
2045,"catch","all",107720.467113943,"t","Illustrative surplus-production catch","lower-F-18","lower-F 18"
2046,"total_biomass","all",2746405.00894537,"t","Illustrative surplus-production total_biomass","lower-F-18","lower-F 18"
2046,"biomass_depletion","all",0.870477806671654,"ratio","Illustrative surplus-production biomass_depletion","lower-F-18","lower-F 18"
2046,"fishing_mortality","all",0.04,"per year","Illustrative surplus-production fishing_mortality","lower-F-18","lower-F 18"
2046,"catch","all",107688.080715617,"t","Illustrative surplus-production catch","lower-F-18","lower-F 18"
2047,"total_biomass","all",2741433.38374951,"t","Illustrative surplus-production total_biomass","lower-F-18","lower-F 18"
2047,"biomass_depletion","all",0.86890204148699,"ratio","Illustrative surplus-production biomass_depletion","lower-F-18","lower-F 18"
2047,"fishing_mortality","all",0.04,"per year","Illustrative surplus-production fishing_mortality","lower-F-18","lower-F 18"
2047,"catch","all",107493.140503363,"t","Illustrative surplus-production catch","lower-F-18","lower-F 18"
2048,"total_biomass","all",2725196.51248717,"t","Illustrative surplus-production total_biomass","lower-F-18","lower-F 18"
2048,"biomass_depletion","all",0.863755737122697,"ratio","Illustrative surplus-production biomass_depletion","lower-F-18","lower-F 18"
2048,"fishing_mortality","all",0.04,"per year","Illustrative surplus-production fishing_mortality","lower-F-18","lower-F 18"
2048,"catch","all",106856.483674755,"t","Illustrative surplus-production catch","lower-F-18","lower-F 18"
2049,"total_biomass","all",2724498.2408544,"t","Illustrative surplus-production total_biomass","lower-F-18","lower-F 18"
2049,"biomass_depletion","all",0.863534418723781,"ratio","Illustrative surplus-production biomass_depletion","lower-F-18","lower-F 18"
2049,"fishing_mortality","all",0.04,"per year","Illustrative surplus-production fishing_mortality","lower-F-18","lower-F 18"
2049,"catch","all",106829.10405241,"t","Illustrative surplus-production catch","lower-F-18","lower-F 18"
2050,"total_biomass","all",2743064.95019566,"t","Illustrative surplus-production total_biomass","lower-F-18","lower-F 18"
2050,"biomass_depletion","all",0.869419169287462,"ratio","Illustrative surplus-production biomass_depletion","lower-F-18","lower-F 18"
2050,"fishing_mortality","all",0.04,"per year","Illustrative surplus-production fishing_mortality","lower-F-18","lower-F 18"
2050,"catch","all",107557.115138776,"t","Illustrative surplus-production catch","lower-F-18","lower-F 18"
2051,"total_biomass","all",2764297.25662934,"t","Illustrative surplus-production total_biomass","lower-F-18","lower-F 18"
2051,"biomass_depletion","all",0.876148785449233,"ratio","Illustrative surplus-production biomass_depletion","lower-F-18","lower-F 18"
2051,"fishing_mortality","all",0.04,"per year","Illustrative surplus-production fishing_mortality","lower-F-18","lower-F 18"
2051,"catch","all",108389.645782131,"t","Illustrative surplus-production catch","lower-F-18","lower-F 18"
2052,"total_biomass","all",2750406.14910061,"t","Illustrative surplus-production total_biomass","lower-F-18","lower-F 18"
2052,"biomass_depletion","all",0.871745974948067,"ratio","Illustrative surplus-production biomass_depletion","lower-F-18","lower-F 18"
2052,"fishing_mortality","all",0.04,"per year","Illustrative surplus-production fishing_mortality","lower-F-18","lower-F 18"
2052,"catch","all",107844.967665134,"t","Illustrative surplus-production catch","lower-F-18","lower-F 18"
2023,"total_biomass","all",902918.314809643,"t","Illustrative surplus-production total_biomass","lower-F-19","lower-F 19"
2023,"biomass_depletion","all",0.286181517918576,"ratio","Illustrative surplus-production biomass_depletion","lower-F-19","lower-F 19"
2023,"fishing_mortality","all",0.04,"per year","Illustrative surplus-production fishing_mortality","lower-F-19","lower-F 19"
2023,"catch","all",35403.9335233253,"t","Illustrative surplus-production catch","lower-F-19","lower-F 19"
2024,"total_biomass","all",1030691.54411396,"t","Illustrative surplus-production total_biomass","lower-F-19","lower-F 19"
2024,"biomass_depletion","all",0.326679463426943,"ratio","Illustrative surplus-production biomass_depletion","lower-F-19","lower-F 19"
2024,"fishing_mortality","all",0.04,"per year","Illustrative surplus-production fishing_mortality","lower-F-19","lower-F 19"
2024,"catch","all",40413.9935056664,"t","Illustrative surplus-production catch","lower-F-19","lower-F 19"
2025,"total_biomass","all",1202355.67070422,"t","Illustrative surplus-production total_biomass","lower-F-19","lower-F 19"
2025,"biomass_depletion","all",0.381088704566463,"ratio","Illustrative surplus-production biomass_depletion","lower-F-19","lower-F 19"
2025,"fishing_mortality","all",0.04,"per year","Illustrative surplus-production fishing_mortality","lower-F-19","lower-F 19"
2025,"catch","all",47145.0401866971,"t","Illustrative surplus-production catch","lower-F-19","lower-F 19"
2026,"total_biomass","all",1368805.63888264,"t","Illustrative surplus-production total_biomass","lower-F-19","lower-F 19"
2026,"biomass_depletion","all",0.433845309200007,"ratio","Illustrative surplus-production biomass_depletion","lower-F-19","lower-F 19"
2026,"fishing_mortality","all",0.04,"per year","Illustrative surplus-production fishing_mortality","lower-F-19","lower-F 19"
2026,"catch","all",53671.6367920508,"t","Illustrative surplus-production catch","lower-F-19","lower-F 19"
2027,"total_biomass","all",1525301.28731975,"t","Illustrative surplus-production total_biomass","lower-F-19","lower-F 19"
2027,"biomass_depletion","all",0.483446875014768,"ratio","Illustrative surplus-production biomass_depletion","lower-F-19","lower-F 19"
2027,"fishing_mortality","all",0.04,"per year","Illustrative surplus-production fishing_mortality","lower-F-19","lower-F 19"
2027,"catch","all",59807.9189374907,"t","Illustrative surplus-production catch","lower-F-19","lower-F 19"
2028,"total_biomass","all",1695561.64706136,"t","Illustrative surplus-production total_biomass","lower-F-19","lower-F 19"
2028,"biomass_depletion","all",0.537411189829327,"ratio","Illustrative surplus-production biomass_depletion","lower-F-19","lower-F 19"
2028,"fishing_mortality","all",0.04,"per year","Illustrative surplus-production fishing_mortality","lower-F-19","lower-F 19"
2028,"catch","all",66483.9231330867,"t","Illustrative surplus-production catch","lower-F-19","lower-F 19"
2029,"total_biomass","all",1846058.41012535,"t","Illustrative surplus-production total_biomass","lower-F-19","lower-F 19"
2029,"biomass_depletion","all",0.58511139857364,"ratio","Illustrative surplus-production biomass_depletion","lower-F-19","lower-F 19"
2029,"fishing_mortality","all",0.04,"per year","Illustrative surplus-production fishing_mortality","lower-F-19","lower-F 19"
2029,"catch","all",72384.9856185854,"t","Illustrative surplus-production catch","lower-F-19","lower-F 19"
2030,"total_biomass","all",2020898.32908834,"t","Illustrative surplus-production total_biomass","lower-F-19","lower-F 19"
2030,"biomass_depletion","all",0.640527212585717,"ratio","Illustrative surplus-production biomass_depletion","lower-F-19","lower-F 19"
2030,"fishing_mortality","all",0.04,"per year","Illustrative surplus-production fishing_mortality","lower-F-19","lower-F 19"
2030,"catch","all",79240.5568996867,"t","Illustrative surplus-production catch","lower-F-19","lower-F 19"
2031,"total_biomass","all",2166380.30058609,"t","Illustrative surplus-production total_biomass","lower-F-19","lower-F 19"
2031,"biomass_depletion","all",0.686637974489788,"ratio","Illustrative surplus-production biomass_depletion","lower-F-19","lower-F 19"
2031,"fishing_mortality","all",0.04,"per year","Illustrative surplus-production fishing_mortality","lower-F-19","lower-F 19"
2031,"catch","all",84944.9865953391,"t","Illustrative surplus-production catch","lower-F-19","lower-F 19"
2032,"total_biomass","all",2286175.47207404,"t","Illustrative surplus-production total_biomass","lower-F-19","lower-F 19"
2032,"biomass_depletion","all",0.724607260806643,"ratio","Illustrative surplus-production biomass_depletion","lower-F-19","lower-F 19"
2032,"fishing_mortality","all",0.04,"per year","Illustrative surplus-production fishing_mortality","lower-F-19","lower-F 19"
2032,"catch","all",89642.2224562255,"t","Illustrative surplus-production catch","lower-F-19","lower-F 19"
2033,"total_biomass","all",2399132.02398227,"t","Illustrative surplus-production total_biomass","lower-F-19","lower-F 19"
2033,"biomass_depletion","all",0.760409034847254,"ratio","Illustrative surplus-production biomass_depletion","lower-F-19","lower-F 19"
2033,"fishing_mortality","all",0.04,"per year","Illustrative surplus-production fishing_mortality","lower-F-19","lower-F 19"
2033,"catch","all",94071.3122079667,"t","Illustrative surplus-production catch","lower-F-19","lower-F 19"
2034,"total_biomass","all",2484100.30552106,"t","Illustrative surplus-production total_biomass","lower-F-19","lower-F 19"
2034,"biomass_depletion","all",0.787339878298834,"ratio","Illustrative surplus-production biomass_depletion","lower-F-19","lower-F 19"
2034,"fishing_mortality","all",0.04,"per year","Illustrative surplus-production fishing_mortality","lower-F-19","lower-F 19"
2034,"catch","all",97402.9661813659,"t","Illustrative surplus-production catch","lower-F-19","lower-F 19"
2035,"total_biomass","all",2517549.01118635,"t","Illustrative surplus-production total_biomass","lower-F-19","lower-F 19"
2035,"biomass_depletion","all",0.797941503277194,"ratio","Illustrative surplus-production biomass_depletion","lower-F-19","lower-F 19"
2035,"fishing_mortality","all",0.04,"per year","Illustrative surplus-production fishing_mortality","lower-F-19","lower-F 19"
2035,"catch","all",98714.5086901308,"t","Illustrative surplus-production catch","lower-F-19","lower-F 19"
2036,"total_biomass","all",2574423.6858388,"t","Illustrative surplus-production total_biomass","lower-F-19","lower-F 19"
2036,"biomass_depletion","all",0.815968029548948,"ratio","Illustrative surplus-production biomass_depletion","lower-F-19","lower-F 19"
2036,"fishing_mortality","all",0.04,"per year","Illustrative surplus-production fishing_mortality","lower-F-19","lower-F 19"
2036,"catch","all",100944.596581283,"t","Illustrative surplus-production catch","lower-F-19","lower-F 19"
2037,"total_biomass","all",2620986.87896376,"t","Illustrative surplus-production total_biomass","lower-F-19","lower-F 19"
2037,"biomass_depletion","all",0.830726313957485,"ratio","Illustrative surplus-production biomass_depletion","lower-F-19","lower-F 19"
2037,"fishing_mortality","all",0.04,"per year","Illustrative surplus-production fishing_mortality","lower-F-19","lower-F 19"
2037,"catch","all",102770.365498571,"t","Illustrative surplus-production catch","lower-F-19","lower-F 19"
2038,"total_biomass","all",2654384.50936687,"t","Illustrative surplus-production total_biomass","lower-F-19","lower-F 19"
2038,"biomass_depletion","all",0.841311750543362,"ratio","Illustrative surplus-production biomass_depletion","lower-F-19","lower-F 19"
2038,"fishing_mortality","all",0.04,"per year","Illustrative surplus-production fishing_mortality","lower-F-19","lower-F 19"
2038,"catch","all",104079.90531766,"t","Illustrative surplus-production catch","lower-F-19","lower-F 19"
2039,"total_biomass","all",2670346.48774975,"t","Illustrative surplus-production total_biomass","lower-F-19","lower-F 19"
2039,"biomass_depletion","all",0.846370927135167,"ratio","Illustrative surplus-production biomass_depletion","lower-F-19","lower-F 19"
2039,"fishing_mortality","all",0.04,"per year","Illustrative surplus-production fishing_mortality","lower-F-19","lower-F 19"
2039,"catch","all",104705.783442292,"t","Illustrative surplus-production catch","lower-F-19","lower-F 19"
2040,"total_biomass","all",2689604.84190593,"t","Illustrative surplus-production total_biomass","lower-F-19","lower-F 19"
2040,"biomass_depletion","all",0.852474895716413,"ratio","Illustrative surplus-production biomass_depletion","lower-F-19","lower-F 19"
2040,"fishing_mortality","all",0.04,"per year","Illustrative surplus-production fishing_mortality","lower-F-19","lower-F 19"
2040,"catch","all",105460.914309759,"t","Illustrative surplus-production catch","lower-F-19","lower-F 19"
2041,"total_biomass","all",2701304.81970356,"t","Illustrative surplus-production total_biomass","lower-F-19","lower-F 19"
2041,"biomass_depletion","all",0.856183223868384,"ratio","Illustrative surplus-production biomass_depletion","lower-F-19","lower-F 19"
2041,"fishing_mortality","all",0.04,"per year","Illustrative surplus-production fishing_mortality","lower-F-19","lower-F 19"
2041,"catch","all",105919.677001109,"t","Illustrative surplus-production catch","lower-F-19","lower-F 19"
2042,"total_biomass","all",2701197.3530604,"t","Illustrative surplus-production total_biomass","lower-F-19","lower-F 19"
2042,"biomass_depletion","all",0.856149162130395,"ratio","Illustrative surplus-production biomass_depletion","lower-F-19","lower-F 19"
2042,"fishing_mortality","all",0.04,"per year","Illustrative surplus-production fishing_mortality","lower-F-19","lower-F 19"
2042,"catch","all",105915.463173758,"t","Illustrative surplus-production catch","lower-F-19","lower-F 19"
2043,"total_biomass","all",2731283.24520874,"t","Illustrative surplus-production total_biomass","lower-F-19","lower-F 19"
2043,"biomass_depletion","all",0.865684937561821,"ratio","Illustrative surplus-production biomass_depletion","lower-F-19","lower-F 19"
2043,"fishing_mortality","all",0.04,"per year","Illustrative surplus-production fishing_mortality","lower-F-19","lower-F 19"
2043,"catch","all",107095.147878497,"t","Illustrative surplus-production catch","lower-F-19","lower-F 19"
2044,"total_biomass","all",2720981.17257559,"t","Illustrative surplus-production total_biomass","lower-F-19","lower-F 19"
2044,"biomass_depletion","all",0.862419677863899,"ratio","Illustrative surplus-production biomass_depletion","lower-F-19","lower-F 19"
2044,"fishing_mortality","all",0.04,"per year","Illustrative surplus-production fishing_mortality","lower-F-19","lower-F 19"
2044,"catch","all",106691.197832658,"t","Illustrative surplus-production catch","lower-F-19","lower-F 19"
2045,"total_biomass","all",2720346.61449792,"t","Illustrative surplus-production total_biomass","lower-F-19","lower-F 19"
2045,"biomass_depletion","all",0.862218553586214,"ratio","Illustrative surplus-production biomass_depletion","lower-F-19","lower-F 19"
2045,"fishing_mortality","all",0.04,"per year","Illustrative surplus-production fishing_mortality","lower-F-19","lower-F 19"
2045,"catch","all",106666.316454542,"t","Illustrative surplus-production catch","lower-F-19","lower-F 19"
2046,"total_biomass","all",2736922.89837894,"t","Illustrative surplus-production total_biomass","lower-F-19","lower-F 19"
2046,"biomass_depletion","all",0.867472435365676,"ratio","Illustrative surplus-production biomass_depletion","lower-F-19","lower-F 19"
2046,"fishing_mortality","all",0.04,"per year","Illustrative surplus-production fishing_mortality","lower-F-19","lower-F 19"
2046,"catch","all",107316.281842288,"t","Illustrative surplus-production catch","lower-F-19","lower-F 19"
2047,"total_biomass","all",2724805.1813921,"t","Illustrative surplus-production total_biomass","lower-F-19","lower-F 19"
2047,"biomass_depletion","all",0.863631704056848,"ratio","Illustrative surplus-production biomass_depletion","lower-F-19","lower-F 19"
2047,"fishing_mortality","all",0.04,"per year","Illustrative surplus-production fishing_mortality","lower-F-19","lower-F 19"
2047,"catch","all",106841.13936304,"t","Illustrative surplus-production catch","lower-F-19","lower-F 19"
2048,"total_biomass","all",2735313.01508411,"t","Illustrative surplus-production total_biomass","lower-F-19","lower-F 19"
2048,"biomass_depletion","all",0.866962180077427,"ratio","Illustrative surplus-production biomass_depletion","lower-F-19","lower-F 19"
2048,"fishing_mortality","all",0.04,"per year","Illustrative surplus-production fishing_mortality","lower-F-19","lower-F 19"
2048,"catch","all",107253.157415398,"t","Illustrative surplus-production catch","lower-F-19","lower-F 19"
2049,"total_biomass","all",2734128.87501176,"t","Illustrative surplus-production total_biomass","lower-F-19","lower-F 19"
2049,"biomass_depletion","all",0.866586864838191,"ratio","Illustrative surplus-production biomass_depletion","lower-F-19","lower-F 19"
2049,"fishing_mortality","all",0.04,"per year","Illustrative surplus-production fishing_mortality","lower-F-19","lower-F 19"
2049,"catch","all",107206.726619039,"t","Illustrative surplus-production catch","lower-F-19","lower-F 19"
2050,"total_biomass","all",2732962.88604143,"t","Illustrative surplus-production total_biomass","lower-F-19","lower-F 19"
2050,"biomass_depletion","all",0.866217302622063,"ratio","Illustrative surplus-production biomass_depletion","lower-F-19","lower-F 19"
2050,"fishing_mortality","all",0.04,"per year","Illustrative surplus-production fishing_mortality","lower-F-19","lower-F 19"
2050,"catch","all",107161.00753757,"t","Illustrative surplus-production catch","lower-F-19","lower-F 19"
2051,"total_biomass","all",2719512.93262992,"t","Illustrative surplus-production total_biomass","lower-F-19","lower-F 19"
2051,"biomass_depletion","all",0.861954316679583,"ratio","Illustrative surplus-production biomass_depletion","lower-F-19","lower-F 19"
2051,"fishing_mortality","all",0.04,"per year","Illustrative surplus-production fishing_mortality","lower-F-19","lower-F 19"
2051,"catch","all",106633.627320929,"t","Illustrative surplus-production catch","lower-F-19","lower-F 19"
2052,"total_biomass","all",2718972.12983175,"t","Illustrative surplus-production total_biomass","lower-F-19","lower-F 19"
2052,"biomass_depletion","all",0.861782908299516,"ratio","Illustrative surplus-production biomass_depletion","lower-F-19","lower-F 19"
2052,"fishing_mortality","all",0.04,"per year","Illustrative surplus-production fishing_mortality","lower-F-19","lower-F 19"
2052,"catch","all",106612.422139905,"t","Illustrative surplus-production catch","lower-F-19","lower-F 19"
2023,"total_biomass","all",902918.314809643,"t","Illustrative surplus-production total_biomass","lower-F-20","lower-F 20"
2023,"biomass_depletion","all",0.286181517918576,"ratio","Illustrative surplus-production biomass_depletion","lower-F-20","lower-F 20"
2023,"fishing_mortality","all",0.04,"per year","Illustrative surplus-production fishing_mortality","lower-F-20","lower-F 20"
2023,"catch","all",35403.9335233253,"t","Illustrative surplus-production catch","lower-F-20","lower-F 20"
2024,"total_biomass","all",1054141.57090208,"t","Illustrative surplus-production total_biomass","lower-F-20","lower-F 20"
2024,"biomass_depletion","all",0.334111989881862,"ratio","Illustrative surplus-production biomass_depletion","lower-F-20","lower-F 20"
2024,"fishing_mortality","all",0.04,"per year","Illustrative surplus-production fishing_mortality","lower-F-20","lower-F 20"
2024,"catch","all",41333.4822079215,"t","Illustrative surplus-production catch","lower-F-20","lower-F 20"
2025,"total_biomass","all",1244026.14033504,"t","Illustrative surplus-production total_biomass","lower-F-20","lower-F 20"
2025,"biomass_depletion","all",0.394296231820845,"ratio","Illustrative surplus-production biomass_depletion","lower-F-20","lower-F 20"
2025,"fishing_mortality","all",0.04,"per year","Illustrative surplus-production fishing_mortality","lower-F-20","lower-F 20"
2025,"catch","all",48778.9626717077,"t","Illustrative surplus-production catch","lower-F-20","lower-F 20"
2026,"total_biomass","all",1421775.93473414,"t","Illustrative surplus-production total_biomass","lower-F-20","lower-F 20"
2026,"biomass_depletion","all",0.450634335873561,"ratio","Illustrative surplus-production biomass_depletion","lower-F-20","lower-F 20"
2026,"fishing_mortality","all",0.04,"per year","Illustrative surplus-production fishing_mortality","lower-F-20","lower-F 20"
2026,"catch","all",55748.6318006556,"t","Illustrative surplus-production catch","lower-F-20","lower-F 20"
2027,"total_biomass","all",1599386.93524031,"t","Illustrative surplus-production total_biomass","lower-F-20","lower-F 20"
2027,"biomass_depletion","all",0.506928448962415,"ratio","Illustrative surplus-production biomass_depletion","lower-F-20","lower-F 20"
2027,"fishing_mortality","all",0.04,"per year","Illustrative surplus-production fishing_mortality","lower-F-20","lower-F 20"
2027,"catch","all",62712.8587432194,"t","Illustrative surplus-production catch","lower-F-20","lower-F 20"
2028,"total_biomass","all",1770872.89823818,"t","Illustrative surplus-production total_biomass","lower-F-20","lower-F 20"
2028,"biomass_depletion","all",0.561281220843895,"ratio","Illustrative surplus-production biomass_depletion","lower-F-20","lower-F 20"
2028,"fishing_mortality","all",0.04,"per year","Illustrative surplus-production fishing_mortality","lower-F-20","lower-F 20"
2028,"catch","all",69436.9195298699,"t","Illustrative surplus-production catch","lower-F-20","lower-F 20"
2029,"total_biomass","all",1941596.21977934,"t","Illustrative surplus-production total_biomass","lower-F-20","lower-F 20"
2029,"biomass_depletion","all",0.615392272199688,"ratio","Illustrative surplus-production biomass_depletion","lower-F-20","lower-F 20"
2029,"fishing_mortality","all",0.04,"per year","Illustrative surplus-production fishing_mortality","lower-F-20","lower-F 20"
2029,"catch","all",76131.0767172771,"t","Illustrative surplus-production catch","lower-F-20","lower-F 20"
2030,"total_biomass","all",2113002.31318073,"t","Illustrative surplus-production total_biomass","lower-F-20","lower-F 20"
2030,"biomass_depletion","all",0.669719729274744,"ratio","Illustrative surplus-production biomass_depletion","lower-F-20","lower-F 20"
2030,"fishing_mortality","all",0.04,"per year","Illustrative surplus-production fishing_mortality","lower-F-20","lower-F 20"
2030,"catch","all",82852.0057722549,"t","Illustrative surplus-production catch","lower-F-20","lower-F 20"
2031,"total_biomass","all",2253590.65920187,"t","Illustrative surplus-production total_biomass","lower-F-20","lower-F 20"
2031,"biomass_depletion","all",0.71427944813976,"ratio","Illustrative surplus-production biomass_depletion","lower-F-20","lower-F 20"
2031,"fishing_mortality","all",0.04,"per year","Illustrative surplus-production fishing_mortality","lower-F-20","lower-F 20"
2031,"catch","all",88364.5536683909,"t","Illustrative surplus-production catch","lower-F-20","lower-F 20"
2032,"total_biomass","all",2370697.36747432,"t","Illustrative surplus-production total_biomass","lower-F-20","lower-F 20"
2032,"biomass_depletion","all",0.751396621401357,"ratio","Illustrative surplus-production biomass_depletion","lower-F-20","lower-F 20"
2032,"fishing_mortality","all",0.04,"per year","Illustrative surplus-production fishing_mortality","lower-F-20","lower-F 20"
2032,"catch","all",92956.3733787792,"t","Illustrative surplus-production catch","lower-F-20","lower-F 20"
2033,"total_biomass","all",2477121.59715253,"t","Illustrative surplus-production total_biomass","lower-F-20","lower-F 20"
2033,"biomass_depletion","all",0.785127964639249,"ratio","Illustrative surplus-production biomass_depletion","lower-F-20","lower-F 20"
2033,"fishing_mortality","all",0.04,"per year","Illustrative surplus-production fishing_mortality","lower-F-20","lower-F 20"
2033,"catch","all",97129.3271122435,"t","Illustrative surplus-production catch","lower-F-20","lower-F 20"
2034,"total_biomass","all",2533840.97837012,"t","Illustrative surplus-production total_biomass","lower-F-20","lower-F 20"
2034,"biomass_depletion","all",0.803105270388858,"ratio","Illustrative surplus-production biomass_depletion","lower-F-20","lower-F 20"
2034,"fishing_mortality","all",0.04,"per year","Illustrative surplus-production fishing_mortality","lower-F-20","lower-F 20"
2034,"catch","all",99353.3258607186,"t","Illustrative surplus-production catch","lower-F-20","lower-F 20"
2035,"total_biomass","all",2583067.2266514,"t","Illustrative surplus-production total_biomass","lower-F-20","lower-F 20"
2035,"biomass_depletion","all",0.818707614724449,"ratio","Illustrative surplus-production biomass_depletion","lower-F-20","lower-F 20"
2035,"fishing_mortality","all",0.04,"per year","Illustrative surplus-production fishing_mortality","lower-F-20","lower-F 20"
2035,"catch","all",101283.514664254,"t","Illustrative surplus-production catch","lower-F-20","lower-F 20"
2036,"total_biomass","all",2644345.03768187,"t","Illustrative surplus-production total_biomass","lower-F-20","lower-F 20"
2036,"biomass_depletion","all",0.838129722669092,"ratio","Illustrative surplus-production biomass_depletion","lower-F-20","lower-F 20"
2036,"fishing_mortality","all",0.04,"per year","Illustrative surplus-production fishing_mortality","lower-F-20","lower-F 20"
2036,"catch","all",103686.252002277,"t","Illustrative surplus-production catch","lower-F-20","lower-F 20"
2037,"total_biomass","all",2663745.34546374,"t","Illustrative surplus-production total_biomass","lower-F-20","lower-F 20"
2037,"biomass_depletion","all",0.844278683696949,"ratio","Illustrative surplus-production biomass_depletion","lower-F-20","lower-F 20"
2037,"fishing_mortality","all",0.04,"per year","Illustrative surplus-production fishing_mortality","lower-F-20","lower-F 20"
2037,"catch","all",104446.948951022,"t","Illustrative surplus-production catch","lower-F-20","lower-F 20"
2038,"total_biomass","all",2690787.07666083,"t","Illustrative surplus-production total_biomass","lower-F-20","lower-F 20"
2038,"biomass_depletion","all",0.852849607061993,"ratio","Illustrative surplus-production biomass_depletion","lower-F-20","lower-F 20"
2038,"fishing_mortality","all",0.04,"per year","Illustrative surplus-production fishing_mortality","lower-F-20","lower-F 20"
2038,"catch","all",105507.270397552,"t","Illustrative surplus-production catch","lower-F-20","lower-F 20"
2039,"total_biomass","all",2706627.02813466,"t","Illustrative surplus-production total_biomass","lower-F-20","lower-F 20"
2039,"biomass_depletion","all",0.857870107014411,"ratio","Illustrative surplus-production biomass_depletion","lower-F-20","lower-F 20"
2039,"fishing_mortality","all",0.04,"per year","Illustrative surplus-production fishing_mortality","lower-F-20","lower-F 20"
2039,"catch","all",106128.363778641,"t","Illustrative surplus-production catch","lower-F-20","lower-F 20"
2040,"total_biomass","all",2735918.45946654,"t","Illustrative surplus-production total_biomass","lower-F-20","lower-F 20"
2040,"biomass_depletion","all",0.867154076719169,"ratio","Illustrative surplus-production biomass_depletion","lower-F-20","lower-F 20"
2040,"fishing_mortality","all",0.04,"per year","Illustrative surplus-production fishing_mortality","lower-F-20","lower-F 20"
2040,"catch","all",107276.897229195,"t","Illustrative surplus-production catch","lower-F-20","lower-F 20"
2041,"total_biomass","all",2752155.21492007,"t","Illustrative surplus-production total_biomass","lower-F-20","lower-F 20"
2041,"biomass_depletion","all",0.872300344377662,"ratio","Illustrative surplus-production biomass_depletion","lower-F-20","lower-F 20"
2041,"fishing_mortality","all",0.04,"per year","Illustrative surplus-production fishing_mortality","lower-F-20","lower-F 20"
2041,"catch","all",107913.549516875,"t","Illustrative surplus-production catch","lower-F-20","lower-F 20"
2042,"total_biomass","all",2751371.30423859,"t","Illustrative surplus-production total_biomass","lower-F-20","lower-F 20"
2042,"biomass_depletion","all",0.872051882534481,"ratio","Illustrative surplus-production biomass_depletion","lower-F-20","lower-F 20"
2042,"fishing_mortality","all",0.04,"per year","Illustrative surplus-production fishing_mortality","lower-F-20","lower-F 20"
2042,"catch","all",107882.811939399,"t","Illustrative surplus-production catch","lower-F-20","lower-F 20"
2043,"total_biomass","all",2753947.65497372,"t","Illustrative surplus-production total_biomass","lower-F-20","lower-F 20"
2043,"biomass_depletion","all",0.872868461345628,"ratio","Illustrative surplus-production biomass_depletion","lower-F-20","lower-F 20"
2043,"fishing_mortality","all",0.04,"per year","Illustrative surplus-production fishing_mortality","lower-F-20","lower-F 20"
2043,"catch","all",107983.832096664,"t","Illustrative surplus-production catch","lower-F-20","lower-F 20"
2044,"total_biomass","all",2728401.66398164,"t","Illustrative surplus-production total_biomass","lower-F-20","lower-F 20"
2044,"biomass_depletion","all",0.86477161541955,"ratio","Illustrative surplus-production biomass_depletion","lower-F-20","lower-F 20"
2044,"fishing_mortality","all",0.04,"per year","Illustrative surplus-production fishing_mortality","lower-F-20","lower-F 20"
2044,"catch","all",106982.159462455,"t","Illustrative surplus-production catch","lower-F-20","lower-F 20"
2045,"total_biomass","all",2731199.39187684,"t","Illustrative surplus-production total_biomass","lower-F-20","lower-F 20"
2045,"biomass_depletion","all",0.865658360103582,"ratio","Illustrative surplus-production biomass_depletion","lower-F-20","lower-F 20"
2045,"fishing_mortality","all",0.04,"per year","Illustrative surplus-production fishing_mortality","lower-F-20","lower-F 20"
2045,"catch","all",107091.859942325,"t","Illustrative surplus-production catch","lower-F-20","lower-F 20"
2046,"total_biomass","all",2740022.05815526,"t","Illustrative surplus-production total_biomass","lower-F-20","lower-F 20"
2046,"biomass_depletion","all",0.868454719404564,"ratio","Illustrative surplus-production biomass_depletion","lower-F-20","lower-F 20"
2046,"fishing_mortality","all",0.04,"per year","Illustrative surplus-production fishing_mortality","lower-F-20","lower-F 20"
2046,"catch","all",107437.801635273,"t","Illustrative surplus-production catch","lower-F-20","lower-F 20"
2047,"total_biomass","all",2763817.89631483,"t","Illustrative surplus-production total_biomass","lower-F-20","lower-F 20"
2047,"biomass_depletion","all",0.875996851370385,"ratio","Illustrative surplus-production biomass_depletion","lower-F-20","lower-F 20"
2047,"fishing_mortality","all",0.04,"per year","Illustrative surplus-production fishing_mortality","lower-F-20","lower-F 20"
2047,"catch","all",108370.849795351,"t","Illustrative surplus-production catch","lower-F-20","lower-F 20"
2048,"total_biomass","all",2759001.44121133,"t","Illustrative surplus-production total_biomass","lower-F-20","lower-F 20"
2048,"biomass_depletion","all",0.874470267614248,"ratio","Illustrative surplus-production biomass_depletion","lower-F-20","lower-F 20"
2048,"fishing_mortality","all",0.04,"per year","Illustrative surplus-production fishing_mortality","lower-F-20","lower-F 20"
2048,"catch","all",108181.993889445,"t","Illustrative surplus-production catch","lower-F-20","lower-F 20"
2049,"total_biomass","all",2759717.12110163,"t","Illustrative surplus-production total_biomass","lower-F-20","lower-F 20"
2049,"biomass_depletion","all",0.874697103590427,"ratio","Illustrative surplus-production biomass_depletion","lower-F-20","lower-F 20"
2049,"fishing_mortality","all",0.04,"per year","Illustrative surplus-production fishing_mortality","lower-F-20","lower-F 20"
2049,"catch","all",108210.056099331,"t","Illustrative surplus-production catch","lower-F-20","lower-F 20"
2050,"total_biomass","all",2755612.41259963,"t","Illustrative surplus-production total_biomass","lower-F-20","lower-F 20"
2050,"biomass_depletion","all",0.8733961091478,"ratio","Illustrative surplus-production biomass_depletion","lower-F-20","lower-F 20"
2050,"fishing_mortality","all",0.04,"per year","Illustrative surplus-production fishing_mortality","lower-F-20","lower-F 20"
2050,"catch","all",108049.108176851,"t","Illustrative surplus-production catch","lower-F-20","lower-F 20"
2051,"total_biomass","all",2741941.09091504,"t","Illustrative surplus-production total_biomass","lower-F-20","lower-F 20"
2051,"biomass_depletion","all",0.869062960149183,"ratio","Illustrative surplus-production biomass_depletion","lower-F-20","lower-F 20"
2051,"fishing_mortality","all",0.04,"per year","Illustrative surplus-production fishing_mortality","lower-F-20","lower-F 20"
2051,"catch","all",107513.047986069,"t","Illustrative surplus-production catch","lower-F-20","lower-F 20"
2052,"total_biomass","all",2742557.62012551,"t","Illustrative surplus-production total_biomass","lower-F-20","lower-F 20"
2052,"biomass_depletion","all",0.869258370146301,"ratio","Illustrative surplus-production biomass_depletion","lower-F-20","lower-F 20"
2052,"fishing_mortality","all",0.04,"per year","Illustrative surplus-production fishing_mortality","lower-F-20","lower-F 20"
2052,"catch","all",107537.222442191,"t","Illustrative surplus-production catch","lower-F-20","lower-F 20"
2023,"total_biomass","all",902918.314809643,"t","Illustrative surplus-production total_biomass","higher-F-1","higher-F 1"
2023,"biomass_depletion","all",0.286181517918576,"ratio","Illustrative surplus-production biomass_depletion","higher-F-1","higher-F 1"
2023,"fishing_mortality","all",0.08,"per year","Illustrative surplus-production fishing_mortality","higher-F-1","higher-F 1"
2023,"catch","all",69419.6589569872,"t","Illustrative surplus-production catch","higher-F-1","higher-F 1"
2024,"total_biomass","all",1030793.87750273,"t","Illustrative surplus-production total_biomass","higher-F-1","higher-F 1"
2024,"biomass_depletion","all",0.326711898171097,"ratio","Illustrative surplus-production biomass_depletion","higher-F-1","higher-F 1"
2024,"fishing_mortality","all",0.08,"per year","Illustrative surplus-production fishing_mortality","higher-F-1","higher-F 1"
2024,"catch","all",79251.1994246968,"t","Illustrative surplus-production catch","higher-F-1","higher-F 1"
2025,"total_biomass","all",1171666.12791526,"t","Illustrative surplus-production total_biomass","higher-F-1","higher-F 1"
2025,"biomass_depletion","all",0.371361601022857,"ratio","Illustrative surplus-production biomass_depletion","higher-F-1","higher-F 1"
2025,"fishing_mortality","all",0.08,"per year","Illustrative surplus-production fishing_mortality","higher-F-1","higher-F 1"
2025,"catch","all",90081.9727291486,"t","Illustrative surplus-production catch","higher-F-1","higher-F 1"
2026,"total_biomass","all",1301768.87703728,"t","Illustrative surplus-production total_biomass","higher-F-1","higher-F 1"
2026,"biomass_depletion","all",0.412597891857172,"ratio","Illustrative surplus-production biomass_depletion","higher-F-1","higher-F 1"
2026,"fishing_mortality","all",0.08,"per year","Illustrative surplus-production fishing_mortality","higher-F-1","higher-F 1"
2026,"catch","all",100084.747426793,"t","Illustrative surplus-production catch","higher-F-1","higher-F 1"
2027,"total_biomass","all",1422332.50481775,"t","Illustrative surplus-production total_biomass","higher-F-1","higher-F 1"
2027,"biomass_depletion","all",0.450810741721954,"ratio","Illustrative surplus-production biomass_depletion","higher-F-1","higher-F 1"
2027,"fishing_mortality","all",0.08,"per year","Illustrative surplus-production fishing_mortality","higher-F-1","higher-F 1"
2027,"catch","all",109354.119623436,"t","Illustrative surplus-production catch","higher-F-1","higher-F 1"
2028,"total_biomass","all",1566313.31045112,"t","Illustrative surplus-production total_biomass","higher-F-1","higher-F 1"
2028,"biomass_depletion","all",0.496445706514961,"ratio","Illustrative surplus-production biomass_depletion","higher-F-1","higher-F 1"
2028,"fishing_mortality","all",0.08,"per year","Illustrative surplus-production fishing_mortality","higher-F-1","higher-F 1"
2028,"catch","all",120423.890010726,"t","Illustrative surplus-production catch","higher-F-1","higher-F 1"
2029,"total_biomass","all",1658609.14454884,"t","Illustrative surplus-production total_biomass","higher-F-1","higher-F 1"
2029,"biomass_depletion","all",0.525699030394226,"ratio","Illustrative surplus-production biomass_depletion","higher-F-1","higher-F 1"
2029,"fishing_mortality","all",0.08,"per year","Illustrative surplus-production fishing_mortality","higher-F-1","higher-F 1"
2029,"catch","all",127519.930949452,"t","Illustrative surplus-production catch","higher-F-1","higher-F 1"
2030,"total_biomass","all",1780974.4360661,"t","Illustrative surplus-production total_biomass","higher-F-1","higher-F 1"
2030,"biomass_depletion","all",0.564482920689264,"ratio","Illustrative surplus-production biomass_depletion","higher-F-1","higher-F 1"
2030,"fishing_mortality","all",0.08,"per year","Illustrative surplus-production fishing_mortality","higher-F-1","higher-F 1"
2030,"catch","all",136927.821636763,"t","Illustrative surplus-production catch","higher-F-1","higher-F 1"
2031,"total_biomass","all",1878533.07963729,"t","Illustrative surplus-production total_biomass","higher-F-1","higher-F 1"
2031,"biomass_depletion","all",0.595404301112439,"ratio","Illustrative surplus-production biomass_depletion","higher-F-1","higher-F 1"
2031,"fishing_mortality","all",0.08,"per year","Illustrative surplus-production fishing_mortality","higher-F-1","higher-F 1"
2031,"catch","all",144428.48659608,"t","Illustrative surplus-production catch","higher-F-1","higher-F 1"
2032,"total_biomass","all",1918559.44018866,"t","Illustrative surplus-production total_biomass","higher-F-1","higher-F 1"
2032,"biomass_depletion","all",0.608090725157078,"ratio","Illustrative surplus-production biomass_depletion","higher-F-1","higher-F 1"
2032,"fishing_mortality","all",0.08,"per year","Illustrative surplus-production fishing_mortality","higher-F-1","higher-F 1"
2032,"catch","all",147505.859436115,"t","Illustrative surplus-production catch","higher-F-1","higher-F 1"
2033,"total_biomass","all",1987022.91495906,"t","Illustrative surplus-production total_biomass","higher-F-1","higher-F 1"
2033,"biomass_depletion","all",0.629790341623386,"ratio","Illustrative surplus-production biomass_depletion","higher-F-1","higher-F 1"
2033,"fishing_mortality","all",0.08,"per year","Illustrative surplus-production fishing_mortality","higher-F-1","higher-F 1"
2033,"catch","all",152769.58151553,"t","Illustrative surplus-production catch","higher-F-1","higher-F 1"
2034,"total_biomass","all",2078199.02148348,"t","Illustrative surplus-production total_biomass","higher-F-1","higher-F 1"
2034,"biomass_depletion","all",0.658688765916134,"ratio","Illustrative surplus-production biomass_depletion","higher-F-1","higher-F 1"
2034,"fishing_mortality","all",0.08,"per year","Illustrative surplus-production fishing_mortality","higher-F-1","higher-F 1"
2034,"catch","all",159779.533707368,"t","Illustrative surplus-production catch","higher-F-1","higher-F 1"
2035,"total_biomass","all",2098103.98048677,"t","Illustrative surplus-production total_biomass","higher-F-1","higher-F 1"
2035,"biomass_depletion","all",0.664997677019428,"ratio","Illustrative surplus-production biomass_depletion","higher-F-1","higher-F 1"
2035,"fishing_mortality","all",0.08,"per year","Illustrative surplus-production fishing_mortality","higher-F-1","higher-F 1"
2035,"catch","all",161309.899680566,"t","Illustrative surplus-production catch","higher-F-1","higher-F 1"
2036,"total_biomass","all",2172904.37208892,"t","Illustrative surplus-production total_biomass","higher-F-1","higher-F 1"
2036,"biomass_depletion","all",0.688705790210288,"ratio","Illustrative surplus-production biomass_depletion","higher-F-1","higher-F 1"
2036,"fishing_mortality","all",0.08,"per year","Illustrative surplus-production fishing_mortality","higher-F-1","higher-F 1"
2036,"catch","all",167060.827078649,"t","Illustrative surplus-production catch","higher-F-1","higher-F 1"
2037,"total_biomass","all",2232798.22708226,"t","Illustrative surplus-production total_biomass","higher-F-1","higher-F 1"
2037,"biomass_depletion","all",0.707689250900863,"ratio","Illustrative surplus-production biomass_depletion","higher-F-1","higher-F 1"
2037,"fishing_mortality","all",0.08,"per year","Illustrative surplus-production fishing_mortality","higher-F-1","higher-F 1"
2037,"catch","all",171665.685479526,"t","Illustrative surplus-production catch","higher-F-1","higher-F 1"
2038,"total_biomass","all",2275707.23343969,"t","Illustrative surplus-production total_biomass","higher-F-1","higher-F 1"
2038,"biomass_depletion","all",0.721289334507912,"ratio","Illustrative surplus-production biomass_depletion","higher-F-1","higher-F 1"
2038,"fishing_mortality","all",0.08,"per year","Illustrative surplus-production fishing_mortality","higher-F-1","higher-F 1"
2038,"catch","all",174964.686661205,"t","Illustrative surplus-production catch","higher-F-1","higher-F 1"
2039,"total_biomass","all",2289361.38243018,"t","Illustrative surplus-production total_biomass","higher-F-1","higher-F 1"
2039,"biomass_depletion","all",0.725617040591501,"ratio","Illustrative surplus-production biomass_depletion","higher-F-1","higher-F 1"
2039,"fishing_mortality","all",0.08,"per year","Illustrative surplus-production fishing_mortality","higher-F-1","higher-F 1"
2039,"catch","all",176014.467522575,"t","Illustrative surplus-production catch","higher-F-1","higher-F 1"
2040,"total_biomass","all",2292970.77582421,"t","Illustrative surplus-production total_biomass","higher-F-1","higher-F 1"
2040,"biomass_depletion","all",0.726761044055963,"ratio","Illustrative surplus-production biomass_depletion","higher-F-1","higher-F 1"
2040,"fishing_mortality","all",0.08,"per year","Illustrative surplus-production fishing_mortality","higher-F-1","higher-F 1"
2040,"catch","all",176291.970874036,"t","Illustrative surplus-production catch","higher-F-1","higher-F 1"
2041,"total_biomass","all",2282130.48740396,"t","Illustrative surplus-production total_biomass","higher-F-1","higher-F 1"
2041,"biomass_depletion","all",0.723325195935597,"ratio","Illustrative surplus-production biomass_depletion","higher-F-1","higher-F 1"
2041,"fishing_mortality","all",0.08,"per year","Illustrative surplus-production fishing_mortality","higher-F-1","higher-F 1"
2041,"catch","all",175458.529894064,"t","Illustrative surplus-production catch","higher-F-1","higher-F 1"
2042,"total_biomass","all",2294314.95200637,"t","Illustrative surplus-production total_biomass","higher-F-1","higher-F 1"
2042,"biomass_depletion","all",0.727187083016356,"ratio","Illustrative surplus-production biomass_depletion","higher-F-1","higher-F 1"
2042,"fishing_mortality","all",0.08,"per year","Illustrative surplus-production fishing_mortality","higher-F-1","higher-F 1"
2042,"catch","all",176395.31605002,"t","Illustrative surplus-production catch","higher-F-1","higher-F 1"
2043,"total_biomass","all",2301757.0935975,"t","Illustrative surplus-production total_biomass","higher-F-1","higher-F 1"
2043,"biomass_depletion","all",0.729545882635525,"ratio","Illustrative surplus-production biomass_depletion","higher-F-1","higher-F 1"
2043,"fishing_mortality","all",0.08,"per year","Illustrative surplus-production fishing_mortality","higher-F-1","higher-F 1"
2043,"catch","all",176967.495086254,"t","Illustrative surplus-production catch","higher-F-1","higher-F 1"
2044,"total_biomass","all",2341690.42719361,"t","Illustrative surplus-production total_biomass","higher-F-1","higher-F 1"
2044,"biomass_depletion","all",0.742202821626171,"ratio","Illustrative surplus-production biomass_depletion","higher-F-1","higher-F 1"
2044,"fishing_mortality","all",0.08,"per year","Illustrative surplus-production fishing_mortality","higher-F-1","higher-F 1"
2044,"catch","all",180037.715674084,"t","Illustrative surplus-production catch","higher-F-1","higher-F 1"
2045,"total_biomass","all",2346002.90919231,"t","Illustrative surplus-production total_biomass","higher-F-1","higher-F 1"
2045,"biomass_depletion","all",0.743569670237105,"ratio","Illustrative surplus-production biomass_depletion","higher-F-1","higher-F 1"
2045,"fishing_mortality","all",0.08,"per year","Illustrative surplus-production fishing_mortality","higher-F-1","higher-F 1"
2045,"catch","all",180369.275046286,"t","Illustrative surplus-production catch","higher-F-1","higher-F 1"
2046,"total_biomass","all",2338042.30800149,"t","Illustrative surplus-production total_biomass","higher-F-1","higher-F 1"
2046,"biomass_depletion","all",0.741046543953182,"ratio","Illustrative surplus-production biomass_depletion","higher-F-1","higher-F 1"
2046,"fishing_mortality","all",0.08,"per year","Illustrative surplus-production fishing_mortality","higher-F-1","higher-F 1"
2046,"catch","all",179757.234941778,"t","Illustrative surplus-production catch","higher-F-1","higher-F 1"
2047,"total_biomass","all",2354429.16366446,"t","Illustrative surplus-production total_biomass","higher-F-1","higher-F 1"
2047,"biomass_depletion","all",0.746240386132061,"ratio","Illustrative surplus-production biomass_depletion","higher-F-1","higher-F 1"
2047,"fishing_mortality","all",0.08,"per year","Illustrative surplus-production fishing_mortality","higher-F-1","higher-F 1"
2047,"catch","all",181017.116276381,"t","Illustrative surplus-production catch","higher-F-1","higher-F 1"
2048,"total_biomass","all",2364354.70747761,"t","Illustrative surplus-production total_biomass","higher-F-1","higher-F 1"
2048,"biomass_depletion","all",0.749386304370759,"ratio","Illustrative surplus-production biomass_depletion","higher-F-1","higher-F 1"
2048,"fishing_mortality","all",0.08,"per year","Illustrative surplus-production fishing_mortality","higher-F-1","higher-F 1"
2048,"catch","all",181780.228348836,"t","Illustrative surplus-production catch","higher-F-1","higher-F 1"
2049,"total_biomass","all",2352949.14289321,"t","Illustrative surplus-production total_biomass","higher-F-1","higher-F 1"
2049,"biomass_depletion","all",0.745771290994747,"ratio","Illustrative surplus-production biomass_depletion","higher-F-1","higher-F 1"
2049,"fishing_mortality","all",0.08,"per year","Illustrative surplus-production fishing_mortality","higher-F-1","higher-F 1"
2049,"catch","all",180903.326872064,"t","Illustrative surplus-production catch","higher-F-1","higher-F 1"
2050,"total_biomass","all",2357805.83861564,"t","Illustrative surplus-production total_biomass","higher-F-1","higher-F 1"
2050,"biomass_depletion","all",0.747310629084493,"ratio","Illustrative surplus-production biomass_depletion","higher-F-1","higher-F 1"
2050,"fishing_mortality","all",0.08,"per year","Illustrative surplus-production fishing_mortality","higher-F-1","higher-F 1"
2050,"catch","all",181276.727383693,"t","Illustrative surplus-production catch","higher-F-1","higher-F 1"
2051,"total_biomass","all",2346045.83106639,"t","Illustrative surplus-production total_biomass","higher-F-1","higher-F 1"
2051,"biomass_depletion","all",0.743583274399159,"ratio","Illustrative surplus-production biomass_depletion","higher-F-1","higher-F 1"
2051,"fishing_mortality","all",0.08,"per year","Illustrative surplus-production fishing_mortality","higher-F-1","higher-F 1"
2051,"catch","all",180372.575036785,"t","Illustrative surplus-production catch","higher-F-1","higher-F 1"
2052,"total_biomass","all",2336019.91577811,"t","Illustrative surplus-production total_biomass","higher-F-1","higher-F 1"
2052,"biomass_depletion","all",0.740405543248222,"ratio","Illustrative surplus-production biomass_depletion","higher-F-1","higher-F 1"
2052,"fishing_mortality","all",0.08,"per year","Illustrative surplus-production fishing_mortality","higher-F-1","higher-F 1"
2052,"catch","all",179601.746038605,"t","Illustrative surplus-production catch","higher-F-1","higher-F 1"
2023,"total_biomass","all",902918.314809643,"t","Illustrative surplus-production total_biomass","higher-F-2","higher-F 2"
2023,"biomass_depletion","all",0.286181517918576,"ratio","Illustrative surplus-production biomass_depletion","higher-F-2","higher-F 2"
2023,"fishing_mortality","all",0.08,"per year","Illustrative surplus-production fishing_mortality","higher-F-2","higher-F 2"
2023,"catch","all",69419.6589569872,"t","Illustrative surplus-production catch","higher-F-2","higher-F 2"
2024,"total_biomass","all",1020177.72129114,"t","Illustrative surplus-production total_biomass","higher-F-2","higher-F 2"
2024,"biomass_depletion","all",0.323347089141019,"ratio","Illustrative surplus-production biomass_depletion","higher-F-2","higher-F 2"
2024,"fishing_mortality","all",0.08,"per year","Illustrative surplus-production fishing_mortality","higher-F-2","higher-F 2"
2024,"catch","all",78434.9905478193,"t","Illustrative surplus-production catch","higher-F-2","higher-F 2"
2025,"total_biomass","all",1132370.83329473,"t","Illustrative surplus-production total_biomass","higher-F-2","higher-F 2"
2025,"biomass_depletion","all",0.358906889586494,"ratio","Illustrative surplus-production biomass_depletion","higher-F-2","higher-F 2"
2025,"fishing_mortality","all",0.08,"per year","Illustrative surplus-production fishing_mortality","higher-F-2","higher-F 2"
2025,"catch","all",87060.8069089086,"t","Illustrative surplus-production catch","higher-F-2","higher-F 2"
2026,"total_biomass","all",1277439.30237078,"t","Illustrative surplus-production total_biomass","higher-F-2","higher-F 2"
2026,"biomass_depletion","all",0.404886591184484,"ratio","Illustrative surplus-production biomass_depletion","higher-F-2","higher-F 2"
2026,"fishing_mortality","all",0.08,"per year","Illustrative surplus-production fishing_mortality","higher-F-2","higher-F 2"
2026,"catch","all",98214.2008355724,"t","Illustrative surplus-production catch","higher-F-2","higher-F 2"
2027,"total_biomass","all",1418819.57032876,"t","Illustrative surplus-production total_biomass","higher-F-2","higher-F 2"
2027,"biomass_depletion","all",0.449697311073891,"ratio","Illustrative surplus-production biomass_depletion","higher-F-2","higher-F 2"
2027,"fishing_mortality","all",0.08,"per year","Illustrative surplus-production fishing_mortality","higher-F-2","higher-F 2"
2027,"catch","all",109084.032385019,"t","Illustrative surplus-production catch","higher-F-2","higher-F 2"
2028,"total_biomass","all",1541040.1093239,"t","Illustrative surplus-production total_biomass","higher-F-2","higher-F 2"
2028,"biomass_depletion","all",0.488435321807263,"ratio","Illustrative surplus-production biomass_depletion","higher-F-2","higher-F 2"
2028,"fishing_mortality","all",0.08,"per year","Illustrative surplus-production fishing_mortality","higher-F-2","higher-F 2"
2028,"catch","all",118480.793969559,"t","Illustrative surplus-production catch","higher-F-2","higher-F 2"
2029,"total_biomass","all",1691170.9048303,"t","Illustrative surplus-production total_biomass","higher-F-2","higher-F 2"
2029,"biomass_depletion","all",0.536019536502701,"ratio","Illustrative surplus-production biomass_depletion","higher-F-2","higher-F 2"
2029,"fishing_mortality","all",0.08,"per year","Illustrative surplus-production fishing_mortality","higher-F-2","higher-F 2"
2029,"catch","all",130023.398047972,"t","Illustrative surplus-production catch","higher-F-2","higher-F 2"
2030,"total_biomass","all",1805454.85272858,"t","Illustrative surplus-production total_biomass","higher-F-2","higher-F 2"
2030,"biomass_depletion","all",0.572242030992863,"ratio","Illustrative surplus-production biomass_depletion","higher-F-2","higher-F 2"
2030,"fishing_mortality","all",0.08,"per year","Illustrative surplus-production fishing_mortality","higher-F-2","higher-F 2"
2030,"catch","all",138809.965511752,"t","Illustrative surplus-production catch","higher-F-2","higher-F 2"
2031,"total_biomass","all",1910812.96603906,"t","Illustrative surplus-production total_biomass","higher-F-2","higher-F 2"
2031,"biomass_depletion","all",0.605635466808359,"ratio","Illustrative surplus-production biomass_depletion","higher-F-2","higher-F 2"
2031,"fishing_mortality","all",0.08,"per year","Illustrative surplus-production fishing_mortality","higher-F-2","higher-F 2"
2031,"catch","all",146910.282200873,"t","Illustrative surplus-production catch","higher-F-2","higher-F 2"
2032,"total_biomass","all",1982253.07391339,"t","Illustrative surplus-production total_biomass","higher-F-2","higher-F 2"
2032,"biomass_depletion","all",0.628278532273313,"ratio","Illustrative surplus-production biomass_depletion","higher-F-2","higher-F 2"
2032,"fishing_mortality","all",0.08,"per year","Illustrative surplus-production fishing_mortality","higher-F-2","higher-F 2"
2032,"catch","all",152402.858708783,"t","Illustrative surplus-production catch","higher-F-2","higher-F 2"
2033,"total_biomass","all",2076703.04890729,"t","Illustrative surplus-production total_biomass","higher-F-2","higher-F 2"
2033,"biomass_depletion","all",0.658214614826723,"ratio","Illustrative surplus-production biomass_depletion","higher-F-2","higher-F 2"
2033,"fishing_mortality","all",0.08,"per year","Illustrative surplus-production fishing_mortality","higher-F-2","higher-F 2"
2033,"catch","all",159664.517870006,"t","Illustrative surplus-production catch","higher-F-2","higher-F 2"
2034,"total_biomass","all",2131361.11426655,"t","Illustrative surplus-production total_biomass","higher-F-2","higher-F 2"
2034,"biomass_depletion","all",0.675538582958107,"ratio","Illustrative surplus-production biomass_depletion","higher-F-2","higher-F 2"
2034,"fishing_mortality","all",0.08,"per year","Illustrative surplus-production fishing_mortality","higher-F-2","higher-F 2"
2034,"catch","all",163866.829634264,"t","Illustrative surplus-production catch","higher-F-2","higher-F 2"
2035,"total_biomass","all",2166670.40235351,"t","Illustrative surplus-production total_biomass","higher-F-2","higher-F 2"
2035,"biomass_depletion","all",0.686729922745562,"ratio","Illustrative surplus-production biomass_depletion","higher-F-2","higher-F 2"
2035,"fishing_mortality","all",0.08,"per year","Illustrative surplus-production fishing_mortality","higher-F-2","higher-F 2"
2035,"catch","all",166581.536708876,"t","Illustrative surplus-production catch","higher-F-2","higher-F 2"
2036,"total_biomass","all",2218002.80716615,"t","Illustrative surplus-production total_biomass","higher-F-2","higher-F 2"
2036,"biomass_depletion","all",0.702999817028069,"ratio","Illustrative surplus-production biomass_depletion","higher-F-2","higher-F 2"
2036,"fishing_mortality","all",0.08,"per year","Illustrative surplus-production fishing_mortality","higher-F-2","higher-F 2"
2036,"catch","all",170528.159539632,"t","Illustrative surplus-production catch","higher-F-2","higher-F 2"
2037,"total_biomass","all",2232183.13357721,"t","Illustrative surplus-production total_biomass","higher-F-2","higher-F 2"
2037,"biomass_depletion","all",0.707494295953057,"ratio","Illustrative surplus-production biomass_depletion","higher-F-2","higher-F 2"
2037,"fishing_mortality","all",0.08,"per year","Illustrative surplus-production fishing_mortality","higher-F-2","higher-F 2"
2037,"catch","all",171618.394843544,"t","Illustrative surplus-production catch","higher-F-2","higher-F 2"
2038,"total_biomass","all",2239731.93136894,"t","Illustrative surplus-production total_biomass","higher-F-2","higher-F 2"
2038,"biomass_depletion","all",0.709886900439049,"ratio","Illustrative surplus-production biomass_depletion","higher-F-2","higher-F 2"
2038,"fishing_mortality","all",0.08,"per year","Illustrative surplus-production fishing_mortality","higher-F-2","higher-F 2"
2038,"catch","all",172198.773998161,"t","Illustrative surplus-production catch","higher-F-2","higher-F 2"
2039,"total_biomass","all",2283607.55348363,"t","Illustrative surplus-production total_biomass","higher-F-2","higher-F 2"
2039,"biomass_depletion","all",0.723793354578315,"ratio","Illustrative surplus-production biomass_depletion","higher-F-2","higher-F 2"
2039,"fishing_mortality","all",0.08,"per year","Illustrative surplus-production fishing_mortality","higher-F-2","higher-F 2"
2039,"catch","all",175572.092130898,"t","Illustrative surplus-production catch","higher-F-2","higher-F 2"
2040,"total_biomass","all",2312333.19160903,"t","Illustrative surplus-production total_biomass","higher-F-2","higher-F 2"
2040,"biomass_depletion","all",0.732897995149971,"ratio","Illustrative surplus-production biomass_depletion","higher-F-2","higher-F 2"
2040,"fishing_mortality","all",0.08,"per year","Illustrative surplus-production fishing_mortality","higher-F-2","higher-F 2"
2040,"catch","all",177780.624142354,"t","Illustrative surplus-production catch","higher-F-2","higher-F 2"
2041,"total_biomass","all",2335347.30512801,"t","Illustrative surplus-production total_biomass","higher-F-2","higher-F 2"
2041,"biomass_depletion","all",0.740192358142042,"ratio","Illustrative surplus-production biomass_depletion","higher-F-2","higher-F 2"
2041,"fishing_mortality","all",0.08,"per year","Illustrative surplus-production fishing_mortality","higher-F-2","higher-F 2"
2041,"catch","all",179550.033274365,"t","Illustrative surplus-production catch","higher-F-2","higher-F 2"
2042,"total_biomass","all",2347337.45986213,"t","Illustrative surplus-production total_biomass","higher-F-2","higher-F 2"
2042,"biomass_depletion","all",0.743992658374753,"ratio","Illustrative surplus-production biomass_depletion","higher-F-2","higher-F 2"
2042,"fishing_mortality","all",0.08,"per year","Illustrative surplus-production fishing_mortality","higher-F-2","higher-F 2"
2042,"catch","all",180471.880177714,"t","Illustrative surplus-production catch","higher-F-2","higher-F 2"
2043,"total_biomass","all",2349518.66510457,"t","Illustrative surplus-production total_biomass","higher-F-2","higher-F 2"
2043,"biomass_depletion","all",0.744683995140144,"ratio","Illustrative surplus-production biomass_depletion","higher-F-2","higher-F 2"
2043,"fishing_mortality","all",0.08,"per year","Illustrative surplus-production fishing_mortality","higher-F-2","higher-F 2"
2043,"catch","all",180639.579206034,"t","Illustrative surplus-production catch","higher-F-2","higher-F 2"
2044,"total_biomass","all",2335145.23249738,"t","Illustrative surplus-production total_biomass","higher-F-2","higher-F 2"
2044,"biomass_depletion","all",0.740128310873074,"ratio","Illustrative surplus-production biomass_depletion","higher-F-2","higher-F 2"
2044,"fishing_mortality","all",0.08,"per year","Illustrative surplus-production fishing_mortality","higher-F-2","higher-F 2"
2044,"catch","all",179534.497192227,"t","Illustrative surplus-production catch","higher-F-2","higher-F 2"
2045,"total_biomass","all",2329481.27399127,"t","Illustrative surplus-production total_biomass","higher-F-2","higher-F 2"
2045,"biomass_depletion","all",0.738333109451064,"ratio","Illustrative surplus-production biomass_depletion","higher-F-2","higher-F 2"
2045,"fishing_mortality","all",0.08,"per year","Illustrative surplus-production fishing_mortality","higher-F-2","higher-F 2"
2045,"catch","all",179099.031368363,"t","Illustrative surplus-production catch","higher-F-2","higher-F 2"
2046,"total_biomass","all",2329128.30595646,"t","Illustrative surplus-production total_biomass","higher-F-2","higher-F 2"
2046,"biomass_depletion","all",0.738221235623364,"ratio","Illustrative surplus-production biomass_depletion","higher-F-2","higher-F 2"
2046,"fishing_mortality","all",0.08,"per year","Illustrative surplus-production fishing_mortality","higher-F-2","higher-F 2"
2046,"catch","all",179071.893896238,"t","Illustrative surplus-production catch","higher-F-2","higher-F 2"
2047,"total_biomass","all",2346959.19579284,"t","Illustrative surplus-production total_biomass","higher-F-2","higher-F 2"
2047,"biomass_depletion","all",0.743872766925274,"ratio","Illustrative surplus-production biomass_depletion","higher-F-2","higher-F 2"
2047,"fishing_mortality","all",0.08,"per year","Illustrative surplus-production fishing_mortality","higher-F-2","higher-F 2"
2047,"catch","all",180442.797854037,"t","Illustrative surplus-production catch","higher-F-2","higher-F 2"
2048,"total_biomass","all",2343628.24582533,"t","Illustrative surplus-production total_biomass","higher-F-2","higher-F 2"
2048,"biomass_depletion","all",0.742817016585318,"ratio","Illustrative surplus-production biomass_depletion","higher-F-2","higher-F 2"
2048,"fishing_mortality","all",0.08,"per year","Illustrative surplus-production fishing_mortality","higher-F-2","higher-F 2"
2048,"catch","all",180186.702250531,"t","Illustrative surplus-production catch","higher-F-2","higher-F 2"
2049,"total_biomass","all",2353746.8115769,"t","Illustrative surplus-production total_biomass","higher-F-2","higher-F 2"
2049,"biomass_depletion","all",0.74602411346047,"ratio","Illustrative surplus-production biomass_depletion","higher-F-2","higher-F 2"
2049,"fishing_mortality","all",0.08,"per year","Illustrative surplus-production fishing_mortality","higher-F-2","higher-F 2"
2049,"catch","all",180964.654554839,"t","Illustrative surplus-production catch","higher-F-2","higher-F 2"
2050,"total_biomass","all",2360373.35663329,"t","Illustrative surplus-production total_biomass","higher-F-2","higher-F 2"
2050,"biomass_depletion","all",0.748124408350594,"ratio","Illustrative surplus-production biomass_depletion","higher-F-2","higher-F 2"
2050,"fishing_mortality","all",0.08,"per year","Illustrative surplus-production fishing_mortality","higher-F-2","higher-F 2"
2050,"catch","all",181474.127549608,"t","Illustrative surplus-production catch","higher-F-2","higher-F 2"
2051,"total_biomass","all",2351809.84864415,"t","Illustrative surplus-production total_biomass","higher-F-2","higher-F 2"
2051,"biomass_depletion","all",0.745410189716587,"ratio","Illustrative surplus-production biomass_depletion","higher-F-2","higher-F 2"
2051,"fishing_mortality","all",0.08,"per year","Illustrative surplus-production fishing_mortality","higher-F-2","higher-F 2"
2051,"catch","all",180815.733767655,"t","Illustrative surplus-production catch","higher-F-2","higher-F 2"
2052,"total_biomass","all",2331991.50631693,"t","Illustrative surplus-production total_biomass","higher-F-2","higher-F 2"
2052,"biomass_depletion","all",0.739128731918238,"ratio","Illustrative surplus-production biomass_depletion","higher-F-2","higher-F 2"
2052,"fishing_mortality","all",0.08,"per year","Illustrative surplus-production fishing_mortality","higher-F-2","higher-F 2"
2052,"catch","all",179292.027200978,"t","Illustrative surplus-production catch","higher-F-2","higher-F 2"
2023,"total_biomass","all",902918.314809643,"t","Illustrative surplus-production total_biomass","higher-F-3","higher-F 3"
2023,"biomass_depletion","all",0.286181517918576,"ratio","Illustrative surplus-production biomass_depletion","higher-F-3","higher-F 3"
2023,"fishing_mortality","all",0.08,"per year","Illustrative surplus-production fishing_mortality","higher-F-3","higher-F 3"
2023,"catch","all",69419.6589569872,"t","Illustrative surplus-production catch","higher-F-3","higher-F 3"
2024,"total_biomass","all",1020750.61002823,"t","Illustrative surplus-production total_biomass","higher-F-3","higher-F 3"
2024,"biomass_depletion","all",0.323528667214794,"ratio","Illustrative surplus-production biomass_depletion","higher-F-3","higher-F 3"
2024,"fishing_mortality","all",0.08,"per year","Illustrative surplus-production fishing_mortality","higher-F-3","higher-F 3"
2024,"catch","all",78479.0363270409,"t","Illustrative surplus-production catch","higher-F-3","higher-F 3"
2025,"total_biomass","all",1123994.12228346,"t","Illustrative surplus-production total_biomass","higher-F-3","higher-F 3"
2025,"biomass_depletion","all",0.356251876576954,"ratio","Illustrative surplus-production biomass_depletion","higher-F-3","higher-F 3"
2025,"fishing_mortality","all",0.08,"per year","Illustrative surplus-production fishing_mortality","higher-F-3","higher-F 3"
2025,"catch","all",86416.7747610986,"t","Illustrative surplus-production catch","higher-F-3","higher-F 3"
2026,"total_biomass","all",1247884.77979888,"t","Illustrative surplus-production total_biomass","higher-F-3","higher-F 3"
2026,"biomass_depletion","all",0.395519234257221,"ratio","Illustrative surplus-production biomass_depletion","higher-F-3","higher-F 3"
2026,"fishing_mortality","all",0.08,"per year","Illustrative surplus-production fishing_mortality","higher-F-3","higher-F 3"
2026,"catch","all",95941.9411594462,"t","Illustrative surplus-production catch","higher-F-3","higher-F 3"
2027,"total_biomass","all",1401790.72095593,"t","Illustrative surplus-production total_biomass","higher-F-3","higher-F 3"
2027,"biomass_depletion","all",0.444299987880874,"ratio","Illustrative surplus-production biomass_depletion","higher-F-3","higher-F 3"
2027,"fishing_mortality","all",0.08,"per year","Illustrative surplus-production fishing_mortality","higher-F-3","higher-F 3"
2027,"catch","all",107774.792228404,"t","Illustrative surplus-production catch","higher-F-3","higher-F 3"
2028,"total_biomass","all",1513960.62320737,"t","Illustrative surplus-production total_biomass","higher-F-3","higher-F 3"
2028,"biomass_depletion","all",0.479852431955354,"ratio","Illustrative surplus-production biomass_depletion","higher-F-3","higher-F 3"
2028,"fishing_mortality","all",0.08,"per year","Illustrative surplus-production fishing_mortality","higher-F-3","higher-F 3"
2028,"catch","all",116398.824138948,"t","Illustrative surplus-production catch","higher-F-3","higher-F 3"
2029,"total_biomass","all",1620745.90757184,"t","Illustrative surplus-production total_biomass","higher-F-3","higher-F 3"
2029,"biomass_depletion","all",0.51369821209908,"ratio","Illustrative surplus-production biomass_depletion","higher-F-3","higher-F 3"
2029,"fishing_mortality","all",0.08,"per year","Illustrative surplus-production fishing_mortality","higher-F-3","higher-F 3"
2029,"catch","all",124608.866953031,"t","Illustrative surplus-production catch","higher-F-3","higher-F 3"
2030,"total_biomass","all",1767168.78519871,"t","Illustrative surplus-production total_biomass","higher-F-3","higher-F 3"
2030,"biomass_depletion","all",0.560107195824367,"ratio","Illustrative surplus-production biomass_depletion","higher-F-3","higher-F 3"
2030,"fishing_mortality","all",0.08,"per year","Illustrative surplus-production fishing_mortality","higher-F-3","higher-F 3"
2030,"catch","all",135866.392757567,"t","Illustrative surplus-production catch","higher-F-3","higher-F 3"
2031,"total_biomass","all",1865381.00763434,"t","Illustrative surplus-production total_biomass","higher-F-3","higher-F 3"
2031,"biomass_depletion","all",0.591235729196415,"ratio","Illustrative surplus-production biomass_depletion","higher-F-3","higher-F 3"
2031,"fishing_mortality","all",0.08,"per year","Illustrative surplus-production fishing_mortality","higher-F-3","higher-F 3"
2031,"catch","all",143417.307247907,"t","Illustrative surplus-production catch","higher-F-3","higher-F 3"
2032,"total_biomass","all",1921906.02134299,"t","Illustrative surplus-production total_biomass","higher-F-3","higher-F 3"
2032,"biomass_depletion","all",0.609151429828668,"ratio","Illustrative surplus-production biomass_depletion","higher-F-3","higher-F 3"
2032,"fishing_mortality","all",0.08,"per year","Illustrative surplus-production fishing_mortality","higher-F-3","higher-F 3"
2032,"catch","all",147763.156822373,"t","Illustrative surplus-production catch","higher-F-3","higher-F 3"
2033,"total_biomass","all",1977692.02946997,"t","Illustrative surplus-production total_biomass","higher-F-3","higher-F 3"
2033,"biomass_depletion","all",0.626832901366615,"ratio","Illustrative surplus-production biomass_depletion","higher-F-3","higher-F 3"
2033,"fishing_mortality","all",0.08,"per year","Illustrative surplus-production fishing_mortality","higher-F-3","higher-F 3"
2033,"catch","all",152052.18894768,"t","Illustrative surplus-production catch","higher-F-3","higher-F 3"
2034,"total_biomass","all",2087477.22062226,"t","Illustrative surplus-production total_biomass","higher-F-3","higher-F 3"
2034,"biomass_depletion","all",0.661629507143261,"ratio","Illustrative surplus-production biomass_depletion","higher-F-3","higher-F 3"
2034,"fishing_mortality","all",0.08,"per year","Illustrative surplus-production fishing_mortality","higher-F-3","higher-F 3"
2034,"catch","all",160492.87555611,"t","Illustrative surplus-production catch","higher-F-3","higher-F 3"
2035,"total_biomass","all",2158505.95502388,"t","Illustrative surplus-production total_biomass","higher-F-3","higher-F 3"
2035,"biomass_depletion","all",0.68414218707619,"ratio","Illustrative surplus-production biomass_depletion","higher-F-3","higher-F 3"
2035,"fishing_mortality","all",0.08,"per year","Illustrative surplus-production fishing_mortality","higher-F-3","higher-F 3"
2035,"catch","all",165953.82416844,"t","Illustrative surplus-production catch","higher-F-3","higher-F 3"
2036,"total_biomass","all",2193636.38848129,"t","Illustrative surplus-production total_biomass","higher-F-3","higher-F 3"
2036,"biomass_depletion","all",0.695276838580185,"ratio","Illustrative surplus-production biomass_depletion","higher-F-3","higher-F 3"
2036,"fishing_mortality","all",0.08,"per year","Illustrative surplus-production fishing_mortality","higher-F-3","higher-F 3"
2036,"catch","all",168654.780245667,"t","Illustrative surplus-production catch","higher-F-3","higher-F 3"
2037,"total_biomass","all",2195880.69422719,"t","Illustrative surplus-production total_biomass","higher-F-3","higher-F 3"
2037,"biomass_depletion","all",0.695988175159032,"ratio","Illustrative surplus-production biomass_depletion","higher-F-3","higher-F 3"
2037,"fishing_mortality","all",0.08,"per year","Illustrative surplus-production fishing_mortality","higher-F-3","higher-F 3"
2037,"catch","all",168827.330671237,"t","Illustrative surplus-production catch","higher-F-3","higher-F 3"
2038,"total_biomass","all",2198658.08697549,"t","Illustrative surplus-production total_biomass","higher-F-3","higher-F 3"
2038,"biomass_depletion","all",0.696868474583164,"ratio","Illustrative surplus-production biomass_depletion","higher-F-3","higher-F 3"
2038,"fishing_mortality","all",0.08,"per year","Illustrative surplus-production fishing_mortality","higher-F-3","higher-F 3"
2038,"catch","all",169040.866773246,"t","Illustrative surplus-production catch","higher-F-3","higher-F 3"
2039,"total_biomass","all",2208477.74571409,"t","Illustrative surplus-production total_biomass","higher-F-3","higher-F 3"
2039,"biomass_depletion","all",0.699980832364772,"ratio","Illustrative surplus-production biomass_depletion","higher-F-3","higher-F 3"
2039,"fishing_mortality","all",0.08,"per year","Illustrative surplus-production fishing_mortality","higher-F-3","higher-F 3"
2039,"catch","all",169795.838014305,"t","Illustrative surplus-production catch","higher-F-3","higher-F 3"
2040,"total_biomass","all",2215588.84513025,"t","Illustrative surplus-production total_biomass","higher-F-3","higher-F 3"
2040,"biomass_depletion","all",0.702234707595352,"ratio","Illustrative surplus-production biomass_depletion","higher-F-3","higher-F 3"
2040,"fishing_mortality","all",0.08,"per year","Illustrative surplus-production fishing_mortality","higher-F-3","higher-F 3"
2040,"catch","all",170342.565318628,"t","Illustrative surplus-production catch","higher-F-3","higher-F 3"
2041,"total_biomass","all",2237462.22368593,"t","Illustrative surplus-production total_biomass","higher-F-3","higher-F 3"
2041,"biomass_depletion","all",0.7091675126724,"ratio","Illustrative surplus-production biomass_depletion","higher-F-3","higher-F 3"
2041,"fishing_mortality","all",0.08,"per year","Illustrative surplus-production fishing_mortality","higher-F-3","higher-F 3"
2041,"catch","all",172024.270578856,"t","Illustrative surplus-production catch","higher-F-3","higher-F 3"
2042,"total_biomass","all",2279532.20650231,"t","Illustrative surplus-production total_biomass","higher-F-3","higher-F 3"
2042,"biomass_depletion","all",0.72250166632033,"ratio","Illustrative surplus-production biomass_depletion","higher-F-3","higher-F 3"
2042,"fishing_mortality","all",0.08,"per year","Illustrative surplus-production fishing_mortality","higher-F-3","higher-F 3"
2042,"catch","all",175258.764565232,"t","Illustrative surplus-production catch","higher-F-3","higher-F 3"
2043,"total_biomass","all",2286459.18483213,"t","Illustrative surplus-production total_biomass","higher-F-3","higher-F 3"
2043,"biomass_depletion","all",0.724697184054882,"ratio","Illustrative surplus-production biomass_depletion","higher-F-3","higher-F 3"
2043,"fishing_mortality","all",0.08,"per year","Illustrative surplus-production fishing_mortality","higher-F-3","higher-F 3"
2043,"catch","all",175791.335967729,"t","Illustrative surplus-production catch","higher-F-3","higher-F 3"
2044,"total_biomass","all",2287308.88666506,"t","Illustrative surplus-production total_biomass","higher-F-3","higher-F 3"
2044,"biomass_depletion","all",0.72496649851704,"ratio","Illustrative surplus-production biomass_depletion","higher-F-3","higher-F 3"
2044,"fishing_mortality","all",0.08,"per year","Illustrative surplus-production fishing_mortality","higher-F-3","higher-F 3"
2044,"catch","all",175856.664149126,"t","Illustrative surplus-production catch","higher-F-3","higher-F 3"
2045,"total_biomass","all",2282401.00964795,"t","Illustrative surplus-production total_biomass","higher-F-3","higher-F 3"
2045,"biomass_depletion","all",0.723410938427631,"ratio","Illustrative surplus-production biomass_depletion","higher-F-3","higher-F 3"
2045,"fishing_mortality","all",0.08,"per year","Illustrative surplus-production fishing_mortality","higher-F-3","higher-F 3"
2045,"catch","all",175479.328632566,"t","Illustrative surplus-production catch","higher-F-3","higher-F 3"
2046,"total_biomass","all",2277977.80639207,"t","Illustrative surplus-production total_biomass","higher-F-3","higher-F 3"
2046,"biomass_depletion","all",0.722008996523178,"ratio","Illustrative surplus-production biomass_depletion","higher-F-3","higher-F 3"
2046,"fishing_mortality","all",0.08,"per year","Illustrative surplus-production fishing_mortality","higher-F-3","higher-F 3"
2046,"catch","all",175139.256605579,"t","Illustrative surplus-production catch","higher-F-3","higher-F 3"
2047,"total_biomass","all",2285908.41774142,"t","Illustrative surplus-production total_biomass","higher-F-3","higher-F 3"
2047,"biomass_depletion","all",0.7245226174751,"ratio","Illustrative surplus-production biomass_depletion","higher-F-3","higher-F 3"
2047,"fishing_mortality","all",0.08,"per year","Illustrative surplus-production fishing_mortality","higher-F-3","higher-F 3"
2047,"catch","all",175748.990981505,"t","Illustrative surplus-production catch","higher-F-3","higher-F 3"
2048,"total_biomass","all",2280283.63945145,"t","Illustrative surplus-production total_biomass","higher-F-3","higher-F 3"
2048,"biomass_depletion","all",0.722739834290201,"ratio","Illustrative surplus-production biomass_depletion","higher-F-3","higher-F 3"
2048,"fishing_mortality","all",0.08,"per year","Illustrative surplus-production fishing_mortality","higher-F-3","higher-F 3"
2048,"catch","all",175316.537475807,"t","Illustrative surplus-production catch","higher-F-3","higher-F 3"
2049,"total_biomass","all",2322019.85623764,"t","Illustrative surplus-production total_biomass","higher-F-3","higher-F 3"
2049,"biomass_depletion","all",0.735968200218927,"ratio","Illustrative surplus-production biomass_depletion","higher-F-3","higher-F 3"
2049,"fishing_mortality","all",0.08,"per year","Illustrative surplus-production fishing_mortality","higher-F-3","higher-F 3"
2049,"catch","all",178525.370310328,"t","Illustrative surplus-production catch","higher-F-3","higher-F 3"
2050,"total_biomass","all",2322681.53985953,"t","Illustrative surplus-production total_biomass","higher-F-3","higher-F 3"
2050,"biomass_depletion","all",0.736177921984661,"ratio","Illustrative surplus-production biomass_depletion","higher-F-3","higher-F 3"
2050,"fishing_mortality","all",0.08,"per year","Illustrative surplus-production fishing_mortality","higher-F-3","higher-F 3"
2050,"catch","all",178576.242964716,"t","Illustrative surplus-production catch","higher-F-3","higher-F 3"
2051,"total_biomass","all",2342216.09521211,"t","Illustrative surplus-production total_biomass","higher-F-3","higher-F 3"
2051,"biomass_depletion","all",0.742369433011707,"ratio","Illustrative surplus-production biomass_depletion","higher-F-3","higher-F 3"
2051,"fishing_mortality","all",0.08,"per year","Illustrative surplus-production fishing_mortality","higher-F-3","higher-F 3"
2051,"catch","all",180078.130951934,"t","Illustrative surplus-production catch","higher-F-3","higher-F 3"
2052,"total_biomass","all",2333362.09543245,"t","Illustrative surplus-production total_biomass","higher-F-3","higher-F 3"
2052,"biomass_depletion","all",0.739563142503438,"ratio","Illustrative surplus-production biomass_depletion","higher-F-3","higher-F 3"
2052,"fishing_mortality","all",0.08,"per year","Illustrative surplus-production fishing_mortality","higher-F-3","higher-F 3"
2052,"catch","all",179397.403099783,"t","Illustrative surplus-production catch","higher-F-3","higher-F 3"
2023,"total_biomass","all",902918.314809643,"t","Illustrative surplus-production total_biomass","higher-F-4","higher-F 4"
2023,"biomass_depletion","all",0.286181517918576,"ratio","Illustrative surplus-production biomass_depletion","higher-F-4","higher-F 4"
2023,"fishing_mortality","all",0.08,"per year","Illustrative surplus-production fishing_mortality","higher-F-4","higher-F 4"
2023,"catch","all",69419.6589569872,"t","Illustrative surplus-production catch","higher-F-4","higher-F 4"
2024,"total_biomass","all",1011438.78342725,"t","Illustrative surplus-production total_biomass","higher-F-4","higher-F 4"
2024,"biomass_depletion","all",0.320577267705497,"ratio","Illustrative surplus-production biomass_depletion","higher-F-4","higher-F 4"
2024,"fishing_mortality","all",0.08,"per year","Illustrative surplus-production fishing_mortality","higher-F-4","higher-F 4"
2024,"catch","all",77763.109076143,"t","Illustrative surplus-production catch","higher-F-4","higher-F 4"
2025,"total_biomass","all",1126336.90420168,"t","Illustrative surplus-production total_biomass","higher-F-4","higher-F 4"
2025,"biomass_depletion","all",0.356994425348546,"ratio","Illustrative surplus-production biomass_depletion","higher-F-4","higher-F 4"
2025,"fishing_mortality","all",0.08,"per year","Illustrative surplus-production fishing_mortality","higher-F-4","higher-F 4"
2025,"catch","all",86596.896394591,"t","Illustrative surplus-production catch","higher-F-4","higher-F 4"
2026,"total_biomass","all",1248596.78591422,"t","Illustrative surplus-production total_biomass","higher-F-4","higher-F 4"
2026,"biomass_depletion","all",0.395744905824087,"ratio","Illustrative surplus-production biomass_depletion","higher-F-4","higher-F 4"
2026,"fishing_mortality","all",0.08,"per year","Illustrative surplus-production fishing_mortality","higher-F-4","higher-F 4"
2026,"catch","all",95996.6827909886,"t","Illustrative surplus-production catch","higher-F-4","higher-F 4"
2027,"total_biomass","all",1374847.1787551,"t","Illustrative surplus-production total_biomass","higher-F-4","higher-F 4"
2027,"biomass_depletion","all",0.435760185687623,"ratio","Illustrative surplus-production biomass_depletion","higher-F-4","higher-F 4"
2027,"fishing_mortality","all",0.08,"per year","Illustrative surplus-production fishing_mortality","higher-F-4","higher-F 4"
2027,"catch","all",105703.274262718,"t","Illustrative surplus-production catch","higher-F-4","higher-F 4"
2028,"total_biomass","all",1504580.52847932,"t","Illustrative surplus-production total_biomass","higher-F-4","higher-F 4"
2028,"biomass_depletion","all",0.476879394745383,"ratio","Illustrative surplus-production biomass_depletion","higher-F-4","higher-F 4"
2028,"fishing_mortality","all",0.08,"per year","Illustrative surplus-production fishing_mortality","higher-F-4","higher-F 4"
2028,"catch","all",115677.648185016,"t","Illustrative surplus-production catch","higher-F-4","higher-F 4"
2029,"total_biomass","all",1627373.06332847,"t","Illustrative surplus-production total_biomass","higher-F-4","higher-F 4"
2029,"biomass_depletion","all",0.515798700551698,"ratio","Illustrative surplus-production biomass_depletion","higher-F-4","higher-F 4"
2029,"fishing_mortality","all",0.08,"per year","Illustrative surplus-production fishing_mortality","higher-F-4","higher-F 4"
2029,"catch","all",125118.386900665,"t","Illustrative surplus-production catch","higher-F-4","higher-F 4"
2030,"total_biomass","all",1752966.82858082,"t","Illustrative surplus-production total_biomass","higher-F-4","higher-F 4"
2030,"biomass_depletion","all",0.555605861168001,"ratio","Illustrative surplus-production biomass_depletion","higher-F-4","higher-F 4"
2030,"fishing_mortality","all",0.08,"per year","Illustrative surplus-production fishing_mortality","higher-F-4","higher-F 4"
2030,"catch","all",134774.494444326,"t","Illustrative surplus-production catch","higher-F-4","higher-F 4"
2031,"total_biomass","all",1836744.20888947,"t","Illustrative surplus-production total_biomass","higher-F-4","higher-F 4"
2031,"biomass_depletion","all",0.582159246419717,"ratio","Illustrative surplus-production biomass_depletion","higher-F-4","higher-F 4"
2031,"fishing_mortality","all",0.08,"per year","Illustrative surplus-production fishing_mortality","higher-F-4","higher-F 4"
2031,"catch","all",141215.605532611,"t","Illustrative surplus-production catch","higher-F-4","higher-F 4"
2032,"total_biomass","all",1943434.84076271,"t","Illustrative surplus-production total_biomass","higher-F-4","higher-F 4"
2032,"biomass_depletion","all",0.615975026293017,"ratio","Illustrative surplus-production biomass_depletion","higher-F-4","higher-F 4"
2032,"fishing_mortality","all",0.08,"per year","Illustrative surplus-production fishing_mortality","higher-F-4","higher-F 4"
2032,"catch","all",149418.371117344,"t","Illustrative surplus-production catch","higher-F-4","higher-F 4"
2033,"total_biomass","all",2026332.09236685,"t","Illustrative surplus-production total_biomass","higher-F-4","higher-F 4"
2033,"biomass_depletion","all",0.642249453233124,"ratio","Illustrative surplus-production biomass_depletion","higher-F-4","higher-F 4"
2033,"fishing_mortality","all",0.08,"per year","Illustrative surplus-production fishing_mortality","higher-F-4","higher-F 4"
2033,"catch","all",155791.814695176,"t","Illustrative surplus-production catch","higher-F-4","higher-F 4"
2034,"total_biomass","all",2062261.76722027,"t","Illustrative surplus-production total_biomass","higher-F-4","higher-F 4"
2034,"biomass_depletion","all",0.653637425676723,"ratio","Illustrative surplus-production biomass_depletion","higher-F-4","higher-F 4"
2034,"fishing_mortality","all",0.08,"per year","Illustrative surplus-production fishing_mortality","higher-F-4","higher-F 4"
2034,"catch","all",158554.219371048,"t","Illustrative surplus-production catch","higher-F-4","higher-F 4"
2035,"total_biomass","all",2095975.30347293,"t","Illustrative surplus-production total_biomass","higher-F-4","higher-F 4"
2035,"biomass_depletion","all",0.66432298916673,"ratio","Illustrative surplus-production biomass_depletion","higher-F-4","higher-F 4"
2035,"fishing_mortality","all",0.08,"per year","Illustrative surplus-production fishing_mortality","higher-F-4","higher-F 4"
2035,"catch","all",161146.239214378,"t","Illustrative surplus-production catch","higher-F-4","higher-F 4"
2036,"total_biomass","all",2173014.7255531,"t","Illustrative surplus-production total_biomass","higher-F-4","higher-F 4"
2036,"biomass_depletion","all",0.688740766931181,"ratio","Illustrative surplus-production biomass_depletion","higher-F-4","higher-F 4"
2036,"fishing_mortality","all",0.08,"per year","Illustrative surplus-production fishing_mortality","higher-F-4","higher-F 4"
2036,"catch","all",167069.311456164,"t","Illustrative surplus-production catch","higher-F-4","higher-F 4"
2037,"total_biomass","all",2211107.8166896,"t","Illustrative surplus-production total_biomass","higher-F-4","higher-F 4"
2037,"biomass_depletion","all",0.700814437898806,"ratio","Illustrative surplus-production biomass_depletion","higher-F-4","higher-F 4"
2037,"fishing_mortality","all",0.08,"per year","Illustrative surplus-production fishing_mortality","higher-F-4","higher-F 4"
2037,"catch","all",169998.047480165,"t","Illustrative surplus-production catch","higher-F-4","higher-F 4"
2038,"total_biomass","all",2234005.38368853,"t","Illustrative surplus-production total_biomass","higher-F-4","higher-F 4"
2038,"biomass_depletion","all",0.708071861270242,"ratio","Illustrative surplus-production biomass_depletion","higher-F-4","higher-F 4"
2038,"fishing_mortality","all",0.08,"per year","Illustrative surplus-production fishing_mortality","higher-F-4","higher-F 4"
2038,"catch","all",171758.4960899,"t","Illustrative surplus-production catch","higher-F-4","higher-F 4"
2039,"total_biomass","all",2261206.67509845,"t","Illustrative surplus-production total_biomass","higher-F-4","higher-F 4"
2039,"biomass_depletion","all",0.716693357520072,"ratio","Illustrative surplus-production biomass_depletion","higher-F-4","higher-F 4"
2039,"fishing_mortality","all",0.08,"per year","Illustrative surplus-production fishing_mortality","higher-F-4","higher-F 4"
2039,"catch","all",173849.830756496,"t","Illustrative surplus-production catch","higher-F-4","higher-F 4"
2040,"total_biomass","all",2259693.66950656,"t","Illustrative surplus-production total_biomass","higher-F-4","higher-F 4"
2040,"biomass_depletion","all",0.716213807786943,"ratio","Illustrative surplus-production biomass_depletion","higher-F-4","higher-F 4"
2040,"fishing_mortality","all",0.08,"per year","Illustrative surplus-production fishing_mortality","higher-F-4","higher-F 4"
2040,"catch","all",173733.505358655,"t","Illustrative surplus-production catch","higher-F-4","higher-F 4"
2041,"total_biomass","all",2273728.08624967,"t","Illustrative surplus-production total_biomass","higher-F-4","higher-F 4"
2041,"biomass_depletion","all",0.720662040390898,"ratio","Illustrative surplus-production biomass_depletion","higher-F-4","higher-F 4"
2041,"fishing_mortality","all",0.08,"per year","Illustrative surplus-production fishing_mortality","higher-F-4","higher-F 4"
2041,"catch","all",174812.522594197,"t","Illustrative surplus-production catch","higher-F-4","higher-F 4"
2042,"total_biomass","all",2299729.13157981,"t","Illustrative surplus-production total_biomass","higher-F-4","higher-F 4"
2042,"biomass_depletion","all",0.728903116574649,"ratio","Illustrative surplus-production biomass_depletion","higher-F-4","higher-F 4"
2042,"fishing_mortality","all",0.08,"per year","Illustrative surplus-production fishing_mortality","higher-F-4","higher-F 4"
2042,"catch","all",176811.577956945,"t","Illustrative surplus-production catch","higher-F-4","higher-F 4"
2043,"total_biomass","all",2301671.03813583,"t","Illustrative surplus-production total_biomass","higher-F-4","higher-F 4"
2043,"biomass_depletion","all",0.729518607208455,"ratio","Illustrative surplus-production biomass_depletion","higher-F-4","higher-F 4"
2043,"fishing_mortality","all",0.08,"per year","Illustrative surplus-production fishing_mortality","higher-F-4","higher-F 4"
2043,"catch","all",176960.878827948,"t","Illustrative surplus-production catch","higher-F-4","higher-F 4"
2044,"total_biomass","all",2301161.93647039,"t","Illustrative surplus-production total_biomass","higher-F-4","higher-F 4"
2044,"biomass_depletion","all",0.729357246557109,"ratio","Illustrative surplus-production biomass_depletion","higher-F-4","higher-F 4"
2044,"fishing_mortality","all",0.08,"per year","Illustrative surplus-production fishing_mortality","higher-F-4","higher-F 4"
2044,"catch","all",176921.737231848,"t","Illustrative surplus-production catch","higher-F-4","higher-F 4"
2045,"total_biomass","all",2299207.62039866,"t","Illustrative surplus-production total_biomass","higher-F-4","higher-F 4"
2045,"biomass_depletion","all",0.728737822705883,"ratio","Illustrative surplus-production biomass_depletion","higher-F-4","higher-F 4"
2045,"fishing_mortality","all",0.08,"per year","Illustrative surplus-production fishing_mortality","higher-F-4","higher-F 4"
2045,"catch","all",176771.482271938,"t","Illustrative surplus-production catch","higher-F-4","higher-F 4"
2046,"total_biomass","all",2331345.96681107,"t","Illustrative surplus-production total_biomass","higher-F-4","higher-F 4"
2046,"biomass_depletion","all",0.738924127057939,"ratio","Illustrative surplus-production biomass_depletion","higher-F-4","higher-F 4"
2046,"fishing_mortality","all",0.08,"per year","Illustrative surplus-production fishing_mortality","higher-F-4","higher-F 4"
2046,"catch","all",179242.395765216,"t","Illustrative surplus-production catch","higher-F-4","higher-F 4"
2047,"total_biomass","all",2341253.17876596,"t","Illustrative surplus-production total_biomass","higher-F-4","higher-F 4"
2047,"biomass_depletion","all",0.742064234982528,"ratio","Illustrative surplus-production biomass_depletion","higher-F-4","higher-F 4"
2047,"fishing_mortality","all",0.08,"per year","Illustrative surplus-production fishing_mortality","higher-F-4","higher-F 4"
2047,"catch","all",180004.09841743,"t","Illustrative surplus-production catch","higher-F-4","higher-F 4"
2048,"total_biomass","all",2321423.6380548,"t","Illustrative surplus-production total_biomass","higher-F-4","higher-F 4"
2048,"biomass_depletion","all",0.735779227837066,"ratio","Illustrative surplus-production biomass_depletion","higher-F-4","higher-F 4"
2048,"fishing_mortality","all",0.08,"per year","Illustrative surplus-production fishing_mortality","higher-F-4","higher-F 4"
2048,"catch","all",178479.530878081,"t","Illustrative surplus-production catch","higher-F-4","higher-F 4"
2049,"total_biomass","all",2316590.8501451,"t","Illustrative surplus-production total_biomass","higher-F-4","higher-F 4"
2049,"biomass_depletion","all",0.734247467369821,"ratio","Illustrative surplus-production biomass_depletion","higher-F-4","higher-F 4"
2049,"fishing_mortality","all",0.08,"per year","Illustrative surplus-production fishing_mortality","higher-F-4","higher-F 4"
2049,"catch","all",178107.968486445,"t","Illustrative surplus-production catch","higher-F-4","higher-F 4"
2050,"total_biomass","all",2295142.39639368,"t","Illustrative surplus-production total_biomass","higher-F-4","higher-F 4"
2050,"biomass_depletion","all",0.727449342942716,"ratio","Illustrative surplus-production biomass_depletion","higher-F-4","higher-F 4"
2050,"fishing_mortality","all",0.08,"per year","Illustrative surplus-production fishing_mortality","higher-F-4","higher-F 4"
2050,"catch","all",176458.932997678,"t","Illustrative surplus-production catch","higher-F-4","higher-F 4"
2051,"total_biomass","all",2306041.87943999,"t","Illustrative surplus-production total_biomass","higher-F-4","higher-F 4"
2051,"biomass_depletion","all",0.730903952901958,"ratio","Illustrative surplus-production biomass_depletion","higher-F-4","higher-F 4"
2051,"fishing_mortality","all",0.08,"per year","Illustrative surplus-production fishing_mortality","higher-F-4","higher-F 4"
2051,"catch","all",177296.925076776,"t","Illustrative surplus-production catch","higher-F-4","higher-F 4"
2052,"total_biomass","all",2318042.10020711,"t","Illustrative surplus-production total_biomass","higher-F-4","higher-F 4"
2052,"biomass_depletion","all",0.734707443581195,"ratio","Illustrative surplus-production biomass_depletion","higher-F-4","higher-F 4"
2052,"fishing_mortality","all",0.08,"per year","Illustrative surplus-production fishing_mortality","higher-F-4","higher-F 4"
2052,"catch","all",178219.545893519,"t","Illustrative surplus-production catch","higher-F-4","higher-F 4"
2023,"total_biomass","all",902918.314809643,"t","Illustrative surplus-production total_biomass","higher-F-5","higher-F 5"
2023,"biomass_depletion","all",0.286181517918576,"ratio","Illustrative surplus-production biomass_depletion","higher-F-5","higher-F 5"
2023,"fishing_mortality","all",0.08,"per year","Illustrative surplus-production fishing_mortality","higher-F-5","higher-F 5"
2023,"catch","all",69419.6589569872,"t","Illustrative surplus-production catch","higher-F-5","higher-F 5"
2024,"total_biomass","all",1009623.77648089,"t","Illustrative surplus-production total_biomass","higher-F-5","higher-F 5"
2024,"biomass_depletion","all",0.320001998121944,"ratio","Illustrative surplus-production biomass_depletion","higher-F-5","higher-F 5"
2024,"fishing_mortality","all",0.08,"per year","Illustrative surplus-production fishing_mortality","higher-F-5","higher-F 5"
2024,"catch","all",77623.5647107731,"t","Illustrative surplus-production catch","higher-F-5","higher-F 5"
2025,"total_biomass","all",1110153.37301587,"t","Illustrative surplus-production total_biomass","higher-F-5","higher-F 5"
2025,"biomass_depletion","all",0.351865027213551,"ratio","Illustrative surplus-production biomass_depletion","higher-F-5","higher-F 5"
2025,"fishing_mortality","all",0.08,"per year","Illustrative surplus-production fishing_mortality","higher-F-5","higher-F 5"
2025,"catch","all",85352.6473886602,"t","Illustrative surplus-production catch","higher-F-5","higher-F 5"
2026,"total_biomass","all",1230662.91914376,"t","Illustrative surplus-production total_biomass","higher-F-5","higher-F 5"
2026,"biomass_depletion","all",0.390060735805227,"ratio","Illustrative surplus-production biomass_depletion","higher-F-5","higher-F 5"
2026,"fishing_mortality","all",0.08,"per year","Illustrative surplus-production fishing_mortality","higher-F-5","higher-F 5"
2026,"catch","all",94617.8615902602,"t","Illustrative surplus-production catch","higher-F-5","higher-F 5"
2027,"total_biomass","all",1322124.74570766,"t","Illustrative surplus-production total_biomass","higher-F-5","higher-F 5"
2027,"biomass_depletion","all",0.419049719557518,"ratio","Illustrative surplus-production biomass_depletion","higher-F-5","higher-F 5"
2027,"fishing_mortality","all",0.08,"per year","Illustrative surplus-production fishing_mortality","higher-F-5","higher-F 5"
2027,"catch","all",101649.780982645,"t","Illustrative surplus-production catch","higher-F-5","higher-F 5"
2028,"total_biomass","all",1469071.70958105,"t","Illustrative surplus-production total_biomass","higher-F-5","higher-F 5"
2028,"biomass_depletion","all",0.465624813322982,"ratio","Illustrative surplus-production biomass_depletion","higher-F-5","higher-F 5"
2028,"fishing_mortality","all",0.08,"per year","Illustrative surplus-production fishing_mortality","higher-F-5","higher-F 5"
2028,"catch","all",112947.600452622,"t","Illustrative surplus-production catch","higher-F-5","higher-F 5"
2029,"total_biomass","all",1578048.88586376,"t","Illustrative surplus-production total_biomass","higher-F-5","higher-F 5"
2029,"biomass_depletion","all",0.500165317392435,"ratio","Illustrative surplus-production biomass_depletion","higher-F-5","higher-F 5"
2029,"fishing_mortality","all",0.08,"per year","Illustrative surplus-production fishing_mortality","higher-F-5","higher-F 5"
2029,"catch","all",121326.163925705,"t","Illustrative surplus-production catch","higher-F-5","higher-F 5"
2030,"total_biomass","all",1646993.53454614,"t","Illustrative surplus-production total_biomass","higher-F-5","higher-F 5"
2030,"biomass_depletion","all",0.522017442760437,"ratio","Illustrative surplus-production biomass_depletion","higher-F-5","higher-F 5"
2030,"fishing_mortality","all",0.08,"per year","Illustrative surplus-production fishing_mortality","higher-F-5","higher-F 5"
2030,"catch","all",126626.880413496,"t","Illustrative surplus-production catch","higher-F-5","higher-F 5"
2031,"total_biomass","all",1775945.80574837,"t","Illustrative surplus-production total_biomass","higher-F-5","higher-F 5"
2031,"biomass_depletion","all",0.562889087632857,"ratio","Illustrative surplus-production biomass_depletion","higher-F-5","higher-F 5"
2031,"fishing_mortality","all",0.08,"per year","Illustrative surplus-production fishing_mortality","higher-F-5","higher-F 5"
2031,"catch","all",136541.202165265,"t","Illustrative surplus-production catch","higher-F-5","higher-F 5"
2032,"total_biomass","all",1877904.69127828,"t","Illustrative surplus-production total_biomass","higher-F-5","higher-F 5"
2032,"biomass_depletion","all",0.595205132337729,"ratio","Illustrative surplus-production biomass_depletion","higher-F-5","higher-F 5"
2032,"fishing_mortality","all",0.08,"per year","Illustrative surplus-production fishing_mortality","higher-F-5","higher-F 5"
2032,"catch","all",144380.173803151,"t","Illustrative surplus-production catch","higher-F-5","higher-F 5"
2033,"total_biomass","all",1915859.18711277,"t","Illustrative surplus-production total_biomass","higher-F-5","higher-F 5"
2033,"biomass_depletion","all",0.607234875285226,"ratio","Illustrative surplus-production biomass_depletion","higher-F-5","higher-F 5"
2033,"fishing_mortality","all",0.08,"per year","Illustrative surplus-production fishing_mortality","higher-F-5","higher-F 5"
2033,"catch","all",147298.25411396,"t","Illustrative surplus-production catch","higher-F-5","higher-F 5"
2034,"total_biomass","all",1988618.69070771,"t","Illustrative surplus-production total_biomass","higher-F-5","higher-F 5"
2034,"biomass_depletion","all",0.630296125500526,"ratio","Illustrative surplus-production biomass_depletion","higher-F-5","higher-F 5"
2034,"fishing_mortality","all",0.08,"per year","Illustrative surplus-production fishing_mortality","higher-F-5","higher-F 5"
2034,"catch","all",152892.270585433,"t","Illustrative surplus-production catch","higher-F-5","higher-F 5"
2035,"total_biomass","all",2038017.89531503,"t","Illustrative surplus-production total_biomass","higher-F-5","higher-F 5"
2035,"biomass_depletion","all",0.645953288642103,"ratio","Illustrative surplus-production biomass_depletion","higher-F-5","higher-F 5"
2035,"fishing_mortality","all",0.08,"per year","Illustrative surplus-production fishing_mortality","higher-F-5","higher-F 5"
2035,"catch","all",156690.261921238,"t","Illustrative surplus-production catch","higher-F-5","higher-F 5"
2036,"total_biomass","all",2121246.65404924,"t","Illustrative surplus-production total_biomass","higher-F-5","higher-F 5"
2036,"biomass_depletion","all",0.672332787339123,"ratio","Illustrative surplus-production biomass_depletion","higher-F-5","higher-F 5"
2036,"fishing_mortality","all",0.08,"per year","Illustrative surplus-production fishing_mortality","higher-F-5","higher-F 5"
2036,"catch","all",163089.19297843,"t","Illustrative surplus-production catch","higher-F-5","higher-F 5"
2037,"total_biomass","all",2200098.48836116,"t","Illustrative surplus-production total_biomass","higher-F-5","higher-F 5"
2037,"biomass_depletion","all",0.69732501228785,"ratio","Illustrative surplus-production biomass_depletion","higher-F-5","higher-F 5"
2037,"fishing_mortality","all",0.08,"per year","Illustrative surplus-production fishing_mortality","higher-F-5","higher-F 5"
2037,"catch","all",169151.610094445,"t","Illustrative surplus-production catch","higher-F-5","higher-F 5"
2038,"total_biomass","all",2232402.06659286,"t","Illustrative surplus-production total_biomass","higher-F-5","higher-F 5"
2038,"biomass_depletion","all",0.707563687150148,"ratio","Illustrative surplus-production biomass_depletion","higher-F-5","higher-F 5"
2038,"fishing_mortality","all",0.08,"per year","Illustrative surplus-production fishing_mortality","higher-F-5","higher-F 5"
2038,"catch","all",171635.227213684,"t","Illustrative surplus-production catch","higher-F-5","higher-F 5"
2039,"total_biomass","all",2272091.62914679,"t","Illustrative surplus-production total_biomass","higher-F-5","higher-F 5"
2039,"biomass_depletion","all",0.720143362488335,"ratio","Illustrative surplus-production biomass_depletion","higher-F-5","higher-F 5"
2039,"fishing_mortality","all",0.08,"per year","Illustrative surplus-production fishing_mortality","higher-F-5","higher-F 5"
2039,"catch","all",174686.705793146,"t","Illustrative surplus-production catch","higher-F-5","higher-F 5"
2040,"total_biomass","all",2311240.78279383,"t","Illustrative surplus-production total_biomass","higher-F-5","higher-F 5"
2040,"biomass_depletion","all",0.732551754290976,"ratio","Illustrative surplus-production biomass_depletion","higher-F-5","higher-F 5"
2040,"fishing_mortality","all",0.08,"per year","Illustrative surplus-production fishing_mortality","higher-F-5","higher-F 5"
2040,"catch","all",177696.635761402,"t","Illustrative surplus-production catch","higher-F-5","higher-F 5"
2041,"total_biomass","all",2311856.16843136,"t","Illustrative surplus-production total_biomass","higher-F-5","higher-F 5"
2041,"biomass_depletion","all",0.732746801830674,"ratio","Illustrative surplus-production biomass_depletion","higher-F-5","higher-F 5"
2041,"fishing_mortality","all",0.08,"per year","Illustrative surplus-production fishing_mortality","higher-F-5","higher-F 5"
2041,"catch","all",177743.948857596,"t","Illustrative surplus-production catch","higher-F-5","higher-F 5"
2042,"total_biomass","all",2326207.39883153,"t","Illustrative surplus-production total_biomass","higher-F-5","higher-F 5"
2042,"biomass_depletion","all",0.737295449069917,"ratio","Illustrative surplus-production biomass_depletion","higher-F-5","higher-F 5"
2042,"fishing_mortality","all",0.08,"per year","Illustrative surplus-production fishing_mortality","higher-F-5","higher-F 5"
2042,"catch","all",178847.323884608,"t","Illustrative surplus-production catch","higher-F-5","higher-F 5"
2043,"total_biomass","all",2326493.00544672,"t","Illustrative surplus-production total_biomass","higher-F-5","higher-F 5"
2043,"biomass_depletion","all",0.737385972579432,"ratio","Illustrative surplus-production biomass_depletion","higher-F-5","higher-F 5"
2043,"fishing_mortality","all",0.08,"per year","Illustrative surplus-production fishing_mortality","higher-F-5","higher-F 5"
2043,"catch","all",178869.28236468,"t","Illustrative surplus-production catch","higher-F-5","higher-F 5"
2044,"total_biomass","all",2321721.13652767,"t","Illustrative surplus-production total_biomass","higher-F-5","higher-F 5"
2044,"biomass_depletion","all",0.735873520491394,"ratio","Illustrative surplus-production biomass_depletion","higher-F-5","higher-F 5"
2044,"fishing_mortality","all",0.08,"per year","Illustrative surplus-production fishing_mortality","higher-F-5","higher-F 5"
2044,"catch","all",178502.40364762,"t","Illustrative surplus-production catch","higher-F-5","higher-F 5"
2045,"total_biomass","all",2332093.45894182,"t","Illustrative surplus-production total_biomass","higher-F-5","higher-F 5"
2045,"biomass_depletion","all",0.739161045978622,"ratio","Illustrative surplus-production biomass_depletion","higher-F-5","higher-F 5"
2045,"fishing_mortality","all",0.08,"per year","Illustrative surplus-production fishing_mortality","higher-F-5","higher-F 5"
2045,"catch","all",179299.865691275,"t","Illustrative surplus-production catch","higher-F-5","higher-F 5"
2046,"total_biomass","all",2330823.12766108,"t","Illustrative surplus-production total_biomass","higher-F-5","higher-F 5"
2046,"biomass_depletion","all",0.738758412287158,"ratio","Illustrative surplus-production biomass_depletion","higher-F-5","higher-F 5"
2046,"fishing_mortality","all",0.08,"per year","Illustrative surplus-production fishing_mortality","higher-F-5","higher-F 5"
2046,"catch","all",179202.197981112,"t","Illustrative surplus-production catch","higher-F-5","higher-F 5"
2047,"total_biomass","all",2347060.36804399,"t","Illustrative surplus-production total_biomass","higher-F-5","higher-F 5"
2047,"biomass_depletion","all",0.743904833644853,"ratio","Illustrative surplus-production biomass_depletion","higher-F-5","higher-F 5"
2047,"fishing_mortality","all",0.08,"per year","Illustrative surplus-production fishing_mortality","higher-F-5","higher-F 5"
2047,"catch","all",180450.576346349,"t","Illustrative surplus-production catch","higher-F-5","higher-F 5"
2048,"total_biomass","all",2340949.63942534,"t","Illustrative surplus-production total_biomass","higher-F-5","higher-F 5"
2048,"biomass_depletion","all",0.741968027664743,"ratio","Illustrative surplus-production biomass_depletion","higher-F-5","higher-F 5"
2048,"fishing_mortality","all",0.08,"per year","Illustrative surplus-production fishing_mortality","higher-F-5","higher-F 5"
2048,"catch","all",179980.761203907,"t","Illustrative surplus-production catch","higher-F-5","higher-F 5"
2049,"total_biomass","all",2327492.61113549,"t","Illustrative surplus-production total_biomass","higher-F-5","higher-F 5"
2049,"biomass_depletion","all",0.737702799327367,"ratio","Illustrative surplus-production biomass_depletion","higher-F-5","higher-F 5"
2049,"fishing_mortality","all",0.08,"per year","Illustrative surplus-production fishing_mortality","higher-F-5","higher-F 5"
2049,"catch","all",178946.135702206,"t","Illustrative surplus-production catch","higher-F-5","higher-F 5"
2050,"total_biomass","all",2338599.35936291,"t","Illustrative surplus-production total_biomass","higher-F-5","higher-F 5"
2050,"biomass_depletion","all",0.741223102343409,"ratio","Illustrative surplus-production biomass_depletion","higher-F-5","higher-F 5"
2050,"fishing_mortality","all",0.08,"per year","Illustrative surplus-production fishing_mortality","higher-F-5","higher-F 5"
2050,"catch","all",179800.063085694,"t","Illustrative surplus-production catch","higher-F-5","higher-F 5"
2051,"total_biomass","all",2352878.30443902,"t","Illustrative surplus-production total_biomass","higher-F-5","higher-F 5"
2051,"biomass_depletion","all",0.745748838624455,"ratio","Illustrative surplus-production biomass_depletion","higher-F-5","higher-F 5"
2051,"fishing_mortality","all",0.08,"per year","Illustrative surplus-production fishing_mortality","higher-F-5","higher-F 5"
2051,"catch","all",180897.880552889,"t","Illustrative surplus-production catch","higher-F-5","higher-F 5"
2052,"total_biomass","all",2330336.38360935,"t","Illustrative surplus-production total_biomass","higher-F-5","higher-F 5"
2052,"biomass_depletion","all",0.738604137920058,"ratio","Illustrative surplus-production biomass_depletion","higher-F-5","higher-F 5"
2052,"fishing_mortality","all",0.08,"per year","Illustrative surplus-production fishing_mortality","higher-F-5","higher-F 5"
2052,"catch","all",179164.775320041,"t","Illustrative surplus-production catch","higher-F-5","higher-F 5"
2023,"total_biomass","all",902918.314809643,"t","Illustrative surplus-production total_biomass","higher-F-6","higher-F 6"
2023,"biomass_depletion","all",0.286181517918576,"ratio","Illustrative surplus-production biomass_depletion","higher-F-6","higher-F 6"
2023,"fishing_mortality","all",0.08,"per year","Illustrative surplus-production fishing_mortality","higher-F-6","higher-F 6"
2023,"catch","all",69419.6589569872,"t","Illustrative surplus-production catch","higher-F-6","higher-F 6"
2024,"total_biomass","all",1027790.13342851,"t","Illustrative surplus-production total_biomass","higher-F-6","higher-F 6"
2024,"biomass_depletion","all",0.325759856303632,"ratio","Illustrative surplus-production biomass_depletion","higher-F-6","higher-F 6"
2024,"fishing_mortality","all",0.08,"per year","Illustrative surplus-production fishing_mortality","higher-F-6","higher-F 6"
2024,"catch","all",79020.2606057512,"t","Illustrative surplus-production catch","higher-F-6","higher-F 6"
2025,"total_biomass","all",1158137.72093674,"t","Illustrative surplus-production total_biomass","higher-F-6","higher-F 6"
2025,"biomass_depletion","all",0.367073749086938,"ratio","Illustrative surplus-production biomass_depletion","higher-F-6","higher-F 6"
2025,"fishing_mortality","all",0.08,"per year","Illustrative surplus-production fishing_mortality","higher-F-6","higher-F 6"
2025,"catch","all",89041.8593730714,"t","Illustrative surplus-production catch","higher-F-6","higher-F 6"
2026,"total_biomass","all",1278263.3578164,"t","Illustrative surplus-production total_biomass","higher-F-6","higher-F 6"
2026,"biomass_depletion","all",0.405147776979932,"ratio","Illustrative surplus-production biomass_depletion","higher-F-6","higher-F 6"
2026,"fishing_mortality","all",0.08,"per year","Illustrative surplus-production fishing_mortality","higher-F-6","higher-F 6"
2026,"catch","all",98277.5572290122,"t","Illustrative surplus-production catch","higher-F-6","higher-F 6"
2027,"total_biomass","all",1436059.25910321,"t","Illustrative surplus-production total_biomass","higher-F-6","higher-F 6"
2027,"biomass_depletion","all",0.455161460179067,"ratio","Illustrative surplus-production biomass_depletion","higher-F-6","higher-F 6"
2027,"fishing_mortality","all",0.08,"per year","Illustrative surplus-production fishing_mortality","higher-F-6","higher-F 6"
2027,"catch","all",110409.482645155,"t","Illustrative surplus-production catch","higher-F-6","higher-F 6"
2028,"total_biomass","all",1530733.54682505,"t","Illustrative surplus-production total_biomass","higher-F-6","higher-F 6"
2028,"biomass_depletion","all",0.485168639038663,"ratio","Illustrative surplus-production biomass_depletion","higher-F-6","higher-F 6"
2028,"fishing_mortality","all",0.08,"per year","Illustrative surplus-production fishing_mortality","higher-F-6","higher-F 6"
2028,"catch","all",117688.387788454,"t","Illustrative surplus-production catch","higher-F-6","higher-F 6"
2029,"total_biomass","all",1622425.61682118,"t","Illustrative surplus-production total_biomass","higher-F-6","higher-F 6"
2029,"biomass_depletion","all",0.514230598844099,"ratio","Illustrative surplus-production biomass_depletion","higher-F-6","higher-F 6"
2029,"fishing_mortality","all",0.08,"per year","Illustrative surplus-production fishing_mortality","higher-F-6","higher-F 6"
2029,"catch","all",124738.009137129,"t","Illustrative surplus-production catch","higher-F-6","higher-F 6"
2030,"total_biomass","all",1726229.35727087,"t","Illustrative surplus-production total_biomass","higher-F-6","higher-F 6"
2030,"biomass_depletion","all",0.547131373499203,"ratio","Illustrative surplus-production biomass_depletion","higher-F-6","higher-F 6"
2030,"fishing_mortality","all",0.08,"per year","Illustrative surplus-production fishing_mortality","higher-F-6","higher-F 6"
2030,"catch","all",132718.819961634,"t","Illustrative surplus-production catch","higher-F-6","higher-F 6"
2031,"total_biomass","all",1830454.41010445,"t","Illustrative surplus-production total_biomass","higher-F-6","higher-F 6"
2031,"biomass_depletion","all",0.58016568384138,"ratio","Illustrative surplus-production biomass_depletion","higher-F-6","higher-F 6"
2031,"fishing_mortality","all",0.08,"per year","Illustrative surplus-production fishing_mortality","higher-F-6","higher-F 6"
2031,"catch","all",140732.022821526,"t","Illustrative surplus-production catch","higher-F-6","higher-F 6"
2032,"total_biomass","all",1899485.76141314,"t","Illustrative surplus-production total_biomass","higher-F-6","higher-F 6"
2032,"biomass_depletion","all",0.602045289756401,"ratio","Illustrative surplus-production biomass_depletion","higher-F-6","higher-F 6"
2032,"fishing_mortality","all",0.08,"per year","Illustrative surplus-production fishing_mortality","higher-F-6","higher-F 6"
2032,"catch","all",146039.405324005,"t","Illustrative surplus-production catch","higher-F-6","higher-F 6"
2033,"total_biomass","all",1998848.07913127,"t","Illustrative surplus-production total_biomass","higher-F-6","higher-F 6"
2033,"biomass_depletion","all",0.633538347812795,"ratio","Illustrative surplus-production biomass_depletion","higher-F-6","higher-F 6"
2033,"fishing_mortality","all",0.08,"per year","Illustrative surplus-production fishing_mortality","higher-F-6","higher-F 6"
2033,"catch","all",153678.743341667,"t","Illustrative surplus-production catch","higher-F-6","higher-F 6"
2034,"total_biomass","all",2058571.15647861,"t","Illustrative surplus-production total_biomass","higher-F-6","higher-F 6"
2034,"biomass_depletion","all",0.652467680233785,"ratio","Illustrative surplus-production biomass_depletion","higher-F-6","higher-F 6"
2034,"fishing_mortality","all",0.08,"per year","Illustrative surplus-production fishing_mortality","higher-F-6","higher-F 6"
2034,"catch","all",158270.471733164,"t","Illustrative surplus-production catch","higher-F-6","higher-F 6"
2035,"total_biomass","all",2095608.86058063,"t","Illustrative surplus-production total_biomass","higher-F-6","higher-F 6"
2035,"biomass_depletion","all",0.664206844459697,"ratio","Illustrative surplus-production biomass_depletion","higher-F-6","higher-F 6"
2035,"fishing_mortality","all",0.08,"per year","Illustrative surplus-production fishing_mortality","higher-F-6","higher-F 6"
2035,"catch","all",161118.065745978,"t","Illustrative surplus-production catch","higher-F-6","higher-F 6"
2036,"total_biomass","all",2128600.74335995,"t","Illustrative surplus-production total_biomass","higher-F-6","higher-F 6"
2036,"biomass_depletion","all",0.674663678636075,"ratio","Illustrative surplus-production biomass_depletion","higher-F-6","higher-F 6"
2036,"fishing_mortality","all",0.08,"per year","Illustrative surplus-production fishing_mortality","higher-F-6","higher-F 6"
2036,"catch","all",163654.602233636,"t","Illustrative surplus-production catch","higher-F-6","higher-F 6"
2037,"total_biomass","all",2157508.65814599,"t","Illustrative surplus-production total_biomass","higher-F-6","higher-F 6"
2037,"biomass_depletion","all",0.683826092109847,"ratio","Illustrative surplus-production biomass_depletion","higher-F-6","higher-F 6"
2037,"fishing_mortality","all",0.08,"per year","Illustrative surplus-production fishing_mortality","higher-F-6","higher-F 6"
2037,"catch","all",165877.14834073,"t","Illustrative surplus-production catch","higher-F-6","higher-F 6"
2038,"total_biomass","all",2201964.4698763,"t","Illustrative surplus-production total_biomass","higher-F-6","higher-F 6"
2038,"biomass_depletion","all",0.697916438348936,"ratio","Illustrative surplus-production biomass_depletion","higher-F-6","higher-F 6"
2038,"fishing_mortality","all",0.08,"per year","Illustrative surplus-production fishing_mortality","higher-F-6","higher-F 6"
2038,"catch","all",169295.073570904,"t","Illustrative surplus-production catch","higher-F-6","higher-F 6"
2039,"total_biomass","all",2215586.9591927,"t","Illustrative surplus-production total_biomass","higher-F-6","higher-F 6"
2039,"biomass_depletion","all",0.702234109844191,"ratio","Illustrative surplus-production biomass_depletion","higher-F-6","higher-F 6"
2039,"fishing_mortality","all",0.08,"per year","Illustrative surplus-production fishing_mortality","higher-F-6","higher-F 6"
2039,"catch","all",170342.420320858,"t","Illustrative surplus-production catch","higher-F-6","higher-F 6"
2040,"total_biomass","all",2242716.65578729,"t","Illustrative surplus-production total_biomass","higher-F-6","higher-F 6"
2040,"biomass_depletion","all",0.710832913993763,"ratio","Illustrative surplus-production biomass_depletion","higher-F-6","higher-F 6"
2040,"fishing_mortality","all",0.08,"per year","Illustrative surplus-production fishing_mortality","higher-F-6","higher-F 6"
2040,"catch","all",172428.250516472,"t","Illustrative surplus-production catch","higher-F-6","higher-F 6"
2041,"total_biomass","all",2245258.36886041,"t","Illustrative surplus-production total_biomass","higher-F-6","higher-F 6"
2041,"biomass_depletion","all",0.711638514338168,"ratio","Illustrative surplus-production biomass_depletion","higher-F-6","higher-F 6"
2041,"fishing_mortality","all",0.08,"per year","Illustrative surplus-production fishing_mortality","higher-F-6","higher-F 6"
2041,"catch","all",172623.666703971,"t","Illustrative surplus-production catch","higher-F-6","higher-F 6"
2042,"total_biomass","all",2266218.72985775,"t","Illustrative surplus-production total_biomass","higher-F-6","higher-F 6"
2042,"biomass_depletion","all",0.718281936924634,"ratio","Illustrative surplus-production biomass_depletion","higher-F-6","higher-F 6"
2042,"fishing_mortality","all",0.08,"per year","Illustrative surplus-production fishing_mortality","higher-F-6","higher-F 6"
2042,"catch","all",174235.175838501,"t","Illustrative surplus-production catch","higher-F-6","higher-F 6"
2043,"total_biomass","all",2285306.97886745,"t","Illustrative surplus-production total_biomass","higher-F-6","higher-F 6"
2043,"biomass_depletion","all",0.724331990386175,"ratio","Illustrative surplus-production biomass_depletion","higher-F-6","higher-F 6"
2043,"fishing_mortality","all",0.08,"per year","Illustrative surplus-production fishing_mortality","higher-F-6","higher-F 6"
2043,"catch","all",175702.750163449,"t","Illustrative surplus-production catch","higher-F-6","higher-F 6"
2044,"total_biomass","all",2318125.76375391,"t","Illustrative surplus-production total_biomass","higher-F-6","higher-F 6"
2044,"biomass_depletion","all",0.73473396088672,"ratio","Illustrative surplus-production biomass_depletion","higher-F-6","higher-F 6"
2044,"fishing_mortality","all",0.08,"per year","Illustrative surplus-production fishing_mortality","higher-F-6","higher-F 6"
2044,"catch","all",178225.978252671,"t","Illustrative surplus-production catch","higher-F-6","higher-F 6"
2045,"total_biomass","all",2322200.63751709,"t","Illustrative surplus-production total_biomass","higher-F-6","higher-F 6"
2045,"biomass_depletion","all",0.736025499157399,"ratio","Illustrative surplus-production biomass_depletion","higher-F-6","higher-F 6"
2045,"fishing_mortality","all",0.08,"per year","Illustrative surplus-production fishing_mortality","higher-F-6","higher-F 6"
2045,"catch","all",178539.269435598,"t","Illustrative surplus-production catch","higher-F-6","higher-F 6"
2046,"total_biomass","all",2338991.41378293,"t","Illustrative surplus-production total_biomass","higher-F-6","higher-F 6"
2046,"biomass_depletion","all",0.741347364668348,"ratio","Illustrative surplus-production biomass_depletion","higher-F-6","higher-F 6"
2046,"fishing_mortality","all",0.08,"per year","Illustrative surplus-production fishing_mortality","higher-F-6","higher-F 6"
2046,"catch","all",179830.20566192,"t","Illustrative surplus-production catch","higher-F-6","higher-F 6"
2047,"total_biomass","all",2316474.50221439,"t","Illustrative surplus-production total_biomass","higher-F-6","higher-F 6"
2047,"biomass_depletion","all",0.734210590692417,"ratio","Illustrative surplus-production biomass_depletion","higher-F-6","higher-F 6"
2047,"fishing_mortality","all",0.08,"per year","Illustrative surplus-production fishing_mortality","higher-F-6","higher-F 6"
2047,"catch","all",178099.023232441,"t","Illustrative surplus-production catch","higher-F-6","higher-F 6"
2048,"total_biomass","all",2327370.66919919,"t","Illustrative surplus-production total_biomass","higher-F-6","higher-F 6"
2048,"biomass_depletion","all",0.737664149620238,"ratio","Illustrative surplus-production biomass_depletion","higher-F-6","higher-F 6"
2048,"fishing_mortality","all",0.08,"per year","Illustrative surplus-production fishing_mortality","higher-F-6","higher-F 6"
2048,"catch","all",178936.760360614,"t","Illustrative surplus-production catch","higher-F-6","higher-F 6"
2049,"total_biomass","all",2330607.58708378,"t","Illustrative surplus-production total_biomass","higher-F-6","higher-F 6"
2049,"biomass_depletion","all",0.738690096329256,"ratio","Illustrative surplus-production biomass_depletion","higher-F-6","higher-F 6"
2049,"fishing_mortality","all",0.08,"per year","Illustrative surplus-production fishing_mortality","higher-F-6","higher-F 6"
2049,"catch","all",179185.626434028,"t","Illustrative surplus-production catch","higher-F-6","higher-F 6"
2050,"total_biomass","all",2354125.87421703,"t","Illustrative surplus-production total_biomass","higher-F-6","higher-F 6"
2050,"biomass_depletion","all",0.746144258018353,"ratio","Illustrative surplus-production biomass_depletion","higher-F-6","higher-F 6"
2050,"fishing_mortality","all",0.08,"per year","Illustrative surplus-production fishing_mortality","higher-F-6","higher-F 6"
2050,"catch","all",180993.79827556,"t","Illustrative surplus-production catch","higher-F-6","higher-F 6"
2051,"total_biomass","all",2332071.13988409,"t","Illustrative surplus-production total_biomass","higher-F-6","higher-F 6"
2051,"biomass_depletion","all",0.739153971914764,"ratio","Illustrative surplus-production biomass_depletion","higher-F-6","higher-F 6"
2051,"fishing_mortality","all",0.08,"per year","Illustrative surplus-production fishing_mortality","higher-F-6","higher-F 6"
2051,"catch","all",179298.149720572,"t","Illustrative surplus-production catch","higher-F-6","higher-F 6"
2052,"total_biomass","all",2346158.15140438,"t","Illustrative surplus-production total_biomass","higher-F-6","higher-F 6"
2052,"biomass_depletion","all",0.743618874524099,"ratio","Illustrative surplus-production biomass_depletion","higher-F-6","higher-F 6"
2052,"fishing_mortality","all",0.08,"per year","Illustrative surplus-production fishing_mortality","higher-F-6","higher-F 6"
2052,"catch","all",180381.210634745,"t","Illustrative surplus-production catch","higher-F-6","higher-F 6"
2023,"total_biomass","all",902918.314809643,"t","Illustrative surplus-production total_biomass","higher-F-7","higher-F 7"
2023,"biomass_depletion","all",0.286181517918576,"ratio","Illustrative surplus-production biomass_depletion","higher-F-7","higher-F 7"
2023,"fishing_mortality","all",0.08,"per year","Illustrative surplus-production fishing_mortality","higher-F-7","higher-F 7"
2023,"catch","all",69419.6589569872,"t","Illustrative surplus-production catch","higher-F-7","higher-F 7"
2024,"total_biomass","all",1026673.45622952,"t","Illustrative surplus-production total_biomass","higher-F-7","higher-F 7"
2024,"biomass_depletion","all",0.325405923538516,"ratio","Illustrative surplus-production biomass_depletion","higher-F-7","higher-F 7"
2024,"fishing_mortality","all",0.08,"per year","Illustrative surplus-production fishing_mortality","higher-F-7","higher-F 7"
2024,"catch","all",78934.4063827855,"t","Illustrative surplus-production catch","higher-F-7","higher-F 7"
2025,"total_biomass","all",1154349.96193276,"t","Illustrative surplus-production total_biomass","higher-F-7","higher-F 7"
2025,"biomass_depletion","all",0.365873212334621,"ratio","Illustrative surplus-production biomass_depletion","higher-F-7","higher-F 7"
2025,"fishing_mortality","all",0.08,"per year","Illustrative surplus-production fishing_mortality","higher-F-7","higher-F 7"
2025,"catch","all",88750.6426218384,"t","Illustrative surplus-production catch","higher-F-7","higher-F 7"
2026,"total_biomass","all",1288689.80111051,"t","Illustrative surplus-production total_biomass","higher-F-7","higher-F 7"
2026,"biomass_depletion","all",0.408452456173451,"ratio","Illustrative surplus-production biomass_depletion","higher-F-7","higher-F 7"
2026,"fishing_mortality","all",0.08,"per year","Illustrative surplus-production fishing_mortality","higher-F-7","higher-F 7"
2026,"catch","all",99079.1802836554,"t","Illustrative surplus-production catch","higher-F-7","higher-F 7"
2027,"total_biomass","all",1406635.69999077,"t","Illustrative surplus-production total_biomass","higher-F-7","higher-F 7"
2027,"biomass_depletion","all",0.445835612346265,"ratio","Illustrative surplus-production biomass_depletion","higher-F-7","higher-F 7"
2027,"fishing_mortality","all",0.08,"per year","Illustrative surplus-production fishing_mortality","higher-F-7","higher-F 7"
2027,"catch","all",108147.291918282,"t","Illustrative surplus-production catch","higher-F-7","higher-F 7"
2028,"total_biomass","all",1537102.98257255,"t","Illustrative surplus-production total_biomass","higher-F-7","higher-F 7"
2028,"biomass_depletion","all",0.487187442689677,"ratio","Illustrative surplus-production biomass_depletion","higher-F-7","higher-F 7"
2028,"fishing_mortality","all",0.08,"per year","Illustrative surplus-production fishing_mortality","higher-F-7","higher-F 7"
2028,"catch","all",118178.093280177,"t","Illustrative surplus-production catch","higher-F-7","higher-F 7"
2029,"total_biomass","all",1662102.24020487,"t","Illustrative surplus-production total_biomass","higher-F-7","higher-F 7"
2029,"biomass_depletion","all",0.526806173089949,"ratio","Illustrative surplus-production biomass_depletion","higher-F-7","higher-F 7"
2029,"fishing_mortality","all",0.08,"per year","Illustrative surplus-production fishing_mortality","higher-F-7","higher-F 7"
2029,"catch","all",127788.492905908,"t","Illustrative surplus-production catch","higher-F-7","higher-F 7"
2030,"total_biomass","all",1765133.68861253,"t","Illustrative surplus-production total_biomass","higher-F-7","higher-F 7"
2030,"biomass_depletion","all",0.559462168449695,"ratio","Illustrative surplus-production biomass_depletion","higher-F-7","higher-F 7"
2030,"fishing_mortality","all",0.08,"per year","Illustrative surplus-production fishing_mortality","higher-F-7","higher-F 7"
2030,"catch","all",135709.927096565,"t","Illustrative surplus-production catch","higher-F-7","higher-F 7"
2031,"total_biomass","all",1854621.52191386,"t","Illustrative surplus-production total_biomass","higher-F-7","higher-F 7"
2031,"biomass_depletion","all",0.587825491631171,"ratio","Illustrative surplus-production biomass_depletion","higher-F-7","higher-F 7"
2031,"fishing_mortality","all",0.08,"per year","Illustrative surplus-production fishing_mortality","higher-F-7","higher-F 7"
2031,"catch","all",142590.078674716,"t","Illustrative surplus-production catch","higher-F-7","higher-F 7"
2032,"total_biomass","all",1980953.46768788,"t","Illustrative surplus-production total_biomass","higher-F-7","higher-F 7"
2032,"biomass_depletion","all",0.627866619837588,"ratio","Illustrative surplus-production biomass_depletion","higher-F-7","higher-F 7"
2032,"fishing_mortality","all",0.08,"per year","Illustrative surplus-production fishing_mortality","higher-F-7","higher-F 7"
2032,"catch","all",152302.940233907,"t","Illustrative surplus-production catch","higher-F-7","higher-F 7"
2033,"total_biomass","all",2029683.72555985,"t","Illustrative surplus-production total_biomass","higher-F-7","higher-F 7"
2033,"biomass_depletion","all",0.643311759157091,"ratio","Illustrative surplus-production biomass_depletion","higher-F-7","higher-F 7"
2033,"fishing_mortality","all",0.08,"per year","Illustrative surplus-production fishing_mortality","higher-F-7","higher-F 7"
2033,"catch","all",156049.500500626,"t","Illustrative surplus-production catch","higher-F-7","higher-F 7"
2034,"total_biomass","all",2085555.8468139,"t","Illustrative surplus-production total_biomass","higher-F-7","higher-F 7"
2034,"biomass_depletion","all",0.661020524399255,"ratio","Illustrative surplus-production biomass_depletion","higher-F-7","higher-F 7"
2034,"fishing_mortality","all",0.08,"per year","Illustrative surplus-production fishing_mortality","higher-F-7","higher-F 7"
2034,"catch","all",160345.153317766,"t","Illustrative surplus-production catch","higher-F-7","higher-F 7"
2035,"total_biomass","all",2146776.85631352,"t","Illustrative surplus-production total_biomass","higher-F-7","higher-F 7"
2035,"biomass_depletion","all",0.680424629000679,"ratio","Illustrative surplus-production biomass_depletion","higher-F-7","higher-F 7"
2035,"fishing_mortality","all",0.08,"per year","Illustrative surplus-production fishing_mortality","higher-F-7","higher-F 7"
2035,"catch","all",165052.048205995,"t","Illustrative surplus-production catch","higher-F-7","higher-F 7"
2036,"total_biomass","all",2189612.8132018,"t","Illustrative surplus-production total_biomass","higher-F-7","higher-F 7"
2036,"biomass_depletion","all",0.694001559452431,"ratio","Illustrative surplus-production biomass_depletion","higher-F-7","higher-F 7"
2036,"fishing_mortality","all",0.08,"per year","Illustrative surplus-production fishing_mortality","higher-F-7","higher-F 7"
2036,"catch","all",168345.433077591,"t","Illustrative surplus-production catch","higher-F-7","higher-F 7"
2037,"total_biomass","all",2243552.47653907,"t","Illustrative surplus-production total_biomass","higher-F-7","higher-F 7"
2037,"biomass_depletion","all",0.711097828823299,"ratio","Illustrative surplus-production biomass_depletion","higher-F-7","higher-F 7"
2037,"fishing_mortality","all",0.08,"per year","Illustrative surplus-production fishing_mortality","higher-F-7","higher-F 7"
2037,"catch","all",172492.511469635,"t","Illustrative surplus-production catch","higher-F-7","higher-F 7"
2038,"total_biomass","all",2271844.3924556,"t","Illustrative surplus-production total_biomass","higher-F-7","higher-F 7"
2038,"biomass_depletion","all",0.720065000392442,"ratio","Illustrative surplus-production biomass_depletion","higher-F-7","higher-F 7"
2038,"fishing_mortality","all",0.08,"per year","Illustrative surplus-production fishing_mortality","higher-F-7","higher-F 7"
2038,"catch","all",174667.69733302,"t","Illustrative surplus-production catch","higher-F-7","higher-F 7"
2039,"total_biomass","all",2298750.39659527,"t","Illustrative surplus-production total_biomass","higher-F-7","higher-F 7"
2039,"biomass_depletion","all",0.72859290483243,"ratio","Illustrative surplus-production biomass_depletion","higher-F-7","higher-F 7"
2039,"fishing_mortality","all",0.08,"per year","Illustrative surplus-production fishing_mortality","higher-F-7","higher-F 7"
2039,"catch","all",176736.329235414,"t","Illustrative surplus-production catch","higher-F-7","higher-F 7"
2040,"total_biomass","all",2323362.40070608,"t","Illustrative surplus-production total_biomass","higher-F-7","higher-F 7"
2040,"biomass_depletion","all",0.73639372200484,"ratio","Illustrative surplus-production biomass_depletion","higher-F-7","higher-F 7"
2040,"fishing_mortality","all",0.08,"per year","Illustrative surplus-production fishing_mortality","higher-F-7","higher-F 7"
2040,"catch","all",178628.5900342,"t","Illustrative surplus-production catch","higher-F-7","higher-F 7"
2041,"total_biomass","all",2307103.28418149,"t","Illustrative surplus-production total_biomass","higher-F-7","higher-F 7"
2041,"biomass_depletion","all",0.731240366966292,"ratio","Illustrative surplus-production biomass_depletion","higher-F-7","higher-F 7"
2041,"fishing_mortality","all",0.08,"per year","Illustrative surplus-production fishing_mortality","higher-F-7","higher-F 7"
2041,"catch","all",177378.529751265,"t","Illustrative surplus-production catch","higher-F-7","higher-F 7"
2042,"total_biomass","all",2314075.39141981,"t","Illustrative surplus-production total_biomass","higher-F-7","higher-F 7"
2042,"biomass_depletion","all",0.733450188386265,"ratio","Illustrative surplus-production biomass_depletion","higher-F-7","higher-F 7"
2042,"fishing_mortality","all",0.08,"per year","Illustrative surplus-production fishing_mortality","higher-F-7","higher-F 7"
2042,"catch","all",177914.570829131,"t","Illustrative surplus-production catch","higher-F-7","higher-F 7"
2043,"total_biomass","all",2330285.66362132,"t","Illustrative surplus-production total_biomass","higher-F-7","higher-F 7"
2043,"biomass_depletion","all",0.738588062132332,"ratio","Illustrative surplus-production biomass_depletion","higher-F-7","higher-F 7"
2043,"fishing_mortality","all",0.08,"per year","Illustrative surplus-production fishing_mortality","higher-F-7","higher-F 7"
2043,"catch","all",179160.87578205,"t","Illustrative surplus-production catch","higher-F-7","higher-F 7"
2044,"total_biomass","all",2358021.04574981,"t","Illustrative surplus-production total_biomass","higher-F-7","higher-F 7"
2044,"biomass_depletion","all",0.74737883935702,"ratio","Illustrative surplus-production biomass_depletion","higher-F-7","higher-F 7"
2044,"fishing_mortality","all",0.08,"per year","Illustrative surplus-production fishing_mortality","higher-F-7","higher-F 7"
2044,"catch","all",181293.273294451,"t","Illustrative surplus-production catch","higher-F-7","higher-F 7"
2045,"total_biomass","all",2329072.66144851,"t","Illustrative surplus-production total_biomass","higher-F-7","higher-F 7"
2045,"biomass_depletion","all",0.738203599000551,"ratio","Illustrative surplus-production biomass_depletion","higher-F-7","higher-F 7"
2045,"fishing_mortality","all",0.08,"per year","Illustrative surplus-production fishing_mortality","higher-F-7","higher-F 7"
2045,"catch","all",179067.615743164,"t","Illustrative surplus-production catch","higher-F-7","higher-F 7"
2046,"total_biomass","all",2318476.09160339,"t","Illustrative surplus-production total_biomass","higher-F-7","higher-F 7"
2046,"biomass_depletion","all",0.734844997903124,"ratio","Illustrative surplus-production biomass_depletion","higher-F-7","higher-F 7"
2046,"fishing_mortality","all",0.08,"per year","Illustrative surplus-production fishing_mortality","higher-F-7","higher-F 7"
2046,"catch","all",178252.912737701,"t","Illustrative surplus-production catch","higher-F-7","higher-F 7"
2047,"total_biomass","all",2339214.51652695,"t","Illustrative surplus-production total_biomass","higher-F-7","higher-F 7"
2047,"biomass_depletion","all",0.741418077468041,"ratio","Illustrative surplus-production biomass_depletion","higher-F-7","higher-F 7"
2047,"fishing_mortality","all",0.08,"per year","Illustrative surplus-production fishing_mortality","higher-F-7","higher-F 7"
2047,"catch","all",179847.358616011,"t","Illustrative surplus-production catch","higher-F-7","higher-F 7"
2048,"total_biomass","all",2355134.94345038,"t","Illustrative surplus-production total_biomass","higher-F-7","higher-F 7"
2048,"biomass_depletion","all",0.746464084253073,"ratio","Illustrative surplus-production biomass_depletion","higher-F-7","higher-F 7"
2048,"fishing_mortality","all",0.08,"per year","Illustrative surplus-production fishing_mortality","higher-F-7","higher-F 7"
2048,"catch","all",181071.379204969,"t","Illustrative surplus-production catch","higher-F-7","higher-F 7"
2049,"total_biomass","all",2345337.47364989,"t","Illustrative surplus-production total_biomass","higher-F-7","higher-F 7"
2049,"biomass_depletion","all",0.743358759293688,"ratio","Illustrative surplus-production biomass_depletion","higher-F-7","higher-F 7"
2049,"fishing_mortality","all",0.08,"per year","Illustrative surplus-production fishing_mortality","higher-F-7","higher-F 7"
2049,"catch","all",180318.113930541,"t","Illustrative surplus-production catch","higher-F-7","higher-F 7"
2050,"total_biomass","all",2323030.21726946,"t","Illustrative surplus-production total_biomass","higher-F-7","higher-F 7"
2050,"biomass_depletion","all",0.736288435891402,"ratio","Illustrative surplus-production biomass_depletion","higher-F-7","higher-F 7"
2050,"fishing_mortality","all",0.08,"per year","Illustrative surplus-production fishing_mortality","higher-F-7","higher-F 7"
2050,"catch","all",178603.050557923,"t","Illustrative surplus-production catch","higher-F-7","higher-F 7"
2051,"total_biomass","all",2313820.67466313,"t","Illustrative surplus-production total_biomass","higher-F-7","higher-F 7"
2051,"biomass_depletion","all",0.733369455470706,"ratio","Illustrative surplus-production biomass_depletion","higher-F-7","higher-F 7"
2051,"fishing_mortality","all",0.08,"per year","Illustrative surplus-production fishing_mortality","higher-F-7","higher-F 7"
2051,"catch","all",177894.98727424,"t","Illustrative surplus-production catch","higher-F-7","higher-F 7"
2052,"total_biomass","all",2343302.12408536,"t","Illustrative surplus-production total_biomass","higher-F-7","higher-F 7"
2052,"biomass_depletion","all",0.74271365173709,"ratio","Illustrative surplus-production biomass_depletion","higher-F-7","higher-F 7"
2052,"fishing_mortality","all",0.08,"per year","Illustrative surplus-production fishing_mortality","higher-F-7","higher-F 7"
2052,"catch","all",180161.628819639,"t","Illustrative surplus-production catch","higher-F-7","higher-F 7"
2023,"total_biomass","all",902918.314809643,"t","Illustrative surplus-production total_biomass","higher-F-8","higher-F 8"
2023,"biomass_depletion","all",0.286181517918576,"ratio","Illustrative surplus-production biomass_depletion","higher-F-8","higher-F 8"
2023,"fishing_mortality","all",0.08,"per year","Illustrative surplus-production fishing_mortality","higher-F-8","higher-F 8"
2023,"catch","all",69419.6589569872,"t","Illustrative surplus-production catch","higher-F-8","higher-F 8"
2024,"total_biomass","all",1021381.73527857,"t","Illustrative surplus-production total_biomass","higher-F-8","higher-F 8"
2024,"biomass_depletion","all",0.323728703451932,"ratio","Illustrative surplus-production biomass_depletion","higher-F-8","higher-F 8"
2024,"fishing_mortality","all",0.08,"per year","Illustrative surplus-production fishing_mortality","higher-F-8","higher-F 8"
2024,"catch","all",78527.5595421744,"t","Illustrative surplus-production catch","higher-F-8","higher-F 8"
2025,"total_biomass","all",1158906.42731086,"t","Illustrative surplus-production total_biomass","higher-F-8","higher-F 8"
2025,"biomass_depletion","all",0.367317391898663,"ratio","Illustrative surplus-production biomass_depletion","higher-F-8","higher-F 8"
2025,"fishing_mortality","all",0.08,"per year","Illustrative surplus-production fishing_mortality","higher-F-8","higher-F 8"
2025,"catch","all",89100.9603276694,"t","Illustrative surplus-production catch","higher-F-8","higher-F 8"
2026,"total_biomass","all",1286783.50883156,"t","Illustrative surplus-production total_biomass","higher-F-8","higher-F 8"
2026,"biomass_depletion","all",0.407848253546218,"ratio","Illustrative surplus-production biomass_depletion","higher-F-8","higher-F 8"
2026,"fishing_mortality","all",0.08,"per year","Illustrative surplus-production fishing_mortality","higher-F-8","higher-F 8"
2026,"catch","all",98932.6175683953,"t","Illustrative surplus-production catch","higher-F-8","higher-F 8"
2027,"total_biomass","all",1414996.59827688,"t","Illustrative surplus-production total_biomass","higher-F-8","higher-F 8"
2027,"biomass_depletion","all",0.448485613485279,"ratio","Illustrative surplus-production biomass_depletion","higher-F-8","higher-F 8"
2027,"fishing_mortality","all",0.08,"per year","Illustrative surplus-production fishing_mortality","higher-F-8","higher-F 8"
2027,"catch","all",108790.108326008,"t","Illustrative surplus-production catch","higher-F-8","higher-F 8"
2028,"total_biomass","all",1571857.15698511,"t","Illustrative surplus-production total_biomass","higher-F-8","higher-F 8"
2028,"biomass_depletion","all",0.498202838240149,"ratio","Illustrative surplus-production biomass_depletion","higher-F-8","higher-F 8"
2028,"fishing_mortality","all",0.08,"per year","Illustrative surplus-production fishing_mortality","higher-F-8","higher-F 8"
2028,"catch","all",120850.121187331,"t","Illustrative surplus-production catch","higher-F-8","higher-F 8"
2029,"total_biomass","all",1679779.56539335,"t","Illustrative surplus-production total_biomass","higher-F-8","higher-F 8"
2029,"biomass_depletion","all",0.532409031811722,"ratio","Illustrative surplus-production biomass_depletion","higher-F-8","higher-F 8"
2029,"fishing_mortality","all",0.08,"per year","Illustrative surplus-production fishing_mortality","higher-F-8","higher-F 8"
2029,"catch","all",129147.59025251,"t","Illustrative surplus-production catch","higher-F-8","higher-F 8"
2030,"total_biomass","all",1790159.18591569,"t","Illustrative surplus-production total_biomass","higher-F-8","higher-F 8"
2030,"biomass_depletion","all",0.567394043002927,"ratio","Illustrative surplus-production biomass_depletion","higher-F-8","higher-F 8"
2030,"fishing_mortality","all",0.08,"per year","Illustrative surplus-production fishing_mortality","higher-F-8","higher-F 8"
2030,"catch","all",137633.978762724,"t","Illustrative surplus-production catch","higher-F-8","higher-F 8"
2031,"total_biomass","all",1875775.64246048,"t","Illustrative surplus-production total_biomass","higher-F-8","higher-F 8"
2031,"biomass_depletion","all",0.594530326641124,"ratio","Illustrative surplus-production biomass_depletion","higher-F-8","higher-F 8"
2031,"fishing_mortality","all",0.08,"per year","Illustrative surplus-production fishing_mortality","higher-F-8","higher-F 8"
2031,"catch","all",144216.484751317,"t","Illustrative surplus-production catch","higher-F-8","higher-F 8"
2032,"total_biomass","all",1968395.60947897,"t","Illustrative surplus-production total_biomass","higher-F-8","higher-F 8"
2032,"biomass_depletion","all",0.623886385008937,"ratio","Illustrative surplus-production biomass_depletion","higher-F-8","higher-F 8"
2032,"fishing_mortality","all",0.08,"per year","Illustrative surplus-production fishing_mortality","higher-F-8","higher-F 8"
2032,"catch","all",151337.446213248,"t","Illustrative surplus-production catch","higher-F-8","higher-F 8"
2033,"total_biomass","all",2031573.97372033,"t","Illustrative surplus-production total_biomass","higher-F-8","higher-F 8"
2033,"biomass_depletion","all",0.643910876573291,"ratio","Illustrative surplus-production biomass_depletion","higher-F-8","higher-F 8"
2033,"fishing_mortality","all",0.08,"per year","Illustrative surplus-production fishing_mortality","higher-F-8","higher-F 8"
2033,"catch","all",156194.82968544,"t","Illustrative surplus-production catch","higher-F-8","higher-F 8"
2034,"total_biomass","all",2097763.57943624,"t","Illustrative surplus-production total_biomass","higher-F-8","higher-F 8"
2034,"biomass_depletion","all",0.66488978631908,"ratio","Illustrative surplus-production biomass_depletion","higher-F-8","higher-F 8"
2034,"fishing_mortality","all",0.08,"per year","Illustrative surplus-production fishing_mortality","higher-F-8","higher-F 8"
2034,"catch","all",161283.728404107,"t","Illustrative surplus-production catch","higher-F-8","higher-F 8"
2035,"total_biomass","all",2144796.84579117,"t","Illustrative surplus-production total_biomass","higher-F-8","higher-F 8"
2035,"biomass_depletion","all",0.679797061248996,"ratio","Illustrative surplus-production biomass_depletion","higher-F-8","higher-F 8"
2035,"fishing_mortality","all",0.08,"per year","Illustrative surplus-production fishing_mortality","higher-F-8","higher-F 8"
2035,"catch","all",164899.817762845,"t","Illustrative surplus-production catch","higher-F-8","higher-F 8"
2036,"total_biomass","all",2228358.1147166,"t","Illustrative surplus-production total_biomass","higher-F-8","higher-F 8"
2036,"biomass_depletion","all",0.706281949624886,"ratio","Illustrative surplus-production biomass_depletion","higher-F-8","higher-F 8"
2036,"fishing_mortality","all",0.08,"per year","Illustrative surplus-production fishing_mortality","higher-F-8","higher-F 8"
2036,"catch","all",171324.3134184,"t","Illustrative surplus-production catch","higher-F-8","higher-F 8"
2037,"total_biomass","all",2281370.1204813,"t","Illustrative surplus-production total_biomass","higher-F-8","higher-F 8"
2037,"biomass_depletion","all",0.7230841963274,"ratio","Illustrative surplus-production biomass_depletion","higher-F-8","higher-F 8"
2037,"fishing_mortality","all",0.08,"per year","Illustrative surplus-production fishing_mortality","higher-F-8","higher-F 8"
2037,"catch","all",175400.070106963,"t","Illustrative surplus-production catch","higher-F-8","higher-F 8"
2038,"total_biomass","all",2285655.25114068,"t","Illustrative surplus-production total_biomass","higher-F-8","higher-F 8"
2038,"biomass_depletion","all",0.724442375884141,"ratio","Illustrative surplus-production biomass_depletion","higher-F-8","higher-F 8"
2038,"fishing_mortality","all",0.08,"per year","Illustrative surplus-production fishing_mortality","higher-F-8","higher-F 8"
2038,"catch","all",175729.526608267,"t","Illustrative surplus-production catch","higher-F-8","higher-F 8"
2039,"total_biomass","all",2290151.50590797,"t","Illustrative surplus-production total_biomass","higher-F-8","higher-F 8"
2039,"biomass_depletion","all",0.725867471591192,"ratio","Illustrative surplus-production biomass_depletion","higher-F-8","higher-F 8"
2039,"fishing_mortality","all",0.08,"per year","Illustrative surplus-production fishing_mortality","higher-F-8","higher-F 8"
2039,"catch","all",176075.215102353,"t","Illustrative surplus-production catch","higher-F-8","higher-F 8"
2040,"total_biomass","all",2281640.33891932,"t","Illustrative surplus-production total_biomass","higher-F-8","higher-F 8"
2040,"biomass_depletion","all",0.72316984252761,"ratio","Illustrative surplus-production biomass_depletion","higher-F-8","higher-F 8"
2040,"fishing_mortality","all",0.08,"per year","Illustrative surplus-production fishing_mortality","higher-F-8","higher-F 8"
2040,"catch","all",175420.845487752,"t","Illustrative surplus-production catch","higher-F-8","higher-F 8"
2041,"total_biomass","all",2279495.03299949,"t","Illustrative surplus-production total_biomass","higher-F-8","higher-F 8"
2041,"biomass_depletion","all",0.722489884114466,"ratio","Illustrative surplus-production biomass_depletion","higher-F-8","higher-F 8"
2041,"fishing_mortality","all",0.08,"per year","Illustrative surplus-production fishing_mortality","higher-F-8","higher-F 8"
2041,"catch","all",175255.906530517,"t","Illustrative surplus-production catch","higher-F-8","higher-F 8"
2042,"total_biomass","all",2265849.58418729,"t","Illustrative surplus-production total_biomass","higher-F-8","higher-F 8"
2042,"biomass_depletion","all",0.718164935567399,"ratio","Illustrative surplus-production biomass_depletion","higher-F-8","higher-F 8"
2042,"fishing_mortality","all",0.08,"per year","Illustrative surplus-production fishing_mortality","higher-F-8","higher-F 8"
2042,"catch","all",174206.794570641,"t","Illustrative surplus-production catch","higher-F-8","higher-F 8"
2043,"total_biomass","all",2292743.05792349,"t","Illustrative surplus-production total_biomass","higher-F-8","higher-F 8"
2043,"biomass_depletion","all",0.726688868474387,"ratio","Illustrative surplus-production biomass_depletion","higher-F-8","higher-F 8"
2043,"fishing_mortality","all",0.08,"per year","Illustrative surplus-production fishing_mortality","higher-F-8","higher-F 8"
2043,"catch","all",176274.463089835,"t","Illustrative surplus-production catch","higher-F-8","higher-F 8"
2044,"total_biomass","all",2289964.34725667,"t","Illustrative surplus-production total_biomass","higher-F-8","higher-F 8"
2044,"biomass_depletion","all",0.725808151333708,"ratio","Illustrative surplus-production biomass_depletion","higher-F-8","higher-F 8"
2044,"fishing_mortality","all",0.08,"per year","Illustrative surplus-production fishing_mortality","higher-F-8","higher-F 8"
2044,"catch","all",176060.825661436,"t","Illustrative surplus-production catch","higher-F-8","higher-F 8"
2045,"total_biomass","all",2299791.72627138,"t","Illustrative surplus-production total_biomass","higher-F-8","higher-F 8"
2045,"biomass_depletion","all",0.728922956070151,"ratio","Illustrative surplus-production biomass_depletion","higher-F-8","higher-F 8"
2045,"fishing_mortality","all",0.08,"per year","Illustrative surplus-production fishing_mortality","higher-F-8","higher-F 8"
2045,"catch","all",176816.39046553,"t","Illustrative surplus-production catch","higher-F-8","higher-F 8"
2046,"total_biomass","all",2337822.71672856,"t","Illustrative surplus-production total_biomass","higher-F-8","higher-F 8"
2046,"biomass_depletion","all",0.740976944120307,"ratio","Illustrative surplus-production biomass_depletion","higher-F-8","higher-F 8"
2046,"fishing_mortality","all",0.08,"per year","Illustrative surplus-production fishing_mortality","higher-F-8","higher-F 8"
2046,"catch","all",179740.351962413,"t","Illustrative surplus-production catch","higher-F-8","higher-F 8"
2047,"total_biomass","all",2348911.3514945,"t","Illustrative surplus-production total_biomass","higher-F-8","higher-F 8"
2047,"biomass_depletion","all",0.744491506043476,"ratio","Illustrative surplus-production biomass_depletion","higher-F-8","higher-F 8"
2047,"fishing_mortality","all",0.08,"per year","Illustrative surplus-production fishing_mortality","higher-F-8","higher-F 8"
2047,"catch","all",180592.886716802,"t","Illustrative surplus-production catch","higher-F-8","higher-F 8"
2048,"total_biomass","all",2330104.66943352,"t","Illustrative surplus-production total_biomass","higher-F-8","higher-F 8"
2048,"biomass_depletion","all",0.738530695712191,"ratio","Illustrative surplus-production biomass_depletion","higher-F-8","higher-F 8"
2048,"fishing_mortality","all",0.08,"per year","Illustrative surplus-production fishing_mortality","higher-F-8","higher-F 8"
2048,"catch","all",179146.960287609,"t","Illustrative surplus-production catch","higher-F-8","higher-F 8"
2049,"total_biomass","all",2321270.527638,"t","Illustrative surplus-production total_biomass","higher-F-8","higher-F 8"
2049,"biomass_depletion","all",0.735730699226261,"ratio","Illustrative surplus-production biomass_depletion","higher-F-8","higher-F 8"
2049,"fishing_mortality","all",0.08,"per year","Illustrative surplus-production fishing_mortality","higher-F-8","higher-F 8"
2049,"catch","all",178467.759189831,"t","Illustrative surplus-production catch","higher-F-8","higher-F 8"
2050,"total_biomass","all",2300976.0653898,"t","Illustrative surplus-production total_biomass","higher-F-8","higher-F 8"
2050,"biomass_depletion","all",0.729298334397384,"ratio","Illustrative surplus-production biomass_depletion","higher-F-8","higher-F 8"
2050,"fishing_mortality","all",0.08,"per year","Illustrative surplus-production fishing_mortality","higher-F-8","higher-F 8"
2050,"catch","all",176907.446784071,"t","Illustrative surplus-production catch","higher-F-8","higher-F 8"
2051,"total_biomass","all",2293069.28355405,"t","Illustrative surplus-production total_biomass","higher-F-8","higher-F 8"
2051,"biomass_depletion","all",0.726792266250916,"ratio","Illustrative surplus-production biomass_depletion","higher-F-8","higher-F 8"
2051,"fishing_mortality","all",0.08,"per year","Illustrative surplus-production fishing_mortality","higher-F-8","higher-F 8"
2051,"catch","all",176299.544508215,"t","Illustrative surplus-production catch","higher-F-8","higher-F 8"
2052,"total_biomass","all",2327742.0661145,"t","Illustrative surplus-production total_biomass","higher-F-8","higher-F 8"
2052,"biomass_depletion","all",0.737781864513414,"ratio","Illustrative surplus-production biomass_depletion","higher-F-8","higher-F 8"
2052,"fishing_mortality","all",0.08,"per year","Illustrative surplus-production fishing_mortality","higher-F-8","higher-F 8"
2052,"catch","all",178965.314712404,"t","Illustrative surplus-production catch","higher-F-8","higher-F 8"
2023,"total_biomass","all",902918.314809643,"t","Illustrative surplus-production total_biomass","higher-F-9","higher-F 9"
2023,"biomass_depletion","all",0.286181517918576,"ratio","Illustrative surplus-production biomass_depletion","higher-F-9","higher-F 9"
2023,"fishing_mortality","all",0.08,"per year","Illustrative surplus-production fishing_mortality","higher-F-9","higher-F 9"
2023,"catch","all",69419.6589569872,"t","Illustrative surplus-production catch","higher-F-9","higher-F 9"
2024,"total_biomass","all",1006088.30544849,"t","Illustrative surplus-production total_biomass","higher-F-9","higher-F 9"
2024,"biomass_depletion","all",0.318881424477559,"ratio","Illustrative surplus-production biomass_depletion","higher-F-9","higher-F 9"
2024,"fishing_mortality","all",0.08,"per year","Illustrative surplus-production fishing_mortality","higher-F-9","higher-F 9"
2024,"catch","all",77351.7447805582,"t","Illustrative surplus-production catch","higher-F-9","higher-F 9"
2025,"total_biomass","all",1143847.62311876,"t","Illustrative surplus-production total_biomass","higher-F-9","higher-F 9"
2025,"biomass_depletion","all",0.362544477925108,"ratio","Illustrative surplus-production biomass_depletion","higher-F-9","higher-F 9"
2025,"fishing_mortality","all",0.08,"per year","Illustrative surplus-production fishing_mortality","higher-F-9","higher-F 9"
2025,"catch","all",87943.1844423325,"t","Illustrative surplus-production catch","higher-F-9","higher-F 9"
2026,"total_biomass","all",1287196.76357196,"t","Illustrative surplus-production total_biomass","higher-F-9","higher-F 9"
2026,"biomass_depletion","all",0.407979235349283,"ratio","Illustrative surplus-production biomass_depletion","higher-F-9","higher-F 9"
2026,"fishing_mortality","all",0.08,"per year","Illustrative surplus-production fishing_mortality","higher-F-9","higher-F 9"
2026,"catch","all",98964.3901027102,"t","Illustrative surplus-production catch","higher-F-9","higher-F 9"
2027,"total_biomass","all",1396986.97549377,"t","Illustrative surplus-production total_biomass","higher-F-9","higher-F 9"
2027,"biomass_depletion","all",0.442777432467492,"ratio","Illustrative surplus-production biomass_depletion","higher-F-9","higher-F 9"
2027,"fishing_mortality","all",0.08,"per year","Illustrative surplus-production fishing_mortality","higher-F-9","higher-F 9"
2027,"catch","all",107405.462726245,"t","Illustrative surplus-production catch","higher-F-9","higher-F 9"
2028,"total_biomass","all",1519630.02044729,"t","Illustrative surplus-production total_biomass","higher-F-9","higher-F 9"
2028,"biomass_depletion","all",0.481649357193431,"ratio","Illustrative surplus-production biomass_depletion","higher-F-9","higher-F 9"
2028,"fishing_mortality","all",0.08,"per year","Illustrative surplus-production fishing_mortality","higher-F-9","higher-F 9"
2028,"catch","all",116834.708112539,"t","Illustrative surplus-production catch","higher-F-9","higher-F 9"
2029,"total_biomass","all",1640399.10127029,"t","Illustrative surplus-production total_biomass","higher-F-9","higher-F 9"
2029,"biomass_depletion","all",0.519927325754566,"ratio","Illustrative surplus-production biomass_depletion","higher-F-9","higher-F 9"
2029,"fishing_mortality","all",0.08,"per year","Illustrative surplus-production fishing_mortality","higher-F-9","higher-F 9"
2029,"catch","all",126119.876289739,"t","Illustrative surplus-production catch","higher-F-9","higher-F 9"
2030,"total_biomass","all",1756261.72508007,"t","Illustrative surplus-production total_biomass","higher-F-9","higher-F 9"
2030,"biomass_depletion","all",0.556650184298979,"ratio","Illustrative surplus-production biomass_depletion","higher-F-9","higher-F 9"
2030,"fishing_mortality","all",0.08,"per year","Illustrative surplus-production fishing_mortality","higher-F-9","higher-F 9"
2030,"catch","all",135027.818125466,"t","Illustrative surplus-production catch","higher-F-9","higher-F 9"
2031,"total_biomass","all",1869465.74645629,"t","Illustrative surplus-production total_biomass","higher-F-9","higher-F 9"
2031,"biomass_depletion","all",0.592530394214493,"ratio","Illustrative surplus-production biomass_depletion","higher-F-9","higher-F 9"
2031,"fishing_mortality","all",0.08,"per year","Illustrative surplus-production fishing_mortality","higher-F-9","higher-F 9"
2031,"catch","all",143731.356892595,"t","Illustrative surplus-production catch","higher-F-9","higher-F 9"
2032,"total_biomass","all",1963521.38409863,"t","Illustrative surplus-production total_biomass","higher-F-9","higher-F 9"
2032,"biomass_depletion","all",0.622341490863871,"ratio","Illustrative surplus-production biomass_depletion","higher-F-9","higher-F 9"
2032,"fishing_mortality","all",0.08,"per year","Illustrative surplus-production fishing_mortality","higher-F-9","higher-F 9"
2032,"catch","all",150962.697957472,"t","Illustrative surplus-production catch","higher-F-9","higher-F 9"
2033,"total_biomass","all",2035112.22268034,"t","Illustrative surplus-production total_biomass","higher-F-9","higher-F 9"
2033,"biomass_depletion","all",0.645032330686626,"ratio","Illustrative surplus-production biomass_depletion","higher-F-9","higher-F 9"
2033,"fishing_mortality","all",0.08,"per year","Illustrative surplus-production fishing_mortality","higher-F-9","higher-F 9"
2033,"catch","all",156466.863192879,"t","Illustrative surplus-production catch","higher-F-9","higher-F 9"
2034,"total_biomass","all",2145530.25131762,"t","Illustrative surplus-production total_biomass","higher-F-9","higher-F 9"
2034,"biomass_depletion","all",0.680029515396139,"ratio","Illustrative surplus-production biomass_depletion","higher-F-9","higher-F 9"
2034,"fishing_mortality","all",0.08,"per year","Illustrative surplus-production fishing_mortality","higher-F-9","higher-F 9"
2034,"catch","all",164956.204659298,"t","Illustrative surplus-production catch","higher-F-9","higher-F 9"
2035,"total_biomass","all",2184705.53555018,"t","Illustrative surplus-production total_biomass","higher-F-9","higher-F 9"
2035,"biomass_depletion","all",0.692446189332949,"ratio","Illustrative surplus-production biomass_depletion","higher-F-9","higher-F 9"
2035,"fishing_mortality","all",0.08,"per year","Illustrative surplus-production fishing_mortality","higher-F-9","higher-F 9"
2035,"catch","all",167968.14364244,"t","Illustrative surplus-production catch","higher-F-9","higher-F 9"
2036,"total_biomass","all",2191668.9333783,"t","Illustrative surplus-production total_biomass","higher-F-9","higher-F 9"
2036,"biomass_depletion","all",0.694653250290331,"ratio","Illustrative surplus-production biomass_depletion","higher-F-9","higher-F 9"
2036,"fishing_mortality","all",0.08,"per year","Illustrative surplus-production fishing_mortality","higher-F-9","higher-F 9"
2036,"catch","all",168503.515109029,"t","Illustrative surplus-production catch","higher-F-9","higher-F 9"
2037,"total_biomass","all",2208831.55815803,"t","Illustrative surplus-production total_biomass","higher-F-9","higher-F 9"
2037,"biomass_depletion","all",0.700092973829405,"ratio","Illustrative surplus-production biomass_depletion","higher-F-9","higher-F 9"
2037,"fishing_mortality","all",0.08,"per year","Illustrative surplus-production fishing_mortality","higher-F-9","higher-F 9"
2037,"catch","all",169823.04040769,"t","Illustrative surplus-production catch","higher-F-9","higher-F 9"
2038,"total_biomass","all",2231175.48449314,"t","Illustrative surplus-production total_biomass","higher-F-9","higher-F 9"
2038,"biomass_depletion","all",0.707174919837102,"ratio","Illustrative surplus-production biomass_depletion","higher-F-9","higher-F 9"
2038,"fishing_mortality","all",0.08,"per year","Illustrative surplus-production fishing_mortality","higher-F-9","higher-F 9"
2038,"catch","all",171540.923100401,"t","Illustrative surplus-production catch","higher-F-9","higher-F 9"
2039,"total_biomass","all",2269015.1445254,"t","Illustrative surplus-production total_biomass","higher-F-9","higher-F 9"
2039,"biomass_depletion","all",0.719168265378927,"ratio","Illustrative surplus-production biomass_depletion","higher-F-9","higher-F 9"
2039,"fishing_mortality","all",0.08,"per year","Illustrative surplus-production fishing_mortality","higher-F-9","higher-F 9"
2039,"catch","all",174450.174415168,"t","Illustrative surplus-production catch","higher-F-9","higher-F 9"
2040,"total_biomass","all",2264504.01317425,"t","Illustrative surplus-production total_biomass","higher-F-9","higher-F 9"
2040,"biomass_depletion","all",0.717738454512953,"ratio","Illustrative surplus-production biomass_depletion","higher-F-9","higher-F 9"
2040,"fishing_mortality","all",0.08,"per year","Illustrative surplus-production fishing_mortality","higher-F-9","higher-F 9"
2040,"catch","all",174103.342154962,"t","Illustrative surplus-production catch","higher-F-9","higher-F 9"
2041,"total_biomass","all",2261825.7897115,"t","Illustrative surplus-production total_biomass","higher-F-9","higher-F 9"
2041,"biomass_depletion","all",0.716889586965,"ratio","Illustrative surplus-production biomass_depletion","higher-F-9","higher-F 9"
2041,"fishing_mortality","all",0.08,"per year","Illustrative surplus-production fishing_mortality","higher-F-9","higher-F 9"
2041,"catch","all",173897.430549953,"t","Illustrative surplus-production catch","higher-F-9","higher-F 9"
2042,"total_biomass","all",2275096.07051249,"t","Illustrative surplus-production total_biomass","higher-F-9","higher-F 9"
2042,"biomass_depletion","all",0.721095625363538,"ratio","Illustrative surplus-production biomass_depletion","higher-F-9","higher-F 9"
2042,"fishing_mortality","all",0.08,"per year","Illustrative surplus-production fishing_mortality","higher-F-9","higher-F 9"
2042,"catch","all",174917.698222409,"t","Illustrative surplus-production catch","higher-F-9","higher-F 9"
2043,"total_biomass","all",2299503.00687913,"t","Illustrative surplus-production total_biomass","higher-F-9","higher-F 9"
2043,"biomass_depletion","all",0.728831445960574,"ratio","Illustrative surplus-production biomass_depletion","higher-F-9","higher-F 9"
2043,"fishing_mortality","all",0.08,"per year","Illustrative surplus-production fishing_mortality","higher-F-9","higher-F 9"
2043,"catch","all",176794.192663784,"t","Illustrative surplus-production catch","higher-F-9","higher-F 9"
2044,"total_biomass","all",2320723.25530365,"t","Illustrative surplus-production total_biomass","higher-F-9","higher-F 9"
2044,"biomass_depletion","all",0.735557240315537,"ratio","Illustrative surplus-production biomass_depletion","higher-F-9","higher-F 9"
2044,"fishing_mortality","all",0.08,"per year","Illustrative surplus-production fishing_mortality","higher-F-9","higher-F 9"
2044,"catch","all",178425.682893245,"t","Illustrative surplus-production catch","higher-F-9","higher-F 9"
2045,"total_biomass","all",2320997.39125429,"t","Illustrative surplus-production total_biomass","higher-F-9","higher-F 9"
2045,"biomass_depletion","all",0.735644128178131,"ratio","Illustrative surplus-production biomass_depletion","higher-F-9","higher-F 9"
2045,"fishing_mortality","all",0.08,"per year","Illustrative surplus-production fishing_mortality","higher-F-9","higher-F 9"
2045,"catch","all",178446.759466717,"t","Illustrative surplus-production catch","higher-F-9","higher-F 9"
2046,"total_biomass","all",2313429.42227605,"t","Illustrative surplus-production total_biomass","higher-F-9","higher-F 9"
2046,"biomass_depletion","all",0.733245447351493,"ratio","Illustrative surplus-production biomass_depletion","higher-F-9","higher-F 9"
2046,"fishing_mortality","all",0.08,"per year","Illustrative surplus-production fishing_mortality","higher-F-9","higher-F 9"
2046,"catch","all",177864.906361237,"t","Illustrative surplus-production catch","higher-F-9","higher-F 9"
2047,"total_biomass","all",2355559.58925167,"t","Illustrative surplus-production total_biomass","higher-F-9","higher-F 9"
2047,"biomass_depletion","all",0.746598676472544,"ratio","Illustrative surplus-production biomass_depletion","higher-F-9","higher-F 9"
2047,"fishing_mortality","all",0.08,"per year","Illustrative surplus-production fishing_mortality","higher-F-9","higher-F 9"
2047,"catch","all",181104.027525664,"t","Illustrative surplus-production catch","higher-F-9","higher-F 9"
2048,"total_biomass","all",2359610.04788068,"t","Illustrative surplus-production total_biomass","higher-F-9","higher-F 9"
2048,"biomass_depletion","all",0.747882476324319,"ratio","Illustrative surplus-production biomass_depletion","higher-F-9","higher-F 9"
2048,"fishing_mortality","all",0.08,"per year","Illustrative surplus-production fishing_mortality","higher-F-9","higher-F 9"
2048,"catch","all",181415.441583872,"t","Illustrative surplus-production catch","higher-F-9","higher-F 9"
2049,"total_biomass","all",2357425.47189078,"t","Illustrative surplus-production total_biomass","higher-F-9","higher-F 9"
2049,"biomass_depletion","all",0.747190071194703,"ratio","Illustrative surplus-production biomass_depletion","higher-F-9","higher-F 9"
2049,"fishing_mortality","all",0.08,"per year","Illustrative surplus-production fishing_mortality","higher-F-9","higher-F 9"
2049,"catch","all",181247.483400173,"t","Illustrative surplus-production catch","higher-F-9","higher-F 9"
2050,"total_biomass","all",2362830.75082038,"t","Illustrative surplus-production total_biomass","higher-F-9","higher-F 9"
2050,"biomass_depletion","all",0.748903283678571,"ratio","Illustrative surplus-production biomass_depletion","higher-F-9","higher-F 9"
2050,"fishing_mortality","all",0.08,"per year","Illustrative surplus-production fishing_mortality","higher-F-9","higher-F 9"
2050,"catch","all",181663.060993079,"t","Illustrative surplus-production catch","higher-F-9","higher-F 9"
2051,"total_biomass","all",2348248.09344932,"t","Illustrative surplus-production total_biomass","higher-F-9","higher-F 9"
2051,"biomass_depletion","all",0.744281285261565,"ratio","Illustrative surplus-production biomass_depletion","higher-F-9","higher-F 9"
2051,"fishing_mortality","all",0.08,"per year","Illustrative surplus-production fishing_mortality","higher-F-9","higher-F 9"
2051,"catch","all",180541.893015001,"t","Illustrative surplus-production catch","higher-F-9","higher-F 9"
2052,"total_biomass","all",2350539.39685462,"t","Illustrative surplus-production total_biomass","higher-F-9","higher-F 9"
2052,"biomass_depletion","all",0.745007517829657,"ratio","Illustrative surplus-production biomass_depletion","higher-F-9","higher-F 9"
2052,"fishing_mortality","all",0.08,"per year","Illustrative surplus-production fishing_mortality","higher-F-9","higher-F 9"
2052,"catch","all",180718.056792337,"t","Illustrative surplus-production catch","higher-F-9","higher-F 9"
2023,"total_biomass","all",902918.314809643,"t","Illustrative surplus-production total_biomass","higher-F-10","higher-F 10"
2023,"biomass_depletion","all",0.286181517918576,"ratio","Illustrative surplus-production biomass_depletion","higher-F-10","higher-F 10"
2023,"fishing_mortality","all",0.08,"per year","Illustrative surplus-production fishing_mortality","higher-F-10","higher-F 10"
2023,"catch","all",69419.6589569872,"t","Illustrative surplus-production catch","higher-F-10","higher-F 10"
2024,"total_biomass","all",1015393.26921792,"t","Illustrative surplus-production total_biomass","higher-F-10","higher-F 10"
2024,"biomass_depletion","all",0.321830648800553,"ratio","Illustrative surplus-production biomass_depletion","higher-F-10","higher-F 10"
2024,"fishing_mortality","all",0.08,"per year","Illustrative surplus-production fishing_mortality","higher-F-10","higher-F 10"
2024,"catch","all",78067.144391892,"t","Illustrative surplus-production catch","higher-F-10","higher-F 10"
2025,"total_biomass","all",1139030.49424225,"t","Illustrative surplus-production total_biomass","higher-F-10","higher-F 10"
2025,"biomass_depletion","all",0.361017680615453,"ratio","Illustrative surplus-production biomass_depletion","higher-F-10","higher-F 10"
2025,"fishing_mortality","all",0.08,"per year","Illustrative surplus-production fishing_mortality","higher-F-10","higher-F 10"
2025,"catch","all",87572.8259743798,"t","Illustrative surplus-production catch","higher-F-10","higher-F 10"
2026,"total_biomass","all",1279185.49794369,"t","Illustrative surplus-production total_biomass","higher-F-10","higher-F 10"
2026,"biomass_depletion","all",0.405440050884483,"ratio","Illustrative surplus-production biomass_depletion","higher-F-10","higher-F 10"
2026,"fishing_mortality","all",0.08,"per year","Illustrative surplus-production fishing_mortality","higher-F-10","higher-F 10"
2026,"catch","all",98348.4547311412,"t","Illustrative surplus-production catch","higher-F-10","higher-F 10"
2027,"total_biomass","all",1381489.38438036,"t","Illustrative surplus-production total_biomass","higher-F-10","higher-F 10"
2027,"biomass_depletion","all",0.437865444222074,"ratio","Illustrative surplus-production biomass_depletion","higher-F-10","higher-F 10"
2027,"fishing_mortality","all",0.08,"per year","Illustrative surplus-production fishing_mortality","higher-F-10","higher-F 10"
2027,"catch","all",106213.95129924,"t","Illustrative surplus-production catch","higher-F-10","higher-F 10"
2028,"total_biomass","all",1529841.74453801,"t","Illustrative surplus-production total_biomass","higher-F-10","higher-F 10"
2028,"biomass_depletion","all",0.484885980764929,"ratio","Illustrative surplus-production biomass_depletion","higher-F-10","higher-F 10"
2028,"fishing_mortality","all",0.08,"per year","Illustrative surplus-production fishing_mortality","higher-F-10","higher-F 10"
2028,"catch","all",117619.822770326,"t","Illustrative surplus-production catch","higher-F-10","higher-F 10"
2029,"total_biomass","all",1644328.56913546,"t","Illustrative surplus-production total_biomass","higher-F-10","higher-F 10"
2029,"biomass_depletion","all",0.521172777374967,"ratio","Illustrative surplus-production biomass_depletion","higher-F-10","higher-F 10"
2029,"fishing_mortality","all",0.08,"per year","Illustrative surplus-production fishing_mortality","higher-F-10","higher-F 10"
2029,"catch","all",126421.98813597,"t","Illustrative surplus-production catch","higher-F-10","higher-F 10"
2030,"total_biomass","all",1742605.14483185,"t","Illustrative surplus-production total_biomass","higher-F-10","higher-F 10"
2030,"biomass_depletion","all",0.552321707624056,"ratio","Illustrative surplus-production biomass_depletion","higher-F-10","higher-F 10"
2030,"fishing_mortality","all",0.08,"per year","Illustrative surplus-production fishing_mortality","higher-F-10","higher-F 10"
2030,"catch","all",133977.850340118,"t","Illustrative surplus-production catch","higher-F-10","higher-F 10"
2031,"total_biomass","all",1828025.36041224,"t","Illustrative surplus-production total_biomass","higher-F-10","higher-F 10"
2031,"biomass_depletion","all",0.579395792349963,"ratio","Illustrative surplus-production biomass_depletion","higher-F-10","higher-F 10"
2031,"fishing_mortality","all",0.08,"per year","Illustrative surplus-production fishing_mortality","higher-F-10","higher-F 10"
2031,"catch","all",140545.26860638,"t","Illustrative surplus-production catch","higher-F-10","higher-F 10"
2032,"total_biomass","all",1948294.437203,"t","Illustrative surplus-production total_biomass","higher-F-10","higher-F 10"
2032,"biomass_depletion","all",0.617515283770292,"ratio","Illustrative surplus-production biomass_depletion","higher-F-10","higher-F 10"
2032,"fishing_mortality","all",0.08,"per year","Illustrative surplus-production fishing_mortality","higher-F-10","higher-F 10"
2032,"catch","all",149791.99464676,"t","Illustrative surplus-production catch","higher-F-10","higher-F 10"
2033,"total_biomass","all",2014914.87623962,"t","Illustrative surplus-production total_biomass","higher-F-10","higher-F 10"
2033,"biomass_depletion","all",0.638630746880508,"ratio","Illustrative surplus-production biomass_depletion","higher-F-10","higher-F 10"
2033,"fishing_mortality","all",0.08,"per year","Illustrative surplus-production fishing_mortality","higher-F-10","higher-F 10"
2033,"catch","all",154914.017405221,"t","Illustrative surplus-production catch","higher-F-10","higher-F 10"
2034,"total_biomass","all",2078499.32945717,"t","Illustrative surplus-production total_biomass","higher-F-10","higher-F 10"
2034,"biomass_depletion","all",0.658783949046595,"ratio","Illustrative surplus-production biomass_depletion","higher-F-10","higher-F 10"
2034,"fishing_mortality","all",0.08,"per year","Illustrative surplus-production fishing_mortality","higher-F-10","higher-F 10"
2034,"catch","all",159802.622481595,"t","Illustrative surplus-production catch","higher-F-10","higher-F 10"
2035,"total_biomass","all",2120800.274397,"t","Illustrative surplus-production total_biomass","higher-F-10","higher-F 10"
2035,"biomass_depletion","all",0.67219130653809,"ratio","Illustrative surplus-production biomass_depletion","higher-F-10","higher-F 10"
2035,"fishing_mortality","all",0.08,"per year","Illustrative surplus-production fishing_mortality","higher-F-10","higher-F 10"
2035,"catch","all",163054.873679867,"t","Illustrative surplus-production catch","higher-F-10","higher-F 10"
2036,"total_biomass","all",2150868.73578981,"t","Illustrative surplus-production total_biomass","higher-F-10","higher-F 10"
2036,"biomass_depletion","all",0.681721557261475,"ratio","Illustrative surplus-production biomass_depletion","higher-F-10","higher-F 10"
2036,"fishing_mortality","all",0.08,"per year","Illustrative surplus-production fishing_mortality","higher-F-10","higher-F 10"
2036,"catch","all",165366.646850279,"t","Illustrative surplus-production catch","higher-F-10","higher-F 10"
2037,"total_biomass","all",2199931.63858623,"t","Illustrative surplus-production total_biomass","higher-F-10","higher-F 10"
2037,"biomass_depletion","all",0.697272128963778,"ratio","Illustrative surplus-production biomass_depletion","higher-F-10","higher-F 10"
2037,"fishing_mortality","all",0.08,"per year","Illustrative surplus-production fishing_mortality","higher-F-10","higher-F 10"
2037,"catch","all",169138.782074145,"t","Illustrative surplus-production catch","higher-F-10","higher-F 10"
2038,"total_biomass","all",2228822.90958688,"t","Illustrative surplus-production total_biomass","higher-F-10","higher-F 10"
2038,"biomass_depletion","all",0.706429267161053,"ratio","Illustrative surplus-production biomass_depletion","higher-F-10","higher-F 10"
2038,"fishing_mortality","all",0.08,"per year","Illustrative surplus-production fishing_mortality","higher-F-10","higher-F 10"
2038,"catch","all",171360.048546208,"t","Illustrative surplus-production catch","higher-F-10","higher-F 10"
2039,"total_biomass","all",2256029.26339288,"t","Illustrative surplus-production total_biomass","higher-F-10","higher-F 10"
2039,"biomass_depletion","all",0.71505236794606,"ratio","Illustrative surplus-production biomass_depletion","higher-F-10","higher-F 10"
2039,"fishing_mortality","all",0.08,"per year","Illustrative surplus-production fishing_mortality","higher-F-10","higher-F 10"
2039,"catch","all",173451.772428312,"t","Illustrative surplus-production catch","higher-F-10","higher-F 10"
2040,"total_biomass","all",2264667.21071465,"t","Illustrative surplus-production total_biomass","higher-F-10","higher-F 10"
2040,"biomass_depletion","all",0.71779018025499,"ratio","Illustrative surplus-production biomass_depletion","higher-F-10","higher-F 10"
2040,"fishing_mortality","all",0.08,"per year","Illustrative surplus-production fishing_mortality","higher-F-10","higher-F 10"
2040,"catch","all",174115.889378129,"t","Illustrative surplus-production catch","higher-F-10","higher-F 10"
2041,"total_biomass","all",2297399.34458666,"t","Illustrative surplus-production total_biomass","higher-F-10","higher-F 10"
2041,"biomass_depletion","all",0.728164686566982,"ratio","Illustrative surplus-production biomass_depletion","higher-F-10","higher-F 10"
2041,"fishing_mortality","all",0.08,"per year","Illustrative surplus-production fishing_mortality","higher-F-10","higher-F 10"
2041,"catch","all",176632.455420771,"t","Illustrative surplus-production catch","higher-F-10","higher-F 10"
2042,"total_biomass","all",2315569.07170627,"t","Illustrative surplus-production total_biomass","higher-F-10","higher-F 10"
2042,"biomass_depletion","all",0.733923612930495,"ratio","Illustrative surplus-production biomass_depletion","higher-F-10","higher-F 10"
2042,"fishing_mortality","all",0.08,"per year","Illustrative surplus-production fishing_mortality","higher-F-10","higher-F 10"
2042,"catch","all",178029.410426884,"t","Illustrative surplus-production catch","higher-F-10","higher-F 10"
2043,"total_biomass","all",2327999.28833773,"t","Illustrative surplus-production total_biomass","higher-F-10","higher-F 10"
2043,"biomass_depletion","all",0.737863391540918,"ratio","Illustrative surplus-production biomass_depletion","higher-F-10","higher-F 10"
2043,"fishing_mortality","all",0.08,"per year","Illustrative surplus-production fishing_mortality","higher-F-10","higher-F 10"
2043,"catch","all",178985.090896716,"t","Illustrative surplus-production catch","higher-F-10","higher-F 10"
2044,"total_biomass","all",2338109.63045568,"t","Illustrative surplus-production total_biomass","higher-F-10","higher-F 10"
2044,"biomass_depletion","all",0.741067881921206,"ratio","Illustrative surplus-production biomass_depletion","higher-F-10","higher-F 10"
2044,"fishing_mortality","all",0.08,"per year","Illustrative surplus-production fishing_mortality","higher-F-10","higher-F 10"
2044,"catch","all",179762.410938026,"t","Illustrative surplus-production catch","higher-F-10","higher-F 10"
2045,"total_biomass","all",2357980.08097431,"t","Illustrative surplus-production total_biomass","higher-F-10","higher-F 10"
2045,"biomass_depletion","all",0.747365855500739,"ratio","Illustrative surplus-production biomass_depletion","higher-F-10","higher-F 10"
2045,"fishing_mortality","all",0.08,"per year","Illustrative surplus-production fishing_mortality","higher-F-10","higher-F 10"
2045,"catch","all",181290.123772842,"t","Illustrative surplus-production catch","higher-F-10","higher-F 10"
2046,"total_biomass","all",2366521.53735245,"t","Illustrative surplus-production total_biomass","higher-F-10","higher-F 10"
2046,"biomass_depletion","all",0.750073084838584,"ratio","Illustrative surplus-production biomass_depletion","higher-F-10","higher-F 10"
2046,"fishing_mortality","all",0.08,"per year","Illustrative surplus-production fishing_mortality","higher-F-10","higher-F 10"
2046,"catch","all",181946.822146372,"t","Illustrative surplus-production catch","higher-F-10","higher-F 10"
2047,"total_biomass","all",2354400.49627065,"t","Illustrative surplus-production total_biomass","higher-F-10","higher-F 10"
2047,"biomass_depletion","all",0.746231299952125,"ratio","Illustrative surplus-production biomass_depletion","higher-F-10","higher-F 10"
2047,"fishing_mortality","all",0.08,"per year","Illustrative surplus-production fishing_mortality","higher-F-10","higher-F 10"
2047,"catch","all",181014.912222405,"t","Illustrative surplus-production catch","higher-F-10","higher-F 10"
2048,"total_biomass","all",2357663.70870913,"t","Illustrative surplus-production total_biomass","higher-F-10","higher-F 10"
2048,"biomass_depletion","all",0.74726558076537,"ratio","Illustrative surplus-production biomass_depletion","higher-F-10","higher-F 10"
2048,"fishing_mortality","all",0.08,"per year","Illustrative surplus-production fishing_mortality","higher-F-10","higher-F 10"
2048,"catch","all",181265.799917192,"t","Illustrative surplus-production catch","higher-F-10","higher-F 10"
2049,"total_biomass","all",2355067.47723411,"t","Illustrative surplus-production total_biomass","higher-F-10","higher-F 10"
2049,"biomass_depletion","all",0.74644270071941,"ratio","Illustrative surplus-production biomass_depletion","higher-F-10","higher-F 10"
2049,"fishing_mortality","all",0.08,"per year","Illustrative surplus-production fishing_mortality","higher-F-10","higher-F 10"
2049,"catch","all",181066.192155767,"t","Illustrative surplus-production catch","higher-F-10","higher-F 10"
2050,"total_biomass","all",2379672.25608732,"t","Illustrative surplus-production total_biomass","higher-F-10","higher-F 10"
2050,"biomass_depletion","all",0.754241227833956,"ratio","Illustrative surplus-production biomass_depletion","higher-F-10","higher-F 10"
2050,"fishing_mortality","all",0.08,"per year","Illustrative surplus-production fishing_mortality","higher-F-10","higher-F 10"
2050,"catch","all",182957.897450351,"t","Illustrative surplus-production catch","higher-F-10","higher-F 10"
2051,"total_biomass","all",2354258.73815443,"t","Illustrative surplus-production total_biomass","higher-F-10","higher-F 10"
2051,"biomass_depletion","all",0.746186369472578,"ratio","Illustrative surplus-production biomass_depletion","higher-F-10","higher-F 10"
2051,"fishing_mortality","all",0.08,"per year","Illustrative surplus-production fishing_mortality","higher-F-10","higher-F 10"
2051,"catch","all",181004.013340501,"t","Illustrative surplus-production catch","higher-F-10","higher-F 10"
2052,"total_biomass","all",2355745.86232226,"t","Illustrative surplus-production total_biomass","higher-F-10","higher-F 10"
2052,"biomass_depletion","all",0.746657716043692,"ratio","Illustrative surplus-production biomass_depletion","higher-F-10","higher-F 10"
2052,"fishing_mortality","all",0.08,"per year","Illustrative surplus-production fishing_mortality","higher-F-10","higher-F 10"
2052,"catch","all",181118.348879901,"t","Illustrative surplus-production catch","higher-F-10","higher-F 10"
2023,"total_biomass","all",902918.314809643,"t","Illustrative surplus-production total_biomass","higher-F-11","higher-F 11"
2023,"biomass_depletion","all",0.286181517918576,"ratio","Illustrative surplus-production biomass_depletion","higher-F-11","higher-F 11"
2023,"fishing_mortality","all",0.08,"per year","Illustrative surplus-production fishing_mortality","higher-F-11","higher-F 11"
2023,"catch","all",69419.6589569872,"t","Illustrative surplus-production catch","higher-F-11","higher-F 11"
2024,"total_biomass","all",1001033.50508251,"t","Illustrative surplus-production total_biomass","higher-F-11","higher-F 11"
2024,"biomass_depletion","all",0.317279296779201,"ratio","Illustrative surplus-production biomass_depletion","higher-F-11","higher-F 11"
2024,"fishing_mortality","all",0.08,"per year","Illustrative surplus-production fishing_mortality","higher-F-11","higher-F 11"
2024,"catch","all",76963.1132601357,"t","Illustrative surplus-production catch","higher-F-11","higher-F 11"
2025,"total_biomass","all",1120766.23159909,"t","Illustrative surplus-production total_biomass","higher-F-11","higher-F 11"
2025,"biomass_depletion","all",0.355228791054625,"ratio","Illustrative surplus-production biomass_depletion","higher-F-11","higher-F 11"
2025,"fishing_mortality","all",0.08,"per year","Illustrative surplus-production fishing_mortality","higher-F-11","higher-F 11"
2025,"catch","all",86168.6027318198,"t","Illustrative surplus-production catch","higher-F-11","higher-F 11"
2026,"total_biomass","all",1233954.63107705,"t","Illustrative surplus-production total_biomass","higher-F-11","higher-F 11"
2026,"biomass_depletion","all",0.391104049582532,"ratio","Illustrative surplus-production biomass_depletion","higher-F-11","higher-F 11"
2026,"fishing_mortality","all",0.08,"per year","Illustrative surplus-production fishing_mortality","higher-F-11","higher-F 11"
2026,"catch","all",94870.9404303347,"t","Illustrative surplus-production catch","higher-F-11","higher-F 11"
2027,"total_biomass","all",1364705.89150826,"t","Illustrative surplus-production total_biomass","higher-F-11","higher-F 11"
2027,"biomass_depletion","all",0.432545887195337,"ratio","Illustrative surplus-production biomass_depletion","higher-F-11","higher-F 11"
2027,"fishing_mortality","all",0.08,"per year","Illustrative surplus-production fishing_mortality","higher-F-11","higher-F 11"
2027,"catch","all",104923.575046838,"t","Illustrative surplus-production catch","higher-F-11","higher-F 11"
2028,"total_biomass","all",1498767.24945854,"t","Illustrative surplus-production total_biomass","higher-F-11","higher-F 11"
2028,"biomass_depletion","all",0.475036865928585,"ratio","Illustrative surplus-production biomass_depletion","higher-F-11","higher-F 11"
2028,"fishing_mortality","all",0.08,"per year","Illustrative surplus-production fishing_mortality","higher-F-11","higher-F 11"
2028,"catch","all",115230.702054425,"t","Illustrative surplus-production catch","higher-F-11","higher-F 11"
2029,"total_biomass","all",1620712.05750723,"t","Illustrative surplus-production total_biomass","higher-F-11","higher-F 11"
2029,"biomass_depletion","all",0.513687483262692,"ratio","Illustrative surplus-production biomass_depletion","higher-F-11","higher-F 11"
2029,"fishing_mortality","all",0.08,"per year","Illustrative surplus-production fishing_mortality","higher-F-11","higher-F 11"
2029,"catch","all",124606.264436389,"t","Illustrative surplus-production catch","higher-F-11","higher-F 11"
2030,"total_biomass","all",1731691.50551987,"t","Illustrative surplus-production total_biomass","higher-F-11","higher-F 11"
2030,"biomass_depletion","all",0.548862610811987,"ratio","Illustrative surplus-production biomass_depletion","higher-F-11","higher-F 11"
2030,"fishing_mortality","all",0.08,"per year","Illustrative surplus-production fishing_mortality","higher-F-11","higher-F 11"
2030,"catch","all",133138.769875595,"t","Illustrative surplus-production catch","higher-F-11","higher-F 11"
2031,"total_biomass","all",1845404.5193792,"t","Illustrative surplus-production total_biomass","higher-F-11","higher-F 11"
2031,"biomass_depletion","all",0.58490414677332,"ratio","Illustrative surplus-production biomass_depletion","higher-F-11","higher-F 11"
2031,"fishing_mortality","all",0.08,"per year","Illustrative surplus-production fishing_mortality","higher-F-11","higher-F 11"
2031,"catch","all",141881.441844487,"t","Illustrative surplus-production catch","higher-F-11","higher-F 11"
2032,"total_biomass","all",1923929.74061446,"t","Illustrative surplus-production total_biomass","higher-F-11","higher-F 11"
2032,"biomass_depletion","all",0.60979285114381,"ratio","Illustrative surplus-production biomass_depletion","higher-F-11","higher-F 11"
2032,"fishing_mortality","all",0.08,"per year","Illustrative surplus-production fishing_mortality","higher-F-11","higher-F 11"
2032,"catch","all",147918.747753852,"t","Illustrative surplus-production catch","higher-F-11","higher-F 11"
2033,"total_biomass","all",1956953.02251295,"t","Illustrative surplus-production total_biomass","higher-F-11","higher-F 11"
2033,"biomass_depletion","all",0.62025963732519,"ratio","Illustrative surplus-production biomass_depletion","higher-F-11","higher-F 11"
2033,"fishing_mortality","all",0.08,"per year","Illustrative surplus-production fishing_mortality","higher-F-11","higher-F 11"
2033,"catch","all",150457.698320512,"t","Illustrative surplus-production catch","higher-F-11","higher-F 11"
2034,"total_biomass","all",2049677.9719138,"t","Illustrative surplus-production total_biomass","higher-F-11","higher-F 11"
2034,"biomass_depletion","all",0.649648970040245,"ratio","Illustrative surplus-production biomass_depletion","higher-F-11","higher-F 11"
2034,"fishing_mortality","all",0.08,"per year","Illustrative surplus-production fishing_mortality","higher-F-11","higher-F 11"
2034,"catch","all",157586.731211563,"t","Illustrative surplus-production catch","higher-F-11","higher-F 11"
2035,"total_biomass","all",2104869.19214191,"t","Illustrative surplus-production total_biomass","higher-F-11","higher-F 11"
2035,"biomass_depletion","all",0.667141922527303,"ratio","Illustrative surplus-production biomass_depletion","higher-F-11","higher-F 11"
2035,"fishing_mortality","all",0.08,"per year","Illustrative surplus-production fishing_mortality","higher-F-11","higher-F 11"
2035,"catch","all",161830.03387008,"t","Illustrative surplus-production catch","higher-F-11","higher-F 11"
2036,"total_biomass","all",2165281.70519493,"t","Illustrative surplus-production total_biomass","higher-F-11","higher-F 11"
2036,"biomass_depletion","all",0.68628977278487,"ratio","Illustrative surplus-production biomass_depletion","higher-F-11","higher-F 11"
2036,"fishing_mortality","all",0.08,"per year","Illustrative surplus-production fishing_mortality","higher-F-11","higher-F 11"
2036,"catch","all",166474.768597562,"t","Illustrative surplus-production catch","higher-F-11","higher-F 11"
2037,"total_biomass","all",2210908.79328373,"t","Illustrative surplus-production total_biomass","higher-F-11","higher-F 11"
2037,"biomass_depletion","all",0.700751357086888,"ratio","Illustrative surplus-production biomass_depletion","higher-F-11","higher-F 11"
2037,"fishing_mortality","all",0.08,"per year","Illustrative surplus-production fishing_mortality","higher-F-11","higher-F 11"
2037,"catch","all",169982.745833567,"t","Illustrative surplus-production catch","higher-F-11","higher-F 11"
2038,"total_biomass","all",2236547.30177065,"t","Illustrative surplus-production total_biomass","higher-F-11","higher-F 11"
2038,"biomass_depletion","all",0.708877526592601,"ratio","Illustrative surplus-production biomass_depletion","higher-F-11","higher-F 11"
2038,"fishing_mortality","all",0.08,"per year","Illustrative surplus-production fishing_mortality","higher-F-11","higher-F 11"
2038,"catch","all",171953.928039239,"t","Illustrative surplus-production catch","higher-F-11","higher-F 11"
2039,"total_biomass","all",2269926.02688079,"t","Illustrative surplus-production total_biomass","higher-F-11","higher-F 11"
2039,"biomass_depletion","all",0.71945697111325,"ratio","Illustrative surplus-production biomass_depletion","higher-F-11","higher-F 11"
2039,"fishing_mortality","all",0.08,"per year","Illustrative surplus-production fishing_mortality","higher-F-11","higher-F 11"
2039,"catch","all",174520.206378663,"t","Illustrative surplus-production catch","higher-F-11","higher-F 11"
2040,"total_biomass","all",2267222.30922904,"t","Illustrative surplus-production total_biomass","higher-F-11","higher-F 11"
2040,"biomass_depletion","all",0.718600023138102,"ratio","Illustrative surplus-production biomass_depletion","higher-F-11","higher-F 11"
2040,"fishing_mortality","all",0.08,"per year","Illustrative surplus-production fishing_mortality","higher-F-11","higher-F 11"
2040,"catch","all",174312.334687258,"t","Illustrative surplus-production catch","higher-F-11","higher-F 11"
2041,"total_biomass","all",2291218.32368318,"t","Illustrative surplus-production total_biomass","higher-F-11","higher-F 11"
2041,"biomass_depletion","all",0.7262056013259,"ratio","Illustrative surplus-production biomass_depletion","higher-F-11","higher-F 11"
2041,"fishing_mortality","all",0.08,"per year","Illustrative surplus-production fishing_mortality","higher-F-11","higher-F 11"
2041,"catch","all",176157.23595065,"t","Illustrative surplus-production catch","higher-F-11","higher-F 11"
2042,"total_biomass","all",2322725.80113512,"t","Illustrative surplus-production total_biomass","higher-F-11","higher-F 11"
2042,"biomass_depletion","all",0.736191950672333,"ratio","Illustrative surplus-production biomass_depletion","higher-F-11","higher-F 11"
2042,"fishing_mortality","all",0.08,"per year","Illustrative surplus-production fishing_mortality","higher-F-11","higher-F 11"
2042,"catch","all",178579.645933296,"t","Illustrative surplus-production catch","higher-F-11","higher-F 11"
2043,"total_biomass","all",2351259.00717684,"t","Illustrative surplus-production total_biomass","higher-F-11","higher-F 11"
2043,"biomass_depletion","all",0.745235599563015,"ratio","Illustrative surplus-production biomass_depletion","higher-F-11","higher-F 11"
2043,"fishing_mortality","all",0.08,"per year","Illustrative surplus-production fishing_mortality","higher-F-11","higher-F 11"
2043,"catch","all",180773.383063087,"t","Illustrative surplus-production catch","higher-F-11","higher-F 11"
2044,"total_biomass","all",2342971.14406138,"t","Illustrative surplus-production total_biomass","higher-F-11","higher-F 11"
2044,"biomass_depletion","all",0.742608747047363,"ratio","Illustrative surplus-production biomass_depletion","higher-F-11","higher-F 11"
2044,"fishing_mortality","all",0.08,"per year","Illustrative surplus-production fishing_mortality","higher-F-11","higher-F 11"
2044,"catch","all",180136.181866123,"t","Illustrative surplus-production catch","higher-F-11","higher-F 11"
2045,"total_biomass","all",2338988.43969877,"t","Illustrative surplus-production total_biomass","higher-F-11","higher-F 11"
2045,"biomass_depletion","all",0.741346422027239,"ratio","Illustrative surplus-production biomass_depletion","higher-F-11","higher-F 11"
2045,"fishing_mortality","all",0.08,"per year","Illustrative surplus-production fishing_mortality","higher-F-11","higher-F 11"
2045,"catch","all",179829.977003463,"t","Illustrative surplus-production catch","higher-F-11","higher-F 11"
2046,"total_biomass","all",2356211.62217798,"t","Illustrative surplus-production total_biomass","higher-F-11","higher-F 11"
2046,"biomass_depletion","all",0.746805339433659,"ratio","Illustrative surplus-production biomass_depletion","higher-F-11","higher-F 11"
2046,"fishing_mortality","all",0.08,"per year","Illustrative surplus-production fishing_mortality","higher-F-11","higher-F 11"
2046,"catch","all",181154.158199315,"t","Illustrative surplus-production catch","higher-F-11","higher-F 11"
2047,"total_biomass","all",2345885.28802247,"t","Illustrative surplus-production total_biomass","higher-F-11","higher-F 11"
2047,"biomass_depletion","all",0.743532390004362,"ratio","Illustrative surplus-production biomass_depletion","higher-F-11","higher-F 11"
2047,"fishing_mortality","all",0.08,"per year","Illustrative surplus-production fishing_mortality","higher-F-11","higher-F 11"
2047,"catch","all",180360.231901007,"t","Illustrative surplus-production catch","higher-F-11","higher-F 11"
2048,"total_biomass","all",2353456.55436719,"t","Illustrative surplus-production total_biomass","higher-F-11","higher-F 11"
2048,"biomass_depletion","all",0.745932115936993,"ratio","Illustrative surplus-production biomass_depletion","higher-F-11","higher-F 11"
2048,"fishing_mortality","all",0.08,"per year","Illustrative surplus-production fishing_mortality","higher-F-11","higher-F 11"
2048,"catch","all",180942.338520068,"t","Illustrative surplus-production catch","higher-F-11","higher-F 11"
2049,"total_biomass","all",2347958.81706673,"t","Illustrative surplus-production total_biomass","higher-F-11","higher-F 11"
2049,"biomass_depletion","all",0.74418959861294,"ratio","Illustrative surplus-production biomass_depletion","higher-F-11","higher-F 11"
2049,"fishing_mortality","all",0.08,"per year","Illustrative surplus-production fishing_mortality","higher-F-11","higher-F 11"
2049,"catch","all",180519.652389803,"t","Illustrative surplus-production catch","higher-F-11","higher-F 11"
2050,"total_biomass","all",2337491.69313335,"t","Illustrative surplus-production total_biomass","higher-F-11","higher-F 11"
2050,"biomass_depletion","all",0.740872025620605,"ratio","Illustrative surplus-production biomass_depletion","higher-F-11","higher-F 11"
2050,"fishing_mortality","all",0.08,"per year","Illustrative surplus-production fishing_mortality","higher-F-11","higher-F 11"
2050,"catch","all",179714.901658981,"t","Illustrative surplus-production catch","higher-F-11","higher-F 11"
2051,"total_biomass","all",2339753.7980712,"t","Illustrative surplus-production total_biomass","higher-F-11","higher-F 11"
2051,"biomass_depletion","all",0.741589003684053,"ratio","Illustrative surplus-production biomass_depletion","higher-F-11","higher-F 11"
2051,"fishing_mortality","all",0.08,"per year","Illustrative surplus-production fishing_mortality","higher-F-11","higher-F 11"
2051,"catch","all",179888.820551459,"t","Illustrative surplus-production catch","higher-F-11","higher-F 11"
2052,"total_biomass","all",2338481.5881634,"t","Illustrative surplus-production total_biomass","higher-F-11","higher-F 11"
2052,"biomass_depletion","all",0.741185774558502,"ratio","Illustrative surplus-production biomass_depletion","higher-F-11","higher-F 11"
2052,"fishing_mortality","all",0.08,"per year","Illustrative surplus-production fishing_mortality","higher-F-11","higher-F 11"
2052,"catch","all",179791.008405585,"t","Illustrative surplus-production catch","higher-F-11","higher-F 11"
2023,"total_biomass","all",902918.314809643,"t","Illustrative surplus-production total_biomass","higher-F-12","higher-F 12"
2023,"biomass_depletion","all",0.286181517918576,"ratio","Illustrative surplus-production biomass_depletion","higher-F-12","higher-F 12"
2023,"fishing_mortality","all",0.08,"per year","Illustrative surplus-production fishing_mortality","higher-F-12","higher-F 12"
2023,"catch","all",69419.6589569872,"t","Illustrative surplus-production catch","higher-F-12","higher-F 12"
2024,"total_biomass","all",1017402.04546082,"t","Illustrative surplus-production total_biomass","higher-F-12","higher-F 12"
2024,"biomass_depletion","all",0.322467333897004,"ratio","Illustrative surplus-production biomass_depletion","higher-F-12","higher-F 12"
2024,"fishing_mortality","all",0.08,"per year","Illustrative surplus-production fishing_mortality","higher-F-12","higher-F 12"
2024,"catch","all",78221.586448738,"t","Illustrative surplus-production catch","higher-F-12","higher-F 12"
2025,"total_biomass","all",1157218.00751809,"t","Illustrative surplus-production total_biomass","higher-F-12","higher-F 12"
2025,"biomass_depletion","all",0.366782244331875,"ratio","Illustrative surplus-production biomass_depletion","higher-F-12","higher-F 12"
2025,"fishing_mortality","all",0.08,"per year","Illustrative surplus-production fishing_mortality","higher-F-12","higher-F 12"
2025,"catch","all",88971.148445168,"t","Illustrative surplus-production catch","higher-F-12","higher-F 12"
2026,"total_biomass","all",1320928.46218988,"t","Illustrative surplus-production total_biomass","higher-F-12","higher-F 12"
2026,"biomass_depletion","all",0.418670555432299,"ratio","Illustrative surplus-production biomass_depletion","higher-F-12","higher-F 12"
2026,"fishing_mortality","all",0.08,"per year","Illustrative surplus-production fishing_mortality","higher-F-12","higher-F 12"
2026,"catch","all",101557.80633504,"t","Illustrative surplus-production catch","higher-F-12","higher-F 12"
2027,"total_biomass","all",1441877.32045965,"t","Illustrative surplus-production total_biomass","higher-F-12","higher-F 12"
2027,"biomass_depletion","all",0.457005504765405,"ratio","Illustrative surplus-production biomass_depletion","higher-F-12","higher-F 12"
2027,"fishing_mortality","all",0.08,"per year","Illustrative surplus-production fishing_mortality","higher-F-12","higher-F 12"
2027,"catch","all",110856.796459185,"t","Illustrative surplus-production catch","higher-F-12","higher-F 12"
2028,"total_biomass","all",1543969.96023345,"t","Illustrative surplus-production total_biomass","higher-F-12","higher-F 12"
2028,"biomass_depletion","all",0.489363943108679,"ratio","Illustrative surplus-production biomass_depletion","higher-F-12","higher-F 12"
2028,"fishing_mortality","all",0.08,"per year","Illustrative surplus-production fishing_mortality","higher-F-12","higher-F 12"
2028,"catch","all",118706.051612028,"t","Illustrative surplus-production catch","higher-F-12","higher-F 12"
2029,"total_biomass","all",1644609.83715822,"t","Illustrative surplus-production total_biomass","higher-F-12","higher-F 12"
2029,"biomass_depletion","all",0.521261925760124,"ratio","Illustrative surplus-production biomass_depletion","higher-F-12","higher-F 12"
2029,"fishing_mortality","all",0.08,"per year","Illustrative surplus-production fishing_mortality","higher-F-12","higher-F 12"
2029,"catch","all",126443.613049204,"t","Illustrative surplus-production catch","higher-F-12","higher-F 12"
2030,"total_biomass","all",1757362.44918121,"t","Illustrative surplus-production total_biomass","higher-F-12","higher-F 12"
2030,"biomass_depletion","all",0.5569990607022,"ratio","Illustrative surplus-production biomass_depletion","higher-F-12","higher-F 12"
2030,"fishing_mortality","all",0.08,"per year","Illustrative surplus-production fishing_mortality","higher-F-12","higher-F 12"
2030,"catch","all",135112.445815982,"t","Illustrative surplus-production catch","higher-F-12","higher-F 12"
2031,"total_biomass","all",1855350.70109032,"t","Illustrative surplus-production total_biomass","higher-F-12","higher-F 12"
2031,"biomass_depletion","all",0.588056606229393,"ratio","Illustrative surplus-production biomass_depletion","higher-F-12","higher-F 12"
2031,"fishing_mortality","all",0.08,"per year","Illustrative surplus-production fishing_mortality","higher-F-12","higher-F 12"
2031,"catch","all",142646.140633941,"t","Illustrative surplus-production catch","higher-F-12","higher-F 12"
2032,"total_biomass","all",1922314.05109796,"t","Illustrative surplus-production total_biomass","higher-F-12","higher-F 12"
2032,"biomass_depletion","all",0.609280755563588,"ratio","Illustrative surplus-production biomass_depletion","higher-F-12","higher-F 12"
2032,"fishing_mortality","all",0.08,"per year","Illustrative surplus-production fishing_mortality","higher-F-12","higher-F 12"
2032,"catch","all",147794.527640719,"t","Illustrative surplus-production catch","higher-F-12","higher-F 12"
2033,"total_biomass","all",2003232.65817795,"t","Illustrative surplus-production total_biomass","higher-F-12","higher-F 12"
2033,"biomass_depletion","all",0.634928047707495,"ratio","Illustrative surplus-production biomass_depletion","higher-F-12","higher-F 12"
2033,"fishing_mortality","all",0.08,"per year","Illustrative surplus-production fishing_mortality","higher-F-12","higher-F 12"
2033,"catch","all",154015.845798332,"t","Illustrative surplus-production catch","higher-F-12","higher-F 12"
2034,"total_biomass","all",2066171.62165324,"t","Illustrative surplus-production total_biomass","higher-F-12","higher-F 12"
2034,"biomass_depletion","all",0.654876660785943,"ratio","Illustrative surplus-production biomass_depletion","higher-F-12","higher-F 12"
2034,"fishing_mortality","all",0.08,"per year","Illustrative surplus-production fishing_mortality","higher-F-12","higher-F 12"
2034,"catch","all",158854.823264951,"t","Illustrative surplus-production catch","higher-F-12","higher-F 12"
2035,"total_biomass","all",2125971.43706159,"t","Illustrative surplus-production total_biomass","higher-F-12","higher-F 12"
2035,"biomass_depletion","all",0.673830315467782,"ratio","Illustrative surplus-production biomass_depletion","higher-F-12","higher-F 12"
2035,"fishing_mortality","all",0.08,"per year","Illustrative surplus-production fishing_mortality","higher-F-12","higher-F 12"
2035,"catch","all",163452.451558949,"t","Illustrative surplus-production catch","higher-F-12","higher-F 12"
2036,"total_biomass","all",2168029.57103508,"t","Illustrative surplus-production total_biomass","higher-F-12","higher-F 12"
2036,"biomass_depletion","all",0.687160713604513,"ratio","Illustrative surplus-production biomass_depletion","higher-F-12","higher-F 12"
2036,"fishing_mortality","all",0.08,"per year","Illustrative surplus-production fishing_mortality","higher-F-12","higher-F 12"
2036,"catch","all",166686.034562992,"t","Illustrative surplus-production catch","higher-F-12","higher-F 12"
2037,"total_biomass","all",2181758.2392984,"t","Illustrative surplus-production total_biomass","higher-F-12","higher-F 12"
2037,"biomass_depletion","all",0.691512038700211,"ratio","Illustrative surplus-production biomass_depletion","higher-F-12","higher-F 12"
2037,"fishing_mortality","all",0.08,"per year","Illustrative surplus-production fishing_mortality","higher-F-12","higher-F 12"
2037,"catch","all",167741.544738322,"t","Illustrative surplus-production catch","higher-F-12","higher-F 12"
2038,"total_biomass","all",2238774.10703567,"t","Illustrative surplus-production total_biomass","higher-F-12","higher-F 12"
2038,"biomass_depletion","all",0.709583316363833,"ratio","Illustrative surplus-production biomass_depletion","higher-F-12","higher-F 12"
2038,"fishing_mortality","all",0.08,"per year","Illustrative surplus-production fishing_mortality","higher-F-12","higher-F 12"
2038,"catch","all",172125.132963899,"t","Illustrative surplus-production catch","higher-F-12","higher-F 12"
2039,"total_biomass","all",2283565.56215328,"t","Illustrative surplus-production total_biomass","higher-F-12","higher-F 12"
2039,"biomass_depletion","all",0.7237800453537,"ratio","Illustrative surplus-production biomass_depletion","higher-F-12","higher-F 12"
2039,"fishing_mortality","all",0.08,"per year","Illustrative surplus-production fishing_mortality","higher-F-12","higher-F 12"
2039,"catch","all",175568.863684,"t","Illustrative surplus-production catch","higher-F-12","higher-F 12"
2040,"total_biomass","all",2297248.94049636,"t","Illustrative surplus-production total_biomass","higher-F-12","higher-F 12"
2040,"biomass_depletion","all",0.72811701573103,"ratio","Illustrative surplus-production biomass_depletion","higher-F-12","higher-F 12"
2040,"fishing_mortality","all",0.08,"per year","Illustrative surplus-production fishing_mortality","higher-F-12","higher-F 12"
2040,"catch","all",176620.89180479,"t","Illustrative surplus-production catch","higher-F-12","higher-F 12"
2041,"total_biomass","all",2332115.413565,"t","Illustrative surplus-production total_biomass","higher-F-12","higher-F 12"
2041,"biomass_depletion","all",0.739168004534323,"ratio","Illustrative surplus-production biomass_depletion","higher-F-12","higher-F 12"
2041,"fishing_mortality","all",0.08,"per year","Illustrative surplus-production fishing_mortality","higher-F-12","higher-F 12"
2041,"catch","all",179301.553642919,"t","Illustrative surplus-production catch","higher-F-12","higher-F 12"
2042,"total_biomass","all",2348591.15573615,"t","Illustrative surplus-production total_biomass","higher-F-12","higher-F 12"
2042,"biomass_depletion","all",0.744390019445351,"ratio","Illustrative surplus-production biomass_depletion","higher-F-12","higher-F 12"
2042,"fishing_mortality","all",0.08,"per year","Illustrative surplus-production fishing_mortality","higher-F-12","higher-F 12"
2042,"catch","all",180568.268897029,"t","Illustrative surplus-production catch","higher-F-12","higher-F 12"
2043,"total_biomass","all",2333748.41490122,"t","Illustrative surplus-production total_biomass","higher-F-12","higher-F 12"
2043,"biomass_depletion","all",0.739685587125681,"ratio","Illustrative surplus-production biomass_depletion","higher-F-12","higher-F 12"
2043,"fishing_mortality","all",0.08,"per year","Illustrative surplus-production fishing_mortality","higher-F-12","higher-F 12"
2043,"catch","all",179427.104752003,"t","Illustrative surplus-production catch","higher-F-12","higher-F 12"
2044,"total_biomass","all",2348623.87995905,"t","Illustrative surplus-production total_biomass","higher-F-12","higher-F 12"
2044,"biomass_depletion","all",0.744400391444265,"ratio","Illustrative surplus-production biomass_depletion","higher-F-12","higher-F 12"
2044,"fishing_mortality","all",0.08,"per year","Illustrative surplus-production fishing_mortality","higher-F-12","higher-F 12"
2044,"catch","all",180570.784854847,"t","Illustrative surplus-production catch","higher-F-12","higher-F 12"
2045,"total_biomass","all",2332246.06142857,"t","Illustrative surplus-production total_biomass","higher-F-12","higher-F 12"
2045,"biomass_depletion","all",0.739209413600122,"ratio","Illustrative surplus-production biomass_depletion","higher-F-12","higher-F 12"
2045,"fishing_mortality","all",0.08,"per year","Illustrative surplus-production fishing_mortality","higher-F-12","higher-F 12"
2045,"catch","all",179311.598328007,"t","Illustrative surplus-production catch","higher-F-12","higher-F 12"
2046,"total_biomass","all",2329975.24821219,"t","Illustrative surplus-production total_biomass","higher-F-12","higher-F 12"
2046,"biomass_depletion","all",0.738489675432767,"ratio","Illustrative surplus-production biomass_depletion","higher-F-12","higher-F 12"
2046,"fishing_mortality","all",0.08,"per year","Illustrative surplus-production fishing_mortality","higher-F-12","higher-F 12"
2046,"catch","all",179137.009911258,"t","Illustrative surplus-production catch","higher-F-12","higher-F 12"
2047,"total_biomass","all",2340288.32649137,"t","Illustrative surplus-production total_biomass","higher-F-12","higher-F 12"
2047,"biomass_depletion","all",0.741758423389188,"ratio","Illustrative surplus-production biomass_depletion","higher-F-12","higher-F 12"
2047,"fishing_mortality","all",0.08,"per year","Illustrative surplus-production fishing_mortality","higher-F-12","higher-F 12"
2047,"catch","all",179929.917049362,"t","Illustrative surplus-production catch","higher-F-12","higher-F 12"
2048,"total_biomass","all",2361515.09371719,"t","Illustrative surplus-production total_biomass","higher-F-12","higher-F 12"
2048,"biomass_depletion","all",0.748486283889469,"ratio","Illustrative surplus-production biomass_depletion","higher-F-12","higher-F 12"
2048,"fishing_mortality","all",0.08,"per year","Illustrative surplus-production fishing_mortality","higher-F-12","higher-F 12"
2048,"catch","all",181561.908468083,"t","Illustrative surplus-production catch","higher-F-12","higher-F 12"
2049,"total_biomass","all",2347000.24997687,"t","Illustrative surplus-production total_biomass","higher-F-12","higher-F 12"
2049,"biomass_depletion","all",0.743885779119744,"ratio","Illustrative surplus-production biomass_depletion","higher-F-12","higher-F 12"
2049,"fishing_mortality","all",0.08,"per year","Illustrative surplus-production fishing_mortality","higher-F-12","higher-F 12"
2049,"catch","all",180445.954249701,"t","Illustrative surplus-production catch","higher-F-12","higher-F 12"
2050,"total_biomass","all",2349726.42108617,"t","Illustrative surplus-production total_biomass","higher-F-12","higher-F 12"
2050,"biomass_depletion","all",0.744749843757006,"ratio","Illustrative surplus-production biomass_depletion","higher-F-12","higher-F 12"
2050,"fishing_mortality","all",0.08,"per year","Illustrative surplus-production fishing_mortality","higher-F-12","higher-F 12"
2050,"catch","all",180655.552244959,"t","Illustrative surplus-production catch","higher-F-12","higher-F 12"
2051,"total_biomass","all",2366415.65325428,"t","Illustrative surplus-production total_biomass","higher-F-12","higher-F 12"
2051,"biomass_depletion","all",0.75003952469096,"ratio","Illustrative surplus-production biomass_depletion","higher-F-12","higher-F 12"
2051,"fishing_mortality","all",0.08,"per year","Illustrative surplus-production fishing_mortality","higher-F-12","higher-F 12"
2051,"catch","all",181938.681390045,"t","Illustrative surplus-production catch","higher-F-12","higher-F 12"
2052,"total_biomass","all",2361896.13782577,"t","Illustrative surplus-production total_biomass","higher-F-12","higher-F 12"
2052,"biomass_depletion","all",0.748607056477198,"ratio","Illustrative surplus-production biomass_depletion","higher-F-12","higher-F 12"
2052,"fishing_mortality","all",0.08,"per year","Illustrative surplus-production fishing_mortality","higher-F-12","higher-F 12"
2052,"catch","all",181591.204531339,"t","Illustrative surplus-production catch","higher-F-12","higher-F 12"
2023,"total_biomass","all",902918.314809643,"t","Illustrative surplus-production total_biomass","higher-F-13","higher-F 13"
2023,"biomass_depletion","all",0.286181517918576,"ratio","Illustrative surplus-production biomass_depletion","higher-F-13","higher-F 13"
2023,"fishing_mortality","all",0.08,"per year","Illustrative surplus-production fishing_mortality","higher-F-13","higher-F 13"
2023,"catch","all",69419.6589569872,"t","Illustrative surplus-production catch","higher-F-13","higher-F 13"
2024,"total_biomass","all",1041133.55158778,"t","Illustrative surplus-production total_biomass","higher-F-13","higher-F 13"
2024,"biomass_depletion","all",0.329989075714079,"ratio","Illustrative surplus-production biomass_depletion","higher-F-13","higher-F 13"
2024,"fishing_mortality","all",0.08,"per year","Illustrative surplus-production fishing_mortality","higher-F-13","higher-F 13"
2024,"catch","all",80046.1513455264,"t","Illustrative surplus-production catch","higher-F-13","higher-F 13"
2025,"total_biomass","all",1180302.15547157,"t","Illustrative surplus-production total_biomass","higher-F-13","higher-F 13"
2025,"biomass_depletion","all",0.374098804858813,"ratio","Illustrative surplus-production biomass_depletion","higher-F-13","higher-F 13"
2025,"fishing_mortality","all",0.08,"per year","Illustrative surplus-production fishing_mortality","higher-F-13","higher-F 13"
2025,"catch","all",90745.9420803834,"t","Illustrative surplus-production catch","higher-F-13","higher-F 13"
2026,"total_biomass","all",1327635.1718713,"t","Illustrative surplus-production total_biomass","higher-F-13","higher-F 13"
2026,"biomass_depletion","all",0.420796258638654,"ratio","Illustrative surplus-production biomass_depletion","higher-F-13","higher-F 13"
2026,"fishing_mortality","all",0.08,"per year","Illustrative surplus-production fishing_mortality","higher-F-13","higher-F 13"
2026,"catch","all",102073.442679072,"t","Illustrative surplus-production catch","higher-F-13","higher-F 13"
2027,"total_biomass","all",1454561.54077756,"t","Illustrative surplus-production total_biomass","higher-F-13","higher-F 13"
2027,"biomass_depletion","all",0.46102579028255,"ratio","Illustrative surplus-production biomass_depletion","higher-F-13","higher-F 13"
2027,"fishing_mortality","all",0.08,"per year","Illustrative surplus-production fishing_mortality","higher-F-13","higher-F 13"
2027,"catch","all",111832.005660463,"t","Illustrative surplus-production catch","higher-F-13","higher-F 13"
2028,"total_biomass","all",1601220.69008982,"t","Illustrative surplus-production total_biomass","higher-F-13","higher-F 13"
2028,"biomass_depletion","all",0.507509660726223,"ratio","Illustrative surplus-production biomass_depletion","higher-F-13","higher-F 13"
2028,"fishing_mortality","all",0.08,"per year","Illustrative surplus-production fishing_mortality","higher-F-13","higher-F 13"
2028,"catch","all",123107.696895418,"t","Illustrative surplus-production catch","higher-F-13","higher-F 13"
2029,"total_biomass","all",1717165.93595361,"t","Illustrative surplus-production total_biomass","higher-F-13","higher-F 13"
2029,"biomass_depletion","all",0.544258706473219,"ratio","Illustrative surplus-production biomass_depletion","higher-F-13","higher-F 13"
2029,"fishing_mortality","all",0.08,"per year","Illustrative surplus-production fishing_mortality","higher-F-13","higher-F 13"
2029,"catch","all",132021.991016526,"t","Illustrative surplus-production catch","higher-F-13","higher-F 13"
2030,"total_biomass","all",1820070.80914975,"t","Illustrative surplus-production total_biomass","higher-F-13","higher-F 13"
2030,"biomass_depletion","all",0.576874583601261,"ratio","Illustrative surplus-production biomass_depletion","higher-F-13","higher-F 13"
2030,"fishing_mortality","all",0.08,"per year","Illustrative surplus-production fishing_mortality","higher-F-13","higher-F 13"
2030,"catch","all",139933.693642465,"t","Illustrative surplus-production catch","higher-F-13","higher-F 13"
2031,"total_biomass","all",1908911.74293736,"t","Illustrative surplus-production total_biomass","higher-F-13","higher-F 13"
2031,"biomass_depletion","all",0.6050328708656,"ratio","Illustrative surplus-production biomass_depletion","higher-F-13","higher-F 13"
2031,"fishing_mortality","all",0.08,"per year","Illustrative surplus-production fishing_mortality","higher-F-13","higher-F 13"
2031,"catch","all",146764.10922248,"t","Illustrative surplus-production catch","higher-F-13","higher-F 13"
2032,"total_biomass","all",2033381.5407127,"t","Illustrative surplus-production total_biomass","higher-F-13","higher-F 13"
2032,"biomass_depletion","all",0.644483788050589,"ratio","Illustrative surplus-production biomass_depletion","higher-F-13","higher-F 13"
2032,"fishing_mortality","all",0.08,"per year","Illustrative surplus-production fishing_mortality","higher-F-13","higher-F 13"
2032,"catch","all",156333.802039964,"t","Illustrative surplus-production catch","higher-F-13","higher-F 13"
2033,"total_biomass","all",2108062.07069968,"t","Illustrative surplus-production total_biomass","higher-F-13","higher-F 13"
2033,"biomass_depletion","all",0.668153910895692,"ratio","Illustrative surplus-production biomass_depletion","higher-F-13","higher-F 13"
2033,"fishing_mortality","all",0.08,"per year","Illustrative surplus-production fishing_mortality","higher-F-13","higher-F 13"
2033,"catch","all",162075.514039146,"t","Illustrative surplus-production catch","higher-F-13","higher-F 13"
2034,"total_biomass","all",2118368.27878459,"t","Illustrative surplus-production total_biomass","higher-F-13","higher-F 13"
2034,"biomass_depletion","all",0.671420481332182,"ratio","Illustrative surplus-production biomass_depletion","higher-F-13","higher-F 13"
2034,"fishing_mortality","all",0.08,"per year","Illustrative surplus-production fishing_mortality","higher-F-13","higher-F 13"
2034,"catch","all",162867.892971613,"t","Illustrative surplus-production catch","higher-F-13","higher-F 13"
2035,"total_biomass","all",2156221.28128393,"t","Illustrative surplus-production total_biomass","higher-F-13","higher-F 13"
2035,"biomass_depletion","all",0.683418055791973,"ratio","Illustrative surplus-production biomass_depletion","higher-F-13","higher-F 13"
2035,"fishing_mortality","all",0.08,"per year","Illustrative surplus-production fishing_mortality","higher-F-13","higher-F 13"
2035,"catch","all",165778.170103998,"t","Illustrative surplus-production catch","higher-F-13","higher-F 13"
2036,"total_biomass","all",2207436.25249777,"t","Illustrative surplus-production total_biomass","higher-F-13","higher-F 13"
2036,"biomass_depletion","all",0.699650729292701,"ratio","Illustrative surplus-production biomass_depletion","higher-F-13","higher-F 13"
2036,"fishing_mortality","all",0.08,"per year","Illustrative surplus-production fishing_mortality","higher-F-13","higher-F 13"
2036,"catch","all",169715.764210621,"t","Illustrative surplus-production catch","higher-F-13","higher-F 13"
2037,"total_biomass","all",2226286.93568818,"t","Illustrative surplus-production total_biomass","higher-F-13","higher-F 13"
2037,"biomass_depletion","all",0.705625485857886,"ratio","Illustrative surplus-production biomass_depletion","higher-F-13","higher-F 13"
2037,"fishing_mortality","all",0.08,"per year","Illustrative surplus-production fishing_mortality","higher-F-13","higher-F 13"
2037,"catch","all",171165.073607408,"t","Illustrative surplus-production catch","higher-F-13","higher-F 13"
2038,"total_biomass","all",2238531.30391531,"t","Illustrative surplus-production total_biomass","higher-F-13","higher-F 13"
2038,"biomass_depletion","all",0.709506359495866,"ratio","Illustrative surplus-production biomass_depletion","higher-F-13","higher-F 13"
2038,"fishing_mortality","all",0.08,"per year","Illustrative surplus-production fishing_mortality","higher-F-13","higher-F 13"
2038,"catch","all",172106.465372897,"t","Illustrative surplus-production catch","higher-F-13","higher-F 13"
2039,"total_biomass","all",2249155.04526585,"t","Illustrative surplus-production total_biomass","higher-F-13","higher-F 13"
2039,"biomass_depletion","all",0.712873572648821,"ratio","Illustrative surplus-production biomass_depletion","higher-F-13","higher-F 13"
2039,"fishing_mortality","all",0.08,"per year","Illustrative surplus-production fishing_mortality","higher-F-13","higher-F 13"
2039,"catch","all",172923.25742297,"t","Illustrative surplus-production catch","higher-F-13","higher-F 13"
2040,"total_biomass","all",2274916.76219353,"t","Illustrative surplus-production total_biomass","higher-F-13","higher-F 13"
2040,"biomass_depletion","all",0.721038793282436,"ratio","Illustrative surplus-production biomass_depletion","higher-F-13","higher-F 13"
2040,"fishing_mortality","all",0.08,"per year","Illustrative surplus-production fishing_mortality","higher-F-13","higher-F 13"
2040,"catch","all",174903.912343724,"t","Illustrative surplus-production catch","higher-F-13","higher-F 13"
2041,"total_biomass","all",2281932.38812795,"t","Illustrative surplus-production total_biomass","higher-F-13","higher-F 13"
2041,"biomass_depletion","all",0.723262408028234,"ratio","Illustrative surplus-production biomass_depletion","higher-F-13","higher-F 13"
2041,"fishing_mortality","all",0.08,"per year","Illustrative surplus-production fishing_mortality","higher-F-13","higher-F 13"
2041,"catch","all",175443.299297947,"t","Illustrative surplus-production catch","higher-F-13","higher-F 13"
2042,"total_biomass","all",2295186.07917316,"t","Illustrative surplus-production total_biomass","higher-F-13","higher-F 13"
2042,"biomass_depletion","all",0.727463188275051,"ratio","Illustrative surplus-production biomass_depletion","higher-F-13","higher-F 13"
2042,"fishing_mortality","all",0.08,"per year","Illustrative surplus-production fishing_mortality","higher-F-13","higher-F 13"
2042,"catch","all",176462.291489365,"t","Illustrative surplus-production catch","higher-F-13","higher-F 13"
2043,"total_biomass","all",2303792.33912225,"t","Illustrative surplus-production total_biomass","higher-F-13","higher-F 13"
2043,"biomass_depletion","all",0.730190957216533,"ratio","Illustrative surplus-production biomass_depletion","higher-F-13","higher-F 13"
2043,"fishing_mortality","all",0.08,"per year","Illustrative surplus-production fishing_mortality","higher-F-13","higher-F 13"
2043,"catch","all",177123.972198197,"t","Illustrative surplus-production catch","higher-F-13","higher-F 13"
2044,"total_biomass","all",2310308.90453128,"t","Illustrative surplus-production total_biomass","higher-F-13","higher-F 13"
2044,"biomass_depletion","all",0.732256393867649,"ratio","Illustrative surplus-production biomass_depletion","higher-F-13","higher-F 13"
2044,"fishing_mortality","all",0.08,"per year","Illustrative surplus-production fishing_mortality","higher-F-13","higher-F 13"
2044,"catch","all",177624.989555854,"t","Illustrative surplus-production catch","higher-F-13","higher-F 13"
2045,"total_biomass","all",2310015.68862048,"t","Illustrative surplus-production total_biomass","higher-F-13","higher-F 13"
2045,"biomass_depletion","all",0.732163458578757,"ratio","Illustrative surplus-production biomass_depletion","higher-F-13","higher-F 13"
2045,"fishing_mortality","all",0.08,"per year","Illustrative surplus-production fishing_mortality","higher-F-13","higher-F 13"
2045,"catch","all",177602.446045334,"t","Illustrative surplus-production catch","higher-F-13","higher-F 13"
2046,"total_biomass","all",2306131.87621444,"t","Illustrative surplus-production total_biomass","higher-F-13","higher-F 13"
2046,"biomass_depletion","all",0.730932477534914,"ratio","Illustrative surplus-production biomass_depletion","higher-F-13","higher-F 13"
2046,"fishing_mortality","all",0.08,"per year","Illustrative surplus-production fishing_mortality","higher-F-13","higher-F 13"
2046,"catch","all",177303.844357609,"t","Illustrative surplus-production catch","higher-F-13","higher-F 13"
2047,"total_biomass","all",2338558.36982668,"t","Illustrative surplus-production total_biomass","higher-F-13","higher-F 13"
2047,"biomass_depletion","all",0.741210110639169,"ratio","Illustrative surplus-production biomass_depletion","higher-F-13","higher-F 13"
2047,"fishing_mortality","all",0.08,"per year","Illustrative surplus-production fishing_mortality","higher-F-13","higher-F 13"
2047,"catch","all",179796.911660388,"t","Illustrative surplus-production catch","higher-F-13","higher-F 13"
2048,"total_biomass","all",2353041.75224225,"t","Illustrative surplus-production total_biomass","higher-F-13","higher-F 13"
2048,"biomass_depletion","all",0.745800643687728,"ratio","Illustrative surplus-production biomass_depletion","higher-F-13","higher-F 13"
2048,"fishing_mortality","all",0.08,"per year","Illustrative surplus-production fishing_mortality","higher-F-13","higher-F 13"
2048,"catch","all",180910.447017176,"t","Illustrative surplus-production catch","higher-F-13","higher-F 13"
2049,"total_biomass","all",2352942.33191526,"t","Illustrative surplus-production total_biomass","higher-F-13","higher-F 13"
2049,"biomass_depletion","all",0.745769132243535,"ratio","Illustrative surplus-production biomass_depletion","higher-F-13","higher-F 13"
2049,"fishing_mortality","all",0.08,"per year","Illustrative surplus-production fishing_mortality","higher-F-13","higher-F 13"
2049,"catch","all",180902.803219194,"t","Illustrative surplus-production catch","higher-F-13","higher-F 13"
2050,"total_biomass","all",2352923.49367717,"t","Illustrative surplus-production total_biomass","higher-F-13","higher-F 13"
2050,"biomass_depletion","all",0.745763161431465,"ratio","Illustrative surplus-production biomass_depletion","higher-F-13","higher-F 13"
2050,"fishing_mortality","all",0.08,"per year","Illustrative surplus-production fishing_mortality","higher-F-13","higher-F 13"
2050,"catch","all",180901.354866622,"t","Illustrative surplus-production catch","higher-F-13","higher-F 13"
2051,"total_biomass","all",2354212.19944306,"t","Illustrative surplus-production total_biomass","higher-F-13","higher-F 13"
2051,"biomass_depletion","all",0.746171618947704,"ratio","Illustrative surplus-production biomass_depletion","higher-F-13","higher-F 13"
2051,"fishing_mortality","all",0.08,"per year","Illustrative surplus-production fishing_mortality","higher-F-13","higher-F 13"
2051,"catch","all",181000.435274337,"t","Illustrative surplus-production catch","higher-F-13","higher-F 13"
2052,"total_biomass","all",2380364.23350924,"t","Illustrative surplus-production total_biomass","higher-F-13","higher-F 13"
2052,"biomass_depletion","all",0.754460551271881,"ratio","Illustrative surplus-production biomass_depletion","higher-F-13","higher-F 13"
2052,"fishing_mortality","all",0.08,"per year","Illustrative surplus-production fishing_mortality","higher-F-13","higher-F 13"
2052,"catch","all",183011.099202766,"t","Illustrative surplus-production catch","higher-F-13","higher-F 13"
2023,"total_biomass","all",902918.314809643,"t","Illustrative surplus-production total_biomass","higher-F-14","higher-F 14"
2023,"biomass_depletion","all",0.286181517918576,"ratio","Illustrative surplus-production biomass_depletion","higher-F-14","higher-F 14"
2023,"fishing_mortality","all",0.08,"per year","Illustrative surplus-production fishing_mortality","higher-F-14","higher-F 14"
2023,"catch","all",69419.6589569872,"t","Illustrative surplus-production catch","higher-F-14","higher-F 14"
2024,"total_biomass","all",1009252.93269475,"t","Illustrative surplus-production total_biomass","higher-F-14","higher-F 14"
2024,"biomass_depletion","all",0.319884458544016,"ratio","Illustrative surplus-production biomass_depletion","higher-F-14","higher-F 14"
2024,"fishing_mortality","all",0.08,"per year","Illustrative surplus-production fishing_mortality","higher-F-14","higher-F 14"
2024,"catch","all",77595.0528855754,"t","Illustrative surplus-production catch","higher-F-14","higher-F 14"
2025,"total_biomass","all",1138155.5083306,"t","Illustrative surplus-production total_biomass","higher-F-14","higher-F 14"
2025,"biomass_depletion","all",0.360740352320916,"ratio","Illustrative surplus-production biomass_depletion","higher-F-14","higher-F 14"
2025,"fishing_mortality","all",0.08,"per year","Illustrative surplus-production fishing_mortality","higher-F-14","higher-F 14"
2025,"catch","all",87505.5538606321,"t","Illustrative surplus-production catch","higher-F-14","higher-F 14"
2026,"total_biomass","all",1278264.81510738,"t","Illustrative surplus-production total_biomass","higher-F-14","higher-F 14"
2026,"biomass_depletion","all",0.405148238870822,"ratio","Illustrative surplus-production biomass_depletion","higher-F-14","higher-F 14"
2026,"fishing_mortality","all",0.08,"per year","Illustrative surplus-production fishing_mortality","higher-F-14","higher-F 14"
2026,"catch","all",98277.6692708669,"t","Illustrative surplus-production catch","higher-F-14","higher-F 14"
2027,"total_biomass","all",1409779.98652867,"t","Illustrative surplus-production total_biomass","higher-F-14","higher-F 14"
2027,"biomass_depletion","all",0.446832199390107,"ratio","Illustrative surplus-production biomass_depletion","higher-F-14","higher-F 14"
2027,"fishing_mortality","all",0.08,"per year","Illustrative surplus-production fishing_mortality","higher-F-14","higher-F 14"
2027,"catch","all",108389.036155323,"t","Illustrative surplus-production catch","higher-F-14","higher-F 14"
2028,"total_biomass","all",1526990.63326584,"t","Illustrative surplus-production total_biomass","higher-F-14","higher-F 14"
2028,"biomass_depletion","all",0.48398231612745,"ratio","Illustrative surplus-production biomass_depletion","higher-F-14","higher-F 14"
2028,"fishing_mortality","all",0.08,"per year","Illustrative surplus-production fishing_mortality","higher-F-14","higher-F 14"
2028,"catch","all",117400.618918863,"t","Illustrative surplus-production catch","higher-F-14","higher-F 14"
2029,"total_biomass","all",1662050.29103301,"t","Illustrative surplus-production total_biomass","higher-F-14","higher-F 14"
2029,"biomass_depletion","all",0.526789707710287,"ratio","Illustrative surplus-production biomass_depletion","higher-F-14","higher-F 14"
2029,"fishing_mortality","all",0.08,"per year","Illustrative surplus-production fishing_mortality","higher-F-14","higher-F 14"
2029,"catch","all",127784.498863773,"t","Illustrative surplus-production catch","higher-F-14","higher-F 14"
2030,"total_biomass","all",1799925.90458422,"t","Illustrative surplus-production total_biomass","higher-F-14","higher-F 14"
2030,"biomass_depletion","all",0.570489621337975,"ratio","Illustrative surplus-production biomass_depletion","higher-F-14","higher-F 14"
2030,"fishing_mortality","all",0.08,"per year","Illustrative surplus-production fishing_mortality","higher-F-14","higher-F 14"
2030,"catch","all",138384.879777774,"t","Illustrative surplus-production catch","higher-F-14","higher-F 14"
2031,"total_biomass","all",1893719.44367284,"t","Illustrative surplus-production total_biomass","higher-F-14","higher-F 14"
2031,"biomass_depletion","all",0.600217645398488,"ratio","Illustrative surplus-production biomass_depletion","higher-F-14","higher-F 14"
2031,"fishing_mortality","all",0.08,"per year","Illustrative surplus-production fishing_mortality","higher-F-14","higher-F 14"
2031,"catch","all",145596.069748236,"t","Illustrative surplus-production catch","higher-F-14","higher-F 14"
2032,"total_biomass","all",2010904.66797041,"t","Illustrative surplus-production total_biomass","higher-F-14","higher-F 14"
2032,"biomass_depletion","all",0.63735970444973,"ratio","Illustrative surplus-production biomass_depletion","higher-F-14","higher-F 14"
2032,"fishing_mortality","all",0.08,"per year","Illustrative surplus-production fishing_mortality","higher-F-14","higher-F 14"
2032,"catch","all",154605.697941735,"t","Illustrative surplus-production catch","higher-F-14","higher-F 14"
2033,"total_biomass","all",2051145.28378972,"t","Illustrative surplus-production total_biomass","higher-F-14","higher-F 14"
2033,"biomass_depletion","all",0.650114037071252,"ratio","Illustrative surplus-production biomass_depletion","higher-F-14","higher-F 14"
2033,"fishing_mortality","all",0.08,"per year","Illustrative surplus-production fishing_mortality","higher-F-14","higher-F 14"
2033,"catch","all",157699.543509574,"t","Illustrative surplus-production catch","higher-F-14","higher-F 14"
2034,"total_biomass","all",2094780.45138434,"t","Illustrative surplus-production total_biomass","higher-F-14","higher-F 14"
2034,"biomass_depletion","all",0.663944278735465,"ratio","Illustrative surplus-production biomass_depletion","higher-F-14","higher-F 14"
2034,"fishing_mortality","all",0.08,"per year","Illustrative surplus-production fishing_mortality","higher-F-14","higher-F 14"
2034,"catch","all",161054.374620281,"t","Illustrative surplus-production catch","higher-F-14","higher-F 14"
2035,"total_biomass","all",2164132.95239039,"t","Illustrative surplus-production total_biomass","higher-F-14","higher-F 14"
2035,"biomass_depletion","all",0.685925673601227,"ratio","Illustrative surplus-production biomass_depletion","higher-F-14","higher-F 14"
2035,"fishing_mortality","all",0.08,"per year","Illustrative surplus-production fishing_mortality","higher-F-14","higher-F 14"
2035,"catch","all",166386.44828485,"t","Illustrative surplus-production catch","higher-F-14","higher-F 14"
2036,"total_biomass","all",2191926.58574736,"t","Illustrative surplus-production total_biomass","higher-F-14","higher-F 14"
2036,"biomass_depletion","all",0.6947349136533,"ratio","Illustrative surplus-production biomass_depletion","higher-F-14","higher-F 14"
2036,"fishing_mortality","all",0.08,"per year","Illustrative surplus-production fishing_mortality","higher-F-14","higher-F 14"
2036,"catch","all",168523.324364524,"t","Illustrative surplus-production catch","higher-F-14","higher-F 14"
2037,"total_biomass","all",2242871.53953737,"t","Illustrative surplus-production total_biomass","higher-F-14","higher-F 14"
2037,"biomass_depletion","all",0.710882004665613,"ratio","Illustrative surplus-production biomass_depletion","higher-F-14","higher-F 14"
2037,"fishing_mortality","all",0.08,"per year","Illustrative surplus-production fishing_mortality","higher-F-14","higher-F 14"
2037,"catch","all",172440.158545064,"t","Illustrative surplus-production catch","higher-F-14","higher-F 14"
2038,"total_biomass","all",2254338.89752266,"t","Illustrative surplus-production total_biomass","higher-F-14","higher-F 14"
2038,"biomass_depletion","all",0.714516603566663,"ratio","Illustrative surplus-production biomass_depletion","higher-F-14","higher-F 14"
2038,"fishing_mortality","all",0.08,"per year","Illustrative surplus-production fishing_mortality","higher-F-14","higher-F 14"
2038,"catch","all",173321.810924265,"t","Illustrative surplus-production catch","higher-F-14","higher-F 14"
2039,"total_biomass","all",2293329.73717237,"t","Illustrative surplus-production total_biomass","higher-F-14","higher-F 14"
2039,"biomass_depletion","all",0.726874817474671,"ratio","Illustrative surplus-production biomass_depletion","higher-F-14","higher-F 14"
2039,"fishing_mortality","all",0.08,"per year","Illustrative surplus-production fishing_mortality","higher-F-14","higher-F 14"
2039,"catch","all",176319.569133988,"t","Illustrative surplus-production catch","higher-F-14","higher-F 14"
2040,"total_biomass","all",2298710.1761208,"t","Illustrative surplus-production total_biomass","higher-F-14","higher-F 14"
2040,"biomass_depletion","all",0.728580156883645,"ratio","Illustrative surplus-production biomass_depletion","higher-F-14","higher-F 14"
2040,"fishing_mortality","all",0.08,"per year","Illustrative surplus-production fishing_mortality","higher-F-14","higher-F 14"
2040,"catch","all",176733.236938387,"t","Illustrative surplus-production catch","higher-F-14","higher-F 14"
2041,"total_biomass","all",2308067.0603777,"t","Illustrative surplus-production total_biomass","higher-F-14","higher-F 14"
2041,"biomass_depletion","all",0.731545837494735,"ratio","Illustrative surplus-production biomass_depletion","higher-F-14","higher-F 14"
2041,"fishing_mortality","all",0.08,"per year","Illustrative surplus-production fishing_mortality","higher-F-14","higher-F 14"
2041,"catch","all",177452.628386495,"t","Illustrative surplus-production catch","higher-F-14","higher-F 14"
2042,"total_biomass","all",2321274.96294908,"t","Illustrative surplus-production total_biomass","higher-F-14","higher-F 14"
2042,"biomass_depletion","all",0.735732105005762,"ratio","Illustrative surplus-production biomass_depletion","higher-F-14","higher-F 14"
2042,"fishing_mortality","all",0.08,"per year","Illustrative surplus-production fishing_mortality","higher-F-14","higher-F 14"
2042,"catch","all",178468.100192752,"t","Illustrative surplus-production catch","higher-F-14","higher-F 14"
2043,"total_biomass","all",2308869.73831017,"t","Illustrative surplus-production total_biomass","higher-F-14","higher-F 14"
2043,"biomass_depletion","all",0.7318002476505,"ratio","Illustrative surplus-production biomass_depletion","higher-F-14","higher-F 14"
2043,"fishing_mortality","all",0.08,"per year","Illustrative surplus-production fishing_mortality","higher-F-14","higher-F 14"
2043,"catch","all",177514.341198618,"t","Illustrative surplus-production catch","higher-F-14","higher-F 14"
2044,"total_biomass","all",2315910.5800522,"t","Illustrative surplus-production total_biomass","higher-F-14","higher-F 14"
2044,"biomass_depletion","all",0.73403185459003,"ratio","Illustrative surplus-production biomass_depletion","higher-F-14","higher-F 14"
2044,"fishing_mortality","all",0.08,"per year","Illustrative surplus-production fishing_mortality","higher-F-14","higher-F 14"
2044,"catch","all",178055.666836259,"t","Illustrative surplus-production catch","higher-F-14","higher-F 14"
2045,"total_biomass","all",2322372.70946682,"t","Illustrative surplus-production total_biomass","higher-F-14","higher-F 14"
2045,"biomass_depletion","all",0.736080037658787,"ratio","Illustrative surplus-production biomass_depletion","higher-F-14","higher-F 14"
2045,"fishing_mortality","all",0.08,"per year","Illustrative surplus-production fishing_mortality","higher-F-14","higher-F 14"
2045,"catch","all",178552.498955777,"t","Illustrative surplus-production catch","higher-F-14","higher-F 14"
2046,"total_biomass","all",2346247.69801234,"t","Illustrative surplus-production total_biomass","higher-F-14","higher-F 14"
2046,"biomass_depletion","all",0.743647256476013,"ratio","Illustrative surplus-production biomass_depletion","higher-F-14","higher-F 14"
2046,"fishing_mortality","all",0.08,"per year","Illustrative surplus-production fishing_mortality","higher-F-14","higher-F 14"
2046,"catch","all",180388.095305134,"t","Illustrative surplus-production catch","higher-F-14","higher-F 14"
2047,"total_biomass","all",2331252.55310054,"t","Illustrative surplus-production total_biomass","higher-F-14","higher-F 14"
2047,"biomass_depletion","all",0.738894519421195,"ratio","Illustrative surplus-production biomass_depletion","higher-F-14","higher-F 14"
2047,"fishing_mortality","all",0.08,"per year","Illustrative surplus-production fishing_mortality","higher-F-14","higher-F 14"
2047,"catch","all",179235.213777853,"t","Illustrative surplus-production catch","higher-F-14","higher-F 14"
2048,"total_biomass","all",2353686.11804307,"t","Illustrative surplus-production total_biomass","higher-F-14","higher-F 14"
2048,"biomass_depletion","all",0.746004876540191,"ratio","Illustrative surplus-production biomass_depletion","higher-F-14","higher-F 14"
2048,"fishing_mortality","all",0.08,"per year","Illustrative surplus-production fishing_mortality","higher-F-14","higher-F 14"
2048,"catch","all",180959.988214207,"t","Illustrative surplus-production catch","higher-F-14","higher-F 14"
2049,"total_biomass","all",2350165.67229852,"t","Illustrative surplus-production total_biomass","higher-F-14","higher-F 14"
2049,"biomass_depletion","all",0.744889065186717,"ratio","Illustrative surplus-production biomass_depletion","higher-F-14","higher-F 14"
2049,"fishing_mortality","all",0.08,"per year","Illustrative surplus-production fishing_mortality","higher-F-14","higher-F 14"
2049,"catch","all",180689.323483019,"t","Illustrative surplus-production catch","higher-F-14","higher-F 14"
2050,"total_biomass","all",2343563.04564974,"t","Illustrative surplus-production total_biomass","higher-F-14","higher-F 14"
2050,"biomass_depletion","all",0.742796351277157,"ratio","Illustrative surplus-production biomass_depletion","higher-F-14","higher-F 14"
2050,"fishing_mortality","all",0.08,"per year","Illustrative surplus-production fishing_mortality","higher-F-14","higher-F 14"
2050,"catch","all",180181.689422815,"t","Illustrative surplus-production catch","higher-F-14","higher-F 14"
2051,"total_biomass","all",2357507.79287138,"t","Illustrative surplus-production total_biomass","higher-F-14","higher-F 14"
2051,"biomass_depletion","all",0.747216162971552,"ratio","Illustrative surplus-production biomass_depletion","higher-F-14","higher-F 14"
2051,"fishing_mortality","all",0.08,"per year","Illustrative surplus-production fishing_mortality","higher-F-14","higher-F 14"
2051,"catch","all",181253.81253793,"t","Illustrative surplus-production catch","higher-F-14","higher-F 14"
2052,"total_biomass","all",2358839.31559187,"t","Illustrative surplus-production total_biomass","higher-F-14","higher-F 14"
2052,"biomass_depletion","all",0.747638191395435,"ratio","Illustrative surplus-production biomass_depletion","higher-F-14","higher-F 14"
2052,"fishing_mortality","all",0.08,"per year","Illustrative surplus-production fishing_mortality","higher-F-14","higher-F 14"
2052,"catch","all",181356.184869551,"t","Illustrative surplus-production catch","higher-F-14","higher-F 14"
2023,"total_biomass","all",902918.314809643,"t","Illustrative surplus-production total_biomass","higher-F-15","higher-F 15"
2023,"biomass_depletion","all",0.286181517918576,"ratio","Illustrative surplus-production biomass_depletion","higher-F-15","higher-F 15"
2023,"fishing_mortality","all",0.08,"per year","Illustrative surplus-production fishing_mortality","higher-F-15","higher-F 15"
2023,"catch","all",69419.6589569872,"t","Illustrative surplus-production catch","higher-F-15","higher-F 15"
2024,"total_biomass","all",1052877.12176201,"t","Illustrative surplus-production total_biomass","higher-F-15","higher-F 15"
2024,"biomass_depletion","all",0.333711220545035,"ratio","Illustrative surplus-production biomass_depletion","higher-F-15","higher-F 15"
2024,"fishing_mortality","all",0.08,"per year","Illustrative surplus-production fishing_mortality","higher-F-15","higher-F 15"
2024,"catch","all",80949.0399269861,"t","Illustrative surplus-production catch","higher-F-15","higher-F 15"
2025,"total_biomass","all",1180806.52488729,"t","Illustrative surplus-production total_biomass","higher-F-15","higher-F 15"
2025,"biomass_depletion","all",0.374258665615445,"ratio","Illustrative surplus-production biomass_depletion","higher-F-15","higher-F 15"
2025,"fishing_mortality","all",0.08,"per year","Illustrative surplus-production fishing_mortality","higher-F-15","higher-F 15"
2025,"catch","all",90784.719843835,"t","Illustrative surplus-production catch","higher-F-15","higher-F 15"
2026,"total_biomass","all",1282074.28194372,"t","Illustrative surplus-production total_biomass","higher-F-15","higher-F 15"
2026,"biomass_depletion","all",0.406355655958064,"ratio","Illustrative surplus-production biomass_depletion","higher-F-15","higher-F 15"
2026,"fishing_mortality","all",0.08,"per year","Illustrative surplus-production fishing_mortality","higher-F-15","higher-F 15"
2026,"catch","all",98570.5549995639,"t","Illustrative surplus-production catch","higher-F-15","higher-F 15"
2027,"total_biomass","all",1401990.6202323,"t","Illustrative surplus-production total_biomass","higher-F-15","higher-F 15"
2027,"biomass_depletion","all",0.444363346301457,"ratio","Illustrative surplus-production biomass_depletion","higher-F-15","higher-F 15"
2027,"fishing_mortality","all",0.08,"per year","Illustrative surplus-production fishing_mortality","higher-F-15","higher-F 15"
2027,"catch","all",107790.161215126,"t","Illustrative surplus-production catch","higher-F-15","higher-F 15"
2028,"total_biomass","all",1523162.1065075,"t","Illustrative surplus-production total_biomass","higher-F-15","higher-F 15"
2028,"biomass_depletion","all",0.482768857965043,"ratio","Illustrative surplus-production biomass_depletion","higher-F-15","higher-F 15"
2028,"fishing_mortality","all",0.08,"per year","Illustrative surplus-production fishing_mortality","higher-F-15","higher-F 15"
2028,"catch","all",117106.267793725,"t","Illustrative surplus-production catch","higher-F-15","higher-F 15"
2029,"total_biomass","all",1643206.17548727,"t","Illustrative surplus-production total_biomass","higher-F-15","higher-F 15"
2029,"biomass_depletion","all",0.520817032771414,"ratio","Illustrative surplus-production biomass_depletion","higher-F-15","higher-F 15"
2029,"fishing_mortality","all",0.08,"per year","Illustrative surplus-production fishing_mortality","higher-F-15","higher-F 15"
2029,"catch","all",126335.694411504,"t","Illustrative surplus-production catch","higher-F-15","higher-F 15"
2030,"total_biomass","all",1724833.03692237,"t","Illustrative surplus-production total_biomass","higher-F-15","higher-F 15"
2030,"biomass_depletion","all",0.546688807355311,"ratio","Illustrative surplus-production biomass_depletion","higher-F-15","higher-F 15"
2030,"fishing_mortality","all",0.08,"per year","Illustrative surplus-production fishing_mortality","higher-F-15","higher-F 15"
2030,"catch","all",132611.465751627,"t","Illustrative surplus-production catch","higher-F-15","higher-F 15"
2031,"total_biomass","all",1813154.62083187,"t","Illustrative surplus-production total_biomass","higher-F-15","higher-F 15"
2031,"biomass_depletion","all",0.574682485779613,"ratio","Illustrative surplus-production biomass_depletion","higher-F-15","higher-F 15"
2031,"fishing_mortality","all",0.08,"per year","Illustrative surplus-production fishing_mortality","higher-F-15","higher-F 15"
2031,"catch","all",139401.951815509,"t","Illustrative surplus-production catch","higher-F-15","higher-F 15"
2032,"total_biomass","all",1895879.84061669,"t","Illustrative surplus-production total_biomass","higher-F-15","higher-F 15"
2032,"biomass_depletion","all",0.600902386937736,"ratio","Illustrative surplus-production biomass_depletion","higher-F-15","higher-F 15"
2032,"fishing_mortality","all",0.08,"per year","Illustrative surplus-production fishing_mortality","higher-F-15","higher-F 15"
2032,"catch","all",145762.168958534,"t","Illustrative surplus-production catch","higher-F-15","higher-F 15"
2033,"total_biomass","all",1972446.05804321,"t","Illustrative surplus-production total_biomass","higher-F-15","higher-F 15"
2033,"biomass_depletion","all",0.625170181670665,"ratio","Illustrative surplus-production biomass_depletion","higher-F-15","higher-F 15"
2033,"fishing_mortality","all",0.08,"per year","Illustrative surplus-production fishing_mortality","higher-F-15","higher-F 15"
2033,"catch","all",151648.85949764,"t","Illustrative surplus-production catch","higher-F-15","higher-F 15"
2034,"total_biomass","all",2030946.0769075,"t","Illustrative surplus-production total_biomass","higher-F-15","higher-F 15"
2034,"biomass_depletion","all",0.643711863594991,"ratio","Illustrative surplus-production biomass_depletion","higher-F-15","higher-F 15"
2034,"fishing_mortality","all",0.08,"per year","Illustrative surplus-production fishing_mortality","higher-F-15","higher-F 15"
2034,"catch","all",156146.554684377,"t","Illustrative surplus-production catch","higher-F-15","higher-F 15"
2035,"total_biomass","all",2082510.85852879,"t","Illustrative surplus-production total_biomass","higher-F-15","higher-F 15"
2035,"biomass_depletion","all",0.660055410107979,"ratio","Illustrative surplus-production biomass_depletion","higher-F-15","higher-F 15"
2035,"fishing_mortality","all",0.08,"per year","Illustrative surplus-production fishing_mortality","higher-F-15","higher-F 15"
2035,"catch","all",160111.043493197,"t","Illustrative surplus-production catch","higher-F-15","higher-F 15"
2036,"total_biomass","all",2166240.83312934,"t","Illustrative surplus-production total_biomass","higher-F-15","higher-F 15"
2036,"biomass_depletion","all",0.686593770038712,"ratio","Illustrative surplus-production biomass_depletion","higher-F-15","higher-F 15"
2036,"fishing_mortality","all",0.08,"per year","Illustrative surplus-production fishing_mortality","higher-F-15","higher-F 15"
2036,"catch","all",166548.509857442,"t","Illustrative surplus-production catch","higher-F-15","higher-F 15"
2037,"total_biomass","all",2199798.23309487,"t","Illustrative surplus-production total_biomass","higher-F-15","higher-F 15"
2037,"biomass_depletion","all",0.69722984586309,"ratio","Illustrative surplus-production biomass_depletion","higher-F-15","higher-F 15"
2037,"fishing_mortality","all",0.08,"per year","Illustrative surplus-production fishing_mortality","higher-F-15","higher-F 15"
2037,"catch","all",169128.525372556,"t","Illustrative surplus-production catch","higher-F-15","higher-F 15"
2038,"total_biomass","all",2210226.97583159,"t","Illustrative surplus-production total_biomass","higher-F-15","higher-F 15"
2038,"biomass_depletion","all",0.700535253868915,"ratio","Illustrative surplus-production biomass_depletion","higher-F-15","higher-F 15"
2038,"fishing_mortality","all",0.08,"per year","Illustrative surplus-production fishing_mortality","higher-F-15","higher-F 15"
2038,"catch","all",169930.325216749,"t","Illustrative surplus-production catch","higher-F-15","higher-F 15"
2039,"total_biomass","all",2221969.45042022,"t","Illustrative surplus-production total_biomass","higher-F-15","higher-F 15"
2039,"biomass_depletion","all",0.704257051452125,"ratio","Illustrative surplus-production biomass_depletion","higher-F-15","higher-F 15"
2039,"fishing_mortality","all",0.08,"per year","Illustrative surplus-production fishing_mortality","higher-F-15","higher-F 15"
2039,"catch","all",170833.129565585,"t","Illustrative surplus-production catch","higher-F-15","higher-F 15"
2040,"total_biomass","all",2248042.25217574,"t","Illustrative surplus-production total_biomass","higher-F-15","higher-F 15"
2040,"biomass_depletion","all",0.712520870958721,"ratio","Illustrative surplus-production biomass_depletion","higher-F-15","higher-F 15"
2040,"fishing_mortality","all",0.08,"per year","Illustrative surplus-production fishing_mortality","higher-F-15","higher-F 15"
2040,"catch","all",172837.701824487,"t","Illustrative surplus-production catch","higher-F-15","higher-F 15"
2041,"total_biomass","all",2299571.75178243,"t","Illustrative surplus-production total_biomass","higher-F-15","higher-F 15"
2041,"biomass_depletion","all",0.7288532347763,"ratio","Illustrative surplus-production biomass_depletion","higher-F-15","higher-F 15"
2041,"fishing_mortality","all",0.08,"per year","Illustrative surplus-production fishing_mortality","higher-F-15","higher-F 15"
2041,"catch","all",176799.478023118,"t","Illustrative surplus-production catch","higher-F-15","higher-F 15"
2042,"total_biomass","all",2318537.67675861,"t","Illustrative surplus-production total_biomass","higher-F-15","higher-F 15"
2042,"biomass_depletion","all",0.734864517424339,"ratio","Illustrative surplus-production biomass_depletion","higher-F-15","higher-F 15"
2042,"fishing_mortality","all",0.08,"per year","Illustrative surplus-production fishing_mortality","higher-F-15","higher-F 15"
2042,"catch","all",178257.647629443,"t","Illustrative surplus-production catch","higher-F-15","higher-F 15"
2043,"total_biomass","all",2306190.53947204,"t","Illustrative surplus-production total_biomass","higher-F-15","higher-F 15"
2043,"biomass_depletion","all",0.730951070955636,"ratio","Illustrative surplus-production biomass_depletion","higher-F-15","higher-F 15"
2043,"fishing_mortality","all",0.08,"per year","Illustrative surplus-production fishing_mortality","higher-F-15","higher-F 15"
2043,"catch","all",177308.354603186,"t","Illustrative surplus-production catch","higher-F-15","higher-F 15"
2044,"total_biomass","all",2313652.21994478,"t","Illustrative surplus-production total_biomass","higher-F-15","higher-F 15"
2044,"biomass_depletion","all",0.733316063457047,"ratio","Illustrative surplus-production biomass_depletion","higher-F-15","higher-F 15"
2044,"fishing_mortality","all",0.08,"per year","Illustrative surplus-production fishing_mortality","higher-F-15","higher-F 15"
2044,"catch","all",177882.035860025,"t","Illustrative surplus-production catch","higher-F-15","higher-F 15"
2045,"total_biomass","all",2309207.75378984,"t","Illustrative surplus-production total_biomass","higher-F-15","higher-F 15"
2045,"biomass_depletion","all",0.731907382240048,"ratio","Illustrative surplus-production biomass_depletion","higher-F-15","higher-F 15"
2045,"fishing_mortality","all",0.08,"per year","Illustrative surplus-production fishing_mortality","higher-F-15","higher-F 15"
2045,"catch","all",177540.329063673,"t","Illustrative surplus-production catch","higher-F-15","higher-F 15"
2046,"total_biomass","all",2300574.59992365,"t","Illustrative surplus-production total_biomass","higher-F-15","higher-F 15"
2046,"biomass_depletion","all",0.729171089225134,"ratio","Illustrative surplus-production biomass_depletion","higher-F-15","higher-F 15"
2046,"fishing_mortality","all",0.08,"per year","Illustrative surplus-production fishing_mortality","higher-F-15","higher-F 15"
2046,"catch","all",176876.580652234,"t","Illustrative surplus-production catch","higher-F-15","higher-F 15"
2047,"total_biomass","all",2311341.38136725,"t","Illustrative surplus-production total_biomass","higher-F-15","higher-F 15"
2047,"biomass_depletion","all",0.732583639182408,"ratio","Illustrative surplus-production biomass_depletion","higher-F-15","higher-F 15"
2047,"fishing_mortality","all",0.08,"per year","Illustrative surplus-production fishing_mortality","higher-F-15","higher-F 15"
2047,"catch","all",177704.370147274,"t","Illustrative surplus-production catch","higher-F-15","higher-F 15"
2048,"total_biomass","all",2358321.34342365,"t","Illustrative surplus-production total_biomass","higher-F-15","higher-F 15"
2048,"biomass_depletion","all",0.747474019222925,"ratio","Illustrative surplus-production biomass_depletion","higher-F-15","higher-F 15"
2048,"fishing_mortality","all",0.08,"per year","Illustrative surplus-production fishing_mortality","higher-F-15","higher-F 15"
2048,"catch","all",181316.361276788,"t","Illustrative surplus-production catch","higher-F-15","higher-F 15"
2049,"total_biomass","all",2376459.99254131,"t","Illustrative surplus-production total_biomass","higher-F-15","higher-F 15"
2049,"biomass_depletion","all",0.753223095360094,"ratio","Illustrative surplus-production biomass_depletion","higher-F-15","higher-F 15"
2049,"fishing_mortality","all",0.08,"per year","Illustrative surplus-production fishing_mortality","higher-F-15","higher-F 15"
2049,"catch","all",182710.926892564,"t","Illustrative surplus-production catch","higher-F-15","higher-F 15"
2050,"total_biomass","all",2350601.61269921,"t","Illustrative surplus-production total_biomass","higher-F-15","higher-F 15"
2050,"biomass_depletion","all",0.745027237248957,"ratio","Illustrative surplus-production biomass_depletion","higher-F-15","higher-F 15"
2050,"fishing_mortality","all",0.08,"per year","Illustrative surplus-production fishing_mortality","higher-F-15","higher-F 15"
2050,"catch","all",180722.840173782,"t","Illustrative surplus-production catch","higher-F-15","higher-F 15"
2051,"total_biomass","all",2354921.02885802,"t","Illustrative surplus-production total_biomass","higher-F-15","higher-F 15"
2051,"biomass_depletion","all",0.746396283653902,"ratio","Illustrative surplus-production biomass_depletion","higher-F-15","higher-F 15"
2051,"fishing_mortality","all",0.08,"per year","Illustrative surplus-production fishing_mortality","higher-F-15","higher-F 15"
2051,"catch","all",181054.932669547,"t","Illustrative surplus-production catch","higher-F-15","higher-F 15"
2052,"total_biomass","all",2361378.66203423,"t","Illustrative surplus-production total_biomass","higher-F-15","higher-F 15"
2052,"biomass_depletion","all",0.748443041632134,"ratio","Illustrative surplus-production biomass_depletion","higher-F-15","higher-F 15"
2052,"fishing_mortality","all",0.08,"per year","Illustrative surplus-production fishing_mortality","higher-F-15","higher-F 15"
2052,"catch","all",181551.419101829,"t","Illustrative surplus-production catch","higher-F-15","higher-F 15"
2023,"total_biomass","all",902918.314809643,"t","Illustrative surplus-production total_biomass","higher-F-16","higher-F 16"
2023,"biomass_depletion","all",0.286181517918576,"ratio","Illustrative surplus-production biomass_depletion","higher-F-16","higher-F 16"
2023,"fishing_mortality","all",0.08,"per year","Illustrative surplus-production fishing_mortality","higher-F-16","higher-F 16"
2023,"catch","all",69419.6589569872,"t","Illustrative surplus-production catch","higher-F-16","higher-F 16"
2024,"total_biomass","all",1033127.49637282,"t","Illustrative surplus-production total_biomass","higher-F-16","higher-F 16"
2024,"biomass_depletion","all",0.32745154269877,"ratio","Illustrative surplus-production biomass_depletion","higher-F-16","higher-F 16"
2024,"fishing_mortality","all",0.08,"per year","Illustrative surplus-production fishing_mortality","higher-F-16","higher-F 16"
2024,"catch","all",79430.61656957,"t","Illustrative surplus-production catch","higher-F-16","higher-F 16"
2025,"total_biomass","all",1188267.7275824,"t","Illustrative surplus-production total_biomass","higher-F-16","higher-F 16"
2025,"biomass_depletion","all",0.376623506684411,"ratio","Illustrative surplus-production biomass_depletion","higher-F-16","higher-F 16"
2025,"fishing_mortality","all",0.08,"per year","Illustrative surplus-production fishing_mortality","higher-F-16","higher-F 16"
2025,"catch","all",91358.3643673844,"t","Illustrative surplus-production catch","higher-F-16","higher-F 16"
2026,"total_biomass","all",1297025.49633108,"t","Illustrative surplus-production total_biomass","higher-F-16","higher-F 16"
2026,"biomass_depletion","all",0.411094469157352,"ratio","Illustrative surplus-production biomass_depletion","higher-F-16","higher-F 16"
2026,"fishing_mortality","all",0.08,"per year","Illustrative surplus-production fishing_mortality","higher-F-16","higher-F 16"
2026,"catch","all",99720.0589876202,"t","Illustrative surplus-production catch","higher-F-16","higher-F 16"
2027,"total_biomass","all",1440807.81110998,"t","Illustrative surplus-production total_biomass","higher-F-16","higher-F 16"
2027,"biomass_depletion","all",0.456666521931525,"ratio","Illustrative surplus-production biomass_depletion","higher-F-16","higher-F 16"
2027,"fishing_mortality","all",0.08,"per year","Illustrative surplus-production fishing_mortality","higher-F-16","higher-F 16"
2027,"catch","all",110774.568672809,"t","Illustrative surplus-production catch","higher-F-16","higher-F 16"
2028,"total_biomass","all",1557780.85756522,"t","Illustrative surplus-production total_biomass","higher-F-16","higher-F 16"
2028,"biomass_depletion","all",0.493741330849516,"ratio","Illustrative surplus-production biomass_depletion","higher-F-16","higher-F 16"
2028,"fishing_mortality","all",0.08,"per year","Illustrative surplus-production fishing_mortality","higher-F-16","higher-F 16"
2028,"catch","all",119767.883858574,"t","Illustrative surplus-production catch","higher-F-16","higher-F 16"
2029,"total_biomass","all",1664461.13983427,"t","Illustrative surplus-production total_biomass","higher-F-16","higher-F 16"
2029,"biomass_depletion","all",0.527553830397911,"ratio","Illustrative surplus-production biomass_depletion","higher-F-16","higher-F 16"
2029,"fishing_mortality","all",0.08,"per year","Illustrative surplus-production fishing_mortality","higher-F-16","higher-F 16"
2029,"catch","all",127969.853727923,"t","Illustrative surplus-production catch","higher-F-16","higher-F 16"
2030,"total_biomass","all",1792830.62057677,"t","Illustrative surplus-production total_biomass","higher-F-16","higher-F 16"
2030,"biomass_depletion","all",0.568240758828476,"ratio","Illustrative surplus-production biomass_depletion","higher-F-16","higher-F 16"
2030,"fishing_mortality","all",0.08,"per year","Illustrative surplus-production fishing_mortality","higher-F-16","higher-F 16"
2030,"catch","all",137839.368419857,"t","Illustrative surplus-production catch","higher-F-16","higher-F 16"
2031,"total_biomass","all",1929128.09532896,"t","Illustrative surplus-production total_biomass","higher-F-16","higher-F 16"
2031,"biomass_depletion","all",0.611440478640645,"ratio","Illustrative surplus-production biomass_depletion","higher-F-16","higher-F 16"
2031,"fishing_mortality","all",0.08,"per year","Illustrative surplus-production fishing_mortality","higher-F-16","higher-F 16"
2031,"catch","all",148318.416257081,"t","Illustrative surplus-production catch","higher-F-16","higher-F 16"
2032,"total_biomass","all",2012266.84802276,"t","Illustrative surplus-production total_biomass","higher-F-16","higher-F 16"
2032,"biomass_depletion","all",0.637791449767844,"ratio","Illustrative surplus-production biomass_depletion","higher-F-16","higher-F 16"
2032,"fishing_mortality","all",0.08,"per year","Illustrative surplus-production fishing_mortality","higher-F-16","higher-F 16"
2032,"catch","all",154710.427321038,"t","Illustrative surplus-production catch","higher-F-16","higher-F 16"
2033,"total_biomass","all",2089470.5784624,"t","Illustrative surplus-production total_biomass","higher-F-16","higher-F 16"
2033,"biomass_depletion","all",0.662261305350352,"ratio","Illustrative surplus-production biomass_depletion","higher-F-16","higher-F 16"
2033,"fishing_mortality","all",0.08,"per year","Illustrative surplus-production fishing_mortality","higher-F-16","higher-F 16"
2033,"catch","all",160646.132189819,"t","Illustrative surplus-production catch","higher-F-16","higher-F 16"
2034,"total_biomass","all",2132763.93415699,"t","Illustrative surplus-production total_biomass","higher-F-16","higher-F 16"
2034,"biomass_depletion","all",0.675983209143031,"ratio","Illustrative surplus-production biomass_depletion","higher-F-16","higher-F 16"
2034,"fishing_mortality","all",0.08,"per year","Illustrative surplus-production fishing_mortality","higher-F-16","higher-F 16"
2034,"catch","all",163974.683552802,"t","Illustrative surplus-production catch","higher-F-16","higher-F 16"
2035,"total_biomass","all",2179666.72638012,"t","Illustrative surplus-production total_biomass","higher-F-16","higher-F 16"
2035,"biomass_depletion","all",0.690849130071732,"ratio","Illustrative surplus-production biomass_depletion","higher-F-16","higher-F 16"
2035,"fishing_mortality","all",0.08,"per year","Illustrative surplus-production fishing_mortality","higher-F-16","higher-F 16"
2035,"catch","all",167580.741583585,"t","Illustrative surplus-production catch","higher-F-16","higher-F 16"
2036,"total_biomass","all",2192503.65572783,"t","Illustrative surplus-production total_biomass","higher-F-16","higher-F 16"
2036,"biomass_depletion","all",0.694917816979378,"ratio","Illustrative surplus-production biomass_depletion","higher-F-16","higher-F 16"
2036,"fishing_mortality","all",0.08,"per year","Illustrative surplus-production fishing_mortality","higher-F-16","higher-F 16"
2036,"catch","all",168567.691613013,"t","Illustrative surplus-production catch","higher-F-16","higher-F 16"
2037,"total_biomass","all",2226996.49082899,"t","Illustrative surplus-production total_biomass","higher-F-16","higher-F 16"
2037,"biomass_depletion","all",0.705850380584145,"ratio","Illustrative surplus-production biomass_depletion","higher-F-16","higher-F 16"
2037,"fishing_mortality","all",0.08,"per year","Illustrative surplus-production fishing_mortality","higher-F-16","higher-F 16"
2037,"catch","all",171219.626799074,"t","Illustrative surplus-production catch","higher-F-16","higher-F 16"
2038,"total_biomass","all",2276384.58806835,"t","Illustrative surplus-production total_biomass","higher-F-16","higher-F 16"
2038,"biomass_depletion","all",0.721504023226283,"ratio","Illustrative surplus-production biomass_depletion","higher-F-16","higher-F 16"
2038,"fishing_mortality","all",0.08,"per year","Illustrative surplus-production fishing_mortality","higher-F-16","higher-F 16"
2038,"catch","all",175016.764159848,"t","Illustrative surplus-production catch","higher-F-16","higher-F 16"
2039,"total_biomass","all",2313572.29730408,"t","Illustrative surplus-production total_biomass","higher-F-16","higher-F 16"
2039,"biomass_depletion","all",0.733290731838165,"ratio","Illustrative surplus-production biomass_depletion","higher-F-16","higher-F 16"
2039,"fishing_mortality","all",0.08,"per year","Illustrative surplus-production fishing_mortality","higher-F-16","higher-F 16"
2039,"catch","all",177875.891115402,"t","Illustrative surplus-production catch","higher-F-16","higher-F 16"
2040,"total_biomass","all",2318410.57452013,"t","Illustrative surplus-production total_biomass","higher-F-16","higher-F 16"
2040,"biomass_depletion","all",0.734824232150531,"ratio","Illustrative surplus-production biomass_depletion","higher-F-16","higher-F 16"
2040,"fishing_mortality","all",0.08,"per year","Illustrative surplus-production fishing_mortality","higher-F-16","higher-F 16"
2040,"catch","all",178247.875544966,"t","Illustrative surplus-production catch","higher-F-16","higher-F 16"
2041,"total_biomass","all",2326169.99338772,"t","Illustrative surplus-production total_biomass","higher-F-16","higher-F 16"
2041,"biomass_depletion","all",0.737283593349957,"ratio","Illustrative surplus-production biomass_depletion","higher-F-16","higher-F 16"
2041,"fishing_mortality","all",0.08,"per year","Illustrative surplus-production fishing_mortality","higher-F-16","higher-F 16"
2041,"catch","all",178844.448017424,"t","Illustrative surplus-production catch","higher-F-16","higher-F 16"
2042,"total_biomass","all",2310765.15415953,"t","Illustrative surplus-production total_biomass","higher-F-16","higher-F 16"
2042,"biomass_depletion","all",0.732401002974608,"ratio","Illustrative surplus-production biomass_depletion","higher-F-16","higher-F 16"
2042,"fishing_mortality","all",0.08,"per year","Illustrative surplus-production fishing_mortality","higher-F-16","higher-F 16"
2042,"catch","all",177660.067694234,"t","Illustrative surplus-production catch","higher-F-16","higher-F 16"
2043,"total_biomass","all",2289618.38806974,"t","Illustrative surplus-production total_biomass","higher-F-16","higher-F 16"
2043,"biomass_depletion","all",0.725698498972435,"ratio","Illustrative surplus-production biomass_depletion","higher-F-16","higher-F 16"
2043,"fishing_mortality","all",0.08,"per year","Illustrative surplus-production fishing_mortality","higher-F-16","higher-F 16"
2043,"catch","all",176034.227055143,"t","Illustrative surplus-production catch","higher-F-16","higher-F 16"
2044,"total_biomass","all",2310668.95033615,"t","Illustrative surplus-production total_biomass","higher-F-16","higher-F 16"
2044,"biomass_depletion","all",0.732370511006783,"ratio","Illustrative surplus-production biomass_depletion","higher-F-16","higher-F 16"
2044,"fishing_mortality","all",0.08,"per year","Illustrative surplus-production fishing_mortality","higher-F-16","higher-F 16"
2044,"catch","all",177652.671192801,"t","Illustrative surplus-production catch","higher-F-16","higher-F 16"
2045,"total_biomass","all",2306642.59946327,"t","Illustrative surplus-production total_biomass","higher-F-16","higher-F 16"
2045,"biomass_depletion","all",0.731094352149914,"ratio","Illustrative surplus-production biomass_depletion","higher-F-16","higher-F 16"
2045,"fishing_mortality","all",0.08,"per year","Illustrative surplus-production fishing_mortality","higher-F-16","higher-F 16"
2045,"catch","all",177343.110626964,"t","Illustrative surplus-production catch","higher-F-16","higher-F 16"
2046,"total_biomass","all",2316063.56980552,"t","Illustrative surplus-production total_biomass","higher-F-16","higher-F 16"
2046,"biomass_depletion","all",0.734080344956339,"ratio","Illustrative surplus-production biomass_depletion","higher-F-16","higher-F 16"
2046,"fishing_mortality","all",0.08,"per year","Illustrative surplus-production fishing_mortality","higher-F-16","higher-F 16"
2046,"catch","all",178067.42924746,"t","Illustrative surplus-production catch","higher-F-16","higher-F 16"
2047,"total_biomass","all",2331817.88888402,"t","Illustrative surplus-production total_biomass","higher-F-16","higher-F 16"
2047,"biomass_depletion","all",0.739073703573292,"ratio","Illustrative surplus-production biomass_depletion","higher-F-16","higher-F 16"
2047,"fishing_mortality","all",0.08,"per year","Illustrative surplus-production fishing_mortality","higher-F-16","higher-F 16"
2047,"catch","all",179278.678858406,"t","Illustrative surplus-production catch","higher-F-16","higher-F 16"
2048,"total_biomass","all",2356922.24969639,"t","Illustrative surplus-production total_biomass","higher-F-16","higher-F 16"
2048,"biomass_depletion","all",0.74703057405185,"ratio","Illustrative surplus-production biomass_depletion","higher-F-16","higher-F 16"
2048,"fishing_mortality","all",0.08,"per year","Illustrative surplus-production fishing_mortality","higher-F-16","higher-F 16"
2048,"catch","all",181208.793839288,"t","Illustrative surplus-production catch","higher-F-16","higher-F 16"
2049,"total_biomass","all",2373403.80440393,"t","Illustrative surplus-production total_biomass","higher-F-16","higher-F 16"
2049,"biomass_depletion","all",0.752254431256315,"ratio","Illustrative surplus-production biomass_depletion","higher-F-16","higher-F 16"
2049,"fishing_mortality","all",0.08,"per year","Illustrative surplus-production fishing_mortality","higher-F-16","higher-F 16"
2049,"catch","all",182475.955982433,"t","Illustrative surplus-production catch","higher-F-16","higher-F 16"
2050,"total_biomass","all",2380831.89621526,"t","Illustrative surplus-production total_biomass","higher-F-16","higher-F 16"
2050,"biomass_depletion","all",0.754608777773533,"ratio","Illustrative surplus-production biomass_depletion","higher-F-16","higher-F 16"
2050,"fishing_mortality","all",0.08,"per year","Illustrative surplus-production fishing_mortality","higher-F-16","higher-F 16"
2050,"catch","all",183047.054820263,"t","Illustrative surplus-production catch","higher-F-16","higher-F 16"
2051,"total_biomass","all",2367829.10809893,"t","Illustrative surplus-production total_biomass","higher-F-16","higher-F 16"
2051,"biomass_depletion","all",0.750487521642973,"ratio","Illustrative surplus-production biomass_depletion","higher-F-16","higher-F 16"
2051,"fishing_mortality","all",0.08,"per year","Illustrative surplus-production fishing_mortality","higher-F-16","higher-F 16"
2051,"catch","all",182047.352962719,"t","Illustrative surplus-production catch","higher-F-16","higher-F 16"
2052,"total_biomass","all",2378658.52398032,"t","Illustrative surplus-production total_biomass","higher-F-16","higher-F 16"
2052,"biomass_depletion","all",0.753919923693386,"ratio","Illustrative surplus-production biomass_depletion","higher-F-16","higher-F 16"
2052,"fishing_mortality","all",0.08,"per year","Illustrative surplus-production fishing_mortality","higher-F-16","higher-F 16"
2052,"catch","all",182879.958022179,"t","Illustrative surplus-production catch","higher-F-16","higher-F 16"
2023,"total_biomass","all",902918.314809643,"t","Illustrative surplus-production total_biomass","higher-F-17","higher-F 17"
2023,"biomass_depletion","all",0.286181517918576,"ratio","Illustrative surplus-production biomass_depletion","higher-F-17","higher-F 17"
2023,"fishing_mortality","all",0.08,"per year","Illustrative surplus-production fishing_mortality","higher-F-17","higher-F 17"
2023,"catch","all",69419.6589569872,"t","Illustrative surplus-production catch","higher-F-17","higher-F 17"
2024,"total_biomass","all",1012843.0224641,"t","Illustrative surplus-production total_biomass","higher-F-17","higher-F 17"
2024,"biomass_depletion","all",0.321022343691327,"ratio","Illustrative surplus-production biomass_depletion","higher-F-17","higher-F 17"
2024,"fishing_mortality","all",0.08,"per year","Illustrative surplus-production fishing_mortality","higher-F-17","higher-F 17"
2024,"catch","all",77871.072103843,"t","Illustrative surplus-production catch","higher-F-17","higher-F 17"
2025,"total_biomass","all",1121229.33744561,"t","Illustrative surplus-production total_biomass","higher-F-17","higher-F 17"
2025,"biomass_depletion","all",0.355375573251795,"ratio","Illustrative surplus-production biomass_depletion","higher-F-17","higher-F 17"
2025,"fishing_mortality","all",0.08,"per year","Illustrative surplus-production fishing_mortality","higher-F-17","higher-F 17"
2025,"catch","all",86204.2080013098,"t","Illustrative surplus-production catch","higher-F-17","higher-F 17"
2026,"total_biomass","all",1251822.19889984,"t","Illustrative surplus-production total_biomass","higher-F-17","higher-F 17"
2026,"biomass_depletion","all",0.396767206035522,"ratio","Illustrative surplus-production biomass_depletion","higher-F-17","higher-F 17"
2026,"fishing_mortality","all",0.08,"per year","Illustrative surplus-production fishing_mortality","higher-F-17","higher-F 17"
2026,"catch","all",96244.6643257349,"t","Illustrative surplus-production catch","higher-F-17","higher-F 17"
2027,"total_biomass","all",1392641.84575364,"t","Illustrative surplus-production total_biomass","higher-F-17","higher-F 17"
2027,"biomass_depletion","all",0.441400236098573,"ratio","Illustrative surplus-production biomass_depletion","higher-F-17","higher-F 17"
2027,"fishing_mortality","all",0.08,"per year","Illustrative surplus-production fishing_mortality","higher-F-17","higher-F 17"
2027,"catch","all",107071.393276399,"t","Illustrative surplus-production catch","higher-F-17","higher-F 17"
2028,"total_biomass","all",1539738.61036386,"t","Illustrative surplus-production total_biomass","higher-F-17","higher-F 17"
2028,"biomass_depletion","all",0.488022809466065,"ratio","Illustrative surplus-production biomass_depletion","higher-F-17","higher-F 17"
2028,"fishing_mortality","all",0.08,"per year","Illustrative surplus-production fishing_mortality","higher-F-17","higher-F 17"
2028,"catch","all",118380.729974338,"t","Illustrative surplus-production catch","higher-F-17","higher-F 17"
2029,"total_biomass","all",1677461.82943026,"t","Illustrative surplus-production total_biomass","higher-F-17","higher-F 17"
2029,"biomass_depletion","all",0.53167442139883,"ratio","Illustrative surplus-production biomass_depletion","higher-F-17","higher-F 17"
2029,"fishing_mortality","all",0.08,"per year","Illustrative surplus-production fishing_mortality","higher-F-17","higher-F 17"
2029,"catch","all",128969.394243557,"t","Illustrative surplus-production catch","higher-F-17","higher-F 17"
2030,"total_biomass","all",1786588.7404857,"t","Illustrative surplus-production total_biomass","higher-F-17","higher-F 17"
2030,"biomass_depletion","all",0.566262384162876,"ratio","Illustrative surplus-production biomass_depletion","higher-F-17","higher-F 17"
2030,"fishing_mortality","all",0.08,"per year","Illustrative surplus-production fishing_mortality","higher-F-17","higher-F 17"
2030,"catch","all",137359.469873039,"t","Illustrative surplus-production catch","higher-F-17","higher-F 17"
2031,"total_biomass","all",1875085.43542533,"t","Illustrative surplus-production total_biomass","higher-F-17","higher-F 17"
2031,"biomass_depletion","all",0.59431156433034,"ratio","Illustrative surplus-production biomass_depletion","higher-F-17","higher-F 17"
2031,"fishing_mortality","all",0.08,"per year","Illustrative surplus-production fishing_mortality","higher-F-17","higher-F 17"
2031,"catch","all",144163.419112705,"t","Illustrative surplus-production catch","higher-F-17","higher-F 17"
2032,"total_biomass","all",1958722.24238864,"t","Illustrative surplus-production total_biomass","higher-F-17","higher-F 17"
2032,"biomass_depletion","all",0.620820394617682,"ratio","Illustrative surplus-production biomass_depletion","higher-F-17","higher-F 17"
2032,"fishing_mortality","all",0.08,"per year","Illustrative surplus-production fishing_mortality","higher-F-17","higher-F 17"
2032,"catch","all",150593.7224086,"t","Illustrative surplus-production catch","higher-F-17","higher-F 17"
2033,"total_biomass","all",2040282.10361432,"t","Illustrative surplus-production total_biomass","higher-F-17","higher-F 17"
2033,"biomass_depletion","all",0.64667093336959,"ratio","Illustrative surplus-production biomass_depletion","higher-F-17","higher-F 17"
2033,"fishing_mortality","all",0.08,"per year","Illustrative surplus-production fishing_mortality","higher-F-17","higher-F 17"
2033,"catch","all",156864.342527829,"t","Illustrative surplus-production catch","higher-F-17","higher-F 17"
2034,"total_biomass","all",2119121.10731567,"t","Illustrative surplus-production total_biomass","higher-F-17","higher-F 17"
2034,"biomass_depletion","all",0.67165909163416,"ratio","Illustrative surplus-production biomass_depletion","higher-F-17","higher-F 17"
2034,"fishing_mortality","all",0.08,"per year","Illustrative surplus-production fishing_mortality","higher-F-17","higher-F 17"
2034,"catch","all",162925.773179627,"t","Illustrative surplus-production catch","higher-F-17","higher-F 17"
2035,"total_biomass","all",2153617.91414886,"t","Illustrative surplus-production total_biomass","higher-F-17","higher-F 17"
2035,"biomass_depletion","all",0.682592914086247,"ratio","Illustrative surplus-production biomass_depletion","higher-F-17","higher-F 17"
2035,"fishing_mortality","all",0.08,"per year","Illustrative surplus-production fishing_mortality","higher-F-17","higher-F 17"
2035,"catch","all",165578.013726957,"t","Illustrative surplus-production catch","higher-F-17","higher-F 17"
2036,"total_biomass","all",2174734.61169372,"t","Illustrative surplus-production total_biomass","higher-F-17","higher-F 17"
2036,"biomass_depletion","all",0.689285887811216,"ratio","Illustrative surplus-production biomass_depletion","higher-F-17","higher-F 17"
2036,"fishing_mortality","all",0.08,"per year","Illustrative surplus-production fishing_mortality","higher-F-17","higher-F 17"
2036,"catch","all",167201.542586454,"t","Illustrative surplus-production catch","higher-F-17","higher-F 17"
2037,"total_biomass","all",2180381.88241494,"t","Illustrative surplus-production total_biomass","higher-F-17","higher-F 17"
2037,"biomass_depletion","all",0.691075800011011,"ratio","Illustrative surplus-production biomass_depletion","higher-F-17","higher-F 17"
2037,"fishing_mortality","all",0.08,"per year","Illustrative surplus-production fishing_mortality","higher-F-17","higher-F 17"
2037,"catch","all",167635.725392445,"t","Illustrative surplus-production catch","higher-F-17","higher-F 17"
2038,"total_biomass","all",2194126.74876768,"t","Illustrative surplus-production total_biomass","higher-F-17","higher-F 17"
2038,"biomass_depletion","all",0.695432259119102,"ratio","Illustrative surplus-production biomass_depletion","higher-F-17","higher-F 17"
2038,"fishing_mortality","all",0.08,"per year","Illustrative surplus-production fishing_mortality","higher-F-17","higher-F 17"
2038,"catch","all",168692.480936071,"t","Illustrative surplus-production catch","higher-F-17","higher-F 17"
2039,"total_biomass","all",2214069.66842433,"t","Illustrative surplus-production total_biomass","higher-F-17","higher-F 17"
2039,"biomass_depletion","all",0.70175320191698,"ratio","Illustrative surplus-production biomass_depletion","higher-F-17","higher-F 17"
2039,"fishing_mortality","all",0.08,"per year","Illustrative surplus-production fishing_mortality","higher-F-17","higher-F 17"
2039,"catch","all",170225.765462992,"t","Illustrative surplus-production catch","higher-F-17","higher-F 17"
2040,"total_biomass","all",2232620.80284433,"t","Illustrative surplus-production total_biomass","higher-F-17","higher-F 17"
2040,"biomass_depletion","all",0.707633015982494,"ratio","Illustrative surplus-production biomass_depletion","higher-F-17","higher-F 17"
2040,"fishing_mortality","all",0.08,"per year","Illustrative surplus-production fishing_mortality","higher-F-17","higher-F 17"
2040,"catch","all",171652.044455875,"t","Illustrative surplus-production catch","higher-F-17","higher-F 17"
2041,"total_biomass","all",2260087.69603058,"t","Illustrative surplus-production total_biomass","higher-F-17","higher-F 17"
2041,"biomass_depletion","all",0.716338695173647,"ratio","Illustrative surplus-production biomass_depletion","higher-F-17","higher-F 17"
2041,"fishing_mortality","all",0.08,"per year","Illustrative surplus-production fishing_mortality","higher-F-17","higher-F 17"
2041,"catch","all",173763.799557442,"t","Illustrative surplus-production catch","higher-F-17","higher-F 17"
2042,"total_biomass","all",2265693.35462083,"t","Illustrative surplus-production total_biomass","higher-F-17","higher-F 17"
2042,"biomass_depletion","all",0.718115418336725,"ratio","Illustrative surplus-production biomass_depletion","higher-F-17","higher-F 17"
2042,"fishing_mortality","all",0.08,"per year","Illustrative surplus-production fishing_mortality","higher-F-17","higher-F 17"
2042,"catch","all",174194.783070769,"t","Illustrative surplus-production catch","higher-F-17","higher-F 17"
2043,"total_biomass","all",2278197.35386438,"t","Illustrative surplus-production total_biomass","higher-F-17","higher-F 17"
2043,"biomass_depletion","all",0.722078582473369,"ratio","Illustrative surplus-production biomass_depletion","higher-F-17","higher-F 17"
2043,"fishing_mortality","all",0.08,"per year","Illustrative surplus-production fishing_mortality","higher-F-17","higher-F 17"
2043,"catch","all",175156.136217392,"t","Illustrative surplus-production catch","higher-F-17","higher-F 17"
2044,"total_biomass","all",2277396.53742125,"t","Illustrative surplus-production total_biomass","higher-F-17","higher-F 17"
2044,"biomass_depletion","all",0.721824762319862,"ratio","Illustrative surplus-production biomass_depletion","higher-F-17","higher-F 17"
2044,"fishing_mortality","all",0.08,"per year","Illustrative surplus-production fishing_mortality","higher-F-17","higher-F 17"
2044,"catch","all",175094.56652337,"t","Illustrative surplus-production catch","higher-F-17","higher-F 17"
2045,"total_biomass","all",2275596.00834633,"t","Illustrative surplus-production total_biomass","higher-F-17","higher-F 17"
2045,"biomass_depletion","all",0.721254081522646,"ratio","Illustrative surplus-production biomass_depletion","higher-F-17","higher-F 17"
2045,"fishing_mortality","all",0.08,"per year","Illustrative surplus-production fishing_mortality","higher-F-17","higher-F 17"
2045,"catch","all",174956.135269654,"t","Illustrative surplus-production catch","higher-F-17","higher-F 17"
2046,"total_biomass","all",2285324.24707044,"t","Illustrative surplus-production total_biomass","higher-F-17","higher-F 17"
2046,"biomass_depletion","all",0.724337463572912,"ratio","Illustrative surplus-production biomass_depletion","higher-F-17","higher-F 17"
2046,"fishing_mortality","all",0.08,"per year","Illustrative surplus-production fishing_mortality","higher-F-17","higher-F 17"
2046,"catch","all",175704.077805986,"t","Illustrative surplus-production catch","higher-F-17","higher-F 17"
2047,"total_biomass","all",2278215.66098648,"t","Illustrative surplus-production total_biomass","higher-F-17","higher-F 17"
2047,"biomass_depletion","all",0.72208438494731,"ratio","Illustrative surplus-production biomass_depletion","higher-F-17","higher-F 17"
2047,"fishing_mortality","all",0.08,"per year","Illustrative surplus-production fishing_mortality","higher-F-17","higher-F 17"
2047,"catch","all",175157.543735826,"t","Illustrative surplus-production catch","higher-F-17","higher-F 17"
2048,"total_biomass","all",2281815.46472214,"t","Illustrative surplus-production total_biomass","higher-F-17","higher-F 17"
2048,"biomass_depletion","all",0.723225348953004,"ratio","Illustrative surplus-production biomass_depletion","higher-F-17","higher-F 17"
2048,"fishing_mortality","all",0.08,"per year","Illustrative surplus-production fishing_mortality","higher-F-17","higher-F 17"
2048,"catch","all",175434.309799315,"t","Illustrative surplus-production catch","higher-F-17","higher-F 17"
2049,"total_biomass","all",2335769.66091728,"t","Illustrative surplus-production total_biomass","higher-F-17","higher-F 17"
2049,"biomass_depletion","all",0.740326224538251,"ratio","Illustrative surplus-production biomass_depletion","higher-F-17","higher-F 17"
2049,"fishing_mortality","all",0.08,"per year","Illustrative surplus-production fishing_mortality","higher-F-17","higher-F 17"
2049,"catch","all",179582.505530569,"t","Illustrative surplus-production catch","higher-F-17","higher-F 17"
2050,"total_biomass","all",2340279.89657904,"t","Illustrative surplus-production total_biomass","higher-F-17","higher-F 17"
2050,"biomass_depletion","all",0.741755751513929,"ratio","Illustrative surplus-production biomass_depletion","higher-F-17","higher-F 17"
2050,"fishing_mortality","all",0.08,"per year","Illustrative surplus-production fishing_mortality","higher-F-17","higher-F 17"
2050,"catch","all",179929.268926903,"t","Illustrative surplus-production catch","higher-F-17","higher-F 17"
2051,"total_biomass","all",2332341.98894692,"t","Illustrative surplus-production total_biomass","higher-F-17","higher-F 17"
2051,"biomass_depletion","all",0.739239817992592,"ratio","Illustrative surplus-production biomass_depletion","higher-F-17","higher-F 17"
2051,"fishing_mortality","all",0.08,"per year","Illustrative surplus-production fishing_mortality","higher-F-17","higher-F 17"
2051,"catch","all",179318.9735861,"t","Illustrative surplus-production catch","higher-F-17","higher-F 17"
2052,"total_biomass","all",2334142.96909727,"t","Illustrative surplus-production total_biomass","higher-F-17","higher-F 17"
2052,"biomass_depletion","all",0.739810641758946,"ratio","Illustrative surplus-production biomass_depletion","higher-F-17","higher-F 17"
2052,"fishing_mortality","all",0.08,"per year","Illustrative surplus-production fishing_mortality","higher-F-17","higher-F 17"
2052,"catch","all",179457.439520144,"t","Illustrative surplus-production catch","higher-F-17","higher-F 17"
2023,"total_biomass","all",902918.314809643,"t","Illustrative surplus-production total_biomass","higher-F-18","higher-F 18"
2023,"biomass_depletion","all",0.286181517918576,"ratio","Illustrative surplus-production biomass_depletion","higher-F-18","higher-F 18"
2023,"fishing_mortality","all",0.08,"per year","Illustrative surplus-production fishing_mortality","higher-F-18","higher-F 18"
2023,"catch","all",69419.6589569872,"t","Illustrative surplus-production catch","higher-F-18","higher-F 18"
2024,"total_biomass","all",1030991.8238354,"t","Illustrative surplus-production total_biomass","higher-F-18","higher-F 18"
2024,"biomass_depletion","all",0.326774637602804,"ratio","Illustrative surplus-production biomass_depletion","higher-F-18","higher-F 18"
2024,"fishing_mortality","all",0.08,"per year","Illustrative surplus-production fishing_mortality","higher-F-18","higher-F 18"
2024,"catch","all",79266.4182619716,"t","Illustrative surplus-production catch","higher-F-18","higher-F 18"
2025,"total_biomass","all",1155830.20153,"t","Illustrative surplus-production total_biomass","higher-F-18","higher-F 18"
2025,"biomass_depletion","all",0.366342376829209,"ratio","Illustrative surplus-production biomass_depletion","higher-F-18","higher-F 18"
2025,"fishing_mortality","all",0.08,"per year","Illustrative surplus-production fishing_mortality","higher-F-18","higher-F 18"
2025,"catch","all",88864.4488502976,"t","Illustrative surplus-production catch","higher-F-18","higher-F 18"
2026,"total_biomass","all",1262316.70418408,"t","Illustrative surplus-production total_biomass","higher-F-18","higher-F 18"
2026,"biomass_depletion","all",0.40009345759426,"ratio","Illustrative surplus-production biomass_depletion","higher-F-18","higher-F 18"
2026,"fishing_mortality","all",0.08,"per year","Illustrative surplus-production fishing_mortality","higher-F-18","higher-F 18"
2026,"catch","all",97051.5202348522,"t","Illustrative surplus-production catch","higher-F-18","higher-F 18"
2027,"total_biomass","all",1386636.67362327,"t","Illustrative surplus-production total_biomass","higher-F-18","higher-F 18"
2027,"biomass_depletion","all",0.43949688642957,"ratio","Illustrative surplus-production biomass_depletion","higher-F-18","higher-F 18"
2027,"fishing_mortality","all",0.08,"per year","Illustrative surplus-production fishing_mortality","higher-F-18","higher-F 18"
2027,"catch","all",106609.693702439,"t","Illustrative surplus-production catch","higher-F-18","higher-F 18"
2028,"total_biomass","all",1534841.83780619,"t","Illustrative surplus-production total_biomass","higher-F-18","higher-F 18"
2028,"biomass_depletion","all",0.486470768954236,"ratio","Illustrative surplus-production biomass_depletion","higher-F-18","higher-F 18"
2028,"fishing_mortality","all",0.08,"per year","Illustrative surplus-production fishing_mortality","higher-F-18","higher-F 18"
2028,"catch","all",118004.24820919,"t","Illustrative surplus-production catch","higher-F-18","higher-F 18"
2029,"total_biomass","all",1654476.1579745,"t","Illustrative surplus-production total_biomass","higher-F-18","higher-F 18"
2029,"biomass_depletion","all",0.524389073167773,"ratio","Illustrative surplus-production biomass_depletion","higher-F-18","higher-F 18"
2029,"fishing_mortality","all",0.08,"per year","Illustrative surplus-production fishing_mortality","higher-F-18","higher-F 18"
2029,"catch","all",127202.171841281,"t","Illustrative surplus-production catch","higher-F-18","higher-F 18"
2030,"total_biomass","all",1769936.52091137,"t","Illustrative surplus-production total_biomass","higher-F-18","higher-F 18"
2030,"biomass_depletion","all",0.560984434434387,"ratio","Illustrative surplus-production biomass_depletion","higher-F-18","higher-F 18"
2030,"fishing_mortality","all",0.08,"per year","Illustrative surplus-production fishing_mortality","higher-F-18","higher-F 18"
2030,"catch","all",136079.186391392,"t","Illustrative surplus-production catch","higher-F-18","higher-F 18"
2031,"total_biomass","all",1867505.81562786,"t","Illustrative surplus-production total_biomass","higher-F-18","higher-F 18"
2031,"biomass_depletion","all",0.591909190756444,"ratio","Illustrative surplus-production biomass_depletion","higher-F-18","higher-F 18"
2031,"fishing_mortality","all",0.08,"per year","Illustrative surplus-production fishing_mortality","higher-F-18","higher-F 18"
2031,"catch","all",143580.670249675,"t","Illustrative surplus-production catch","higher-F-18","higher-F 18"
2032,"total_biomass","all",1962961.4446202,"t","Illustrative surplus-production total_biomass","higher-F-18","higher-F 18"
2032,"biomass_depletion","all",0.622164017079975,"ratio","Illustrative surplus-production biomass_depletion","higher-F-18","higher-F 18"
2032,"fishing_mortality","all",0.08,"per year","Illustrative surplus-production fishing_mortality","higher-F-18","higher-F 18"
2032,"catch","all",150919.647764569,"t","Illustrative surplus-production catch","higher-F-18","higher-F 18"
2033,"total_biomass","all",2069393.73149049,"t","Illustrative surplus-production total_biomass","higher-F-18","higher-F 18"
2033,"biomass_depletion","all",0.655897914058802,"ratio","Illustrative surplus-production biomass_depletion","higher-F-18","higher-F 18"
2033,"fishing_mortality","all",0.08,"per year","Illustrative surplus-production fishing_mortality","higher-F-18","higher-F 18"
2033,"catch","all",159102.550841582,"t","Illustrative surplus-production catch","higher-F-18","higher-F 18"
2034,"total_biomass","all",2132508.88477617,"t","Illustrative surplus-production total_biomass","higher-F-18","higher-F 18"
2034,"biomass_depletion","all",0.675902370801678,"ratio","Illustrative surplus-production biomass_depletion","higher-F-18","higher-F 18"
2034,"fishing_mortality","all",0.08,"per year","Illustrative surplus-production fishing_mortality","higher-F-18","higher-F 18"
2034,"catch","all",163955.074424553,"t","Illustrative surplus-production catch","higher-F-18","higher-F 18"
2035,"total_biomass","all",2152070.02580218,"t","Illustrative surplus-production total_biomass","higher-F-18","higher-F 18"
2035,"biomass_depletion","all",0.682102308203792,"ratio","Illustrative surplus-production biomass_depletion","higher-F-18","higher-F 18"
2035,"fishing_mortality","all",0.08,"per year","Illustrative surplus-production fishing_mortality","higher-F-18","higher-F 18"
2035,"catch","all",165459.006415479,"t","Illustrative surplus-production catch","higher-F-18","higher-F 18"
2036,"total_biomass","all",2196719.68047325,"t","Illustrative surplus-production total_biomass","higher-F-18","higher-F 18"
2036,"biomass_depletion","all",0.696254093297442,"ratio","Illustrative surplus-production biomass_depletion","higher-F-18","higher-F 18"
2036,"fishing_mortality","all",0.08,"per year","Illustrative surplus-production fishing_mortality","higher-F-18","higher-F 18"
2036,"catch","all",168891.834999165,"t","Illustrative surplus-production catch","higher-F-18","higher-F 18"
2037,"total_biomass","all",2220953.97931051,"t","Illustrative surplus-production total_biomass","higher-F-18","higher-F 18"
2037,"biomass_depletion","all",0.703935196131648,"ratio","Illustrative surplus-production biomass_depletion","higher-F-18","higher-F 18"
2037,"fishing_mortality","all",0.08,"per year","Illustrative surplus-production fishing_mortality","higher-F-18","higher-F 18"
2037,"catch","all",170755.056436532,"t","Illustrative surplus-production catch","higher-F-18","higher-F 18"
2038,"total_biomass","all",2248503.00465022,"t","Illustrative surplus-production total_biomass","higher-F-18","higher-F 18"
2038,"biomass_depletion","all",0.712666907250561,"ratio","Illustrative surplus-production biomass_depletion","higher-F-18","higher-F 18"
2038,"fishing_mortality","all",0.08,"per year","Illustrative surplus-production fishing_mortality","higher-F-18","higher-F 18"
2038,"catch","all",172873.126158136,"t","Illustrative surplus-production catch","higher-F-18","higher-F 18"
2039,"total_biomass","all",2259173.78159297,"t","Illustrative surplus-production total_biomass","higher-F-18","higher-F 18"
2039,"biomass_depletion","all",0.716049028415631,"ratio","Illustrative surplus-production biomass_depletion","higher-F-18","higher-F 18"
2039,"fishing_mortality","all",0.08,"per year","Illustrative surplus-production fishing_mortality","higher-F-18","higher-F 18"
2039,"catch","all",173693.534476388,"t","Illustrative surplus-production catch","higher-F-18","higher-F 18"
2040,"total_biomass","all",2297496.13036172,"t","Illustrative surplus-production total_biomass","higher-F-18","higher-F 18"
2040,"biomass_depletion","all",0.728195362985395,"ratio","Illustrative surplus-production biomass_depletion","higher-F-18","higher-F 18"
2040,"fishing_mortality","all",0.08,"per year","Illustrative surplus-production fishing_mortality","higher-F-18","higher-F 18"
2040,"catch","all",176639.896664775,"t","Illustrative surplus-production catch","higher-F-18","higher-F 18"
2041,"total_biomass","all",2307456.20300604,"t","Illustrative surplus-production total_biomass","higher-F-18","higher-F 18"
2041,"biomass_depletion","all",0.731352225196717,"ratio","Illustrative surplus-production biomass_depletion","higher-F-18","higher-F 18"
2041,"fishing_mortality","all",0.08,"per year","Illustrative surplus-production fishing_mortality","higher-F-18","higher-F 18"
2041,"catch","all",177405.663439925,"t","Illustrative surplus-production catch","higher-F-18","higher-F 18"
2042,"total_biomass","all",2323288.42278988,"t","Illustrative surplus-production total_biomass","higher-F-18","higher-F 18"
2042,"biomass_depletion","all",0.736370274576648,"ratio","Illustrative surplus-production biomass_depletion","higher-F-18","higher-F 18"
2042,"fishing_mortality","all",0.08,"per year","Illustrative surplus-production fishing_mortality","higher-F-18","higher-F 18"
2042,"catch","all",178622.902341717,"t","Illustrative surplus-production catch","higher-F-18","higher-F 18"
2043,"total_biomass","all",2321494.39217242,"t","Illustrative surplus-production total_biomass","higher-F-18","higher-F 18"
2043,"biomass_depletion","all",0.735801653476736,"ratio","Illustrative surplus-production biomass_depletion","higher-F-18","higher-F 18"
2043,"fishing_mortality","all",0.08,"per year","Illustrative surplus-production fishing_mortality","higher-F-18","higher-F 18"
2043,"catch","all",178484.970713152,"t","Illustrative surplus-production catch","higher-F-18","higher-F 18"
2044,"total_biomass","all",2366271.07764294,"t","Illustrative surplus-production total_biomass","higher-F-18","higher-F 18"
2044,"biomass_depletion","all",0.749993701201473,"ratio","Illustrative surplus-production biomass_depletion","higher-F-18","higher-F 18"
2044,"fishing_mortality","all",0.08,"per year","Illustrative surplus-production fishing_mortality","higher-F-18","higher-F 18"
2044,"catch","all",181927.565888822,"t","Illustrative surplus-production catch","higher-F-18","higher-F 18"
2045,"total_biomass","all",2359303.61051272,"t","Illustrative surplus-production total_biomass","higher-F-18","higher-F 18"
2045,"biomass_depletion","all",0.747785350471766,"ratio","Illustrative surplus-production biomass_depletion","higher-F-18","higher-F 18"
2045,"fishing_mortality","all",0.08,"per year","Illustrative surplus-production fishing_mortality","higher-F-18","higher-F 18"
2045,"catch","all",181391.881559419,"t","Illustrative surplus-production catch","higher-F-18","higher-F 18"
2046,"total_biomass","all",2362347.85646431,"t","Illustrative surplus-production total_biomass","higher-F-18","higher-F 18"
2046,"biomass_depletion","all",0.748750229479151,"ratio","Illustrative surplus-production biomass_depletion","higher-F-18","higher-F 18"
2046,"fishing_mortality","all",0.08,"per year","Illustrative surplus-production fishing_mortality","higher-F-18","higher-F 18"
2046,"catch","all",181625.934310675,"t","Illustrative surplus-production catch","higher-F-18","higher-F 18"
2047,"total_biomass","all",2353583.30614239,"t","Illustrative surplus-production total_biomass","higher-F-18","higher-F 18"
2047,"biomass_depletion","all",0.745972290130861,"ratio","Illustrative surplus-production biomass_depletion","higher-F-18","higher-F 18"
2047,"fishing_mortality","all",0.08,"per year","Illustrative surplus-production fishing_mortality","higher-F-18","higher-F 18"
2047,"catch","all",180952.083659648,"t","Illustrative surplus-production catch","higher-F-18","higher-F 18"
2048,"total_biomass","all",2344308.22778852,"t","Illustrative surplus-production total_biomass","higher-F-18","higher-F 18"
2048,"biomass_depletion","all",0.743032538041901,"ratio","Illustrative surplus-production biomass_depletion","higher-F-18","higher-F 18"
2048,"fishing_mortality","all",0.08,"per year","Illustrative surplus-production fishing_mortality","higher-F-18","higher-F 18"
2048,"catch","all",180238.981748253,"t","Illustrative surplus-production catch","higher-F-18","higher-F 18"
2049,"total_biomass","all",2345015.38110495,"t","Illustrative surplus-production total_biomass","higher-F-18","higher-F 18"
2049,"biomass_depletion","all",0.743256671505779,"ratio","Illustrative surplus-production biomass_depletion","higher-F-18","higher-F 18"
2049,"fishing_mortality","all",0.08,"per year","Illustrative surplus-production fishing_mortality","higher-F-18","higher-F 18"
2049,"catch","all",180293.350278884,"t","Illustrative surplus-production catch","higher-F-18","higher-F 18"
2050,"total_biomass","all",2363660.4267188,"t","Illustrative surplus-production total_biomass","higher-F-18","higher-F 18"
2050,"biomass_depletion","all",0.74916625088623,"ratio","Illustrative surplus-production biomass_depletion","higher-F-18","higher-F 18"
2050,"fishing_mortality","all",0.08,"per year","Illustrative surplus-production fishing_mortality","higher-F-18","higher-F 18"
2050,"catch","all",181726.849507465,"t","Illustrative surplus-production catch","higher-F-18","higher-F 18"
2051,"total_biomass","all",2382810.28504434,"t","Illustrative surplus-production total_biomass","higher-F-18","higher-F 18"
2051,"biomass_depletion","all",0.755235831526738,"ratio","Illustrative surplus-production biomass_depletion","higher-F-18","higher-F 18"
2051,"fishing_mortality","all",0.08,"per year","Illustrative surplus-production fishing_mortality","higher-F-18","higher-F 18"
2051,"catch","all",183199.16058171,"t","Illustrative surplus-production catch","higher-F-18","higher-F 18"
2052,"total_biomass","all",2371661.87610068,"t","Illustrative surplus-production total_biomass","higher-F-18","higher-F 18"
2052,"biomass_depletion","all",0.751702324074798,"ratio","Illustrative surplus-production biomass_depletion","higher-F-18","higher-F 18"
2052,"fishing_mortality","all",0.08,"per year","Illustrative surplus-production fishing_mortality","higher-F-18","higher-F 18"
2052,"catch","all",182342.030170146,"t","Illustrative surplus-production catch","higher-F-18","higher-F 18"
2023,"total_biomass","all",902918.314809643,"t","Illustrative surplus-production total_biomass","higher-F-19","higher-F 19"
2023,"biomass_depletion","all",0.286181517918576,"ratio","Illustrative surplus-production biomass_depletion","higher-F-19","higher-F 19"
2023,"fishing_mortality","all",0.08,"per year","Illustrative surplus-production fishing_mortality","higher-F-19","higher-F 19"
2023,"catch","all",69419.6589569872,"t","Illustrative surplus-production catch","higher-F-19","higher-F 19"
2024,"total_biomass","all",1044943.31581653,"t","Illustrative surplus-production total_biomass","higher-F-19","higher-F 19"
2024,"biomass_depletion","all",0.331196587060358,"ratio","Illustrative surplus-production biomass_depletion","higher-F-19","higher-F 19"
2024,"fishing_mortality","all",0.08,"per year","Illustrative surplus-production fishing_mortality","higher-F-19","higher-F 19"
2024,"catch","all",80339.0599388382,"t","Illustrative surplus-production catch","higher-F-19","higher-F 19"
2025,"total_biomass","all",1200889.35003289,"t","Illustrative surplus-production total_biomass","higher-F-19","higher-F 19"
2025,"biomass_depletion","all",0.380623951699461,"ratio","Illustrative surplus-production biomass_depletion","higher-F-19","higher-F 19"
2025,"fishing_mortality","all",0.08,"per year","Illustrative surplus-production fishing_mortality","higher-F-19","higher-F 19"
2025,"catch","all",92328.7608159069,"t","Illustrative surplus-production catch","higher-F-19","higher-F 19"
2026,"total_biomass","all",1324294.71249794,"t","Illustrative surplus-production total_biomass","higher-F-19","higher-F 19"
2026,"biomass_depletion","all",0.419737494276105,"ratio","Illustrative surplus-production biomass_depletion","higher-F-19","higher-F 19"
2026,"fishing_mortality","all",0.08,"per year","Illustrative surplus-production fishing_mortality","higher-F-19","higher-F 19"
2026,"catch","all",101816.615957701,"t","Illustrative surplus-production catch","higher-F-19","higher-F 19"
2027,"total_biomass","all",1449364.93381024,"t","Illustrative surplus-production total_biomass","higher-F-19","higher-F 19"
2027,"biomass_depletion","all",0.4593787167372,"ratio","Illustrative surplus-production biomass_depletion","higher-F-19","higher-F 19"
2027,"fishing_mortality","all",0.08,"per year","Illustrative surplus-production fishing_mortality","higher-F-19","higher-F 19"
2027,"catch","all",111432.471530423,"t","Illustrative surplus-production catch","higher-F-19","higher-F 19"
2028,"total_biomass","all",1595436.82997781,"t","Illustrative surplus-production total_biomass","higher-F-19","higher-F 19"
2028,"biomass_depletion","all",0.505676456283323,"ratio","Illustrative surplus-production biomass_depletion","higher-F-19","higher-F 19"
2028,"fishing_mortality","all",0.08,"per year","Illustrative surplus-production fishing_mortality","higher-F-19","higher-F 19"
2028,"catch","all",122663.012598018,"t","Illustrative surplus-production catch","higher-F-19","higher-F 19"
2029,"total_biomass","all",1715806.28827071,"t","Illustrative surplus-production total_biomass","higher-F-19","higher-F 19"
2029,"biomass_depletion","all",0.543827763793971,"ratio","Illustrative surplus-production biomass_depletion","higher-F-19","higher-F 19"
2029,"fishing_mortality","all",0.08,"per year","Illustrative surplus-production fishing_mortality","higher-F-19","higher-F 19"
2029,"catch","all",131917.456335037,"t","Illustrative surplus-production catch","higher-F-19","higher-F 19"
2030,"total_biomass","all",1801842.70280192,"t","Illustrative surplus-production total_biomass","higher-F-19","higher-F 19"
2030,"biomass_depletion","all",0.571097153840627,"ratio","Illustrative surplus-production biomass_depletion","higher-F-19","higher-F 19"
2030,"fishing_mortality","all",0.08,"per year","Illustrative surplus-production fishing_mortality","higher-F-19","higher-F 19"
2030,"catch","all",138532.250227991,"t","Illustrative surplus-production catch","higher-F-19","higher-F 19"
2031,"total_biomass","all",1909362.96081219,"t","Illustrative surplus-production total_biomass","higher-F-19","higher-F 19"
2031,"biomass_depletion","all",0.60517588514963,"ratio","Illustrative surplus-production biomass_depletion","higher-F-19","higher-F 19"
2031,"fishing_mortality","all",0.08,"per year","Illustrative surplus-production fishing_mortality","higher-F-19","higher-F 19"
2031,"catch","all",146798.800501272,"t","Illustrative surplus-production catch","higher-F-19","higher-F 19"
2032,"total_biomass","all",1943154.50383596,"t","Illustrative surplus-production total_biomass","higher-F-19","higher-F 19"
2032,"biomass_depletion","all",0.615886173020347,"ratio","Illustrative surplus-production biomass_depletion","higher-F-19","higher-F 19"
2032,"fishing_mortality","all",0.08,"per year","Illustrative surplus-production fishing_mortality","higher-F-19","higher-F 19"
2032,"catch","all",149396.817790173,"t","Illustrative surplus-production catch","higher-F-19","higher-F 19"
2033,"total_biomass","all",2034001.35005957,"t","Illustrative surplus-production total_biomass","higher-F-19","higher-F 19"
2033,"biomass_depletion","all",0.644680237692597,"ratio","Illustrative surplus-production biomass_depletion","higher-F-19","higher-F 19"
2033,"fishing_mortality","all",0.08,"per year","Illustrative surplus-production fishing_mortality","higher-F-19","higher-F 19"
2033,"catch","all",156381.455247095,"t","Illustrative surplus-production catch","higher-F-19","higher-F 19"
2034,"total_biomass","all",2102265.80662922,"t","Illustrative surplus-production total_biomass","higher-F-19","higher-F 19"
2034,"biomass_depletion","all",0.666316774996757,"ratio","Illustrative surplus-production biomass_depletion","higher-F-19","higher-F 19"
2034,"fishing_mortality","all",0.08,"per year","Illustrative surplus-production fishing_mortality","higher-F-19","higher-F 19"
2034,"catch","all",161629.876080101,"t","Illustrative surplus-production catch","higher-F-19","higher-F 19"
2035,"total_biomass","all",2159364.26824355,"t","Illustrative surplus-production total_biomass","higher-F-19","higher-F 19"
2035,"biomass_depletion","all",0.684414230932237,"ratio","Illustrative surplus-production biomass_depletion","higher-F-19","higher-F 19"
2035,"fishing_mortality","all",0.08,"per year","Illustrative surplus-production fishing_mortality","higher-F-19","higher-F 19"
2035,"catch","all",166019.814424713,"t","Illustrative surplus-production catch","higher-F-19","higher-F 19"
2036,"total_biomass","all",2207509.33523319,"t","Illustrative surplus-production total_biomass","higher-F-19","higher-F 19"
2036,"biomass_depletion","all",0.699673892991802,"ratio","Illustrative surplus-production biomass_depletion","higher-F-19","higher-F 19"
2036,"fishing_mortality","all",0.08,"per year","Illustrative surplus-production fishing_mortality","higher-F-19","higher-F 19"
2036,"catch","all",169721.383078337,"t","Illustrative surplus-production catch","higher-F-19","higher-F 19"
2037,"total_biomass","all",2230538.84437963,"t","Illustrative surplus-production total_biomass","higher-F-19","higher-F 19"
2037,"biomass_depletion","all",0.706973135654563,"ratio","Illustrative surplus-production biomass_depletion","higher-F-19","higher-F 19"
2037,"fishing_mortality","all",0.08,"per year","Illustrative surplus-production fishing_mortality","higher-F-19","higher-F 19"
2037,"catch","all",171491.975882437,"t","Illustrative surplus-production catch","higher-F-19","higher-F 19"
2038,"total_biomass","all",2253231.76222456,"t","Illustrative surplus-production total_biomass","higher-F-19","higher-F 19"
2038,"biomass_depletion","all",0.714165695123504,"ratio","Illustrative surplus-production biomass_depletion","higher-F-19","higher-F 19"
2038,"fishing_mortality","all",0.08,"per year","Illustrative surplus-production fishing_mortality","higher-F-19","higher-F 19"
2038,"catch","all",173236.690317503,"t","Illustrative surplus-production catch","higher-F-19","higher-F 19"
2039,"total_biomass","all",2259308.83215745,"t","Illustrative surplus-production total_biomass","higher-F-19","higher-F 19"
2039,"biomass_depletion","all",0.716091832925082,"ratio","Illustrative surplus-production biomass_depletion","higher-F-19","higher-F 19"
2039,"fishing_mortality","all",0.08,"per year","Illustrative surplus-production fishing_mortality","higher-F-19","higher-F 19"
2039,"catch","all",173703.917657208,"t","Illustrative surplus-production catch","higher-F-19","higher-F 19"
2040,"total_biomass","all",2257505.75864001,"t","Illustrative surplus-production total_biomass","higher-F-19","higher-F 19"
2040,"biomass_depletion","all",0.715520345662418,"ratio","Illustrative surplus-production biomass_depletion","higher-F-19","higher-F 19"
2040,"fishing_mortality","all",0.08,"per year","Illustrative surplus-production fishing_mortality","higher-F-19","higher-F 19"
2040,"catch","all",173565.290777454,"t","Illustrative surplus-production catch","higher-F-19","higher-F 19"
2041,"total_biomass","all",2285816.54492313,"t","Illustrative surplus-production total_biomass","higher-F-19","higher-F 19"
2041,"biomass_depletion","all",0.72449349822681,"ratio","Illustrative surplus-production biomass_depletion","higher-F-19","higher-F 19"
2041,"fishing_mortality","all",0.08,"per year","Illustrative surplus-production fishing_mortality","higher-F-19","higher-F 19"
2041,"catch","all",175741.927463567,"t","Illustrative surplus-production catch","higher-F-19","higher-F 19"
2042,"total_biomass","all",2283119.14557555,"t","Illustrative surplus-production total_biomass","higher-F-19","higher-F 19"
2042,"biomass_depletion","all",0.723638552849069,"ratio","Illustrative surplus-production biomass_depletion","higher-F-19","higher-F 19"
2042,"fishing_mortality","all",0.08,"per year","Illustrative surplus-production fishing_mortality","higher-F-19","higher-F 19"
2042,"catch","all",175534.54154647,"t","Illustrative surplus-production catch","higher-F-19","higher-F 19"
2043,"total_biomass","all",2317723.55118978,"t","Illustrative surplus-production total_biomass","higher-F-19","higher-F 19"
2043,"biomass_depletion","all",0.734606478920475,"ratio","Illustrative surplus-production biomass_depletion","higher-F-19","higher-F 19"
2043,"fishing_mortality","all",0.08,"per year","Illustrative surplus-production fishing_mortality","higher-F-19","higher-F 19"
2043,"catch","all",178195.054681211,"t","Illustrative surplus-production catch","higher-F-19","higher-F 19"
2044,"total_biomass","all",2342088.43503399,"t","Illustrative surplus-production total_biomass","higher-F-19","higher-F 19"
2044,"biomass_depletion","all",0.742328970897965,"ratio","Illustrative surplus-production biomass_depletion","higher-F-19","higher-F 19"
2044,"fishing_mortality","all",0.08,"per year","Illustrative surplus-production fishing_mortality","higher-F-19","higher-F 19"
2044,"catch","all",180068.315971019,"t","Illustrative surplus-production catch","higher-F-19","higher-F 19"
2045,"total_biomass","all",2338715.57883265,"t","Illustrative surplus-production total_biomass","higher-F-19","higher-F 19"
2045,"biomass_depletion","all",0.741259938304886,"ratio","Illustrative surplus-production biomass_depletion","higher-F-19","higher-F 19"
2045,"fishing_mortality","all",0.08,"per year","Illustrative surplus-production fishing_mortality","higher-F-19","higher-F 19"
2045,"catch","all",179808.998463148,"t","Illustrative surplus-production catch","higher-F-19","higher-F 19"
2046,"total_biomass","all",2342360.64461602,"t","Illustrative surplus-production total_biomass","higher-F-19","higher-F 19"
2046,"biomass_depletion","all",0.742415248194705,"ratio","Illustrative surplus-production biomass_depletion","higher-F-19","higher-F 19"
2046,"fishing_mortality","all",0.08,"per year","Illustrative surplus-production fishing_mortality","higher-F-19","higher-F 19"
2046,"catch","all",180089.244438235,"t","Illustrative surplus-production catch","higher-F-19","higher-F 19"
2047,"total_biomass","all",2365676.53187111,"t","Illustrative surplus-production total_biomass","higher-F-19","higher-F 19"
2047,"biomass_depletion","all",0.749805258893165,"ratio","Illustrative surplus-production biomass_depletion","higher-F-19","higher-F 19"
2047,"fishing_mortality","all",0.08,"per year","Illustrative surplus-production fishing_mortality","higher-F-19","higher-F 19"
2047,"catch","all",181881.855037643,"t","Illustrative surplus-production catch","higher-F-19","higher-F 19"
2048,"total_biomass","all",2362220.8498581,"t","Illustrative surplus-production total_biomass","higher-F-19","higher-F 19"
2048,"biomass_depletion","all",0.748709974516157,"ratio","Illustrative surplus-production biomass_depletion","higher-F-19","higher-F 19"
2048,"fishing_mortality","all",0.08,"per year","Illustrative surplus-production fishing_mortality","higher-F-19","higher-F 19"
2048,"catch","all",181616.169578757,"t","Illustrative surplus-production catch","higher-F-19","higher-F 19"
2049,"total_biomass","all",2367211.62728591,"t","Illustrative surplus-production total_biomass","higher-F-19","higher-F 19"
2049,"biomass_depletion","all",0.750291810033784,"ratio","Illustrative surplus-production biomass_depletion","higher-F-19","higher-F 19"
2049,"fishing_mortality","all",0.08,"per year","Illustrative surplus-production fishing_mortality","higher-F-19","higher-F 19"
2049,"catch","all",181999.878781778,"t","Illustrative surplus-production catch","higher-F-19","higher-F 19"
2050,"total_biomass","all",2372427.3916692,"t","Illustrative surplus-production total_biomass","higher-F-19","higher-F 19"
2050,"biomass_depletion","all",0.751944955555185,"ratio","Illustrative surplus-production biomass_depletion","higher-F-19","higher-F 19"
2050,"fishing_mortality","all",0.08,"per year","Illustrative surplus-production fishing_mortality","higher-F-19","higher-F 19"
2050,"catch","all",182400.885803952,"t","Illustrative surplus-production catch","higher-F-19","higher-F 19"
2051,"total_biomass","all",2386482.92759551,"t","Illustrative surplus-production total_biomass","higher-F-19","higher-F 19"
2051,"biomass_depletion","all",0.756399881920698,"ratio","Illustrative surplus-production biomass_depletion","higher-F-19","higher-F 19"
2051,"fishing_mortality","all",0.08,"per year","Illustrative surplus-production fishing_mortality","higher-F-19","higher-F 19"
2051,"catch","all",183481.526759461,"t","Illustrative surplus-production catch","higher-F-19","higher-F 19"
2052,"total_biomass","all",2372442.80145046,"t","Illustrative surplus-production total_biomass","higher-F-19","higher-F 19"
2052,"biomass_depletion","all",0.751949839711943,"ratio","Illustrative surplus-production biomass_depletion","higher-F-19","higher-F 19"
2052,"fishing_mortality","all",0.08,"per year","Illustrative surplus-production fishing_mortality","higher-F-19","higher-F 19"
2052,"catch","all",182402.070564236,"t","Illustrative surplus-production catch","higher-F-19","higher-F 19"
2023,"total_biomass","all",902918.314809643,"t","Illustrative surplus-production total_biomass","higher-F-20","higher-F 20"
2023,"biomass_depletion","all",0.286181517918576,"ratio","Illustrative surplus-production biomass_depletion","higher-F-20","higher-F 20"
2023,"fishing_mortality","all",0.08,"per year","Illustrative surplus-production fishing_mortality","higher-F-20","higher-F 20"
2023,"catch","all",69419.6589569872,"t","Illustrative surplus-production catch","higher-F-20","higher-F 20"
2024,"total_biomass","all",1018846.67248678,"t","Illustrative surplus-production total_biomass","higher-F-20","higher-F 20"
2024,"biomass_depletion","all",0.322925210925671,"ratio","Illustrative surplus-production biomass_depletion","higher-F-20","higher-F 20"
2024,"fishing_mortality","all",0.08,"per year","Illustrative surplus-production fishing_mortality","higher-F-20","higher-F 20"
2024,"catch","all",78332.654652602,"t","Illustrative surplus-production catch","higher-F-20","higher-F 20"
2025,"total_biomass","all",1125161.99685443,"t","Illustrative surplus-production total_biomass","higher-F-20","higher-F 20"
2025,"biomass_depletion","all",0.356622036437461,"ratio","Illustrative surplus-production biomass_depletion","higher-F-20","higher-F 20"
2025,"fishing_mortality","all",0.08,"per year","Illustrative surplus-production fishing_mortality","higher-F-20","higher-F 20"
2025,"catch","all",86506.565225077,"t","Illustrative surplus-production catch","higher-F-20","higher-F 20"
2026,"total_biomass","all",1219989.91180805,"t","Illustrative surplus-production total_biomass","higher-F-20","higher-F 20"
2026,"biomass_depletion","all",0.386677907713262,"ratio","Illustrative surplus-production biomass_depletion","higher-F-20","higher-F 20"
2026,"fishing_mortality","all",0.08,"per year","Illustrative surplus-production fishing_mortality","higher-F-20","higher-F 20"
2026,"catch","all",93797.2817912489,"t","Illustrative surplus-production catch","higher-F-20","higher-F 20"
2027,"total_biomass","all",1336638.88516192,"t","Illustrative surplus-production total_biomass","higher-F-20","higher-F 20"
2027,"biomass_depletion","all",0.423650001102565,"ratio","Illustrative surplus-production biomass_depletion","higher-F-20","higher-F 20"
2027,"fishing_mortality","all",0.08,"per year","Illustrative surplus-production fishing_mortality","higher-F-20","higher-F 20"
2027,"catch","all",102765.681052942,"t","Illustrative surplus-production catch","higher-F-20","higher-F 20"
2028,"total_biomass","all",1465353.02480795,"t","Illustrative surplus-production total_biomass","higher-F-20","higher-F 20"
2028,"biomass_depletion","all",0.464446169767335,"ratio","Illustrative surplus-production biomass_depletion","higher-F-20","higher-F 20"
2028,"fishing_mortality","all",0.08,"per year","Illustrative surplus-production fishing_mortality","higher-F-20","higher-F 20"
2028,"catch","all",112661.69438063,"t","Illustrative surplus-production catch","higher-F-20","higher-F 20"
2029,"total_biomass","all",1574848.63765191,"t","Illustrative surplus-production total_biomass","higher-F-20","higher-F 20"
2029,"biomass_depletion","all",0.499150993199468,"ratio","Illustrative surplus-production biomass_depletion","higher-F-20","higher-F 20"
2029,"fishing_mortality","all",0.08,"per year","Illustrative surplus-production fishing_mortality","higher-F-20","higher-F 20"
2029,"catch","all",121080.117150708,"t","Illustrative surplus-production catch","higher-F-20","higher-F 20"
2030,"total_biomass","all",1688925.43654621,"t","Illustrative surplus-production total_biomass","higher-F-20","higher-F 20"
2030,"biomass_depletion","all",0.535307831455371,"ratio","Illustrative surplus-production biomass_depletion","higher-F-20","higher-F 20"
2030,"fishing_mortality","all",0.08,"per year","Illustrative surplus-production fishing_mortality","higher-F-20","higher-F 20"
2030,"catch","all",129850.758242219,"t","Illustrative surplus-production catch","higher-F-20","higher-F 20"
2031,"total_biomass","all",1796968.51104485,"t","Illustrative surplus-production total_biomass","higher-F-20","higher-F 20"
2031,"biomass_depletion","all",0.569552270352514,"ratio","Illustrative surplus-production biomass_depletion","higher-F-20","higher-F 20"
2031,"fishing_mortality","all",0.08,"per year","Illustrative surplus-production fishing_mortality","higher-F-20","higher-F 20"
2031,"catch","all",138157.504557295,"t","Illustrative surplus-production catch","higher-F-20","higher-F 20"
2032,"total_biomass","all",1910332.48638429,"t","Illustrative surplus-production total_biomass","higher-F-20","higher-F 20"
2032,"biomass_depletion","all",0.60548317795268,"ratio","Illustrative surplus-production biomass_depletion","higher-F-20","higher-F 20"
2032,"fishing_mortality","all",0.08,"per year","Illustrative surplus-production fishing_mortality","higher-F-20","higher-F 20"
2032,"catch","all",146873.341169526,"t","Illustrative surplus-production catch","higher-F-20","higher-F 20"
2033,"total_biomass","all",1958266.86149302,"t","Illustrative surplus-production total_biomass","higher-F-20","higher-F 20"
2033,"biomass_depletion","all",0.620676060857029,"ratio","Illustrative surplus-production biomass_depletion","higher-F-20","higher-F 20"
2033,"fishing_mortality","all",0.08,"per year","Illustrative surplus-production fishing_mortality","higher-F-20","higher-F 20"
2033,"catch","all",150558.711061559,"t","Illustrative surplus-production catch","higher-F-20","higher-F 20"
2034,"total_biomass","all",2071978.90283189,"t","Illustrative surplus-production total_biomass","higher-F-20","higher-F 20"
2034,"biomass_depletion","all",0.656717288576327,"ratio","Illustrative surplus-production biomass_depletion","higher-F-20","higher-F 20"
2034,"fishing_mortality","all",0.08,"per year","Illustrative surplus-production fishing_mortality","higher-F-20","higher-F 20"
2034,"catch","all",159301.308259526,"t","Illustrative surplus-production catch","higher-F-20","higher-F 20"
2035,"total_biomass","all",2127361.59450071,"t","Illustrative surplus-production total_biomass","higher-F-20","higher-F 20"
2035,"biomass_depletion","all",0.674270928266911,"ratio","Illustrative surplus-production biomass_depletion","higher-F-20","higher-F 20"
2035,"fishing_mortality","all",0.08,"per year","Illustrative surplus-production fishing_mortality","higher-F-20","higher-F 20"
2035,"catch","all",163559.331941967,"t","Illustrative surplus-production catch","higher-F-20","higher-F 20"
2036,"total_biomass","all",2187801.7699497,"t","Illustrative surplus-production total_biomass","higher-F-20","higher-F 20"
2036,"biomass_depletion","all",0.693427546168614,"ratio","Illustrative surplus-production biomass_depletion","higher-F-20","higher-F 20"
2036,"fishing_mortality","all",0.08,"per year","Illustrative surplus-production fishing_mortality","higher-F-20","higher-F 20"
2036,"catch","all",168206.193455518,"t","Illustrative surplus-production catch","higher-F-20","higher-F 20"
2037,"total_biomass","all",2193412.15136026,"t","Illustrative surplus-production total_biomass","higher-F-20","higher-F 20"
2037,"biomass_depletion","all",0.695205766237742,"ratio","Illustrative surplus-production biomass_depletion","higher-F-20","higher-F 20"
2037,"fishing_mortality","all",0.08,"per year","Illustrative surplus-production fishing_mortality","higher-F-20","higher-F 20"
2037,"catch","all",168637.540076527,"t","Illustrative surplus-production catch","higher-F-20","higher-F 20"
2038,"total_biomass","all",2251210.78115,"t","Illustrative surplus-production total_biomass","higher-F-20","higher-F 20"
2038,"biomass_depletion","all",0.713525141684597,"ratio","Illustrative surplus-production biomass_depletion","higher-F-20","higher-F 20"
2038,"fishing_mortality","all",0.08,"per year","Illustrative surplus-production fishing_mortality","higher-F-20","higher-F 20"
2038,"catch","all",173081.309908607,"t","Illustrative surplus-production catch","higher-F-20","higher-F 20"
2039,"total_biomass","all",2272483.20764867,"t","Illustrative surplus-production total_biomass","higher-F-20","higher-F 20"
2039,"biomass_depletion","all",0.720267473970199,"ratio","Illustrative surplus-production biomass_depletion","higher-F-20","higher-F 20"
2039,"fishing_mortality","all",0.08,"per year","Illustrative surplus-production fishing_mortality","higher-F-20","higher-F 20"
2039,"catch","all",174716.811779047,"t","Illustrative surplus-production catch","higher-F-20","higher-F 20"
2040,"total_biomass","all",2280364.19674054,"t","Illustrative surplus-production total_biomass","higher-F-20","higher-F 20"
2040,"biomass_depletion","all",0.722765367061984,"ratio","Illustrative surplus-production biomass_depletion","higher-F-20","higher-F 20"
2040,"fishing_mortality","all",0.08,"per year","Illustrative surplus-production fishing_mortality","higher-F-20","higher-F 20"
2040,"catch","all",175322.731014517,"t","Illustrative surplus-production catch","higher-F-20","higher-F 20"
2041,"total_biomass","all",2285079.35425852,"t","Illustrative surplus-production total_biomass","higher-F-20","higher-F 20"
2041,"biomass_depletion","all",0.724259844373596,"ratio","Illustrative surplus-production biomass_depletion","higher-F-20","higher-F 20"
2041,"fishing_mortality","all",0.08,"per year","Illustrative surplus-production fishing_mortality","higher-F-20","higher-F 20"
2041,"catch","all",175685.249551862,"t","Illustrative surplus-production catch","higher-F-20","higher-F 20"
2042,"total_biomass","all",2296355.33083711,"t","Illustrative surplus-production total_biomass","higher-F-20","higher-F 20"
2042,"biomass_depletion","all",0.727833784607554,"ratio","Illustrative surplus-production biomass_depletion","higher-F-20","higher-F 20"
2042,"fishing_mortality","all",0.08,"per year","Illustrative surplus-production fishing_mortality","higher-F-20","higher-F 20"
2042,"catch","all",176552.187829283,"t","Illustrative surplus-production catch","higher-F-20","higher-F 20"
2043,"total_biomass","all",2294844.65148944,"t","Illustrative surplus-production total_biomass","higher-F-20","higher-F 20"
2043,"biomass_depletion","all",0.727354972181541,"ratio","Illustrative surplus-production biomass_depletion","higher-F-20","higher-F 20"
2043,"fishing_mortality","all",0.08,"per year","Illustrative surplus-production fishing_mortality","higher-F-20","higher-F 20"
2043,"catch","all",176436.041281595,"t","Illustrative surplus-production catch","higher-F-20","higher-F 20"
2044,"total_biomass","all",2295947.15805631,"t","Illustrative surplus-production total_biomass","higher-F-20","higher-F 20"
2044,"biomass_depletion","all",0.727704413540353,"ratio","Illustrative surplus-production biomass_depletion","higher-F-20","higher-F 20"
2044,"fishing_mortality","all",0.08,"per year","Illustrative surplus-production fishing_mortality","higher-F-20","higher-F 20"
2044,"catch","all",176520.806014589,"t","Illustrative surplus-production catch","higher-F-20","higher-F 20"
2045,"total_biomass","all",2281183.00386625,"t","Illustrative surplus-production total_biomass","higher-F-20","higher-F 20"
2045,"biomass_depletion","all",0.723024889393378,"ratio","Illustrative surplus-production biomass_depletion","higher-F-20","higher-F 20"
2045,"fishing_mortality","all",0.08,"per year","Illustrative surplus-production fishing_mortality","higher-F-20","higher-F 20"
2045,"catch","all",175385.683897946,"t","Illustrative surplus-production catch","higher-F-20","higher-F 20"
2046,"total_biomass","all",2290977.82094319,"t","Illustrative surplus-production total_biomass","higher-F-20","higher-F 20"
2046,"biomass_depletion","all",0.726129373567461,"ratio","Illustrative surplus-production biomass_depletion","higher-F-20","higher-F 20"
2046,"fishing_mortality","all",0.08,"per year","Illustrative surplus-production fishing_mortality","higher-F-20","higher-F 20"
2046,"catch","all",176138.745221296,"t","Illustrative surplus-production catch","higher-F-20","higher-F 20"
2047,"total_biomass","all",2288473.48911145,"t","Illustrative surplus-production total_biomass","higher-F-20","higher-F 20"
2047,"biomass_depletion","all",0.725335621272015,"ratio","Illustrative surplus-production biomass_depletion","higher-F-20","higher-F 20"
2047,"fishing_mortality","all",0.08,"per year","Illustrative surplus-production fishing_mortality","higher-F-20","higher-F 20"
2047,"catch","all",175946.203040212,"t","Illustrative surplus-production catch","higher-F-20","higher-F 20"
2048,"total_biomass","all",2283170.22101536,"t","Illustrative surplus-production total_biomass","higher-F-20","higher-F 20"
2048,"biomass_depletion","all",0.723654741297853,"ratio","Illustrative surplus-production biomass_depletion","higher-F-20","higher-F 20"
2048,"fishing_mortality","all",0.08,"per year","Illustrative surplus-production fishing_mortality","higher-F-20","higher-F 20"
2048,"catch","all",175538.468412893,"t","Illustrative surplus-production catch","higher-F-20","higher-F 20"
2049,"total_biomass","all",2285615.78061499,"t","Illustrative surplus-production total_biomass","higher-F-20","higher-F 20"
2049,"biomass_depletion","all",0.724429865632916,"ratio","Illustrative surplus-production biomass_depletion","higher-F-20","higher-F 20"
2049,"fishing_mortality","all",0.08,"per year","Illustrative surplus-production fishing_mortality","higher-F-20","higher-F 20"
2049,"catch","all",175726.491970042,"t","Illustrative surplus-production catch","higher-F-20","higher-F 20"
2050,"total_biomass","all",2310590.41782188,"t","Illustrative surplus-production total_biomass","higher-F-20","higher-F 20"
2050,"biomass_depletion","all",0.732345619990873,"ratio","Illustrative surplus-production biomass_depletion","higher-F-20","higher-F 20"
2050,"fishing_mortality","all",0.08,"per year","Illustrative surplus-production fishing_mortality","higher-F-20","higher-F 20"
2050,"catch","all",177646.633326176,"t","Illustrative surplus-production catch","higher-F-20","higher-F 20"
2051,"total_biomass","all",2308432.04298663,"t","Illustrative surplus-production total_biomass","higher-F-20","higher-F 20"
2051,"biomass_depletion","all",0.731661519362435,"ratio","Illustrative surplus-production biomass_depletion","higher-F-20","higher-F 20"
2051,"fishing_mortality","all",0.08,"per year","Illustrative surplus-production fishing_mortality","higher-F-20","higher-F 20"
2051,"catch","all",177480.689582975,"t","Illustrative surplus-production catch","higher-F-20","higher-F 20"
2052,"total_biomass","all",2341932.47189671,"t","Illustrative surplus-production total_biomass","higher-F-20","higher-F 20"
2052,"biomass_depletion","all",0.742279538112483,"ratio","Illustrative surplus-production biomass_depletion","higher-F-20","higher-F 20"
2052,"fishing_mortality","all",0.08,"per year","Illustrative surplus-production fishing_mortality","higher-F-20","higher-F 20"
2052,"catch","all",180056.324955197,"t","Illustrative surplus-production catch","higher-F-20","higher-F 20"
